cohort,asset,venue,trade_id,side,strategy_id,net_bps,hold_min,chunk_idx,n_bars,spectral_entropy,range_atr,realized_vol,ret_std,spectral_energy,ret_mean,mean_dipole,archetype
WIN,BTC,Coinbase,h150-156|5m|slice_01_h150_pass01_liquidity_squeeze_20260518_143829|route_evidence|217,buy,LIQUIDITY_SQUEEZE,182.5687049526648,80.0,0,37,0.9319024113263334,0.0014979947215023805,0.0012103101237804531,0.0012103101237804531,7.517176301942079e-07,0.0004292219106680268,0.10054860531415409,MIXED
WIN,BTC,Coinbase,h150-156|5m|slice_01_h150_pass01_liquidity_squeeze_20260518_143829|route_evidence|217,buy,LIQUIDITY_SQUEEZE,182.5687049526648,80.0,1,24,0.8895130589273621,0.0009127793880107455,0.0006792686924273307,0.0006792686924273307,2.307029782559477e-07,6.103006870098991e-05,-0.13358466115305623,WIN_SHAPE
WIN,BTC,Coinbase,h150-156|5m|slice_01_h150_pass01_liquidity_squeeze_20260518_143829|route_evidence|217,buy,LIQUIDITY_SQUEEZE,182.5687049526648,80.0,2,20,0.8611717874171182,0.0011350163437818268,0.000796991160558422,0.000796991160558422,3.1759745500409675e-07,4.5163385436901804e-05,-0.07896905419493112,WIN_SHAPE
WIN,BTC,Coinbase,h150-156|15m|slice_01_h150_pass01_news_breakout_20260518_142615|route_evidence|73,buy,NEWS_BREAKOUT,178.1002913040858,90.0,0,37,0.9319024113263334,0.0014979947215023805,0.0012103101237804531,0.0012103101237804531,7.517176301942079e-07,0.0004292219106680268,0.10054860531415409,MIXED
WIN,BTC,Coinbase,h150-156|15m|slice_01_h150_pass01_news_breakout_20260518_142615|route_evidence|73,buy,NEWS_BREAKOUT,178.1002913040858,90.0,1,24,0.8895130589273621,0.0009127793880107455,0.0006792686924273307,0.0006792686924273307,2.307029782559477e-07,6.103006870098991e-05,-0.13358466115305623,WIN_SHAPE
WIN,BTC,Coinbase,h150-156|15m|slice_01_h150_pass01_news_breakout_20260518_142615|route_evidence|73,buy,NEWS_BREAKOUT,178.1002913040858,90.0,2,30,0.9116624037863679,0.000971724799005593,0.0007025016738045027,0.0007025016738045027,2.4675430084904697e-07,1.4472001605735708e-05,-0.17107061236718438,WIN_SHAPE
WIN,BTC,Coinbase,h150-156|15m|slice_01_h150_pass01_mean_reversion_chop_20260518_142615|route_evidence|73,buy,MEAN_REVERSION_CHOP,178.1002913040858,90.0,0,37,0.9319024113263334,0.0014979947215023805,0.0012103101237804531,0.0012103101237804531,7.517176301942079e-07,0.0004292219106680268,0.10054860531415409,MIXED
WIN,BTC,Coinbase,h150-156|15m|slice_01_h150_pass01_mean_reversion_chop_20260518_142615|route_evidence|73,buy,MEAN_REVERSION_CHOP,178.1002913040858,90.0,1,24,0.8895130589273621,0.0009127793880107455,0.0006792686924273307,0.0006792686924273307,2.307029782559477e-07,6.103006870098991e-05,-0.13358466115305623,WIN_SHAPE
WIN,BTC,Coinbase,h150-156|15m|slice_01_h150_pass01_mean_reversion_chop_20260518_142615|route_evidence|73,buy,MEAN_REVERSION_CHOP,178.1002913040858,90.0,2,30,0.9116624037863679,0.000971724799005593,0.0007025016738045027,0.0007025016738045027,2.4675430084904697e-07,1.4472001605735708e-05,-0.17107061236718438,WIN_SHAPE
WIN,BTC,Coinbase,h150-156|15m|slice_01_h150_pass01_liquidity_squeeze_20260518_142615|route_evidence|73,buy,LIQUIDITY_SQUEEZE,178.09069746319267,90.0,0,37,0.9319024113263334,0.0014979947215023805,0.0012103101237804531,0.0012103101237804531,7.517176301942079e-07,0.0004292219106680268,0.10054860531415409,MIXED
WIN,BTC,Coinbase,h150-156|15m|slice_01_h150_pass01_liquidity_squeeze_20260518_142615|route_evidence|73,buy,LIQUIDITY_SQUEEZE,178.09069746319267,90.0,1,24,0.8895130589273621,0.0009127793880107455,0.0006792686924273307,0.0006792686924273307,2.307029782559477e-07,6.103006870098991e-05,-0.13358466115305623,WIN_SHAPE
WIN,BTC,Coinbase,h150-156|15m|slice_01_h150_pass01_liquidity_squeeze_20260518_142615|route_evidence|73,buy,LIQUIDITY_SQUEEZE,178.09069746319267,90.0,2,30,0.9116624037863679,0.000971724799005593,0.0007025016738045027,0.0007025016738045027,2.4675430084904697e-07,1.4472001605735708e-05,-0.17107061236718438,WIN_SHAPE
WIN,BTC,Coinbase,h150-156|5m|slice_01_h150_pass01_liquidity_squeeze_20260518_143829|route_evidence|223,buy,LIQUIDITY_SQUEEZE,151.30203851863808,75.0,0,32,0.8907945927623876,0.00135941374337767,0.0010710969145951584,0.0010710969145951584,5.736243002275973e-07,0.00039934236102817476,0.047085548608247485,MIXED
WIN,BTC,Coinbase,h150-156|5m|slice_01_h150_pass01_liquidity_squeeze_20260518_143829|route_evidence|223,buy,LIQUIDITY_SQUEEZE,151.30203851863808,75.0,1,24,0.8895130589273621,0.0009127793880107455,0.0006792686924273307,0.0006792686924273307,2.307029782559477e-07,6.103006870098991e-05,-0.13358466115305623,WIN_SHAPE
WIN,BTC,Coinbase,h150-156|5m|slice_01_h150_pass01_liquidity_squeeze_20260518_143829|route_evidence|223,buy,LIQUIDITY_SQUEEZE,151.30203851863808,75.0,2,20,0.8611717874171182,0.0011350163437818268,0.000796991160558422,0.000796991160558422,3.1759745500409675e-07,4.5163385436901804e-05,-0.07896905419493112,WIN_SHAPE
WIN,BTC,Coinbase,h150-156|5m|slice_01_h150_pass01_news_breakout_20260518_143829|route_evidence|217,buy,NEWS_BREAKOUT,141.9430521670851,40.0,0,41,0.9075536468911787,0.001426030939603872,0.0011643543964756455,0.0011643543964756455,6.971477208114783e-07,0.0003771105445898648,0.07862740540572963,MIXED
WIN,BTC,Coinbase,h150-156|5m|slice_01_h150_pass01_mean_reversion_chop_20260518_143829|route_evidence|217,buy,MEAN_REVERSION_CHOP,141.9430521670851,40.0,0,41,0.9075536468911787,0.001426030939603872,0.0011643543964756455,0.0011643543964756455,6.971477208114783e-07,0.0003771105445898648,0.07862740540572963,MIXED
WIN,BTC,Coinbase,h150-156|5m|slice_01_h150_pass01_news_breakout_20260518_143829|route_evidence|223,buy,NEWS_BREAKOUT,110.8063800741524,35.0,0,20,0.8965280961646234,0.0011026256663412659,0.0007087261019489974,0.0007087261019489974,2.5114634379188395e-07,0.00020899011793047194,-0.011549936989749366,WIN_SHAPE
WIN,BTC,Coinbase,h150-156|5m|slice_01_h150_pass01_news_breakout_20260518_143829|route_evidence|223,buy,NEWS_BREAKOUT,110.8063800741524,35.0,1,16,0.8093091313144706,0.001530636893089425,0.0013317005492036152,0.0013317005492036152,8.867131763744869e-07,0.0005159064171979347,0.07757259501688248,LOSE_LEAN
WIN,BTC,Coinbase,h150-156|5m|slice_01_h150_pass01_mean_reversion_chop_20260518_143829|route_evidence|223,buy,MEAN_REVERSION_CHOP,110.8063800741524,35.0,0,20,0.8965280961646234,0.0011026256663412659,0.0007087261019489974,0.0007087261019489974,2.5114634379188395e-07,0.00020899011793047194,-0.011549936989749366,WIN_SHAPE
WIN,BTC,Coinbase,h150-156|5m|slice_01_h150_pass01_mean_reversion_chop_20260518_143829|route_evidence|223,buy,MEAN_REVERSION_CHOP,110.8063800741524,35.0,1,16,0.8093091313144706,0.001530636893089425,0.0013317005492036152,0.0013317005492036152,8.867131763744869e-07,0.0005159064171979347,0.07757259501688248,LOSE_LEAN
WIN,BTC,Coinbase,h150-156|5m|slice_01_h150_pass01_liquidity_squeeze_20260518_143829|route_evidence|247,buy,LIQUIDITY_SQUEEZE,107.98597976176954,55.0,0,17,0.8541517109897511,0.0014828664314889134,0.00129727904211149,0.00129727904211149,9.55149753665351e-07,0.00047907734589158757,0.056298193969906984,MIXED
WIN,BTC,Coinbase,h150-156|5m|slice_01_h150_pass01_liquidity_squeeze_20260518_143829|route_evidence|247,buy,LIQUIDITY_SQUEEZE,107.98597976176954,55.0,1,19,0.8671347526351437,0.0009550896020108677,0.0007512644579989847,0.0007512644579989847,2.8800647441057203e-07,8.613442141906329e-05,-0.12765078262646642,WIN_SHAPE
WIN,BTC,Coinbase,h150-156|5m|slice_01_h150_pass01_liquidity_squeeze_20260518_143829|route_evidence|247,buy,LIQUIDITY_SQUEEZE,107.98597976176954,55.0,2,20,0.8611717874171182,0.0011350163437818268,0.000796991160558422,0.000796991160558422,3.1759745500409675e-07,4.5163385436901804e-05,-0.07896905419493112,WIN_SHAPE
LOSE,BTC,Coinbase,h150-156|15m|slice_01_h150_pass01_basis_dislocation_20260518_142615|route_evidence|73,sell,BASIS_DISLOCATION,-85.33757834319931,15.0,0,16,0.8186463553454725,0.0016365159826842355,0.001253388044748805,0.001253388044748805,7.85490795359511e-07,0.0005001107008698824,0.2231932462065547,LOSE_LEAN
LOSE,BTC,Coinbase,h150-156|15m|slice_01_h150_pass01_relative_strength_20260518_142615|route_evidence|73,sell,RELATIVE_STRENGTH,-85.33757834319931,15.0,0,16,0.8186463553454725,0.0016365159826842355,0.001253388044748805,0.001253388044748805,7.85490795359511e-07,0.0005001107008698824,0.2231932462065547,LOSE_LEAN
LOSE,BTC,Coinbase,h150-156|15m|slice_01_h150_pass01_vol_breakout_20260518_142615|route_evidence|73,sell,VOL_BREAKOUT,-85.33757834319931,15.0,0,16,0.8186463553454725,0.0016365159826842355,0.001253388044748805,0.001253388044748805,7.85490795359511e-07,0.0005001107008698824,0.2231932462065547,LOSE_LEAN
WIN,BTC,Bybit,h150-156|5m|slice_01_h150_pass01_liquidity_squeeze_20260518_143829|route_evidence|219,buy,LIQUIDITY_SQUEEZE,181.27710562040596,80.0,0,20,0.8815046133644042,0.0016147405065313303,0.001171816361827478,0.001171816361827478,6.865767929232211e-07,0.0003983502993563093,0.1305395923377247,MIXED
WIN,BTC,Bybit,h150-156|5m|slice_01_h150_pass01_liquidity_squeeze_20260518_143829|route_evidence|219,buy,LIQUIDITY_SQUEEZE,181.27710562040596,80.0,1,16,0.8303414213194799,0.0015722820328442407,0.0012999730890120894,0.0012999730890120894,8.449650160777044e-07,0.0005503400739961251,0.19346613847669206,LOSE_LEAN
WIN,BTC,Bybit,h150-156|5m|slice_01_h150_pass01_liquidity_squeeze_20260518_143829|route_evidence|219,buy,LIQUIDITY_SQUEEZE,181.27710562040596,80.0,2,16,0.8089926460825958,0.0008137873216199236,0.00038717838974994115,0.00038717838974994115,7.49535527446687e-08,-1.0740896045883612e-05,-0.09243005170274815,WIN_LEAN
WIN,BTC,Bybit,h150-156|5m|slice_01_h150_pass01_liquidity_squeeze_20260518_143829|route_evidence|219,buy,LIQUIDITY_SQUEEZE,181.27710562040596,80.0,3,29,0.8936466207317006,0.0012494004988609282,0.0009092616045887135,0.0009092616045887135,4.4252573861160446e-07,0.00017920998849036657,-0.06216374236050914,WIN_LEAN
WIN,BTC,Bybit,h150-156|15m|slice_01_h150_pass01_news_breakout_20260518_142615|route_evidence|75,buy,NEWS_BREAKOUT,176.077997478497,90.0,0,20,0.8815046133644042,0.0016147405065313303,0.001171816361827478,0.001171816361827478,6.865767929232211e-07,0.0003983502993563093,0.1305395923377247,MIXED
WIN,BTC,Bybit,h150-156|15m|slice_01_h150_pass01_news_breakout_20260518_142615|route_evidence|75,buy,NEWS_BREAKOUT,176.077997478497,90.0,1,16,0.8303414213194799,0.0015722820328442407,0.0012999730890120894,0.0012999730890120894,8.449650160777044e-07,0.0005503400739961251,0.19346613847669206,LOSE_LEAN
WIN,BTC,Bybit,h150-156|15m|slice_01_h150_pass01_news_breakout_20260518_142615|route_evidence|75,buy,NEWS_BREAKOUT,176.077997478497,90.0,2,16,0.8089926460825958,0.0008137873216199236,0.00038717838974994115,0.00038717838974994115,7.49535527446687e-08,-1.0740896045883612e-05,-0.09243005170274815,WIN_LEAN
WIN,BTC,Bybit,h150-156|15m|slice_01_h150_pass01_news_breakout_20260518_142615|route_evidence|75,buy,NEWS_BREAKOUT,176.077997478497,90.0,3,39,0.9324703584815528,0.0011118096122482363,0.0008248568118236832,0.0008248568118236832,3.6113345687509255e-07,0.00011863736445846671,-0.12126686439055694,WIN_SHAPE
WIN,BTC,Bybit,h150-156|15m|slice_01_h150_pass01_mean_reversion_chop_20260518_142615|route_evidence|75,buy,MEAN_REVERSION_CHOP,176.077997478497,90.0,0,20,0.8815046133644042,0.0016147405065313303,0.001171816361827478,0.001171816361827478,6.865767929232211e-07,0.0003983502993563093,0.1305395923377247,MIXED
WIN,BTC,Bybit,h150-156|15m|slice_01_h150_pass01_mean_reversion_chop_20260518_142615|route_evidence|75,buy,MEAN_REVERSION_CHOP,176.077997478497,90.0,1,16,0.8303414213194799,0.0015722820328442407,0.0012999730890120894,0.0012999730890120894,8.449650160777044e-07,0.0005503400739961251,0.19346613847669206,LOSE_LEAN
WIN,BTC,Bybit,h150-156|15m|slice_01_h150_pass01_mean_reversion_chop_20260518_142615|route_evidence|75,buy,MEAN_REVERSION_CHOP,176.077997478497,90.0,2,16,0.8089926460825958,0.0008137873216199236,0.00038717838974994115,0.00038717838974994115,7.49535527446687e-08,-1.0740896045883612e-05,-0.09243005170274815,WIN_LEAN
WIN,BTC,Bybit,h150-156|15m|slice_01_h150_pass01_mean_reversion_chop_20260518_142615|route_evidence|75,buy,MEAN_REVERSION_CHOP,176.077997478497,90.0,3,39,0.9324703584815528,0.0011118096122482363,0.0008248568118236832,0.0008248568118236832,3.6113345687509255e-07,0.00011863736445846671,-0.12126686439055694,WIN_SHAPE
WIN,BTC,Bybit,h150-156|15m|slice_01_h150_pass01_liquidity_squeeze_20260518_142615|route_evidence|75,buy,LIQUIDITY_SQUEEZE,176.06839440925984,90.0,0,20,0.8815046133644042,0.0016147405065313303,0.001171816361827478,0.001171816361827478,6.865767929232211e-07,0.0003983502993563093,0.1305395923377247,MIXED
WIN,BTC,Bybit,h150-156|15m|slice_01_h150_pass01_liquidity_squeeze_20260518_142615|route_evidence|75,buy,LIQUIDITY_SQUEEZE,176.06839440925984,90.0,1,16,0.8303414213194799,0.0015722820328442407,0.0012999730890120894,0.0012999730890120894,8.449650160777044e-07,0.0005503400739961251,0.19346613847669206,LOSE_LEAN
WIN,BTC,Bybit,h150-156|15m|slice_01_h150_pass01_liquidity_squeeze_20260518_142615|route_evidence|75,buy,LIQUIDITY_SQUEEZE,176.06839440925984,90.0,2,16,0.8089926460825958,0.0008137873216199236,0.00038717838974994115,0.00038717838974994115,7.49535527446687e-08,-1.0740896045883612e-05,-0.09243005170274815,WIN_LEAN
WIN,BTC,Bybit,h150-156|15m|slice_01_h150_pass01_liquidity_squeeze_20260518_142615|route_evidence|75,buy,LIQUIDITY_SQUEEZE,176.06839440925984,90.0,3,39,0.9324703584815528,0.0011118096122482363,0.0008248568118236832,0.0008248568118236832,3.6113345687509255e-07,0.00011863736445846671,-0.12126686439055694,WIN_SHAPE
WIN,BTC,Bybit,h150-156|5m|slice_01_h150_pass01_liquidity_squeeze_20260518_143829|route_evidence|225,buy,LIQUIDITY_SQUEEZE,150.73439039523802,75.0,0,17,0.8815134100862884,0.0012869336993851313,0.0007842024692194657,0.0007842024692194657,3.272294803700281e-07,0.0002895243331367814,0.15678543028461944,WIN_LEAN
WIN,BTC,Bybit,h150-156|5m|slice_01_h150_pass01_liquidity_squeeze_20260518_143829|route_evidence|225,buy,LIQUIDITY_SQUEEZE,150.73439039523802,75.0,1,16,0.814947231344889,0.0016082371816555467,0.0012976446494097587,0.0012976446494097587,8.419408180707759e-07,0.0005510075121514765,0.17802193052797646,LOSE_LEAN
WIN,BTC,Bybit,h150-156|5m|slice_01_h150_pass01_liquidity_squeeze_20260518_143829|route_evidence|225,buy,LIQUIDITY_SQUEEZE,150.73439039523802,75.0,2,16,0.8474044601560836,0.0008471712408896593,0.0005929477489766059,0.0005929477489766059,1.7579351650818857e-07,3.337140591987975e-05,-0.11489228790757315,WIN_SHAPE
WIN,BTC,Bybit,h150-156|5m|slice_01_h150_pass01_liquidity_squeeze_20260518_143829|route_evidence|225,buy,LIQUIDITY_SQUEEZE,150.73439039523802,75.0,3,27,0.9012449348932705,0.001237627475450275,0.0008761493157756954,0.0008761493157756954,4.1963437863068576e-07,8.587493916528261e-05,-0.04768047455707499,WIN_SHAPE
LOSE,BTC,Bybit,h150-156|15m|slice_01_h150_pass01_basis_dislocation_20260518_142615|route_evidence|75,sell,BASIS_DISLOCATION,-87.23420942208507,15.0,0,16,0.8117089094078894,0.0017293332873716035,0.0012663537270464508,0.0012663537270464508,8.018258810021115e-07,0.0004993278537834082,0.15180484947810685,LOSE_LEAN
LOSE,BTC,Bybit,h150-156|15m|slice_01_h150_pass01_relative_strength_20260518_142615|route_evidence|75,sell,RELATIVE_STRENGTH,-87.23420942208507,15.0,0,16,0.8117089094078894,0.0017293332873716035,0.0012663537270464508,0.0012663537270464508,8.018258810021115e-07,0.0004993278537834082,0.15180484947810685,LOSE_LEAN
LOSE,BTC,Bybit,h150-156|15m|slice_01_h150_pass01_vol_breakout_20260518_142615|route_evidence|75,sell,VOL_BREAKOUT,-87.23420942208507,15.0,0,16,0.8117089094078894,0.0017293332873716035,0.0012663537270464508,0.0012663537270464508,8.018258810021115e-07,0.0004993278537834082,0.15180484947810685,LOSE_LEAN
WIN,ETH,Coinbase,h150-156|15m|slice_01_h150_pass01_vol_breakout_20260518_142615|route_evidence|76,buy,VOL_BREAKOUT,175.330180584099,90.0,0,47,0.9033612360231045,0.0015136936983419827,0.0011620025691781218,0.0011620025691781218,6.758004878539701e-07,0.00035808416848089357,0.13711676457645106,MIXED
WIN,ETH,Coinbase,h150-156|15m|slice_01_h150_pass01_vol_breakout_20260518_142615|route_evidence|76,buy,VOL_BREAKOUT,175.330180584099,90.0,1,16,0.8202562907231865,0.0013676171034531673,0.0010094193590176744,0.0010094193590176744,5.094637211797586e-07,0.0001937614435270518,0.1348478624743869,LOSE_LEAN
WIN,ETH,Coinbase,h150-156|15m|slice_01_h150_pass01_vol_breakout_20260518_142615|route_evidence|76,buy,VOL_BREAKOUT,175.330180584099,90.0,2,28,0.8948084257919351,0.000945372659176685,0.0007101759097186747,0.0007101759097186747,2.521749113723549e-07,-8.944285449171738e-05,-0.05829286831181664,WIN_SHAPE
WIN,ETH,Coinbase,h150-156|15m|slice_01_h150_pass01_relative_strength_20260518_142615|route_evidence|76,buy,RELATIVE_STRENGTH,175.330180584099,90.0,0,47,0.9033612360231045,0.0015136936983419827,0.0011620025691781218,0.0011620025691781218,6.758004878539701e-07,0.00035808416848089357,0.13711676457645106,MIXED
WIN,ETH,Coinbase,h150-156|15m|slice_01_h150_pass01_relative_strength_20260518_142615|route_evidence|76,buy,RELATIVE_STRENGTH,175.330180584099,90.0,1,16,0.8202562907231865,0.0013676171034531673,0.0010094193590176744,0.0010094193590176744,5.094637211797586e-07,0.0001937614435270518,0.1348478624743869,LOSE_LEAN
WIN,ETH,Coinbase,h150-156|15m|slice_01_h150_pass01_relative_strength_20260518_142615|route_evidence|76,buy,RELATIVE_STRENGTH,175.330180584099,90.0,2,28,0.8948084257919351,0.000945372659176685,0.0007101759097186747,0.0007101759097186747,2.521749113723549e-07,-8.944285449171738e-05,-0.05829286831181664,WIN_SHAPE
WIN,ETH,Coinbase,h150-156|15m|slice_01_h150_pass01_basis_dislocation_20260518_142615|route_evidence|76,buy,BASIS_DISLOCATION,175.330180584099,90.0,0,47,0.9033612360231045,0.0015136936983419827,0.0011620025691781218,0.0011620025691781218,6.758004878539701e-07,0.00035808416848089357,0.13711676457645106,MIXED
WIN,ETH,Coinbase,h150-156|15m|slice_01_h150_pass01_basis_dislocation_20260518_142615|route_evidence|76,buy,BASIS_DISLOCATION,175.330180584099,90.0,1,16,0.8202562907231865,0.0013676171034531673,0.0010094193590176744,0.0010094193590176744,5.094637211797586e-07,0.0001937614435270518,0.1348478624743869,LOSE_LEAN
WIN,ETH,Coinbase,h150-156|15m|slice_01_h150_pass01_basis_dislocation_20260518_142615|route_evidence|76,buy,BASIS_DISLOCATION,175.330180584099,90.0,2,28,0.8948084257919351,0.000945372659176685,0.0007101759097186747,0.0007101759097186747,2.521749113723549e-07,-8.944285449171738e-05,-0.05829286831181664,WIN_SHAPE
WIN,ETH,Coinbase,h48-54|15m|slice_01_h48_pass01_vol_breakout_20260518_122107|route_evidence|1,sell,VOL_BREAKOUT,164.9089652828232,90.0,0,51,0.9516581984616908,0.0013916533870452828,0.0010156668161879928,0.0010156668161879928,5.207568798944322e-07,-0.00029179927843559384,-0.20081062016682272,MIXED
WIN,ETH,Coinbase,h48-54|15m|slice_01_h48_pass01_vol_breakout_20260518_122107|route_evidence|1,sell,VOL_BREAKOUT,164.9089652828232,90.0,1,19,0.8943215179490391,0.0014684358458762071,0.0009855587547230782,0.0009855587547230782,5.200756350959761e-07,-0.0002501083219130291,-0.3082253615551848,MIXED
WIN,ETH,Coinbase,h48-54|15m|slice_01_h48_pass01_vol_breakout_20260518_122107|route_evidence|1,sell,VOL_BREAKOUT,164.9089652828232,90.0,2,21,0.8627029354143088,0.00123081814833915,0.0006227076347645841,0.0006227076347645841,1.9824087515309745e-07,8.652857442896789e-05,-0.2372772096923278,WIN_SHAPE
WIN,ETH,Coinbase,h48-54|15m|slice_01_h48_pass01_relative_strength_20260518_122107|route_evidence|1,sell,RELATIVE_STRENGTH,164.9089652828232,90.0,0,51,0.9516581984616908,0.0013916533870452828,0.0010156668161879928,0.0010156668161879928,5.207568798944322e-07,-0.00029179927843559384,-0.20081062016682272,MIXED
WIN,ETH,Coinbase,h48-54|15m|slice_01_h48_pass01_relative_strength_20260518_122107|route_evidence|1,sell,RELATIVE_STRENGTH,164.9089652828232,90.0,1,19,0.8943215179490391,0.0014684358458762071,0.0009855587547230782,0.0009855587547230782,5.200756350959761e-07,-0.0002501083219130291,-0.3082253615551848,MIXED
WIN,ETH,Coinbase,h48-54|15m|slice_01_h48_pass01_relative_strength_20260518_122107|route_evidence|1,sell,RELATIVE_STRENGTH,164.9089652828232,90.0,2,21,0.8627029354143088,0.00123081814833915,0.0006227076347645841,0.0006227076347645841,1.9824087515309745e-07,8.652857442896789e-05,-0.2372772096923278,WIN_SHAPE
WIN,ETH,Coinbase,h48-54|15m|slice_01_h48_pass01_news_breakout_20260518_122107|route_evidence|1,sell,NEWS_BREAKOUT,164.9089652828232,90.0,0,51,0.9516581984616908,0.0013916533870452828,0.0010156668161879928,0.0010156668161879928,5.207568798944322e-07,-0.00029179927843559384,-0.20081062016682272,MIXED
WIN,ETH,Coinbase,h48-54|15m|slice_01_h48_pass01_news_breakout_20260518_122107|route_evidence|1,sell,NEWS_BREAKOUT,164.9089652828232,90.0,1,19,0.8943215179490391,0.0014684358458762071,0.0009855587547230782,0.0009855587547230782,5.200756350959761e-07,-0.0002501083219130291,-0.3082253615551848,MIXED
WIN,ETH,Coinbase,h48-54|15m|slice_01_h48_pass01_news_breakout_20260518_122107|route_evidence|1,sell,NEWS_BREAKOUT,164.9089652828232,90.0,2,21,0.8627029354143088,0.00123081814833915,0.0006227076347645841,0.0006227076347645841,1.9824087515309745e-07,8.652857442896789e-05,-0.2372772096923278,WIN_SHAPE
WIN,ETH,Coinbase,h48-54|15m|slice_01_h48_pass01_basis_dislocation_20260518_122107|route_evidence|1,sell,BASIS_DISLOCATION,164.9089652828232,90.0,0,51,0.9516581984616908,0.0013916533870452828,0.0010156668161879928,0.0010156668161879928,5.207568798944322e-07,-0.00029179927843559384,-0.20081062016682272,MIXED
WIN,ETH,Coinbase,h48-54|15m|slice_01_h48_pass01_basis_dislocation_20260518_122107|route_evidence|1,sell,BASIS_DISLOCATION,164.9089652828232,90.0,1,19,0.8943215179490391,0.0014684358458762071,0.0009855587547230782,0.0009855587547230782,5.200756350959761e-07,-0.0002501083219130291,-0.3082253615551848,MIXED
WIN,ETH,Coinbase,h48-54|15m|slice_01_h48_pass01_basis_dislocation_20260518_122107|route_evidence|1,sell,BASIS_DISLOCATION,164.9089652828232,90.0,2,21,0.8627029354143088,0.00123081814833915,0.0006227076347645841,0.0006227076347645841,1.9824087515309745e-07,8.652857442896789e-05,-0.2372772096923278,WIN_SHAPE
WIN,ETH,Coinbase,h48-54|5m|slice_01_h48_pass01_basis_dislocation_20260518_122614|route_evidence|1,sell,BASIS_DISLOCATION,161.53340562013156,85.0,0,51,0.9516581984616908,0.0013916533870452828,0.0010156668161879928,0.0010156668161879928,5.207568798944322e-07,-0.00029179927843559384,-0.20081062016682272,MIXED
WIN,ETH,Coinbase,h48-54|5m|slice_01_h48_pass01_basis_dislocation_20260518_122614|route_evidence|1,sell,BASIS_DISLOCATION,161.53340562013156,85.0,1,19,0.8943215179490391,0.0014684358458762071,0.0009855587547230782,0.0009855587547230782,5.200756350959761e-07,-0.0002501083219130291,-0.3082253615551848,MIXED
WIN,ETH,Coinbase,h48-54|5m|slice_01_h48_pass01_basis_dislocation_20260518_122614|route_evidence|1,sell,BASIS_DISLOCATION,161.53340562013156,85.0,2,16,0.8263770709811578,0.0012183010017413564,0.000600784846870618,0.000600784846870618,1.8047121611465194e-07,0.00013822431945390197,-0.28384758219559747,WIN_LEAN
WIN,ETH,Coinbase,h144-150|15m|slice_01_h144_pass01_basis_dislocation_20260518_142107|route_evidence|4,buy,BASIS_DISLOCATION,151.5632004887554,330.0,0,32,0.9245140371033198,0.00036999110116314336,0.0002909475052194296,0.0002909475052194296,4.232522539670228e-08,5.851829846971871e-05,0.4487957373932719,WIN_SHAPE
WIN,ETH,Coinbase,h144-150|15m|slice_01_h144_pass01_basis_dislocation_20260518_142107|route_evidence|4,buy,BASIS_DISLOCATION,151.5632004887554,330.0,1,32,0.9160706105241387,0.0003055099187313664,0.00023668375316798066,0.00023668375316798066,2.8009599506838987e-08,2.2157119631408073e-05,0.7359861155906475,WIN_SHAPE
WIN,ETH,Coinbase,h144-150|15m|slice_01_h144_pass01_basis_dislocation_20260518_142107|route_evidence|4,buy,BASIS_DISLOCATION,151.5632004887554,330.0,2,16,0.8126044773258077,0.0003405021214312053,0.00027425184619278326,0.00027425184619278326,3.7607037570070004e-08,-5.524451019714623e-05,0.6162719236432326,WIN_LEAN
WIN,ETH,Coinbase,h144-150|15m|slice_01_h144_pass01_basis_dislocation_20260518_142107|route_evidence|4,buy,BASIS_DISLOCATION,151.5632004887554,330.0,3,77,0.950224083427546,0.0004229878443247229,0.00035159262997466214,0.00035159262997466214,6.254480277733871e-08,5.0875808682594504e-05,0.665952370735555,WIN_SHAPE
WIN,ETH,Coinbase,h144-150|15m|slice_01_h144_pass01_basis_dislocation_20260518_142107|route_evidence|4,buy,BASIS_DISLOCATION,151.5632004887554,330.0,4,16,0.8661299432959291,0.0008366937956298501,0.0005691916173960688,0.0005691916173960688,1.6198954865695477e-07,0.00017851508254326613,0.49749305050792,WIN_SHAPE
WIN,ETH,Coinbase,h144-150|15m|slice_01_h144_pass01_basis_dislocation_20260518_142107|route_evidence|4,buy,BASIS_DISLOCATION,151.5632004887554,330.0,5,34,0.9106627394479653,0.0005579189230472068,0.00044018724844721276,0.00044018724844721276,9.68824068477582e-08,-0.00010753306080190195,0.20125951158762445,WIN_SHAPE
WIN,ETH,Coinbase,h144-150|15m|slice_01_h144_pass01_basis_dislocation_20260518_142107|route_evidence|4,buy,BASIS_DISLOCATION,151.5632004887554,330.0,6,19,0.8407582584800406,0.0005390646190659845,0.00039378094669985494,0.00039378094669985494,7.757490167134693e-08,6.491395021335222e-05,0.5590820970722327,WIN_LEAN
WIN,ETH,Coinbase,h144-150|15m|slice_01_h144_pass01_basis_dislocation_20260518_142107|route_evidence|4,buy,BASIS_DISLOCATION,151.5632004887554,330.0,7,39,0.9397568734974954,0.0007192951345425116,0.0006260209090024525,0.0006260209090024525,2.0231346227807877e-07,0.00010801322155802084,0.430237690935744,WIN_SHAPE
WIN,ETH,Coinbase,h144-150|15m|slice_01_h144_pass01_basis_dislocation_20260518_142107|route_evidence|4,buy,BASIS_DISLOCATION,151.5632004887554,330.0,8,23,0.8108617785686671,0.0006145067817600683,0.0005395028805062768,0.0005395028805062768,1.4622975342699737e-07,-1.0227687667169699e-05,0.5005416074689376,WIN_LEAN
WIN,ETH,Coinbase,h144-150|15m|slice_01_h144_pass01_basis_dislocation_20260518_142107|route_evidence|4,buy,BASIS_DISLOCATION,151.5632004887554,330.0,9,21,0.8890535450090137,0.0007143597115659617,0.0005492987024798717,0.0005492987024798717,1.600258008635243e-07,0.00015080571700480937,0.42571630550575196,WIN_SHAPE
WIN,ETH,Coinbase,h144-150|15m|slice_01_h144_pass01_basis_dislocation_20260518_142107|route_evidence|4,buy,BASIS_DISLOCATION,151.5632004887554,330.0,10,22,0.86589035325702,0.000401509296106764,0.0003404543907496204,0.0003404543907496204,5.79545960903421e-08,-3.627757233032589e-05,0.05463760425262561,WIN_SHAPE
WIN,ETH,Coinbase,h144-150|15m|slice_01_h144_pass01_basis_dislocation_20260518_142107|route_evidence|40,buy,BASIS_DISLOCATION,135.80609556764014,240.0,0,67,0.9424948281846937,0.0004565991636977208,0.00036602652594879074,0.00036602652594879074,6.757351987301506e-08,6.14478361274491e-05,0.6477749128678042,WIN_SHAPE
WIN,ETH,Coinbase,h144-150|15m|slice_01_h144_pass01_basis_dislocation_20260518_142107|route_evidence|40,buy,BASIS_DISLOCATION,135.80609556764014,240.0,1,16,0.8661299432959291,0.0008366937956298501,0.0005691916173960688,0.0005691916173960688,1.6198954865695477e-07,0.00017851508254326613,0.49749305050792,WIN_SHAPE
WIN,ETH,Coinbase,h144-150|15m|slice_01_h144_pass01_basis_dislocation_20260518_142107|route_evidence|40,buy,BASIS_DISLOCATION,135.80609556764014,240.0,2,19,0.8905577597583457,0.0006522436736708528,0.0005322329058796026,0.0005322329058796026,1.4839338347344963e-07,-3.8094698758101624e-05,0.45731303850807664,WIN_SHAPE
WIN,ETH,Coinbase,h144-150|15m|slice_01_h144_pass01_basis_dislocation_20260518_142107|route_evidence|40,buy,BASIS_DISLOCATION,135.80609556764014,240.0,3,16,0.8441690005004433,0.000496776620848973,0.0004660313913845002,0.0004660313913845002,1.0859262887787216e-07,-0.00011397131608828678,-0.0635736356207996,WIN_SHAPE
WIN,ETH,Coinbase,h144-150|15m|slice_01_h144_pass01_basis_dislocation_20260518_142107|route_evidence|40,buy,BASIS_DISLOCATION,135.80609556764014,240.0,4,18,0.8950631148441083,0.0004928008562516092,0.0003915961597324483,0.0003915961597324483,7.667377615859156e-08,4.03768353142741e-05,0.5440896487017217,WIN_SHAPE
WIN,ETH,Coinbase,h144-150|15m|slice_01_h144_pass01_basis_dislocation_20260518_142107|route_evidence|40,buy,BASIS_DISLOCATION,135.80609556764014,240.0,5,39,0.9397568734974954,0.0007192951345425116,0.0006260209090024525,0.0006260209090024525,2.0231346227807877e-07,0.00010801322155802084,0.430237690935744,WIN_SHAPE
WIN,ETH,Coinbase,h144-150|15m|slice_01_h144_pass01_basis_dislocation_20260518_142107|route_evidence|40,buy,BASIS_DISLOCATION,135.80609556764014,240.0,6,23,0.8108617785686671,0.0006145067817600683,0.0005395028805062768,0.0005395028805062768,1.4622975342699737e-07,-1.0227687667169699e-05,0.5005416074689376,WIN_LEAN
WIN,ETH,Coinbase,h144-150|15m|slice_01_h144_pass01_basis_dislocation_20260518_142107|route_evidence|40,buy,BASIS_DISLOCATION,135.80609556764014,240.0,7,21,0.8890535450090137,0.0007143597115659617,0.0005492987024798717,0.0005492987024798717,1.600258008635243e-07,0.00015080571700480937,0.42571630550575196,WIN_SHAPE
WIN,ETH,Coinbase,h144-150|15m|slice_01_h144_pass01_basis_dislocation_20260518_142107|route_evidence|40,buy,BASIS_DISLOCATION,135.80609556764014,240.0,8,22,0.86589035325702,0.000401509296106764,0.0003404543907496204,0.0003404543907496204,5.79545960903421e-08,-3.627757233032589e-05,0.05463760425262561,WIN_SHAPE
WIN,ETH,Coinbase,h156-162|15m|slice_01_h156_pass01_vol_breakout_20260518_143230|route_evidence|16,sell,VOL_BREAKOUT,127.4258893489833,111.0,0,17,0.8544717440196973,0.0009909046851725473,0.000702854075540286,0.000702854075540286,2.478247659162479e-07,-0.00014067334131889764,-0.13502311707054174,WIN_SHAPE
WIN,ETH,Coinbase,h156-162|15m|slice_01_h156_pass01_vol_breakout_20260518_143230|route_evidence|16,sell,VOL_BREAKOUT,127.4258893489833,111.0,1,21,0.8642219396340608,0.0007393480013380933,0.0005508209253791797,0.0005508209253791797,1.5211361075875393e-07,-3.818680562872601e-06,-0.13769603469141442,WIN_SHAPE
WIN,ETH,Coinbase,h156-162|15m|slice_01_h156_pass01_vol_breakout_20260518_143230|route_evidence|16,sell,VOL_BREAKOUT,127.4258893489833,111.0,2,16,0.8550292990647415,0.0008874015408133317,0.000605590610543896,0.000605590610543896,1.8336999378943985e-07,-0.00017447991128148507,-0.1447207599567798,WIN_SHAPE
WIN,ETH,Coinbase,h156-162|15m|slice_01_h156_pass01_vol_breakout_20260518_143230|route_evidence|16,sell,VOL_BREAKOUT,127.4258893489833,111.0,3,17,0.8518431260257036,0.0007411212739087932,0.0004306019802426913,0.0004306019802426913,9.789032630591792e-08,-0.00011181516213820686,-0.20077119456062187,WIN_SHAPE
WIN,ETH,Coinbase,h156-162|15m|slice_01_h156_pass01_vol_breakout_20260518_143230|route_evidence|16,sell,VOL_BREAKOUT,127.4258893489833,111.0,4,23,0.9223992635306771,0.0005768945238696247,0.00037314576096112383,0.00037314576096112383,7.47385276118816e-08,-2.0170687009061922e-05,-0.09618633185742415,WIN_SHAPE
WIN,ETH,Coinbase,h156-162|15m|slice_01_h156_pass01_vol_breakout_20260518_143230|route_evidence|16,sell,VOL_BREAKOUT,127.4258893489833,111.0,5,18,0.8628971503895857,0.001037960945336909,0.0007620109753228937,0.0007620109753228937,2.903303632562397e-07,-0.0003175791768596797,-0.038464153965692215,WIN_SHAPE
WIN,ETH,Coinbase,h156-162|15m|slice_01_h156_pass01_relative_strength_20260518_143230|route_evidence|16,sell,RELATIVE_STRENGTH,127.4258893489833,111.0,0,17,0.8544717440196973,0.0009909046851725473,0.000702854075540286,0.000702854075540286,2.478247659162479e-07,-0.00014067334131889764,-0.13502311707054174,WIN_SHAPE
WIN,ETH,Coinbase,h156-162|15m|slice_01_h156_pass01_relative_strength_20260518_143230|route_evidence|16,sell,RELATIVE_STRENGTH,127.4258893489833,111.0,1,21,0.8642219396340608,0.0007393480013380933,0.0005508209253791797,0.0005508209253791797,1.5211361075875393e-07,-3.818680562872601e-06,-0.13769603469141442,WIN_SHAPE
WIN,ETH,Coinbase,h156-162|15m|slice_01_h156_pass01_relative_strength_20260518_143230|route_evidence|16,sell,RELATIVE_STRENGTH,127.4258893489833,111.0,2,16,0.8550292990647415,0.0008874015408133317,0.000605590610543896,0.000605590610543896,1.8336999378943985e-07,-0.00017447991128148507,-0.1447207599567798,WIN_SHAPE
WIN,ETH,Coinbase,h156-162|15m|slice_01_h156_pass01_relative_strength_20260518_143230|route_evidence|16,sell,RELATIVE_STRENGTH,127.4258893489833,111.0,3,17,0.8518431260257036,0.0007411212739087932,0.0004306019802426913,0.0004306019802426913,9.789032630591792e-08,-0.00011181516213820686,-0.20077119456062187,WIN_SHAPE
WIN,ETH,Coinbase,h156-162|15m|slice_01_h156_pass01_relative_strength_20260518_143230|route_evidence|16,sell,RELATIVE_STRENGTH,127.4258893489833,111.0,4,23,0.9223992635306771,0.0005768945238696247,0.00037314576096112383,0.00037314576096112383,7.47385276118816e-08,-2.0170687009061922e-05,-0.09618633185742415,WIN_SHAPE
WIN,ETH,Coinbase,h156-162|15m|slice_01_h156_pass01_relative_strength_20260518_143230|route_evidence|16,sell,RELATIVE_STRENGTH,127.4258893489833,111.0,5,18,0.8628971503895857,0.001037960945336909,0.0007620109753228937,0.0007620109753228937,2.903303632562397e-07,-0.0003175791768596797,-0.038464153965692215,WIN_SHAPE
WIN,ETH,Coinbase,h156-162|15m|slice_01_h156_pass01_news_breakout_20260518_143230|route_evidence|16,sell,NEWS_BREAKOUT,127.4258893489833,111.0,0,17,0.8544717440196973,0.0009909046851725473,0.000702854075540286,0.000702854075540286,2.478247659162479e-07,-0.00014067334131889764,-0.13502311707054174,WIN_SHAPE
WIN,ETH,Coinbase,h156-162|15m|slice_01_h156_pass01_news_breakout_20260518_143230|route_evidence|16,sell,NEWS_BREAKOUT,127.4258893489833,111.0,1,21,0.8642219396340608,0.0007393480013380933,0.0005508209253791797,0.0005508209253791797,1.5211361075875393e-07,-3.818680562872601e-06,-0.13769603469141442,WIN_SHAPE
WIN,ETH,Coinbase,h156-162|15m|slice_01_h156_pass01_news_breakout_20260518_143230|route_evidence|16,sell,NEWS_BREAKOUT,127.4258893489833,111.0,2,16,0.8550292990647415,0.0008874015408133317,0.000605590610543896,0.000605590610543896,1.8336999378943985e-07,-0.00017447991128148507,-0.1447207599567798,WIN_SHAPE
WIN,ETH,Coinbase,h156-162|15m|slice_01_h156_pass01_news_breakout_20260518_143230|route_evidence|16,sell,NEWS_BREAKOUT,127.4258893489833,111.0,3,17,0.8518431260257036,0.0007411212739087932,0.0004306019802426913,0.0004306019802426913,9.789032630591792e-08,-0.00011181516213820686,-0.20077119456062187,WIN_SHAPE
WIN,ETH,Coinbase,h156-162|15m|slice_01_h156_pass01_news_breakout_20260518_143230|route_evidence|16,sell,NEWS_BREAKOUT,127.4258893489833,111.0,4,23,0.9223992635306771,0.0005768945238696247,0.00037314576096112383,0.00037314576096112383,7.47385276118816e-08,-2.0170687009061922e-05,-0.09618633185742415,WIN_SHAPE
WIN,ETH,Coinbase,h156-162|15m|slice_01_h156_pass01_news_breakout_20260518_143230|route_evidence|16,sell,NEWS_BREAKOUT,127.4258893489833,111.0,5,18,0.8628971503895857,0.001037960945336909,0.0007620109753228937,0.0007620109753228937,2.903303632562397e-07,-0.0003175791768596797,-0.038464153965692215,WIN_SHAPE
WIN,ETH,Coinbase,h156-162|15m|slice_01_h156_pass01_basis_dislocation_20260518_143230|route_evidence|16,sell,BASIS_DISLOCATION,127.4258893489833,111.0,0,17,0.8544717440196973,0.0009909046851725473,0.000702854075540286,0.000702854075540286,2.478247659162479e-07,-0.00014067334131889764,-0.13502311707054174,WIN_SHAPE
WIN,ETH,Coinbase,h156-162|15m|slice_01_h156_pass01_basis_dislocation_20260518_143230|route_evidence|16,sell,BASIS_DISLOCATION,127.4258893489833,111.0,1,21,0.8642219396340608,0.0007393480013380933,0.0005508209253791797,0.0005508209253791797,1.5211361075875393e-07,-3.818680562872601e-06,-0.13769603469141442,WIN_SHAPE
WIN,ETH,Coinbase,h156-162|15m|slice_01_h156_pass01_basis_dislocation_20260518_143230|route_evidence|16,sell,BASIS_DISLOCATION,127.4258893489833,111.0,2,16,0.8550292990647415,0.0008874015408133317,0.000605590610543896,0.000605590610543896,1.8336999378943985e-07,-0.00017447991128148507,-0.1447207599567798,WIN_SHAPE
WIN,ETH,Coinbase,h156-162|15m|slice_01_h156_pass01_basis_dislocation_20260518_143230|route_evidence|16,sell,BASIS_DISLOCATION,127.4258893489833,111.0,3,17,0.8518431260257036,0.0007411212739087932,0.0004306019802426913,0.0004306019802426913,9.789032630591792e-08,-0.00011181516213820686,-0.20077119456062187,WIN_SHAPE
WIN,ETH,Coinbase,h156-162|15m|slice_01_h156_pass01_basis_dislocation_20260518_143230|route_evidence|16,sell,BASIS_DISLOCATION,127.4258893489833,111.0,4,23,0.9223992635306771,0.0005768945238696247,0.00037314576096112383,0.00037314576096112383,7.47385276118816e-08,-2.0170687009061922e-05,-0.09618633185742415,WIN_SHAPE
WIN,ETH,Coinbase,h156-162|15m|slice_01_h156_pass01_basis_dislocation_20260518_143230|route_evidence|16,sell,BASIS_DISLOCATION,127.4258893489833,111.0,5,18,0.8628971503895857,0.001037960945336909,0.0007620109753228937,0.0007620109753228937,2.903303632562397e-07,-0.0003175791768596797,-0.038464153965692215,WIN_SHAPE
WIN,ETH,Coinbase,h48-54|5m|slice_01_h48_pass01_basis_dislocation_20260518_122614|route_evidence|3,sell,BASIS_DISLOCATION,123.13266880496798,80.0,0,46,0.9433311896016233,0.0013954323423666913,0.0009615704064404292,0.0009615704064404292,4.6230882327098536e-07,-0.00023761474341341682,-0.1975260261574341,MIXED
WIN,ETH,Coinbase,h48-54|5m|slice_01_h48_pass01_basis_dislocation_20260518_122614|route_evidence|3,sell,BASIS_DISLOCATION,123.13266880496798,80.0,1,19,0.8943215179490391,0.0014684358458762071,0.0009855587547230782,0.0009855587547230782,5.200756350959761e-07,-0.0002501083219130291,-0.3082253615551848,MIXED
WIN,ETH,Coinbase,h48-54|5m|slice_01_h48_pass01_basis_dislocation_20260518_122614|route_evidence|3,sell,BASIS_DISLOCATION,123.13266880496798,80.0,2,16,0.8263770709811578,0.0012183010017413564,0.000600784846870618,0.000600784846870618,1.8047121611465194e-07,0.00013822431945390197,-0.28384758219559747,WIN_LEAN
WIN,ETH,Coinbase,h144-150|15m|slice_01_h144_pass01_basis_dislocation_20260518_142107|route_evidence|52,buy,BASIS_DISLOCATION,122.23062794937765,210.0,0,37,0.9179570976848415,0.0004512932692135762,0.00036058069786588286,0.00036058069786588286,6.821780426631544e-08,7.562809571425177e-05,0.679013731833194,WIN_SHAPE
WIN,ETH,Coinbase,h144-150|15m|slice_01_h144_pass01_basis_dislocation_20260518_142107|route_evidence|52,buy,BASIS_DISLOCATION,122.23062794937765,210.0,1,16,0.8661299432959291,0.0008366937956298501,0.0005691916173960688,0.0005691916173960688,1.6198954865695477e-07,0.00017851508254326613,0.49749305050792,WIN_SHAPE
WIN,ETH,Coinbase,h144-150|15m|slice_01_h144_pass01_basis_dislocation_20260518_142107|route_evidence|52,buy,BASIS_DISLOCATION,122.23062794937765,210.0,2,19,0.8905577597583457,0.0006522436736708528,0.0005322329058796026,0.0005322329058796026,1.4839338347344963e-07,-3.8094698758101624e-05,0.45731303850807664,WIN_SHAPE
WIN,ETH,Coinbase,h144-150|15m|slice_01_h144_pass01_basis_dislocation_20260518_142107|route_evidence|52,buy,BASIS_DISLOCATION,122.23062794937765,210.0,3,16,0.8441690005004433,0.000496776620848973,0.0004660313913845002,0.0004660313913845002,1.0859262887787216e-07,-0.00011397131608828678,-0.0635736356207996,WIN_SHAPE
WIN,ETH,Coinbase,h144-150|15m|slice_01_h144_pass01_basis_dislocation_20260518_142107|route_evidence|52,buy,BASIS_DISLOCATION,122.23062794937765,210.0,4,18,0.8950631148441083,0.0004928008562516092,0.0003915961597324483,0.0003915961597324483,7.667377615859156e-08,4.03768353142741e-05,0.5440896487017217,WIN_SHAPE
WIN,ETH,Coinbase,h144-150|15m|slice_01_h144_pass01_basis_dislocation_20260518_142107|route_evidence|52,buy,BASIS_DISLOCATION,122.23062794937765,210.0,5,39,0.9397568734974954,0.0007192951345425116,0.0006260209090024525,0.0006260209090024525,2.0231346227807877e-07,0.00010801322155802084,0.430237690935744,WIN_SHAPE
WIN,ETH,Coinbase,h144-150|15m|slice_01_h144_pass01_basis_dislocation_20260518_142107|route_evidence|52,buy,BASIS_DISLOCATION,122.23062794937765,210.0,6,23,0.8108617785686671,0.0006145067817600683,0.0005395028805062768,0.0005395028805062768,1.4622975342699737e-07,-1.0227687667169699e-05,0.5005416074689376,WIN_LEAN
WIN,ETH,Coinbase,h144-150|15m|slice_01_h144_pass01_basis_dislocation_20260518_142107|route_evidence|52,buy,BASIS_DISLOCATION,122.23062794937765,210.0,7,21,0.8890535450090137,0.0007143597115659617,0.0005492987024798717,0.0005492987024798717,1.600258008635243e-07,0.00015080571700480937,0.42571630550575196,WIN_SHAPE
WIN,ETH,Coinbase,h144-150|15m|slice_01_h144_pass01_basis_dislocation_20260518_142107|route_evidence|52,buy,BASIS_DISLOCATION,122.23062794937765,210.0,8,22,0.86589035325702,0.000401509296106764,0.0003404543907496204,0.0003404543907496204,5.79545960903421e-08,-3.627757233032589e-05,0.05463760425262561,WIN_SHAPE
WIN,ETH,Coinbase,h150-156|15m|slice_01_h150_pass01_vol_breakout_20260518_142615|route_evidence|82,buy,VOL_BREAKOUT,122.17777422108414,75.0,0,17,0.8137326136655197,0.0013995058936867367,0.0011722104203280923,0.0011722104203280923,7.058558644725448e-07,0.000262346770808497,0.08950850009276194,LOSE_LEAN
WIN,ETH,Coinbase,h150-156|15m|slice_01_h150_pass01_vol_breakout_20260518_142615|route_evidence|82,buy,VOL_BREAKOUT,122.17777422108414,75.0,1,16,0.8224472362604839,0.0015896036727302203,0.0014130049329977204,0.0014130049329977204,9.982914703378128e-07,0.00044935731333595186,0.12008979399684151,LOSE_LEAN
WIN,ETH,Coinbase,h150-156|15m|slice_01_h150_pass01_vol_breakout_20260518_142615|route_evidence|82,buy,VOL_BREAKOUT,122.17777422108414,75.0,2,43,0.9375067923667069,0.001106372692441597,0.0008521185953430708,0.0008521185953430708,3.9170281384988235e-07,3.522906455873572e-05,0.011921666480987957,WIN_SHAPE
WIN,ETH,Coinbase,h150-156|15m|slice_01_h150_pass01_relative_strength_20260518_142615|route_evidence|82,buy,RELATIVE_STRENGTH,122.17777422108414,75.0,0,17,0.8137326136655197,0.0013995058936867367,0.0011722104203280923,0.0011722104203280923,7.058558644725448e-07,0.000262346770808497,0.08950850009276194,LOSE_LEAN
WIN,ETH,Coinbase,h150-156|15m|slice_01_h150_pass01_relative_strength_20260518_142615|route_evidence|82,buy,RELATIVE_STRENGTH,122.17777422108414,75.0,1,16,0.8224472362604839,0.0015896036727302203,0.0014130049329977204,0.0014130049329977204,9.982914703378128e-07,0.00044935731333595186,0.12008979399684151,LOSE_LEAN
WIN,ETH,Coinbase,h150-156|15m|slice_01_h150_pass01_relative_strength_20260518_142615|route_evidence|82,buy,RELATIVE_STRENGTH,122.17777422108414,75.0,2,43,0.9375067923667069,0.001106372692441597,0.0008521185953430708,0.0008521185953430708,3.9170281384988235e-07,3.522906455873572e-05,0.011921666480987957,WIN_SHAPE
WIN,ETH,Coinbase,h150-156|15m|slice_01_h150_pass01_basis_dislocation_20260518_142615|route_evidence|82,buy,BASIS_DISLOCATION,122.17777422108414,75.0,0,17,0.8137326136655197,0.0013995058936867367,0.0011722104203280923,0.0011722104203280923,7.058558644725448e-07,0.000262346770808497,0.08950850009276194,LOSE_LEAN
WIN,ETH,Coinbase,h150-156|15m|slice_01_h150_pass01_basis_dislocation_20260518_142615|route_evidence|82,buy,BASIS_DISLOCATION,122.17777422108414,75.0,1,16,0.8224472362604839,0.0015896036727302203,0.0014130049329977204,0.0014130049329977204,9.982914703378128e-07,0.00044935731333595186,0.12008979399684151,LOSE_LEAN
WIN,ETH,Coinbase,h150-156|15m|slice_01_h150_pass01_basis_dislocation_20260518_142615|route_evidence|82,buy,BASIS_DISLOCATION,122.17777422108414,75.0,2,43,0.9375067923667069,0.001106372692441597,0.0008521185953430708,0.0008521185953430708,3.9170281384988235e-07,3.522906455873572e-05,0.011921666480987957,WIN_SHAPE
WIN,ETH,Coinbase,h150-156|15m|slice_01_h150_pass01_relative_strength_20260518_142615|route_evidence|28,sell,RELATIVE_STRENGTH,121.37542375030712,90.0,0,19,0.8403438461953446,0.000977164755923635,0.0010315400399091598,0.0010315400399091598,6.523191596277897e-07,-0.00033871493985455144,0.005210829793830006,MIXED
WIN,ETH,Coinbase,h150-156|15m|slice_01_h150_pass01_relative_strength_20260518_142615|route_evidence|28,sell,RELATIVE_STRENGTH,121.37542375030712,90.0,1,17,0.8491022727131476,0.0009643448919896692,0.0007419749447779291,0.0007419749447779291,2.7872992279357886e-07,-0.00012428308480794126,0.14070690602839142,WIN_SHAPE
WIN,ETH,Coinbase,h150-156|15m|slice_01_h150_pass01_relative_strength_20260518_142615|route_evidence|28,sell,RELATIVE_STRENGTH,121.37542375030712,90.0,2,16,0.8069959428252627,0.0017814602470674389,0.001442597986770674,0.001442597986770674,1.0405444757172617e-06,-0.0007574183242821774,-0.2542651505587014,LOSE_LEAN
WIN,ETH,Coinbase,h150-156|15m|slice_01_h150_pass01_relative_strength_20260518_142615|route_evidence|28,sell,RELATIVE_STRENGTH,121.37542375030712,90.0,3,39,0.9347160572306386,0.0011508648273507902,0.0008830497097322538,0.0008830497097322538,3.906645228355244e-07,9.055360732763462e-05,0.26994860392522096,WIN_SHAPE
WIN,ETH,Coinbase,h150-156|15m|slice_01_h150_pass01_news_breakout_20260518_142615|route_evidence|28,sell,NEWS_BREAKOUT,121.37542375030712,90.0,0,19,0.8403438461953446,0.000977164755923635,0.0010315400399091598,0.0010315400399091598,6.523191596277897e-07,-0.00033871493985455144,0.005210829793830006,MIXED
WIN,ETH,Coinbase,h150-156|15m|slice_01_h150_pass01_news_breakout_20260518_142615|route_evidence|28,sell,NEWS_BREAKOUT,121.37542375030712,90.0,1,17,0.8491022727131476,0.0009643448919896692,0.0007419749447779291,0.0007419749447779291,2.7872992279357886e-07,-0.00012428308480794126,0.14070690602839142,WIN_SHAPE
WIN,ETH,Coinbase,h150-156|15m|slice_01_h150_pass01_news_breakout_20260518_142615|route_evidence|28,sell,NEWS_BREAKOUT,121.37542375030712,90.0,2,16,0.8069959428252627,0.0017814602470674389,0.001442597986770674,0.001442597986770674,1.0405444757172617e-06,-0.0007574183242821774,-0.2542651505587014,LOSE_LEAN
WIN,ETH,Coinbase,h150-156|15m|slice_01_h150_pass01_news_breakout_20260518_142615|route_evidence|28,sell,NEWS_BREAKOUT,121.37542375030712,90.0,3,39,0.9347160572306386,0.0011508648273507902,0.0008830497097322538,0.0008830497097322538,3.906645228355244e-07,9.055360732763462e-05,0.26994860392522096,WIN_SHAPE
WIN,ETH,Coinbase,h150-156|15m|slice_01_h150_pass01_mean_reversion_chop_20260518_142615|route_evidence|28,sell,MEAN_REVERSION_CHOP,121.37542375030712,90.0,0,19,0.8403438461953446,0.000977164755923635,0.0010315400399091598,0.0010315400399091598,6.523191596277897e-07,-0.00033871493985455144,0.005210829793830006,MIXED
WIN,ETH,Coinbase,h150-156|15m|slice_01_h150_pass01_mean_reversion_chop_20260518_142615|route_evidence|28,sell,MEAN_REVERSION_CHOP,121.37542375030712,90.0,1,17,0.8491022727131476,0.0009643448919896692,0.0007419749447779291,0.0007419749447779291,2.7872992279357886e-07,-0.00012428308480794126,0.14070690602839142,WIN_SHAPE
WIN,ETH,Coinbase,h150-156|15m|slice_01_h150_pass01_mean_reversion_chop_20260518_142615|route_evidence|28,sell,MEAN_REVERSION_CHOP,121.37542375030712,90.0,2,16,0.8069959428252627,0.0017814602470674389,0.001442597986770674,0.001442597986770674,1.0405444757172617e-06,-0.0007574183242821774,-0.2542651505587014,LOSE_LEAN
WIN,ETH,Coinbase,h150-156|15m|slice_01_h150_pass01_mean_reversion_chop_20260518_142615|route_evidence|28,sell,MEAN_REVERSION_CHOP,121.37542375030712,90.0,3,39,0.9347160572306386,0.0011508648273507902,0.0008830497097322538,0.0008830497097322538,3.906645228355244e-07,9.055360732763462e-05,0.26994860392522096,WIN_SHAPE
WIN,ETH,Coinbase,h150-156|15m|slice_01_h150_pass01_liquidity_squeeze_20260518_142615|route_evidence|28,sell,LIQUIDITY_SQUEEZE,121.37542375030712,90.0,0,19,0.8403438461953446,0.000977164755923635,0.0010315400399091598,0.0010315400399091598,6.523191596277897e-07,-0.00033871493985455144,0.005210829793830006,MIXED
WIN,ETH,Coinbase,h150-156|15m|slice_01_h150_pass01_liquidity_squeeze_20260518_142615|route_evidence|28,sell,LIQUIDITY_SQUEEZE,121.37542375030712,90.0,1,17,0.8491022727131476,0.0009643448919896692,0.0007419749447779291,0.0007419749447779291,2.7872992279357886e-07,-0.00012428308480794126,0.14070690602839142,WIN_SHAPE
WIN,ETH,Coinbase,h150-156|15m|slice_01_h150_pass01_liquidity_squeeze_20260518_142615|route_evidence|28,sell,LIQUIDITY_SQUEEZE,121.37542375030712,90.0,2,16,0.8069959428252627,0.0017814602470674389,0.001442597986770674,0.001442597986770674,1.0405444757172617e-06,-0.0007574183242821774,-0.2542651505587014,LOSE_LEAN
WIN,ETH,Coinbase,h150-156|15m|slice_01_h150_pass01_liquidity_squeeze_20260518_142615|route_evidence|28,sell,LIQUIDITY_SQUEEZE,121.37542375030712,90.0,3,39,0.9347160572306386,0.0011508648273507902,0.0008830497097322538,0.0008830497097322538,3.906645228355244e-07,9.055360732763462e-05,0.26994860392522096,WIN_SHAPE
WIN,ETH,Coinbase,h0-6|15m|slice_01_h0_pass01_mean_reversion_chop_20260518_083449|route_evidence|9,buy,MEAN_REVERSION_CHOP,117.69249064805658,75.0,0,18,0.8697706775925347,0.0011968795623969546,0.0008991779043629167,0.0008991779043629167,4.0426045184719583e-07,0.00010665028918107023,-0.25136279546318097,WIN_SHAPE
WIN,ETH,Coinbase,h0-6|15m|slice_01_h0_pass01_mean_reversion_chop_20260518_083449|route_evidence|9,buy,MEAN_REVERSION_CHOP,117.69249064805658,75.0,1,31,0.8939998922377438,0.0011441879465341907,0.000813137335759841,0.000813137335759841,3.3086621468470943e-07,0.0002303758113830175,-0.06102445139579435,WIN_SHAPE
WIN,ETH,Coinbase,h0-6|15m|slice_01_h0_pass01_mean_reversion_chop_20260518_083449|route_evidence|9,buy,MEAN_REVERSION_CHOP,117.69249064805658,75.0,2,27,0.915469507021659,0.0018238332806640126,0.0010291989221349047,0.0010291989221349047,5.554380742655516e-07,-2.7940662412048092e-05,-0.17510785613179553,MIXED
WIN,ETH,Coinbase,h156-162|15m|slice_01_h156_pass01_vol_breakout_20260518_143230|route_evidence|28,sell,VOL_BREAKOUT,113.37377781452524,81.0,0,24,0.8626905686838686,0.0008453916062721719,0.0005648328717383815,0.0005648328717383815,1.5951808649809964e-07,-0.00018122279958037555,-0.09349080609406646,WIN_SHAPE
WIN,ETH,Coinbase,h156-162|15m|slice_01_h156_pass01_vol_breakout_20260518_143230|route_evidence|28,sell,VOL_BREAKOUT,113.37377781452524,81.0,1,17,0.8518431260257036,0.0007411212739087932,0.0004306019802426913,0.0004306019802426913,9.789032630591792e-08,-0.00011181516213820686,-0.20077119456062187,WIN_SHAPE
WIN,ETH,Coinbase,h156-162|15m|slice_01_h156_pass01_vol_breakout_20260518_143230|route_evidence|28,sell,VOL_BREAKOUT,113.37377781452524,81.0,2,23,0.9223992635306771,0.0005768945238696247,0.00037314576096112383,0.00037314576096112383,7.47385276118816e-08,-2.0170687009061922e-05,-0.09618633185742415,WIN_SHAPE
WIN,ETH,Coinbase,h156-162|15m|slice_01_h156_pass01_vol_breakout_20260518_143230|route_evidence|28,sell,VOL_BREAKOUT,113.37377781452524,81.0,3,18,0.8628971503895857,0.001037960945336909,0.0007620109753228937,0.0007620109753228937,2.903303632562397e-07,-0.0003175791768596797,-0.038464153965692215,WIN_SHAPE
WIN,ETH,Coinbase,h156-162|15m|slice_01_h156_pass01_relative_strength_20260518_143230|route_evidence|28,sell,RELATIVE_STRENGTH,113.37377781452524,81.0,0,24,0.8626905686838686,0.0008453916062721719,0.0005648328717383815,0.0005648328717383815,1.5951808649809964e-07,-0.00018122279958037555,-0.09349080609406646,WIN_SHAPE
WIN,ETH,Coinbase,h156-162|15m|slice_01_h156_pass01_relative_strength_20260518_143230|route_evidence|28,sell,RELATIVE_STRENGTH,113.37377781452524,81.0,1,17,0.8518431260257036,0.0007411212739087932,0.0004306019802426913,0.0004306019802426913,9.789032630591792e-08,-0.00011181516213820686,-0.20077119456062187,WIN_SHAPE
WIN,ETH,Coinbase,h156-162|15m|slice_01_h156_pass01_relative_strength_20260518_143230|route_evidence|28,sell,RELATIVE_STRENGTH,113.37377781452524,81.0,2,23,0.9223992635306771,0.0005768945238696247,0.00037314576096112383,0.00037314576096112383,7.47385276118816e-08,-2.0170687009061922e-05,-0.09618633185742415,WIN_SHAPE
WIN,ETH,Coinbase,h156-162|15m|slice_01_h156_pass01_relative_strength_20260518_143230|route_evidence|28,sell,RELATIVE_STRENGTH,113.37377781452524,81.0,3,18,0.8628971503895857,0.001037960945336909,0.0007620109753228937,0.0007620109753228937,2.903303632562397e-07,-0.0003175791768596797,-0.038464153965692215,WIN_SHAPE
WIN,ETH,Coinbase,h156-162|15m|slice_01_h156_pass01_news_breakout_20260518_143230|route_evidence|28,sell,NEWS_BREAKOUT,113.37377781452524,81.0,0,24,0.8626905686838686,0.0008453916062721719,0.0005648328717383815,0.0005648328717383815,1.5951808649809964e-07,-0.00018122279958037555,-0.09349080609406646,WIN_SHAPE
WIN,ETH,Coinbase,h156-162|15m|slice_01_h156_pass01_news_breakout_20260518_143230|route_evidence|28,sell,NEWS_BREAKOUT,113.37377781452524,81.0,1,17,0.8518431260257036,0.0007411212739087932,0.0004306019802426913,0.0004306019802426913,9.789032630591792e-08,-0.00011181516213820686,-0.20077119456062187,WIN_SHAPE
WIN,ETH,Coinbase,h156-162|15m|slice_01_h156_pass01_news_breakout_20260518_143230|route_evidence|28,sell,NEWS_BREAKOUT,113.37377781452524,81.0,2,23,0.9223992635306771,0.0005768945238696247,0.00037314576096112383,0.00037314576096112383,7.47385276118816e-08,-2.0170687009061922e-05,-0.09618633185742415,WIN_SHAPE
WIN,ETH,Coinbase,h156-162|15m|slice_01_h156_pass01_news_breakout_20260518_143230|route_evidence|28,sell,NEWS_BREAKOUT,113.37377781452524,81.0,3,18,0.8628971503895857,0.001037960945336909,0.0007620109753228937,0.0007620109753228937,2.903303632562397e-07,-0.0003175791768596797,-0.038464153965692215,WIN_SHAPE
WIN,ETH,Coinbase,h156-162|15m|slice_01_h156_pass01_basis_dislocation_20260518_143230|route_evidence|28,sell,BASIS_DISLOCATION,113.37377781452524,81.0,0,24,0.8626905686838686,0.0008453916062721719,0.0005648328717383815,0.0005648328717383815,1.5951808649809964e-07,-0.00018122279958037555,-0.09349080609406646,WIN_SHAPE
WIN,ETH,Coinbase,h156-162|15m|slice_01_h156_pass01_basis_dislocation_20260518_143230|route_evidence|28,sell,BASIS_DISLOCATION,113.37377781452524,81.0,1,17,0.8518431260257036,0.0007411212739087932,0.0004306019802426913,0.0004306019802426913,9.789032630591792e-08,-0.00011181516213820686,-0.20077119456062187,WIN_SHAPE
WIN,ETH,Coinbase,h156-162|15m|slice_01_h156_pass01_basis_dislocation_20260518_143230|route_evidence|28,sell,BASIS_DISLOCATION,113.37377781452524,81.0,2,23,0.9223992635306771,0.0005768945238696247,0.00037314576096112383,0.00037314576096112383,7.47385276118816e-08,-2.0170687009061922e-05,-0.09618633185742415,WIN_SHAPE
WIN,ETH,Coinbase,h156-162|15m|slice_01_h156_pass01_basis_dislocation_20260518_143230|route_evidence|28,sell,BASIS_DISLOCATION,113.37377781452524,81.0,3,18,0.8628971503895857,0.001037960945336909,0.0007620109753228937,0.0007620109753228937,2.903303632562397e-07,-0.0003175791768596797,-0.038464153965692215,WIN_SHAPE
WIN,ETH,Coinbase,h0-6|5m|slice_01_h0_pass01_vol_breakout_20260518_084003|route_evidence|25,sell,VOL_BREAKOUT,112.36047146481792,35.0,0,36,0.924272329553606,0.002008239209311308,0.0017421679207906562,0.0017421679207906562,1.5175745321159322e-06,-0.0003573658799906708,-0.20345797295942034,MIXED
WIN,ETH,Coinbase,h0-6|5m|slice_01_h0_pass01_news_breakout_20260518_084003|route_evidence|25,sell,NEWS_BREAKOUT,112.36047146481792,35.0,0,36,0.924272329553606,0.002008239209311308,0.0017421679207906562,0.0017421679207906562,1.5175745321159322e-06,-0.0003573658799906708,-0.20345797295942034,MIXED
WIN,ETH,Coinbase,h144-150|15m|slice_01_h144_pass01_basis_dislocation_20260518_142107|route_evidence|64,buy,BASIS_DISLOCATION,107.59623581523083,180.0,0,20,0.8762104129359954,0.0007572312911081551,0.0005619189795811836,0.0005619189795811836,1.5787646980676276e-07,0.0002833209776444266,0.5620722877795407,WIN_SHAPE
WIN,ETH,Coinbase,h144-150|15m|slice_01_h144_pass01_basis_dislocation_20260518_142107|route_evidence|64,buy,BASIS_DISLOCATION,107.59623581523083,180.0,1,18,0.8673807182554011,0.0006942621613576427,0.0005737928713450001,0.0005737928713450001,1.6461912960315058e-07,-3.5089869552251685e-06,0.5150778630561766,WIN_SHAPE
WIN,ETH,Coinbase,h144-150|15m|slice_01_h144_pass01_basis_dislocation_20260518_142107|route_evidence|64,buy,BASIS_DISLOCATION,107.59623581523083,180.0,2,19,0.839928711033062,0.0004197163963427406,0.0003009906009729653,0.0003009906009729653,4.62727527933207e-08,-0.00013087549627317015,-0.054216344570833803,WIN_LEAN
WIN,ETH,Coinbase,h144-150|15m|slice_01_h144_pass01_basis_dislocation_20260518_142107|route_evidence|64,buy,BASIS_DISLOCATION,107.59623581523083,180.0,3,19,0.8407582584800406,0.0005390646190659845,0.00039378094669985494,0.00039378094669985494,7.757490167134693e-08,6.491395021335222e-05,0.5590820970722327,WIN_LEAN
WIN,ETH,Coinbase,h144-150|15m|slice_01_h144_pass01_basis_dislocation_20260518_142107|route_evidence|64,buy,BASIS_DISLOCATION,107.59623581523083,180.0,4,39,0.9397568734974954,0.0007192951345425116,0.0006260209090024525,0.0006260209090024525,2.0231346227807877e-07,0.00010801322155802084,0.430237690935744,WIN_SHAPE
WIN,ETH,Coinbase,h144-150|15m|slice_01_h144_pass01_basis_dislocation_20260518_142107|route_evidence|64,buy,BASIS_DISLOCATION,107.59623581523083,180.0,5,23,0.8108617785686671,0.0006145067817600683,0.0005395028805062768,0.0005395028805062768,1.4622975342699737e-07,-1.0227687667169699e-05,0.5005416074689376,WIN_LEAN
WIN,ETH,Coinbase,h144-150|15m|slice_01_h144_pass01_basis_dislocation_20260518_142107|route_evidence|64,buy,BASIS_DISLOCATION,107.59623581523083,180.0,6,21,0.8890535450090137,0.0007143597115659617,0.0005492987024798717,0.0005492987024798717,1.600258008635243e-07,0.00015080571700480937,0.42571630550575196,WIN_SHAPE
WIN,ETH,Coinbase,h144-150|15m|slice_01_h144_pass01_basis_dislocation_20260518_142107|route_evidence|64,buy,BASIS_DISLOCATION,107.59623581523083,180.0,7,22,0.86589035325702,0.000401509296106764,0.0003404543907496204,0.0003404543907496204,5.79545960903421e-08,-3.627757233032589e-05,0.05463760425262561,WIN_SHAPE
LOSE,ETH,Coinbase,h42-48|15m|slice_01_h42_pass01_basis_dislocation_20260518_115039|route_evidence|21,sell,BASIS_DISLOCATION,-127.5732772798221,15.0,0,16,0.8305647677643646,0.0016715902308740767,0.001041712729054574,0.001041712729054574,5.425827049370919e-07,0.0007655293274159074,0.036052827954168046,LOSE_LEAN
LOSE,ETH,Coinbase,h42-48|15m|slice_01_h42_pass01_news_breakout_20260518_114315|route_evidence|21,sell,NEWS_BREAKOUT,-127.5732772798221,15.0,0,16,0.8305647677643646,0.0016715902308740767,0.001041712729054574,0.001041712729054574,5.425827049370919e-07,0.0007655293274159074,0.036052827954168046,LOSE_LEAN
LOSE,ETH,Coinbase,h42-48|15m|slice_01_h42_pass01_relative_strength_20260518_115039|route_evidence|21,sell,RELATIVE_STRENGTH,-127.5732772798221,15.0,0,16,0.8305647677643646,0.0016715902308740767,0.001041712729054574,0.001041712729054574,5.425827049370919e-07,0.0007655293274159074,0.036052827954168046,LOSE_LEAN
LOSE,ETH,Coinbase,h42-48|15m|slice_01_h42_pass01_vol_breakout_20260518_115039|route_evidence|21,sell,VOL_BREAKOUT,-127.5732772798221,15.0,0,16,0.8305647677643646,0.0016715902308740767,0.001041712729054574,0.001041712729054574,5.425827049370919e-07,0.0007655293274159074,0.036052827954168046,LOSE_LEAN
LOSE,ETH,Coinbase,h0-6|15m|slice_01_h0_pass01_news_breakout_20260518_083449|route_evidence|14,sell,NEWS_BREAKOUT,-91.48310287921286,15.0,0,16,0.7692313907521541,0.002003949599284331,0.0014700098697306425,0.0014700098697306425,1.080464508552606e-06,0.000527416855539246,-0.13356656373367576,LOSE_LEAN
LOSE,ETH,Coinbase,h0-6|15m|slice_01_h0_pass01_vol_breakout_20260518_083449|route_evidence|14,sell,VOL_BREAKOUT,-91.48310287921286,15.0,0,16,0.7692313907521541,0.002003949599284331,0.0014700098697306425,0.0014700098697306425,1.080464508552606e-06,0.000527416855539246,-0.13356656373367576,LOSE_LEAN
LOSE,ETH,Coinbase,h0-6|15m|slice_01_h0_pass01_news_breakout_20260518_083449|route_evidence|25,sell,NEWS_BREAKOUT,-90.3985895560376,15.0,0,16,0.8013567324558357,0.0018050912141189279,0.0011078810182234026,0.0011078810182234026,6.137001752697796e-07,0.0005202483732544394,0.11398913855952364,LOSE_LEAN
LOSE,ETH,Coinbase,h0-6|15m|slice_01_h0_pass01_vol_breakout_20260518_083449|route_evidence|25,sell,VOL_BREAKOUT,-90.3985895560376,15.0,0,16,0.8013567324558357,0.0018050912141189279,0.0011078810182234026,0.0011078810182234026,6.137001752697796e-07,0.0005202483732544394,0.11398913855952364,LOSE_LEAN
LOSE,ETH,Coinbase,h150-156|15m|slice_01_h150_pass01_basis_dislocation_20260518_142615|route_evidence|40,buy,BASIS_DISLOCATION,-89.07194813140451,15.0,0,16,0.8321009147379239,0.001236533231512577,0.0009355452596492665,0.0009355452596492665,4.376224664260483e-07,-0.0005277954047505417,-0.2230415449936165,MIXED
LOSE,ETH,Coinbase,h150-156|15m|slice_01_h150_pass01_vol_breakout_20260518_142615|route_evidence|40,buy,VOL_BREAKOUT,-89.07194813140451,15.0,0,16,0.8321009147379239,0.001236533231512577,0.0009355452596492665,0.0009355452596492665,4.376224664260483e-07,-0.0005277954047505417,-0.2230415449936165,MIXED
LOSE,ETH,Coinbase,h0-6|15m|slice_01_h0_pass01_mean_reversion_chop_20260518_083449|route_evidence|19,buy,MEAN_REVERSION_CHOP,-88.92666326902092,15.0,0,16,0.8269742082956845,0.002604491742324115,0.0024787159801490685,0.0024787159801490685,3.0720164551227686e-06,-0.0005151972005534706,-0.17687042078913087,LOSE_LEAN
LOSE,ETH,Coinbase,h156-162|15m|slice_01_h156_pass01_liquidity_squeeze_20260518_143230|route_evidence|52,buy,LIQUIDITY_SQUEEZE,-88.6779668244426,15.0,0,16,0.8434872439089462,0.0009689463196402444,0.0006102488577496903,0.0006102488577496903,1.8620183419237605e-07,-0.0005260011946753925,-0.1164289169145233,WIN_SHAPE
LOSE,ETH,Coinbase,h156-162|15m|slice_01_h156_pass01_mean_reversion_chop_20260518_143230|route_evidence|52,buy,MEAN_REVERSION_CHOP,-88.6779668244426,15.0,0,16,0.8434872439089462,0.0009689463196402444,0.0006102488577496903,0.0006102488577496903,1.8620183419237605e-07,-0.0005260011946753925,-0.1164289169145233,WIN_SHAPE
LOSE,ETH,Coinbase,h48-54|15m|slice_01_h48_pass01_liquidity_squeeze_20260518_122107|route_evidence|1,buy,LIQUIDITY_SQUEEZE,-75.42472850271929,15.0,0,16,0.868035193011807,0.0014642276343057674,0.0012983483465265433,0.0012983483465265433,8.428542144639919e-07,-0.00042448420436264436,-0.20321058262347752,MIXED
LOSE,ETH,Coinbase,h48-54|15m|slice_01_h48_pass01_mean_reversion_chop_20260518_122107|route_evidence|1,buy,MEAN_REVERSION_CHOP,-75.42472850271929,15.0,0,16,0.868035193011807,0.0014642276343057674,0.0012983483465265433,0.0012983483465265433,8.428542144639919e-07,-0.00042448420436264436,-0.20321058262347752,MIXED
WIN,ETH,Bybit,h150-156|15m|slice_01_h150_pass01_mean_reversion_chop_20260518_142615|route_evidence|78,buy,MEAN_REVERSION_CHOP,175.0963400956747,90.0,0,17,0.8853343549484363,0.001468841961718482,0.0008091708292166193,0.0008091708292166193,3.383108858859199e-07,0.0003365840388831476,0.1152119472839464,WIN_LEAN
WIN,ETH,Bybit,h150-156|15m|slice_01_h150_pass01_mean_reversion_chop_20260518_142615|route_evidence|78,buy,MEAN_REVERSION_CHOP,175.0963400956747,90.0,1,52,0.9105245593935768,0.0015766618420334168,0.0012075214518808223,0.0012075214518808223,7.290540283761558e-07,0.0003045368140253875,-0.038709462429862736,MIXED
WIN,ETH,Bybit,h150-156|15m|slice_01_h150_pass01_mean_reversion_chop_20260518_142615|route_evidence|78,buy,MEAN_REVERSION_CHOP,175.0963400956747,90.0,2,22,0.8885070774303542,0.0009615268882408382,0.0006304181140507678,0.0006304181140507678,1.9871349926164456e-07,-9.901576123676798e-05,-0.11147401504939235,WIN_SHAPE
WIN,ETH,Bybit,h150-156|15m|slice_01_h150_pass01_liquidity_squeeze_20260518_142615|route_evidence|78,buy,LIQUIDITY_SQUEEZE,175.08496250676023,90.0,0,17,0.8853343549484363,0.001468841961718482,0.0008091708292166193,0.0008091708292166193,3.383108858859199e-07,0.0003365840388831476,0.1152119472839464,WIN_LEAN
WIN,ETH,Bybit,h150-156|15m|slice_01_h150_pass01_liquidity_squeeze_20260518_142615|route_evidence|78,buy,LIQUIDITY_SQUEEZE,175.08496250676023,90.0,1,52,0.9105245593935768,0.0015766618420334168,0.0012075214518808223,0.0012075214518808223,7.290540283761558e-07,0.0003045368140253875,-0.038709462429862736,MIXED
WIN,ETH,Bybit,h150-156|15m|slice_01_h150_pass01_liquidity_squeeze_20260518_142615|route_evidence|78,buy,LIQUIDITY_SQUEEZE,175.08496250676023,90.0,2,22,0.8885070774303542,0.0009615268882408382,0.0006304181140507678,0.0006304181140507678,1.9871349926164456e-07,-9.901576123676798e-05,-0.11147401504939235,WIN_SHAPE
WIN,ETH,Bybit,h150-156|5m|slice_01_h150_pass01_liquidity_squeeze_20260518_143829|route_evidence|90,sell,LIQUIDITY_SQUEEZE,171.06753252826007,45.0,0,20,0.8523560689068795,0.001224826516461761,0.0011063314572122957,0.0011063314572122957,6.119846466086765e-07,-0.0003679055897128504,0.1099873354298112,WIN_LEAN
WIN,ETH,Bybit,h150-156|5m|slice_01_h150_pass01_liquidity_squeeze_20260518_143829|route_evidence|90,sell,LIQUIDITY_SQUEEZE,171.06753252826007,45.0,1,26,0.9162432698907331,0.0018177388632096571,0.001413013879714759,0.001413013879714759,9.983041121331978e-07,-0.00045632586165222477,-0.2939350954302437,MIXED
WIN,ETH,Bybit,h150-156|5m|slice_01_h150_pass01_liquidity_squeeze_20260518_143829|route_evidence|222,buy,LIQUIDITY_SQUEEZE,133.00929130986668,40.0,0,17,0.8853343549484363,0.001468841961718482,0.0008091708292166193,0.0008091708292166193,3.383108858859199e-07,0.0003365840388831476,0.1152119472839464,WIN_LEAN
WIN,ETH,Bybit,h150-156|5m|slice_01_h150_pass01_liquidity_squeeze_20260518_143829|route_evidence|222,buy,LIQUIDITY_SQUEEZE,133.00929130986668,40.0,1,24,0.8556570227737331,0.0018684157521492498,0.0014505332525559913,0.0014505332525559913,1.0520233583852406e-06,0.0004426416822882087,-0.005225625493560028,MIXED
WIN,ETH,Bybit,h156-162|15m|slice_01_h156_pass01_vol_breakout_20260518_143230|route_evidence|18,sell,VOL_BREAKOUT,124.11366337066437,111.0,0,46,0.9152207678214898,0.0009009892786704788,0.0006037195472348926,0.0006037195472348926,1.822386458567437e-07,-6.381258390884486e-05,-0.011290642571828718,WIN_SHAPE
WIN,ETH,Bybit,h156-162|15m|slice_01_h156_pass01_vol_breakout_20260518_143230|route_evidence|18,sell,VOL_BREAKOUT,124.11366337066437,111.0,1,32,0.9135048871072153,0.0008324370504091893,0.00047635700935995,0.00047635700935995,1.1345800018317046e-07,-7.957018018674737e-05,-0.1316485265597467,WIN_SHAPE
WIN,ETH,Bybit,h156-162|15m|slice_01_h156_pass01_vol_breakout_20260518_143230|route_evidence|18,sell,VOL_BREAKOUT,124.11366337066437,111.0,2,16,0.8691812375554959,0.0006114184201140064,0.00040771593797539013,0.00040771593797539013,8.311614303956502e-08,-4.7793092104816044e-05,0.19941059243313214,WIN_SHAPE
WIN,ETH,Bybit,h156-162|15m|slice_01_h156_pass01_vol_breakout_20260518_143230|route_evidence|18,sell,VOL_BREAKOUT,124.11366337066437,111.0,3,18,0.8704683984244289,0.0011162205362521811,0.0008293120810350398,0.0008293120810350398,3.4387926387529373e-07,-0.00030885639043861724,-0.20348866789109774,WIN_SHAPE
WIN,ETH,Bybit,h156-162|15m|slice_01_h156_pass01_relative_strength_20260518_143230|route_evidence|18,sell,RELATIVE_STRENGTH,124.11366337066437,111.0,0,46,0.9152207678214898,0.0009009892786704788,0.0006037195472348926,0.0006037195472348926,1.822386458567437e-07,-6.381258390884486e-05,-0.011290642571828718,WIN_SHAPE
WIN,ETH,Bybit,h156-162|15m|slice_01_h156_pass01_relative_strength_20260518_143230|route_evidence|18,sell,RELATIVE_STRENGTH,124.11366337066437,111.0,1,32,0.9135048871072153,0.0008324370504091893,0.00047635700935995,0.00047635700935995,1.1345800018317046e-07,-7.957018018674737e-05,-0.1316485265597467,WIN_SHAPE
WIN,ETH,Bybit,h156-162|15m|slice_01_h156_pass01_relative_strength_20260518_143230|route_evidence|18,sell,RELATIVE_STRENGTH,124.11366337066437,111.0,2,16,0.8691812375554959,0.0006114184201140064,0.00040771593797539013,0.00040771593797539013,8.311614303956502e-08,-4.7793092104816044e-05,0.19941059243313214,WIN_SHAPE
WIN,ETH,Bybit,h156-162|15m|slice_01_h156_pass01_relative_strength_20260518_143230|route_evidence|18,sell,RELATIVE_STRENGTH,124.11366337066437,111.0,3,18,0.8704683984244289,0.0011162205362521811,0.0008293120810350398,0.0008293120810350398,3.4387926387529373e-07,-0.00030885639043861724,-0.20348866789109774,WIN_SHAPE
WIN,ETH,Bybit,h156-162|15m|slice_01_h156_pass01_news_breakout_20260518_143230|route_evidence|18,sell,NEWS_BREAKOUT,124.11366337066437,111.0,0,46,0.9152207678214898,0.0009009892786704788,0.0006037195472348926,0.0006037195472348926,1.822386458567437e-07,-6.381258390884486e-05,-0.011290642571828718,WIN_SHAPE
WIN,ETH,Bybit,h156-162|15m|slice_01_h156_pass01_news_breakout_20260518_143230|route_evidence|18,sell,NEWS_BREAKOUT,124.11366337066437,111.0,1,32,0.9135048871072153,0.0008324370504091893,0.00047635700935995,0.00047635700935995,1.1345800018317046e-07,-7.957018018674737e-05,-0.1316485265597467,WIN_SHAPE
WIN,ETH,Bybit,h156-162|15m|slice_01_h156_pass01_news_breakout_20260518_143230|route_evidence|18,sell,NEWS_BREAKOUT,124.11366337066437,111.0,2,16,0.8691812375554959,0.0006114184201140064,0.00040771593797539013,0.00040771593797539013,8.311614303956502e-08,-4.7793092104816044e-05,0.19941059243313214,WIN_SHAPE
WIN,ETH,Bybit,h156-162|15m|slice_01_h156_pass01_news_breakout_20260518_143230|route_evidence|18,sell,NEWS_BREAKOUT,124.11366337066437,111.0,3,18,0.8704683984244289,0.0011162205362521811,0.0008293120810350398,0.0008293120810350398,3.4387926387529373e-07,-0.00030885639043861724,-0.20348866789109774,WIN_SHAPE
WIN,ETH,Bybit,h156-162|15m|slice_01_h156_pass01_basis_dislocation_20260518_143230|route_evidence|18,sell,BASIS_DISLOCATION,124.11366337066437,111.0,0,46,0.9152207678214898,0.0009009892786704788,0.0006037195472348926,0.0006037195472348926,1.822386458567437e-07,-6.381258390884486e-05,-0.011290642571828718,WIN_SHAPE
WIN,ETH,Bybit,h156-162|15m|slice_01_h156_pass01_basis_dislocation_20260518_143230|route_evidence|18,sell,BASIS_DISLOCATION,124.11366337066437,111.0,1,32,0.9135048871072153,0.0008324370504091893,0.00047635700935995,0.00047635700935995,1.1345800018317046e-07,-7.957018018674737e-05,-0.1316485265597467,WIN_SHAPE
WIN,ETH,Bybit,h156-162|15m|slice_01_h156_pass01_basis_dislocation_20260518_143230|route_evidence|18,sell,BASIS_DISLOCATION,124.11366337066437,111.0,2,16,0.8691812375554959,0.0006114184201140064,0.00040771593797539013,0.00040771593797539013,8.311614303956502e-08,-4.7793092104816044e-05,0.19941059243313214,WIN_SHAPE
WIN,ETH,Bybit,h156-162|15m|slice_01_h156_pass01_basis_dislocation_20260518_143230|route_evidence|18,sell,BASIS_DISLOCATION,124.11366337066437,111.0,3,18,0.8704683984244289,0.0011162205362521811,0.0008293120810350398,0.0008293120810350398,3.4387926387529373e-07,-0.00030885639043861724,-0.20348866789109774,WIN_SHAPE
WIN,ETH,Bybit,h150-156|15m|slice_01_h150_pass01_vol_breakout_20260518_142615|route_evidence|84,buy,VOL_BREAKOUT,121.08901090459739,75.0,0,20,0.8438005504154462,0.0018970906780441618,0.0015040026571017753,0.0015040026571017753,1.131011996284481e-06,0.0006481278115027434,0.04605031390510974,MIXED
WIN,ETH,Bybit,h150-156|15m|slice_01_h150_pass01_vol_breakout_20260518_142615|route_evidence|84,buy,VOL_BREAKOUT,121.08901090459739,75.0,1,16,0.8602254612178464,0.001168383460170588,0.0007401055476116542,0.0007401055476116542,2.738781108027367e-07,8.213074028938413e-05,-0.17075980615382658,WIN_SHAPE
WIN,ETH,Bybit,h150-156|15m|slice_01_h150_pass01_vol_breakout_20260518_142615|route_evidence|84,buy,VOL_BREAKOUT,121.08901090459739,75.0,2,18,0.8629830180597693,0.0014709791204108584,0.001079586738914974,0.001079586738914974,5.827537634204656e-07,8.323787760431019e-05,-0.0332097323705111,MIXED
WIN,ETH,Bybit,h150-156|15m|slice_01_h150_pass01_vol_breakout_20260518_142615|route_evidence|84,buy,VOL_BREAKOUT,121.08901090459739,75.0,3,22,0.8885070774303542,0.0009615268882408382,0.0006304181140507678,0.0006304181140507678,1.9871349926164456e-07,-9.901576123676798e-05,-0.11147401504939235,WIN_SHAPE
WIN,ETH,Bybit,h150-156|15m|slice_01_h150_pass01_relative_strength_20260518_142615|route_evidence|84,buy,RELATIVE_STRENGTH,121.08901090459739,75.0,0,20,0.8438005504154462,0.0018970906780441618,0.0015040026571017753,0.0015040026571017753,1.131011996284481e-06,0.0006481278115027434,0.04605031390510974,MIXED
WIN,ETH,Bybit,h150-156|15m|slice_01_h150_pass01_relative_strength_20260518_142615|route_evidence|84,buy,RELATIVE_STRENGTH,121.08901090459739,75.0,1,16,0.8602254612178464,0.001168383460170588,0.0007401055476116542,0.0007401055476116542,2.738781108027367e-07,8.213074028938413e-05,-0.17075980615382658,WIN_SHAPE
WIN,ETH,Bybit,h150-156|15m|slice_01_h150_pass01_relative_strength_20260518_142615|route_evidence|84,buy,RELATIVE_STRENGTH,121.08901090459739,75.0,2,18,0.8629830180597693,0.0014709791204108584,0.001079586738914974,0.001079586738914974,5.827537634204656e-07,8.323787760431019e-05,-0.0332097323705111,MIXED
WIN,ETH,Bybit,h150-156|15m|slice_01_h150_pass01_relative_strength_20260518_142615|route_evidence|84,buy,RELATIVE_STRENGTH,121.08901090459739,75.0,3,22,0.8885070774303542,0.0009615268882408382,0.0006304181140507678,0.0006304181140507678,1.9871349926164456e-07,-9.901576123676798e-05,-0.11147401504939235,WIN_SHAPE
WIN,ETH,Bybit,h150-156|15m|slice_01_h150_pass01_basis_dislocation_20260518_142615|route_evidence|84,buy,BASIS_DISLOCATION,121.08901090459739,75.0,0,20,0.8438005504154462,0.0018970906780441618,0.0015040026571017753,0.0015040026571017753,1.131011996284481e-06,0.0006481278115027434,0.04605031390510974,MIXED
WIN,ETH,Bybit,h150-156|15m|slice_01_h150_pass01_basis_dislocation_20260518_142615|route_evidence|84,buy,BASIS_DISLOCATION,121.08901090459739,75.0,1,16,0.8602254612178464,0.001168383460170588,0.0007401055476116542,0.0007401055476116542,2.738781108027367e-07,8.213074028938413e-05,-0.17075980615382658,WIN_SHAPE
WIN,ETH,Bybit,h150-156|15m|slice_01_h150_pass01_basis_dislocation_20260518_142615|route_evidence|84,buy,BASIS_DISLOCATION,121.08901090459739,75.0,2,18,0.8629830180597693,0.0014709791204108584,0.001079586738914974,0.001079586738914974,5.827537634204656e-07,8.323787760431019e-05,-0.0332097323705111,MIXED
WIN,ETH,Bybit,h150-156|15m|slice_01_h150_pass01_basis_dislocation_20260518_142615|route_evidence|84,buy,BASIS_DISLOCATION,121.08901090459739,75.0,3,22,0.8885070774303542,0.0009615268882408382,0.0006304181140507678,0.0006304181140507678,1.9871349926164456e-07,-9.901576123676798e-05,-0.11147401504939235,WIN_SHAPE
WIN,ETH,Bybit,h150-156|15m|slice_01_h150_pass01_vol_breakout_20260518_142615|route_evidence|30,sell,VOL_BREAKOUT,116.85018986786224,90.0,0,21,0.8730500119549036,0.0010359430479353448,0.001009216315074902,0.001009216315074902,6.214264637502002e-07,-0.0002907613777459961,0.06648309661465854,WIN_LEAN
WIN,ETH,Bybit,h150-156|15m|slice_01_h150_pass01_vol_breakout_20260518_142615|route_evidence|30,sell,VOL_BREAKOUT,116.85018986786224,90.0,1,24,0.8933556211065917,0.0010987158905005215,0.0005991834196705588,0.0005991834196705588,1.7951038520403694e-07,-0.0002471698380650051,-0.1794284633515638,WIN_SHAPE
WIN,ETH,Bybit,h150-156|15m|slice_01_h150_pass01_vol_breakout_20260518_142615|route_evidence|30,sell,VOL_BREAKOUT,116.85018986786224,90.0,2,17,0.81474628021235,0.002159114996672707,0.001585015777439551,0.001585015777439551,1.2565877003885853e-06,-0.00016945127504969237,-0.09728221699898798,LOSE_LEAN
WIN,ETH,Bybit,h150-156|15m|slice_01_h150_pass01_vol_breakout_20260518_142615|route_evidence|30,sell,VOL_BREAKOUT,116.85018986786224,90.0,3,29,0.9142551581169778,0.0010789940351981554,0.0009558094013648387,0.0009558094013648387,4.578163109665006e-07,0.00011172361263610066,0.23473574326556948,WIN_LEAN
WIN,ETH,Bybit,h150-156|15m|slice_01_h150_pass01_relative_strength_20260518_142615|route_evidence|30,sell,RELATIVE_STRENGTH,116.85018986786224,90.0,0,21,0.8730500119549036,0.0010359430479353448,0.001009216315074902,0.001009216315074902,6.214264637502002e-07,-0.0002907613777459961,0.06648309661465854,WIN_LEAN
WIN,ETH,Bybit,h150-156|15m|slice_01_h150_pass01_relative_strength_20260518_142615|route_evidence|30,sell,RELATIVE_STRENGTH,116.85018986786224,90.0,1,24,0.8933556211065917,0.0010987158905005215,0.0005991834196705588,0.0005991834196705588,1.7951038520403694e-07,-0.0002471698380650051,-0.1794284633515638,WIN_SHAPE
WIN,ETH,Bybit,h150-156|15m|slice_01_h150_pass01_relative_strength_20260518_142615|route_evidence|30,sell,RELATIVE_STRENGTH,116.85018986786224,90.0,2,17,0.81474628021235,0.002159114996672707,0.001585015777439551,0.001585015777439551,1.2565877003885853e-06,-0.00016945127504969237,-0.09728221699898798,LOSE_LEAN
WIN,ETH,Bybit,h150-156|15m|slice_01_h150_pass01_relative_strength_20260518_142615|route_evidence|30,sell,RELATIVE_STRENGTH,116.85018986786224,90.0,3,29,0.9142551581169778,0.0010789940351981554,0.0009558094013648387,0.0009558094013648387,4.578163109665006e-07,0.00011172361263610066,0.23473574326556948,WIN_LEAN
WIN,ETH,Bybit,h150-156|15m|slice_01_h150_pass01_news_breakout_20260518_142615|route_evidence|30,sell,NEWS_BREAKOUT,116.85018986786224,90.0,0,21,0.8730500119549036,0.0010359430479353448,0.001009216315074902,0.001009216315074902,6.214264637502002e-07,-0.0002907613777459961,0.06648309661465854,WIN_LEAN
WIN,ETH,Bybit,h150-156|15m|slice_01_h150_pass01_news_breakout_20260518_142615|route_evidence|30,sell,NEWS_BREAKOUT,116.85018986786224,90.0,1,24,0.8933556211065917,0.0010987158905005215,0.0005991834196705588,0.0005991834196705588,1.7951038520403694e-07,-0.0002471698380650051,-0.1794284633515638,WIN_SHAPE
WIN,ETH,Bybit,h150-156|15m|slice_01_h150_pass01_news_breakout_20260518_142615|route_evidence|30,sell,NEWS_BREAKOUT,116.85018986786224,90.0,2,17,0.81474628021235,0.002159114996672707,0.001585015777439551,0.001585015777439551,1.2565877003885853e-06,-0.00016945127504969237,-0.09728221699898798,LOSE_LEAN
WIN,ETH,Bybit,h150-156|15m|slice_01_h150_pass01_news_breakout_20260518_142615|route_evidence|30,sell,NEWS_BREAKOUT,116.85018986786224,90.0,3,29,0.9142551581169778,0.0010789940351981554,0.0009558094013648387,0.0009558094013648387,4.578163109665006e-07,0.00011172361263610066,0.23473574326556948,WIN_LEAN
WIN,ETH,Bybit,h150-156|15m|slice_01_h150_pass01_basis_dislocation_20260518_142615|route_evidence|30,sell,BASIS_DISLOCATION,116.85018986786224,90.0,0,21,0.8730500119549036,0.0010359430479353448,0.001009216315074902,0.001009216315074902,6.214264637502002e-07,-0.0002907613777459961,0.06648309661465854,WIN_LEAN
WIN,ETH,Bybit,h150-156|15m|slice_01_h150_pass01_basis_dislocation_20260518_142615|route_evidence|30,sell,BASIS_DISLOCATION,116.85018986786224,90.0,1,24,0.8933556211065917,0.0010987158905005215,0.0005991834196705588,0.0005991834196705588,1.7951038520403694e-07,-0.0002471698380650051,-0.1794284633515638,WIN_SHAPE
WIN,ETH,Bybit,h150-156|15m|slice_01_h150_pass01_basis_dislocation_20260518_142615|route_evidence|30,sell,BASIS_DISLOCATION,116.85018986786224,90.0,2,17,0.81474628021235,0.002159114996672707,0.001585015777439551,0.001585015777439551,1.2565877003885853e-06,-0.00016945127504969237,-0.09728221699898798,LOSE_LEAN
WIN,ETH,Bybit,h150-156|15m|slice_01_h150_pass01_basis_dislocation_20260518_142615|route_evidence|30,sell,BASIS_DISLOCATION,116.85018986786224,90.0,3,29,0.9142551581169778,0.0010789940351981554,0.0009558094013648387,0.0009558094013648387,4.578163109665006e-07,0.00011172361263610066,0.23473574326556948,WIN_LEAN
WIN,ETH,Bybit,h156-162|15m|slice_01_h156_pass01_news_breakout_20260518_143230|route_evidence|30,sell,NEWS_BREAKOUT,110.25134607075438,81.0,0,17,0.8286166829990703,0.0009074275511298312,0.0005909637864929025,0.0005909637864929025,1.9886251801967596e-07,-0.00019886971786087226,-0.09206189377272038,WIN_LEAN
WIN,ETH,Bybit,h156-162|15m|slice_01_h156_pass01_news_breakout_20260518_143230|route_evidence|30,sell,NEWS_BREAKOUT,110.25134607075438,81.0,1,16,0.8084472361221439,0.0007846831488794487,0.0005268072411728509,0.0005268072411728509,1.3876293467605663e-07,-0.00012770825132992769,-0.014279046920761679,WIN_LEAN
WIN,ETH,Bybit,h156-162|15m|slice_01_h156_pass01_news_breakout_20260518_143230|route_evidence|30,sell,NEWS_BREAKOUT,110.25134607075438,81.0,2,49,0.9351769083156836,0.0008588014608384048,0.000596632125216733,0.000596632125216733,1.797150371946702e-07,-0.00014219756453633567,-0.07315124615723573,WIN_SHAPE
WIN,ETH,Bybit,h156-162|15m|slice_01_h156_pass01_mean_reversion_chop_20260518_143230|route_evidence|30,sell,MEAN_REVERSION_CHOP,110.25134607075438,81.0,0,17,0.8286166829990703,0.0009074275511298312,0.0005909637864929025,0.0005909637864929025,1.9886251801967596e-07,-0.00019886971786087226,-0.09206189377272038,WIN_LEAN
WIN,ETH,Bybit,h156-162|15m|slice_01_h156_pass01_mean_reversion_chop_20260518_143230|route_evidence|30,sell,MEAN_REVERSION_CHOP,110.25134607075438,81.0,1,16,0.8084472361221439,0.0007846831488794487,0.0005268072411728509,0.0005268072411728509,1.3876293467605663e-07,-0.00012770825132992769,-0.014279046920761679,WIN_LEAN
WIN,ETH,Bybit,h156-162|15m|slice_01_h156_pass01_mean_reversion_chop_20260518_143230|route_evidence|30,sell,MEAN_REVERSION_CHOP,110.25134607075438,81.0,2,49,0.9351769083156836,0.0008588014608384048,0.000596632125216733,0.000596632125216733,1.797150371946702e-07,-0.00014219756453633567,-0.07315124615723573,WIN_SHAPE
WIN,ETH,Bybit,h120-126|15m|slice_01_h120_pass01_liquidity_squeeze_20260518_134251|route_evidence|60,buy,LIQUIDITY_SQUEEZE,106.73387830490405,210.0,0,26,0.8686825883672782,0.000468149837215216,0.0002913220457004714,0.0002913220457004714,4.243426715555038e-08,0.00017953452619369869,0.3311782285835477,WIN_SHAPE
WIN,ETH,Bybit,h120-126|15m|slice_01_h120_pass01_liquidity_squeeze_20260518_134251|route_evidence|60,buy,LIQUIDITY_SQUEEZE,106.73387830490405,210.0,1,46,0.9130429544670909,0.0005430612022559388,0.00034516193976752137,0.00034516193976752137,5.956838233203635e-08,9.070053006248931e-05,0.19091188962636166,WIN_SHAPE
WIN,ETH,Bybit,h120-126|15m|slice_01_h120_pass01_liquidity_squeeze_20260518_134251|route_evidence|60,buy,LIQUIDITY_SQUEEZE,106.73387830490405,210.0,2,16,0.7878889803194319,0.00047863954475487104,0.00028413366428029613,0.00028413366428029613,4.0365969588668614e-08,-0.00011470612626425236,-0.4495198557914031,WIN_LEAN
WIN,ETH,Bybit,h120-126|15m|slice_01_h120_pass01_liquidity_squeeze_20260518_134251|route_evidence|60,buy,LIQUIDITY_SQUEEZE,106.73387830490405,210.0,3,18,0.8565633474433483,0.00048635785410760596,0.00030675062446424914,0.00030675062446424914,4.7047972804597884e-08,4.2124021766418324e-05,-0.16844307636180533,WIN_SHAPE
WIN,ETH,Bybit,h120-126|15m|slice_01_h120_pass01_liquidity_squeeze_20260518_134251|route_evidence|60,buy,LIQUIDITY_SQUEEZE,106.73387830490405,210.0,4,28,0.8989515887531376,0.0007790841603749437,0.0005585990097533216,0.0005585990097533216,1.5601642684868415e-07,0.00016313690989424014,0.3036399903784776,WIN_SHAPE
WIN,ETH,Bybit,h120-126|15m|slice_01_h120_pass01_liquidity_squeeze_20260518_134251|route_evidence|60,buy,LIQUIDITY_SQUEEZE,106.73387830490405,210.0,5,16,0.8045593337000305,0.0003906665318836655,0.0002468025370692812,0.0002468025370692812,3.0455746151912894e-08,-8.580800042719735e-06,0.34882739949862185,WIN_LEAN
WIN,ETH,Bybit,h120-126|15m|slice_01_h120_pass01_liquidity_squeeze_20260518_134251|route_evidence|60,buy,LIQUIDITY_SQUEEZE,106.73387830490405,210.0,6,19,0.8690376407318,0.00044225259568319653,0.0003762472580725594,0.0003762472580725594,7.222502313335159e-08,2.4556153885808068e-05,-0.0776062546591449,WIN_SHAPE
WIN,ETH,Bybit,h120-126|15m|slice_01_h120_pass01_liquidity_squeeze_20260518_134251|route_evidence|60,buy,LIQUIDITY_SQUEEZE,106.73387830490405,210.0,7,20,0.8697899936783329,0.000288171478740474,0.00026003927459755503,0.00026003927459755503,3.3810212166607765e-08,-1.9876784502302842e-05,-0.007262325870689784,WIN_SHAPE
WIN,ETH,Bybit,h120-126|15m|slice_01_h120_pass01_liquidity_squeeze_20260518_134251|route_evidence|60,buy,LIQUIDITY_SQUEEZE,106.73387830490405,210.0,8,22,0.9091489059288194,0.000580820026647067,0.0005449439674101754,0.0005449439674101754,1.4848196380835702e-07,1.4919208521120486e-05,-0.00304791531851779,WIN_SHAPE
LOSE,ETH,Bybit,h156-162|15m|slice_01_h156_pass01_basis_dislocation_20260518_143230|route_evidence|54,buy,BASIS_DISLOCATION,-91.57506253524754,15.0,0,16,0.8450629387898224,0.0010307317829089226,0.0006694804036280654,0.0006694804036280654,2.241020054209688e-07,-0.0005330050088691252,-0.2630921247904661,WIN_SHAPE
LOSE,ETH,Bybit,h156-162|15m|slice_01_h156_pass01_relative_strength_20260518_143230|route_evidence|54,buy,RELATIVE_STRENGTH,-91.57506253524754,15.0,0,16,0.8450629387898224,0.0010307317829089226,0.0006694804036280654,0.0006694804036280654,2.241020054209688e-07,-0.0005330050088691252,-0.2630921247904661,WIN_SHAPE
LOSE,ETH,Bybit,h156-162|15m|slice_01_h156_pass01_vol_breakout_20260518_143230|route_evidence|54,buy,VOL_BREAKOUT,-91.57506253524754,15.0,0,16,0.8450629387898224,0.0010307317829089226,0.0006694804036280654,0.0006694804036280654,2.241020054209688e-07,-0.0005330050088691252,-0.2630921247904661,WIN_SHAPE
LOSE,ETH,Bybit,h150-156|15m|slice_01_h150_pass01_basis_dislocation_20260518_142615|route_evidence|42,buy,BASIS_DISLOCATION,-87.75211750713768,15.0,0,16,0.8499757254738561,0.001309650748042439,0.0009378983557270412,0.0009378983557270412,4.398266628376853e-07,-0.0005073010897591009,-0.34827628795143084,MIXED
LOSE,ETH,Bybit,h150-156|15m|slice_01_h150_pass01_relative_strength_20260518_142615|route_evidence|42,buy,RELATIVE_STRENGTH,-87.75211750713768,15.0,0,16,0.8499757254738561,0.001309650748042439,0.0009378983557270412,0.0009378983557270412,4.398266628376853e-07,-0.0005073010897591009,-0.34827628795143084,MIXED
LOSE,ETH,Bybit,h150-156|15m|slice_01_h150_pass01_vol_breakout_20260518_142615|route_evidence|42,buy,VOL_BREAKOUT,-87.75211750713768,15.0,0,16,0.8499757254738561,0.001309650748042439,0.0009378983557270412,0.0009378983557270412,4.398266628376853e-07,-0.0005073010897591009,-0.34827628795143084,MIXED
WIN,ETH,Kraken,h150-156|15m|slice_01_h150_pass01_vol_breakout_20260518_142615|route_evidence|77,buy,VOL_BREAKOUT,174.84938156669733,90.0,0,18,0.8643153997168368,0.0010540309968803863,0.0007551339357642292,0.0007551339357642292,2.85113630471354e-07,0.00023046251384925063,0.13957719927326165,WIN_SHAPE
WIN,ETH,Kraken,h150-156|15m|slice_01_h150_pass01_vol_breakout_20260518_142615|route_evidence|77,buy,VOL_BREAKOUT,174.84938156669733,90.0,1,23,0.8495192863215957,0.0015362503085972268,0.0014484821916788404,0.0014484821916788404,1.0515676050498146e-06,0.0003505228959946972,0.1306689903322586,MIXED
WIN,ETH,Kraken,h150-156|15m|slice_01_h150_pass01_vol_breakout_20260518_142615|route_evidence|77,buy,VOL_BREAKOUT,174.84938156669733,90.0,2,16,0.8377617168473366,0.0009772563964092567,0.0008692156173149597,0.0008692156173149597,3.777678946920626e-07,0.00023920276501906794,0.2183889224489155,WIN_LEAN
WIN,ETH,Kraken,h150-156|15m|slice_01_h150_pass01_vol_breakout_20260518_142615|route_evidence|77,buy,VOL_BREAKOUT,174.84938156669733,90.0,3,16,0.8123771023256982,0.0009607685604899475,0.0009041277999844813,0.0009041277999844813,4.087235393523346e-07,8.902508009456985e-05,0.05845700962420955,MIXED
WIN,ETH,Kraken,h150-156|15m|slice_01_h150_pass01_vol_breakout_20260518_142615|route_evidence|77,buy,VOL_BREAKOUT,174.84938156669733,90.0,4,18,0.8365632103821875,0.0006912962564488287,0.0006321866692662857,0.0006321866692662857,1.9982999239897659e-07,-9.741364116929131e-05,-0.5261525453009812,WIN_LEAN
WIN,ETH,Kraken,h150-156|15m|slice_01_h150_pass01_relative_strength_20260518_142615|route_evidence|77,buy,RELATIVE_STRENGTH,174.84938156669733,90.0,0,18,0.8643153997168368,0.0010540309968803863,0.0007551339357642292,0.0007551339357642292,2.85113630471354e-07,0.00023046251384925063,0.13957719927326165,WIN_SHAPE
WIN,ETH,Kraken,h150-156|15m|slice_01_h150_pass01_relative_strength_20260518_142615|route_evidence|77,buy,RELATIVE_STRENGTH,174.84938156669733,90.0,1,23,0.8495192863215957,0.0015362503085972268,0.0014484821916788404,0.0014484821916788404,1.0515676050498146e-06,0.0003505228959946972,0.1306689903322586,MIXED
WIN,ETH,Kraken,h150-156|15m|slice_01_h150_pass01_relative_strength_20260518_142615|route_evidence|77,buy,RELATIVE_STRENGTH,174.84938156669733,90.0,2,16,0.8377617168473366,0.0009772563964092567,0.0008692156173149597,0.0008692156173149597,3.777678946920626e-07,0.00023920276501906794,0.2183889224489155,WIN_LEAN
WIN,ETH,Kraken,h150-156|15m|slice_01_h150_pass01_relative_strength_20260518_142615|route_evidence|77,buy,RELATIVE_STRENGTH,174.84938156669733,90.0,3,16,0.8123771023256982,0.0009607685604899475,0.0009041277999844813,0.0009041277999844813,4.087235393523346e-07,8.902508009456985e-05,0.05845700962420955,MIXED
WIN,ETH,Kraken,h150-156|15m|slice_01_h150_pass01_relative_strength_20260518_142615|route_evidence|77,buy,RELATIVE_STRENGTH,174.84938156669733,90.0,4,18,0.8365632103821875,0.0006912962564488287,0.0006321866692662857,0.0006321866692662857,1.9982999239897659e-07,-9.741364116929131e-05,-0.5261525453009812,WIN_LEAN
WIN,ETH,Kraken,h150-156|15m|slice_01_h150_pass01_basis_dislocation_20260518_142615|route_evidence|77,buy,BASIS_DISLOCATION,174.84938156669733,90.0,0,18,0.8643153997168368,0.0010540309968803863,0.0007551339357642292,0.0007551339357642292,2.85113630471354e-07,0.00023046251384925063,0.13957719927326165,WIN_SHAPE
WIN,ETH,Kraken,h150-156|15m|slice_01_h150_pass01_basis_dislocation_20260518_142615|route_evidence|77,buy,BASIS_DISLOCATION,174.84938156669733,90.0,1,23,0.8495192863215957,0.0015362503085972268,0.0014484821916788404,0.0014484821916788404,1.0515676050498146e-06,0.0003505228959946972,0.1306689903322586,MIXED
WIN,ETH,Kraken,h150-156|15m|slice_01_h150_pass01_basis_dislocation_20260518_142615|route_evidence|77,buy,BASIS_DISLOCATION,174.84938156669733,90.0,2,16,0.8377617168473366,0.0009772563964092567,0.0008692156173149597,0.0008692156173149597,3.777678946920626e-07,0.00023920276501906794,0.2183889224489155,WIN_LEAN
WIN,ETH,Kraken,h150-156|15m|slice_01_h150_pass01_basis_dislocation_20260518_142615|route_evidence|77,buy,BASIS_DISLOCATION,174.84938156669733,90.0,3,16,0.8123771023256982,0.0009607685604899475,0.0009041277999844813,0.0009041277999844813,4.087235393523346e-07,8.902508009456985e-05,0.05845700962420955,MIXED
WIN,ETH,Kraken,h150-156|15m|slice_01_h150_pass01_basis_dislocation_20260518_142615|route_evidence|77,buy,BASIS_DISLOCATION,174.84938156669733,90.0,4,18,0.8365632103821875,0.0006912962564488287,0.0006321866692662857,0.0006321866692662857,1.9982999239897659e-07,-9.741364116929131e-05,-0.5261525453009812,WIN_LEAN
WIN,ETH,Kraken,h150-156|5m|slice_01_h150_pass01_news_breakout_20260518_143829|route_evidence|89,sell,NEWS_BREAKOUT,172.1325183131639,45.0,0,24,0.8924877457615182,0.0010001425558011975,0.0010182501670217346,0.0010182501670217346,5.184167013198501e-07,-0.00041698305086871864,-0.06741318201372253,WIN_LEAN
WIN,ETH,Kraken,h150-156|5m|slice_01_h150_pass01_news_breakout_20260518_143829|route_evidence|89,sell,NEWS_BREAKOUT,172.1325183131639,45.0,1,22,0.8751278179307033,0.001681265531598581,0.0015666447476464468,0.0015666447476464468,1.227187882663983e-06,-0.000393799930740518,-0.31107227485022887,MIXED
WIN,ETH,Kraken,h150-156|5m|slice_01_h150_pass01_mean_reversion_chop_20260518_143829|route_evidence|89,sell,MEAN_REVERSION_CHOP,172.1325183131639,45.0,0,24,0.8924877457615182,0.0010001425558011975,0.0010182501670217346,0.0010182501670217346,5.184167013198501e-07,-0.00041698305086871864,-0.06741318201372253,WIN_LEAN
WIN,ETH,Kraken,h150-156|5m|slice_01_h150_pass01_mean_reversion_chop_20260518_143829|route_evidence|89,sell,MEAN_REVERSION_CHOP,172.1325183131639,45.0,1,22,0.8751278179307033,0.001681265531598581,0.0015666447476464468,0.0015666447476464468,1.227187882663983e-06,-0.000393799930740518,-0.31107227485022887,MIXED
WIN,ETH,Kraken,h150-156|5m|slice_01_h150_pass01_liquidity_squeeze_20260518_143829|route_evidence|89,sell,LIQUIDITY_SQUEEZE,172.1325183131639,45.0,0,24,0.8924877457615182,0.0010001425558011975,0.0010182501670217346,0.0010182501670217346,5.184167013198501e-07,-0.00041698305086871864,-0.06741318201372253,WIN_LEAN
WIN,ETH,Kraken,h150-156|5m|slice_01_h150_pass01_liquidity_squeeze_20260518_143829|route_evidence|89,sell,LIQUIDITY_SQUEEZE,172.1325183131639,45.0,1,22,0.8751278179307033,0.001681265531598581,0.0015666447476464468,0.0015666447476464468,1.227187882663983e-06,-0.000393799930740518,-0.31107227485022887,MIXED
WIN,ETH,Kraken,h48-54|15m|slice_01_h48_pass01_vol_breakout_20260518_122107|route_evidence|2,sell,VOL_BREAKOUT,162.44226823360717,90.0,0,22,0.8583570389931573,0.0012271469068094567,0.0011106547826789618,0.0011106547826789618,6.167770231437672e-07,-0.0003286311968172687,-0.0968704229143119,WIN_LEAN
WIN,ETH,Kraken,h48-54|15m|slice_01_h48_pass01_vol_breakout_20260518_122107|route_evidence|2,sell,VOL_BREAKOUT,162.44226823360717,90.0,1,17,0.8600277362985254,0.0010143134783492812,0.0008801464195284127,0.0008801464195284127,3.90004310702602e-07,-0.0002528604975036153,-0.045997654917248,WIN_SHAPE
WIN,ETH,Kraken,h48-54|15m|slice_01_h48_pass01_vol_breakout_20260518_122107|route_evidence|2,sell,VOL_BREAKOUT,162.44226823360717,90.0,2,16,0.8159864773239759,0.0011160134777250556,0.0007933244834205557,0.0007933244834205557,3.146818679972038e-07,-0.00031432117310975136,-0.28942744399880316,WIN_LEAN
WIN,ETH,Kraken,h48-54|15m|slice_01_h48_pass01_vol_breakout_20260518_122107|route_evidence|2,sell,VOL_BREAKOUT,162.44226823360717,90.0,3,16,0.8612203113575276,0.0011945878415067417,0.0010945351129256168,0.0010945351129256168,5.990035567134665e-07,-0.00029994794114932927,0.10464290352036257,WIN_LEAN
WIN,ETH,Kraken,h48-54|15m|slice_01_h48_pass01_vol_breakout_20260518_122107|route_evidence|2,sell,VOL_BREAKOUT,162.44226823360717,90.0,4,20,0.8785904548264457,0.0010430994887177833,0.0006507214616970188,0.0006507214616970188,2.117192103565301e-07,0.00014006102477828888,0.42500288064510683,WIN_SHAPE
WIN,ETH,Kraken,h48-54|15m|slice_01_h48_pass01_relative_strength_20260518_122107|route_evidence|2,sell,RELATIVE_STRENGTH,162.44226823360717,90.0,0,22,0.8583570389931573,0.0012271469068094567,0.0011106547826789618,0.0011106547826789618,6.167770231437672e-07,-0.0003286311968172687,-0.0968704229143119,WIN_LEAN
WIN,ETH,Kraken,h48-54|15m|slice_01_h48_pass01_relative_strength_20260518_122107|route_evidence|2,sell,RELATIVE_STRENGTH,162.44226823360717,90.0,1,17,0.8600277362985254,0.0010143134783492812,0.0008801464195284127,0.0008801464195284127,3.90004310702602e-07,-0.0002528604975036153,-0.045997654917248,WIN_SHAPE
WIN,ETH,Kraken,h48-54|15m|slice_01_h48_pass01_relative_strength_20260518_122107|route_evidence|2,sell,RELATIVE_STRENGTH,162.44226823360717,90.0,2,16,0.8159864773239759,0.0011160134777250556,0.0007933244834205557,0.0007933244834205557,3.146818679972038e-07,-0.00031432117310975136,-0.28942744399880316,WIN_LEAN
WIN,ETH,Kraken,h48-54|15m|slice_01_h48_pass01_relative_strength_20260518_122107|route_evidence|2,sell,RELATIVE_STRENGTH,162.44226823360717,90.0,3,16,0.8612203113575276,0.0011945878415067417,0.0010945351129256168,0.0010945351129256168,5.990035567134665e-07,-0.00029994794114932927,0.10464290352036257,WIN_LEAN
WIN,ETH,Kraken,h48-54|15m|slice_01_h48_pass01_relative_strength_20260518_122107|route_evidence|2,sell,RELATIVE_STRENGTH,162.44226823360717,90.0,4,20,0.8785904548264457,0.0010430994887177833,0.0006507214616970188,0.0006507214616970188,2.117192103565301e-07,0.00014006102477828888,0.42500288064510683,WIN_SHAPE
WIN,ETH,Kraken,h48-54|15m|slice_01_h48_pass01_news_breakout_20260518_122107|route_evidence|2,sell,NEWS_BREAKOUT,162.44226823360717,90.0,0,22,0.8583570389931573,0.0012271469068094567,0.0011106547826789618,0.0011106547826789618,6.167770231437672e-07,-0.0003286311968172687,-0.0968704229143119,WIN_LEAN
WIN,ETH,Kraken,h48-54|15m|slice_01_h48_pass01_news_breakout_20260518_122107|route_evidence|2,sell,NEWS_BREAKOUT,162.44226823360717,90.0,1,17,0.8600277362985254,0.0010143134783492812,0.0008801464195284127,0.0008801464195284127,3.90004310702602e-07,-0.0002528604975036153,-0.045997654917248,WIN_SHAPE
WIN,ETH,Kraken,h48-54|15m|slice_01_h48_pass01_news_breakout_20260518_122107|route_evidence|2,sell,NEWS_BREAKOUT,162.44226823360717,90.0,2,16,0.8159864773239759,0.0011160134777250556,0.0007933244834205557,0.0007933244834205557,3.146818679972038e-07,-0.00031432117310975136,-0.28942744399880316,WIN_LEAN
WIN,ETH,Kraken,h48-54|15m|slice_01_h48_pass01_news_breakout_20260518_122107|route_evidence|2,sell,NEWS_BREAKOUT,162.44226823360717,90.0,3,16,0.8612203113575276,0.0011945878415067417,0.0010945351129256168,0.0010945351129256168,5.990035567134665e-07,-0.00029994794114932927,0.10464290352036257,WIN_LEAN
WIN,ETH,Kraken,h48-54|15m|slice_01_h48_pass01_news_breakout_20260518_122107|route_evidence|2,sell,NEWS_BREAKOUT,162.44226823360717,90.0,4,20,0.8785904548264457,0.0010430994887177833,0.0006507214616970188,0.0006507214616970188,2.117192103565301e-07,0.00014006102477828888,0.42500288064510683,WIN_SHAPE
WIN,ETH,Kraken,h48-54|15m|slice_01_h48_pass01_basis_dislocation_20260518_122107|route_evidence|2,sell,BASIS_DISLOCATION,162.44226823360717,90.0,0,22,0.8583570389931573,0.0012271469068094567,0.0011106547826789618,0.0011106547826789618,6.167770231437672e-07,-0.0003286311968172687,-0.0968704229143119,WIN_LEAN
WIN,ETH,Kraken,h48-54|15m|slice_01_h48_pass01_basis_dislocation_20260518_122107|route_evidence|2,sell,BASIS_DISLOCATION,162.44226823360717,90.0,1,17,0.8600277362985254,0.0010143134783492812,0.0008801464195284127,0.0008801464195284127,3.90004310702602e-07,-0.0002528604975036153,-0.045997654917248,WIN_SHAPE
WIN,ETH,Kraken,h48-54|15m|slice_01_h48_pass01_basis_dislocation_20260518_122107|route_evidence|2,sell,BASIS_DISLOCATION,162.44226823360717,90.0,2,16,0.8159864773239759,0.0011160134777250556,0.0007933244834205557,0.0007933244834205557,3.146818679972038e-07,-0.00031432117310975136,-0.28942744399880316,WIN_LEAN
WIN,ETH,Kraken,h48-54|15m|slice_01_h48_pass01_basis_dislocation_20260518_122107|route_evidence|2,sell,BASIS_DISLOCATION,162.44226823360717,90.0,3,16,0.8612203113575276,0.0011945878415067417,0.0010945351129256168,0.0010945351129256168,5.990035567134665e-07,-0.00029994794114932927,0.10464290352036257,WIN_LEAN
WIN,ETH,Kraken,h48-54|15m|slice_01_h48_pass01_basis_dislocation_20260518_122107|route_evidence|2,sell,BASIS_DISLOCATION,162.44226823360717,90.0,4,20,0.8785904548264457,0.0010430994887177833,0.0006507214616970188,0.0006507214616970188,2.117192103565301e-07,0.00014006102477828888,0.42500288064510683,WIN_SHAPE
WIN,ETH,Kraken,h150-156|5m|slice_01_h150_pass01_vol_breakout_20260518_143829|route_evidence|221,buy,VOL_BREAKOUT,131.9200284011693,40.0,0,18,0.8643153997168368,0.0010540309968803863,0.0007551339357642292,0.0007551339357642292,2.85113630471354e-07,0.00023046251384925063,0.13957719927326165,WIN_SHAPE
WIN,ETH,Kraken,h150-156|5m|slice_01_h150_pass01_vol_breakout_20260518_143829|route_evidence|221,buy,VOL_BREAKOUT,131.9200284011693,40.0,1,23,0.8495192863215957,0.0015362503085972268,0.0014484821916788404,0.0014484821916788404,1.0515676050498146e-06,0.0003505228959946972,0.1306689903322586,MIXED
WIN,ETH,Kraken,h156-162|15m|slice_01_h156_pass01_news_breakout_20260518_143230|route_evidence|17,sell,NEWS_BREAKOUT,126.16216184745966,111.0,0,17,0.8462495233980442,0.0006683136377369037,0.0006947705863500824,0.0006947705863500824,2.428559921954783e-07,-0.00014200126067731578,-0.102896127683314,WIN_SHAPE
WIN,ETH,Kraken,h156-162|15m|slice_01_h156_pass01_news_breakout_20260518_143230|route_evidence|17,sell,NEWS_BREAKOUT,126.16216184745966,111.0,1,21,0.844849845844951,0.0005045560047284852,0.0004876069363709644,0.0004876069363709644,1.1935677538967182e-07,2.513866092535011e-05,0.0022317975085693834,WIN_SHAPE
WIN,ETH,Kraken,h156-162|15m|slice_01_h156_pass01_news_breakout_20260518_143230|route_evidence|17,sell,NEWS_BREAKOUT,126.16216184745966,111.0,2,16,0.8155060362960199,0.0005623315567279478,0.0006001737616809247,0.0006001737616809247,1.8010427210509169e-07,-0.00013850484308441935,-0.6606359272796518,WIN_LEAN
WIN,ETH,Kraken,h156-162|15m|slice_01_h156_pass01_news_breakout_20260518_143230|route_evidence|17,sell,NEWS_BREAKOUT,126.16216184745966,111.0,3,21,0.9074275439685515,0.00043968730482456866,0.0005743251751320199,0.0005743251751320199,1.761681831227383e-07,-0.00012567396582401357,0.14678230708498927,WIN_SHAPE
WIN,ETH,Kraken,h156-162|15m|slice_01_h156_pass01_news_breakout_20260518_143230|route_evidence|17,sell,NEWS_BREAKOUT,126.16216184745966,111.0,4,18,0.8757477741029327,0.00034856150985468457,0.0002931496038969906,0.0002931496038969906,4.29683451324762e-08,-7.352942133883666e-05,0.30729735422054044,WIN_SHAPE
WIN,ETH,Kraken,h156-162|15m|slice_01_h156_pass01_news_breakout_20260518_143230|route_evidence|17,sell,NEWS_BREAKOUT,126.16216184745966,111.0,5,18,0.8684021349653922,0.000701028597016066,0.0007882789616166603,0.0007882789616166603,3.106918606636836e-07,-0.00030725537177509084,-0.3394401450420496,WIN_SHAPE
WIN,ETH,Kraken,h156-162|15m|slice_01_h156_pass01_mean_reversion_chop_20260518_143230|route_evidence|17,sell,MEAN_REVERSION_CHOP,126.16216184745966,111.0,0,17,0.8462495233980442,0.0006683136377369037,0.0006947705863500824,0.0006947705863500824,2.428559921954783e-07,-0.00014200126067731578,-0.102896127683314,WIN_SHAPE
WIN,ETH,Kraken,h156-162|15m|slice_01_h156_pass01_mean_reversion_chop_20260518_143230|route_evidence|17,sell,MEAN_REVERSION_CHOP,126.16216184745966,111.0,1,21,0.844849845844951,0.0005045560047284852,0.0004876069363709644,0.0004876069363709644,1.1935677538967182e-07,2.513866092535011e-05,0.0022317975085693834,WIN_SHAPE
WIN,ETH,Kraken,h156-162|15m|slice_01_h156_pass01_mean_reversion_chop_20260518_143230|route_evidence|17,sell,MEAN_REVERSION_CHOP,126.16216184745966,111.0,2,16,0.8155060362960199,0.0005623315567279478,0.0006001737616809247,0.0006001737616809247,1.8010427210509169e-07,-0.00013850484308441935,-0.6606359272796518,WIN_LEAN
WIN,ETH,Kraken,h156-162|15m|slice_01_h156_pass01_mean_reversion_chop_20260518_143230|route_evidence|17,sell,MEAN_REVERSION_CHOP,126.16216184745966,111.0,3,21,0.9074275439685515,0.00043968730482456866,0.0005743251751320199,0.0005743251751320199,1.761681831227383e-07,-0.00012567396582401357,0.14678230708498927,WIN_SHAPE
WIN,ETH,Kraken,h156-162|15m|slice_01_h156_pass01_mean_reversion_chop_20260518_143230|route_evidence|17,sell,MEAN_REVERSION_CHOP,126.16216184745966,111.0,4,18,0.8757477741029327,0.00034856150985468457,0.0002931496038969906,0.0002931496038969906,4.29683451324762e-08,-7.352942133883666e-05,0.30729735422054044,WIN_SHAPE
WIN,ETH,Kraken,h156-162|15m|slice_01_h156_pass01_mean_reversion_chop_20260518_143230|route_evidence|17,sell,MEAN_REVERSION_CHOP,126.16216184745966,111.0,5,18,0.8684021349653922,0.000701028597016066,0.0007882789616166603,0.0007882789616166603,3.106918606636836e-07,-0.00030725537177509084,-0.3394401450420496,WIN_SHAPE
WIN,ETH,Kraken,h156-162|15m|slice_01_h156_pass01_liquidity_squeeze_20260518_143230|route_evidence|17,sell,LIQUIDITY_SQUEEZE,126.16216184745966,111.0,0,17,0.8462495233980442,0.0006683136377369037,0.0006947705863500824,0.0006947705863500824,2.428559921954783e-07,-0.00014200126067731578,-0.102896127683314,WIN_SHAPE
WIN,ETH,Kraken,h156-162|15m|slice_01_h156_pass01_liquidity_squeeze_20260518_143230|route_evidence|17,sell,LIQUIDITY_SQUEEZE,126.16216184745966,111.0,1,21,0.844849845844951,0.0005045560047284852,0.0004876069363709644,0.0004876069363709644,1.1935677538967182e-07,2.513866092535011e-05,0.0022317975085693834,WIN_SHAPE
WIN,ETH,Kraken,h156-162|15m|slice_01_h156_pass01_liquidity_squeeze_20260518_143230|route_evidence|17,sell,LIQUIDITY_SQUEEZE,126.16216184745966,111.0,2,16,0.8155060362960199,0.0005623315567279478,0.0006001737616809247,0.0006001737616809247,1.8010427210509169e-07,-0.00013850484308441935,-0.6606359272796518,WIN_LEAN
WIN,ETH,Kraken,h156-162|15m|slice_01_h156_pass01_liquidity_squeeze_20260518_143230|route_evidence|17,sell,LIQUIDITY_SQUEEZE,126.16216184745966,111.0,3,21,0.9074275439685515,0.00043968730482456866,0.0005743251751320199,0.0005743251751320199,1.761681831227383e-07,-0.00012567396582401357,0.14678230708498927,WIN_SHAPE
WIN,ETH,Kraken,h156-162|15m|slice_01_h156_pass01_liquidity_squeeze_20260518_143230|route_evidence|17,sell,LIQUIDITY_SQUEEZE,126.16216184745966,111.0,4,18,0.8757477741029327,0.00034856150985468457,0.0002931496038969906,0.0002931496038969906,4.29683451324762e-08,-7.352942133883666e-05,0.30729735422054044,WIN_SHAPE
WIN,ETH,Kraken,h156-162|15m|slice_01_h156_pass01_liquidity_squeeze_20260518_143230|route_evidence|17,sell,LIQUIDITY_SQUEEZE,126.16216184745966,111.0,5,18,0.8684021349653922,0.000701028597016066,0.0007882789616166603,0.0007882789616166603,3.106918606636836e-07,-0.00030725537177509084,-0.3394401450420496,WIN_SHAPE
WIN,ETH,Kraken,h150-156|15m|slice_01_h150_pass01_vol_breakout_20260518_142615|route_evidence|83,buy,VOL_BREAKOUT,124.93412654704375,75.0,0,26,0.8718896146053239,0.001422823885894321,0.001454543143651747,0.001454543143651747,1.057847878372069e-06,0.00036801367872215,0.016346956301064294,MIXED
WIN,ETH,Kraken,h150-156|15m|slice_01_h150_pass01_vol_breakout_20260518_142615|route_evidence|83,buy,VOL_BREAKOUT,124.93412654704375,75.0,1,16,0.8377617168473366,0.0009772563964092567,0.0008692156173149597,0.0008692156173149597,3.777678946920626e-07,0.00023920276501906794,0.2183889224489155,WIN_LEAN
WIN,ETH,Kraken,h150-156|15m|slice_01_h150_pass01_vol_breakout_20260518_142615|route_evidence|83,buy,VOL_BREAKOUT,124.93412654704375,75.0,2,16,0.8123771023256982,0.0009607685604899475,0.0009041277999844813,0.0009041277999844813,4.087235393523346e-07,8.902508009456985e-05,0.05845700962420955,MIXED
WIN,ETH,Kraken,h150-156|15m|slice_01_h150_pass01_vol_breakout_20260518_142615|route_evidence|83,buy,VOL_BREAKOUT,124.93412654704375,75.0,3,18,0.8365632103821875,0.0006912962564488287,0.0006321866692662857,0.0006321866692662857,1.9982999239897659e-07,-9.741364116929131e-05,-0.5261525453009812,WIN_LEAN
WIN,ETH,Kraken,h150-156|15m|slice_01_h150_pass01_relative_strength_20260518_142615|route_evidence|83,buy,RELATIVE_STRENGTH,124.93412654704375,75.0,0,26,0.8718896146053239,0.001422823885894321,0.001454543143651747,0.001454543143651747,1.057847878372069e-06,0.00036801367872215,0.016346956301064294,MIXED
WIN,ETH,Kraken,h150-156|15m|slice_01_h150_pass01_relative_strength_20260518_142615|route_evidence|83,buy,RELATIVE_STRENGTH,124.93412654704375,75.0,1,16,0.8377617168473366,0.0009772563964092567,0.0008692156173149597,0.0008692156173149597,3.777678946920626e-07,0.00023920276501906794,0.2183889224489155,WIN_LEAN
WIN,ETH,Kraken,h150-156|15m|slice_01_h150_pass01_relative_strength_20260518_142615|route_evidence|83,buy,RELATIVE_STRENGTH,124.93412654704375,75.0,2,16,0.8123771023256982,0.0009607685604899475,0.0009041277999844813,0.0009041277999844813,4.087235393523346e-07,8.902508009456985e-05,0.05845700962420955,MIXED
WIN,ETH,Kraken,h150-156|15m|slice_01_h150_pass01_relative_strength_20260518_142615|route_evidence|83,buy,RELATIVE_STRENGTH,124.93412654704375,75.0,3,18,0.8365632103821875,0.0006912962564488287,0.0006321866692662857,0.0006321866692662857,1.9982999239897659e-07,-9.741364116929131e-05,-0.5261525453009812,WIN_LEAN
WIN,ETH,Kraken,h150-156|15m|slice_01_h150_pass01_basis_dislocation_20260518_142615|route_evidence|83,buy,BASIS_DISLOCATION,124.93412654704375,75.0,0,26,0.8718896146053239,0.001422823885894321,0.001454543143651747,0.001454543143651747,1.057847878372069e-06,0.00036801367872215,0.016346956301064294,MIXED
WIN,ETH,Kraken,h150-156|15m|slice_01_h150_pass01_basis_dislocation_20260518_142615|route_evidence|83,buy,BASIS_DISLOCATION,124.93412654704375,75.0,1,16,0.8377617168473366,0.0009772563964092567,0.0008692156173149597,0.0008692156173149597,3.777678946920626e-07,0.00023920276501906794,0.2183889224489155,WIN_LEAN
WIN,ETH,Kraken,h150-156|15m|slice_01_h150_pass01_basis_dislocation_20260518_142615|route_evidence|83,buy,BASIS_DISLOCATION,124.93412654704375,75.0,2,16,0.8123771023256982,0.0009607685604899475,0.0009041277999844813,0.0009041277999844813,4.087235393523346e-07,8.902508009456985e-05,0.05845700962420955,MIXED
WIN,ETH,Kraken,h150-156|15m|slice_01_h150_pass01_basis_dislocation_20260518_142615|route_evidence|83,buy,BASIS_DISLOCATION,124.93412654704375,75.0,3,18,0.8365632103821875,0.0006912962564488287,0.0006321866692662857,0.0006321866692662857,1.9982999239897659e-07,-9.741364116929131e-05,-0.5261525453009812,WIN_LEAN
WIN,ETH,Kraken,h150-156|15m|slice_01_h150_pass01_news_breakout_20260518_142615|route_evidence|29,sell,NEWS_BREAKOUT,119.3324392079272,90.0,0,17,0.7708999905503655,0.000781205549581466,0.000868625502545766,0.000868625502545766,4.233565906477293e-07,-0.00028917705127040616,0.4198549387113729,WIN_LEAN
WIN,ETH,Kraken,h150-156|15m|slice_01_h150_pass01_news_breakout_20260518_142615|route_evidence|29,sell,NEWS_BREAKOUT,119.3324392079272,90.0,1,17,0.8618063375800269,0.0009144234512504099,0.0007522211508891156,0.0007522211508891156,3.1057399682360925e-07,-3.0480176510638834e-05,-0.05531339020137366,WIN_SHAPE
WIN,ETH,Kraken,h150-156|15m|slice_01_h150_pass01_news_breakout_20260518_142615|route_evidence|29,sell,NEWS_BREAKOUT,119.3324392079272,90.0,2,20,0.8738217188157684,0.001704443342914186,0.0015555174853350256,0.0015555174853350256,1.2098173235913733e-06,-0.0004686306028632789,-0.373970016071687,MIXED
WIN,ETH,Kraken,h150-156|15m|slice_01_h150_pass01_news_breakout_20260518_142615|route_evidence|29,sell,NEWS_BREAKOUT,119.3324392079272,90.0,3,18,0.7870226586271805,0.0010068260758237361,0.0009562636245121991,0.0009562636245121991,4.5722005978255025e-07,0.00024076725649995975,0.48963027164283246,MIXED
WIN,ETH,Kraken,h150-156|15m|slice_01_h150_pass01_news_breakout_20260518_142615|route_evidence|29,sell,NEWS_BREAKOUT,119.3324392079272,90.0,4,19,0.8818094122536903,0.0007745899844820949,0.0007185963137948203,0.0007185963137948203,3.130734928290346e-07,0.00017146955516356144,0.0925671914348322,WIN_SHAPE
WIN,ETH,Kraken,h150-156|15m|slice_01_h150_pass01_mean_reversion_chop_20260518_142615|route_evidence|29,sell,MEAN_REVERSION_CHOP,119.3324392079272,90.0,0,17,0.7708999905503655,0.000781205549581466,0.000868625502545766,0.000868625502545766,4.233565906477293e-07,-0.00028917705127040616,0.4198549387113729,WIN_LEAN
WIN,ETH,Kraken,h150-156|15m|slice_01_h150_pass01_mean_reversion_chop_20260518_142615|route_evidence|29,sell,MEAN_REVERSION_CHOP,119.3324392079272,90.0,1,17,0.8618063375800269,0.0009144234512504099,0.0007522211508891156,0.0007522211508891156,3.1057399682360925e-07,-3.0480176510638834e-05,-0.05531339020137366,WIN_SHAPE
WIN,ETH,Kraken,h150-156|15m|slice_01_h150_pass01_mean_reversion_chop_20260518_142615|route_evidence|29,sell,MEAN_REVERSION_CHOP,119.3324392079272,90.0,2,20,0.8738217188157684,0.001704443342914186,0.0015555174853350256,0.0015555174853350256,1.2098173235913733e-06,-0.0004686306028632789,-0.373970016071687,MIXED
WIN,ETH,Kraken,h150-156|15m|slice_01_h150_pass01_mean_reversion_chop_20260518_142615|route_evidence|29,sell,MEAN_REVERSION_CHOP,119.3324392079272,90.0,3,18,0.7870226586271805,0.0010068260758237361,0.0009562636245121991,0.0009562636245121991,4.5722005978255025e-07,0.00024076725649995975,0.48963027164283246,MIXED
WIN,ETH,Kraken,h150-156|15m|slice_01_h150_pass01_mean_reversion_chop_20260518_142615|route_evidence|29,sell,MEAN_REVERSION_CHOP,119.3324392079272,90.0,4,19,0.8818094122536903,0.0007745899844820949,0.0007185963137948203,0.0007185963137948203,3.130734928290346e-07,0.00017146955516356144,0.0925671914348322,WIN_SHAPE
WIN,ETH,Kraken,h150-156|15m|slice_01_h150_pass01_liquidity_squeeze_20260518_142615|route_evidence|29,sell,LIQUIDITY_SQUEEZE,119.3324392079272,90.0,0,17,0.7708999905503655,0.000781205549581466,0.000868625502545766,0.000868625502545766,4.233565906477293e-07,-0.00028917705127040616,0.4198549387113729,WIN_LEAN
WIN,ETH,Kraken,h150-156|15m|slice_01_h150_pass01_liquidity_squeeze_20260518_142615|route_evidence|29,sell,LIQUIDITY_SQUEEZE,119.3324392079272,90.0,1,17,0.8618063375800269,0.0009144234512504099,0.0007522211508891156,0.0007522211508891156,3.1057399682360925e-07,-3.0480176510638834e-05,-0.05531339020137366,WIN_SHAPE
WIN,ETH,Kraken,h150-156|15m|slice_01_h150_pass01_liquidity_squeeze_20260518_142615|route_evidence|29,sell,LIQUIDITY_SQUEEZE,119.3324392079272,90.0,2,20,0.8738217188157684,0.001704443342914186,0.0015555174853350256,0.0015555174853350256,1.2098173235913733e-06,-0.0004686306028632789,-0.373970016071687,MIXED
WIN,ETH,Kraken,h150-156|15m|slice_01_h150_pass01_liquidity_squeeze_20260518_142615|route_evidence|29,sell,LIQUIDITY_SQUEEZE,119.3324392079272,90.0,3,18,0.7870226586271805,0.0010068260758237361,0.0009562636245121991,0.0009562636245121991,4.5722005978255025e-07,0.00024076725649995975,0.48963027164283246,MIXED
WIN,ETH,Kraken,h150-156|15m|slice_01_h150_pass01_liquidity_squeeze_20260518_142615|route_evidence|29,sell,LIQUIDITY_SQUEEZE,119.3324392079272,90.0,4,19,0.8818094122536903,0.0007745899844820949,0.0007185963137948203,0.0007185963137948203,3.130734928290346e-07,0.00017146955516356144,0.0925671914348322,WIN_SHAPE
WIN,ETH,Kraken,h0-6|5m|slice_01_h0_pass01_mean_reversion_chop_20260518_084003|route_evidence|23,sell,MEAN_REVERSION_CHOP,118.15513888648896,35.0,0,17,0.8551579019488151,0.0012721937851783108,0.000751393708922367,0.000751393708922367,2.841393540025465e-07,-0.00027129579551909977,0.38134581934235934,WIN_LEAN
WIN,ETH,Kraken,h0-6|5m|slice_01_h0_pass01_mean_reversion_chop_20260518_084003|route_evidence|23,sell,MEAN_REVERSION_CHOP,118.15513888648896,35.0,1,19,0.837834255954541,0.002051563809065355,0.002326380334362077,0.002326380334362077,3.268193109465823e-06,-0.00043617774057993743,-9.47189712862702e-05,LOSE_LEAN
WIN,ETH,Kraken,h0-6|5m|slice_01_h0_pass01_liquidity_squeeze_20260518_084003|route_evidence|23,sell,LIQUIDITY_SQUEEZE,118.15513888648896,35.0,0,17,0.8551579019488151,0.0012721937851783108,0.000751393708922367,0.000751393708922367,2.841393540025465e-07,-0.00027129579551909977,0.38134581934235934,WIN_LEAN
WIN,ETH,Kraken,h0-6|5m|slice_01_h0_pass01_liquidity_squeeze_20260518_084003|route_evidence|23,sell,LIQUIDITY_SQUEEZE,118.15513888648896,35.0,1,19,0.837834255954541,0.002051563809065355,0.002326380334362077,0.002326380334362077,3.268193109465823e-06,-0.00043617774057993743,-9.47189712862702e-05,LOSE_LEAN
WIN,ETH,Kraken,h156-162|15m|slice_01_h156_pass01_relative_strength_20260518_143230|route_evidence|29,sell,RELATIVE_STRENGTH,112.94871468729033,81.0,0,21,0.855919236057398,0.0005808642303641419,0.0006621447051797511,0.0006621447051797511,2.2316205868356834e-07,-0.00017624830587803508,-0.4019085309743964,WIN_SHAPE
WIN,ETH,Kraken,h156-162|15m|slice_01_h156_pass01_relative_strength_20260518_143230|route_evidence|29,sell,RELATIVE_STRENGTH,112.94871468729033,81.0,1,24,0.9141543682970499,0.00043447302896784684,0.0005593441158285714,0.0005593441158285714,1.5643291995600954e-07,-0.00010881923031797638,0.05019672863395075,WIN_SHAPE
WIN,ETH,Kraken,h156-162|15m|slice_01_h156_pass01_relative_strength_20260518_143230|route_evidence|29,sell,RELATIVE_STRENGTH,112.94871468729033,81.0,2,18,0.8757477741029327,0.00034856150985468457,0.0002931496038969906,0.0002931496038969906,4.29683451324762e-08,-7.352942133883666e-05,0.30729735422054044,WIN_SHAPE
WIN,ETH,Kraken,h156-162|15m|slice_01_h156_pass01_relative_strength_20260518_143230|route_evidence|29,sell,RELATIVE_STRENGTH,112.94871468729033,81.0,3,18,0.8684021349653922,0.000701028597016066,0.0007882789616166603,0.0007882789616166603,3.106918606636836e-07,-0.00030725537177509084,-0.3394401450420496,WIN_SHAPE
WIN,ETH,Kraken,h156-162|15m|slice_01_h156_pass01_news_breakout_20260518_143230|route_evidence|29,sell,NEWS_BREAKOUT,112.94871468729033,81.0,0,21,0.855919236057398,0.0005808642303641419,0.0006621447051797511,0.0006621447051797511,2.2316205868356834e-07,-0.00017624830587803508,-0.4019085309743964,WIN_SHAPE
WIN,ETH,Kraken,h156-162|15m|slice_01_h156_pass01_news_breakout_20260518_143230|route_evidence|29,sell,NEWS_BREAKOUT,112.94871468729033,81.0,1,24,0.9141543682970499,0.00043447302896784684,0.0005593441158285714,0.0005593441158285714,1.5643291995600954e-07,-0.00010881923031797638,0.05019672863395075,WIN_SHAPE
WIN,ETH,Kraken,h156-162|15m|slice_01_h156_pass01_news_breakout_20260518_143230|route_evidence|29,sell,NEWS_BREAKOUT,112.94871468729033,81.0,2,18,0.8757477741029327,0.00034856150985468457,0.0002931496038969906,0.0002931496038969906,4.29683451324762e-08,-7.352942133883666e-05,0.30729735422054044,WIN_SHAPE
WIN,ETH,Kraken,h156-162|15m|slice_01_h156_pass01_news_breakout_20260518_143230|route_evidence|29,sell,NEWS_BREAKOUT,112.94871468729033,81.0,3,18,0.8684021349653922,0.000701028597016066,0.0007882789616166603,0.0007882789616166603,3.106918606636836e-07,-0.00030725537177509084,-0.3394401450420496,WIN_SHAPE
WIN,ETH,Kraken,h156-162|15m|slice_01_h156_pass01_basis_dislocation_20260518_143230|route_evidence|29,sell,BASIS_DISLOCATION,112.94871468729033,81.0,0,21,0.855919236057398,0.0005808642303641419,0.0006621447051797511,0.0006621447051797511,2.2316205868356834e-07,-0.00017624830587803508,-0.4019085309743964,WIN_SHAPE
WIN,ETH,Kraken,h156-162|15m|slice_01_h156_pass01_basis_dislocation_20260518_143230|route_evidence|29,sell,BASIS_DISLOCATION,112.94871468729033,81.0,1,24,0.9141543682970499,0.00043447302896784684,0.0005593441158285714,0.0005593441158285714,1.5643291995600954e-07,-0.00010881923031797638,0.05019672863395075,WIN_SHAPE
WIN,ETH,Kraken,h156-162|15m|slice_01_h156_pass01_basis_dislocation_20260518_143230|route_evidence|29,sell,BASIS_DISLOCATION,112.94871468729033,81.0,2,18,0.8757477741029327,0.00034856150985468457,0.0002931496038969906,0.0002931496038969906,4.29683451324762e-08,-7.352942133883666e-05,0.30729735422054044,WIN_SHAPE
WIN,ETH,Kraken,h156-162|15m|slice_01_h156_pass01_basis_dislocation_20260518_143230|route_evidence|29,sell,BASIS_DISLOCATION,112.94871468729033,81.0,3,18,0.8684021349653922,0.000701028597016066,0.0007882789616166603,0.0007882789616166603,3.106918606636836e-07,-0.00030725537177509084,-0.3394401450420496,WIN_SHAPE
WIN,ETH,Kraken,h120-126|15m|slice_01_h120_pass01_vol_breakout_20260518_134251|route_evidence|59,buy,VOL_BREAKOUT,111.7214456617553,210.0,0,35,0.9277700978666674,0.00029247911373064036,0.0002599160390784214,0.0002599160390784214,3.523989289886894e-08,0.0001692480424866883,0.6941984663346586,WIN_SHAPE
WIN,ETH,Kraken,h120-126|15m|slice_01_h120_pass01_vol_breakout_20260518_134251|route_evidence|59,buy,VOL_BREAKOUT,111.7214456617553,210.0,1,25,0.8813975078122648,0.00029747082188972965,0.00036695888972405915,0.00036695888972405915,6.872258994813904e-08,0.00010013135142790859,0.35268564819696935,WIN_SHAPE
WIN,ETH,Kraken,h120-126|15m|slice_01_h120_pass01_vol_breakout_20260518_134251|route_evidence|59,buy,VOL_BREAKOUT,111.7214456617553,210.0,2,16,0.8511634993983687,0.00033291316289948,0.0003486116495010077,0.0003486116495010077,6.076504108389859e-08,-2.1120257412772976e-05,0.14955552500162392,WIN_SHAPE
WIN,ETH,Kraken,h120-126|15m|slice_01_h120_pass01_vol_breakout_20260518_134251|route_evidence|59,buy,VOL_BREAKOUT,111.7214456617553,210.0,3,18,0.8570028933191451,0.00035687304843853016,0.0003664283708190068,0.0003664283708190068,6.713487547052791e-08,6.086307651799379e-06,-0.157830227795102,WIN_SHAPE
WIN,ETH,Kraken,h120-126|15m|slice_01_h120_pass01_vol_breakout_20260518_134251|route_evidence|59,buy,VOL_BREAKOUT,111.7214456617553,210.0,4,17,0.838450845345894,0.00035099353224328256,0.000307138724945748,0.000307138724945748,5.154602756580994e-08,5.31674934530213e-05,0.2951707444659523,WIN_LEAN
WIN,ETH,Kraken,h120-126|15m|slice_01_h120_pass01_vol_breakout_20260518_134251|route_evidence|59,buy,VOL_BREAKOUT,111.7214456617553,210.0,5,33,0.9124364104134038,0.0005264697806890887,0.0003697851538735984,0.0003697851538735984,7.351471613091193e-08,5.7548560942949356e-05,0.17083607909754245,WIN_SHAPE
WIN,ETH,Kraken,h120-126|15m|slice_01_h120_pass01_vol_breakout_20260518_134251|route_evidence|59,buy,VOL_BREAKOUT,111.7214456617553,210.0,6,19,0.8688432279587476,0.00024258082678149233,0.0002619378583345431,0.0002619378583345431,4.410831813699281e-08,-0.00010088091100711615,0.1560762803149162,WIN_SHAPE
WIN,ETH,Kraken,h120-126|15m|slice_01_h120_pass01_vol_breakout_20260518_134251|route_evidence|59,buy,VOL_BREAKOUT,111.7214456617553,210.0,7,16,0.8562174376832938,0.00036964930827962405,0.0003622621875997757,0.0003622621875997757,6.561694628227879e-08,5.6377613149531194e-05,0.4220183791870721,WIN_SHAPE
WIN,ETH,Kraken,h120-126|15m|slice_01_h120_pass01_vol_breakout_20260518_134251|route_evidence|59,buy,VOL_BREAKOUT,111.7214456617553,210.0,8,16,0.879337197885668,0.0003033300847518081,0.0005531623050228307,0.0005531623050228307,1.5299426784906515e-07,0.00019613424262511595,0.16045230563134755,WIN_SHAPE
WIN,ETH,Kraken,h120-126|15m|slice_01_h120_pass01_vol_breakout_20260518_134251|route_evidence|59,buy,VOL_BREAKOUT,111.7214456617553,210.0,9,16,0.8243351189479169,0.0003061627829044054,0.000257016064895421,0.000257016064895421,3.3028628807159213e-08,-0.00015254981127839075,0.09790735288257602,WIN_LEAN
WIN,ETH,Kraken,h0-6|15m|slice_01_h0_pass01_basis_dislocation_20260518_083449|route_evidence|6,buy,BASIS_DISLOCATION,110.47078182210697,75.0,0,17,0.8745799181317456,0.0009457795444162492,0.000949196418468665,0.000949196418468665,4.6591355093385566e-07,0.00013081706214818078,-0.00496739289785668,WIN_LEAN
WIN,ETH,Kraken,h0-6|15m|slice_01_h0_pass01_basis_dislocation_20260518_083449|route_evidence|6,buy,BASIS_DISLOCATION,110.47078182210697,75.0,1,43,0.9084867698552024,0.001151346399265684,0.0010039491857683797,0.0010039491857683797,5.03959988756826e-07,0.0003328531470750063,0.15356387327808074,WIN_LEAN
WIN,ETH,Kraken,h0-6|15m|slice_01_h0_pass01_basis_dislocation_20260518_083449|route_evidence|6,buy,BASIS_DISLOCATION,110.47078182210697,75.0,2,16,0.8401786952348222,0.0012312585962038869,0.0007262145136312897,0.0007262145136312897,2.6369375990433015e-07,-0.0001893134932685688,0.4525164402203735,WIN_LEAN
WIN,ETH,Kraken,h0-6|15m|slice_01_h0_pass01_vol_breakout_20260518_083449|route_evidence|9,buy,VOL_BREAKOUT,110.45548372246745,75.0,0,17,0.8745799181317456,0.0009457795444162492,0.000949196418468665,0.000949196418468665,4.6591355093385566e-07,0.00013081706214818078,-0.00496739289785668,WIN_LEAN
WIN,ETH,Kraken,h0-6|15m|slice_01_h0_pass01_vol_breakout_20260518_083449|route_evidence|9,buy,VOL_BREAKOUT,110.45548372246745,75.0,1,43,0.9084867698552024,0.001151346399265684,0.0010039491857683797,0.0010039491857683797,5.03959988756826e-07,0.0003328531470750063,0.15356387327808074,WIN_LEAN
WIN,ETH,Kraken,h0-6|15m|slice_01_h0_pass01_vol_breakout_20260518_083449|route_evidence|9,buy,VOL_BREAKOUT,110.45548372246745,75.0,2,16,0.8401786952348222,0.0012312585962038869,0.0007262145136312897,0.0007262145136312897,2.6369375990433015e-07,-0.0001893134932685688,0.4525164402203735,WIN_LEAN
WIN,ETH,Kraken,h0-6|15m|slice_01_h0_pass01_relative_strength_20260518_083449|route_evidence|6,buy,RELATIVE_STRENGTH,110.45548372246745,75.0,0,17,0.8745799181317456,0.0009457795444162492,0.000949196418468665,0.000949196418468665,4.6591355093385566e-07,0.00013081706214818078,-0.00496739289785668,WIN_LEAN
WIN,ETH,Kraken,h0-6|15m|slice_01_h0_pass01_relative_strength_20260518_083449|route_evidence|6,buy,RELATIVE_STRENGTH,110.45548372246745,75.0,1,43,0.9084867698552024,0.001151346399265684,0.0010039491857683797,0.0010039491857683797,5.03959988756826e-07,0.0003328531470750063,0.15356387327808074,WIN_LEAN
WIN,ETH,Kraken,h0-6|15m|slice_01_h0_pass01_relative_strength_20260518_083449|route_evidence|6,buy,RELATIVE_STRENGTH,110.45548372246745,75.0,2,16,0.8401786952348222,0.0012312585962038869,0.0007262145136312897,0.0007262145136312897,2.6369375990433015e-07,-0.0001893134932685688,0.4525164402203735,WIN_LEAN
WIN,ETH,Kraken,h156-162|5m|slice_01_h156_pass01_vol_breakout_20260518_144258|route_evidence|83,sell,VOL_BREAKOUT,109.95791684682607,75.0,0,17,0.8508330893714267,0.0005637069276379692,0.0006812642738587543,0.0006812642738587543,2.3273765093412715e-07,-0.0002349033106702758,-0.5336611744123002,WIN_SHAPE
WIN,ETH,Kraken,h156-162|5m|slice_01_h156_pass01_vol_breakout_20260518_144258|route_evidence|83,sell,VOL_BREAKOUT,109.95791684682607,75.0,1,23,0.9071747908898585,0.0004436510480297117,0.0005708883800829808,0.0005708883800829808,1.6731614670263851e-07,-0.00010167636540823402,0.09512504724076948,WIN_SHAPE
WIN,ETH,Kraken,h156-162|5m|slice_01_h156_pass01_vol_breakout_20260518_144258|route_evidence|83,sell,VOL_BREAKOUT,109.95791684682607,75.0,2,18,0.8757477741029327,0.00034856150985468457,0.0002931496038969906,0.0002931496038969906,4.29683451324762e-08,-7.352942133883666e-05,0.30729735422054044,WIN_SHAPE
WIN,ETH,Kraken,h156-162|5m|slice_01_h156_pass01_vol_breakout_20260518_144258|route_evidence|83,sell,VOL_BREAKOUT,109.95791684682607,75.0,3,17,0.8595220908680351,0.0007208024308924494,0.0008125247101359875,0.0008125247101359875,3.572114122585297e-07,-0.00030607217250205876,-0.40510414228441505,WIN_SHAPE
WIN,ETH,Kraken,h96-102|15m|slice_01_h96_pass01_vol_breakout_20260518_130535|route_evidence|65,buy,VOL_BREAKOUT,107.65958287769473,150.0,0,27,0.8915268021581039,0.0006828030373934062,0.0005815150685285312,0.0005815150685285312,1.7234055497697094e-07,0.000257490051674132,0.2624199271476919,WIN_SHAPE
WIN,ETH,Kraken,h96-102|15m|slice_01_h96_pass01_vol_breakout_20260518_130535|route_evidence|65,buy,VOL_BREAKOUT,107.65958287769473,150.0,1,16,0.7468428350945457,0.0006196534465368689,0.0005261108460378129,0.0005261108460378129,1.383963111592932e-07,-6.720357358940277e-05,-0.11327938611375907,WIN_LEAN
WIN,ETH,Kraken,h96-102|15m|slice_01_h96_pass01_vol_breakout_20260518_130535|route_evidence|65,buy,VOL_BREAKOUT,107.65958287769473,150.0,2,16,0.8097824881909742,0.0004774279057276461,0.0005063199675267875,0.0005063199675267875,1.2817995475814644e-07,-1.9208479803486018e-05,0.2799009499809654,WIN_LEAN
WIN,ETH,Kraken,h96-102|15m|slice_01_h96_pass01_vol_breakout_20260518_130535|route_evidence|65,buy,VOL_BREAKOUT,107.65958287769473,150.0,3,17,0.8230373590281317,0.0005270125752593859,0.0004887328156870099,0.0004887328156870099,1.195643471099774e-07,4.420596451776282e-05,0.2937635548846581,WIN_LEAN
WIN,ETH,Kraken,h96-102|15m|slice_01_h96_pass01_vol_breakout_20260518_130535|route_evidence|65,buy,VOL_BREAKOUT,107.65958287769473,150.0,4,20,0.8776169788475461,0.0004230668559196446,0.00044455318956003904,0.00044455318956003904,9.881376917399159e-08,7.447901373993766e-05,0.10929706737666944,WIN_SHAPE
WIN,ETH,Kraken,h96-102|15m|slice_01_h96_pass01_vol_breakout_20260518_130535|route_evidence|65,buy,VOL_BREAKOUT,107.65958287769473,150.0,5,25,0.8951408942547228,0.00045831744472543234,0.00035978596881871243,0.00035978596881871243,6.479891155029512e-08,8.011411294310082e-05,0.10868654222920947,WIN_SHAPE
WIN,ETH,Kraken,h96-102|15m|slice_01_h96_pass01_vol_breakout_20260518_130535|route_evidence|65,buy,VOL_BREAKOUT,107.65958287769473,150.0,6,30,0.913571742800577,0.0008832851538547593,0.0007096608691673281,0.0007096608691673281,2.518092746136464e-07,-4.905863969609141e-05,-0.08126573453230743,WIN_SHAPE
LOSE,ETH,Kraken,h42-48|15m|slice_01_h42_pass01_liquidity_squeeze_20260518_115039|route_evidence|22,sell,LIQUIDITY_SQUEEZE,-128.26137892676775,15.0,0,16,0.8253108443972291,0.0015150811869594156,0.001052639069475797,0.001052639069475797,5.540245052933619e-07,0.0007700609699908749,0.23794916215562423,LOSE_LEAN
LOSE,ETH,Kraken,h42-48|15m|slice_01_h42_pass01_mean_reversion_chop_20260518_114315|route_evidence|22,sell,MEAN_REVERSION_CHOP,-128.26137892676775,15.0,0,16,0.8253108443972291,0.0015150811869594156,0.001052639069475797,0.001052639069475797,5.540245052933619e-07,0.0007700609699908749,0.23794916215562423,LOSE_LEAN
LOSE,ETH,Kraken,h42-48|15m|slice_01_h42_pass01_news_breakout_20260518_114315|route_evidence|22,sell,NEWS_BREAKOUT,-128.26137892676775,15.0,0,16,0.8253108443972291,0.0015150811869594156,0.001052639069475797,0.001052639069475797,5.540245052933619e-07,0.0007700609699908749,0.23794916215562423,LOSE_LEAN
LOSE,ETH,Kraken,h42-48|15m|slice_01_h42_pass01_relative_strength_20260518_115039|route_evidence|22,sell,RELATIVE_STRENGTH,-128.26137892676775,15.0,0,16,0.8253108443972291,0.0015150811869594156,0.001052639069475797,0.001052639069475797,5.540245052933619e-07,0.0007700609699908749,0.23794916215562423,LOSE_LEAN
LOSE,ETH,Kraken,h0-6|15m|slice_01_h0_pass01_liquidity_squeeze_20260518_083449|route_evidence|9,sell,LIQUIDITY_SQUEEZE,-90.82695802171096,15.0,0,16,0.7804911173622547,0.001746826465324094,0.0013448154447667877,0.0013448154447667877,9.042642902415258e-07,0.0005230799213572723,0.11275302887949029,LOSE_LEAN
LOSE,ETH,Kraken,h0-6|15m|slice_01_h0_pass01_mean_reversion_chop_20260518_083449|route_evidence|16,sell,MEAN_REVERSION_CHOP,-90.82695802171096,15.0,0,16,0.7804911173622547,0.001746826465324094,0.0013448154447667877,0.0013448154447667877,9.042642902415258e-07,0.0005230799213572723,0.11275302887949029,LOSE_LEAN
LOSE,ETH,Kraken,h0-6|15m|slice_01_h0_pass01_news_breakout_20260518_083449|route_evidence|15,sell,NEWS_BREAKOUT,-90.82695802171096,15.0,0,16,0.7804911173622547,0.001746826465324094,0.0013448154447667877,0.0013448154447667877,9.042642902415258e-07,0.0005230799213572723,0.11275302887949029,LOSE_LEAN
LOSE,ETH,Kraken,h156-162|15m|slice_01_h156_pass01_basis_dislocation_20260518_143230|route_evidence|53,buy,BASIS_DISLOCATION,-87.42113255190942,15.0,0,16,0.8208800012585878,0.000708130362094835,0.0007114689186405658,0.0007114689186405658,2.5309401109575436e-07,-0.0005103966354556752,-0.4247014203630271,WIN_LEAN
LOSE,ETH,Kraken,h156-162|15m|slice_01_h156_pass01_relative_strength_20260518_143230|route_evidence|53,buy,RELATIVE_STRENGTH,-87.42113255190942,15.0,0,16,0.8208800012585878,0.000708130362094835,0.0007114689186405658,0.0007114689186405658,2.5309401109575436e-07,-0.0005103966354556752,-0.4247014203630271,WIN_LEAN
LOSE,ETH,Kraken,h156-162|15m|slice_01_h156_pass01_vol_breakout_20260518_143230|route_evidence|53,buy,VOL_BREAKOUT,-87.42113255190942,15.0,0,16,0.8208800012585878,0.000708130362094835,0.0007114689186405658,0.0007114689186405658,2.5309401109575436e-07,-0.0005103966354556752,-0.4247014203630271,WIN_LEAN
LOSE,ETH,Kraken,h0-6|15m|slice_01_h0_pass01_basis_dislocation_20260518_083449|route_evidence|11,buy,BASIS_DISLOCATION,-87.02517026427692,15.0,0,16,0.7835796624110436,0.0021913688980256672,0.002527287345665462,0.002527287345665462,3.1935906637799623e-06,-0.000502414514977545,-0.01597718031327737,LOSE_LEAN
LOSE,ETH,Kraken,h0-6|15m|slice_01_h0_pass01_relative_strength_20260518_083449|route_evidence|11,buy,RELATIVE_STRENGTH,-87.02517026427692,15.0,0,16,0.7835796624110436,0.0021913688980256672,0.002527287345665462,0.002527287345665462,3.1935906637799623e-06,-0.000502414514977545,-0.01597718031327737,LOSE_LEAN
LOSE,ETH,Kraken,h0-6|15m|slice_01_h0_pass01_vol_breakout_20260518_083449|route_evidence|19,buy,VOL_BREAKOUT,-87.02517026427692,15.0,0,16,0.7835796624110436,0.0021913688980256672,0.002527287345665462,0.002527287345665462,3.1935906637799623e-06,-0.000502414514977545,-0.01597718031327737,LOSE_LEAN
LOSE,ETH,Kraken,h0-6|15m|slice_01_h0_pass01_basis_dislocation_20260518_083449|route_evidence|16,sell,BASIS_DISLOCATION,-86.60483642525969,15.0,0,16,0.7641007205982877,0.001325026710084744,0.0010350996072380516,0.0010350996072380516,5.357155984521132e-07,0.0004951661264747997,-0.13399073852113025,LOSE_LEAN
LOSE,ETH,Kraken,h0-6|15m|slice_01_h0_pass01_news_breakout_20260518_083449|route_evidence|26,sell,NEWS_BREAKOUT,-86.60483642525969,15.0,0,16,0.7641007205982877,0.001325026710084744,0.0010350996072380516,0.0010350996072380516,5.357155984521132e-07,0.0004951661264747997,-0.13399073852113025,LOSE_LEAN
LOSE,ETH,Kraken,h0-6|15m|slice_01_h0_pass01_relative_strength_20260518_083449|route_evidence|16,sell,RELATIVE_STRENGTH,-86.60483642525969,15.0,0,16,0.7641007205982877,0.001325026710084744,0.0010350996072380516,0.0010350996072380516,5.357155984521132e-07,0.0004951661264747997,-0.13399073852113025,LOSE_LEAN
LOSE,ETH,Kraken,h0-6|15m|slice_01_h0_pass01_vol_breakout_20260518_083449|route_evidence|26,sell,VOL_BREAKOUT,-86.60483642525969,15.0,0,16,0.7641007205982877,0.001325026710084744,0.0010350996072380516,0.0010350996072380516,5.357155984521132e-07,0.0004951661264747997,-0.13399073852113025,LOSE_LEAN
LOSE,ETH,Kraken,h150-156|15m|slice_01_h150_pass01_liquidity_squeeze_20260518_142615|route_evidence|41,buy,LIQUIDITY_SQUEEZE,-85.63733280078839,15.0,0,16,0.8505047626238194,0.0010504560420966143,0.0009139593958333604,0.0009139593958333604,4.1766088861598485e-07,-0.0005039947089700902,-0.17922474909108477,WIN_LEAN
LOSE,ETH,Kraken,h150-156|15m|slice_01_h150_pass01_mean_reversion_chop_20260518_142615|route_evidence|41,buy,MEAN_REVERSION_CHOP,-85.63733280078839,15.0,0,16,0.8505047626238194,0.0010504560420966143,0.0009139593958333604,0.0009139593958333604,4.1766088861598485e-07,-0.0005039947089700902,-0.17922474909108477,WIN_LEAN
LOSE,ETH,Kraken,h48-54|15m|slice_01_h48_pass01_liquidity_squeeze_20260518_122107|route_evidence|2,buy,LIQUIDITY_SQUEEZE,-75.53164113970391,15.0,0,16,0.8663879497572157,0.0012729262605819434,0.0011826312302427886,0.0011826312302427886,6.993083133726925e-07,-0.0004252020142697432,-0.1844435403705851,MIXED
LOSE,ETH,Kraken,h48-54|15m|slice_01_h48_pass01_mean_reversion_chop_20260518_122107|route_evidence|2,buy,MEAN_REVERSION_CHOP,-75.53164113970391,15.0,0,16,0.8663879497572157,0.0012729262605819434,0.0011826312302427886,0.0011826312302427886,6.993083133726925e-07,-0.0004252020142697432,-0.1844435403705851,MIXED
WIN,BTC,Kraken,h150-156|15m|slice_01_h150_pass01_vol_breakout_20260518_142615|route_evidence|74,buy,VOL_BREAKOUT,174.05789632771436,90.0,0,24,0.8771031725883541,0.001069007499275424,0.0009477434364252232,0.0009477434364252232,4.4910881064350655e-07,0.0002882741160347774,0.015846443598947883,WIN_LEAN
WIN,BTC,Kraken,h150-156|15m|slice_01_h150_pass01_vol_breakout_20260518_142615|route_evidence|74,buy,VOL_BREAKOUT,174.05789632771436,90.0,1,16,0.7883321191083477,0.0012675085926158198,0.0013381180632350185,0.0013381180632350185,8.952799755777989e-07,0.0005096250080545891,0.10102585503262979,LOSE_LEAN
WIN,BTC,Kraken,h150-156|15m|slice_01_h150_pass01_vol_breakout_20260518_142615|route_evidence|74,buy,VOL_BREAKOUT,174.05789632771436,90.0,2,17,0.8687156477328665,0.0006715107352395701,0.0007627758178397923,0.0007627758178397923,2.9887587105869853e-07,0.00015547944746030495,0.03716201929638957,WIN_SHAPE
WIN,BTC,Kraken,h150-156|15m|slice_01_h150_pass01_vol_breakout_20260518_142615|route_evidence|74,buy,VOL_BREAKOUT,174.05789632771436,90.0,3,17,0.8425407279492577,0.001023055320354049,0.0009580988397213774,0.0009580988397213774,5.941367549775441e-07,9.6941681083762e-05,0.12416922326847514,MIXED
WIN,BTC,Kraken,h150-156|15m|slice_01_h150_pass01_vol_breakout_20260518_142615|route_evidence|74,buy,VOL_BREAKOUT,174.05789632771436,90.0,4,17,0.8306531608609767,0.00059203585642647,0.0006567142635347963,0.0006567142635347963,2.2310853313557119e-07,-7.06240305934358e-05,-0.09559031775031884,WIN_LEAN
WIN,BTC,Kraken,h150-156|15m|slice_01_h150_pass01_news_breakout_20260518_142615|route_evidence|74,buy,NEWS_BREAKOUT,174.05789632771436,90.0,0,24,0.8771031725883541,0.001069007499275424,0.0009477434364252232,0.0009477434364252232,4.4910881064350655e-07,0.0002882741160347774,0.015846443598947883,WIN_LEAN
WIN,BTC,Kraken,h150-156|15m|slice_01_h150_pass01_news_breakout_20260518_142615|route_evidence|74,buy,NEWS_BREAKOUT,174.05789632771436,90.0,1,16,0.7883321191083477,0.0012675085926158198,0.0013381180632350185,0.0013381180632350185,8.952799755777989e-07,0.0005096250080545891,0.10102585503262979,LOSE_LEAN
WIN,BTC,Kraken,h150-156|15m|slice_01_h150_pass01_news_breakout_20260518_142615|route_evidence|74,buy,NEWS_BREAKOUT,174.05789632771436,90.0,2,17,0.8687156477328665,0.0006715107352395701,0.0007627758178397923,0.0007627758178397923,2.9887587105869853e-07,0.00015547944746030495,0.03716201929638957,WIN_SHAPE
WIN,BTC,Kraken,h150-156|15m|slice_01_h150_pass01_news_breakout_20260518_142615|route_evidence|74,buy,NEWS_BREAKOUT,174.05789632771436,90.0,3,17,0.8425407279492577,0.001023055320354049,0.0009580988397213774,0.0009580988397213774,5.941367549775441e-07,9.6941681083762e-05,0.12416922326847514,MIXED
WIN,BTC,Kraken,h150-156|15m|slice_01_h150_pass01_news_breakout_20260518_142615|route_evidence|74,buy,NEWS_BREAKOUT,174.05789632771436,90.0,4,17,0.8306531608609767,0.00059203585642647,0.0006567142635347963,0.0006567142635347963,2.2310853313557119e-07,-7.06240305934358e-05,-0.09559031775031884,WIN_LEAN
WIN,BTC,Kraken,h150-156|15m|slice_01_h150_pass01_basis_dislocation_20260518_142615|route_evidence|74,buy,BASIS_DISLOCATION,174.05789632771436,90.0,0,24,0.8771031725883541,0.001069007499275424,0.0009477434364252232,0.0009477434364252232,4.4910881064350655e-07,0.0002882741160347774,0.015846443598947883,WIN_LEAN
WIN,BTC,Kraken,h150-156|15m|slice_01_h150_pass01_basis_dislocation_20260518_142615|route_evidence|74,buy,BASIS_DISLOCATION,174.05789632771436,90.0,1,16,0.7883321191083477,0.0012675085926158198,0.0013381180632350185,0.0013381180632350185,8.952799755777989e-07,0.0005096250080545891,0.10102585503262979,LOSE_LEAN
WIN,BTC,Kraken,h150-156|15m|slice_01_h150_pass01_basis_dislocation_20260518_142615|route_evidence|74,buy,BASIS_DISLOCATION,174.05789632771436,90.0,2,17,0.8687156477328665,0.0006715107352395701,0.0007627758178397923,0.0007627758178397923,2.9887587105869853e-07,0.00015547944746030495,0.03716201929638957,WIN_SHAPE
WIN,BTC,Kraken,h150-156|15m|slice_01_h150_pass01_basis_dislocation_20260518_142615|route_evidence|74,buy,BASIS_DISLOCATION,174.05789632771436,90.0,3,17,0.8425407279492577,0.001023055320354049,0.0009580988397213774,0.0009580988397213774,5.941367549775441e-07,9.6941681083762e-05,0.12416922326847514,MIXED
WIN,BTC,Kraken,h150-156|15m|slice_01_h150_pass01_basis_dislocation_20260518_142615|route_evidence|74,buy,BASIS_DISLOCATION,174.05789632771436,90.0,4,17,0.8306531608609767,0.00059203585642647,0.0006567142635347963,0.0006567142635347963,2.2310853313557119e-07,-7.06240305934358e-05,-0.09559031775031884,WIN_LEAN
WIN,BTC,Kraken,h150-156|5m|slice_01_h150_pass01_basis_dislocation_20260518_143829|route_evidence|218,buy,BASIS_DISLOCATION,135.986393694036,40.0,0,24,0.8771031725883541,0.001069007499275424,0.0009477434364252232,0.0009477434364252232,4.4910881064350655e-07,0.0002882741160347774,0.015846443598947883,WIN_LEAN
WIN,BTC,Kraken,h150-156|5m|slice_01_h150_pass01_basis_dislocation_20260518_143829|route_evidence|218,buy,BASIS_DISLOCATION,135.986393694036,40.0,1,17,0.8447212960935091,0.001218769075894995,0.0013012647802125767,0.0013012647802125767,8.969577624150511e-07,0.0004783839303810211,0.06801613561935345,WIN_LEAN
WIN,BTC,Kraken,h150-156|5m|slice_01_h150_pass01_basis_dislocation_20260518_143829|route_evidence|224,buy,BASIS_DISLOCATION,110.19011323449821,35.0,0,19,0.8770092527583685,0.0008345201678818571,0.0006761941483619697,0.0006761941483619697,2.2876553832412691e-07,0.00022806184934213528,0.12105723446962885,WIN_SHAPE
WIN,BTC,Kraken,h150-156|5m|slice_01_h150_pass01_basis_dislocation_20260518_143829|route_evidence|224,buy,BASIS_DISLOCATION,110.19011323449821,35.0,1,17,0.8447212960935091,0.001218769075894995,0.0013012647802125767,0.0013012647802125767,8.969577624150511e-07,0.0004783839303810211,0.06801613561935345,WIN_LEAN
LOSE,BTC,Kraken,h150-156|15m|slice_01_h150_pass01_liquidity_squeeze_20260518_142615|route_evidence|74,sell,LIQUIDITY_SQUEEZE,-82.8156918369496,15.0,0,16,0.8064828661208514,0.0012676256448454128,0.0010716945761747867,0.0010716945761747867,5.742646323011513e-07,0.00048335597104175084,0.19937242804316146,LOSE_LEAN
LOSE,BTC,Kraken,h150-156|15m|slice_01_h150_pass01_mean_reversion_chop_20260518_142615|route_evidence|74,sell,MEAN_REVERSION_CHOP,-82.8156918369496,15.0,0,16,0.8064828661208514,0.0012676256448454128,0.0010716945761747867,0.0010716945761747867,5.742646323011513e-07,0.00048335597104175084,0.19937242804316146,LOSE_LEAN
LOSE,BTC,Kraken,h150-156|15m|slice_01_h150_pass01_relative_strength_20260518_142615|route_evidence|74,sell,RELATIVE_STRENGTH,-82.8156918369496,15.0,0,16,0.8064828661208514,0.0012676256448454128,0.0010716945761747867,0.0010716945761747867,5.742646323011513e-07,0.00048335597104175084,0.19937242804316146,LOSE_LEAN
