trade_id,asset,venue,side,strategy_id,net_bps,hold_min,n_chunks_total,k,k_frac,chunk_score,stack_score,chunk_pred,stack_pred,truth,funding_rate,oi_zscore,news_flag
h96-102|15m|slice_01_h96_pass01_mean_reversion_chop_20260518_130535|route_evidence|42,ETH,Bybit,buy,MEAN_REVERSION_CHOP,6.577468074536576,30.0,1,1,1.0,-3.63834061062615,-3.3665619573738454,0,0,1,0.0,0.0,0.0
h96-102|15m|slice_01_h96_pass01_liquidity_squeeze_20260518_130535|route_evidence|44,BTC,Kraken,sell,LIQUIDITY_SQUEEZE,19.864068564922675,60.0,1,1,1.0,2.1574548433300587,2.429233496582363,1,1,1,0.0,0.0,0.0
h96-102|5m|slice_01_h96_pass01_liquidity_squeeze_20260518_131504|route_evidence|149,ETH,Kraken,sell,LIQUIDITY_SQUEEZE,26.506911353521275,30.0,1,1,1.0,-1.5004707525487893,-1.2286920992964847,0,0,1,0.0,0.0,0.0
h96-102|5m|slice_01_h96_pass01_liquidity_squeeze_20260518_131504|route_evidence|146,BTC,Kraken,sell,LIQUIDITY_SQUEEZE,25.075337262683114,35.0,1,1,1.0,0.7207179105416932,0.9924965637939978,1,1,1,0.0,0.0,0.0
h96-102|5m|slice_01_h96_pass01_liquidity_squeeze_20260518_131504|route_evidence|158,BTC,Kraken,sell,LIQUIDITY_SQUEEZE,7.314886160737704,25.0,1,1,1.0,-0.7560848261590936,-0.48430617290678907,0,0,1,0.0,0.0,0.0
h96-102|15m|slice_01_h96_pass01_liquidity_squeeze_20260518_130535|route_evidence|63,BTC,Bybit,buy,LIQUIDITY_SQUEEZE,19.906788073979598,45.0,1,1,1.0,1.348361257136404,1.6201399103887086,1,1,1,0.0,0.0,0.0
h96-102|15m|slice_01_h96_pass01_basis_dislocation_20260518_130535|route_evidence|62,BTC,Kraken,buy,BASIS_DISLOCATION,25.867066896446346,45.0,1,1,1.0,2.531553644664849,2.8033322979171533,1,1,1,0.0,0.0,0.0
h96-102|5m|slice_01_h96_pass01_vol_breakout_20260518_131504|route_evidence|185,ETH,Kraken,buy,VOL_BREAKOUT,39.74038550216697,65.0,3,1,0.3333333333333333,0.20334700998565403,0.4751256632379585,1,1,1,0.0,0.0,0.0
h96-102|5m|slice_01_h96_pass01_vol_breakout_20260518_131504|route_evidence|185,ETH,Kraken,buy,VOL_BREAKOUT,39.74038550216697,65.0,3,2,0.6666666666666666,-0.16518346752367014,0.10659518572863436,0,1,1,0.0,0.0,0.0
h96-102|5m|slice_01_h96_pass01_vol_breakout_20260518_131504|route_evidence|185,ETH,Kraken,buy,VOL_BREAKOUT,39.74038550216697,65.0,3,3,1.0,-0.037874189445013556,0.23390446380729094,0,1,1,0.0,0.0,0.0
h96-102|15m|slice_01_h96_pass01_vol_breakout_20260518_130535|route_evidence|65,ETH,Kraken,buy,VOL_BREAKOUT,107.65958287769473,150.0,7,1,0.14285714285714285,0.1137994160391631,0.3855780692914676,1,1,1,0.0,0.0,0.0
h96-102|15m|slice_01_h96_pass01_vol_breakout_20260518_130535|route_evidence|65,ETH,Kraken,buy,VOL_BREAKOUT,107.65958287769473,150.0,7,2,0.2857142857142857,-1.6886176158843138,-1.4168389626320093,0,0,1,0.0,0.0,0.0
h96-102|15m|slice_01_h96_pass01_vol_breakout_20260518_130535|route_evidence|65,ETH,Kraken,buy,VOL_BREAKOUT,107.65958287769473,150.0,7,3,0.42857142857142855,-1.4940904695070447,-1.2223118162547402,0,0,1,0.0,0.0,0.0
h96-102|15m|slice_01_h96_pass01_vol_breakout_20260518_130535|route_evidence|65,ETH,Kraken,buy,VOL_BREAKOUT,107.65958287769473,150.0,7,4,0.5714285714285714,-1.3133820978153132,-1.0416034445630087,0,0,1,0.0,0.0,0.0
h96-102|15m|slice_01_h96_pass01_vol_breakout_20260518_130535|route_evidence|65,ETH,Kraken,buy,VOL_BREAKOUT,107.65958287769473,150.0,7,5,0.7142857142857143,-0.7714476911223369,-0.4996690378700324,0,0,1,0.0,0.0,0.0
h96-102|15m|slice_01_h96_pass01_vol_breakout_20260518_130535|route_evidence|65,ETH,Kraken,buy,VOL_BREAKOUT,107.65958287769473,150.0,7,6,0.8571428571428571,-0.26340832576008566,0.008370327492218832,0,1,1,0.0,0.0,0.0
h96-102|15m|slice_01_h96_pass01_vol_breakout_20260518_130535|route_evidence|65,ETH,Kraken,buy,VOL_BREAKOUT,107.65958287769473,150.0,7,7,1.0,-0.33123552040673276,-0.05945686715442827,0,0,1,0.0,0.0,0.0
h96-102|15m|slice_01_h96_pass01_basis_dislocation_20260518_130535|route_evidence|65,ETH,Kraken,buy,BASIS_DISLOCATION,44.654648818855335,60.0,3,1,0.3333333333333333,-0.09878940536455968,0.1729892478877448,0,1,1,0.0,0.0,0.0
h96-102|15m|slice_01_h96_pass01_basis_dislocation_20260518_130535|route_evidence|65,ETH,Kraken,buy,BASIS_DISLOCATION,44.654648818855335,60.0,3,2,0.6666666666666666,-0.8328969319302021,-0.5611182786778977,0,0,1,0.0,0.0,0.0
h96-102|15m|slice_01_h96_pass01_basis_dislocation_20260518_130535|route_evidence|65,ETH,Kraken,buy,BASIS_DISLOCATION,44.654648818855335,60.0,3,3,1.0,-0.9017649375984389,-0.6299862843461344,0,0,1,0.0,0.0,0.0
h96-102|15m|slice_01_h96_pass01_basis_dislocation_20260518_130535|route_evidence|66,ETH,Bybit,buy,BASIS_DISLOCATION,44.45054226225442,45.0,2,1,0.5,-0.8598146767108424,-0.588036023458538,0,0,1,0.0,0.0,0.0
h96-102|15m|slice_01_h96_pass01_basis_dislocation_20260518_130535|route_evidence|66,ETH,Bybit,buy,BASIS_DISLOCATION,44.45054226225442,45.0,2,2,1.0,-0.2702486968736272,0.0015299563786773107,0,1,1,0.0,0.0,0.0
h96-102|5m|slice_01_h96_pass01_basis_dislocation_20260518_131504|route_evidence|182,BTC,Kraken,buy,BASIS_DISLOCATION,28.330695398194322,35.0,1,1,1.0,1.8809148450655064,2.1526934983178108,1,1,1,0.0,0.0,0.0
h96-102|5m|slice_01_h96_pass01_basis_dislocation_20260518_131504|route_evidence|184,ETH,Coinbase,buy,BASIS_DISLOCATION,42.93761910616561,35.0,1,1,1.0,0.9595776334060107,1.2313562866583152,1,1,1,0.0,0.0,0.0
h96-102|15m|slice_01_h96_pass01_basis_dislocation_20260518_130535|route_evidence|71,ETH,Kraken,buy,BASIS_DISLOCATION,11.127776683517943,45.0,2,1,0.5,-1.8063591164244788,-1.5345804631721742,0,0,1,0.0,0.0,0.0
h96-102|15m|slice_01_h96_pass01_basis_dislocation_20260518_130535|route_evidence|71,ETH,Kraken,buy,BASIS_DISLOCATION,11.127776683517943,45.0,2,2,1.0,-0.3022078633992755,-0.03042921014697103,0,0,1,0.0,0.0,0.0
h96-102|15m|slice_01_h96_pass01_liquidity_squeeze_20260518_130535|route_evidence|72,ETH,Bybit,buy,LIQUIDITY_SQUEEZE,75.11696245394837,135.0,5,1,0.2,-0.9400652830935031,-0.6682866298411987,0,0,1,0.0,0.0,0.0
h96-102|15m|slice_01_h96_pass01_liquidity_squeeze_20260518_130535|route_evidence|72,ETH,Bybit,buy,LIQUIDITY_SQUEEZE,75.11696245394837,135.0,5,2,0.4,-0.5710570079215859,-0.2992783546692814,0,0,1,0.0,0.0,0.0
h96-102|15m|slice_01_h96_pass01_liquidity_squeeze_20260518_130535|route_evidence|72,ETH,Bybit,buy,LIQUIDITY_SQUEEZE,75.11696245394837,135.0,5,3,0.6,0.09940769287317403,0.3711863461254785,1,1,1,0.0,0.0,0.0
h96-102|15m|slice_01_h96_pass01_liquidity_squeeze_20260518_130535|route_evidence|72,ETH,Bybit,buy,LIQUIDITY_SQUEEZE,75.11696245394837,135.0,5,4,0.8,0.2146887359389978,0.4864673891913023,1,1,1,0.0,0.0,0.0
h96-102|15m|slice_01_h96_pass01_liquidity_squeeze_20260518_130535|route_evidence|72,ETH,Bybit,buy,LIQUIDITY_SQUEEZE,75.11696245394837,135.0,5,5,1.0,-0.20136876961655695,0.07040988363574754,0,1,1,0.0,0.0,0.0
h96-102|5m|slice_01_h96_pass01_basis_dislocation_20260518_131504|route_evidence|201,ETH,Coinbase,buy,BASIS_DISLOCATION,11.481434365054758,20.0,1,1,1.0,-0.7793390945457498,-0.5075604412934454,0,0,1,0.0,0.0,0.0
h96-102|5m|slice_01_h96_pass01_basis_dislocation_20260518_131504|route_evidence|202,ETH,Kraken,buy,BASIS_DISLOCATION,11.830915019805138,20.0,1,1,1.0,-0.6087410353348248,-0.33696238208252033,0,0,1,0.0,0.0,0.0
h96-102|15m|slice_01_h96_pass01_relative_strength_20260518_130535|route_evidence|71,ETH,Kraken,buy,RELATIVE_STRENGTH,14.322215656664895,30.0,1,1,1.0,-0.30887483221144063,-0.03709617895913614,0,0,1,0.0,0.0,0.0
h96-102|5m|slice_01_h96_pass01_vol_breakout_20260518_131504|route_evidence|202,ETH,Kraken,buy,VOL_BREAKOUT,6.229356794257484,50.0,3,1,0.3333333333333333,-1.8063591164244788,-1.5345804631721742,0,0,1,0.0,0.0,0.0
h96-102|5m|slice_01_h96_pass01_vol_breakout_20260518_131504|route_evidence|202,ETH,Kraken,buy,VOL_BREAKOUT,6.229356794257484,50.0,3,2,0.6666666666666666,-1.1700365307287377,-0.8982578774764332,0,0,1,0.0,0.0,0.0
h96-102|5m|slice_01_h96_pass01_vol_breakout_20260518_131504|route_evidence|202,ETH,Kraken,buy,VOL_BREAKOUT,6.229356794257484,50.0,3,3,1.0,-0.7077762315817266,-0.43599757832942215,0,0,1,0.0,0.0,0.0
h96-102|15m|slice_01_h96_pass01_mean_reversion_chop_20260518_130535|route_evidence|72,ETH,Bybit,buy,MEAN_REVERSION_CHOP,11.842139671745112,30.0,1,1,1.0,-0.179300529872599,0.09247812337970548,0,1,1,0.0,0.0,0.0
h96-102|5m|slice_01_h96_pass01_basis_dislocation_20260518_131504|route_evidence|199,BTC,Kraken,buy,BASIS_DISLOCATION,-8.017358570795057,20.0,1,1,1.0,0.7783742780296835,1.050152931281988,1,1,0,0.0,0.0,0.0
h96-102|5m|slice_01_h96_pass01_liquidity_squeeze_20260518_131504|route_evidence|215,BTC,Bybit,sell,LIQUIDITY_SQUEEZE,21.668902548952296,65.0,3,1,0.3333333333333333,1.8357120419270447,2.107490695179349,1,1,1,0.0,0.0,0.0
h96-102|5m|slice_01_h96_pass01_liquidity_squeeze_20260518_131504|route_evidence|215,BTC,Bybit,sell,LIQUIDITY_SQUEEZE,21.668902548952296,65.0,3,2,0.6666666666666666,1.590786968088083,1.8625656213403876,1,1,1,0.0,0.0,0.0
h96-102|5m|slice_01_h96_pass01_liquidity_squeeze_20260518_131504|route_evidence|215,BTC,Bybit,sell,LIQUIDITY_SQUEEZE,21.668902548952296,65.0,3,3,1.0,1.1720526847740163,1.4438313380263208,1,1,1,0.0,0.0,0.0
h96-102|15m|slice_01_h96_pass01_liquidity_squeeze_20260518_130535|route_evidence|74,BTC,Bybit,sell,LIQUIDITY_SQUEEZE,6.959029431345023,90.0,4,1,0.25,1.8357120419270447,2.107490695179349,1,1,1,0.0,0.0,0.0
h96-102|15m|slice_01_h96_pass01_liquidity_squeeze_20260518_130535|route_evidence|74,BTC,Bybit,sell,LIQUIDITY_SQUEEZE,6.959029431345023,90.0,4,2,0.5,1.590786968088083,1.8625656213403876,1,1,1,0.0,0.0,0.0
h96-102|15m|slice_01_h96_pass01_liquidity_squeeze_20260518_130535|route_evidence|74,BTC,Bybit,sell,LIQUIDITY_SQUEEZE,6.959029431345023,90.0,4,3,0.75,1.477191617415928,1.7489702706682326,1,1,1,0.0,0.0,0.0
h96-102|15m|slice_01_h96_pass01_liquidity_squeeze_20260518_130535|route_evidence|74,BTC,Bybit,sell,LIQUIDITY_SQUEEZE,6.959029431345023,90.0,4,4,1.0,1.2271440620076557,1.4989227152599602,1,1,1,0.0,0.0,0.0
h96-102|5m|slice_01_h96_pass01_mean_reversion_chop_20260518_131504|route_evidence|215,BTC,Bybit,sell,MEAN_REVERSION_CHOP,9.781103054099232,25.0,1,1,1.0,2.059722968402035,2.3315016216543394,1,1,1,0.0,0.0,0.0
h96-102|15m|slice_01_h96_pass01_basis_dislocation_20260518_130535|route_evidence|87,ETH,Bybit,buy,BASIS_DISLOCATION,-5.537492765398842,15.0,1,1,1.0,-2.0144073342946758,-1.7426286810423712,0,0,0,0.0,0.0,0.0
h96-102|15m|slice_01_h96_pass01_basis_dislocation_20260518_130535|route_evidence|97,ETH,Bybit,buy,BASIS_DISLOCATION,53.45219647969213,60.0,2,1,0.5,0.013450029031386423,0.2852286822836909,1,1,1,0.0,0.0,0.0
h96-102|15m|slice_01_h96_pass01_basis_dislocation_20260518_130535|route_evidence|97,ETH,Bybit,buy,BASIS_DISLOCATION,53.45219647969213,60.0,2,2,1.0,-0.9260743814036935,-0.654295728151389,0,0,1,0.0,0.0,0.0
h96-102|5m|slice_01_h96_pass01_basis_dislocation_20260518_131504|route_evidence|277,ETH,Kraken,buy,BASIS_DISLOCATION,77.01987499781546,40.0,1,1,1.0,0.30768655057616445,0.5794652038284689,1,1,1,0.0,0.0,0.0
h96-102|5m|slice_01_h96_pass01_relative_strength_20260518_131504|route_evidence|277,ETH,Kraken,buy,RELATIVE_STRENGTH,25.581803927392556,25.0,1,1,1.0,1.7893822099804102,2.0611608632327147,1,1,1,0.0,0.0,0.0
h96-102|15m|slice_01_h96_pass01_basis_dislocation_20260518_130535|route_evidence|95,ETH,Coinbase,buy,BASIS_DISLOCATION,58.504160478728295,60.0,2,1,0.5,1.3023857491707487,1.5741644024230532,1,1,1,0.0,0.0,0.0
h96-102|15m|slice_01_h96_pass01_basis_dislocation_20260518_130535|route_evidence|95,ETH,Coinbase,buy,BASIS_DISLOCATION,58.504160478728295,60.0,2,2,1.0,-0.8920111806544995,-0.6202325274021949,0,0,1,0.0,0.0,0.0
h96-102|15m|slice_01_h96_pass01_basis_dislocation_20260518_130535|route_evidence|94,BTC,Bybit,buy,BASIS_DISLOCATION,-5.258661316878458,15.0,1,1,1.0,-2.4215774162988173,-2.1497987630465127,0,0,0,0.0,0.0,0.0
h96-102|15m|slice_01_h96_pass01_liquidity_squeeze_20260518_130535|route_evidence|100,ETH,Coinbase,buy,LIQUIDITY_SQUEEZE,31.32138112040528,45.0,2,1,0.5,-2.4342176476866997,-2.162438994434395,0,0,1,0.0,0.0,0.0
h96-102|15m|slice_01_h96_pass01_liquidity_squeeze_20260518_130535|route_evidence|100,ETH,Coinbase,buy,LIQUIDITY_SQUEEZE,31.32138112040528,45.0,2,2,1.0,-1.977110765334611,-1.7053321120823064,0,0,1,0.0,0.0,0.0
h96-102|15m|slice_01_h96_pass01_basis_dislocation_20260518_130535|route_evidence|101,ETH,Kraken,buy,BASIS_DISLOCATION,25.092044281439104,45.0,1,1,1.0,0.17026761853840366,0.44204627179070816,1,1,1,0.0,0.0,0.0
h96-102|15m|slice_01_h96_pass01_mean_reversion_chop_20260518_130535|route_evidence|99,BTC,Bybit,buy,MEAN_REVERSION_CHOP,15.307710857396417,45.0,2,1,0.5,0.7913651008607642,1.0631437541130686,1,1,1,0.0,0.0,0.0
h96-102|15m|slice_01_h96_pass01_mean_reversion_chop_20260518_130535|route_evidence|99,BTC,Bybit,buy,MEAN_REVERSION_CHOP,15.307710857396417,45.0,2,2,1.0,0.4205562026034642,0.6923348558557687,1,1,1,0.0,0.0,0.0
h96-102|15m|slice_01_h96_pass01_liquidity_squeeze_20260518_130535|route_evidence|102,ETH,Bybit,sell,LIQUIDITY_SQUEEZE,-36.986381539634195,15.0,1,1,1.0,-0.6766293941029408,-0.40485074085063627,0,0,0,0.0,0.0,0.0
h96-102|5m|slice_01_h96_pass01_liquidity_squeeze_20260518_131504|route_evidence|300,ETH,Coinbase,buy,LIQUIDITY_SQUEEZE,42.28951142234149,15.0,1,1,1.0,-6.040862866422656,-5.769084213170352,0,0,1,0.0,0.0,0.0
h96-102|15m|slice_01_h96_pass01_liquidity_squeeze_20260518_130535|route_evidence|103,BTC,Kraken,sell,LIQUIDITY_SQUEEZE,-24.409937888198392,15.0,1,1,1.0,-1.1108913242699858,-0.8391126710176813,0,0,0,0.0,0.0,0.0
h96-102|15m|slice_01_h96_pass01_liquidity_squeeze_20260518_130535|route_evidence|116,ETH,Kraken,buy,LIQUIDITY_SQUEEZE,50.78739191957673,50.0,3,1,0.3333333333333333,-1.3903404229294993,-1.1185617696771948,0,0,1,0.0,0.0,0.0
h96-102|15m|slice_01_h96_pass01_liquidity_squeeze_20260518_130535|route_evidence|116,ETH,Kraken,buy,LIQUIDITY_SQUEEZE,50.78739191957673,50.0,3,2,0.6666666666666666,-0.7508596857956256,-0.4790810325433211,0,0,1,0.0,0.0,0.0
h96-102|15m|slice_01_h96_pass01_liquidity_squeeze_20260518_130535|route_evidence|116,ETH,Kraken,buy,LIQUIDITY_SQUEEZE,50.78739191957673,50.0,3,3,1.0,-1.4285386157323359,-1.1567599624800313,0,0,1,0.0,0.0,0.0
h96-102|5m|slice_01_h96_pass01_basis_dislocation_20260518_131504|route_evidence|334,BTC,Kraken,buy,BASIS_DISLOCATION,7.467747771073315,40.0,2,1,0.5,2.4054510967387905,2.677229749991095,1,1,1,0.0,0.0,0.0
h96-102|5m|slice_01_h96_pass01_basis_dislocation_20260518_131504|route_evidence|334,BTC,Kraken,buy,BASIS_DISLOCATION,7.467747771073315,40.0,2,2,1.0,2.8545992449940063,3.126377898246311,1,1,1,0.0,0.0,0.0
h96-102|5m|slice_01_h96_pass01_liquidity_squeeze_20260518_131504|route_evidence|335,ETH,Coinbase,buy,LIQUIDITY_SQUEEZE,42.55770648967702,40.0,1,1,1.0,1.3027412768105342,1.5745199300628387,1,1,1,0.0,0.0,0.0
h96-102|15m|slice_01_h96_pass01_liquidity_squeeze_20260518_130535|route_evidence|117,ETH,Bybit,buy,LIQUIDITY_SQUEEZE,49.12539522966674,50.0,3,1,0.3333333333333333,0.00033338301440410945,0.2721120362667086,1,1,1,0.0,0.0,0.0
h96-102|15m|slice_01_h96_pass01_liquidity_squeeze_20260518_130535|route_evidence|117,ETH,Bybit,buy,LIQUIDITY_SQUEEZE,49.12539522966674,50.0,3,2,0.6666666666666666,-0.8003983288720923,-0.5286196756197878,0,0,1,0.0,0.0,0.0
h96-102|15m|slice_01_h96_pass01_liquidity_squeeze_20260518_130535|route_evidence|117,ETH,Bybit,buy,LIQUIDITY_SQUEEZE,49.12539522966674,50.0,3,3,1.0,-1.7280609590192684,-1.4562823057669638,0,0,1,0.0,0.0,0.0
h96-102|5m|slice_01_h96_pass01_mean_reversion_chop_20260518_131504|route_evidence|338,ETH,Bybit,buy,MEAN_REVERSION_CHOP,44.219406566999425,40.0,2,1,0.5,0.00033338301440410945,0.2721120362667086,1,1,1,0.0,0.0,0.0
h96-102|5m|slice_01_h96_pass01_mean_reversion_chop_20260518_131504|route_evidence|338,ETH,Bybit,buy,MEAN_REVERSION_CHOP,44.219406566999425,40.0,2,2,1.0,-0.12366301172619946,0.148115641526105,0,1,1,0.0,0.0,0.0
h96-102|15m|slice_01_h96_pass01_basis_dislocation_20260518_130535|route_evidence|121,ETH,Kraken,buy,BASIS_DISLOCATION,14.98654885016347,35.0,1,1,1.0,1.114978127004532,1.3867567802568366,1,1,1,0.0,0.0,0.0
h102-108|15m|slice_01_h102_pass01_basis_dislocation_20260518_130857|route_evidence|24,ETH,Kraken,buy,BASIS_DISLOCATION,-19.367547023128566,15.0,1,1,1.0,0.8124139466876213,1.0841925999399258,1,1,0,0.0,0.0,0.0
h102-108|15m|slice_01_h102_pass01_basis_dislocation_20260518_130857|route_evidence|50,ETH,Bybit,buy,BASIS_DISLOCATION,20.3893227568818,75.0,3,1,0.3333333333333333,1.4896230711997887,1.7614017244520932,1,1,1,0.0,0.0,0.0
h102-108|15m|slice_01_h102_pass01_basis_dislocation_20260518_130857|route_evidence|50,ETH,Bybit,buy,BASIS_DISLOCATION,20.3893227568818,75.0,3,2,0.6666666666666666,0.6062325920522551,0.8780112453045597,1,1,1,0.0,0.0,0.0
h102-108|15m|slice_01_h102_pass01_basis_dislocation_20260518_130857|route_evidence|50,ETH,Bybit,buy,BASIS_DISLOCATION,20.3893227568818,75.0,3,3,1.0,1.4399194910460646,1.7116981442983692,1,1,1,0.0,0.0,0.0
h102-108|15m|slice_01_h102_pass01_basis_dislocation_20260518_130857|route_evidence|54,ETH,Kraken,buy,BASIS_DISLOCATION,9.960837318914505,60.0,3,1,0.3333333333333333,0.24232832137233373,0.5141069746246383,1,1,1,0.0,0.0,0.0
h102-108|15m|slice_01_h102_pass01_basis_dislocation_20260518_130857|route_evidence|54,ETH,Kraken,buy,BASIS_DISLOCATION,9.960837318914505,60.0,3,2,0.6666666666666666,0.11607734760542776,0.38785600085773225,1,1,1,0.0,0.0,0.0
h102-108|15m|slice_01_h102_pass01_basis_dislocation_20260518_130857|route_evidence|54,ETH,Kraken,buy,BASIS_DISLOCATION,9.960837318914505,60.0,3,3,1.0,1.2141203989303346,1.4858990521826392,1,1,1,0.0,0.0,0.0
h102-108|15m|slice_01_h102_pass01_basis_dislocation_20260518_130857|route_evidence|53,ETH,Coinbase,buy,BASIS_DISLOCATION,8.831124393623996,60.0,1,1,1.0,3.8249360269943677,4.096714680246672,1,1,1,0.0,0.0,0.0
h102-108|15m|slice_01_h102_pass01_basis_dislocation_20260518_130857|route_evidence|56,BTC,Coinbase,buy,BASIS_DISLOCATION,-7.423795052856374,15.0,1,1,1.0,1.1623955402899815,1.434174193542286,1,1,0,0.0,0.0,0.0
h102-108|15m|slice_01_h102_pass01_basis_dislocation_20260518_130857|route_evidence|64,BTC,Bybit,sell,BASIS_DISLOCATION,-28.304519604875196,15.0,1,1,1.0,1.7797984347267237,2.051577087979028,1,1,0,0.0,0.0,0.0
h102-108|15m|slice_01_h102_pass01_basis_dislocation_20260518_130857|route_evidence|72,ETH,Kraken,sell,BASIS_DISLOCATION,30.920624544234677,75.0,3,1,0.3333333333333333,2.7474187278939723,3.019197381146277,1,1,1,0.0,0.0,0.0
h102-108|15m|slice_01_h102_pass01_basis_dislocation_20260518_130857|route_evidence|72,ETH,Kraken,sell,BASIS_DISLOCATION,30.920624544234677,75.0,3,2,0.6666666666666666,2.667607495604619,2.9393861488569235,1,1,1,0.0,0.0,0.0
h102-108|15m|slice_01_h102_pass01_basis_dislocation_20260518_130857|route_evidence|72,ETH,Kraken,sell,BASIS_DISLOCATION,30.920624544234677,75.0,3,3,1.0,3.2116393525206917,3.483418005772996,1,1,1,0.0,0.0,0.0
h102-108|15m|slice_01_h102_pass01_basis_dislocation_20260518_130857|route_evidence|89,ETH,Coinbase,sell,BASIS_DISLOCATION,5.070229429660834,60.0,2,1,0.5,3.4313644116514395,3.703143064903744,1,1,1,0.0,0.0,0.0
h102-108|15m|slice_01_h102_pass01_basis_dislocation_20260518_130857|route_evidence|89,ETH,Coinbase,sell,BASIS_DISLOCATION,5.070229429660834,60.0,2,2,1.0,3.313871233424755,3.5856498866770594,1,1,1,0.0,0.0,0.0
h102-108|15m|slice_01_h102_pass01_basis_dislocation_20260518_130857|route_evidence|115,ETH,Bybit,buy,BASIS_DISLOCATION,-15.075242931534628,15.0,1,1,1.0,2.6164677872562487,2.8882464405085533,1,1,0,0.0,0.0,0.0
h108-114|5m|slice_01_h108_pass01_liquidity_squeeze_20260518_132746|route_evidence|33,BTC,Bybit,buy,LIQUIDITY_SQUEEZE,6.677426346974114,25.0,1,1,1.0,3.6363507081922966,3.908129361444601,1,1,1,0.0,0.0,0.0
h108-114|5m|slice_01_h108_pass01_liquidity_squeeze_20260518_132746|route_evidence|42,ETH,Bybit,buy,LIQUIDITY_SQUEEZE,7.335666438285973,92.0,4,1,0.25,2.190401165629054,2.4621798188813586,1,1,1,0.0,0.0,0.0
h108-114|5m|slice_01_h108_pass01_liquidity_squeeze_20260518_132746|route_evidence|42,ETH,Bybit,buy,LIQUIDITY_SQUEEZE,7.335666438285973,92.0,4,2,0.5,2.379906995019913,2.6516856482722178,1,1,1,0.0,0.0,0.0
h108-114|5m|slice_01_h108_pass01_liquidity_squeeze_20260518_132746|route_evidence|42,ETH,Bybit,buy,LIQUIDITY_SQUEEZE,7.335666438285973,92.0,4,3,0.75,1.7691545718865156,2.04093322513882,1,1,1,0.0,0.0,0.0
h108-114|5m|slice_01_h108_pass01_liquidity_squeeze_20260518_132746|route_evidence|42,ETH,Bybit,buy,LIQUIDITY_SQUEEZE,7.335666438285973,92.0,4,4,1.0,2.2293082787379985,2.501086931990303,1,1,1,0.0,0.0,0.0
h108-114|15m|slice_01_h108_pass01_basis_dislocation_20260518_131508|route_evidence|16,ETH,Coinbase,buy,BASIS_DISLOCATION,14.085631624486972,90.0,4,1,0.25,3.0820478045899993,3.353826457842304,1,1,1,0.0,0.0,0.0
h108-114|15m|slice_01_h108_pass01_basis_dislocation_20260518_131508|route_evidence|16,ETH,Coinbase,buy,BASIS_DISLOCATION,14.085631624486972,90.0,4,2,0.5,1.766722556236671,2.0385012094889756,1,1,1,0.0,0.0,0.0
h108-114|15m|slice_01_h108_pass01_basis_dislocation_20260518_131508|route_evidence|16,ETH,Coinbase,buy,BASIS_DISLOCATION,14.085631624486972,90.0,4,3,0.75,2.49385980832071,2.7656384615730145,1,1,1,0.0,0.0,0.0
h108-114|15m|slice_01_h108_pass01_basis_dislocation_20260518_131508|route_evidence|16,ETH,Coinbase,buy,BASIS_DISLOCATION,14.085631624486972,90.0,4,4,1.0,2.689641998527939,2.9614206517802435,1,1,1,0.0,0.0,0.0
h108-114|15m|slice_01_h108_pass01_basis_dislocation_20260518_131508|route_evidence|32,BTC,Kraken,sell,BASIS_DISLOCATION,-7.487362278047648,15.0,1,1,1.0,3.5344433317247277,3.8062219849770322,1,1,0,0.0,0.0,0.0
h108-114|15m|slice_01_h108_pass01_basis_dislocation_20260518_131508|route_evidence|47,ETH,Kraken,buy,BASIS_DISLOCATION,-12.28577407843782,15.0,1,1,1.0,2.1289712746232294,2.400749927875534,1,1,0,0.0,0.0,0.0
h108-114|15m|slice_01_h108_pass01_liquidity_squeeze_20260518_131508|route_evidence|58,ETH,Coinbase,sell,LIQUIDITY_SQUEEZE,-6.1550208726364595,58.0,1,1,1.0,2.672126869463075,2.9439055227153794,1,1,0,0.0,0.0,0.0
h108-114|5m|slice_01_h108_pass01_basis_dislocation_20260518_132746|route_evidence|196,BTC,Coinbase,buy,BASIS_DISLOCATION,5.902507405109969,20.0,1,1,1.0,1.0909829314600619,1.3627615847123664,1,1,1,0.0,0.0,0.0
h108-114|5m|slice_01_h108_pass01_mean_reversion_chop_20260518_132746|route_evidence|219,ETH,Bybit,sell,MEAN_REVERSION_CHOP,20.94358997543332,55.0,2,1,0.5,3.919625952290515,4.191404605542819,1,1,1,0.0,0.0,0.0
h108-114|5m|slice_01_h108_pass01_mean_reversion_chop_20260518_132746|route_evidence|219,ETH,Bybit,sell,MEAN_REVERSION_CHOP,20.94358997543332,55.0,2,2,1.0,3.3821795063612754,3.65395815961358,1,1,1,0.0,0.0,0.0
h108-114|5m|slice_01_h108_pass01_basis_dislocation_20260518_132746|route_evidence|218,ETH,Kraken,sell,BASIS_DISLOCATION,21.629416499752942,35.0,1,1,1.0,3.927777112418343,4.199555765670647,1,1,1,0.0,0.0,0.0
h108-114|15m|slice_01_h108_pass01_mean_reversion_chop_20260518_131508|route_evidence|81,ETH,Bybit,sell,MEAN_REVERSION_CHOP,20.25593589323041,60.0,3,1,0.3333333333333333,3.8345176787607826,4.106296332013087,1,1,1,0.0,0.0,0.0
h108-114|15m|slice_01_h108_pass01_mean_reversion_chop_20260518_131508|route_evidence|81,ETH,Bybit,sell,MEAN_REVERSION_CHOP,20.25593589323041,60.0,3,2,0.6666666666666666,2.9850944988457524,3.256873152098057,1,1,1,0.0,0.0,0.0
h108-114|15m|slice_01_h108_pass01_mean_reversion_chop_20260518_131508|route_evidence|81,ETH,Bybit,sell,MEAN_REVERSION_CHOP,20.25593589323041,60.0,3,3,1.0,2.5533851722865344,2.825163825538839,1,1,1,0.0,0.0,0.0
h108-114|5m|slice_01_h108_pass01_vol_breakout_20260518_132746|route_evidence|218,ETH,Kraken,sell,VOL_BREAKOUT,18.13938693976094,65.0,3,1,0.3333333333333333,3.3670344998229162,3.638813153075221,1,1,1,0.0,0.0,0.0
h108-114|5m|slice_01_h108_pass01_vol_breakout_20260518_132746|route_evidence|218,ETH,Kraken,sell,VOL_BREAKOUT,18.13938693976094,65.0,3,2,0.6666666666666666,3.0793067071659945,3.351085360418299,1,1,1,0.0,0.0,0.0
h108-114|5m|slice_01_h108_pass01_vol_breakout_20260518_132746|route_evidence|218,ETH,Kraken,sell,VOL_BREAKOUT,18.13938693976094,65.0,3,3,1.0,3.24568160770621,3.5174602609585146,1,1,1,0.0,0.0,0.0
h108-114|15m|slice_01_h108_pass01_mean_reversion_chop_20260518_131508|route_evidence|76,BTC,Coinbase,sell,MEAN_REVERSION_CHOP,5.699922087033913,75.0,2,1,0.5,2.7599117464695446,3.031690399721849,1,1,1,0.0,0.0,0.0
h108-114|15m|slice_01_h108_pass01_mean_reversion_chop_20260518_131508|route_evidence|76,BTC,Coinbase,sell,MEAN_REVERSION_CHOP,5.699922087033913,75.0,2,2,1.0,3.9897608388062418,4.261539492058546,1,1,1,0.0,0.0,0.0
h108-114|15m|slice_01_h108_pass01_basis_dislocation_20260518_131508|route_evidence|106,BTC,Coinbase,buy,BASIS_DISLOCATION,-6.036108355649099,15.0,1,1,1.0,3.3762349277127965,3.648013580965101,1,1,0,0.0,0.0,0.0
h108-114|15m|slice_01_h108_pass01_liquidity_squeeze_20260518_131508|route_evidence|124,BTC,Coinbase,sell,LIQUIDITY_SQUEEZE,11.265749419543653,35.0,1,1,1.0,3.563864616087849,3.8356432693401534,1,1,1,0.0,0.0,0.0
h108-114|15m|slice_01_h108_pass01_liquidity_squeeze_20260518_131508|route_evidence|126,BTC,Bybit,sell,LIQUIDITY_SQUEEZE,10.286533391377125,35.0,1,1,1.0,3.96019429950471,4.2319729527570145,1,1,1,0.0,0.0,0.0
h108-114|15m|slice_01_h108_pass01_liquidity_squeeze_20260518_131508|route_evidence|125,BTC,Kraken,sell,LIQUIDITY_SQUEEZE,8.084421945831188,35.0,2,1,0.5,3.2821080675527377,3.553886720805042,1,1,1,0.0,0.0,0.0
h108-114|15m|slice_01_h108_pass01_liquidity_squeeze_20260518_131508|route_evidence|125,BTC,Kraken,sell,LIQUIDITY_SQUEEZE,8.084421945831188,35.0,2,2,1.0,2.7412823952052965,3.013061048457601,1,1,1,0.0,0.0,0.0
h108-114|15m|slice_01_h108_pass01_basis_dislocation_20260518_131508|route_evidence|125,BTC,Kraken,buy,BASIS_DISLOCATION,-21.314817510166662,15.0,1,1,1.0,2.956496257743793,3.2282749109960975,1,1,0,0.0,0.0,0.0
h108-114|5m|slice_01_h108_pass01_liquidity_squeeze_20260518_132746|route_evidence|385,ETH,Coinbase,sell,LIQUIDITY_SQUEEZE,5.834982793863027,15.0,1,1,1.0,1.2850939927283809,1.5568726459806854,1,1,1,0.0,0.0,0.0
h114-120|15m|slice_01_h114_pass01_basis_dislocation_20260518_132838|route_evidence|79,BTC,Coinbase,sell,BASIS_DISLOCATION,-7.7984787049114175,15.0,1,1,1.0,2.664765023997199,2.9365436772495035,1,1,0,0.0,0.0,0.0
h114-120|15m|slice_01_h114_pass01_basis_dislocation_20260518_132838|route_evidence|105,BTC,Bybit,buy,BASIS_DISLOCATION,-9.80816726104949,15.0,1,1,1.0,2.491804588376522,2.7635832416288264,1,1,0,0.0,0.0,0.0
h114-120|15m|slice_01_h114_pass01_basis_dislocation_20260518_132838|route_evidence|118,ETH,Coinbase,sell,BASIS_DISLOCATION,-14.498009328704846,15.0,1,1,1.0,1.122788512090528,1.3945671653428326,1,1,0,0.0,0.0,0.0
h114-120|15m|slice_01_h114_pass01_liquidity_squeeze_20260518_132838|route_evidence|128,BTC,Kraken,sell,LIQUIDITY_SQUEEZE,-22.534393201434042,15.0,1,1,1.0,2.1338142270231746,2.405592880275479,1,1,0,0.0,0.0,0.0
h114-120|15m|slice_01_h114_pass01_basis_dislocation_20260518_132838|route_evidence|131,ETH,Kraken,buy,BASIS_DISLOCATION,-5.6382156948338,30.0,1,1,1.0,4.410367682024102,4.682146335276406,1,1,0,0.0,0.0,0.0
h120-126|15m|slice_01_h120_pass01_basis_dislocation_20260518_134251|route_evidence|13,BTC,Coinbase,sell,BASIS_DISLOCATION,-9.38727673695253,15.0,1,1,1.0,2.0431194860166446,2.314898139268949,1,1,0,0.0,0.0,0.0
h120-126|15m|slice_01_h120_pass01_basis_dislocation_20260518_134251|route_evidence|16,ETH,Coinbase,buy,BASIS_DISLOCATION,-15.399270517768167,15.0,1,1,1.0,0.8064205146275637,1.0781991678798681,1,1,0,0.0,0.0,0.0
h120-126|15m|slice_01_h120_pass01_basis_dislocation_20260518_134251|route_evidence|23,ETH,Kraken,buy,BASIS_DISLOCATION,-5.419260834976543,15.0,1,1,1.0,1.7487781850223647,2.0205568382746693,1,1,0,0.0,0.0,0.0
h120-126|5m|slice_01_h120_pass01_liquidity_squeeze_20260518_135335|route_evidence|102,ETH,Bybit,sell,LIQUIDITY_SQUEEZE,8.385034699601077,65.0,3,1,0.3333333333333333,-0.5164345292035466,-0.2446558759512421,0,0,1,0.0,0.0,0.0
h120-126|5m|slice_01_h120_pass01_liquidity_squeeze_20260518_135335|route_evidence|102,ETH,Bybit,sell,LIQUIDITY_SQUEEZE,8.385034699601077,65.0,3,2,0.6666666666666666,1.4765608597537963,1.7483395130061008,1,1,1,0.0,0.0,0.0
h120-126|5m|slice_01_h120_pass01_liquidity_squeeze_20260518_135335|route_evidence|102,ETH,Bybit,sell,LIQUIDITY_SQUEEZE,8.385034699601077,65.0,3,3,1.0,1.1405440277099133,1.4123226809622178,1,1,1,0.0,0.0,0.0
h120-126|5m|slice_01_h120_pass01_liquidity_squeeze_20260518_135335|route_evidence|101,ETH,Kraken,sell,LIQUIDITY_SQUEEZE,8.600856694452917,25.0,1,1,1.0,1.8101990372866474,2.081977690538952,1,1,1,0.0,0.0,0.0
h120-126|5m|slice_01_h120_pass01_basis_dislocation_20260518_135335|route_evidence|100,ETH,Coinbase,sell,BASIS_DISLOCATION,5.834720588743361,30.0,1,1,1.0,1.2054085298677462,1.4771871831200507,1,1,1,0.0,0.0,0.0
h120-126|15m|slice_01_h120_pass01_basis_dislocation_20260518_134251|route_evidence|56,BTC,Kraken,buy,BASIS_DISLOCATION,66.95116662701122,210.0,9,1,0.1111111111111111,4.425656838071332,4.6974354913236365,1,1,1,0.0,0.0,0.0
h120-126|15m|slice_01_h120_pass01_basis_dislocation_20260518_134251|route_evidence|56,BTC,Kraken,buy,BASIS_DISLOCATION,66.95116662701122,210.0,9,2,0.2222222222222222,4.629563933060451,4.901342586312755,1,1,1,0.0,0.0,0.0
h120-126|15m|slice_01_h120_pass01_basis_dislocation_20260518_134251|route_evidence|56,BTC,Kraken,buy,BASIS_DISLOCATION,66.95116662701122,210.0,9,3,0.3333333333333333,3.8707408211184524,4.142519474370757,1,1,1,0.0,0.0,0.0
h120-126|15m|slice_01_h120_pass01_basis_dislocation_20260518_134251|route_evidence|56,BTC,Kraken,buy,BASIS_DISLOCATION,66.95116662701122,210.0,9,4,0.4444444444444444,3.9412928718420264,4.213071525094331,1,1,1,0.0,0.0,0.0
h120-126|15m|slice_01_h120_pass01_basis_dislocation_20260518_134251|route_evidence|56,BTC,Kraken,buy,BASIS_DISLOCATION,66.95116662701122,210.0,9,5,0.5555555555555556,3.5830341450541923,3.854812798306497,1,1,1,0.0,0.0,0.0
h120-126|15m|slice_01_h120_pass01_basis_dislocation_20260518_134251|route_evidence|56,BTC,Kraken,buy,BASIS_DISLOCATION,66.95116662701122,210.0,9,6,0.6666666666666666,3.8595243539059134,4.131303007158218,1,1,1,0.0,0.0,0.0
h120-126|15m|slice_01_h120_pass01_basis_dislocation_20260518_134251|route_evidence|56,BTC,Kraken,buy,BASIS_DISLOCATION,66.95116662701122,210.0,9,7,0.7777777777777778,3.6348855950751293,3.906664248327434,1,1,1,0.0,0.0,0.0
h120-126|15m|slice_01_h120_pass01_basis_dislocation_20260518_134251|route_evidence|56,BTC,Kraken,buy,BASIS_DISLOCATION,66.95116662701122,210.0,9,8,0.8888888888888888,3.3567058221594177,3.6284844754117223,1,1,1,0.0,0.0,0.0
h120-126|15m|slice_01_h120_pass01_basis_dislocation_20260518_134251|route_evidence|56,BTC,Kraken,buy,BASIS_DISLOCATION,66.95116662701122,210.0,9,9,1.0,3.3437805260367117,3.6155591792890163,1,1,1,0.0,0.0,0.0
h120-126|15m|slice_01_h120_pass01_mean_reversion_chop_20260518_134251|route_evidence|57,BTC,Bybit,buy,MEAN_REVERSION_CHOP,61.47349220149534,210.0,9,1,0.1111111111111111,3.673164295398947,3.9449429486512515,1,1,1,0.0,0.0,0.0
h120-126|15m|slice_01_h120_pass01_mean_reversion_chop_20260518_134251|route_evidence|57,BTC,Bybit,buy,MEAN_REVERSION_CHOP,61.47349220149534,210.0,9,2,0.2222222222222222,1.6484330428803124,1.920211696132617,1,1,1,0.0,0.0,0.0
h120-126|15m|slice_01_h120_pass01_mean_reversion_chop_20260518_134251|route_evidence|57,BTC,Bybit,buy,MEAN_REVERSION_CHOP,61.47349220149534,210.0,9,3,0.3333333333333333,1.7033941616495847,1.9751728149018892,1,1,1,0.0,0.0,0.0
h120-126|15m|slice_01_h120_pass01_mean_reversion_chop_20260518_134251|route_evidence|57,BTC,Bybit,buy,MEAN_REVERSION_CHOP,61.47349220149534,210.0,9,4,0.4444444444444444,1.7571415394759482,2.0289201927282527,1,1,1,0.0,0.0,0.0
h120-126|15m|slice_01_h120_pass01_mean_reversion_chop_20260518_134251|route_evidence|57,BTC,Bybit,buy,MEAN_REVERSION_CHOP,61.47349220149534,210.0,9,5,0.5555555555555556,2.2644919858182155,2.53627063907052,1,1,1,0.0,0.0,0.0
h120-126|15m|slice_01_h120_pass01_mean_reversion_chop_20260518_134251|route_evidence|57,BTC,Bybit,buy,MEAN_REVERSION_CHOP,61.47349220149534,210.0,9,6,0.6666666666666666,2.368220055458146,2.6399987087104506,1,1,1,0.0,0.0,0.0
h120-126|15m|slice_01_h120_pass01_mean_reversion_chop_20260518_134251|route_evidence|57,BTC,Bybit,buy,MEAN_REVERSION_CHOP,61.47349220149534,210.0,9,7,0.7777777777777778,2.692398422249271,2.9641770755015755,1,1,1,0.0,0.0,0.0
h120-126|15m|slice_01_h120_pass01_mean_reversion_chop_20260518_134251|route_evidence|57,BTC,Bybit,buy,MEAN_REVERSION_CHOP,61.47349220149534,210.0,9,8,0.8888888888888888,2.4728895461608253,2.74466819941313,1,1,1,0.0,0.0,0.0
h120-126|15m|slice_01_h120_pass01_mean_reversion_chop_20260518_134251|route_evidence|57,BTC,Bybit,buy,MEAN_REVERSION_CHOP,61.47349220149534,210.0,9,9,1.0,2.3604259964629337,2.6322046497152383,1,1,1,0.0,0.0,0.0
h120-126|5m|slice_01_h120_pass01_basis_dislocation_20260518_135335|route_evidence|167,ETH,Kraken,buy,BASIS_DISLOCATION,62.45482307014253,75.0,4,1,0.25,2.5030171229616642,2.774795776213969,1,1,1,0.0,0.0,0.0
h120-126|5m|slice_01_h120_pass01_basis_dislocation_20260518_135335|route_evidence|167,ETH,Kraken,buy,BASIS_DISLOCATION,62.45482307014253,75.0,4,2,0.5,1.507986270223706,1.7797649234760105,1,1,1,0.0,0.0,0.0
h120-126|5m|slice_01_h120_pass01_basis_dislocation_20260518_135335|route_evidence|167,ETH,Kraken,buy,BASIS_DISLOCATION,62.45482307014253,75.0,4,3,0.75,1.7856828651405268,2.0574615183928313,1,1,1,0.0,0.0,0.0
h120-126|5m|slice_01_h120_pass01_basis_dislocation_20260518_135335|route_evidence|167,ETH,Kraken,buy,BASIS_DISLOCATION,62.45482307014253,75.0,4,4,1.0,1.7056314892304598,1.9774101424827644,1,1,1,0.0,0.0,0.0
h120-126|5m|slice_01_h120_pass01_vol_breakout_20260518_135335|route_evidence|179,ETH,Kraken,buy,VOL_BREAKOUT,40.55617819890047,90.0,4,1,0.25,3.6172804273897947,3.8890590806420993,1,1,1,0.0,0.0,0.0
h120-126|5m|slice_01_h120_pass01_vol_breakout_20260518_135335|route_evidence|179,ETH,Kraken,buy,VOL_BREAKOUT,40.55617819890047,90.0,4,2,0.5,2.97917824118198,3.2509568944342844,1,1,1,0.0,0.0,0.0
h120-126|5m|slice_01_h120_pass01_vol_breakout_20260518_135335|route_evidence|179,ETH,Kraken,buy,VOL_BREAKOUT,40.55617819890047,90.0,4,3,0.75,2.4746112812880754,2.74638993454038,1,1,1,0.0,0.0,0.0
h120-126|5m|slice_01_h120_pass01_vol_breakout_20260518_135335|route_evidence|179,ETH,Kraken,buy,VOL_BREAKOUT,40.55617819890047,90.0,4,4,1.0,2.483834136290209,2.7556127895425138,1,1,1,0.0,0.0,0.0
h120-126|5m|slice_01_h120_pass01_liquidity_squeeze_20260518_135335|route_evidence|178,ETH,Coinbase,buy,LIQUIDITY_SQUEEZE,40.634889643279834,65.0,1,1,1.0,4.111377923528785,4.383156576781089,1,1,1,0.0,0.0,0.0
h120-126|15m|slice_01_h120_pass01_relative_strength_20260518_134251|route_evidence|64,ETH,Coinbase,buy,RELATIVE_STRENGTH,29.15286439511525,60.0,2,1,0.5,3.4156195416035358,3.6873981948558403,1,1,1,0.0,0.0,0.0
h120-126|15m|slice_01_h120_pass01_relative_strength_20260518_134251|route_evidence|64,ETH,Coinbase,buy,RELATIVE_STRENGTH,29.15286439511525,60.0,2,2,1.0,2.5725408230558684,2.844319476308173,1,1,1,0.0,0.0,0.0
h120-126|15m|slice_01_h120_pass01_basis_dislocation_20260518_134251|route_evidence|71,ETH,Kraken,buy,BASIS_DISLOCATION,58.10416225398965,135.0,6,1,0.16666666666666666,3.196133676820795,3.4679123300730996,1,1,1,0.0,0.0,0.0
h120-126|15m|slice_01_h120_pass01_basis_dislocation_20260518_134251|route_evidence|71,ETH,Kraken,buy,BASIS_DISLOCATION,58.10416225398965,135.0,6,2,0.3333333333333333,2.3308055191605295,2.602584172412834,1,1,1,0.0,0.0,0.0
h120-126|15m|slice_01_h120_pass01_basis_dislocation_20260518_134251|route_evidence|71,ETH,Kraken,buy,BASIS_DISLOCATION,58.10416225398965,135.0,6,3,0.5,2.0404236119177854,2.31220226517009,1,1,1,0.0,0.0,0.0
h120-126|15m|slice_01_h120_pass01_basis_dislocation_20260518_134251|route_evidence|71,ETH,Kraken,buy,BASIS_DISLOCATION,58.10416225398965,135.0,6,4,0.6666666666666666,1.8422146485842372,2.1139933018365418,1,1,1,0.0,0.0,0.0
h120-126|15m|slice_01_h120_pass01_basis_dislocation_20260518_134251|route_evidence|71,ETH,Kraken,buy,BASIS_DISLOCATION,58.10416225398965,135.0,6,5,0.8333333333333334,1.970422316703907,2.2422009699562113,1,1,1,0.0,0.0,0.0
h120-126|15m|slice_01_h120_pass01_basis_dislocation_20260518_134251|route_evidence|71,ETH,Kraken,buy,BASIS_DISLOCATION,58.10416225398965,135.0,6,6,1.0,2.075247259583862,2.3470259128361666,1,1,1,0.0,0.0,0.0
h120-126|15m|slice_01_h120_pass01_relative_strength_20260518_134251|route_evidence|70,ETH,Coinbase,buy,RELATIVE_STRENGTH,16.875497095233932,45.0,1,1,1.0,3.0166024724216154,3.28838112567392,1,1,1,0.0,0.0,0.0
h120-126|15m|slice_01_h120_pass01_relative_strength_20260518_134251|route_evidence|71,ETH,Kraken,buy,RELATIVE_STRENGTH,62.59884758862537,120.0,5,1,0.2,3.196133676820795,3.4679123300730996,1,1,1,0.0,0.0,0.0
h120-126|15m|slice_01_h120_pass01_relative_strength_20260518_134251|route_evidence|71,ETH,Kraken,buy,RELATIVE_STRENGTH,62.59884758862537,120.0,5,2,0.4,2.3308055191605295,2.602584172412834,1,1,1,0.0,0.0,0.0
h120-126|15m|slice_01_h120_pass01_relative_strength_20260518_134251|route_evidence|71,ETH,Kraken,buy,RELATIVE_STRENGTH,62.59884758862537,120.0,5,3,0.6,2.0404236119177854,2.31220226517009,1,1,1,0.0,0.0,0.0
h120-126|15m|slice_01_h120_pass01_relative_strength_20260518_134251|route_evidence|71,ETH,Kraken,buy,RELATIVE_STRENGTH,62.59884758862537,120.0,5,4,0.8,1.8422146485842372,2.1139933018365418,1,1,1,0.0,0.0,0.0
h120-126|15m|slice_01_h120_pass01_relative_strength_20260518_134251|route_evidence|71,ETH,Kraken,buy,RELATIVE_STRENGTH,62.59884758862537,120.0,5,5,1.0,2.062200946726345,2.3339795999786497,1,1,1,0.0,0.0,0.0
h120-126|15m|slice_01_h120_pass01_liquidity_squeeze_20260518_134251|route_evidence|78,ETH,Bybit,sell,LIQUIDITY_SQUEEZE,-27.899352353342394,15.0,1,1,1.0,-1.4808371662167228,-1.2090585129644182,0,0,0,0.0,0.0,0.0
h120-126|15m|slice_01_h120_pass01_vol_breakout_20260518_134251|route_evidence|101,ETH,Kraken,buy,VOL_BREAKOUT,36.13710122316003,105.0,6,1,0.16666666666666666,-0.6166569878299892,-0.34487833457768474,0,0,1,0.0,0.0,0.0
h120-126|15m|slice_01_h120_pass01_vol_breakout_20260518_134251|route_evidence|101,ETH,Kraken,buy,VOL_BREAKOUT,36.13710122316003,105.0,6,2,0.3333333333333333,0.929805664464411,1.2015843177167156,1,1,1,0.0,0.0,0.0
h120-126|15m|slice_01_h120_pass01_vol_breakout_20260518_134251|route_evidence|101,ETH,Kraken,buy,VOL_BREAKOUT,36.13710122316003,105.0,6,3,0.5,1.5125343425049196,1.7843129957572241,1,1,1,0.0,0.0,0.0
h120-126|15m|slice_01_h120_pass01_vol_breakout_20260518_134251|route_evidence|101,ETH,Kraken,buy,VOL_BREAKOUT,36.13710122316003,105.0,6,4,0.6666666666666666,1.4894058028829429,1.7611844561352474,1,1,1,0.0,0.0,0.0
h120-126|15m|slice_01_h120_pass01_vol_breakout_20260518_134251|route_evidence|101,ETH,Kraken,buy,VOL_BREAKOUT,36.13710122316003,105.0,6,5,0.8333333333333334,1.4223054137977127,1.6940840670500172,1,1,1,0.0,0.0,0.0
h120-126|15m|slice_01_h120_pass01_vol_breakout_20260518_134251|route_evidence|101,ETH,Kraken,buy,VOL_BREAKOUT,36.13710122316003,105.0,6,6,1.0,1.3956147968016328,1.6673934500539374,1,1,1,0.0,0.0,0.0
h120-126|5m|slice_01_h120_pass01_basis_dislocation_20260518_135335|route_evidence|290,BTC,Kraken,buy,BASIS_DISLOCATION,17.67859413554748,45.0,1,1,1.0,4.196709047155423,4.468487700407727,1,1,1,0.0,0.0,0.0
h120-126|5m|slice_01_h120_pass01_basis_dislocation_20260518_135335|route_evidence|299,ETH,Kraken,buy,BASIS_DISLOCATION,15.901109853067089,15.0,1,1,1.0,-1.610181209502791,-1.3384025562504864,0,0,1,0.0,0.0,0.0
h120-126|5m|slice_01_h120_pass01_vol_breakout_20260518_135335|route_evidence|299,ETH,Kraken,buy,VOL_BREAKOUT,11.080610720543863,20.0,1,1,1.0,0.33906482624148016,0.6108434794937847,1,1,1,0.0,0.0,0.0
h120-126|15m|slice_01_h120_pass01_basis_dislocation_20260518_134251|route_evidence|112,ETH,Coinbase,buy,BASIS_DISLOCATION,-16.386992323196733,15.0,1,1,1.0,-0.07086028093959373,0.20091837231271076,0,1,0,0.0,0.0,0.0
h120-126|15m|slice_01_h120_pass01_basis_dislocation_20260518_134251|route_evidence|138,ETH,Bybit,sell,BASIS_DISLOCATION,13.07589093964442,20.0,1,1,1.0,1.2068707476666343,1.4786494009189388,1,1,1,0.0,0.0,0.0
h120-126|15m|slice_01_h120_pass01_liquidity_squeeze_20260518_134251|route_evidence|138,ETH,Bybit,buy,LIQUIDITY_SQUEEZE,-34.332923229250156,15.0,1,1,1.0,1.338310776190254,1.6100894294425585,1,1,0,0.0,0.0,0.0
h126-132|15m|slice_01_h126_pass01_basis_dislocation_20260518_134658|route_evidence|13,BTC,Coinbase,sell,BASIS_DISLOCATION,-11.647693225401001,15.0,1,1,1.0,2.194828394028632,2.4666070472809367,1,1,0,0.0,0.0,0.0
h126-132|15m|slice_01_h126_pass01_liquidity_squeeze_20260518_134658|route_evidence|25,BTC,Coinbase,sell,LIQUIDITY_SQUEEZE,21.853414503093276,290.0,7,1,0.14285714285714285,4.167414765206447,4.439193418458751,1,1,1,0.0,0.0,0.0
h126-132|15m|slice_01_h126_pass01_liquidity_squeeze_20260518_134658|route_evidence|25,BTC,Coinbase,sell,LIQUIDITY_SQUEEZE,21.853414503093276,290.0,7,2,0.2857142857142857,3.774574142576805,4.046352795829109,1,1,1,0.0,0.0,0.0
h126-132|15m|slice_01_h126_pass01_liquidity_squeeze_20260518_134658|route_evidence|25,BTC,Coinbase,sell,LIQUIDITY_SQUEEZE,21.853414503093276,290.0,7,3,0.42857142857142855,4.4386170402915255,4.71039569354383,1,1,1,0.0,0.0,0.0
h126-132|15m|slice_01_h126_pass01_liquidity_squeeze_20260518_134658|route_evidence|25,BTC,Coinbase,sell,LIQUIDITY_SQUEEZE,21.853414503093276,290.0,7,4,0.5714285714285714,4.401045647610068,4.672824300862372,1,1,1,0.0,0.0,0.0
h126-132|15m|slice_01_h126_pass01_liquidity_squeeze_20260518_134658|route_evidence|25,BTC,Coinbase,sell,LIQUIDITY_SQUEEZE,21.853414503093276,290.0,7,5,0.7142857142857143,4.597586560987849,4.869365214240153,1,1,1,0.0,0.0,0.0
h126-132|15m|slice_01_h126_pass01_liquidity_squeeze_20260518_134658|route_evidence|25,BTC,Coinbase,sell,LIQUIDITY_SQUEEZE,21.853414503093276,290.0,7,6,0.8571428571428571,4.2249787278133955,4.4967573810656996,1,1,1,0.0,0.0,0.0
h126-132|15m|slice_01_h126_pass01_liquidity_squeeze_20260518_134658|route_evidence|25,BTC,Coinbase,sell,LIQUIDITY_SQUEEZE,21.853414503093276,290.0,7,7,1.0,4.2425604043872855,4.51433905763959,1,1,1,0.0,0.0,0.0
h126-132|15m|slice_01_h126_pass01_basis_dislocation_20260518_134658|route_evidence|34,ETH,Coinbase,buy,BASIS_DISLOCATION,-7.4241129146572185,15.0,1,1,1.0,2.591352943580529,2.8631315968328335,1,1,0,0.0,0.0,0.0
h126-132|15m|slice_01_h126_pass01_basis_dislocation_20260518_134658|route_evidence|40,ETH,Coinbase,buy,BASIS_DISLOCATION,-6.909745184089875,15.0,1,1,1.0,1.6541792517041047,1.9259579049564093,1,1,0,0.0,0.0,0.0
h126-132|15m|slice_01_h126_pass01_basis_dislocation_20260518_134658|route_evidence|71,ETH,Kraken,buy,BASIS_DISLOCATION,-6.353285830792103,15.0,1,1,1.0,2.206716197958148,2.4784948512104528,1,1,0,0.0,0.0,0.0
h126-132|5m|slice_01_h126_pass01_liquidity_squeeze_20260518_135844|route_evidence|299,ETH,Kraken,sell,LIQUIDITY_SQUEEZE,5.497020310482528,45.0,2,1,0.5,4.148941031581976,4.42071968483428,1,1,1,0.0,0.0,0.0
h126-132|5m|slice_01_h126_pass01_liquidity_squeeze_20260518_135844|route_evidence|299,ETH,Kraken,sell,LIQUIDITY_SQUEEZE,5.497020310482528,45.0,2,2,1.0,4.184144781483603,4.455923434735907,1,1,1,0.0,0.0,0.0
h126-132|15m|slice_01_h126_pass01_basis_dislocation_20260518_134658|route_evidence|138,ETH,Bybit,buy,BASIS_DISLOCATION,-11.86992662440351,15.0,1,1,1.0,0.7838889559044255,1.05566760915673,1,1,0,0.0,0.0,0.0
h132-138|15m|slice_01_h132_pass01_basis_dislocation_20260518_135344|route_evidence|16,ETH,Coinbase,buy,BASIS_DISLOCATION,-10.086170107292267,15.0,1,1,1.0,2.08607294028511,2.3578515935374145,1,1,0,0.0,0.0,0.0
h132-138|15m|slice_01_h132_pass01_basis_dislocation_20260518_135344|route_evidence|27,BTC,Bybit,buy,BASIS_DISLOCATION,-18.6657701670995,15.0,1,1,1.0,2.390753490237012,2.6625321434893165,1,1,0,0.0,0.0,0.0
h132-138|15m|slice_01_h132_pass01_vol_breakout_20260518_135344|route_evidence|35,ETH,Kraken,buy,VOL_BREAKOUT,25.573248544851136,275.0,9,1,0.1111111111111111,3.9210652504763055,4.19284390372861,1,1,1,0.0,0.0,0.0
h132-138|15m|slice_01_h132_pass01_vol_breakout_20260518_135344|route_evidence|35,ETH,Kraken,buy,VOL_BREAKOUT,25.573248544851136,275.0,9,2,0.2222222222222222,3.2542018951707172,3.5259805484230218,1,1,1,0.0,0.0,0.0
h132-138|15m|slice_01_h132_pass01_vol_breakout_20260518_135344|route_evidence|35,ETH,Kraken,buy,VOL_BREAKOUT,25.573248544851136,275.0,9,3,0.3333333333333333,2.4952494804477445,2.767028133700049,1,1,1,0.0,0.0,0.0
h132-138|15m|slice_01_h132_pass01_vol_breakout_20260518_135344|route_evidence|35,ETH,Kraken,buy,VOL_BREAKOUT,25.573248544851136,275.0,9,4,0.4444444444444444,3.086675082455157,3.3584537357074615,1,1,1,0.0,0.0,0.0
h132-138|15m|slice_01_h132_pass01_vol_breakout_20260518_135344|route_evidence|35,ETH,Kraken,buy,VOL_BREAKOUT,25.573248544851136,275.0,9,5,0.5555555555555556,2.809130782221774,3.0809094354740787,1,1,1,0.0,0.0,0.0
h132-138|15m|slice_01_h132_pass01_vol_breakout_20260518_135344|route_evidence|35,ETH,Kraken,buy,VOL_BREAKOUT,25.573248544851136,275.0,9,6,0.6666666666666666,2.9545656814803904,3.226344334732695,1,1,1,0.0,0.0,0.0
h132-138|15m|slice_01_h132_pass01_vol_breakout_20260518_135344|route_evidence|35,ETH,Kraken,buy,VOL_BREAKOUT,25.573248544851136,275.0,9,7,0.7777777777777778,3.0984029960878066,3.370181649340111,1,1,1,0.0,0.0,0.0
h132-138|15m|slice_01_h132_pass01_vol_breakout_20260518_135344|route_evidence|35,ETH,Kraken,buy,VOL_BREAKOUT,25.573248544851136,275.0,9,8,0.8888888888888888,3.2945139228229925,3.566292576075297,1,1,1,0.0,0.0,0.0
h132-138|15m|slice_01_h132_pass01_vol_breakout_20260518_135344|route_evidence|35,ETH,Kraken,buy,VOL_BREAKOUT,25.573248544851136,275.0,9,9,1.0,3.393676748485766,3.6654554017380705,1,1,1,0.0,0.0,0.0
h132-138|15m|slice_01_h132_pass01_liquidity_squeeze_20260518_135344|route_evidence|35,ETH,Kraken,sell,LIQUIDITY_SQUEEZE,-30.863327330226134,15.0,1,1,1.0,2.2026602262737343,2.474438879526039,1,1,0,0.0,0.0,0.0
h132-138|15m|slice_01_h132_pass01_basis_dislocation_20260518_135344|route_evidence|32,BTC,Kraken,sell,BASIS_DISLOCATION,-25.741907144344722,15.0,1,1,1.0,2.4778076943526193,2.749586347604924,1,1,0,0.0,0.0,0.0
h132-138|5m|slice_01_h132_pass01_liquidity_squeeze_20260518_140229|route_evidence|100,ETH,Coinbase,buy,LIQUIDITY_SQUEEZE,11.137407187680335,125.0,3,1,0.3333333333333333,0.23282809534568116,0.5046067485979857,1,1,1,0.0,0.0,0.0
h132-138|5m|slice_01_h132_pass01_liquidity_squeeze_20260518_140229|route_evidence|100,ETH,Coinbase,buy,LIQUIDITY_SQUEEZE,11.137407187680335,125.0,3,2,0.6666666666666666,1.800023230108554,2.0718018833608585,1,1,1,0.0,0.0,0.0
h132-138|5m|slice_01_h132_pass01_liquidity_squeeze_20260518_140229|route_evidence|100,ETH,Coinbase,buy,LIQUIDITY_SQUEEZE,11.137407187680335,125.0,3,3,1.0,2.380663011997842,2.6524416652501466,1,1,1,0.0,0.0,0.0
h132-138|15m|slice_01_h132_pass01_basis_dislocation_20260518_135344|route_evidence|95,BTC,Kraken,buy,BASIS_DISLOCATION,-13.13118811881224,15.0,1,1,1.0,2.815444890584412,3.0872235438367164,1,1,0,0.0,0.0,0.0
h132-138|15m|slice_01_h132_pass01_basis_dislocation_20260518_135344|route_evidence|94,BTC,Coinbase,sell,BASIS_DISLOCATION,-5.980653372216848,15.0,1,1,1.0,2.8951934411986295,3.166972094450934,1,1,0,0.0,0.0,0.0
h138-144|15m|slice_01_h138_pass01_basis_dislocation_20260518_140658|route_evidence|19,BTC,Coinbase,buy,BASIS_DISLOCATION,-16.508382682310504,15.0,1,1,1.0,3.2898072499533657,3.5615859032056703,1,1,0,0.0,0.0,0.0
h138-144|15m|slice_01_h138_pass01_basis_dislocation_20260518_140658|route_evidence|28,ETH,Coinbase,sell,BASIS_DISLOCATION,-14.686162532873311,15.0,1,1,1.0,2.2023383375244325,2.474116990776737,1,1,0,0.0,0.0,0.0
h138-144|15m|slice_01_h138_pass01_basis_dislocation_20260518_140658|route_evidence|25,BTC,Coinbase,sell,BASIS_DISLOCATION,-13.071183898488865,15.0,1,1,1.0,3.510973390265563,3.7827520435178674,1,1,0,0.0,0.0,0.0
h138-144|15m|slice_01_h138_pass01_basis_dislocation_20260518_140658|route_evidence|37,BTC,Coinbase,buy,BASIS_DISLOCATION,-15.226529023601994,15.0,1,1,1.0,2.1469250281621104,2.418703681414415,1,1,0,0.0,0.0,0.0
h138-144|15m|slice_01_h138_pass01_basis_dislocation_20260518_140658|route_evidence|86,BTC,Kraken,buy,BASIS_DISLOCATION,-11.533933599429956,15.0,1,1,1.0,3.9880951941971445,4.259873847449449,1,1,0,0.0,0.0,0.0
h138-144|15m|slice_01_h138_pass01_liquidity_squeeze_20260518_140658|route_evidence|104,BTC,Kraken,buy,LIQUIDITY_SQUEEZE,-28.443512125907297,15.0,1,1,1.0,2.915879971051344,3.1876586243036487,1,1,0,0.0,0.0,0.0
h138-144|15m|slice_01_h138_pass01_basis_dislocation_20260518_140658|route_evidence|115,BTC,Coinbase,buy,BASIS_DISLOCATION,-12.906476021951779,15.0,1,1,1.0,2.4970927159761507,2.7688713692284552,1,1,0,0.0,0.0,0.0
h144-150|15m|slice_01_h144_pass01_basis_dislocation_20260518_142107|route_evidence|4,ETH,Coinbase,buy,BASIS_DISLOCATION,151.5632004887554,330.0,11,1,0.09090909090909091,3.774236422469082,4.046015075721386,1,1,1,0.0,0.0,0.0
h144-150|15m|slice_01_h144_pass01_basis_dislocation_20260518_142107|route_evidence|4,ETH,Coinbase,buy,BASIS_DISLOCATION,151.5632004887554,330.0,11,2,0.18181818181818182,3.8933782041765057,4.16515685742881,1,1,1,0.0,0.0,0.0
h144-150|15m|slice_01_h144_pass01_basis_dislocation_20260518_142107|route_evidence|4,ETH,Coinbase,buy,BASIS_DISLOCATION,151.5632004887554,330.0,11,3,0.2727272727272727,2.8379564142493754,3.10973506750168,1,1,1,0.0,0.0,0.0
h144-150|15m|slice_01_h144_pass01_basis_dislocation_20260518_142107|route_evidence|4,ETH,Coinbase,buy,BASIS_DISLOCATION,151.5632004887554,330.0,11,4,0.36363636363636365,3.133191854381616,3.4049705076339207,1,1,1,0.0,0.0,0.0
h144-150|15m|slice_01_h144_pass01_basis_dislocation_20260518_142107|route_evidence|4,ETH,Coinbase,buy,BASIS_DISLOCATION,151.5632004887554,330.0,11,5,0.45454545454545453,2.3047948835822902,2.576573536834595,1,1,1,0.0,0.0,0.0
h144-150|15m|slice_01_h144_pass01_basis_dislocation_20260518_142107|route_evidence|4,ETH,Coinbase,buy,BASIS_DISLOCATION,151.5632004887554,330.0,11,6,0.5454545454545454,2.245758747919204,2.5175374011715084,1,1,1,0.0,0.0,0.0
h144-150|15m|slice_01_h144_pass01_basis_dislocation_20260518_142107|route_evidence|4,ETH,Coinbase,buy,BASIS_DISLOCATION,151.5632004887554,330.0,11,7,0.6363636363636364,1.9625400648454632,2.2343187180977675,1,1,1,0.0,0.0,0.0
h144-150|15m|slice_01_h144_pass01_basis_dislocation_20260518_142107|route_evidence|4,ETH,Coinbase,buy,BASIS_DISLOCATION,151.5632004887554,330.0,11,8,0.7272727272727273,1.8524597165980103,2.124238369850315,1,1,1,0.0,0.0,0.0
h144-150|15m|slice_01_h144_pass01_basis_dislocation_20260518_142107|route_evidence|4,ETH,Coinbase,buy,BASIS_DISLOCATION,151.5632004887554,330.0,11,9,0.8181818181818182,1.4559386318759342,1.7277172851282387,1,1,1,0.0,0.0,0.0
h144-150|15m|slice_01_h144_pass01_basis_dislocation_20260518_142107|route_evidence|4,ETH,Coinbase,buy,BASIS_DISLOCATION,151.5632004887554,330.0,11,10,0.9090909090909091,1.3228693908685103,1.5946480441208148,1,1,1,0.0,0.0,0.0
h144-150|15m|slice_01_h144_pass01_basis_dislocation_20260518_142107|route_evidence|4,ETH,Coinbase,buy,BASIS_DISLOCATION,151.5632004887554,330.0,11,11,1.0,1.358882118202273,1.6306607714545776,1,1,1,0.0,0.0,0.0
h144-150|15m|slice_01_h144_pass01_relative_strength_20260518_142107|route_evidence|4,ETH,Coinbase,buy,RELATIVE_STRENGTH,5.480204537338215,90.0,3,1,0.3333333333333333,3.774236422469082,4.046015075721386,1,1,1,0.0,0.0,0.0
h144-150|15m|slice_01_h144_pass01_relative_strength_20260518_142107|route_evidence|4,ETH,Coinbase,buy,RELATIVE_STRENGTH,5.480204537338215,90.0,3,2,0.6666666666666666,3.8933782041765057,4.16515685742881,1,1,1,0.0,0.0,0.0
h144-150|15m|slice_01_h144_pass01_relative_strength_20260518_142107|route_evidence|4,ETH,Coinbase,buy,RELATIVE_STRENGTH,5.480204537338215,90.0,3,3,1.0,3.2792102100279665,3.550988863280271,1,1,1,0.0,0.0,0.0
h144-150|15m|slice_01_h144_pass01_basis_dislocation_20260518_142107|route_evidence|32,BTC,Kraken,buy,BASIS_DISLOCATION,-11.890042157901535,15.0,1,1,1.0,2.5753836823828644,2.847162335635169,1,1,0,0.0,0.0,0.0
h144-150|15m|slice_01_h144_pass01_basis_dislocation_20260518_142107|route_evidence|40,ETH,Coinbase,buy,BASIS_DISLOCATION,135.80609556764014,240.0,9,1,0.1111111111111111,3.6107581771697905,3.882536830422095,1,1,1,0.0,0.0,0.0
h144-150|15m|slice_01_h144_pass01_basis_dislocation_20260518_142107|route_evidence|40,ETH,Coinbase,buy,BASIS_DISLOCATION,135.80609556764014,240.0,9,2,0.2222222222222222,1.3009825887773872,1.5727612420296917,1,1,1,0.0,0.0,0.0
h144-150|15m|slice_01_h144_pass01_basis_dislocation_20260518_142107|route_evidence|40,ETH,Coinbase,buy,BASIS_DISLOCATION,135.80609556764014,240.0,9,3,0.3333333333333333,1.0282479105371136,1.3000265637894182,1,1,1,0.0,0.0,0.0
h144-150|15m|slice_01_h144_pass01_basis_dislocation_20260518_142107|route_evidence|40,ETH,Coinbase,buy,BASIS_DISLOCATION,135.80609556764014,240.0,9,4,0.4444444444444444,0.7890733328701222,1.0608519861224266,1,1,1,0.0,0.0,0.0
h144-150|15m|slice_01_h144_pass01_basis_dislocation_20260518_142107|route_evidence|40,ETH,Coinbase,buy,BASIS_DISLOCATION,135.80609556764014,240.0,9,5,0.5555555555555556,1.028747760098554,1.3005264133508585,1,1,1,0.0,0.0,0.0
h144-150|15m|slice_01_h144_pass01_basis_dislocation_20260518_142107|route_evidence|40,ETH,Coinbase,buy,BASIS_DISLOCATION,135.80609556764014,240.0,9,6,0.6666666666666666,1.0376060132264362,1.3093846664787407,1,1,1,0.0,0.0,0.0
h144-150|15m|slice_01_h144_pass01_basis_dislocation_20260518_142107|route_evidence|40,ETH,Coinbase,buy,BASIS_DISLOCATION,135.80609556764014,240.0,9,7,0.7777777777777778,0.6442008619225643,0.9159795151748689,1,1,1,0.0,0.0,0.0
h144-150|15m|slice_01_h144_pass01_basis_dislocation_20260518_142107|route_evidence|40,ETH,Coinbase,buy,BASIS_DISLOCATION,135.80609556764014,240.0,9,8,0.8888888888888888,0.5793315319074562,0.8511101851597607,1,1,1,0.0,0.0,0.0
h144-150|15m|slice_01_h144_pass01_basis_dislocation_20260518_142107|route_evidence|40,ETH,Coinbase,buy,BASIS_DISLOCATION,135.80609556764014,240.0,9,9,1.0,0.705962405199949,0.9777410584522535,1,1,1,0.0,0.0,0.0
h144-150|15m|slice_01_h144_pass01_vol_breakout_20260518_142107|route_evidence|40,ETH,Coinbase,buy,VOL_BREAKOUT,64.72469586061176,120.0,4,1,0.25,3.6107581771697905,3.882536830422095,1,1,1,0.0,0.0,0.0
h144-150|15m|slice_01_h144_pass01_vol_breakout_20260518_142107|route_evidence|40,ETH,Coinbase,buy,VOL_BREAKOUT,64.72469586061176,120.0,4,2,0.5,1.3009825887773872,1.5727612420296917,1,1,1,0.0,0.0,0.0
h144-150|15m|slice_01_h144_pass01_vol_breakout_20260518_142107|route_evidence|40,ETH,Coinbase,buy,VOL_BREAKOUT,64.72469586061176,120.0,4,3,0.75,1.2584754682039068,1.5302541214562113,1,1,1,0.0,0.0,0.0
h144-150|15m|slice_01_h144_pass01_vol_breakout_20260518_142107|route_evidence|40,ETH,Coinbase,buy,VOL_BREAKOUT,64.72469586061176,120.0,4,4,1.0,1.109831438906696,1.3816100921590007,1,1,1,0.0,0.0,0.0
h144-150|15m|slice_01_h144_pass01_liquidity_squeeze_20260518_142107|route_evidence|41,ETH,Kraken,sell,LIQUIDITY_SQUEEZE,-23.111360794710734,15.0,1,1,1.0,0.43699993611064936,0.7087785893629539,1,1,0,0.0,0.0,0.0
h144-150|5m|slice_01_h144_pass01_liquidity_squeeze_20260518_143340|route_evidence|133,BTC,Coinbase,buy,LIQUIDITY_SQUEEZE,56.27013352014815,90.0,3,1,0.3333333333333333,0.8916898599436844,1.163468513195989,1,1,1,0.0,0.0,0.0
h144-150|5m|slice_01_h144_pass01_liquidity_squeeze_20260518_143340|route_evidence|133,BTC,Coinbase,buy,LIQUIDITY_SQUEEZE,56.27013352014815,90.0,3,2,0.6666666666666666,2.225260943967419,2.4970395972197235,1,1,1,0.0,0.0,0.0
h144-150|5m|slice_01_h144_pass01_liquidity_squeeze_20260518_143340|route_evidence|133,BTC,Coinbase,buy,LIQUIDITY_SQUEEZE,56.27013352014815,90.0,3,3,1.0,2.32223747462203,2.5940161278743346,1,1,1,0.0,0.0,0.0
h144-150|5m|slice_01_h144_pass01_basis_dislocation_20260518_143340|route_evidence|136,ETH,Coinbase,buy,BASIS_DISLOCATION,52.63636622276675,90.0,3,1,0.3333333333333333,3.6269267040630337,3.8987053573153383,1,1,1,0.0,0.0,0.0
h144-150|5m|slice_01_h144_pass01_basis_dislocation_20260518_143340|route_evidence|136,ETH,Coinbase,buy,BASIS_DISLOCATION,52.63636622276675,90.0,3,2,0.6666666666666666,1.309066852224007,1.5808455054763115,1,1,1,0.0,0.0,0.0
h144-150|5m|slice_01_h144_pass01_basis_dislocation_20260518_143340|route_evidence|136,ETH,Coinbase,buy,BASIS_DISLOCATION,52.63636622276675,90.0,3,3,1.0,1.3870473842386177,1.6588260374909223,1,1,1,0.0,0.0,0.0
h144-150|5m|slice_01_h144_pass01_vol_breakout_20260518_143340|route_evidence|149,ETH,Kraken,buy,VOL_BREAKOUT,45.51430372277676,80.0,4,1,0.25,0.39131732919551876,0.6630959824478233,1,1,1,0.0,0.0,0.0
h144-150|5m|slice_01_h144_pass01_vol_breakout_20260518_143340|route_evidence|149,ETH,Kraken,buy,VOL_BREAKOUT,45.51430372277676,80.0,4,2,0.5,1.4570831983135617,1.7288618515658662,1,1,1,0.0,0.0,0.0
h144-150|5m|slice_01_h144_pass01_vol_breakout_20260518_143340|route_evidence|149,ETH,Kraken,buy,VOL_BREAKOUT,45.51430372277676,80.0,4,3,0.75,0.5651248435966993,0.8369034968490039,1,1,1,0.0,0.0,0.0
h144-150|5m|slice_01_h144_pass01_vol_breakout_20260518_143340|route_evidence|149,ETH,Kraken,buy,VOL_BREAKOUT,45.51430372277676,80.0,4,4,1.0,0.9580161590621946,1.229794812314499,1,1,1,0.0,0.0,0.0
h144-150|5m|slice_01_h144_pass01_basis_dislocation_20260518_143340|route_evidence|148,ETH,Coinbase,buy,BASIS_DISLOCATION,42.32267803517726,80.0,3,1,0.3333333333333333,2.938820298182899,3.2105989514352036,1,1,1,0.0,0.0,0.0
h144-150|5m|slice_01_h144_pass01_basis_dislocation_20260518_143340|route_evidence|148,ETH,Coinbase,buy,BASIS_DISLOCATION,42.32267803517726,80.0,3,2,0.6666666666666666,0.9650136492839414,1.236792302536246,1,1,1,0.0,0.0,0.0
h144-150|5m|slice_01_h144_pass01_basis_dislocation_20260518_143340|route_evidence|148,ETH,Coinbase,buy,BASIS_DISLOCATION,42.32267803517726,80.0,3,3,1.0,1.1576785822785731,1.4294572355308777,1,1,1,0.0,0.0,0.0
h144-150|15m|slice_01_h144_pass01_vol_breakout_20260518_142107|route_evidence|53,ETH,Kraken,buy,VOL_BREAKOUT,53.4486321210169,90.0,5,1,0.2,0.39131732919551876,0.6630959824478233,1,1,1,0.0,0.0,0.0
h144-150|15m|slice_01_h144_pass01_vol_breakout_20260518_142107|route_evidence|53,ETH,Kraken,buy,VOL_BREAKOUT,53.4486321210169,90.0,5,2,0.4,1.4570831983135617,1.7288618515658662,1,1,1,0.0,0.0,0.0
h144-150|15m|slice_01_h144_pass01_vol_breakout_20260518_142107|route_evidence|53,ETH,Kraken,buy,VOL_BREAKOUT,53.4486321210169,90.0,5,3,0.6,0.5651248435966993,0.8369034968490039,1,1,1,0.0,0.0,0.0
h144-150|15m|slice_01_h144_pass01_vol_breakout_20260518_142107|route_evidence|53,ETH,Kraken,buy,VOL_BREAKOUT,53.4486321210169,90.0,5,4,0.8,0.7171703669305467,0.9889490201828512,1,1,1,0.0,0.0,0.0
h144-150|15m|slice_01_h144_pass01_vol_breakout_20260518_142107|route_evidence|53,ETH,Kraken,buy,VOL_BREAKOUT,53.4486321210169,90.0,5,5,1.0,1.0331283436110041,1.3049069968633087,1,1,1,0.0,0.0,0.0
h144-150|15m|slice_01_h144_pass01_liquidity_squeeze_20260518_142107|route_evidence|52,ETH,Coinbase,sell,LIQUIDITY_SQUEEZE,-28.757014277378808,15.0,1,1,1.0,0.06360045676443465,0.33537911001673915,1,1,0,0.0,0.0,0.0
h144-150|5m|slice_01_h144_pass01_relative_strength_20260518_143340|route_evidence|184,ETH,Coinbase,buy,RELATIVE_STRENGTH,38.26324661471824,25.0,1,1,1.0,0.260025810105401,0.5318044633577055,1,1,1,0.0,0.0,0.0
h144-150|5m|slice_01_h144_pass01_basis_dislocation_20260518_143340|route_evidence|184,ETH,Coinbase,buy,BASIS_DISLOCATION,27.81270749709741,50.0,2,1,0.5,-0.4210998276072106,-0.1493211743549061,0,0,1,0.0,0.0,0.0
h144-150|5m|slice_01_h144_pass01_basis_dislocation_20260518_143340|route_evidence|184,ETH,Coinbase,buy,BASIS_DISLOCATION,27.81270749709741,50.0,2,2,1.0,0.6322600939640215,0.904038747216326,1,1,1,0.0,0.0,0.0
h144-150|15m|slice_01_h144_pass01_vol_breakout_20260518_142107|route_evidence|65,ETH,Kraken,buy,VOL_BREAKOUT,35.00130647282221,60.0,3,1,0.3333333333333333,-0.11815077591421469,0.1536278773380898,0,1,1,0.0,0.0,0.0
h144-150|15m|slice_01_h144_pass01_vol_breakout_20260518_142107|route_evidence|65,ETH,Kraken,buy,VOL_BREAKOUT,35.00130647282221,60.0,3,2,0.6666666666666666,0.8952984186004629,1.1670770718527674,1,1,1,0.0,0.0,0.0
h144-150|15m|slice_01_h144_pass01_vol_breakout_20260518_142107|route_evidence|65,ETH,Kraken,buy,VOL_BREAKOUT,35.00130647282221,60.0,3,3,1.0,1.362519029177921,1.6342976824302256,1,1,1,0.0,0.0,0.0
h144-150|15m|slice_01_h144_pass01_relative_strength_20260518_142107|route_evidence|64,ETH,Coinbase,buy,RELATIVE_STRENGTH,36.7168872115402,60.0,3,1,0.3333333333333333,-0.4210998276072106,-0.1493211743549061,0,0,1,0.0,0.0,0.0
h144-150|15m|slice_01_h144_pass01_relative_strength_20260518_142107|route_evidence|64,ETH,Coinbase,buy,RELATIVE_STRENGTH,36.7168872115402,60.0,3,2,0.6666666666666666,-0.487650701386719,-0.21587204813441452,0,0,1,0.0,0.0,0.0
h144-150|15m|slice_01_h144_pass01_relative_strength_20260518_142107|route_evidence|64,ETH,Coinbase,buy,RELATIVE_STRENGTH,36.7168872115402,60.0,3,3,1.0,0.4276009517686383,0.6993796050209429,1,1,1,0.0,0.0,0.0
h144-150|15m|slice_01_h144_pass01_basis_dislocation_20260518_142107|route_evidence|66,ETH,Bybit,buy,BASIS_DISLOCATION,36.5273332462708,60.0,2,1,0.5,0.8014956861081224,1.073274339360427,1,1,1,0.0,0.0,0.0
h144-150|15m|slice_01_h144_pass01_basis_dislocation_20260518_142107|route_evidence|66,ETH,Bybit,buy,BASIS_DISLOCATION,36.5273332462708,60.0,2,2,1.0,0.8935715851570621,1.1653502384093666,1,1,1,0.0,0.0,0.0
h144-150|15m|slice_01_h144_pass01_basis_dislocation_20260518_142107|route_evidence|62,BTC,Kraken,buy,BASIS_DISLOCATION,27.71997855765656,60.0,2,1,0.5,2.254449161294604,2.5262278145469086,1,1,1,0.0,0.0,0.0
h144-150|15m|slice_01_h144_pass01_basis_dislocation_20260518_142107|route_evidence|62,BTC,Kraken,buy,BASIS_DISLOCATION,27.71997855765656,60.0,2,2,1.0,2.725975080066958,2.9977537333192625,1,1,1,0.0,0.0,0.0
h144-150|5m|slice_01_h144_pass01_relative_strength_20260518_143340|route_evidence|192,ETH,Bybit,buy,RELATIVE_STRENGTH,30.878301327093038,40.0,2,1,0.5,-1.9018384766568295,-1.630059823404525,0,0,1,0.0,0.0,0.0
h144-150|5m|slice_01_h144_pass01_relative_strength_20260518_143340|route_evidence|192,ETH,Bybit,buy,RELATIVE_STRENGTH,30.878301327093038,40.0,2,2,1.0,-0.6145406131675322,-0.3427619599152277,0,0,1,0.0,0.0,0.0
h144-150|5m|slice_01_h144_pass01_basis_dislocation_20260518_143340|route_evidence|189,BTC,Bybit,buy,BASIS_DISLOCATION,32.66546370735213,45.0,2,1,0.5,-0.6199065584405953,-0.3481279051882908,0,0,1,0.0,0.0,0.0
h144-150|5m|slice_01_h144_pass01_basis_dislocation_20260518_143340|route_evidence|189,BTC,Bybit,buy,BASIS_DISLOCATION,32.66546370735213,45.0,2,2,1.0,0.0903510900430195,0.362129743295324,1,1,1,0.0,0.0,0.0
h144-150|5m|slice_01_h144_pass01_relative_strength_20260518_143340|route_evidence|190,ETH,Coinbase,buy,RELATIVE_STRENGTH,27.944834108619553,20.0,1,1,1.0,-0.7124608612014123,-0.4406822079491078,0,0,1,0.0,0.0,0.0
h144-150|5m|slice_01_h144_pass01_basis_dislocation_20260518_143340|route_evidence|191,ETH,Kraken,buy,BASIS_DISLOCATION,31.244765162570978,35.0,2,1,0.5,-2.7563666693180706,-2.484588016065766,0,0,1,0.0,0.0,0.0
h144-150|5m|slice_01_h144_pass01_basis_dislocation_20260518_143340|route_evidence|191,ETH,Kraken,buy,BASIS_DISLOCATION,31.244765162570978,35.0,2,2,1.0,-0.8725542788210828,-0.6007756255687784,0,0,1,0.0,0.0,0.0
h144-150|5m|slice_01_h144_pass01_relative_strength_20260518_143340|route_evidence|191,ETH,Kraken,buy,RELATIVE_STRENGTH,29.87545794796388,20.0,1,1,1.0,-1.0823094616317128,-0.8105308083794083,0,0,1,0.0,0.0,0.0
h144-150|15m|slice_01_h144_pass01_relative_strength_20260518_142107|route_evidence|70,ETH,Coinbase,buy,RELATIVE_STRENGTH,5.406397998010512,45.0,2,1,0.5,-1.5514049378614747,-1.2796262846091702,0,0,1,0.0,0.0,0.0
h144-150|15m|slice_01_h144_pass01_relative_strength_20260518_142107|route_evidence|70,ETH,Coinbase,buy,RELATIVE_STRENGTH,5.406397998010512,45.0,2,2,1.0,0.34427823366794474,0.6160568869202492,1,1,1,0.0,0.0,0.0
h144-150|5m|slice_01_h144_pass01_basis_dislocation_20260518_143340|route_evidence|200,BTC,Kraken,buy,BASIS_DISLOCATION,18.994852827862896,35.0,1,1,1.0,2.38276961278925,2.6545482660415547,1,1,1,0.0,0.0,0.0
h144-150|15m|slice_01_h144_pass01_vol_breakout_20260518_142107|route_evidence|71,ETH,Kraken,buy,VOL_BREAKOUT,75.60195428122421,165.0,7,1,0.14285714285714285,-0.005546389220841302,0.26623226403146316,0,1,1,0.0,0.0,0.0
h144-150|15m|slice_01_h144_pass01_vol_breakout_20260518_142107|route_evidence|71,ETH,Kraken,buy,VOL_BREAKOUT,75.60195428122421,165.0,7,2,0.2857142857142857,1.7083884600343622,1.9801671132866667,1,1,1,0.0,0.0,0.0
h144-150|15m|slice_01_h144_pass01_vol_breakout_20260518_142107|route_evidence|71,ETH,Kraken,buy,VOL_BREAKOUT,75.60195428122421,165.0,7,3,0.42857142857142855,1.523874520558844,1.7956531738111485,1,1,1,0.0,0.0,0.0
h144-150|15m|slice_01_h144_pass01_vol_breakout_20260518_142107|route_evidence|71,ETH,Kraken,buy,VOL_BREAKOUT,75.60195428122421,165.0,7,4,0.5714285714285714,0.4476250920012666,0.7194037452535711,1,1,1,0.0,0.0,0.0
h144-150|15m|slice_01_h144_pass01_vol_breakout_20260518_142107|route_evidence|71,ETH,Kraken,buy,VOL_BREAKOUT,75.60195428122421,165.0,7,5,0.7142857142857143,0.44720458667918533,0.7189832399314898,1,1,1,0.0,0.0,0.0
h144-150|15m|slice_01_h144_pass01_vol_breakout_20260518_142107|route_evidence|71,ETH,Kraken,buy,VOL_BREAKOUT,75.60195428122421,165.0,7,6,0.8571428571428571,0.21164680460860114,0.4834254578609056,1,1,1,0.0,0.0,0.0
h144-150|15m|slice_01_h144_pass01_vol_breakout_20260518_142107|route_evidence|71,ETH,Kraken,buy,VOL_BREAKOUT,75.60195428122421,165.0,7,7,1.0,0.5968840072499493,0.8686626605022538,1,1,1,0.0,0.0,0.0
h144-150|5m|slice_01_h144_pass01_mean_reversion_chop_20260518_143340|route_evidence|235,BTC,Kraken,sell,MEAN_REVERSION_CHOP,13.064886479008118,25.0,1,1,1.0,4.048838702751756,4.32061735600406,1,1,1,0.0,0.0,0.0
h144-150|5m|slice_01_h144_pass01_liquidity_squeeze_20260518_143340|route_evidence|252,ETH,Bybit,buy,LIQUIDITY_SQUEEZE,11.146678433842048,45.0,2,1,0.5,-0.15098707566144476,0.12079157759085973,0,1,1,0.0,0.0,0.0
h144-150|5m|slice_01_h144_pass01_liquidity_squeeze_20260518_143340|route_evidence|252,ETH,Bybit,buy,LIQUIDITY_SQUEEZE,11.146678433842048,45.0,2,2,1.0,-0.17142509109477908,0.10035356215752542,0,1,1,0.0,0.0,0.0
h144-150|15m|slice_01_h144_pass01_basis_dislocation_20260518_142107|route_evidence|94,ETH,Coinbase,buy,BASIS_DISLOCATION,55.91047143234542,105.0,4,1,0.25,0.5763189527936716,0.8480976060459762,1,1,1,0.0,0.0,0.0
h144-150|15m|slice_01_h144_pass01_basis_dislocation_20260518_142107|route_evidence|94,ETH,Coinbase,buy,BASIS_DISLOCATION,55.91047143234542,105.0,4,2,0.5,-0.569955546553502,-0.2981768933011975,0,0,1,0.0,0.0,0.0
h144-150|15m|slice_01_h144_pass01_basis_dislocation_20260518_142107|route_evidence|94,ETH,Coinbase,buy,BASIS_DISLOCATION,55.91047143234542,105.0,4,3,0.75,-0.33822162376843584,-0.06644297051613135,0,0,1,0.0,0.0,0.0
h144-150|15m|slice_01_h144_pass01_basis_dislocation_20260518_142107|route_evidence|94,ETH,Coinbase,buy,BASIS_DISLOCATION,55.91047143234542,105.0,4,4,1.0,0.17608613005864718,0.4478647833109517,1,1,1,0.0,0.0,0.0
h144-150|15m|slice_01_h144_pass01_basis_dislocation_20260518_142107|route_evidence|99,BTC,Bybit,buy,BASIS_DISLOCATION,-15.672243679017472,15.0,1,1,1.0,0.9902260271687409,1.2620046804210454,1,1,0,0.0,0.0,0.0
h144-150|5m|slice_01_h144_pass01_basis_dislocation_20260518_143340|route_evidence|305,ETH,Kraken,buy,BASIS_DISLOCATION,17.952345608231717,30.0,1,1,1.0,0.32480737224909983,0.5965860255014044,1,1,1,0.0,0.0,0.0
h144-150|5m|slice_01_h144_pass01_basis_dislocation_20260518_143340|route_evidence|304,ETH,Coinbase,buy,BASIS_DISLOCATION,15.342766250313511,30.0,1,1,1.0,-0.24195217764683868,0.029826475605465808,0,1,1,0.0,0.0,0.0
h144-150|5m|slice_01_h144_pass01_liquidity_squeeze_20260518_143340|route_evidence|342,ETH,Bybit,buy,LIQUIDITY_SQUEEZE,25.650978624080537,40.0,2,1,0.5,-1.1647965558898068,-0.8930179026375022,0,0,1,0.0,0.0,0.0
h144-150|5m|slice_01_h144_pass01_liquidity_squeeze_20260518_143340|route_evidence|342,ETH,Bybit,buy,LIQUIDITY_SQUEEZE,25.650978624080537,40.0,2,2,1.0,-0.34614043045345233,-0.07436177720114784,0,0,1,0.0,0.0,0.0
h144-150|5m|slice_01_h144_pass01_relative_strength_20260518_143340|route_evidence|340,ETH,Coinbase,buy,RELATIVE_STRENGTH,38.183243146738576,30.0,1,1,1.0,1.984190679118883,2.2559693323711874,1,1,1,0.0,0.0,0.0
h144-150|5m|slice_01_h144_pass01_mean_reversion_chop_20260518_143340|route_evidence|341,ETH,Bybit,buy,MEAN_REVERSION_CHOP,35.171503917211275,30.0,1,1,1.0,1.6540080329143882,1.9257866861666928,1,1,1,0.0,0.0,0.0
h144-150|15m|slice_01_h144_pass01_liquidity_squeeze_20260518_142107|route_evidence|118,ETH,Coinbase,sell,LIQUIDITY_SQUEEZE,-44.185891041831034,15.0,1,1,1.0,-2.251522752162916,-1.9797440989106114,0,0,0,0.0,0.0,0.0
h144-150|5m|slice_01_h144_pass01_relative_strength_20260518_143340|route_evidence|353,ETH,Kraken,buy,RELATIVE_STRENGTH,20.15951193634006,20.0,1,1,1.0,-0.38189999568731287,-0.11012134243500837,0,0,1,0.0,0.0,0.0
h144-150|5m|slice_01_h144_pass01_basis_dislocation_20260518_143340|route_evidence|352,ETH,Coinbase,buy,BASIS_DISLOCATION,13.414862415694254,30.0,1,1,1.0,1.892926677187676,2.1647053304399804,1,1,1,0.0,0.0,0.0
h144-150|5m|slice_01_h144_pass01_basis_dislocation_20260518_143340|route_evidence|353,ETH,Kraken,buy,BASIS_DISLOCATION,11.249273209549994,30.0,1,1,1.0,2.471366374143662,2.7431450273959666,1,1,1,0.0,0.0,0.0
h144-150|15m|slice_01_h144_pass01_liquidity_squeeze_20260518_142107|route_evidence|127,BTC,Coinbase,sell,LIQUIDITY_SQUEEZE,9.437097587690493,35.0,2,1,0.5,2.770949603219747,3.0427282564720515,1,1,1,0.0,0.0,0.0
h144-150|15m|slice_01_h144_pass01_liquidity_squeeze_20260518_142107|route_evidence|127,BTC,Coinbase,sell,LIQUIDITY_SQUEEZE,9.437097587690493,35.0,2,2,1.0,3.334746323498827,3.6065249767511314,1,1,1,0.0,0.0,0.0
h150-156|15m|slice_01_h150_pass01_basis_dislocation_20260518_142615|route_evidence|1,BTC,Coinbase,buy,BASIS_DISLOCATION,-21.30797475678114,75.0,3,1,0.3333333333333333,2.7852396260438925,3.057018279296197,1,1,0,0.0,0.0,0.0
h150-156|15m|slice_01_h150_pass01_basis_dislocation_20260518_142615|route_evidence|1,BTC,Coinbase,buy,BASIS_DISLOCATION,-21.30797475678114,75.0,3,2,0.6666666666666666,3.375410895552248,3.6471895488045525,1,1,0,0.0,0.0,0.0
h150-156|15m|slice_01_h150_pass01_basis_dislocation_20260518_142615|route_evidence|1,BTC,Coinbase,buy,BASIS_DISLOCATION,-21.30797475678114,75.0,3,3,1.0,2.2846713863609183,2.556450039613223,1,1,0,0.0,0.0,0.0
h150-156|5m|slice_01_h150_pass01_mean_reversion_chop_20260518_143829|route_evidence|9,BTC,Bybit,buy,MEAN_REVERSION_CHOP,16.306291587735366,30.0,1,1,1.0,3.962461917464543,4.234240570716847,1,1,1,0.0,0.0,0.0
h150-156|5m|slice_01_h150_pass01_basis_dislocation_20260518_143829|route_evidence|11,ETH,Kraken,buy,BASIS_DISLOCATION,30.182679274783542,35.0,2,1,0.5,1.9753844327604904,2.2471630860127947,1,1,1,0.0,0.0,0.0
h150-156|5m|slice_01_h150_pass01_basis_dislocation_20260518_143829|route_evidence|11,ETH,Kraken,buy,BASIS_DISLOCATION,30.182679274783542,35.0,2,2,1.0,1.2136506621491558,1.4854293154014604,1,1,1,0.0,0.0,0.0
h150-156|5m|slice_01_h150_pass01_basis_dislocation_20260518_143829|route_evidence|7,BTC,Coinbase,buy,BASIS_DISLOCATION,14.55820478920138,35.0,2,1,0.5,0.9831313209459861,1.2549099741982905,1,1,1,0.0,0.0,0.0
h150-156|5m|slice_01_h150_pass01_basis_dislocation_20260518_143829|route_evidence|7,BTC,Coinbase,buy,BASIS_DISLOCATION,14.55820478920138,35.0,2,2,1.0,1.7410131833655282,2.012791836617833,1,1,1,0.0,0.0,0.0
h150-156|5m|slice_01_h150_pass01_vol_breakout_20260518_143829|route_evidence|11,ETH,Kraken,buy,VOL_BREAKOUT,26.10443019150121,50.0,3,1,0.3333333333333333,1.9753844327604904,2.2471630860127947,1,1,1,0.0,0.0,0.0
h150-156|5m|slice_01_h150_pass01_vol_breakout_20260518_143829|route_evidence|11,ETH,Kraken,buy,VOL_BREAKOUT,26.10443019150121,50.0,3,2,0.6666666666666666,1.29248230439708,1.5642609576493844,1,1,1,0.0,0.0,0.0
h150-156|5m|slice_01_h150_pass01_vol_breakout_20260518_143829|route_evidence|11,ETH,Kraken,buy,VOL_BREAKOUT,26.10443019150121,50.0,3,3,1.0,0.9365494812811785,1.208328134533483,1,1,1,0.0,0.0,0.0
h150-156|5m|slice_01_h150_pass01_news_breakout_20260518_143829|route_evidence|13,BTC,Coinbase,buy,NEWS_BREAKOUT,6.508317628988891,25.0,1,1,1.0,2.8046761836972687,3.0764548369495732,1,1,1,0.0,0.0,0.0
h150-156|5m|slice_01_h150_pass01_basis_dislocation_20260518_143829|route_evidence|22,ETH,Coinbase,buy,BASIS_DISLOCATION,14.164011438774,25.0,1,1,1.0,2.0098089040220746,2.281587557274379,1,1,1,0.0,0.0,0.0
h150-156|15m|slice_01_h150_pass01_relative_strength_20260518_142615|route_evidence|11,ETH,Kraken,buy,RELATIVE_STRENGTH,16.997582850963216,30.0,1,1,1.0,2.7825384758172387,3.0543171290695432,1,1,1,0.0,0.0,0.0
h150-156|15m|slice_01_h150_pass01_basis_dislocation_20260518_142615|route_evidence|10,ETH,Coinbase,buy,BASIS_DISLOCATION,20.562862365710128,30.0,1,1,1.0,2.5784189815258713,2.850197634778176,1,1,1,0.0,0.0,0.0
h150-156|15m|slice_01_h150_pass01_liquidity_squeeze_20260518_142615|route_evidence|29,ETH,Kraken,sell,LIQUIDITY_SQUEEZE,119.3324392079272,90.0,5,1,0.2,-5.910572982777527,-5.638794329525223,0,0,1,0.0,0.0,0.0
h150-156|15m|slice_01_h150_pass01_liquidity_squeeze_20260518_142615|route_evidence|29,ETH,Kraken,sell,LIQUIDITY_SQUEEZE,119.3324392079272,90.0,5,2,0.4,-4.3322959388989,-4.060517285646596,0,0,1,0.0,0.0,0.0
h150-156|15m|slice_01_h150_pass01_liquidity_squeeze_20260518_142615|route_evidence|29,ETH,Kraken,sell,LIQUIDITY_SQUEEZE,119.3324392079272,90.0,5,3,0.6,-6.890128182655587,-6.618349529403283,0,0,1,0.0,0.0,0.0
h150-156|15m|slice_01_h150_pass01_liquidity_squeeze_20260518_142615|route_evidence|29,ETH,Kraken,sell,LIQUIDITY_SQUEEZE,119.3324392079272,90.0,5,4,0.8,-6.830778914468503,-6.559000261216199,0,0,1,0.0,0.0,0.0
h150-156|15m|slice_01_h150_pass01_liquidity_squeeze_20260518_142615|route_evidence|29,ETH,Kraken,sell,LIQUIDITY_SQUEEZE,119.3324392079272,90.0,5,5,1.0,-5.787357564835481,-5.515578911583177,0,0,1,0.0,0.0,0.0
h150-156|15m|slice_01_h150_pass01_liquidity_squeeze_20260518_142615|route_evidence|28,ETH,Coinbase,sell,LIQUIDITY_SQUEEZE,121.37542375030712,90.0,4,1,0.25,-6.169424384037258,-5.897645730784954,0,0,1,0.0,0.0,0.0
h150-156|15m|slice_01_h150_pass01_liquidity_squeeze_20260518_142615|route_evidence|28,ETH,Coinbase,sell,LIQUIDITY_SQUEEZE,121.37542375030712,90.0,4,2,0.5,-4.633870748777486,-4.362092095525182,0,0,1,0.0,0.0,0.0
h150-156|15m|slice_01_h150_pass01_liquidity_squeeze_20260518_142615|route_evidence|28,ETH,Coinbase,sell,LIQUIDITY_SQUEEZE,121.37542375030712,90.0,4,3,0.75,-7.419056108139928,-7.147277454887624,0,0,1,0.0,0.0,0.0
h150-156|15m|slice_01_h150_pass01_liquidity_squeeze_20260518_142615|route_evidence|28,ETH,Coinbase,sell,LIQUIDITY_SQUEEZE,121.37542375030712,90.0,4,4,1.0,-6.130753825328561,-5.858975172076257,0,0,1,0.0,0.0,0.0
h150-156|15m|slice_01_h150_pass01_liquidity_squeeze_20260518_142615|route_evidence|25,BTC,Coinbase,sell,LIQUIDITY_SQUEEZE,63.16836629551639,90.0,4,1,0.25,-0.5367849854309856,-0.26500633217868114,0,0,1,0.0,0.0,0.0
h150-156|15m|slice_01_h150_pass01_liquidity_squeeze_20260518_142615|route_evidence|25,BTC,Coinbase,sell,LIQUIDITY_SQUEEZE,63.16836629551639,90.0,4,2,0.5,0.2591482459221891,0.5309268991744935,1,1,1,0.0,0.0,0.0
h150-156|15m|slice_01_h150_pass01_liquidity_squeeze_20260518_142615|route_evidence|25,BTC,Coinbase,sell,LIQUIDITY_SQUEEZE,63.16836629551639,90.0,4,3,0.75,-1.9456934296931505,-1.673914776440846,0,0,1,0.0,0.0,0.0
h150-156|15m|slice_01_h150_pass01_liquidity_squeeze_20260518_142615|route_evidence|25,BTC,Coinbase,sell,LIQUIDITY_SQUEEZE,63.16836629551639,90.0,4,4,1.0,-1.515424696451233,-1.2436460431989285,0,0,1,0.0,0.0,0.0
h150-156|15m|slice_01_h150_pass01_basis_dislocation_20260518_142615|route_evidence|30,ETH,Bybit,sell,BASIS_DISLOCATION,116.85018986786224,90.0,4,1,0.25,-5.188037505697805,-4.916258852445501,0,0,1,0.0,0.0,0.0
h150-156|15m|slice_01_h150_pass01_basis_dislocation_20260518_142615|route_evidence|30,ETH,Bybit,sell,BASIS_DISLOCATION,116.85018986786224,90.0,4,2,0.5,-3.2161406686973657,-2.944362015445061,0,0,1,0.0,0.0,0.0
h150-156|15m|slice_01_h150_pass01_basis_dislocation_20260518_142615|route_evidence|30,ETH,Bybit,sell,BASIS_DISLOCATION,116.85018986786224,90.0,4,3,0.75,-7.2978519884781985,-7.026073335225894,0,0,1,0.0,0.0,0.0
h150-156|15m|slice_01_h150_pass01_basis_dislocation_20260518_142615|route_evidence|30,ETH,Bybit,sell,BASIS_DISLOCATION,116.85018986786224,90.0,4,4,1.0,-6.276317361032861,-6.004538707780557,0,0,1,0.0,0.0,0.0
h150-156|5m|slice_01_h150_pass01_liquidity_squeeze_20260518_143829|route_evidence|85,BTC,Coinbase,sell,LIQUIDITY_SQUEEZE,93.04955859629959,45.0,2,1,0.5,1.036181699853456,1.3079603531057606,1,1,1,0.0,0.0,0.0
h150-156|5m|slice_01_h150_pass01_liquidity_squeeze_20260518_143829|route_evidence|85,BTC,Coinbase,sell,LIQUIDITY_SQUEEZE,93.04955859629959,45.0,2,2,1.0,-3.0017979468513003,-2.7300192935989958,0,0,1,0.0,0.0,0.0
h150-156|5m|slice_01_h150_pass01_mean_reversion_chop_20260518_143829|route_evidence|85,BTC,Coinbase,sell,MEAN_REVERSION_CHOP,31.77553299638869,15.0,1,1,1.0,-2.5880557855978763,-2.3162771323455718,0,0,1,0.0,0.0,0.0
h150-156|5m|slice_01_h150_pass01_liquidity_squeeze_20260518_143829|route_evidence|109,BTC,Coinbase,sell,LIQUIDITY_SQUEEZE,54.70767597453511,25.0,1,1,1.0,-2.599524629842322,-2.3277459765900175,0,0,1,0.0,0.0,0.0
h150-156|5m|slice_01_h150_pass01_basis_dislocation_20260518_143829|route_evidence|113,ETH,Kraken,sell,BASIS_DISLOCATION,103.65528347503806,25.0,1,1,1.0,-9.265411214228953,-8.993632560976648,0,0,1,0.0,0.0,0.0
h150-156|5m|slice_01_h150_pass01_basis_dislocation_20260518_143829|route_evidence|125,ETH,Kraken,sell,BASIS_DISLOCATION,61.54331787206161,15.0,1,1,1.0,-17.423485528534385,-17.15170687528208,0,0,1,0.0,0.0,0.0
h150-156|5m|slice_01_h150_pass01_liquidity_squeeze_20260518_143829|route_evidence|122,BTC,Kraken,sell,LIQUIDITY_SQUEEZE,40.471616124830675,15.0,1,1,1.0,-6.830263351537683,-6.558484698285379,0,0,1,0.0,0.0,0.0
h150-156|5m|slice_01_h150_pass01_liquidity_squeeze_20260518_143829|route_evidence|133,BTC,Coinbase,buy,LIQUIDITY_SQUEEZE,26.652431139183104,25.0,1,1,1.0,-2.054315056434024,-1.7825364031817195,0,0,1,0.0,0.0,0.0
h150-156|5m|slice_01_h150_pass01_liquidity_squeeze_20260518_143829|route_evidence|141,BTC,Bybit,buy,LIQUIDITY_SQUEEZE,-7.264780085222114,20.0,1,1,1.0,-1.91623772555581,-1.6444590723035055,0,0,0,0.0,0.0,0.0
h150-156|15m|slice_01_h150_pass01_basis_dislocation_20260518_142615|route_evidence|59,ETH,Kraken,buy,BASIS_DISLOCATION,10.92262071100249,45.0,2,1,0.5,-0.10352155661223604,0.16825709664006844,0,1,1,0.0,0.0,0.0
h150-156|15m|slice_01_h150_pass01_basis_dislocation_20260518_142615|route_evidence|59,ETH,Kraken,buy,BASIS_DISLOCATION,10.92262071100249,45.0,2,2,1.0,0.2312507870627456,0.5030294403150501,1,1,1,0.0,0.0,0.0
h150-156|15m|slice_01_h150_pass01_basis_dislocation_20260518_142615|route_evidence|58,ETH,Coinbase,buy,BASIS_DISLOCATION,11.35628109158718,45.0,2,1,0.5,-0.14741607019855424,0.12436258305375025,0,1,1,0.0,0.0,0.0
h150-156|15m|slice_01_h150_pass01_basis_dislocation_20260518_142615|route_evidence|58,ETH,Coinbase,buy,BASIS_DISLOCATION,11.35628109158718,45.0,2,2,1.0,0.1411514705918957,0.4129301238442002,1,1,1,0.0,0.0,0.0
h150-156|5m|slice_01_h150_pass01_basis_dislocation_20260518_143829|route_evidence|166,ETH,Coinbase,buy,BASIS_DISLOCATION,10.626206579270622,25.0,1,1,1.0,-0.14741607019855424,0.12436258305375025,0,1,1,0.0,0.0,0.0
h150-156|5m|slice_01_h150_pass01_basis_dislocation_20260518_143829|route_evidence|168,ETH,Bybit,buy,BASIS_DISLOCATION,8.330998271895256,25.0,1,1,1.0,-0.26792828315522915,0.0038503700970753396,0,1,1,0.0,0.0,0.0
h150-156|5m|slice_01_h150_pass01_basis_dislocation_20260518_143829|route_evidence|167,ETH,Kraken,buy,BASIS_DISLOCATION,6.369458858732099,25.0,1,1,1.0,0.4606199711729483,0.7323986244252527,1,1,1,0.0,0.0,0.0
h150-156|15m|slice_01_h150_pass01_liquidity_squeeze_20260518_142615|route_evidence|69,BTC,Bybit,buy,LIQUIDITY_SQUEEZE,-26.026052796242826,15.0,1,1,1.0,-0.6728834306083699,-0.40110477735606537,0,0,0,0.0,0.0,0.0
h150-156|5m|slice_01_h150_pass01_basis_dislocation_20260518_143829|route_evidence|221,ETH,Kraken,buy,BASIS_DISLOCATION,67.5401241585829,25.0,1,1,1.0,-2.955473072593631,-2.6836944193413266,0,0,1,0.0,0.0,0.0
h150-156|5m|slice_01_h150_pass01_basis_dislocation_20260518_143829|route_evidence|220,ETH,Coinbase,buy,BASIS_DISLOCATION,69.04433942430971,25.0,1,1,1.0,-4.37788276195912,-4.106104108706816,0,0,1,0.0,0.0,0.0
h150-156|5m|slice_01_h150_pass01_news_breakout_20260518_143829|route_evidence|218,BTC,Kraken,buy,NEWS_BREAKOUT,60.79794508669052,25.0,1,1,1.0,-2.493166552683912,-2.2213878994316074,0,0,1,0.0,0.0,0.0
h150-156|5m|slice_01_h150_pass01_liquidity_squeeze_20260518_143829|route_evidence|217,BTC,Coinbase,buy,LIQUIDITY_SQUEEZE,182.5687049526648,80.0,3,1,0.3333333333333333,-6.313852700996918,-6.042074047744614,0,0,1,0.0,0.0,0.0
h150-156|5m|slice_01_h150_pass01_liquidity_squeeze_20260518_143829|route_evidence|217,BTC,Coinbase,buy,LIQUIDITY_SQUEEZE,182.5687049526648,80.0,3,2,0.6666666666666666,-3.8128362687555892,-3.5410576155032847,0,0,1,0.0,0.0,0.0
h150-156|5m|slice_01_h150_pass01_liquidity_squeeze_20260518_143829|route_evidence|217,BTC,Coinbase,buy,LIQUIDITY_SQUEEZE,182.5687049526648,80.0,3,3,1.0,-3.7671855744628333,-3.4954069212105288,0,0,1,0.0,0.0,0.0
h150-156|5m|slice_01_h150_pass01_liquidity_squeeze_20260518_143829|route_evidence|219,BTC,Bybit,buy,LIQUIDITY_SQUEEZE,181.27710562040596,80.0,4,1,0.25,-7.698090116530082,-7.426311463277778,0,0,1,0.0,0.0,0.0
h150-156|5m|slice_01_h150_pass01_liquidity_squeeze_20260518_143829|route_evidence|219,BTC,Bybit,buy,LIQUIDITY_SQUEEZE,181.27710562040596,80.0,4,2,0.5,-8.968644208448996,-8.696865555196691,0,0,1,0.0,0.0,0.0
h150-156|5m|slice_01_h150_pass01_liquidity_squeeze_20260518_143829|route_evidence|219,BTC,Bybit,buy,LIQUIDITY_SQUEEZE,181.27710562040596,80.0,4,3,0.75,-6.472344431248951,-6.200565777996647,0,0,1,0.0,0.0,0.0
h150-156|5m|slice_01_h150_pass01_liquidity_squeeze_20260518_143829|route_evidence|219,BTC,Bybit,buy,LIQUIDITY_SQUEEZE,181.27710562040596,80.0,4,4,1.0,-5.876789315662742,-5.605010662410438,0,0,1,0.0,0.0,0.0
h150-156|15m|slice_01_h150_pass01_basis_dislocation_20260518_142615|route_evidence|75,BTC,Bybit,sell,BASIS_DISLOCATION,-87.23420942208507,15.0,1,1,1.0,-10.949289827478554,-10.677511174226249,0,0,0,0.0,0.0,0.0
h150-156|5m|slice_01_h150_pass01_vol_breakout_20260518_143829|route_evidence|227,ETH,Kraken,buy,VOL_BREAKOUT,101.47542035407764,35.0,1,1,1.0,-6.646519860990302,-6.374741207737998,0,0,1,0.0,0.0,0.0
h150-156|5m|slice_01_h150_pass01_basis_dislocation_20260518_143829|route_evidence|226,ETH,Coinbase,buy,BASIS_DISLOCATION,34.44707756114091,20.0,1,1,1.0,-4.329353858743151,-4.0575752054908465,0,0,1,0.0,0.0,0.0
h150-156|15m|slice_01_h150_pass01_liquidity_squeeze_20260518_142615|route_evidence|81,BTC,Bybit,sell,LIQUIDITY_SQUEEZE,-33.066847402749225,15.0,1,1,1.0,-4.78911374719041,-4.517335093938106,0,0,0,0.0,0.0,0.0
h150-156|5m|slice_01_h150_pass01_basis_dislocation_20260518_143829|route_evidence|249,BTC,Bybit,buy,BASIS_DISLOCATION,67.57655747490973,15.0,1,1,1.0,-11.299740897622325,-11.02796224437002,0,0,1,0.0,0.0,0.0
h150-156|15m|slice_01_h150_pass01_basis_dislocation_20260518_142615|route_evidence|88,ETH,Coinbase,buy,BASIS_DISLOCATION,70.47658830922894,60.0,3,1,0.3333333333333333,-11.749390090082185,-11.47761143682988,0,0,1,0.0,0.0,0.0
h150-156|15m|slice_01_h150_pass01_basis_dislocation_20260518_142615|route_evidence|88,ETH,Coinbase,buy,BASIS_DISLOCATION,70.47658830922894,60.0,3,2,0.6666666666666666,-9.509225372848201,-9.237446719595896,0,0,1,0.0,0.0,0.0
h150-156|15m|slice_01_h150_pass01_basis_dislocation_20260518_142615|route_evidence|88,ETH,Coinbase,buy,BASIS_DISLOCATION,70.47658830922894,60.0,3,3,1.0,-6.832262115259083,-6.560483462006779,0,0,1,0.0,0.0,0.0
h150-156|15m|slice_01_h150_pass01_liquidity_squeeze_20260518_142615|route_evidence|85,BTC,Coinbase,buy,LIQUIDITY_SQUEEZE,80.16331276255221,60.0,2,1,0.5,-6.05892687563697,-5.7871482223846655,0,0,1,0.0,0.0,0.0
h150-156|15m|slice_01_h150_pass01_liquidity_squeeze_20260518_142615|route_evidence|85,BTC,Coinbase,buy,LIQUIDITY_SQUEEZE,80.16331276255221,60.0,2,2,1.0,-3.5651333537088856,-3.293354700456581,0,0,1,0.0,0.0,0.0
h150-156|15m|slice_01_h150_pass01_liquidity_squeeze_20260518_142615|route_evidence|86,BTC,Kraken,buy,LIQUIDITY_SQUEEZE,75.91575439857675,60.0,3,1,0.3333333333333333,-5.666723206505182,-5.394944553252878,0,0,1,0.0,0.0,0.0
h150-156|15m|slice_01_h150_pass01_liquidity_squeeze_20260518_142615|route_evidence|86,BTC,Kraken,buy,LIQUIDITY_SQUEEZE,75.91575439857675,60.0,3,2,0.6666666666666666,-4.173979421730636,-3.9022007684783317,0,0,1,0.0,0.0,0.0
h150-156|15m|slice_01_h150_pass01_liquidity_squeeze_20260518_142615|route_evidence|86,BTC,Kraken,buy,LIQUIDITY_SQUEEZE,75.91575439857675,60.0,3,3,1.0,-3.408171369014256,-3.1363927157619513,0,0,1,0.0,0.0,0.0
h150-156|5m|slice_01_h150_pass01_liquidity_squeeze_20260518_143829|route_evidence|276,ETH,Bybit,buy,LIQUIDITY_SQUEEZE,22.34527530255469,35.0,2,1,0.5,-7.716074254611534,-7.44429560135923,0,0,1,0.0,0.0,0.0
h150-156|5m|slice_01_h150_pass01_liquidity_squeeze_20260518_143829|route_evidence|276,ETH,Bybit,buy,LIQUIDITY_SQUEEZE,22.34527530255469,35.0,2,2,1.0,-4.748683617309532,-4.476904964057228,0,0,1,0.0,0.0,0.0
h150-156|15m|slice_01_h150_pass01_liquidity_squeeze_20260518_142615|route_evidence|93,BTC,Bybit,buy,LIQUIDITY_SQUEEZE,28.96218416158459,45.0,2,1,0.5,-4.095145848185578,-3.8233671949332737,0,0,1,0.0,0.0,0.0
h150-156|15m|slice_01_h150_pass01_liquidity_squeeze_20260518_142615|route_evidence|93,BTC,Bybit,buy,LIQUIDITY_SQUEEZE,28.96218416158459,45.0,2,2,1.0,-2.2692298737505525,-1.997451220498248,0,0,1,0.0,0.0,0.0
h150-156|15m|slice_01_h150_pass01_liquidity_squeeze_20260518_142615|route_evidence|99,BTC,Bybit,buy,LIQUIDITY_SQUEEZE,9.418675038316493,30.0,1,1,1.0,-2.4867220723136274,-2.214943419061323,0,0,1,0.0,0.0,0.0
h150-156|5m|slice_01_h150_pass01_mean_reversion_chop_20260518_143829|route_evidence|289,BTC,Coinbase,buy,MEAN_REVERSION_CHOP,16.15913148121825,20.0,1,1,1.0,-4.0805564203661095,-3.808777767113805,0,0,1,0.0,0.0,0.0
h150-156|15m|slice_01_h150_pass01_liquidity_squeeze_20260518_142615|route_evidence|97,BTC,Coinbase,buy,LIQUIDITY_SQUEEZE,11.770479248301386,30.0,1,1,1.0,-2.0722698177350978,-1.8004911644827932,0,0,1,0.0,0.0,0.0
h150-156|15m|slice_01_h150_pass01_basis_dislocation_20260518_142615|route_evidence|98,BTC,Kraken,buy,BASIS_DISLOCATION,15.31165627263623,30.0,1,1,1.0,-1.750913590080744,-1.4791349368284394,0,0,1,0.0,0.0,0.0
h150-156|15m|slice_01_h150_pass01_basis_dislocation_20260518_142615|route_evidence|99,BTC,Bybit,sell,BASIS_DISLOCATION,-54.584209910811055,15.0,1,1,1.0,-4.810891425366634,-4.53911277211433,0,0,0,0.0,0.0,0.0
h150-156|15m|slice_01_h150_pass01_basis_dislocation_20260518_142615|route_evidence|116,BTC,Kraken,sell,BASIS_DISLOCATION,83.27884960974426,65.0,2,1,0.5,0.9231144576811814,1.194893110933486,1,1,1,0.0,0.0,0.0
h150-156|15m|slice_01_h150_pass01_basis_dislocation_20260518_142615|route_evidence|116,BTC,Kraken,sell,BASIS_DISLOCATION,83.27884960974426,65.0,2,2,1.0,0.9513936521688066,1.223172305421111,1,1,1,0.0,0.0,0.0
h150-156|15m|slice_01_h150_pass01_basis_dislocation_20260518_142615|route_evidence|118,ETH,Coinbase,sell,BASIS_DISLOCATION,87.78040074667025,65.0,3,1,0.3333333333333333,0.011097681714252294,-3.6683671623169465,1,0,1,0.0,0.0,1.0
h150-156|15m|slice_01_h150_pass01_basis_dislocation_20260518_142615|route_evidence|118,ETH,Coinbase,sell,BASIS_DISLOCATION,87.78040074667025,65.0,3,2,0.6666666666666666,-4.256776691049211,-7.93624153508041,0,0,1,0.0,0.0,1.0
h150-156|15m|slice_01_h150_pass01_basis_dislocation_20260518_142615|route_evidence|118,ETH,Coinbase,sell,BASIS_DISLOCATION,87.78040074667025,65.0,3,3,1.0,-3.2098749478691433,-6.889339791900342,0,0,1,0.0,0.0,1.0
h150-156|5m|slice_01_h150_pass01_basis_dislocation_20260518_143829|route_evidence|349,BTC,Coinbase,sell,BASIS_DISLOCATION,55.231398168544985,35.0,2,1,0.5,-2.671881566324407,-2.4001029130721023,0,0,1,0.0,0.0,0.0
h150-156|5m|slice_01_h150_pass01_basis_dislocation_20260518_143829|route_evidence|349,BTC,Coinbase,sell,BASIS_DISLOCATION,55.231398168544985,35.0,2,2,1.0,-4.224843324924107,-3.9530646716718025,0,0,1,0.0,0.0,0.0
h150-156|5m|slice_01_h150_pass01_liquidity_squeeze_20260518_143829|route_evidence|353,ETH,Kraken,sell,LIQUIDITY_SQUEEZE,60.91154121411193,35.0,1,1,1.0,-3.04585485356791,-6.725319697599109,0,0,1,0.0,0.0,1.0
h150-156|5m|slice_01_h150_pass01_liquidity_squeeze_20260518_143829|route_evidence|350,BTC,Kraken,sell,LIQUIDITY_SQUEEZE,55.48703827460545,35.0,1,1,1.0,-0.44542602288668787,-0.17364736963438338,0,0,1,0.0,0.0,0.0
h150-156|15m|slice_01_h150_pass01_basis_dislocation_20260518_142615|route_evidence|125,ETH,Kraken,sell,BASIS_DISLOCATION,49.05316024659073,50.0,2,1,0.5,-5.353249459451146,-9.032714303482345,0,0,1,0.0,0.0,1.0
h150-156|15m|slice_01_h150_pass01_basis_dislocation_20260518_142615|route_evidence|125,ETH,Kraken,sell,BASIS_DISLOCATION,49.05316024659073,50.0,2,2,1.0,-3.7561202081693015,-7.4355850522005005,0,0,1,0.0,0.0,1.0
h150-156|5m|slice_01_h150_pass01_basis_dislocation_20260518_143829|route_evidence|361,BTC,Coinbase,sell,BASIS_DISLOCATION,43.05746265905935,25.0,1,1,1.0,-2.3556711816670477,-2.083892528414743,0,0,1,0.0,0.0,0.0
h150-156|15m|slice_01_h150_pass01_liquidity_squeeze_20260518_142615|route_evidence|122,BTC,Kraken,sell,LIQUIDITY_SQUEEZE,61.01198342983881,50.0,2,1,0.5,-1.381657871817473,-1.1098792185651685,0,0,1,0.0,0.0,0.0
h150-156|15m|slice_01_h150_pass01_liquidity_squeeze_20260518_142615|route_evidence|122,BTC,Kraken,sell,LIQUIDITY_SQUEEZE,61.01198342983881,50.0,2,2,1.0,-0.20099251258051923,0.07078614067178526,0,1,1,0.0,0.0,0.0
h150-156|5m|slice_01_h150_pass01_basis_dislocation_20260518_143829|route_evidence|369,BTC,Bybit,sell,BASIS_DISLOCATION,24.71690566231209,20.0,1,1,1.0,-3.664066208113799,-3.3922875548614946,0,0,1,0.0,0.0,0.0
h150-156|5m|slice_01_h150_pass01_basis_dislocation_20260518_143829|route_evidence|376,ETH,Coinbase,sell,BASIS_DISLOCATION,31.86486754701335,15.0,1,1,1.0,-10.276638769946919,-13.956103613978119,0,0,1,0.0,0.0,1.0
h150-156|5m|slice_01_h150_pass01_mean_reversion_chop_20260518_143829|route_evidence|378,ETH,Bybit,sell,MEAN_REVERSION_CHOP,40.32796456823013,20.0,1,1,1.0,-7.832280944260141,-11.51174578829134,0,0,1,0.0,0.0,1.0
h150-156|5m|slice_01_h150_pass01_basis_dislocation_20260518_143829|route_evidence|373,BTC,Coinbase,sell,BASIS_DISLOCATION,13.842494166920382,15.0,1,1,1.0,-5.777805083523807,-5.506026430271503,0,0,1,0.0,0.0,0.0
h150-156|15m|slice_01_h150_pass01_liquidity_squeeze_20260518_142615|route_evidence|132,ETH,Bybit,sell,LIQUIDITY_SQUEEZE,21.783663998689608,35.0,2,1,0.5,-10.637951085662642,-14.31741592969384,0,0,1,0.0,0.0,1.0
h150-156|15m|slice_01_h150_pass01_liquidity_squeeze_20260518_142615|route_evidence|132,ETH,Bybit,sell,LIQUIDITY_SQUEEZE,21.783663998689608,35.0,2,2,1.0,-6.441154735727721,-10.12061957975892,0,0,1,0.0,0.0,1.0
h150-156|15m|slice_01_h150_pass01_basis_dislocation_20260518_142615|route_evidence|129,BTC,Bybit,sell,BASIS_DISLOCATION,25.1517903998743,35.0,2,1,0.5,-4.147181227887884,-3.87540257463558,0,0,1,0.0,0.0,0.0
h150-156|15m|slice_01_h150_pass01_basis_dislocation_20260518_142615|route_evidence|129,BTC,Bybit,sell,BASIS_DISLOCATION,25.1517903998743,35.0,2,2,1.0,-2.784899997462932,-2.5131213442106275,0,0,1,0.0,0.0,0.0
h150-156|15m|slice_01_h150_pass01_basis_dislocation_20260518_142615|route_evidence|127,BTC,Coinbase,sell,BASIS_DISLOCATION,26.40774163024205,35.0,2,1,0.5,-5.277535630951452,-5.005756977699148,0,0,1,0.0,0.0,0.0
h150-156|15m|slice_01_h150_pass01_basis_dislocation_20260518_142615|route_evidence|127,BTC,Coinbase,sell,BASIS_DISLOCATION,26.40774163024205,35.0,2,2,1.0,-2.522634236445917,-2.2508555831936126,0,0,1,0.0,0.0,0.0
h150-156|15m|slice_01_h150_pass01_basis_dislocation_20260518_142615|route_evidence|131,ETH,Kraken,sell,BASIS_DISLOCATION,21.666021409833366,35.0,2,1,0.5,-11.08234608046907,-14.76181092450027,0,0,1,0.0,0.0,1.0
h150-156|15m|slice_01_h150_pass01_basis_dislocation_20260518_142615|route_evidence|131,ETH,Kraken,sell,BASIS_DISLOCATION,21.666021409833366,35.0,2,2,1.0,-6.688283611271638,-10.367748455302838,0,0,1,0.0,0.0,1.0
h150-156|5m|slice_01_h150_pass01_liquidity_squeeze_20260518_143829|route_evidence|386,BTC,Kraken,buy,LIQUIDITY_SQUEEZE,7.3743146847492085,20.0,1,1,1.0,-0.9790172968610351,-0.7072386436087306,0,0,1,0.0,0.0,0.0
h156-162|15m|slice_01_h156_pass01_basis_dislocation_20260518_143230|route_evidence|6,ETH,Bybit,buy,BASIS_DISLOCATION,13.753087385254958,45.0,2,1,0.5,-2.840847320474822,-6.520312164506021,0,0,1,0.0,0.0,1.0
h156-162|15m|slice_01_h156_pass01_basis_dislocation_20260518_143230|route_evidence|6,ETH,Bybit,buy,BASIS_DISLOCATION,13.753087385254958,45.0,2,2,1.0,-3.1237473192759304,-6.80321216330713,0,0,1,0.0,0.0,1.0
h156-162|15m|slice_01_h156_pass01_liquidity_squeeze_20260518_143230|route_evidence|5,ETH,Kraken,buy,LIQUIDITY_SQUEEZE,13.280156125801854,45.0,2,1,0.5,-2.17456510249358,-5.854029946524779,0,0,1,0.0,0.0,1.0
h156-162|15m|slice_01_h156_pass01_liquidity_squeeze_20260518_143230|route_evidence|5,ETH,Kraken,buy,LIQUIDITY_SQUEEZE,13.280156125801854,45.0,2,2,1.0,-2.2758455842166585,-5.9553104282478575,0,0,1,0.0,0.0,1.0
h156-162|15m|slice_01_h156_pass01_basis_dislocation_20260518_143230|route_evidence|4,ETH,Coinbase,buy,BASIS_DISLOCATION,12.895779411889162,45.0,2,1,0.5,-3.029697342636828,-6.709162186668027,0,0,1,0.0,0.0,1.0
h156-162|15m|slice_01_h156_pass01_basis_dislocation_20260518_143230|route_evidence|4,ETH,Coinbase,buy,BASIS_DISLOCATION,12.895779411889162,45.0,2,2,1.0,-2.488225939810956,-6.167690783842155,0,0,1,0.0,0.0,1.0
h156-162|15m|slice_01_h156_pass01_basis_dislocation_20260518_143230|route_evidence|5,ETH,Kraken,sell,BASIS_DISLOCATION,-23.438777852399724,15.0,1,1,1.0,-4.7010267542440936,-8.380491598275292,0,0,0,0.0,0.0,1.0
h156-162|5m|slice_01_h156_pass01_liquidity_squeeze_20260518_144258|route_evidence|13,BTC,Coinbase,buy,LIQUIDITY_SQUEEZE,6.270188243322551,30.0,1,1,1.0,-0.2674429685927032,0.004335684659601269,0,1,1,0.0,0.0,0.0
h156-162|5m|slice_01_h156_pass01_basis_dislocation_20260518_144258|route_evidence|18,ETH,Bybit,buy,BASIS_DISLOCATION,42.008546668533654,20.0,1,1,1.0,-2.6651576881416084,-2.393379034889304,0,0,1,0.0,0.0,0.0
h156-162|5m|slice_01_h156_pass01_basis_dislocation_20260518_144258|route_evidence|24,ETH,Bybit,buy,BASIS_DISLOCATION,11.756995884353692,15.0,1,1,1.0,-2.765369971939853,-2.4935913186875482,0,0,1,0.0,0.0,0.0
h156-162|15m|slice_01_h156_pass01_basis_dislocation_20260518_143230|route_evidence|18,ETH,Bybit,sell,BASIS_DISLOCATION,124.11366337066437,111.0,4,1,0.25,-0.02132964252132539,0.2504490107309791,0,1,1,0.0,0.0,0.0
h156-162|15m|slice_01_h156_pass01_basis_dislocation_20260518_143230|route_evidence|18,ETH,Bybit,sell,BASIS_DISLOCATION,124.11366337066437,111.0,4,2,0.5,0.46538387153266203,0.7371625247849665,1,1,1,0.0,0.0,0.0
h156-162|15m|slice_01_h156_pass01_basis_dislocation_20260518_143230|route_evidence|18,ETH,Bybit,sell,BASIS_DISLOCATION,124.11366337066437,111.0,4,3,0.75,0.5687278858052063,0.8405065390575108,1,1,1,0.0,0.0,0.0
h156-162|15m|slice_01_h156_pass01_basis_dislocation_20260518_143230|route_evidence|18,ETH,Bybit,sell,BASIS_DISLOCATION,124.11366337066437,111.0,4,4,1.0,-0.4714031978424042,-0.1996245445900997,0,0,1,0.0,0.0,0.0
h156-162|15m|slice_01_h156_pass01_basis_dislocation_20260518_143230|route_evidence|15,BTC,Bybit,sell,BASIS_DISLOCATION,94.47529661266336,180.0,6,1,0.16666666666666666,-0.8787892981754748,-0.6070106449231703,0,0,1,0.0,0.0,0.0
h156-162|15m|slice_01_h156_pass01_basis_dislocation_20260518_143230|route_evidence|15,BTC,Bybit,sell,BASIS_DISLOCATION,94.47529661266336,180.0,6,2,0.3333333333333333,0.15036137506133535,0.42214002831363984,1,1,1,0.0,0.0,0.0
h156-162|15m|slice_01_h156_pass01_basis_dislocation_20260518_143230|route_evidence|15,BTC,Bybit,sell,BASIS_DISLOCATION,94.47529661266336,180.0,6,3,0.5,-0.18220655215597872,0.08957210109632577,0,1,1,0.0,0.0,0.0
h156-162|15m|slice_01_h156_pass01_basis_dislocation_20260518_143230|route_evidence|15,BTC,Bybit,sell,BASIS_DISLOCATION,94.47529661266336,180.0,6,4,0.6666666666666666,0.32366060443934175,0.5954392576916463,1,1,1,0.0,0.0,0.0
h156-162|15m|slice_01_h156_pass01_basis_dislocation_20260518_143230|route_evidence|15,BTC,Bybit,sell,BASIS_DISLOCATION,94.47529661266336,180.0,6,5,0.8333333333333334,0.3305084309664327,0.6022870842187371,1,1,1,0.0,0.0,0.0
h156-162|15m|slice_01_h156_pass01_basis_dislocation_20260518_143230|route_evidence|15,BTC,Bybit,sell,BASIS_DISLOCATION,94.47529661266336,180.0,6,6,1.0,0.7500108321647193,1.0217894854170237,1,1,1,0.0,0.0,0.0
h156-162|15m|slice_01_h156_pass01_basis_dislocation_20260518_143230|route_evidence|17,ETH,Kraken,buy,BASIS_DISLOCATION,-26.20765062026304,15.0,1,1,1.0,-2.377126065939736,-2.1053474126874314,0,0,0,0.0,0.0,0.0
h156-162|5m|slice_01_h156_pass01_basis_dislocation_20260518_144258|route_evidence|66,ETH,Bybit,sell,BASIS_DISLOCATION,52.198333377342394,65.0,3,1,0.3333333333333333,0.3608438074120517,0.6326224606643562,1,1,1,0.0,0.0,0.0
h156-162|5m|slice_01_h156_pass01_basis_dislocation_20260518_144258|route_evidence|66,ETH,Bybit,sell,BASIS_DISLOCATION,52.198333377342394,65.0,3,2,0.6666666666666666,-0.45323752863805683,-0.18145887538575234,0,0,1,0.0,0.0,0.0
h156-162|5m|slice_01_h156_pass01_basis_dislocation_20260518_144258|route_evidence|66,ETH,Bybit,sell,BASIS_DISLOCATION,52.198333377342394,65.0,3,3,1.0,-0.34194334193738557,-0.07016468868508108,0,0,1,0.0,0.0,0.0
h156-162|15m|slice_01_h156_pass01_liquidity_squeeze_20260518_143230|route_evidence|30,ETH,Bybit,sell,LIQUIDITY_SQUEEZE,102.44903953242928,150.0,5,1,0.2,-2.560210174846893,-2.2884315215945885,0,0,1,0.0,0.0,0.0
h156-162|15m|slice_01_h156_pass01_liquidity_squeeze_20260518_143230|route_evidence|30,ETH,Bybit,sell,LIQUIDITY_SQUEEZE,102.44903953242928,150.0,5,2,0.4,-0.7784457854971775,-0.506667132244873,0,0,1,0.0,0.0,0.0
h156-162|15m|slice_01_h156_pass01_liquidity_squeeze_20260518_143230|route_evidence|30,ETH,Bybit,sell,LIQUIDITY_SQUEEZE,102.44903953242928,150.0,5,3,0.6,-0.2604918855480202,0.011286767704284273,0,1,1,0.0,0.0,0.0
h156-162|15m|slice_01_h156_pass01_liquidity_squeeze_20260518_143230|route_evidence|30,ETH,Bybit,sell,LIQUIDITY_SQUEEZE,102.44903953242928,150.0,5,4,0.8,-1.6811956773592274,-1.4094170241069228,0,0,1,0.0,0.0,0.0
h156-162|15m|slice_01_h156_pass01_liquidity_squeeze_20260518_143230|route_evidence|30,ETH,Bybit,sell,LIQUIDITY_SQUEEZE,102.44903953242928,150.0,5,5,1.0,-1.129176881306054,-0.8573982280537495,0,0,1,0.0,0.0,0.0
h156-162|15m|slice_01_h156_pass01_basis_dislocation_20260518_143230|route_evidence|25,BTC,Coinbase,sell,BASIS_DISLOCATION,82.56980805857734,150.0,4,1,0.25,-1.7359905190371605,-1.464211865784856,0,0,1,0.0,0.0,0.0
h156-162|15m|slice_01_h156_pass01_basis_dislocation_20260518_143230|route_evidence|25,BTC,Coinbase,sell,BASIS_DISLOCATION,82.56980805857734,150.0,4,2,0.5,-0.6002233528050851,-0.3284446995527806,0,0,1,0.0,0.0,0.0
h156-162|15m|slice_01_h156_pass01_basis_dislocation_20260518_143230|route_evidence|25,BTC,Coinbase,sell,BASIS_DISLOCATION,82.56980805857734,150.0,4,3,0.75,0.33258603686040866,0.6043646901127131,1,1,1,0.0,0.0,0.0
h156-162|15m|slice_01_h156_pass01_basis_dislocation_20260518_143230|route_evidence|25,BTC,Coinbase,sell,BASIS_DISLOCATION,82.56980805857734,150.0,4,4,1.0,1.1464436660877737,1.4182223193400783,1,1,1,0.0,0.0,0.0
h156-162|15m|slice_01_h156_pass01_liquidity_squeeze_20260518_143230|route_evidence|25,BTC,Coinbase,buy,LIQUIDITY_SQUEEZE,-22.032694496099545,15.0,1,1,1.0,-1.3488670198864618,-1.0770883666341573,0,0,0,0.0,0.0,0.0
h156-162|5m|slice_01_h156_pass01_mean_reversion_chop_20260518_144258|route_evidence|84,ETH,Bybit,sell,MEAN_REVERSION_CHOP,35.87728549812633,50.0,3,1,0.3333333333333333,-1.143633864670074,-0.8718552114177696,0,0,1,0.0,0.0,0.0
h156-162|5m|slice_01_h156_pass01_mean_reversion_chop_20260518_144258|route_evidence|84,ETH,Bybit,sell,MEAN_REVERSION_CHOP,35.87728549812633,50.0,3,2,0.6666666666666666,-0.6063565930887439,-0.3345779398364394,0,0,1,0.0,0.0,0.0
h156-162|5m|slice_01_h156_pass01_mean_reversion_chop_20260518_144258|route_evidence|84,ETH,Bybit,sell,MEAN_REVERSION_CHOP,35.87728549812633,50.0,3,3,1.0,-0.4885174954669399,-0.2167388422146354,0,0,1,0.0,0.0,0.0
h156-162|5m|slice_01_h156_pass01_basis_dislocation_20260518_144258|route_evidence|83,ETH,Kraken,sell,BASIS_DISLOCATION,45.80508007562401,50.0,2,1,0.5,-1.3452936626034269,-1.0735150093511223,0,0,1,0.0,0.0,0.0
h156-162|5m|slice_01_h156_pass01_basis_dislocation_20260518_144258|route_evidence|83,ETH,Kraken,sell,BASIS_DISLOCATION,45.80508007562401,50.0,2,2,1.0,0.4535228003691683,0.7253014536214728,1,1,1,0.0,0.0,0.0
h156-162|5m|slice_01_h156_pass01_vol_breakout_20260518_144258|route_evidence|83,ETH,Kraken,sell,VOL_BREAKOUT,109.95791684682607,75.0,4,1,0.25,-1.3452936626034269,-1.0735150093511223,0,0,1,0.0,0.0,0.0
h156-162|5m|slice_01_h156_pass01_vol_breakout_20260518_144258|route_evidence|83,ETH,Kraken,sell,VOL_BREAKOUT,109.95791684682607,75.0,4,2,0.5,0.01836312282790191,0.2901417760802064,1,1,1,0.0,0.0,0.0
h156-162|5m|slice_01_h156_pass01_vol_breakout_20260518_144258|route_evidence|83,ETH,Kraken,sell,VOL_BREAKOUT,109.95791684682607,75.0,4,3,0.75,0.8201929081418011,1.0919715613941057,1,1,1,0.0,0.0,0.0
h156-162|5m|slice_01_h156_pass01_vol_breakout_20260518_144258|route_evidence|83,ETH,Kraken,sell,VOL_BREAKOUT,109.95791684682607,75.0,4,4,1.0,-0.048283957340732236,0.22349469591157226,0,1,1,0.0,0.0,0.0
h156-162|5m|slice_01_h156_pass01_basis_dislocation_20260518_144258|route_evidence|92,BTC,Kraken,sell,BASIS_DISLOCATION,10.261130910320183,40.0,1,1,1.0,2.6613353718854005,2.933114025137705,1,1,1,0.0,0.0,0.0
h156-162|15m|slice_01_h156_pass01_basis_dislocation_20260518_143230|route_evidence|35,ETH,Kraken,sell,BASIS_DISLOCATION,94.77792196207632,66.0,3,1,0.3333333333333333,0.7869200688755764,1.058698722127881,1,1,1,0.0,0.0,0.0
h156-162|15m|slice_01_h156_pass01_basis_dislocation_20260518_143230|route_evidence|35,ETH,Kraken,sell,BASIS_DISLOCATION,94.77792196207632,66.0,3,2,0.6666666666666666,1.6053862738225875,1.877164927074892,1,1,1,0.0,0.0,0.0
h156-162|15m|slice_01_h156_pass01_basis_dislocation_20260518_143230|route_evidence|35,ETH,Kraken,sell,BASIS_DISLOCATION,94.77792196207632,66.0,3,3,1.0,0.3913846134248002,0.6631632666771047,1,1,1,0.0,0.0,0.0
h156-162|15m|slice_01_h156_pass01_basis_dislocation_20260518_143230|route_evidence|33,BTC,Bybit,sell,BASIS_DISLOCATION,68.35915602948913,135.0,4,1,0.25,-0.7335640323905257,-0.4617853791382212,0,0,1,0.0,0.0,0.0
h156-162|15m|slice_01_h156_pass01_basis_dislocation_20260518_143230|route_evidence|33,BTC,Bybit,sell,BASIS_DISLOCATION,68.35915602948913,135.0,4,2,0.5,0.5538490209173889,0.8256276741696933,1,1,1,0.0,0.0,0.0
h156-162|15m|slice_01_h156_pass01_basis_dislocation_20260518_143230|route_evidence|33,BTC,Bybit,sell,BASIS_DISLOCATION,68.35915602948913,135.0,4,3,0.75,0.48853259296985596,0.7603112462221604,1,1,1,0.0,0.0,0.0
h156-162|15m|slice_01_h156_pass01_basis_dislocation_20260518_143230|route_evidence|33,BTC,Bybit,sell,BASIS_DISLOCATION,68.35915602948913,135.0,4,4,1.0,1.0782801542664318,1.3500588075187363,1,1,1,0.0,0.0,0.0
h156-162|15m|slice_01_h156_pass01_basis_dislocation_20260518_143230|route_evidence|31,BTC,Coinbase,buy,BASIS_DISLOCATION,-31.269871537954025,15.0,1,1,1.0,-1.4163003028764323,-1.1445216496241277,0,0,0,0.0,0.0,0.0
h156-162|5m|slice_01_h156_pass01_basis_dislocation_20260518_144258|route_evidence|112,ETH,Coinbase,sell,BASIS_DISLOCATION,5.284989361702747,25.0,1,1,1.0,0.893077771725023,1.1648564249773274,1,1,1,0.0,0.0,0.0
h156-162|15m|slice_01_h156_pass01_basis_dislocation_20260518_143230|route_evidence|40,ETH,Coinbase,sell,BASIS_DISLOCATION,77.72958510638352,51.0,3,1,0.3333333333333333,-0.2220131102243214,0.049765543027983083,0,1,1,0.0,0.0,0.0
h156-162|15m|slice_01_h156_pass01_basis_dislocation_20260518_143230|route_evidence|40,ETH,Coinbase,sell,BASIS_DISLOCATION,77.72958510638352,51.0,3,2,0.6666666666666666,0.4903134621287918,0.7620921153810962,1,1,1,0.0,0.0,0.0
h156-162|15m|slice_01_h156_pass01_basis_dislocation_20260518_143230|route_evidence|40,ETH,Coinbase,sell,BASIS_DISLOCATION,77.72958510638352,51.0,3,3,1.0,-0.6939887458688477,-0.42221009261654324,0,0,1,0.0,0.0,0.0
h156-162|15m|slice_01_h156_pass01_liquidity_squeeze_20260518_143230|route_evidence|40,ETH,Coinbase,buy,LIQUIDITY_SQUEEZE,-32.54105161930046,15.0,1,1,1.0,-0.8013639976974571,-0.5295853444451526,0,0,0,0.0,0.0,0.0
h156-162|15m|slice_01_h156_pass01_basis_dislocation_20260518_143230|route_evidence|49,BTC,Coinbase,sell,BASIS_DISLOCATION,45.79801596955181,94.0,2,1,0.5,-3.28387314903169,-3.0120944957793854,0,0,1,0.0,0.0,0.0
h156-162|15m|slice_01_h156_pass01_basis_dislocation_20260518_143230|route_evidence|49,BTC,Coinbase,sell,BASIS_DISLOCATION,45.79801596955181,94.0,2,2,1.0,-0.7099539086697483,-0.4381752554174438,0,0,1,0.0,0.0,0.0
h156-162|5m|slice_01_h156_pass01_basis_dislocation_20260518_144258|route_evidence|145,BTC,Coinbase,sell,BASIS_DISLOCATION,44.06552566183069,89.0,1,1,1.0,-0.19986415983262473,0.07191449341967976,0,1,1,0.0,0.0,0.0
h156-162|15m|slice_01_h156_pass01_liquidity_squeeze_20260518_143230|route_evidence|51,BTC,Bybit,sell,LIQUIDITY_SQUEEZE,43.99401032641089,94.0,2,1,0.5,-5.506833816340638,-5.235055163088334,0,0,1,0.0,0.0,0.0
h156-162|15m|slice_01_h156_pass01_liquidity_squeeze_20260518_143230|route_evidence|51,BTC,Bybit,sell,LIQUIDITY_SQUEEZE,43.99401032641089,94.0,2,2,1.0,-1.3296554890922385,-1.057876835839934,0,0,1,0.0,0.0,0.0
h156-162|5m|slice_01_h156_pass01_mean_reversion_chop_20260518_144258|route_evidence|150,ETH,Bybit,sell,MEAN_REVERSION_CHOP,52.60737573158911,20.0,1,1,1.0,-2.42545457872268,-2.1536759254703757,0,0,1,0.0,0.0,0.0
h156-162|5m|slice_01_h156_pass01_basis_dislocation_20260518_144258|route_evidence|148,ETH,Coinbase,sell,BASIS_DISLOCATION,54.28199944138241,20.0,1,1,1.0,-1.783168851534849,-1.5113901982825444,0,0,1,0.0,0.0,0.0
h156-162|15m|slice_01_h156_pass01_liquidity_squeeze_20260518_143230|route_evidence|53,ETH,Kraken,sell,LIQUIDITY_SQUEEZE,52.99465947772174,21.0,1,1,1.0,-0.9224896404321026,-0.650710987179798,0,0,1,0.0,0.0,0.0
h156-162|5m|slice_01_h156_pass01_liquidity_squeeze_20260518_144258|route_evidence|153,ETH,Bybit,sell,LIQUIDITY_SQUEEZE,30.92021746693569,80.0,2,1,0.5,-3.940727181973408,-3.6689485287211037,0,0,1,0.0,0.0,0.0
h156-162|5m|slice_01_h156_pass01_liquidity_squeeze_20260518_144258|route_evidence|153,ETH,Bybit,sell,LIQUIDITY_SQUEEZE,30.92021746693569,80.0,2,2,1.0,-1.6993792468220368,-1.4276005935697322,0,0,1,0.0,0.0,0.0
h156-162|15m|slice_01_h156_pass01_news_breakout_20260518_143230|route_evidence|65,BTC,Kraken,buy,NEWS_BREAKOUT,5.677455697568018,90.0,4,1,0.25,4.030133223175972,4.301911876428276,1,1,1,0.0,0.0,0.0
h156-162|15m|slice_01_h156_pass01_news_breakout_20260518_143230|route_evidence|65,BTC,Kraken,buy,NEWS_BREAKOUT,5.677455697568018,90.0,4,2,0.5,3.0312149630181437,3.3029936162704483,1,1,1,0.0,0.0,0.0
h156-162|15m|slice_01_h156_pass01_news_breakout_20260518_143230|route_evidence|65,BTC,Kraken,buy,NEWS_BREAKOUT,5.677455697568018,90.0,4,3,0.75,3.104806112865475,3.3765847661177797,1,1,1,0.0,0.0,0.0
h156-162|15m|slice_01_h156_pass01_news_breakout_20260518_143230|route_evidence|65,BTC,Kraken,buy,NEWS_BREAKOUT,5.677455697568018,90.0,4,4,1.0,2.9140806283114955,3.1858592815638,1,1,1,0.0,0.0,0.0
h156-162|15m|slice_01_h156_pass01_liquidity_squeeze_20260518_143230|route_evidence|67,ETH,Coinbase,buy,LIQUIDITY_SQUEEZE,10.093636428073633,45.0,2,1,0.5,0.9903651175861128,1.2621437708384173,1,1,1,0.0,0.0,0.0
h156-162|15m|slice_01_h156_pass01_liquidity_squeeze_20260518_143230|route_evidence|67,ETH,Coinbase,buy,LIQUIDITY_SQUEEZE,10.093636428073633,45.0,2,2,1.0,1.4807977195692983,1.7525763728216028,1,1,1,0.0,0.0,0.0
h156-162|5m|slice_01_h156_pass01_vol_breakout_20260518_144258|route_evidence|227,BTC,Kraken,buy,VOL_BREAKOUT,5.056926019711797,25.0,1,1,1.0,4.009860210820348,4.281638864072652,1,1,1,0.0,0.0,0.0
h156-162|5m|slice_01_h156_pass01_news_breakout_20260518_144258|route_evidence|227,BTC,Kraken,buy,NEWS_BREAKOUT,6.233448713309819,15.0,1,1,1.0,1.081827333532162,1.3536059867844665,1,1,1,0.0,0.0,0.0
h156-162|15m|slice_01_h156_pass01_relative_strength_20260518_143230|route_evidence|94,BTC,Coinbase,sell,RELATIVE_STRENGTH,6.812306746187337,30.0,1,1,1.0,2.5261857229616425,2.797964376213947,1,1,1,0.0,0.0,0.0
h156-162|15m|slice_01_h156_pass01_liquidity_squeeze_20260518_143230|route_evidence|123,ETH,Bybit,sell,LIQUIDITY_SQUEEZE,27.21170487487798,20.0,1,1,1.0,-0.8006330729486609,-0.5288544196963565,0,0,1,0.0,0.0,0.0
h156-162|15m|slice_01_h156_pass01_liquidity_squeeze_20260518_143230|route_evidence|122,ETH,Kraken,sell,LIQUIDITY_SQUEEZE,23.544703990557743,20.0,1,1,1.0,0.4513681782495942,0.7231468315018987,1,1,1,0.0,0.0,0.0
h156-162|15m|slice_01_h156_pass01_liquidity_squeeze_20260518_143230|route_evidence|118,BTC,Coinbase,sell,LIQUIDITY_SQUEEZE,16.832781330382502,20.0,1,1,1.0,2.368171793179462,2.6399504464317665,1,1,1,0.0,0.0,0.0
h162-168|5m|slice_01_h162_pass01_basis_dislocation_20260518_150053|route_evidence|5,ETH,Kraken,sell,BASIS_DISLOCATION,-7.08317797463759,20.0,1,1,1.0,2.4350703657504065,2.706849019002711,1,1,0,0.0,0.0,0.0
h162-168|5m|slice_01_h162_pass01_basis_dislocation_20260518_150053|route_evidence|89,ETH,Kraken,buy,BASIS_DISLOCATION,-7.212771192561174,20.0,1,1,1.0,1.9440924603169132,2.2158711135692175,1,1,0,0.0,0.0,0.0
h162-168|15m|slice_01_h162_pass01_basis_dislocation_20260518_145617|route_evidence|44,BTC,Kraken,sell,BASIS_DISLOCATION,-19.998931366181424,30.0,1,1,1.0,4.593268509452798,4.865047162705102,1,1,0,0.0,0.0,0.0
h162-168|15m|slice_01_h162_pass01_liquidity_squeeze_20260518_145617|route_evidence|52,ETH,Coinbase,buy,LIQUIDITY_SQUEEZE,9.217518016336035,45.0,2,1,0.5,2.7261487983447754,2.99792745159708,1,1,1,0.0,0.0,0.0
h162-168|15m|slice_01_h162_pass01_liquidity_squeeze_20260518_145617|route_evidence|52,ETH,Coinbase,buy,LIQUIDITY_SQUEEZE,9.217518016336035,45.0,2,2,1.0,3.222096470787171,3.4938751240394756,1,1,1,0.0,0.0,0.0
h162-168|15m|slice_01_h162_pass01_liquidity_squeeze_20260518_145617|route_evidence|53,ETH,Kraken,buy,LIQUIDITY_SQUEEZE,8.101712956406761,45.0,2,1,0.5,2.7423566087967552,3.01413526204906,1,1,1,0.0,0.0,0.0
h162-168|15m|slice_01_h162_pass01_liquidity_squeeze_20260518_145617|route_evidence|53,ETH,Kraken,buy,LIQUIDITY_SQUEEZE,8.101712956406761,45.0,2,2,1.0,3.6003339720321192,3.872112625284424,1,1,1,0.0,0.0,0.0
h162-168|15m|slice_01_h162_pass01_basis_dislocation_20260518_145617|route_evidence|49,BTC,Coinbase,buy,BASIS_DISLOCATION,29.19111836625794,105.0,4,1,0.25,3.4287893030084335,3.700567956260738,1,1,1,0.0,0.0,0.0
h162-168|15m|slice_01_h162_pass01_basis_dislocation_20260518_145617|route_evidence|49,BTC,Coinbase,buy,BASIS_DISLOCATION,29.19111836625794,105.0,4,2,0.5,4.014562236181751,4.286340889434055,1,1,1,0.0,0.0,0.0
h162-168|15m|slice_01_h162_pass01_basis_dislocation_20260518_145617|route_evidence|49,BTC,Coinbase,buy,BASIS_DISLOCATION,29.19111836625794,105.0,4,3,0.75,3.317076879613644,3.5888555328659484,1,1,1,0.0,0.0,0.0
h162-168|15m|slice_01_h162_pass01_basis_dislocation_20260518_145617|route_evidence|49,BTC,Coinbase,buy,BASIS_DISLOCATION,29.19111836625794,105.0,4,4,1.0,3.141482262597597,3.4132609158499014,1,1,1,0.0,0.0,0.0
h162-168|15m|slice_01_h162_pass01_liquidity_squeeze_20260518_145617|route_evidence|68,BTC,Kraken,buy,LIQUIDITY_SQUEEZE,12.496535304497506,67.0,3,1,0.3333333333333333,3.847912675619673,4.119691328871977,1,1,1,0.0,0.0,0.0
h162-168|15m|slice_01_h162_pass01_liquidity_squeeze_20260518_145617|route_evidence|68,BTC,Kraken,buy,LIQUIDITY_SQUEEZE,12.496535304497506,67.0,3,2,0.6666666666666666,2.465866593223573,2.7376452464758776,1,1,1,0.0,0.0,0.0
h162-168|15m|slice_01_h162_pass01_liquidity_squeeze_20260518_145617|route_evidence|68,BTC,Kraken,buy,LIQUIDITY_SQUEEZE,12.496535304497506,67.0,3,3,1.0,2.75733916838343,3.0291178216357344,1,1,1,0.0,0.0,0.0
h162-168|15m|slice_01_h162_pass01_liquidity_squeeze_20260518_145617|route_evidence|103,BTC,Coinbase,buy,LIQUIDITY_SQUEEZE,13.97479322007224,90.0,2,1,0.5,4.564490457216292,4.836269110468596,1,1,1,0.0,0.0,0.0
h162-168|15m|slice_01_h162_pass01_liquidity_squeeze_20260518_145617|route_evidence|103,BTC,Coinbase,buy,LIQUIDITY_SQUEEZE,13.97479322007224,90.0,2,2,1.0,4.051292519221725,4.323071172474029,1,1,1,0.0,0.0,0.0
h162-168|15m|slice_01_h162_pass01_liquidity_squeeze_20260518_145617|route_evidence|105,BTC,Bybit,buy,LIQUIDITY_SQUEEZE,11.539318813650864,95.0,3,1,0.3333333333333333,3.8896857319603004,4.1614643852126045,1,1,1,0.0,0.0,0.0
h162-168|15m|slice_01_h162_pass01_liquidity_squeeze_20260518_145617|route_evidence|105,BTC,Bybit,buy,LIQUIDITY_SQUEEZE,11.539318813650864,95.0,3,2,0.6666666666666666,2.366178027333188,2.6379566805854924,1,1,1,0.0,0.0,0.0
h162-168|15m|slice_01_h162_pass01_liquidity_squeeze_20260518_145617|route_evidence|105,BTC,Bybit,buy,LIQUIDITY_SQUEEZE,11.539318813650864,95.0,3,3,1.0,1.7172389971043018,1.9890176503566064,1,1,1,0.0,0.0,0.0
h162-168|15m|slice_01_h162_pass01_basis_dislocation_20260518_145617|route_evidence|105,BTC,Bybit,sell,BASIS_DISLOCATION,-29.42436869692712,15.0,1,1,1.0,0.11656362433231765,0.38834227758462214,1,1,0,0.0,0.0,0.0
h162-168|5m|slice_01_h162_pass01_mean_reversion_chop_20260518_150053|route_evidence|387,ETH,Bybit,buy,MEAN_REVERSION_CHOP,6.179717466280589,15.0,1,1,1.0,-0.9441559443971492,-0.6723772911448447,0,0,1,0.0,0.0,0.0
h162-168|15m|slice_01_h162_pass01_basis_dislocation_20260518_145617|route_evidence|133,BTC,Coinbase,sell,BASIS_DISLOCATION,9.167733632442062,20.0,1,1,1.0,2.030134540875784,2.3019131941280886,1,1,1,0.0,0.0,0.0
h162-168|15m|slice_01_h162_pass01_basis_dislocation_20260518_145617|route_evidence|137,ETH,Kraken,sell,BASIS_DISLOCATION,9.056692106187977,20.0,1,1,1.0,1.7166712085709936,1.9884498618232982,1,1,1,0.0,0.0,0.0
h162-168|15m|slice_01_h162_pass01_liquidity_squeeze_20260518_145617|route_evidence|134,BTC,Kraken,sell,LIQUIDITY_SQUEEZE,8.65282259354702,20.0,1,1,1.0,2.5503315904159387,2.8221102436682433,1,1,1,0.0,0.0,0.0
