cell,engine,side,entry_utc,exit_utc,hold_h,entry_px,exit_px,gross_bps,net_bps_taker,redraws,forced
sol_bybit_perp,bigline_ad,LONG,2026-06-03 00:08:10,2026-06-03 00:08:43,0.01,74.37,74.32,-6.7,-17.7,0,0
sol_bybit_perp,bigline_ad,LONG,2026-06-03 00:32:22,2026-06-03 00:53:46,0.36,74.83,74.86,4.0,-7.0,0,0
sol_bybit_perp,bigline_ad,SHORT,2026-06-03 02:00:57,2026-06-03 02:39:45,0.65,74.57,74.48,12.1,1.1,1,0
sol_bybit_perp,bigline_ad,SHORT,2026-06-03 02:47:17,2026-06-03 03:02:01,0.25,74.21,74.41,-27.0,-38.0,0,0
sol_bybit_perp,bigline_ad,SHORT,2026-06-03 03:09:50,2026-06-03 04:04:20,0.91,74.19,73.38,109.2,98.2,2,0
sol_bybit_perp,bigline_ad,LONG,2026-06-03 09:49:35,2026-06-03 10:17:12,0.46,74.97,75.22,33.3,22.3,1,0
sol_bybit_perp,bigline_ad,LONG,2026-06-03 10:27:37,2026-06-03 10:42:41,0.25,75.36,75.35,-1.3,-12.3,1,0
sol_bybit_perp,bigline_ad,SHORT,2026-06-03 12:39:20,2026-06-03 12:50:56,0.19,74.86,75.06,-26.7,-37.7,0,0
sol_bybit_perp,bigline_ad,LONG,2026-06-03 13:17:24,2026-06-03 13:23:00,0.09,75.23,75.01,-29.2,-40.2,0,0
sol_bybit_perp,bigline_ad,SHORT,2026-06-03 13:35:59,2026-06-03 13:55:18,0.32,74.82,74.74,10.7,-0.3,0,0
sol_bybit_perp,bigline_ad,SHORT,2026-06-03 13:57:34,2026-06-03 14:14:29,0.28,74.42,74.44,-2.7,-13.7,0,0
sol_bybit_perp,bigline_ad,SHORT,2026-06-03 15:07:02,2026-06-03 17:32:37,2.43,73.95,73.62,44.6,33.6,1,0
sol_bybit_perp,bigline_ad,SHORT,2026-06-03 17:48:58,2026-06-03 20:24:27,2.59,73.36,72.25,151.3,140.3,2,0
sol_bybit_perp,bigline_ad,SHORT,2026-06-03 20:38:15,2026-06-03 21:35:44,0.96,71.74,72.26,-72.5,-83.5,0,0
sol_bybit_perp,bigline_ad,SHORT,2026-06-04 00:38:13,2026-06-04 00:44:40,0.11,70.45,71.18,-103.6,-114.6,0,0
sol_bybit_perp,bigline_ad,SHORT,2026-06-04 01:49:27,2026-06-04 02:22:38,0.55,69.09,68.87,31.8,20.8,0,0
sol_bybit_perp,bigline_ad,LONG,2026-06-04 06:15:20,2026-06-04 06:15:21,0.0,70.73,70.75,2.8,-8.2,0,0
sol_bybit_perp,bigline_ad,SHORT,2026-06-04 09:07:28,2026-06-04 09:59:45,0.87,68.61,68.76,-21.9,-32.9,0,0
sol_bybit_perp,bigline_ad,SHORT,2026-06-04 10:47:12,2026-06-04 11:25:10,0.63,68.08,68.39,-45.5,-56.5,0,0
sol_bybit_perp,bigline_ad,SHORT,2026-06-04 11:44:13,2026-06-04 11:49:26,0.09,67.87,68.54,-98.7,-109.7,0,0
sol_bybit_perp,bigline_ad,LONG,2026-06-04 12:22:50,2026-06-04 13:22:36,1.0,68.78,69.16,55.2,44.2,0,0
sol_bybit_perp,bigline_ad,LONG,2026-06-04 13:31:09,2026-06-04 14:48:46,1.29,69.71,69.64,-10.0,-21.0,0,0
sol_bybit_perp,bigline_ad,LONG,2026-06-04 15:07:21,2026-06-04 15:20:57,0.23,70.37,69.57,-113.7,-124.7,0,0
sol_bybit_perp,bigline_ad,SHORT,2026-06-04 17:16:19,2026-06-04 18:29:22,1.22,69.28,69.46,-26.0,-37.0,1,0
sol_bybit_perp,bigline_ad,LONG,2026-06-04 19:16:08,2026-06-04 19:38:16,0.37,69.46,69.22,-34.6,-45.6,0,0
sol_bybit_perp,bigline_ad,SHORT,2026-06-04 20:26:32,2026-06-04 20:31:59,0.09,68.61,68.89,-40.8,-51.8,0,0
sol_bybit_perp,bigline_ad,SHORT,2026-06-04 23:18:17,2026-06-04 23:50:55,0.54,68.27,68.83,-82.0,-93.0,0,0
sol_bybit_perp,bigline_ad,LONG,2026-06-05 00:20:20,2026-06-05 00:58:23,0.63,68.67,68.42,-36.4,-47.4,0,0
sol_bybit_perp,bigline_ad,SHORT,2026-06-05 01:22:22,2026-06-05 01:29:40,0.12,68.02,68.34,-47.0,-58.0,0,0
sol_bybit_perp,bigline_ad,LONG,2026-06-05 01:56:51,2026-06-05 02:01:18,0.07,68.64,68.43,-30.6,-41.6,0,0
sol_bybit_perp,bigline_ad,SHORT,2026-06-05 02:29:57,2026-06-05 02:35:57,0.1,67.68,67.94,-38.4,-49.4,0,0
sol_bybit_perp,bigline_ad,SHORT,2026-06-05 02:54:11,2026-06-05 04:06:11,1.2,67.5,67.2,44.4,33.4,2,0
sol_bybit_perp,bigline_ad,LONG,2026-06-05 04:25:57,2026-06-05 04:35:09,0.15,67.63,67.31,-47.3,-58.3,0,0
sol_bybit_perp,bigline_ad,SHORT,2026-06-05 05:56:22,2026-06-05 07:21:39,1.42,66.11,64.58,231.4,220.4,2,0
sol_bybit_perp,bigline_ad,LONG,2026-06-05 09:13:13,2026-06-05 10:52:03,1.65,65.84,66.22,57.7,46.7,0,0
sol_bybit_perp,bigline_ad,LONG,2026-06-05 11:17:40,2026-06-05 12:00:40,0.72,66.39,65.98,-61.8,-72.8,0,0
sol_bybit_perp,bigline_ad,SHORT,2026-06-05 12:28:09,2026-06-05 12:43:53,0.26,65.87,65.85,3.0,-8.0,1,0
sol_bybit_perp,bigline_ad,SHORT,2026-06-05 12:50:57,2026-06-05 12:56:32,0.09,65.4,65.66,-39.8,-50.8,0,0
sol_bybit_perp,bigline_ad,LONG,2026-06-05 13:32:00,2026-06-05 13:37:57,0.1,66.69,66.37,-48.0,-59.0,0,0
sol_bybit_perp,bigline_ad,SHORT,2026-06-05 14:11:47,2026-06-05 14:16:01,0.07,64.56,65.17,-94.5,-105.5,0,0
sol_bybit_perp,bigline_ad,LONG,2026-06-05 14:34:51,2026-06-05 15:11:58,0.62,65.27,64.46,-124.1,-135.1,0,0
sol_bybit_perp,bigline_ad,SHORT,2026-06-05 15:36:33,2026-06-05 16:13:35,0.62,64.26,64.17,14.0,3.0,0,0
sol_bybit_perp,bigline_ad,LONG,2026-06-05 16:49:05,2026-06-05 17:11:53,0.38,65.25,65.43,27.6,16.6,0,0
sol_bybit_perp,bigline_ad,LONG,2026-06-05 17:40:43,2026-06-05 18:12:26,0.53,65.51,64.91,-91.6,-102.6,0,0
sol_bybit_perp,bigline_ad,SHORT,2026-06-05 18:44:05,2026-06-05 19:40:17,0.94,63.5,62.61,140.2,129.2,1,0
sol_bybit_perp,bigline_ad,LONG,2026-06-05 20:08:46,2026-06-05 21:56:45,1.8,63.58,64.92,210.8,199.8,0,0
sol_bybit_perp,bigline_ad,LONG,2026-06-05 22:19:57,2026-06-05 23:10:24,0.84,64.55,64.23,-49.6,-60.6,0,0
sol_bybit_perp,bigline_ad,LONG,2026-06-06 02:35:12,2026-06-06 03:02:03,0.45,63.81,63.27,-84.6,-95.6,0,0
sol_bybit_perp,bigline_ad,SHORT,2026-06-06 05:01:04,2026-06-06 05:10:30,0.16,60.49,61.03,-89.3,-100.3,0,0
sol_bybit_perp,bigline_ad,LONG,2026-06-06 07:08:16,2026-06-06 07:38:09,0.5,62.79,62.61,-28.7,-39.7,0,0
sol_bybit_perp,bigline_ad,LONG,2026-06-06 09:28:16,2026-06-06 09:42:24,0.24,63.46,63.09,-58.3,-69.3,0,0
sol_bybit_perp,bigline_ad,SHORT,2026-06-06 12:30:23,2026-06-06 12:47:01,0.28,62.08,62.58,-80.5,-91.5,0,0
sol_bybit_perp,bigline_ad,LONG,2026-06-06 13:45:46,2026-06-06 14:59:11,1.22,62.62,62.29,-52.7,-63.7,0,0
sol_bybit_perp,bigline_ad,SHORT,2026-06-06 16:10:30,2026-06-06 17:00:17,0.83,61.9,62.16,-42.0,-53.0,0,0
sol_bybit_perp,bigline_ad,SHORT,2026-06-06 18:32:16,2026-06-06 19:08:04,0.6,61.67,62.07,-64.9,-75.9,0,0
sol_bybit_perp,bigline_ad,SHORT,2026-06-06 20:28:24,2026-06-06 20:34:45,0.11,61.48,61.65,-27.7,-38.7,0,0
sol_bybit_perp,bigline_ad,LONG,2026-06-06 20:53:51,2026-06-06 21:38:57,0.75,61.82,62.11,46.9,35.9,0,0
sol_bybit_perp,bigline_ad,SHORT,2026-06-06 22:22:43,2026-06-06 22:47:20,0.41,61.68,61.75,-11.3,-22.3,0,0
sol_bybit_perp,bigline_ad,LONG,2026-06-06 23:38:04,2026-06-07 00:08:16,0.5,62.03,62.0,-4.8,-15.8,0,0
sol_bybit_perp,bigline_ad,LONG,2026-06-07 00:17:00,2026-06-07 01:00:28,0.72,62.15,62.0,-24.1,-35.1,0,0
sol_bybit_perp,bigline_ad,LONG,2026-06-07 01:03:00,2026-06-07 01:20:40,0.29,62.3,63.24,150.9,139.9,1,0
sol_bybit_perp,bigline_ad,LONG,2026-06-07 02:50:20,2026-06-07 04:01:23,1.18,63.59,63.64,7.9,-3.1,0,0
sol_bybit_perp,bigline_ad,LONG,2026-06-07 04:37:36,2026-06-07 05:31:54,0.91,63.77,64.07,47.0,36.0,2,0
sol_bybit_perp,bigline_ad,LONG,2026-06-07 08:29:16,2026-06-07 10:01:44,1.54,64.85,64.7,-23.1,-34.1,0,0
sol_bybit_perp,bigline_ad,SHORT,2026-06-07 12:09:21,2026-06-07 14:02:09,1.88,64.74,64.47,41.7,30.7,0,0
sol_bybit_perp,bigline_ad,LONG,2026-06-07 15:30:22,2026-06-07 15:45:52,0.26,64.99,64.9,-13.8,-24.8,0,0
sol_bybit_perp,bigline_ad,LONG,2026-06-07 17:04:32,2026-06-07 18:49:13,1.74,65.22,65.21,-1.5,-12.5,2,0
sol_bybit_perp,bigline_ad,SHORT,2026-06-07 19:06:13,2026-06-07 19:41:02,0.58,64.35,63.86,76.1,65.1,0,0
sol_bybit_perp,bigline_ad,LONG,2026-06-07 22:03:06,2026-06-07 22:48:52,0.76,64.75,66.19,222.4,211.4,1,0
sol_bybit_perp,bigline_ad,SHORT,2026-06-08 02:35:54,2026-06-08 03:09:15,0.56,66.14,66.47,-49.9,-60.9,0,0
sol_bybit_perp,bigline_ad,SHORT,2026-06-08 07:02:49,2026-06-08 07:12:22,0.16,65.37,65.75,-58.1,-69.1,0,0
sol_bybit_perp,bigline_ad,LONG,2026-06-08 08:34:36,2026-06-08 08:47:10,0.21,65.79,65.46,-50.2,-61.2,0,0
sol_bybit_perp,bigline_ad,LONG,2026-06-08 09:36:41,2026-06-08 10:19:27,0.71,66.11,66.02,-13.6,-24.6,0,0
sol_bybit_perp,bigline_ad,LONG,2026-06-08 10:34:10,2026-06-08 11:46:12,1.2,66.02,66.73,107.5,96.5,1,0
sol_bybit_perp,bigline_ad,LONG,2026-06-08 13:35:55,2026-06-08 13:41:12,0.09,66.91,66.5,-61.3,-72.3,0,0
sol_bybit_perp,bigline_ad,SHORT,2026-06-08 14:04:04,2026-06-08 14:30:24,0.44,66.54,66.91,-55.6,-66.6,0,0
sol_bybit_perp,bigline_ad,LONG,2026-06-08 14:52:14,2026-06-08 15:56:53,1.08,67.03,67.17,20.9,9.9,0,0
sol_bybit_perp,bigline_ad,LONG,2026-06-08 16:15:20,2026-06-08 16:38:30,0.39,67.44,67.07,-54.9,-65.9,0,0
sol_bybit_perp,bigline_ad,SHORT,2026-06-08 17:35:40,2026-06-08 17:46:20,0.18,66.73,67.01,-42.0,-53.0,0,0
sol_bybit_perp,bigline_ad,LONG,2026-06-08 18:56:19,2026-06-08 19:51:34,0.92,67.43,67.39,-5.9,-16.9,0,0
sol_bybit_perp,bigline_ad,SHORT,2026-06-08 23:16:51,2026-06-09 02:45:31,3.48,67.02,65.81,180.5,169.5,1,0
sol_bybit_perp,bigline_ad,LONG,2026-06-09 04:09:16,2026-06-09 05:28:41,1.32,66.03,67.02,149.9,138.9,2,0
sol_bybit_perp,bigline_ad,SHORT,2026-06-09 09:08:23,2026-06-09 09:14:20,0.1,66.46,66.64,-27.1,-38.1,0,0
sol_bybit_perp,bigline_ad,SHORT,2026-06-09 11:13:45,2026-06-09 12:02:44,0.82,66.14,66.25,-16.6,-27.6,0,0
sol_bybit_perp,bigline_ad,LONG,2026-06-09 12:59:51,2026-06-09 13:19:18,0.32,66.2,65.89,-46.8,-57.8,0,0
sol_bybit_perp,bigline_ad,SHORT,2026-06-09 13:34:07,2026-06-09 13:42:22,0.14,65.68,65.81,-19.8,-30.8,0,0
sol_bybit_perp,bigline_ad,LONG,2026-06-09 13:52:24,2026-06-09 13:54:36,0.04,66.15,65.93,-33.3,-44.3,0,0
sol_bybit_perp,bigline_ad,SHORT,2026-06-09 14:09:47,2026-06-09 14:41:00,0.52,65.59,64.78,123.5,112.5,1,0
sol_bybit_perp,bigline_ad,LONG,2026-06-09 19:31:04,2026-06-09 19:31:05,0.0,65.46,65.49,4.6,-6.4,0,0
sol_bybit_perp,bigline_ad,LONG,2026-06-09 19:53:30,2026-06-09 21:40:47,1.79,65.56,65.04,-79.3,-90.3,0,0
sol_bybit_perp,bigline_ad,SHORT,2026-06-09 22:25:38,2026-06-09 23:20:43,0.92,65.1,65.13,-4.6,-15.6,1,0
sol_bybit_perp,bigline_ad,SHORT,2026-06-09 23:29:02,2026-06-10 00:02:39,0.56,64.9,65.07,-26.2,-37.2,0,0
sol_bybit_perp,bigline_ad,LONG,2026-06-10 00:29:04,2026-06-10 00:33:02,0.07,65.07,64.81,-40.0,-51.0,0,0
sol_bybit_perp,bigline_ad,LONG,2026-06-10 01:12:55,2026-06-10 01:29:29,0.28,65.13,65.09,-6.1,-17.1,0,0
sol_bybit_perp,bigline_ad,SHORT,2026-06-10 02:05:02,2026-06-10 03:02:21,0.96,65.01,64.41,92.3,81.3,1,0
sol_bybit_perp,bigline_ad,LONG,2026-06-10 04:25:23,2026-06-10 04:30:29,0.09,64.62,64.35,-41.8,-52.8,0,0
sol_bybit_perp,bigline_ad,SHORT,2026-06-10 06:31:51,2026-06-10 06:38:32,0.11,63.94,64.17,-36.0,-47.0,0,0
sol_bybit_perp,bigline_ad,LONG,2026-06-10 08:17:28,2026-06-10 08:21:44,0.07,64.24,63.97,-42.0,-53.0,0,0
sol_bybit_perp,bigline_ad,SHORT,2026-06-10 09:16:01,2026-06-10 09:35:49,0.33,63.35,63.54,-30.0,-41.0,0,0
sol_bybit_perp,bigline_ad,SHORT,2026-06-10 10:18:00,2026-06-10 10:30:57,0.22,63.26,63.73,-74.3,-85.3,0,0
sol_bybit_perp,bigline_ad,SHORT,2026-06-10 11:25:20,2026-06-10 11:47:11,0.36,63.06,63.5,-69.8,-80.8,0,0
sol_bybit_perp,bigline_ad,LONG,2026-06-10 12:30:02,2026-06-10 12:35:34,0.09,63.56,64.21,102.3,91.3,1,0
sol_bybit_perp,bigline_ad,LONG,2026-06-10 15:01:27,2026-06-10 15:11:06,0.16,65.23,64.63,-92.0,-103.0,0,0
sol_bybit_perp,bigline_ad,LONG,2026-06-10 15:53:46,2026-06-10 16:24:36,0.51,65.34,64.86,-73.5,-84.5,0,0
sol_bybit_perp,bigline_ad,SHORT,2026-06-10 17:10:50,2026-06-10 18:29:56,1.32,64.48,64.03,69.8,58.8,0,0
sol_bybit_perp,bigline_ad,SHORT,2026-06-10 18:35:05,2026-06-10 18:35:07,0.0,63.63,63.6,4.7,-6.3,0,0
sol_bybit_perp,bigline_ad,SHORT,2026-06-10 21:50:13,2026-06-10 22:40:38,0.84,62.72,62.85,-20.7,-31.7,0,0
sol_bybit_perp,bigline_ad,SHORT,2026-06-10 23:00:04,2026-06-10 23:29:19,0.49,62.6,63.04,-70.3,-81.3,0,0
sol_bybit_perp,bigline_ad,LONG,2026-06-11 03:33:39,2026-06-11 05:03:21,1.5,64.88,65.02,21.6,10.6,0,0
sol_bybit_perp,bigline_ad,LONG,2026-06-11 06:12:03,2026-06-11 07:07:46,0.93,65.08,64.91,-26.1,-37.1,0,0
sol_bybit_perp,bigline_ad,LONG,2026-06-11 09:30:37,2026-06-11 11:00:32,1.5,65.19,65.41,33.7,22.7,1,0
sol_bybit_perp,bigline_ad,LONG,2026-06-11 11:11:20,2026-06-11 12:21:11,1.16,65.52,65.38,-21.4,-32.4,1,0
sol_bybit_perp,bigline_ad,SHORT,2026-06-11 12:30:30,2026-06-11 12:39:32,0.15,64.95,65.09,-21.6,-32.6,0,0
sol_bybit_perp,bigline_ad,LONG,2026-06-11 13:35:48,2026-06-11 14:05:54,0.5,65.35,65.34,-1.5,-12.5,1,0
sol_bybit_perp,bigline_ad,LONG,2026-06-11 15:07:49,2026-06-11 16:21:51,1.23,65.29,65.48,29.1,18.1,1,0
sol_bybit_perp,bigline_ad,SHORT,2026-06-11 16:42:08,2026-06-11 17:28:50,0.78,65.51,65.4,16.8,5.8,1,0
sol_bybit_perp,bigline_ad,LONG,2026-06-11 19:30:20,2026-06-11 19:44:52,0.24,67.16,66.94,-32.8,-43.8,0,0
sol_bybit_perp,bigline_ad,SHORT,2026-06-11 21:59:02,2026-06-11 22:03:45,0.08,66.81,67.0,-28.4,-39.4,0,0
sol_bybit_perp,bigline_ad,SHORT,2026-06-11 23:50:08,2026-06-12 00:38:26,0.81,66.87,67.06,-28.4,-39.4,1,0
sol_bybit_perp,bigline_ad,SHORT,2026-06-12 01:13:21,2026-06-12 01:16:58,0.06,66.66,66.77,-16.5,-27.5,0,0
sol_bybit_perp,bigline_ad,LONG,2026-06-12 02:22:24,2026-06-12 02:28:32,0.1,67.07,66.92,-22.4,-33.4,0,0
sol_bybit_perp,bigline_ad,SHORT,2026-06-12 04:07:04,2026-06-12 04:16:04,0.15,66.8,67.0,-29.9,-40.9,0,0
sol_bybit_perp,bigline_ad,SHORT,2026-06-12 06:10:13,2026-06-12 07:56:50,1.78,66.61,66.37,36.0,25.0,0,0
sol_bybit_perp,bigline_ad,LONG,2026-06-12 11:03:14,2026-06-12 12:00:57,0.96,66.91,66.78,-19.4,-30.4,0,0
sol_bybit_perp,bigline_ad,SHORT,2026-06-12 12:55:11,2026-06-12 13:40:09,0.75,66.66,66.96,-45.0,-56.0,0,0
sol_bybit_perp,bigline_ad,SHORT,2026-06-12 13:53:58,2026-06-12 14:00:19,0.11,66.6,66.78,-27.0,-38.0,0,0
sol_bybit_perp,bigline_ad,LONG,2026-06-12 14:07:23,2026-06-12 14:08:19,0.02,67.05,66.96,-13.4,-24.4,0,0
sol_bybit_perp,bigline_ad,LONG,2026-06-12 14:52:41,2026-06-12 15:27:26,0.58,67.51,68.37,127.4,116.4,1,0
sol_bybit_perp,bigline_ad,SHORT,2026-06-12 17:19:02,2026-06-12 19:25:25,2.11,67.54,67.15,57.7,46.7,1,0
sol_bybit_perp,bigline_ad,SHORT,2026-06-12 21:45:09,2026-06-12 22:21:49,0.61,66.66,66.71,-7.5,-18.5,0,0
sol_bybit_perp,bigline_ad,SHORT,2026-06-12 22:33:47,2026-06-12 23:08:17,0.57,66.46,66.62,-24.1,-35.1,0,0
sol_bybit_perp,bigline_ad,LONG,2026-06-13 00:12:28,2026-06-13 00:44:59,0.54,66.85,66.88,4.5,-6.5,1,0
sol_bybit_perp,bigline_ad,LONG,2026-06-13 00:56:09,2026-06-13 02:49:19,1.89,66.99,66.84,-22.4,-33.4,0,0
sol_bybit_perp,bigline_ad,SHORT,2026-06-13 04:05:05,2026-06-13 04:31:57,0.45,66.7,66.79,-13.5,-24.5,0,0
sol_bybit_perp,bigline_ad,SHORT,2026-06-13 05:47:25,2026-06-13 05:59:50,0.21,66.61,66.75,-21.0,-32.0,0,0
sol_bybit_perp,bigline_ad,LONG,2026-06-13 07:20:17,2026-06-13 08:07:37,0.79,67.08,67.24,23.9,12.9,1,0
sol_bybit_perp,bigline_ad,LONG,2026-06-13 08:35:58,2026-06-13 08:48:46,0.21,67.45,67.36,-13.3,-24.3,0,0
sol_bybit_perp,bigline_ad,LONG,2026-06-13 10:32:03,2026-06-13 13:54:22,3.37,67.43,67.85,62.3,51.3,2,0
sol_bybit_perp,bigline_ad,LONG,2026-06-13 14:02:22,2026-06-13 15:46:18,1.73,68.08,68.34,38.2,27.2,1,0
sol_bybit_perp,bigline_ad,LONG,2026-06-13 15:53:22,2026-06-13 16:03:07,0.16,68.56,68.35,-30.6,-41.6,0,0
sol_bybit_perp,bigline_ad,SHORT,2026-06-13 16:47:57,2026-06-13 17:06:06,0.3,68.02,68.0,2.9,-8.1,1,0
sol_bybit_perp,bigline_ad,LONG,2026-06-13 19:40:19,2026-06-13 20:06:16,0.43,68.2,68.05,-22.0,-33.0,0,0
sol_bybit_perp,bigline_ad,LONG,2026-06-13 20:09:47,2026-06-14 00:54:24,4.74,68.16,68.61,66.0,55.0,1,0
sol_bybit_perp,bigline_ad,LONG,2026-06-14 01:16:40,2026-06-14 02:01:57,0.75,68.91,68.66,-36.3,-47.3,0,0
sol_bybit_perp,bigline_ad,LONG,2026-06-14 04:17:25,2026-06-14 04:37:50,0.34,68.86,68.72,-20.3,-31.3,0,0
sol_bybit_perp,bigline_ad,SHORT,2026-06-14 06:34:48,2026-06-14 07:24:08,0.82,68.2,68.21,-1.5,-12.5,0,0
sol_bybit_perp,bigline_ad,LONG,2026-06-14 10:22:03,2026-06-14 10:30:48,0.15,68.41,68.36,-7.3,-18.3,0,0
sol_bybit_perp,bigline_ad,SHORT,2026-06-14 11:22:00,2026-06-14 11:24:24,0.04,68.0,68.11,-16.2,-27.2,0,0
sol_bybit_perp,bigline_ad,SHORT,2026-06-14 14:30:09,2026-06-14 15:22:25,0.87,67.49,67.45,5.9,-5.1,0,0
sol_bybit_perp,bigline_ad,SHORT,2026-06-14 16:54:33,2026-06-14 19:33:47,2.65,67.46,67.69,-34.1,-45.1,1,0
sol_bybit_perp,bigline_ad,LONG,2026-06-14 20:02:06,2026-06-14 20:02:42,0.01,67.62,67.54,-11.8,-22.8,0,0
sol_bybit_perp,bigline_ad,LONG,2026-06-14 21:14:14,2026-06-14 22:43:31,1.49,67.96,70.45,366.4,355.4,1,0
sol_bybit_perp,bigline_ad,LONG,2026-06-15 01:39:04,2026-06-15 02:47:44,1.14,71.17,70.99,-25.3,-36.3,0,0
sol_bybit_perp,bigline_ad,SHORT,2026-06-15 05:34:10,2026-06-15 05:54:04,0.33,71.0,71.21,-29.6,-40.6,0,0
sol_bybit_perp,bigline_ad,LONG,2026-06-15 06:23:48,2026-06-15 06:34:43,0.18,71.22,71.18,-5.6,-16.6,0,0
sol_bybit_perp,bigline_ad,LONG,2026-06-15 06:44:42,2026-06-15 07:00:37,0.27,71.33,71.21,-16.8,-27.8,0,0
sol_bybit_perp,bigline_ad,LONG,2026-06-15 07:41:16,2026-06-15 09:27:35,1.77,71.28,71.18,-14.0,-25.0,3,0
sol_bybit_perp,bigline_ad,LONG,2026-06-15 11:06:42,2026-06-15 12:20:43,1.23,71.96,72.29,45.9,34.9,0,0
sol_bybit_perp,bigline_ad,LONG,2026-06-15 12:42:12,2026-06-15 17:33:04,4.85,72.83,74.68,254.0,243.0,1,0
sol_bybit_perp,bigline_ad,LONG,2026-06-15 18:06:53,2026-06-15 19:00:05,0.89,75.34,75.15,-25.2,-36.2,0,0
sol_bybit_perp,bigline_ad,SHORT,2026-06-15 19:49:15,2026-06-15 20:05:14,0.27,75.11,75.39,-37.3,-48.3,0,0
sol_bybit_perp,bigline_ad,SHORT,2026-06-15 21:25:49,2026-06-15 23:50:47,2.42,74.67,74.04,84.4,73.4,0,0
sol_bybit_perp,bigline_ad,SHORT,2026-06-16 00:56:30,2026-06-16 05:36:44,4.67,74.01,73.74,36.5,25.5,2,0
sol_bybit_perp,bigline_ad,LONG,2026-06-16 07:32:38,2026-06-16 09:20:42,1.8,74.41,74.79,51.1,40.1,1,0
sol_bybit_perp,bigline_ad,SHORT,2026-06-16 12:37:40,2026-06-16 13:30:28,0.88,75.18,74.16,135.7,124.7,1,0
sol_bybit_perp,bigline_ad,SHORT,2026-06-16 13:54:58,2026-06-16 17:02:00,3.12,73.91,73.19,97.4,86.4,1,0
sol_bybit_perp,bigline_ad,LONG,2026-06-16 18:46:28,2026-06-16 19:02:31,0.27,73.93,73.71,-29.8,-40.8,0,0
sol_bybit_perp,bigline_ad,LONG,2026-06-16 20:11:56,2026-06-16 21:12:35,1.01,73.97,73.99,2.7,-8.3,1,0
sol_bybit_perp,bigline_ad,SHORT,2026-06-16 22:16:15,2026-06-16 22:50:57,0.58,73.86,73.68,24.4,13.4,1,0
sol_bybit_perp,bigline_ad,SHORT,2026-06-16 23:44:24,2026-06-17 00:08:39,0.4,73.59,73.64,-6.8,-17.8,0,0
sol_bybit_perp,bigline_ad,SHORT,2026-06-17 00:15:38,2026-06-17 01:08:59,0.89,73.52,73.59,-9.5,-20.5,1,0
sol_bybit_perp,bigline_ad,LONG,2026-06-17 02:56:54,2026-06-17 03:10:40,0.23,73.97,73.79,-24.3,-35.3,0,0
sol_bybit_perp,bigline_ad,SHORT,2026-06-17 03:44:35,2026-06-17 04:10:38,0.43,73.56,73.81,-34.0,-45.0,0,0
sol_bybit_perp,bigline_ad,SHORT,2026-06-17 05:52:09,2026-06-17 06:45:31,0.89,73.62,73.36,35.3,24.3,2,0
sol_bybit_perp,bigline_ad,SHORT,2026-06-17 07:53:55,2026-06-17 09:49:35,1.93,73.1,72.58,71.1,60.1,1,0
sol_bybit_perp,bigline_ad,SHORT,2026-06-17 10:37:04,2026-06-17 12:05:56,1.48,72.28,72.1,24.9,13.9,0,0
sol_bybit_perp,bigline_ad,SHORT,2026-06-17 12:21:14,2026-06-17 12:45:32,0.41,71.91,72.2,-40.3,-51.3,0,0
sol_bybit_perp,bigline_ad,LONG,2026-06-17 13:33:28,2026-06-17 14:00:03,0.44,72.38,72.3,-11.1,-22.1,0,0
sol_bybit_perp,bigline_ad,SHORT,2026-06-17 14:18:45,2026-06-17 14:52:44,0.57,72.32,72.5,-24.9,-35.9,1,0
sol_bybit_perp,bigline_ad,LONG,2026-06-17 15:07:16,2026-06-17 15:07:17,0.0,72.56,72.57,1.4,-9.6,0,0
sol_bybit_perp,bigline_ad,LONG,2026-06-17 17:53:45,2026-06-17 18:00:23,0.11,74.16,73.39,-103.8,-114.8,0,0
sol_bybit_perp,bigline_ad,SHORT,2026-06-17 21:47:25,2026-06-17 21:47:26,0.0,71.45,71.45,-0.0,-11.0,0,0
sol_bybit_perp,bigline_ad,LONG,2026-06-18 02:06:40,2026-06-18 02:16:15,0.16,72.41,72.12,-40.0,-51.0,0,0
sol_bybit_perp,bigline_ad,SHORT,2026-06-18 04:03:35,2026-06-18 05:27:13,1.39,71.52,70.97,76.9,65.9,0,0
sol_bybit_perp,bigline_ad,LONG,2026-06-18 09:46:09,2026-06-18 09:56:41,0.18,72.02,71.76,-36.1,-47.1,0,0
sol_bybit_perp,bigline_ad,SHORT,2026-06-18 11:09:42,2026-06-18 12:09:30,1.0,71.24,70.98,36.5,25.5,1,0
sol_bybit_perp,bigline_ad,SHORT,2026-06-18 14:14:32,2026-06-18 14:16:54,0.04,70.8,71.06,-36.7,-47.7,0,0
sol_bybit_perp,bigline_ad,LONG,2026-06-18 14:32:16,2026-06-18 14:36:14,0.07,71.2,71.03,-23.9,-34.9,0,0
sol_bybit_perp,bigline_ad,SHORT,2026-06-18 14:51:04,2026-06-18 14:58:37,0.13,70.96,71.12,-22.5,-33.5,0,0
sol_bybit_perp,bigline_ad,SHORT,2026-06-18 15:01:20,2026-06-18 16:20:27,1.32,70.88,68.87,283.6,272.6,2,0
sol_bybit_perp,bigline_ad,SHORT,2026-06-18 21:15:08,2026-06-18 23:30:53,2.26,69.48,69.58,-14.4,-25.4,1,0
sol_bybit_perp,bigline_ad,LONG,2026-06-18 23:52:28,2026-06-19 00:02:12,0.16,69.67,69.55,-17.2,-28.2,0,0
sol_bybit_perp,bigline_ad,LONG,2026-06-19 00:19:17,2026-06-19 01:11:38,0.87,69.7,69.66,-5.7,-16.7,2,0
sol_bybit_perp,bigline_ad,SHORT,2026-06-19 01:28:37,2026-06-19 01:55:04,0.44,69.75,69.93,-25.8,-36.8,0,0
sol_bybit_perp,bigline_ad,SHORT,2026-06-19 03:11:01,2026-06-19 04:09:51,0.98,69.5,68.96,77.7,66.7,1,0
sol_bybit_perp,bigline_ad,SHORT,2026-06-19 07:14:53,2026-06-19 07:25:15,0.17,68.48,68.53,-7.3,-18.3,0,0
sol_bybit_perp,bigline_ad,SHORT,2026-06-19 08:42:29,2026-06-19 10:04:05,1.36,68.48,68.34,20.4,9.4,1,0
sol_bybit_perp,bigline_ad,SHORT,2026-06-19 10:32:02,2026-06-19 10:52:04,0.33,68.11,68.24,-19.1,-30.1,0,0
sol_bybit_perp,bigline_ad,LONG,2026-06-19 11:19:40,2026-06-19 12:15:46,0.94,68.26,68.2,-8.8,-19.8,1,0
sol_bybit_perp,bigline_ad,SHORT,2026-06-19 12:33:00,2026-06-19 12:38:45,0.1,68.11,68.23,-17.6,-28.6,0,0
sol_bybit_perp,bigline_ad,LONG,2026-06-19 13:05:09,2026-06-19 13:09:20,0.07,68.64,68.59,-7.3,-18.3,0,0
sol_bybit_perp,bigline_ad,LONG,2026-06-19 14:26:47,2026-06-19 15:03:13,0.61,69.2,68.98,-31.8,-42.8,0,0
sol_bybit_perp,bigline_ad,SHORT,2026-06-19 17:25:50,2026-06-19 17:34:51,0.15,68.93,69.18,-36.3,-47.3,0,0
sol_bybit_perp,bigline_ad,SHORT,2026-06-19 19:10:20,2026-06-19 19:49:07,0.65,68.87,68.94,-10.2,-21.2,0,0
sol_bybit_perp,bigline_ad,SHORT,2026-06-19 20:17:15,2026-06-19 20:47:58,0.51,68.85,69.11,-37.8,-48.8,0,0
sol_bybit_perp,bigline_ad,LONG,2026-06-19 21:14:44,2026-06-19 21:21:47,0.12,69.26,69.14,-17.3,-28.3,0,0
sol_bybit_perp,bigline_ad,LONG,2026-06-19 22:49:58,2026-06-19 23:06:01,0.27,69.4,69.31,-13.0,-24.0,0,0
sol_bybit_perp,bigline_ad,LONG,2026-06-20 01:36:10,2026-06-20 02:09:26,0.55,69.83,69.61,-31.5,-42.5,0,0
sol_bybit_perp,bigline_ad,LONG,2026-06-20 04:08:06,2026-06-20 04:10:01,0.03,70.01,69.83,-25.7,-36.7,0,0
sol_bybit_perp,bigline_ad,LONG,2026-06-20 06:21:45,2026-06-20 06:21:46,0.0,72.2,72.19,-1.4,-12.4,0,0
sol_bybit_perp,bigline_ad,SHORT,2026-06-20 11:05:55,2026-06-20 11:39:23,0.56,71.51,71.65,-19.6,-30.6,0,0
sol_bybit_perp,bigline_ad,LONG,2026-06-20 12:09:14,2026-06-20 12:29:09,0.33,71.88,71.75,-18.1,-29.1,0,0
sol_bybit_perp,bigline_ad,SHORT,2026-06-20 14:04:59,2026-06-20 14:44:33,0.66,70.96,71.01,-7.0,-18.0,0,0
sol_bybit_perp,bigline_ad,LONG,2026-06-20 15:15:58,2026-06-20 15:16:47,0.01,72.04,71.91,-18.0,-29.0,0,0
sol_bybit_perp,bigline_ad,SHORT,2026-06-20 19:21:26,2026-06-20 19:35:43,0.24,71.65,71.78,-18.1,-29.1,0,0
sol_bybit_perp,bigline_ad,LONG,2026-06-20 20:48:45,2026-06-21 03:04:00,6.25,71.91,73.17,175.2,164.2,1,0
sol_bybit_perp,bigline_ad,LONG,2026-06-21 03:19:02,2026-06-21 03:28:03,0.15,73.63,73.67,5.4,-5.6,0,0
sol_bybit_perp,bigline_ad,SHORT,2026-06-21 04:04:58,2026-06-21 04:20:39,0.26,73.49,73.68,-25.9,-36.9,0,0
sol_bybit_perp,bigline_ad,SHORT,2026-06-21 07:27:13,2026-06-21 09:15:53,1.81,73.2,73.31,-15.0,-26.0,1,0
sol_bybit_perp,bigline_ad,LONG,2026-06-21 12:52:44,2026-06-21 14:17:06,1.41,73.26,73.63,50.5,39.5,1,0
sol_bybit_perp,bigline_ad,LONG,2026-06-21 15:01:43,2026-06-21 15:24:41,0.38,74.11,73.91,-27.0,-38.0,0,0
sol_bybit_perp,bigline_ad,LONG,2026-06-21 15:39:41,2026-06-21 16:13:42,0.57,74.2,73.88,-43.1,-54.1,0,0
sol_bybit_perp,bigline_ad,LONG,2026-06-21 17:05:03,2026-06-21 17:17:40,0.21,74.44,74.32,-16.1,-27.1,0,0
sol_bybit_perp,bigline_ad,SHORT,2026-06-21 18:01:08,2026-06-21 18:31:29,0.51,74.15,74.17,-2.7,-13.7,0,0
sol_bybit_perp,bigline_ad,LONG,2026-06-21 19:49:54,2026-06-21 20:12:01,0.37,74.4,74.24,-21.5,-32.5,0,0
sol_bybit_perp,bigline_ad,SHORT,2026-06-21 22:30:18,2026-06-21 22:41:25,0.19,72.79,72.84,-6.9,-17.9,0,0
sol_bybit_perp,bigline_ad,LONG,2026-06-22 00:56:55,2026-06-22 02:43:01,1.77,73.29,74.03,101.0,90.0,1,0
sol_bybit_perp,bigline_ad,LONG,2026-06-22 03:25:00,2026-06-22 06:22:13,2.95,73.93,73.8,-17.6,-28.6,2,0
sol_bybit_perp,bigline_ad,LONG,2026-06-22 08:09:41,2026-06-22 08:17:27,0.13,74.27,74.14,-17.5,-28.5,0,0
sol_bybit_perp,bigline_ad,SHORT,2026-06-22 08:47:54,2026-06-22 09:05:01,0.29,73.84,73.98,-19.0,-30.0,0,0
sol_bybit_perp,bigline_ad,SHORT,2026-06-22 10:19:58,2026-06-22 11:05:10,0.75,73.75,73.86,-14.9,-25.9,1,0
sol_bybit_perp,bigline_ad,LONG,2026-06-22 11:26:39,2026-06-22 11:50:22,0.4,73.98,74.24,35.1,24.1,1,0
sol_bybit_perp,bigline_ad,SHORT,2026-06-22 12:03:07,2026-06-22 12:23:30,0.34,74.05,74.12,-9.5,-20.5,0,0
sol_bybit_perp,bigline_ad,LONG,2026-06-22 12:35:07,2026-06-22 12:45:48,0.18,74.36,74.27,-12.1,-23.1,0,0
sol_bybit_perp,bigline_ad,LONG,2026-06-22 12:48:52,2026-06-22 12:54:16,0.09,74.5,74.26,-32.2,-43.2,0,0
sol_bybit_perp,bigline_ad,LONG,2026-06-22 13:35:38,2026-06-22 14:01:50,0.44,74.57,74.74,22.8,11.8,1,0
sol_bybit_perp,bigline_ad,SHORT,2026-06-22 15:06:49,2026-06-22 15:12:19,0.09,73.19,73.57,-51.9,-62.9,0,0
sol_bybit_perp,bigline_ad,SHORT,2026-06-22 18:39:47,2026-06-22 20:38:16,1.97,73.22,72.76,62.8,51.8,1,0
sol_bybit_perp,bigline_ad,SHORT,2026-06-23 00:16:56,2026-06-23 00:16:57,0.0,71.69,71.69,-0.0,-11.0,0,0
sol_bybit_perp,bigline_ad,LONG,2026-06-23 03:18:02,2026-06-23 03:34:59,0.28,71.87,71.75,-16.7,-27.7,0,0
sol_bybit_perp,bigline_ad,SHORT,2026-06-23 04:41:27,2026-06-23 05:10:43,0.49,71.73,71.52,29.3,18.3,1,0
sol_bybit_perp,bigline_ad,SHORT,2026-06-23 05:15:19,2026-06-23 11:00:55,5.76,71.33,68.83,350.5,339.5,2,0
sol_bybit_perp,bigline_ad,LONG,2026-06-23 12:30:15,2026-06-23 12:35:00,0.08,69.22,69.0,-31.8,-42.8,0,0
sol_bybit_perp,bigline_ad,SHORT,2026-06-23 13:23:59,2026-06-23 13:31:50,0.13,68.72,68.83,-16.0,-27.0,0,0
sol_bybit_perp,bigline_ad,LONG,2026-06-23 13:32:53,2026-06-23 13:33:03,0.0,69.28,69.21,-10.1,-21.1,0,0
sol_bybit_perp,bigline_ad,SHORT,2026-06-23 13:36:37,2026-06-23 13:47:35,0.18,69.03,68.95,11.6,0.6,1,0
sol_bybit_perp,bigline_ad,LONG,2026-06-23 13:52:32,2026-06-23 13:53:28,0.02,69.16,69.13,-4.3,-15.3,0,0
sol_bybit_perp,bigline_ad,LONG,2026-06-23 14:07:41,2026-06-23 14:21:40,0.23,69.22,69.4,26.0,15.0,1,0
sol_bybit_perp,bigline_ad,SHORT,2026-06-23 14:31:46,2026-06-23 14:36:07,0.07,69.18,69.4,-31.8,-42.8,0,0
sol_bybit_perp,bigline_ad,SHORT,2026-06-23 14:54:29,2026-06-23 15:31:52,0.62,69.08,68.78,43.4,32.4,0,0
sol_bybit_perp,bigline_ad,SHORT,2026-06-23 15:41:37,2026-06-23 15:58:06,0.27,68.64,68.82,-26.2,-37.2,0,0
sol_bybit_perp,bigline_ad,LONG,2026-06-23 17:19:44,2026-06-23 17:54:45,0.58,68.93,68.7,-33.4,-44.4,0,0
sol_bybit_perp,bigline_ad,SHORT,2026-06-23 18:41:03,2026-06-23 19:03:26,0.37,68.73,68.91,-26.2,-37.2,0,0
sol_bybit_perp,bigline_ad,LONG,2026-06-23 19:30:14,2026-06-23 19:45:21,0.25,68.96,68.69,-39.2,-50.2,0,0
sol_bybit_perp,bigline_ad,LONG,2026-06-23 20:01:20,2026-06-23 20:17:13,0.26,68.99,68.89,-14.5,-25.5,0,0
sol_bybit_perp,bigline_ad,LONG,2026-06-23 20:56:34,2026-06-23 21:42:01,0.76,68.94,69.18,34.8,23.8,1,0
sol_bybit_perp,bigline_ad,LONG,2026-06-23 23:25:03,2026-06-24 01:18:37,1.89,69.54,69.61,10.1,-0.9,1,0
sol_bybit_perp,bigline_ad,SHORT,2026-06-24 02:51:01,2026-06-24 03:30:43,0.66,69.48,69.37,15.8,4.8,0,0
sol_bybit_perp,bigline_ad,SHORT,2026-06-24 04:05:25,2026-06-24 05:10:58,1.09,69.39,69.72,-47.6,-58.6,0,0
sol_bybit_perp,bigline_ad,LONG,2026-06-24 08:32:09,2026-06-24 09:31:50,0.99,69.44,69.2,-34.6,-45.6,1,0
sol_bybit_perp,bigline_ad,SHORT,2026-06-24 10:52:03,2026-06-24 11:36:39,0.74,68.99,69.11,-17.4,-28.4,0,0
sol_bybit_perp,bigline_ad,SHORT,2026-06-24 13:40:28,2026-06-24 14:25:25,0.75,68.92,69.02,-14.5,-25.5,1,0
sol_bybit_perp,bigline_ad,SHORT,2026-06-24 16:43:32,2026-06-24 18:57:09,2.23,67.32,66.1,181.2,170.2,0,0
sol_bybit_perp,bigline_ad,SHORT,2026-06-24 19:11:58,2026-06-24 19:24:48,0.21,65.63,65.81,-27.4,-38.4,0,0
sol_bybit_perp,bigline_ad,LONG,2026-06-25 00:04:43,2026-06-25 00:04:44,0.0,68.11,68.11,0.0,-11.0,0,0
sol_bybit_perp,bigline_ad,SHORT,2026-06-25 02:08:40,2026-06-25 03:58:40,1.83,67.73,67.68,7.4,-3.6,3,0
sol_bybit_perp,bigline_ad,LONG,2026-06-25 09:16:47,2026-06-25 09:17:06,0.01,69.16,69.14,-2.9,-13.9,0,0
sol_bybit_perp,bigline_ad,SHORT,2026-06-25 09:31:54,2026-06-25 09:37:39,0.1,68.83,69.0,-24.7,-35.7,0,0
sol_bybit_perp,bigline_ad,SHORT,2026-06-25 11:48:52,2026-06-25 12:00:08,0.19,68.0,68.19,-27.9,-38.9,0,0
sol_bybit_perp,bigline_ad,LONG,2026-06-25 13:13:36,2026-06-25 13:26:32,0.22,68.42,68.14,-40.9,-51.9,0,0
sol_bybit_perp,bigline_ad,SHORT,2026-06-25 14:16:11,2026-06-25 14:20:29,0.07,65.5,66.1,-91.6,-102.6,0,0
sol_bybit_perp,bigline_ad,LONG,2026-06-25 14:51:54,2026-06-25 15:01:16,0.16,66.71,66.1,-91.4,-102.4,0,0
sol_bybit_perp,bigline_ad,LONG,2026-06-25 17:11:13,2026-06-25 18:34:50,1.39,66.42,65.99,-64.7,-75.7,1,0
sol_bybit_perp,bigline_ad,LONG,2026-06-25 21:10:53,2026-06-26 01:29:58,4.32,66.46,67.17,106.8,95.8,0,0
sol_bybit_perp,bigline_ad,SHORT,2026-06-26 02:56:01,2026-06-26 03:05:40,0.16,66.02,66.49,-71.2,-82.2,0,0
sol_bybit_perp,bigline_ad,LONG,2026-06-26 12:09:44,2026-06-26 12:40:26,0.51,68.87,68.49,-55.2,-66.2,0,0
sol_bybit_perp,bigline_ad,SHORT,2026-06-26 13:01:17,2026-06-26 13:01:18,0.0,68.79,68.78,1.5,-9.5,0,0
sol_bybit_perp,bigline_ad,SHORT,2026-06-26 13:34:01,2026-06-26 13:35:28,0.02,68.69,69.26,-83.0,-94.0,0,0
sol_bybit_perp,bigline_ad,LONG,2026-06-26 13:42:13,2026-06-26 13:42:14,0.0,69.44,69.55,15.8,4.8,0,0
sol_bybit_perp,bigline_ad,LONG,2026-06-26 14:12:06,2026-06-26 14:33:35,0.36,70.9,71.4,70.5,59.5,0,0
sol_bybit_perp,bigline_ad,LONG,2026-06-26 15:09:46,2026-06-26 16:52:14,1.71,71.13,72.53,196.8,185.8,1,0
sol_bybit_perp,bigline_ad,LONG,2026-06-26 20:00:17,2026-06-26 20:10:33,0.17,73.55,72.95,-81.6,-92.6,0,0
sol_bybit_perp,bigline_ad,SHORT,2026-06-26 22:04:03,2026-06-26 22:18:46,0.25,71.81,71.82,-1.4,-12.4,0,0
sol_bybit_perp,bigline_ad,LONG,2026-06-27 00:49:26,2026-06-27 01:32:18,0.71,71.79,71.52,-37.6,-48.6,0,0
sol_bybit_perp,bigline_ad,LONG,2026-06-27 02:40:09,2026-06-27 02:45:22,0.09,72.14,72.03,-15.2,-26.2,0,0
sol_bybit_perp,bigline_ad,LONG,2026-06-27 03:42:47,2026-06-27 03:53:58,0.19,72.27,72.17,-13.8,-24.8,0,0
sol_bybit_perp,bigline_ad,SHORT,2026-06-27 07:03:17,2026-06-27 07:52:22,0.82,72.02,72.23,-29.2,-40.2,0,0
sol_bybit_perp,bigline_ad,LONG,2026-06-27 08:28:18,2026-06-27 08:39:17,0.18,72.24,71.98,-36.0,-47.0,0,0
sol_bybit_perp,bigline_ad,SHORT,2026-06-27 09:01:55,2026-06-27 09:06:51,0.08,71.88,72.06,-25.0,-36.0,0,0
sol_bybit_perp,bigline_ad,SHORT,2026-06-27 10:31:32,2026-06-27 11:00:26,0.48,71.84,72.01,-23.7,-34.7,0,0
sol_bybit_perp,bigline_ad,SHORT,2026-06-27 11:27:16,2026-06-27 11:35:13,0.13,71.57,71.67,-14.0,-25.0,0,0
sol_bybit_perp,bigline_ad,LONG,2026-06-27 12:18:21,2026-06-27 15:54:01,3.59,71.8,72.74,130.9,119.9,2,0
sol_bybit_perp,bigline_ad,SHORT,2026-06-27 18:00:48,2026-06-27 18:54:36,0.9,71.96,71.92,5.6,-5.4,0,0
sol_bybit_perp,bigline_ad,SHORT,2026-06-27 21:39:52,2026-06-28 00:44:24,3.08,71.25,70.7,77.2,66.2,1,0
sol_bybit_perp,bigline_ad,LONG,2026-06-28 02:27:18,2026-06-28 05:04:43,2.62,70.67,70.5,-24.1,-35.1,1,0
sol_bybit_perp,bigline_ad,SHORT,2026-06-28 05:16:12,2026-06-28 05:16:44,0.01,70.45,70.53,-11.4,-22.4,0,0
sol_bybit_perp,bigline_ad,SHORT,2026-06-28 06:12:07,2026-06-28 06:51:19,0.65,70.29,70.5,-29.9,-40.9,0,0
sol_bybit_perp,bigline_ad,LONG,2026-06-28 07:37:36,2026-06-28 07:37:37,0.0,70.85,70.85,0.0,-11.0,0,0
sol_bybit_perp,bigline_ad,LONG,2026-06-28 11:00:13,2026-06-28 13:01:08,2.02,71.53,71.73,28.0,17.0,1,0
sol_bybit_perp,bigline_ad,SHORT,2026-06-28 13:55:27,2026-06-28 14:19:33,0.4,71.75,72.0,-34.8,-45.8,0,0
sol_bybit_perp,bigline_ad,LONG,2026-06-28 14:48:08,2026-06-28 14:54:27,0.11,71.98,71.68,-41.7,-52.7,0,0
sol_bybit_perp,bigline_ad,SHORT,2026-06-28 15:08:59,2026-06-28 15:18:09,0.15,71.61,71.86,-34.9,-45.9,0,0
sol_bybit_perp,bigline_ad,LONG,2026-06-28 15:52:24,2026-06-28 16:10:30,0.3,71.93,71.77,-22.2,-33.2,0,0
sol_bybit_perp,bigline_ad,LONG,2026-06-28 16:18:41,2026-06-28 16:24:14,0.09,71.98,71.73,-34.7,-45.7,0,0
sol_bybit_perp,bigline_ad,SHORT,2026-06-28 16:45:05,2026-06-28 16:48:00,0.05,71.16,71.33,-23.9,-34.9,0,0
sol_bybit_perp,bigline_ad,SHORT,2026-06-28 18:13:03,2026-06-28 20:15:24,2.04,71.38,71.19,26.6,15.6,1,0
sol_bybit_perp,bigline_ad,SHORT,2026-06-28 20:35:47,2026-06-28 22:02:47,1.45,70.8,71.01,-29.7,-40.7,1,0
sol_bybit_perp,bigline_ad,LONG,2026-06-28 22:21:43,2026-06-28 22:41:46,0.33,70.72,70.49,-32.5,-43.5,0,0
sol_bybit_perp,bigline_ad,LONG,2026-06-29 00:12:44,2026-06-29 00:21:42,0.15,71.41,71.01,-56.0,-67.0,0,0
sol_bybit_perp,bigline_ad,LONG,2026-06-29 01:37:03,2026-06-29 02:06:56,0.5,71.44,71.21,-32.2,-43.2,0,0
sol_bybit_perp,bigline_ad,LONG,2026-06-29 05:44:18,2026-06-29 08:07:32,2.39,71.69,72.6,126.9,115.9,1,0
sol_bybit_perp,bigline_ad,LONG,2026-06-29 09:55:37,2026-06-29 11:05:34,1.17,72.86,72.87,1.4,-9.6,0,0
sol_bybit_perp,bigline_ad,SHORT,2026-06-29 11:32:23,2026-06-29 12:02:48,0.51,72.81,72.72,12.4,1.4,1,0
sol_bybit_perp,bigline_ad,LONG,2026-06-29 13:00:39,2026-06-29 13:28:07,0.46,73.69,73.56,-17.6,-28.6,0,0
sol_bybit_perp,bigline_ad,SHORT,2026-06-29 14:07:46,2026-06-29 14:54:01,0.77,73.19,73.52,-45.1,-56.1,1,0
sol_bybit_perp,bigline_ad,LONG,2026-06-29 16:39:01,2026-06-29 19:28:21,2.82,73.4,75.99,352.9,341.9,1,0
sol_bybit_perp,bigline_ad,SHORT,2026-06-29 23:21:31,2026-06-30 01:25:45,2.07,75.15,74.36,105.1,94.1,2,0
sol_bybit_perp,bigline_ad,SHORT,2026-06-30 04:16:57,2026-06-30 04:30:40,0.23,73.79,73.98,-25.7,-36.7,0,0
sol_bybit_perp,bigline_ad,SHORT,2026-06-30 05:35:56,2026-06-30 05:41:26,0.09,73.8,74.16,-48.8,-59.8,0,0
sol_bybit_perp,bigline_ad,LONG,2026-06-30 06:28:43,2026-06-30 07:09:05,0.67,74.17,73.85,-43.1,-54.1,0,0
sol_bybit_perp,bigline_ad,SHORT,2026-06-30 08:04:04,2026-06-30 08:23:38,0.33,74.0,73.97,4.1,-6.9,1,0
sol_bybit_perp,bigline_ad,SHORT,2026-06-30 08:33:23,2026-06-30 08:52:32,0.32,73.88,73.42,62.3,51.3,1,0
sol_bybit_perp,bigline_ad,LONG,2026-06-30 09:42:37,2026-06-30 10:10:42,0.47,73.73,73.62,-14.9,-25.9,0,0
sol_bybit_perp,bigline_ad,SHORT,2026-06-30 11:17:11,2026-06-30 13:51:13,2.57,73.55,72.76,107.4,96.4,2,0
sol_bybit_perp,bigline_ad,LONG,2026-06-30 14:44:47,2026-06-30 14:48:35,0.06,73.57,73.16,-55.7,-66.7,0,0
sol_bybit_perp,bigline_ad,LONG,2026-06-30 16:39:57,2026-06-30 18:33:33,1.89,73.25,73.13,-16.4,-27.4,1,0
sol_bybit_perp,bigline_ad,SHORT,2026-06-30 19:21:58,2026-06-30 19:34:10,0.2,73.36,73.79,-58.6,-69.6,0,0
sol_bybit_perp,bigline_ad,LONG,2026-06-30 20:02:41,2026-06-30 20:20:47,0.3,73.83,73.56,-36.6,-47.6,0,0
sol_bybit_perp,bigline_ad,SHORT,2026-06-30 22:30:08,2026-06-30 23:26:54,0.95,73.46,73.63,-23.1,-34.1,0,0
sol_bybit_perp,bigline_ad,LONG,2026-07-01 00:52:06,2026-07-01 00:52:07,0.0,73.7,73.69,-1.4,-12.4,0,0
sol_bybit_perp,bigline_ad,SHORT,2026-07-01 01:16:33,2026-07-01 01:20:34,0.07,72.76,73.14,-52.2,-63.2,0,0
sol_bybit_perp,bigline_ad,LONG,2026-07-01 02:16:36,2026-07-01 02:16:37,0.0,74.29,74.28,-1.3,-12.3,0,0
sol_bybit_perp,bigline_ad,LONG,2026-07-01 07:16:46,2026-07-01 09:58:05,2.69,74.43,75.35,123.6,112.6,2,0
sol_bybit_perp,bigline_ad,SHORT,2026-07-01 11:30:00,2026-07-01 12:33:49,1.06,74.97,74.61,48.0,37.0,2,0
sol_bybit_perp,bigline_ad,SHORT,2026-07-01 12:34:56,2026-07-01 13:00:10,0.42,74.32,74.58,-35.0,-46.0,0,0
sol_bybit_perp,bigline_ad,LONG,2026-07-01 13:30:48,2026-07-01 13:37:06,0.1,74.93,75.48,73.4,62.4,1,0
sol_bybit_perp,bigline_ad,LONG,2026-07-01 13:41:27,2026-07-01 13:45:00,0.06,75.55,75.37,-23.8,-34.8,0,0
sol_bybit_perp,bigline_ad,LONG,2026-07-01 14:10:31,2026-07-01 15:09:11,0.98,76.09,76.96,114.3,103.3,1,0
sol_bybit_perp,bigline_ad,LONG,2026-07-01 17:23:51,2026-07-01 19:25:26,2.03,77.81,77.29,-66.8,-77.8,1,0
sol_bybit_perp,bigline_ad,LONG,2026-07-01 21:32:51,2026-07-01 22:05:04,0.54,78.02,78.2,23.1,12.1,0,0
sol_bybit_perp,bigline_ad,SHORT,2026-07-02 01:49:36,2026-07-02 03:27:57,1.64,78.17,78.59,-53.7,-64.7,1,0
sol_bybit_perp,bigline_ad,SHORT,2026-07-02 06:40:03,2026-07-02 08:35:08,1.92,78.29,78.39,-12.8,-23.8,0,0
sol_bybit_perp,bigline_ad,SHORT,2026-07-02 09:16:18,2026-07-02 09:23:32,0.12,78.3,78.64,-43.4,-54.4,0,0
sol_bybit_perp,bigline_ad,LONG,2026-07-02 13:34:57,2026-07-02 14:19:07,0.74,81.61,81.07,-66.2,-77.2,0,0
sol_bybit_perp,bigline_ad,SHORT,2026-07-02 16:27:20,2026-07-02 17:05:54,0.64,80.45,80.79,-42.3,-53.3,0,0
sol_bybit_perp,bigline_ad,LONG,2026-07-02 18:08:31,2026-07-02 19:10:17,1.03,80.89,80.87,-2.5,-13.5,0,0
sol_bybit_perp,bigline_ad,LONG,2026-07-02 19:44:26,2026-07-02 19:59:59,0.26,81.03,80.77,-32.1,-43.1,0,0
sol_bybit_perp,bigline_ad,SHORT,2026-07-02 20:29:06,2026-07-02 20:31:41,0.04,80.55,80.61,-7.4,-18.4,0,0
sol_bybit_perp,bigline_ad,LONG,2026-07-02 21:36:18,2026-07-02 21:41:37,0.09,80.93,80.73,-24.7,-35.7,0,0
sol_bybit_perp,bigline_ad,SHORT,2026-07-02 22:04:27,2026-07-02 22:32:47,0.47,80.6,80.67,-8.7,-19.7,0,0
sol_bybit_perp,bigline_ad,SHORT,2026-07-02 22:42:10,2026-07-02 22:53:04,0.18,80.48,80.72,-29.8,-40.8,0,0
sol_bybit_perp,bigline_ad,LONG,2026-07-02 23:25:55,2026-07-02 23:59:59,0.57,80.68,80.68,0.0,-11.0,1,1
eth_bybit_perp,bigline_ad,SHORT,2026-06-03 00:08:25,2026-06-03 00:10:38,0.04,1861.25,1864.51,-17.5,-28.5,0,0
eth_bybit_perp,bigline_ad,LONG,2026-06-03 00:12:56,2026-06-03 00:12:57,0.0,1865.96,1866.28,1.7,-9.3,0,0
eth_bybit_perp,bigline_ad,SHORT,2026-06-03 00:59:29,2026-06-03 01:23:05,0.39,1866.98,1863.81,17.0,6.0,1,0
eth_bybit_perp,bigline_ad,SHORT,2026-06-03 02:00:56,2026-06-03 04:01:23,2.01,1859.96,1833.24,143.7,132.7,3,0
eth_bybit_perp,bigline_ad,LONG,2026-06-03 05:53:57,2026-06-03 06:15:58,0.37,1871.99,1872.6,3.3,-7.7,0,0
eth_bybit_perp,bigline_ad,LONG,2026-06-03 09:49:35,2026-06-03 10:27:52,0.64,1874.99,1883.17,43.6,32.6,1,0
eth_bybit_perp,bigline_ad,LONG,2026-06-03 11:14:55,2026-06-03 11:24:04,0.15,1886.96,1884.93,-10.8,-21.8,0,0
eth_bybit_perp,bigline_ad,SHORT,2026-06-03 12:38:30,2026-06-03 12:53:39,0.25,1873.07,1878.62,-29.6,-40.6,0,0
eth_bybit_perp,bigline_ad,SHORT,2026-06-03 13:35:59,2026-06-03 14:37:25,1.02,1869.82,1861.28,45.7,34.7,1,0
eth_bybit_perp,bigline_ad,SHORT,2026-06-03 14:42:42,2026-06-03 14:59:56,0.29,1852.23,1857.74,-29.7,-40.7,0,0
eth_bybit_perp,bigline_ad,SHORT,2026-06-03 15:34:47,2026-06-03 16:55:31,1.35,1845.35,1829.91,83.7,72.7,1,0
eth_bybit_perp,bigline_ad,SHORT,2026-06-03 17:53:27,2026-06-03 20:26:33,2.55,1823.41,1809.86,74.3,63.3,3,0
eth_bybit_perp,bigline_ad,LONG,2026-06-04 00:35:05,2026-06-04 01:16:00,0.68,1803.28,1782.94,-112.8,-123.8,0,0
eth_bybit_perp,bigline_ad,SHORT,2026-06-04 01:50:58,2026-06-04 02:33:29,0.71,1766.88,1772.0,-29.0,-40.0,0,0
eth_bybit_perp,bigline_ad,LONG,2026-06-04 06:18:40,2026-06-04 06:30:10,0.19,1797.55,1795.19,-13.1,-24.1,0,0
eth_bybit_perp,bigline_ad,SHORT,2026-06-04 08:00:30,2026-06-04 08:58:21,0.96,1774.53,1774.76,-1.3,-12.3,1,0
eth_bybit_perp,bigline_ad,SHORT,2026-06-04 10:15:57,2026-06-04 12:01:18,1.76,1751.33,1752.12,-4.5,-15.5,1,0
eth_bybit_perp,bigline_ad,LONG,2026-06-04 12:22:50,2026-06-04 13:25:08,1.04,1755.52,1755.94,2.4,-8.6,0,0
eth_bybit_perp,bigline_ad,LONG,2026-06-04 13:30:41,2026-06-04 14:02:15,0.53,1768.38,1785.89,99.0,88.0,1,0
eth_bybit_perp,bigline_ad,SHORT,2026-06-04 15:20:54,2026-06-04 18:24:48,3.06,1776.4,1772.64,21.2,10.2,2,0
eth_bybit_perp,bigline_ad,LONG,2026-06-04 19:16:06,2026-06-04 19:47:06,0.52,1777.97,1775.86,-11.9,-22.9,0,0
eth_bybit_perp,bigline_ad,SHORT,2026-06-04 21:18:50,2026-06-04 22:01:46,0.72,1773.86,1763.33,59.4,48.4,1,0
eth_bybit_perp,bigline_ad,SHORT,2026-06-04 22:34:40,2026-06-04 22:40:36,0.1,1753.39,1760.6,-41.1,-52.1,0,0
eth_bybit_perp,bigline_ad,LONG,2026-06-04 23:31:54,2026-06-05 00:18:14,0.77,1764.09,1759.67,-25.1,-36.1,0,0
eth_bybit_perp,bigline_ad,SHORT,2026-06-05 01:22:24,2026-06-05 01:30:03,0.13,1750.24,1756.59,-36.3,-47.3,0,0
eth_bybit_perp,bigline_ad,SHORT,2026-06-05 03:01:02,2026-06-05 03:16:22,0.26,1726.2,1731.88,-32.9,-43.9,0,0
eth_bybit_perp,bigline_ad,SHORT,2026-06-05 04:02:03,2026-06-05 04:28:24,0.44,1725.05,1735.13,-58.4,-69.4,1,0
eth_bybit_perp,bigline_ad,LONG,2026-06-05 05:27:16,2026-06-05 05:35:36,0.14,1736.95,1725.85,-63.9,-74.9,0,0
eth_bybit_perp,bigline_ad,SHORT,2026-06-05 06:16:17,2026-06-05 06:39:24,0.39,1667.25,1652.7,87.3,76.3,0,0
eth_bybit_perp,bigline_ad,SHORT,2026-06-05 07:01:53,2026-06-05 07:23:22,0.36,1646.33,1650.0,-22.3,-33.3,0,0
eth_bybit_perp,bigline_ad,LONG,2026-06-05 09:13:21,2026-06-05 10:09:54,0.94,1678.6,1673.47,-30.6,-41.6,0,0
eth_bybit_perp,bigline_ad,LONG,2026-06-05 11:22:10,2026-06-05 11:44:04,0.36,1678.23,1667.55,-63.6,-74.6,0,0
eth_bybit_perp,bigline_ad,SHORT,2026-06-05 12:28:13,2026-06-05 13:04:35,0.61,1660.86,1665.51,-28.0,-39.0,0,0
eth_bybit_perp,bigline_ad,LONG,2026-06-05 13:32:01,2026-06-05 13:38:59,0.12,1670.71,1661.35,-56.0,-67.0,0,0
eth_bybit_perp,bigline_ad,SHORT,2026-06-05 14:24:39,2026-06-05 14:34:41,0.17,1602.23,1600.91,8.2,-2.8,0,0
eth_bybit_perp,bigline_ad,SHORT,2026-06-05 15:36:33,2026-06-05 16:14:17,0.63,1583.83,1588.39,-28.8,-39.8,0,0
eth_bybit_perp,bigline_ad,LONG,2026-06-05 16:49:57,2026-06-05 17:11:20,0.36,1597.53,1603.45,37.1,26.1,0,0
eth_bybit_perp,bigline_ad,SHORT,2026-06-05 20:03:01,2026-06-05 20:09:08,0.1,1560.91,1579.14,-116.8,-127.8,0,0
eth_bybit_perp,bigline_ad,LONG,2026-06-05 23:50:11,2026-06-06 01:51:14,2.02,1575.39,1579.27,24.6,13.6,1,0
eth_bybit_perp,bigline_ad,SHORT,2026-06-06 03:00:40,2026-06-06 05:09:32,2.15,1573.62,1520.77,335.8,324.8,2,0
eth_bybit_perp,bigline_ad,LONG,2026-06-06 07:14:24,2026-06-06 07:52:25,0.63,1574.78,1574.64,-0.9,-11.9,0,0
eth_bybit_perp,bigline_ad,LONG,2026-06-06 09:36:39,2026-06-06 09:42:23,0.1,1586.43,1577.8,-54.4,-65.4,0,0
eth_bybit_perp,bigline_ad,SHORT,2026-06-06 12:30:44,2026-06-06 12:36:09,0.09,1551.65,1560.91,-59.7,-70.7,0,0
eth_bybit_perp,bigline_ad,LONG,2026-06-06 13:45:06,2026-06-06 14:58:32,1.22,1564.65,1558.28,-40.7,-51.7,1,0
eth_bybit_perp,bigline_ad,SHORT,2026-06-06 16:00:18,2026-06-06 17:56:11,1.93,1557.27,1549.95,47.0,36.0,3,0
eth_bybit_perp,bigline_ad,LONG,2026-06-06 18:57:45,2026-06-06 19:35:15,0.62,1557.32,1554.0,-21.3,-32.3,0,0
eth_bybit_perp,bigline_ad,LONG,2026-06-06 21:54:20,2026-06-06 21:58:47,0.07,1561.66,1557.86,-24.3,-35.3,0,0
eth_bybit_perp,bigline_ad,SHORT,2026-06-06 22:21:51,2026-06-06 22:55:36,0.56,1557.1,1560.84,-24.0,-35.0,0,0
eth_bybit_perp,bigline_ad,SHORT,2026-06-06 22:57:18,2026-06-06 23:03:15,0.1,1557.11,1561.68,-29.3,-40.3,0,0
eth_bybit_perp,bigline_ad,LONG,2026-06-07 00:30:59,2026-06-07 00:45:55,0.25,1568.93,1564.14,-30.5,-41.5,0,0
eth_bybit_perp,bigline_ad,LONG,2026-06-07 02:49:07,2026-06-07 03:40:24,0.85,1591.52,1591.76,1.5,-9.5,0,0
eth_bybit_perp,bigline_ad,LONG,2026-06-07 04:36:02,2026-06-07 05:21:02,0.75,1592.99,1602.4,59.1,48.1,2,0
eth_bybit_perp,bigline_ad,LONG,2026-06-07 05:37:12,2026-06-07 06:01:01,0.4,1605.78,1601.44,-27.0,-38.0,0,0
eth_bybit_perp,bigline_ad,LONG,2026-06-07 08:28:16,2026-06-07 08:28:17,0.0,1615.99,1615.34,-4.0,-15.0,0,0
eth_bybit_perp,bigline_ad,LONG,2026-06-07 11:38:21,2026-06-07 12:09:21,0.52,1631.76,1623.73,-49.2,-60.2,0,0
eth_bybit_perp,bigline_ad,SHORT,2026-06-07 13:37:55,2026-06-07 14:02:34,0.41,1614.33,1619.42,-31.5,-42.5,0,0
eth_bybit_perp,bigline_ad,LONG,2026-06-07 15:16:10,2026-06-07 16:08:52,0.88,1628.17,1623.0,-31.8,-42.8,0,0
eth_bybit_perp,bigline_ad,LONG,2026-06-07 18:10:18,2026-06-07 18:18:32,0.14,1633.25,1628.11,-31.5,-42.5,0,0
eth_bybit_perp,bigline_ad,SHORT,2026-06-07 19:05:58,2026-06-07 19:41:02,0.58,1617.72,1609.89,48.4,37.4,1,0
eth_bybit_perp,bigline_ad,LONG,2026-06-07 21:12:56,2026-06-07 21:13:43,0.01,1630.82,1628.77,-12.6,-23.6,0,0
eth_bybit_perp,bigline_ad,LONG,2026-06-07 23:49:00,2026-06-07 23:49:01,0.0,1689.5,1688.74,-4.5,-15.5,0,0
eth_bybit_perp,bigline_ad,SHORT,2026-06-08 08:01:24,2026-06-08 09:46:14,1.75,1668.85,1664.71,24.8,13.8,2,0
eth_bybit_perp,bigline_ad,LONG,2026-06-08 10:34:12,2026-06-08 11:44:12,1.17,1669.48,1688.07,111.4,100.4,2,0
eth_bybit_perp,bigline_ad,LONG,2026-06-08 13:36:04,2026-06-08 13:44:51,0.15,1691.41,1680.75,-63.0,-74.0,0,0
eth_bybit_perp,bigline_ad,SHORT,2026-06-08 13:58:36,2026-06-08 14:12:24,0.23,1679.76,1686.98,-43.0,-54.0,0,0
eth_bybit_perp,bigline_ad,LONG,2026-06-08 15:52:51,2026-06-08 15:57:10,0.07,1698.68,1690.13,-50.3,-61.3,0,0
eth_bybit_perp,bigline_ad,SHORT,2026-06-08 17:35:40,2026-06-08 17:50:02,0.24,1678.94,1683.25,-25.7,-36.7,0,0
eth_bybit_perp,bigline_ad,LONG,2026-06-08 18:57:03,2026-06-08 19:55:01,0.97,1685.62,1683.85,-10.5,-21.5,1,0
eth_bybit_perp,bigline_ad,LONG,2026-06-08 21:41:11,2026-06-08 21:41:12,0.0,1713.35,1713.34,-0.1,-11.1,0,0
eth_bybit_perp,bigline_ad,SHORT,2026-06-09 00:21:40,2026-06-09 02:02:17,1.68,1686.54,1670.16,97.1,86.1,0,0
eth_bybit_perp,bigline_ad,SHORT,2026-06-09 02:35:29,2026-06-09 02:35:30,0.0,1658.75,1658.71,0.2,-10.8,0,0
eth_bybit_perp,bigline_ad,SHORT,2026-06-09 04:27:17,2026-06-09 04:34:09,0.11,1665.63,1675.6,-59.9,-70.9,0,0
eth_bybit_perp,bigline_ad,LONG,2026-06-09 05:17:11,2026-06-09 05:28:53,0.2,1691.19,1687.62,-21.1,-32.1,0,0
eth_bybit_perp,bigline_ad,SHORT,2026-06-09 09:30:51,2026-06-09 10:52:27,1.36,1672.12,1672.41,-1.7,-12.7,0,0
eth_bybit_perp,bigline_ad,SHORT,2026-06-09 11:03:46,2026-06-09 12:02:46,0.98,1668.11,1673.02,-29.4,-40.4,0,0
eth_bybit_perp,bigline_ad,LONG,2026-06-09 12:14:56,2026-06-09 12:23:06,0.14,1680.13,1676.69,-20.5,-31.5,0,0
eth_bybit_perp,bigline_ad,SHORT,2026-06-09 13:01:50,2026-06-09 13:05:57,0.07,1674.1,1679.54,-32.5,-43.5,0,0
eth_bybit_perp,bigline_ad,SHORT,2026-06-09 13:33:43,2026-06-09 13:47:59,0.24,1669.83,1673.44,-21.6,-32.6,0,0
eth_bybit_perp,bigline_ad,LONG,2026-06-09 13:52:05,2026-06-09 13:54:25,0.04,1675.65,1671.68,-23.7,-34.7,0,0
eth_bybit_perp,bigline_ad,SHORT,2026-06-09 14:10:24,2026-06-09 14:51:50,0.69,1660.47,1638.99,129.4,118.4,0,0
eth_bybit_perp,bigline_ad,SHORT,2026-06-09 15:28:30,2026-06-09 16:58:21,1.5,1640.18,1631.5,52.9,41.9,0,0
eth_bybit_perp,bigline_ad,LONG,2026-06-09 22:12:26,2026-06-09 22:37:11,0.41,1649.44,1646.18,-19.8,-30.8,0,0
eth_bybit_perp,bigline_ad,SHORT,2026-06-10 00:33:04,2026-06-10 00:55:14,0.37,1635.46,1640.99,-33.8,-44.8,0,0
eth_bybit_perp,bigline_ad,LONG,2026-06-10 01:17:18,2026-06-10 01:22:24,0.09,1644.72,1640.61,-25.0,-36.0,0,0
eth_bybit_perp,bigline_ad,SHORT,2026-06-10 02:09:40,2026-06-10 02:56:41,0.78,1635.44,1623.36,73.9,62.9,1,0
eth_bybit_perp,bigline_ad,SHORT,2026-06-10 06:31:49,2026-06-10 06:39:05,0.12,1625.8,1632.33,-40.2,-51.2,0,0
eth_bybit_perp,bigline_ad,SHORT,2026-06-10 11:04:18,2026-06-10 11:42:07,0.63,1618.43,1619.6,-7.2,-18.2,1,0
eth_bybit_perp,bigline_ad,LONG,2026-06-10 12:33:18,2026-06-10 12:50:09,0.28,1639.92,1639.18,-4.5,-15.5,0,0
eth_bybit_perp,bigline_ad,LONG,2026-06-10 13:30:03,2026-06-10 16:25:14,2.92,1640.02,1645.32,32.3,21.3,2,0
eth_bybit_perp,bigline_ad,SHORT,2026-06-10 17:10:51,2026-06-10 18:04:50,0.9,1637.58,1634.45,19.1,8.1,0,0
eth_bybit_perp,bigline_ad,SHORT,2026-06-10 18:37:44,2026-06-10 18:37:46,0.0,1624.74,1625.25,-3.1,-14.1,0,0
eth_bybit_perp,bigline_ad,SHORT,2026-06-10 21:24:36,2026-06-10 21:32:27,0.13,1616.32,1622.4,-37.6,-48.6,0,0
eth_bybit_perp,bigline_ad,SHORT,2026-06-10 22:20:00,2026-06-10 22:23:55,0.07,1603.74,1609.25,-34.4,-45.4,0,0
eth_bybit_perp,bigline_ad,LONG,2026-06-10 23:19:48,2026-06-11 01:08:24,1.81,1616.74,1630.6,85.7,74.7,1,0
eth_bybit_perp,bigline_ad,LONG,2026-06-11 02:55:14,2026-06-11 05:00:49,2.09,1639.56,1652.6,79.5,68.5,2,0
eth_bybit_perp,bigline_ad,LONG,2026-06-11 07:22:07,2026-06-11 07:38:30,0.27,1657.6,1652.32,-31.9,-42.9,0,0
eth_bybit_perp,bigline_ad,LONG,2026-06-11 09:51:32,2026-06-11 10:05:26,0.23,1660.35,1657.21,-18.9,-29.9,0,0
eth_bybit_perp,bigline_ad,SHORT,2026-06-11 10:56:55,2026-06-11 11:11:37,0.24,1657.68,1659.99,-13.9,-24.9,1,0
eth_bybit_perp,bigline_ad,LONG,2026-06-11 11:24:20,2026-06-11 11:26:50,0.04,1662.06,1659.43,-15.8,-26.8,0,0
eth_bybit_perp,bigline_ad,LONG,2026-06-11 11:49:58,2026-06-11 12:07:03,0.28,1663.76,1661.32,-14.7,-25.7,0,0
eth_bybit_perp,bigline_ad,SHORT,2026-06-11 13:31:11,2026-06-11 13:36:20,0.09,1646.17,1651.58,-32.9,-43.9,0,0
eth_bybit_perp,bigline_ad,SHORT,2026-06-11 14:56:28,2026-06-11 16:12:55,1.27,1645.94,1647.69,-10.6,-21.6,1,0
eth_bybit_perp,bigline_ad,SHORT,2026-06-11 16:44:28,2026-06-11 17:28:49,0.74,1641.36,1641.46,-0.6,-11.6,1,0
eth_bybit_perp,bigline_ad,LONG,2026-06-11 17:48:19,2026-06-11 17:48:20,0.0,1681.06,1681.1,0.2,-10.8,0,0
eth_bybit_perp,bigline_ad,LONG,2026-06-11 19:33:51,2026-06-11 20:22:35,0.81,1690.31,1676.87,-79.5,-90.5,0,0
eth_bybit_perp,bigline_ad,SHORT,2026-06-11 21:55:45,2026-06-11 22:02:08,0.11,1675.99,1678.94,-17.6,-28.6,0,0
eth_bybit_perp,bigline_ad,SHORT,2026-06-11 22:46:22,2026-06-11 23:40:30,0.9,1674.54,1676.0,-8.7,-19.7,0,0
eth_bybit_perp,bigline_ad,SHORT,2026-06-11 23:50:08,2026-06-12 00:33:31,0.72,1674.0,1673.76,1.4,-9.6,2,0
eth_bybit_perp,bigline_ad,LONG,2026-06-12 02:38:07,2026-06-12 02:38:40,0.01,1675.55,1674.6,-5.7,-16.7,0,0
eth_bybit_perp,bigline_ad,SHORT,2026-06-12 04:06:59,2026-06-12 04:11:33,0.08,1668.98,1671.96,-17.9,-28.9,0,0
eth_bybit_perp,bigline_ad,SHORT,2026-06-12 08:42:07,2026-06-12 09:20:06,0.63,1670.09,1677.53,-44.5,-55.5,0,0
eth_bybit_perp,bigline_ad,LONG,2026-06-12 11:25:07,2026-06-12 12:00:13,0.58,1677.95,1671.69,-37.3,-48.3,0,0
eth_bybit_perp,bigline_ad,SHORT,2026-06-12 13:30:02,2026-06-12 14:00:58,0.52,1662.25,1665.98,-22.4,-33.4,0,0
eth_bybit_perp,bigline_ad,LONG,2026-06-12 14:25:24,2026-06-12 14:49:42,0.41,1668.06,1666.18,-11.3,-22.3,0,0
eth_bybit_perp,bigline_ad,LONG,2026-06-12 14:52:41,2026-06-12 15:10:05,0.29,1674.23,1683.23,53.8,42.8,1,0
eth_bybit_perp,bigline_ad,SHORT,2026-06-12 17:23:07,2026-06-12 18:11:56,0.81,1667.19,1670.35,-19.0,-30.0,0,0
eth_bybit_perp,bigline_ad,SHORT,2026-06-12 21:45:50,2026-06-12 22:21:34,0.6,1664.01,1665.33,-7.9,-18.9,0,0
eth_bybit_perp,bigline_ad,LONG,2026-06-13 00:33:36,2026-06-13 00:43:04,0.16,1668.36,1666.09,-13.6,-24.6,0,0
eth_bybit_perp,bigline_ad,LONG,2026-06-13 01:37:10,2026-06-13 02:43:06,1.1,1668.54,1668.03,-3.1,-14.1,0,0
eth_bybit_perp,bigline_ad,SHORT,2026-06-13 03:20:38,2026-06-13 04:18:26,0.96,1664.72,1664.21,3.1,-7.9,0,0
eth_bybit_perp,bigline_ad,SHORT,2026-06-13 04:56:23,2026-06-13 06:30:02,1.56,1664.43,1666.48,-12.3,-23.3,0,0
eth_bybit_perp,bigline_ad,LONG,2026-06-13 10:46:42,2026-06-13 10:53:37,0.12,1675.3,1673.4,-11.3,-22.3,0,0
eth_bybit_perp,bigline_ad,LONG,2026-06-13 13:26:01,2026-06-13 13:31:14,0.09,1680.38,1678.32,-12.3,-23.3,0,0
eth_bybit_perp,bigline_ad,LONG,2026-06-13 14:37:03,2026-06-13 14:58:01,0.35,1679.86,1678.01,-11.0,-22.0,0,0
eth_bybit_perp,bigline_ad,LONG,2026-06-13 15:25:32,2026-06-13 15:43:17,0.3,1682.11,1681.39,-4.3,-15.3,0,0
eth_bybit_perp,bigline_ad,SHORT,2026-06-13 16:01:03,2026-06-13 16:22:11,0.35,1679.68,1673.81,34.9,23.9,1,0
eth_bybit_perp,bigline_ad,LONG,2026-06-13 16:56:12,2026-06-13 17:11:59,0.26,1676.15,1673.33,-16.8,-27.8,0,0
eth_bybit_perp,bigline_ad,LONG,2026-06-13 19:40:36,2026-06-13 20:07:19,0.45,1678.55,1675.27,-19.5,-30.5,0,0
eth_bybit_perp,bigline_ad,LONG,2026-06-14 01:09:06,2026-06-14 02:47:42,1.64,1683.13,1680.67,-14.6,-25.6,0,0
eth_bybit_perp,bigline_ad,SHORT,2026-06-14 06:22:00,2026-06-14 06:51:33,0.49,1678.5,1676.09,14.4,3.4,1,0
eth_bybit_perp,bigline_ad,SHORT,2026-06-14 07:38:03,2026-06-14 07:56:05,0.3,1673.88,1675.58,-10.2,-21.2,0,0
eth_bybit_perp,bigline_ad,LONG,2026-06-14 10:22:12,2026-06-14 10:28:32,0.11,1677.15,1675.8,-8.0,-19.0,0,0
eth_bybit_perp,bigline_ad,SHORT,2026-06-14 11:56:23,2026-06-14 13:00:52,1.07,1674.0,1667.15,40.9,29.9,1,0
eth_bybit_perp,bigline_ad,SHORT,2026-06-14 14:03:45,2026-06-14 14:22:57,0.32,1664.24,1668.33,-24.6,-35.6,0,0
eth_bybit_perp,bigline_ad,SHORT,2026-06-14 16:48:39,2026-06-14 18:42:02,1.89,1663.53,1660.77,16.6,5.6,2,0
eth_bybit_perp,bigline_ad,LONG,2026-06-14 20:18:12,2026-06-14 21:59:55,1.7,1664.23,1717.88,322.4,311.4,2,0
eth_bybit_perp,bigline_ad,LONG,2026-06-15 00:07:45,2026-06-15 00:07:46,0.0,1728.73,1727.85,-5.1,-16.1,0,0
eth_bybit_perp,bigline_ad,SHORT,2026-06-15 01:58:08,2026-06-15 02:08:28,0.17,1715.32,1719.27,-23.0,-34.0,0,0
eth_bybit_perp,bigline_ad,LONG,2026-06-15 03:11:13,2026-06-15 04:37:07,1.43,1720.27,1716.19,-23.7,-34.7,0,0
eth_bybit_perp,bigline_ad,LONG,2026-06-15 06:25:02,2026-06-15 06:34:39,0.16,1721.85,1719.5,-13.6,-24.6,0,0
eth_bybit_perp,bigline_ad,SHORT,2026-06-15 07:00:18,2026-06-15 07:08:48,0.14,1718.89,1720.93,-11.9,-22.9,0,0
eth_bybit_perp,bigline_ad,SHORT,2026-06-15 08:21:00,2026-06-15 08:32:34,0.19,1717.2,1719.26,-12.0,-23.0,0,0
eth_bybit_perp,bigline_ad,LONG,2026-06-15 09:17:01,2026-06-15 09:30:26,0.22,1720.89,1720.6,-1.7,-12.7,0,0
eth_bybit_perp,bigline_ad,LONG,2026-06-15 11:17:53,2026-06-15 15:37:28,4.33,1742.86,1820.7,446.6,435.6,1,0
eth_bybit_perp,bigline_ad,LONG,2026-06-15 18:48:52,2026-06-15 18:52:12,0.06,1831.8,1828.7,-16.9,-27.9,0,0
eth_bybit_perp,bigline_ad,SHORT,2026-06-15 19:58:12,2026-06-16 01:47:35,5.82,1820.45,1795.61,136.4,125.4,2,0
eth_bybit_perp,bigline_ad,SHORT,2026-06-16 04:20:05,2026-06-16 06:36:13,2.27,1772.95,1768.15,27.1,16.1,0,0
eth_bybit_perp,bigline_ad,LONG,2026-06-16 08:28:18,2026-06-16 10:58:19,2.5,1783.24,1792.2,50.2,39.2,1,0
eth_bybit_perp,bigline_ad,LONG,2026-06-16 13:15:39,2026-06-16 14:16:36,1.02,1804.01,1788.33,-86.9,-97.9,0,0
eth_bybit_perp,bigline_ad,SHORT,2026-06-16 18:20:53,2026-06-16 19:30:47,1.17,1796.31,1798.95,-14.7,-25.7,1,0
eth_bybit_perp,bigline_ad,SHORT,2026-06-16 20:02:03,2026-06-16 21:09:38,1.13,1791.23,1798.65,-41.4,-52.4,0,0
eth_bybit_perp,bigline_ad,SHORT,2026-06-16 21:32:47,2026-06-16 22:45:12,1.21,1793.06,1791.05,11.2,0.2,2,0
eth_bybit_perp,bigline_ad,LONG,2026-06-16 23:27:21,2026-06-16 23:50:13,0.38,1793.99,1791.13,-15.9,-26.9,0,0
eth_bybit_perp,bigline_ad,SHORT,2026-06-17 00:15:12,2026-06-17 00:31:59,0.28,1792.95,1794.11,-6.5,-17.5,1,0
eth_bybit_perp,bigline_ad,LONG,2026-06-17 00:58:03,2026-06-17 01:00:56,0.05,1794.82,1791.9,-16.3,-27.3,0,0
eth_bybit_perp,bigline_ad,LONG,2026-06-17 01:09:08,2026-06-17 01:10:12,0.02,1795.8,1792.79,-16.8,-27.8,0,0
eth_bybit_perp,bigline_ad,SHORT,2026-06-17 01:32:12,2026-06-17 01:32:35,0.01,1781.47,1782.99,-8.5,-19.5,0,0
eth_bybit_perp,bigline_ad,LONG,2026-06-17 02:47:01,2026-06-17 03:15:39,0.48,1795.24,1789.48,-32.1,-43.1,0,0
eth_bybit_perp,bigline_ad,LONG,2026-06-17 05:38:44,2026-06-17 06:28:36,0.83,1794.52,1788.0,-36.3,-47.3,0,0
eth_bybit_perp,bigline_ad,SHORT,2026-06-17 06:40:16,2026-06-17 06:50:52,0.18,1788.3,1791.0,-15.1,-26.1,0,0
eth_bybit_perp,bigline_ad,SHORT,2026-06-17 07:01:21,2026-06-17 09:50:13,2.81,1787.67,1775.2,69.8,58.8,2,0
eth_bybit_perp,bigline_ad,SHORT,2026-06-17 10:55:50,2026-06-17 11:00:08,0.07,1768.6,1768.91,-1.8,-12.8,0,0
eth_bybit_perp,bigline_ad,SHORT,2026-06-17 11:17:53,2026-06-17 11:33:30,0.26,1759.67,1766.88,-41.0,-52.0,0,0
eth_bybit_perp,bigline_ad,LONG,2026-06-17 14:08:28,2026-06-17 14:25:16,0.28,1761.54,1754.11,-42.2,-53.2,0,0
eth_bybit_perp,bigline_ad,SHORT,2026-06-17 15:08:49,2026-06-17 15:14:41,0.1,1751.89,1758.21,-36.1,-47.1,0,0
eth_bybit_perp,bigline_ad,LONG,2026-06-17 17:33:33,2026-06-17 18:00:23,0.45,1779.46,1771.77,-43.2,-54.2,0,0
eth_bybit_perp,bigline_ad,SHORT,2026-06-17 18:56:58,2026-06-17 20:02:28,1.09,1772.89,1737.39,200.2,189.2,1,0
eth_bybit_perp,bigline_ad,SHORT,2026-06-17 22:02:48,2026-06-17 22:13:12,0.17,1731.62,1739.54,-45.7,-56.7,0,0
eth_bybit_perp,bigline_ad,LONG,2026-06-18 02:20:43,2026-06-18 03:02:06,0.69,1755.95,1752.85,-17.7,-28.7,0,0
eth_bybit_perp,bigline_ad,SHORT,2026-06-18 04:04:09,2026-06-18 04:46:17,0.7,1740.44,1729.83,61.0,50.0,1,0
eth_bybit_perp,bigline_ad,LONG,2026-06-18 10:52:11,2026-06-18 11:20:16,0.47,1744.41,1741.7,-15.5,-26.5,0,0
eth_bybit_perp,bigline_ad,SHORT,2026-06-18 11:48:04,2026-06-18 11:57:31,0.16,1740.0,1742.73,-15.7,-26.7,0,0
eth_bybit_perp,bigline_ad,LONG,2026-06-18 12:10:12,2026-06-18 12:52:28,0.7,1744.55,1746.66,12.1,1.1,0,0
eth_bybit_perp,bigline_ad,LONG,2026-06-18 12:57:28,2026-06-18 13:23:12,0.43,1749.76,1748.52,-7.1,-18.1,0,0
eth_bybit_perp,bigline_ad,SHORT,2026-06-18 13:39:03,2026-06-18 13:48:34,0.16,1734.68,1734.98,-1.7,-12.7,0,0
eth_bybit_perp,bigline_ad,LONG,2026-06-18 14:03:04,2026-06-18 14:05:40,0.04,1738.66,1732.56,-35.1,-46.1,0,0
eth_bybit_perp,bigline_ad,LONG,2026-06-18 14:33:04,2026-06-18 14:52:56,0.33,1737.37,1733.27,-23.6,-34.6,0,0
eth_bybit_perp,bigline_ad,SHORT,2026-06-18 15:02:15,2026-06-18 17:05:08,2.05,1734.06,1685.5,280.0,269.0,2,0
eth_bybit_perp,bigline_ad,SHORT,2026-06-18 21:11:14,2026-06-18 23:27:43,2.27,1704.65,1707.5,-16.7,-27.7,0,0
eth_bybit_perp,bigline_ad,LONG,2026-06-19 01:16:18,2026-06-19 01:28:41,0.21,1714.23,1709.28,-28.9,-39.9,0,0
eth_bybit_perp,bigline_ad,SHORT,2026-06-19 02:16:20,2026-06-19 03:51:01,1.58,1709.6,1697.3,71.9,60.9,2,0
eth_bybit_perp,bigline_ad,LONG,2026-06-19 07:25:46,2026-06-19 07:35:36,0.16,1697.28,1692.92,-25.7,-36.7,0,0
eth_bybit_perp,bigline_ad,SHORT,2026-06-19 08:42:25,2026-06-19 09:01:09,0.31,1693.66,1698.6,-29.2,-40.2,0,0
eth_bybit_perp,bigline_ad,SHORT,2026-06-19 09:28:09,2026-06-19 09:32:00,0.06,1689.83,1692.51,-15.9,-26.9,0,0
eth_bybit_perp,bigline_ad,SHORT,2026-06-19 10:16:07,2026-06-19 10:43:25,0.46,1688.65,1688.5,0.9,-10.1,1,0
eth_bybit_perp,bigline_ad,LONG,2026-06-19 11:19:45,2026-06-19 12:06:52,0.79,1691.09,1690.97,-0.7,-11.7,0,0
eth_bybit_perp,bigline_ad,SHORT,2026-06-19 12:44:58,2026-06-19 12:51:33,0.11,1685.57,1690.5,-29.2,-40.2,0,0
eth_bybit_perp,bigline_ad,LONG,2026-06-19 13:23:59,2026-06-19 14:07:53,0.73,1691.56,1697.65,36.0,25.0,0,0
eth_bybit_perp,bigline_ad,LONG,2026-06-19 14:27:01,2026-06-19 15:20:10,0.89,1703.7,1701.69,-11.8,-22.8,0,0
eth_bybit_perp,bigline_ad,SHORT,2026-06-19 17:26:03,2026-06-19 17:39:37,0.23,1695.72,1700.23,-26.6,-37.6,0,0
eth_bybit_perp,bigline_ad,LONG,2026-06-19 18:58:46,2026-06-19 19:11:07,0.21,1702.35,1698.58,-22.1,-33.1,0,0
eth_bybit_perp,bigline_ad,SHORT,2026-06-19 19:57:14,2026-06-19 20:46:45,0.83,1699.01,1703.86,-28.5,-39.5,0,0
eth_bybit_perp,bigline_ad,LONG,2026-06-19 22:17:03,2026-06-19 22:51:08,0.57,1702.41,1706.93,26.6,15.6,1,0
eth_bybit_perp,bigline_ad,LONG,2026-06-20 00:25:49,2026-06-20 00:48:11,0.37,1711.21,1708.74,-14.4,-25.4,0,0
eth_bybit_perp,bigline_ad,SHORT,2026-06-20 01:42:07,2026-06-20 03:03:15,1.35,1708.29,1705.43,16.7,5.7,1,0
eth_bybit_perp,bigline_ad,LONG,2026-06-20 05:06:45,2026-06-20 05:16:51,0.17,1715.29,1726.86,67.5,56.5,1,0
eth_bybit_perp,bigline_ad,SHORT,2026-06-20 07:07:18,2026-06-20 07:24:43,0.29,1722.09,1727.9,-33.7,-44.7,0,0
eth_bybit_perp,bigline_ad,SHORT,2026-06-20 09:17:19,2026-06-20 09:36:59,0.33,1723.87,1726.17,-13.3,-24.3,0,0
eth_bybit_perp,bigline_ad,LONG,2026-06-20 10:18:05,2026-06-20 10:20:45,0.04,1728.38,1727.1,-7.4,-18.4,0,0
eth_bybit_perp,bigline_ad,SHORT,2026-06-20 11:08:23,2026-06-20 11:47:17,0.65,1725.69,1728.27,-15.0,-26.0,0,0
eth_bybit_perp,bigline_ad,LONG,2026-06-20 12:07:45,2026-06-20 12:36:16,0.48,1728.68,1726.27,-13.9,-24.9,0,0
eth_bybit_perp,bigline_ad,SHORT,2026-06-20 13:13:37,2026-06-20 14:29:22,1.26,1723.77,1712.46,65.6,54.6,2,0
eth_bybit_perp,bigline_ad,LONG,2026-06-20 15:18:19,2026-06-20 15:34:27,0.27,1740.3,1740.67,2.1,-8.9,0,0
eth_bybit_perp,bigline_ad,SHORT,2026-06-20 19:28:00,2026-06-20 19:28:01,0.0,1724.7,1724.6,0.6,-10.4,0,0
eth_bybit_perp,bigline_ad,LONG,2026-06-20 21:41:58,2026-06-20 21:57:26,0.26,1734.63,1733.74,-5.1,-16.1,0,0
eth_bybit_perp,bigline_ad,LONG,2026-06-20 22:12:37,2026-06-20 22:36:14,0.39,1736.01,1742.65,38.2,27.2,1,0
eth_bybit_perp,bigline_ad,SHORT,2026-06-21 01:59:59,2026-06-21 03:19:00,1.32,1735.98,1736.84,-5.0,-16.0,0,0
eth_bybit_perp,bigline_ad,LONG,2026-06-21 03:33:51,2026-06-21 04:00:54,0.45,1737.76,1736.81,-5.5,-16.5,0,0
eth_bybit_perp,bigline_ad,SHORT,2026-06-21 05:46:00,2026-06-21 06:01:06,0.25,1732.44,1732.89,-2.6,-13.6,0,0
eth_bybit_perp,bigline_ad,SHORT,2026-06-21 09:18:05,2026-06-21 09:25:26,0.12,1725.33,1728.39,-17.7,-28.7,0,0
eth_bybit_perp,bigline_ad,LONG,2026-06-21 11:02:58,2026-06-21 11:05:39,0.04,1733.05,1729.27,-21.8,-32.8,0,0
eth_bybit_perp,bigline_ad,SHORT,2026-06-21 11:15:57,2026-06-21 12:06:10,0.84,1728.67,1725.47,18.5,7.5,1,0
eth_bybit_perp,bigline_ad,SHORT,2026-06-21 13:33:43,2026-06-21 14:59:50,1.44,1721.71,1727.75,-35.1,-46.1,0,0
eth_bybit_perp,bigline_ad,LONG,2026-06-21 16:43:07,2026-06-21 18:01:10,1.3,1724.37,1725.68,7.6,-3.4,1,0
eth_bybit_perp,bigline_ad,LONG,2026-06-21 18:46:52,2026-06-21 18:47:35,0.01,1735.44,1735.18,-1.5,-12.5,0,0
eth_bybit_perp,bigline_ad,SHORT,2026-06-21 21:18:22,2026-06-21 21:21:09,0.05,1700.28,1712.36,-71.0,-82.0,0,0
eth_bybit_perp,bigline_ad,LONG,2026-06-21 22:52:37,2026-06-21 23:15:42,0.38,1717.23,1710.38,-39.9,-50.9,0,0
eth_bybit_perp,bigline_ad,LONG,2026-06-22 00:58:05,2026-06-22 01:13:51,0.26,1727.77,1724.12,-21.1,-32.1,0,0
eth_bybit_perp,bigline_ad,LONG,2026-06-22 03:31:58,2026-06-22 06:30:48,2.98,1739.82,1733.45,-36.6,-47.6,2,0
eth_bybit_perp,bigline_ad,LONG,2026-06-22 08:09:42,2026-06-22 08:30:10,0.34,1748.36,1745.01,-19.2,-30.2,0,0
eth_bybit_perp,bigline_ad,LONG,2026-06-22 11:05:07,2026-06-22 11:17:25,0.2,1749.83,1750.01,1.0,-10.0,1,0
eth_bybit_perp,bigline_ad,LONG,2026-06-22 13:30:48,2026-06-22 13:30:49,0.0,1768.6,1768.37,-1.3,-12.3,0,0
eth_bybit_perp,bigline_ad,LONG,2026-06-22 13:59:54,2026-06-22 13:59:55,0.0,1776.97,1776.69,-1.6,-12.6,0,0
eth_bybit_perp,bigline_ad,SHORT,2026-06-22 15:49:02,2026-06-22 15:49:03,0.0,1749.61,1749.58,0.2,-10.8,0,0
eth_bybit_perp,bigline_ad,SHORT,2026-06-22 18:29:12,2026-06-22 19:38:05,1.15,1740.07,1734.01,34.8,23.8,1,0
eth_bybit_perp,bigline_ad,LONG,2026-06-22 20:40:45,2026-06-22 20:52:51,0.2,1735.55,1730.97,-26.4,-37.4,0,0
eth_bybit_perp,bigline_ad,SHORT,2026-06-22 22:20:41,2026-06-22 22:48:06,0.46,1730.3,1721.2,52.6,41.6,1,0
eth_bybit_perp,bigline_ad,LONG,2026-06-23 00:31:22,2026-06-23 01:50:06,1.31,1724.91,1721.11,-22.0,-33.0,0,0
eth_bybit_perp,bigline_ad,LONG,2026-06-23 01:53:07,2026-06-23 02:31:03,0.63,1725.0,1729.52,26.2,15.2,1,0
eth_bybit_perp,bigline_ad,SHORT,2026-06-23 03:38:09,2026-06-23 03:42:23,0.07,1726.25,1726.21,0.2,-10.8,0,0
eth_bybit_perp,bigline_ad,SHORT,2026-06-23 07:59:16,2026-06-23 11:16:04,3.28,1682.49,1655.99,157.5,146.5,0,0
eth_bybit_perp,bigline_ad,SHORT,2026-06-23 12:25:15,2026-06-23 12:30:10,0.08,1656.32,1658.66,-14.1,-25.1,0,0
eth_bybit_perp,bigline_ad,LONG,2026-06-23 13:35:41,2026-06-23 13:36:04,0.01,1659.45,1656.31,-18.9,-29.9,0,0
eth_bybit_perp,bigline_ad,LONG,2026-06-23 13:51:54,2026-06-23 13:55:16,0.06,1661.57,1658.98,-15.6,-26.6,0,0
eth_bybit_perp,bigline_ad,LONG,2026-06-23 14:00:17,2026-06-23 14:25:06,0.41,1662.78,1658.87,-23.5,-34.5,1,0
eth_bybit_perp,bigline_ad,SHORT,2026-06-23 15:42:04,2026-06-23 15:57:31,0.26,1653.19,1657.16,-24.0,-35.0,0,0
eth_bybit_perp,bigline_ad,LONG,2026-06-23 17:28:07,2026-06-23 17:52:09,0.4,1662.64,1657.12,-33.2,-44.2,1,0
eth_bybit_perp,bigline_ad,SHORT,2026-06-23 18:07:57,2026-06-23 18:22:29,0.24,1654.13,1658.32,-25.3,-36.3,0,0
eth_bybit_perp,bigline_ad,LONG,2026-06-23 21:04:23,2026-06-23 21:54:04,0.83,1665.53,1665.54,0.1,-10.9,0,0
eth_bybit_perp,bigline_ad,SHORT,2026-06-24 00:05:05,2026-06-24 00:07:14,0.04,1665.86,1669.7,-23.1,-34.1,0,0
eth_bybit_perp,bigline_ad,LONG,2026-06-24 00:19:18,2026-06-24 00:20:14,0.02,1671.43,1668.98,-14.7,-25.7,0,0
eth_bybit_perp,bigline_ad,LONG,2026-06-24 00:48:54,2026-06-24 01:01:04,0.2,1671.71,1668.79,-17.5,-28.5,0,0
eth_bybit_perp,bigline_ad,SHORT,2026-06-24 01:16:21,2026-06-24 01:30:20,0.23,1668.15,1671.84,-22.1,-33.1,0,0
eth_bybit_perp,bigline_ad,SHORT,2026-06-24 02:54:47,2026-06-24 03:28:16,0.56,1663.38,1662.53,5.1,-5.9,0,0
eth_bybit_perp,bigline_ad,LONG,2026-06-24 04:32:43,2026-06-24 06:44:28,2.2,1663.08,1673.57,63.1,52.1,1,0
eth_bybit_perp,bigline_ad,SHORT,2026-06-24 09:00:45,2026-06-24 09:47:17,0.78,1671.27,1666.94,25.9,14.9,1,0
eth_bybit_perp,bigline_ad,SHORT,2026-06-24 10:02:01,2026-06-24 10:22:24,0.34,1664.43,1666.66,-13.4,-24.4,0,0
eth_bybit_perp,bigline_ad,SHORT,2026-06-24 10:51:02,2026-06-24 11:41:46,0.85,1663.19,1667.4,-25.3,-36.3,0,0
eth_bybit_perp,bigline_ad,SHORT,2026-06-24 13:41:12,2026-06-24 14:07:48,0.44,1650.76,1649.53,7.5,-3.5,1,0
eth_bybit_perp,bigline_ad,SHORT,2026-06-24 15:33:22,2026-06-24 19:58:40,4.42,1635.62,1584.0,315.6,304.6,1,0
eth_bybit_perp,bigline_ad,SHORT,2026-06-25 00:10:24,2026-06-25 01:50:01,1.66,1621.64,1620.91,4.5,-6.5,1,0
eth_bybit_perp,bigline_ad,LONG,2026-06-25 01:50:10,2026-06-25 02:01:48,0.19,1621.99,1618.33,-22.6,-33.6,0,0
eth_bybit_perp,bigline_ad,SHORT,2026-06-25 02:25:29,2026-06-25 02:29:02,0.06,1616.25,1619.34,-19.1,-30.1,0,0
eth_bybit_perp,bigline_ad,LONG,2026-06-25 03:16:46,2026-06-25 03:40:08,0.39,1618.49,1615.54,-18.2,-29.2,0,0
eth_bybit_perp,bigline_ad,LONG,2026-06-25 05:05:42,2026-06-25 05:15:50,0.17,1643.16,1641.95,-7.4,-18.4,0,0
eth_bybit_perp,bigline_ad,SHORT,2026-06-25 11:22:35,2026-06-25 12:30:15,1.13,1630.09,1633.89,-23.3,-34.3,0,0
eth_bybit_perp,bigline_ad,SHORT,2026-06-25 14:16:20,2026-06-25 14:21:20,0.08,1555.04,1569.5,-93.0,-104.0,0,0
eth_bybit_perp,bigline_ad,SHORT,2026-06-25 16:30:37,2026-06-25 20:57:10,4.44,1567.79,1558.67,58.2,47.2,4,0
eth_bybit_perp,bigline_ad,LONG,2026-06-25 23:16:57,2026-06-25 23:42:47,0.43,1572.93,1573.21,1.8,-9.2,0,0
eth_bybit_perp,bigline_ad,SHORT,2026-06-26 00:54:40,2026-06-26 00:54:41,0.0,1563.52,1563.2,2.0,-9.0,0,0
eth_bybit_perp,bigline_ad,SHORT,2026-06-26 01:23:24,2026-06-26 03:10:08,1.78,1559.7,1527.61,205.7,194.7,2,0
eth_bybit_perp,bigline_ad,LONG,2026-06-26 06:22:21,2026-06-26 08:34:18,2.2,1557.7,1566.36,55.6,44.6,0,0
eth_bybit_perp,bigline_ad,LONG,2026-06-26 11:06:56,2026-06-26 11:50:56,0.73,1554.21,1541.01,-84.9,-95.9,0,0
eth_bybit_perp,bigline_ad,SHORT,2026-06-26 13:05:09,2026-06-26 13:05:10,0.0,1533.15,1532.4,4.9,-6.1,0,0
eth_bybit_perp,bigline_ad,LONG,2026-06-26 14:26:06,2026-06-26 14:26:07,0.0,1571.62,1571.76,0.9,-10.1,0,0
eth_bybit_perp,bigline_ad,SHORT,2026-06-26 14:55:46,2026-06-26 15:09:27,0.23,1555.76,1566.75,-70.6,-81.6,0,0
eth_bybit_perp,bigline_ad,LONG,2026-06-26 17:28:22,2026-06-26 17:31:55,0.06,1588.0,1584.69,-20.8,-31.8,0,0
eth_bybit_perp,bigline_ad,SHORT,2026-06-26 19:23:30,2026-06-26 20:00:17,0.61,1577.36,1582.49,-32.5,-43.5,0,0
eth_bybit_perp,bigline_ad,SHORT,2026-06-26 22:00:01,2026-06-26 22:40:20,0.67,1573.6,1574.3,-4.4,-15.4,1,0
eth_bybit_perp,bigline_ad,LONG,2026-06-26 23:42:25,2026-06-27 00:31:07,0.81,1577.6,1575.65,-12.4,-23.4,0,0
eth_bybit_perp,bigline_ad,SHORT,2026-06-27 01:03:47,2026-06-27 01:19:26,0.26,1573.44,1575.25,-11.5,-22.5,0,0
eth_bybit_perp,bigline_ad,LONG,2026-06-27 02:05:50,2026-06-27 02:30:00,0.4,1576.55,1583.46,43.8,32.8,1,0
eth_bybit_perp,bigline_ad,LONG,2026-06-27 02:52:00,2026-06-27 02:59:52,0.13,1584.85,1582.36,-15.7,-26.7,0,0
eth_bybit_perp,bigline_ad,SHORT,2026-06-27 03:40:54,2026-06-27 04:05:29,0.41,1579.71,1582.96,-20.6,-31.6,0,0
eth_bybit_perp,bigline_ad,SHORT,2026-06-27 06:02:11,2026-06-27 06:27:29,0.42,1576.86,1578.73,-11.9,-22.9,0,0
eth_bybit_perp,bigline_ad,LONG,2026-06-27 06:40:17,2026-06-27 06:52:24,0.2,1582.02,1580.69,-8.4,-19.4,0,0
eth_bybit_perp,bigline_ad,LONG,2026-06-27 07:23:40,2026-06-27 08:36:55,1.22,1582.72,1581.44,-8.1,-19.1,0,0
eth_bybit_perp,bigline_ad,LONG,2026-06-27 08:52:25,2026-06-27 09:11:44,0.32,1584.0,1580.48,-22.2,-33.2,0,0
eth_bybit_perp,bigline_ad,SHORT,2026-06-27 10:31:23,2026-06-27 10:49:07,0.3,1581.43,1584.05,-16.6,-27.6,0,0
eth_bybit_perp,bigline_ad,SHORT,2026-06-27 12:11:01,2026-06-27 12:31:21,0.34,1581.66,1584.17,-15.9,-26.9,0,0
eth_bybit_perp,bigline_ad,LONG,2026-06-27 13:20:33,2026-06-27 13:24:00,0.06,1586.6,1585.78,-5.2,-16.2,0,0
eth_bybit_perp,bigline_ad,LONG,2026-06-27 13:37:34,2026-06-27 14:36:50,0.99,1587.48,1591.14,23.1,12.1,1,0
eth_bybit_perp,bigline_ad,LONG,2026-06-27 15:06:48,2026-06-27 15:52:35,0.76,1596.48,1603.39,43.3,32.3,1,0
eth_bybit_perp,bigline_ad,SHORT,2026-06-27 17:31:56,2026-06-27 17:38:02,0.1,1590.1,1595.09,-31.4,-42.4,0,0
eth_bybit_perp,bigline_ad,SHORT,2026-06-27 19:22:01,2026-06-27 23:02:08,3.67,1588.84,1579.05,61.6,50.6,1,0
eth_bybit_perp,bigline_ad,SHORT,2026-06-27 23:14:33,2026-06-28 01:35:44,2.35,1572.51,1575.82,-21.0,-32.0,1,0
eth_bybit_perp,bigline_ad,SHORT,2026-06-28 03:35:06,2026-06-28 03:57:44,0.38,1572.64,1574.09,-9.2,-20.2,0,0
eth_bybit_perp,bigline_ad,SHORT,2026-06-28 05:24:26,2026-06-28 05:48:27,0.4,1569.01,1568.29,4.6,-6.4,0,0
eth_bybit_perp,bigline_ad,SHORT,2026-06-28 06:11:14,2026-06-28 06:51:22,0.67,1566.0,1568.01,-12.8,-23.8,0,0
eth_bybit_perp,bigline_ad,LONG,2026-06-28 08:36:36,2026-06-28 09:48:02,1.19,1577.03,1581.32,27.2,16.2,0,0
eth_bybit_perp,bigline_ad,SHORT,2026-06-28 11:08:08,2026-06-28 11:22:47,0.24,1576.56,1581.59,-31.9,-42.9,0,0
eth_bybit_perp,bigline_ad,LONG,2026-06-28 11:45:26,2026-06-28 12:03:09,0.3,1581.72,1580.96,-4.8,-15.8,0,0
eth_bybit_perp,bigline_ad,LONG,2026-06-28 12:52:44,2026-06-28 13:01:34,0.15,1582.24,1578.39,-24.3,-35.3,0,0
eth_bybit_perp,bigline_ad,SHORT,2026-06-28 13:40:12,2026-06-28 14:19:30,0.66,1577.5,1582.21,-29.9,-40.9,1,0
eth_bybit_perp,bigline_ad,LONG,2026-06-28 14:33:33,2026-06-28 14:52:47,0.32,1583.28,1582.23,-6.6,-17.6,0,0
eth_bybit_perp,bigline_ad,SHORT,2026-06-28 15:08:40,2026-06-28 15:18:16,0.16,1580.51,1584.31,-24.0,-35.0,1,0
eth_bybit_perp,bigline_ad,LONG,2026-06-28 15:35:09,2026-06-28 15:35:56,0.01,1584.13,1581.73,-15.2,-26.2,0,0
eth_bybit_perp,bigline_ad,SHORT,2026-06-28 15:53:45,2026-06-28 16:57:46,1.07,1578.5,1571.99,41.2,30.2,2,0
eth_bybit_perp,bigline_ad,SHORT,2026-06-28 18:29:32,2026-06-28 19:31:59,1.04,1568.63,1572.64,-25.6,-36.6,0,0
eth_bybit_perp,bigline_ad,LONG,2026-06-28 21:36:51,2026-06-28 21:38:28,0.03,1572.7,1570.3,-15.3,-26.3,0,0
eth_bybit_perp,bigline_ad,LONG,2026-06-28 22:22:26,2026-06-28 22:50:14,0.46,1565.61,1559.08,-41.7,-52.7,0,0
eth_bybit_perp,bigline_ad,LONG,2026-06-29 00:12:43,2026-06-29 00:20:30,0.13,1570.59,1563.2,-47.1,-58.1,0,0
eth_bybit_perp,bigline_ad,LONG,2026-06-29 01:37:02,2026-06-29 02:08:32,0.53,1567.7,1562.4,-33.8,-44.8,0,0
eth_bybit_perp,bigline_ad,LONG,2026-06-29 05:17:23,2026-06-29 08:27:31,3.17,1570.86,1572.49,10.4,-0.6,0,0
eth_bybit_perp,bigline_ad,LONG,2026-06-29 09:15:32,2026-06-29 09:26:04,0.18,1574.79,1570.68,-26.1,-37.1,0,0
eth_bybit_perp,bigline_ad,SHORT,2026-06-29 11:31:57,2026-06-29 12:02:48,0.51,1577.4,1577.56,-1.0,-12.0,1,0
eth_bybit_perp,bigline_ad,LONG,2026-06-29 12:12:13,2026-06-29 12:16:50,0.08,1589.81,1594.26,28.0,17.0,0,0
eth_bybit_perp,bigline_ad,SHORT,2026-06-29 12:51:41,2026-06-29 12:55:31,0.06,1570.97,1575.76,-30.5,-41.5,0,0
eth_bybit_perp,bigline_ad,SHORT,2026-06-29 13:35:51,2026-06-29 14:00:00,0.4,1575.85,1572.21,23.1,12.1,1,0
eth_bybit_perp,bigline_ad,LONG,2026-06-29 14:54:10,2026-06-29 15:04:53,0.18,1573.54,1565.2,-53.0,-64.0,0,0
eth_bybit_perp,bigline_ad,LONG,2026-06-29 16:41:50,2026-06-29 21:04:25,4.38,1580.84,1615.56,219.6,208.6,0,0
eth_bybit_perp,bigline_ad,LONG,2026-06-29 21:13:01,2026-06-29 22:01:48,0.81,1619.67,1618.58,-6.7,-17.7,0,0
eth_bybit_perp,bigline_ad,SHORT,2026-06-30 00:19:29,2026-06-30 02:23:25,2.07,1608.7,1590.35,114.1,103.1,1,0
eth_bybit_perp,bigline_ad,SHORT,2026-06-30 03:34:07,2026-06-30 05:37:01,2.05,1588.05,1586.42,10.3,-0.7,1,0
eth_bybit_perp,bigline_ad,LONG,2026-06-30 07:35:42,2026-06-30 07:52:12,0.28,1593.42,1590.58,-17.8,-28.8,0,0
eth_bybit_perp,bigline_ad,SHORT,2026-06-30 08:32:11,2026-06-30 09:40:40,1.14,1586.8,1583.96,17.9,6.9,1,0
eth_bybit_perp,bigline_ad,SHORT,2026-06-30 11:54:06,2026-06-30 13:51:15,1.95,1578.0,1566.0,76.0,65.0,1,0
eth_bybit_perp,bigline_ad,LONG,2026-06-30 14:44:42,2026-06-30 14:50:55,0.1,1571.83,1563.28,-54.4,-65.4,0,0
eth_bybit_perp,bigline_ad,LONG,2026-06-30 16:07:01,2026-06-30 16:15:10,0.14,1571.0,1564.12,-43.8,-54.8,0,0
eth_bybit_perp,bigline_ad,LONG,2026-06-30 18:13:24,2026-06-30 19:24:39,1.19,1573.12,1575.14,12.8,1.8,1,0
eth_bybit_perp,bigline_ad,SHORT,2026-06-30 20:51:18,2026-06-30 21:53:37,1.04,1574.16,1570.58,22.7,11.7,0,0
eth_bybit_perp,bigline_ad,SHORT,2026-06-30 22:10:38,2026-06-30 22:19:49,0.15,1570.92,1574.18,-20.8,-31.8,0,0
eth_bybit_perp,bigline_ad,LONG,2026-07-01 00:30:38,2026-07-01 00:46:10,0.26,1568.75,1572.71,25.2,14.2,1,0
eth_bybit_perp,bigline_ad,SHORT,2026-07-01 01:16:18,2026-07-01 01:20:39,0.07,1562.07,1567.39,-34.1,-45.1,0,0
eth_bybit_perp,bigline_ad,LONG,2026-07-01 02:21:39,2026-07-01 02:47:07,0.42,1582.33,1584.11,11.2,0.2,0,0
eth_bybit_perp,bigline_ad,SHORT,2026-07-01 08:21:59,2026-07-01 08:45:02,0.38,1572.25,1575.26,-19.1,-30.1,0,0
eth_bybit_perp,bigline_ad,LONG,2026-07-01 11:08:05,2026-07-01 11:54:40,0.78,1574.29,1570.0,-27.3,-38.3,0,0
eth_bybit_perp,bigline_ad,SHORT,2026-07-01 12:04:05,2026-07-01 12:27:04,0.38,1567.38,1570.71,-21.2,-32.2,0,0
eth_bybit_perp,bigline_ad,SHORT,2026-07-01 12:34:50,2026-07-01 13:00:34,0.43,1566.58,1571.63,-32.2,-43.2,0,0
eth_bybit_perp,bigline_ad,LONG,2026-07-01 13:17:25,2026-07-01 13:19:19,0.03,1574.44,1572.08,-15.0,-26.0,0,0
eth_bybit_perp,bigline_ad,SHORT,2026-07-01 13:33:03,2026-07-01 13:37:03,0.07,1573.32,1577.83,-28.7,-39.7,0,0
eth_bybit_perp,bigline_ad,LONG,2026-07-01 13:40:28,2026-07-01 13:43:10,0.04,1580.75,1579.18,-9.9,-20.9,0,0
eth_bybit_perp,bigline_ad,LONG,2026-07-01 15:02:31,2026-07-01 16:52:47,1.84,1603.51,1614.62,69.3,58.3,0,0
eth_bybit_perp,bigline_ad,LONG,2026-07-01 17:26:06,2026-07-01 18:31:12,1.08,1622.11,1614.2,-48.8,-59.8,0,0
eth_bybit_perp,bigline_ad,SHORT,2026-07-01 20:15:29,2026-07-01 20:31:49,0.27,1611.83,1616.29,-27.7,-38.7,0,0
eth_bybit_perp,bigline_ad,LONG,2026-07-01 22:21:18,2026-07-01 22:27:49,0.11,1635.51,1630.61,-30.0,-41.0,0,0
eth_bybit_perp,bigline_ad,SHORT,2026-07-02 04:32:13,2026-07-02 08:32:20,4.0,1630.3,1620.23,61.8,50.8,1,0
eth_bybit_perp,bigline_ad,SHORT,2026-07-02 09:07:06,2026-07-02 09:21:36,0.24,1620.16,1625.51,-33.0,-44.0,0,0
eth_bybit_perp,bigline_ad,LONG,2026-07-02 10:16:12,2026-07-02 10:16:13,0.0,1646.8,1646.8,0.0,-11.0,0,0
eth_bybit_perp,bigline_ad,LONG,2026-07-02 12:14:05,2026-07-02 17:37:03,5.38,1653.44,1694.46,248.1,237.1,2,0
eth_bybit_perp,bigline_ad,LONG,2026-07-02 19:29:27,2026-07-02 20:25:13,0.93,1698.84,1696.91,-11.4,-22.4,1,0
eth_bybit_perp,bigline_ad,LONG,2026-07-02 21:51:45,2026-07-02 22:05:59,0.24,1699.38,1695.77,-21.2,-32.2,0,0
eth_bybit_perp,bigline_ad,LONG,2026-07-02 23:47:06,2026-07-02 23:59:59,0.21,1698.95,1699.82,5.1,-5.9,0,1
btc_bybit_perp,bigline_ad,SHORT,2026-06-03 00:09:11,2026-06-03 00:09:54,0.01,66674.1,66784.3,-16.5,-27.5,0,0
btc_bybit_perp,bigline_ad,LONG,2026-06-03 00:15:20,2026-06-03 00:15:30,0.0,66871.2,66866.8,-0.7,-11.7,0,0
btc_bybit_perp,bigline_ad,LONG,2026-06-03 00:45:30,2026-06-03 00:45:34,0.0,67118.1,67045.1,-10.9,-21.9,0,0
btc_bybit_perp,bigline_ad,SHORT,2026-06-03 01:10:18,2026-06-03 01:14:27,0.07,66750.3,66816.8,-10.0,-21.0,0,0
btc_bybit_perp,bigline_ad,SHORT,2026-06-03 02:00:18,2026-06-03 04:04:20,2.07,66799.8,66367.0,64.8,53.8,3,0
btc_bybit_perp,bigline_ad,LONG,2026-06-03 05:51:12,2026-06-03 06:11:03,0.33,67200.0,67144.2,-8.3,-19.3,0,0
btc_bybit_perp,bigline_ad,LONG,2026-06-03 07:52:27,2026-06-03 09:02:44,1.17,67278.6,66944.8,-49.6,-60.6,0,0
btc_bybit_perp,bigline_ad,LONG,2026-06-03 10:06:11,2026-06-03 10:11:03,0.08,67252.8,67346.1,13.9,2.9,0,0
btc_bybit_perp,bigline_ad,LONG,2026-06-03 10:39:25,2026-06-03 10:41:29,0.03,67394.9,67250.4,-21.4,-32.4,0,0
btc_bybit_perp,bigline_ad,SHORT,2026-06-03 12:38:52,2026-06-03 13:00:47,0.37,66909.6,67110.0,-30.0,-41.0,0,0
btc_bybit_perp,bigline_ad,LONG,2026-06-03 13:17:09,2026-06-03 13:25:01,0.13,67163.7,67002.0,-24.1,-35.1,0,0
btc_bybit_perp,bigline_ad,SHORT,2026-06-03 13:35:33,2026-06-03 14:11:01,0.59,66942.2,66889.6,7.9,-3.1,1,0
btc_bybit_perp,bigline_ad,LONG,2026-06-03 14:51:54,2026-06-03 15:02:27,0.18,66892.8,66746.3,-21.9,-32.9,0,0
btc_bybit_perp,bigline_ad,SHORT,2026-06-03 15:33:51,2026-06-03 16:56:06,1.37,66390.5,66002.8,58.4,47.4,1,0
btc_bybit_perp,bigline_ad,SHORT,2026-06-03 17:14:50,2026-06-03 17:33:14,0.31,65677.2,66037.6,-54.9,-65.9,0,0
btc_bybit_perp,bigline_ad,LONG,2026-06-03 18:42:10,2026-06-03 19:22:25,0.67,66073.3,65696.7,-57.0,-68.0,0,0
btc_bybit_perp,bigline_ad,SHORT,2026-06-03 19:50:46,2026-06-03 20:25:20,0.58,65601.4,65518.3,12.7,1.7,1,0
btc_bybit_perp,bigline_ad,LONG,2026-06-03 21:48:19,2026-06-03 22:04:51,0.28,65623.1,65483.3,-21.3,-32.3,0,0
btc_bybit_perp,bigline_ad,SHORT,2026-06-04 05:05:48,2026-06-04 08:55:41,3.83,63947.0,63638.0,48.3,37.3,3,0
btc_bybit_perp,bigline_ad,SHORT,2026-06-04 09:03:15,2026-06-04 11:30:32,2.45,63399.6,62649.3,118.3,107.3,1,0
btc_bybit_perp,bigline_ad,SHORT,2026-06-04 11:36:56,2026-06-04 12:15:53,0.65,62320.5,62638.9,-51.1,-62.1,0,0
btc_bybit_perp,bigline_ad,LONG,2026-06-04 13:31:05,2026-06-04 14:04:12,0.55,63504.0,64072.9,89.6,78.6,1,0
btc_bybit_perp,bigline_ad,LONG,2026-06-04 15:09:01,2026-06-04 15:41:52,0.55,64344.6,63778.5,-88.0,-99.0,0,0
btc_bybit_perp,bigline_ad,SHORT,2026-06-04 16:55:40,2026-06-04 18:24:17,1.48,63535.2,63541.1,-0.9,-11.9,1,0
btc_bybit_perp,bigline_ad,LONG,2026-06-04 19:15:54,2026-06-04 19:38:01,0.37,63913.2,63763.9,-23.4,-34.4,0,0
btc_bybit_perp,bigline_ad,SHORT,2026-06-04 20:26:29,2026-06-04 20:30:02,0.06,63205.7,63331.1,-19.8,-30.8,0,0
btc_bybit_perp,bigline_ad,SHORT,2026-06-04 21:55:50,2026-06-04 22:02:14,0.11,63234.9,63401.3,-26.3,-37.3,0,0
btc_bybit_perp,bigline_ad,LONG,2026-06-04 23:31:50,2026-06-05 00:35:47,1.07,63549.9,63768.1,34.3,23.3,2,0
btc_bybit_perp,bigline_ad,SHORT,2026-06-05 01:22:24,2026-06-05 01:28:25,0.1,63150.0,63303.4,-24.3,-35.3,0,0
btc_bybit_perp,bigline_ad,SHORT,2026-06-05 02:43:25,2026-06-05 03:17:58,0.58,62570.9,62653.2,-13.2,-24.2,0,0
btc_bybit_perp,bigline_ad,LONG,2026-06-05 04:52:48,2026-06-05 05:41:16,0.81,63135.1,63013.6,-19.2,-30.2,0,0
btc_bybit_perp,bigline_ad,SHORT,2026-06-05 05:56:22,2026-06-05 06:44:14,0.8,62597.3,61963.2,101.3,90.3,1,0
btc_bybit_perp,bigline_ad,SHORT,2026-06-05 07:06:13,2026-06-05 07:23:36,0.29,61520.5,61833.7,-50.9,-61.9,0,0
btc_bybit_perp,bigline_ad,LONG,2026-06-05 09:13:20,2026-06-05 10:05:05,0.86,62848.5,62760.0,-14.1,-25.1,0,0
btc_bybit_perp,bigline_ad,SHORT,2026-06-05 11:26:25,2026-06-05 12:24:16,0.96,62304.8,62418.0,-18.2,-29.2,0,0
btc_bybit_perp,bigline_ad,SHORT,2026-06-05 12:31:00,2026-06-05 13:34:35,1.06,62020.2,62307.2,-46.3,-57.3,1,0
btc_bybit_perp,bigline_ad,SHORT,2026-06-05 14:23:30,2026-06-05 14:34:01,0.18,60617.5,60529.3,14.6,3.6,0,0
btc_bybit_perp,bigline_ad,SHORT,2026-06-05 15:12:00,2026-06-05 16:21:19,1.16,60547.2,61147.5,-99.1,-110.1,1,0
btc_bybit_perp,bigline_ad,LONG,2026-06-05 16:51:32,2026-06-05 16:51:33,0.0,61313.6,61307.2,-1.0,-12.0,0,0
btc_bybit_perp,bigline_ad,LONG,2026-06-05 22:54:45,2026-06-05 22:57:53,0.05,61919.2,61720.0,-32.2,-43.2,0,0
btc_bybit_perp,bigline_ad,SHORT,2026-06-06 00:24:54,2026-06-06 00:55:44,0.51,61116.1,61355.8,-39.2,-50.2,0,0
btc_bybit_perp,bigline_ad,SHORT,2026-06-06 04:05:12,2026-06-06 05:10:28,1.09,60573.7,60144.9,70.8,59.8,1,0
btc_bybit_perp,bigline_ad,LONG,2026-06-06 07:15:10,2026-06-06 07:21:42,0.11,61118.1,60888.4,-37.6,-48.6,0,0
btc_bybit_perp,bigline_ad,LONG,2026-06-06 09:29:38,2026-06-06 09:41:39,0.2,61297.7,61081.3,-35.3,-46.3,0,0
btc_bybit_perp,bigline_ad,SHORT,2026-06-06 12:27:38,2026-06-06 12:52:20,0.41,60748.2,61084.8,-55.4,-66.4,0,0
btc_bybit_perp,bigline_ad,LONG,2026-06-06 13:45:02,2026-06-06 14:25:29,0.67,60917.5,60799.7,-19.3,-30.3,1,0
btc_bybit_perp,bigline_ad,SHORT,2026-06-06 15:12:11,2026-06-06 15:26:12,0.23,60531.5,60634.9,-17.1,-28.1,0,0
btc_bybit_perp,bigline_ad,LONG,2026-06-06 16:04:35,2026-06-06 16:10:30,0.1,60869.5,60712.2,-25.8,-36.8,0,0
btc_bybit_perp,bigline_ad,SHORT,2026-06-06 17:07:25,2026-06-06 17:33:38,0.44,60661.8,60736.6,-12.3,-23.3,0,0
btc_bybit_perp,bigline_ad,SHORT,2026-06-06 18:30:58,2026-06-06 19:09:02,0.63,60554.0,60703.2,-24.6,-35.6,0,0
btc_bybit_perp,bigline_ad,LONG,2026-06-06 19:47:05,2026-06-06 20:02:11,0.25,60648.4,60487.3,-26.6,-37.6,0,0
btc_bybit_perp,bigline_ad,LONG,2026-06-06 22:17:52,2026-06-06 22:24:10,0.1,60697.9,60530.1,-27.6,-38.6,0,0
btc_bybit_perp,bigline_ad,SHORT,2026-06-06 22:57:19,2026-06-06 23:09:39,0.21,60540.6,60687.9,-24.3,-35.3,0,0
btc_bybit_perp,bigline_ad,LONG,2026-06-06 23:34:02,2026-06-07 00:44:56,1.18,60697.8,60762.6,10.7,-0.3,1,0
btc_bybit_perp,bigline_ad,LONG,2026-06-07 02:48:00,2026-06-07 04:01:34,1.23,61434.7,61580.2,23.7,12.7,0,0
btc_bybit_perp,bigline_ad,LONG,2026-06-07 04:41:03,2026-06-07 06:02:16,1.35,61702.0,61624.8,-12.5,-23.5,0,0
btc_bybit_perp,bigline_ad,LONG,2026-06-07 06:22:42,2026-06-07 07:18:08,0.92,61820.7,62038.9,35.3,24.3,1,0
btc_bybit_perp,bigline_ad,LONG,2026-06-07 07:31:52,2026-06-07 09:33:14,2.02,62233.2,62520.7,46.2,35.2,1,0
btc_bybit_perp,bigline_ad,SHORT,2026-06-07 11:55:42,2026-06-07 13:26:14,1.51,62552.4,61715.0,133.9,122.9,1,0
btc_bybit_perp,bigline_ad,LONG,2026-06-07 15:28:56,2026-06-07 16:55:19,1.44,61930.1,62122.3,31.0,20.0,1,0
btc_bybit_perp,bigline_ad,LONG,2026-06-07 17:02:32,2026-06-07 18:49:37,1.78,62123.6,62130.5,1.1,-9.9,1,0
btc_bybit_perp,bigline_ad,SHORT,2026-06-07 19:06:10,2026-06-07 20:03:41,0.96,61676.9,61409.1,43.4,32.4,0,0
btc_bybit_perp,bigline_ad,LONG,2026-06-07 22:11:26,2026-06-08 00:26:11,2.25,61895.8,63394.8,242.2,231.2,1,0
btc_bybit_perp,bigline_ad,SHORT,2026-06-08 02:35:59,2026-06-08 02:50:48,0.25,62890.1,63087.9,-31.5,-42.5,0,0
btc_bybit_perp,bigline_ad,SHORT,2026-06-08 05:36:05,2026-06-08 05:51:56,0.26,62472.7,62641.2,-27.0,-38.0,0,0
btc_bybit_perp,bigline_ad,LONG,2026-06-08 07:11:52,2026-06-08 08:17:02,1.09,63018.4,63070.0,8.2,-2.8,0,0
btc_bybit_perp,bigline_ad,LONG,2026-06-08 09:02:59,2026-06-08 10:20:00,1.28,63200.0,63208.7,1.4,-9.6,1,0
btc_bybit_perp,bigline_ad,SHORT,2026-06-08 10:36:09,2026-06-08 11:10:51,0.58,63180.0,63282.4,-16.2,-27.2,0,0
btc_bybit_perp,bigline_ad,LONG,2026-06-08 12:01:00,2026-06-08 12:01:39,0.01,63615.2,63365.4,-39.3,-50.3,0,0
btc_bybit_perp,bigline_ad,SHORT,2026-06-08 12:14:51,2026-06-08 12:14:52,0.0,62781.0,62785.1,-0.7,-11.7,0,0
btc_bybit_perp,bigline_ad,LONG,2026-06-08 13:35:54,2026-06-08 13:48:42,0.21,63654.4,63387.4,-41.9,-52.9,0,0
btc_bybit_perp,bigline_ad,LONG,2026-06-08 16:24:36,2026-06-08 16:34:17,0.16,63969.9,63680.0,-45.3,-56.3,0,0
btc_bybit_perp,bigline_ad,SHORT,2026-06-08 17:13:31,2026-06-08 17:20:24,0.11,63309.1,63454.7,-23.0,-34.0,0,0
btc_bybit_perp,bigline_ad,LONG,2026-06-08 19:22:14,2026-06-08 20:01:49,0.66,63537.1,63310.3,-35.7,-46.7,0,0
btc_bybit_perp,bigline_ad,LONG,2026-06-08 21:26:50,2026-06-08 21:30:34,0.06,63747.9,63655.4,-14.5,-25.5,0,0
btc_bybit_perp,bigline_ad,SHORT,2026-06-08 22:33:50,2026-06-08 22:36:03,0.04,63234.0,63328.0,-14.9,-25.9,0,0
btc_bybit_perp,bigline_ad,SHORT,2026-06-09 02:20:48,2026-06-09 02:23:28,0.04,62542.0,62647.9,-16.9,-27.9,0,0
btc_bybit_perp,bigline_ad,LONG,2026-06-09 03:58:37,2026-06-09 04:05:01,0.11,62864.2,62718.6,-23.2,-34.2,0,0
btc_bybit_perp,bigline_ad,LONG,2026-06-09 04:33:35,2026-06-09 05:31:25,0.96,62881.9,63277.0,62.8,51.8,1,0
btc_bybit_perp,bigline_ad,LONG,2026-06-09 07:09:08,2026-06-09 07:26:48,0.29,63405.5,63187.9,-34.3,-45.3,0,0
btc_bybit_perp,bigline_ad,SHORT,2026-06-09 08:05:08,2026-06-09 08:34:11,0.48,62985.3,62912.4,11.6,0.6,0,0
btc_bybit_perp,bigline_ad,SHORT,2026-06-09 09:04:34,2026-06-09 09:19:17,0.25,62791.1,62896.5,-16.8,-27.8,0,0
btc_bybit_perp,bigline_ad,SHORT,2026-06-09 09:33:05,2026-06-09 10:56:04,1.38,62699.4,62765.9,-10.6,-21.6,0,0
btc_bybit_perp,bigline_ad,SHORT,2026-06-09 11:03:45,2026-06-09 12:01:15,0.96,62550.0,62748.6,-31.8,-42.8,0,0
btc_bybit_perp,bigline_ad,SHORT,2026-06-09 13:01:28,2026-06-09 13:43:33,0.7,62575.7,62440.7,21.6,10.6,1,0
btc_bybit_perp,bigline_ad,LONG,2026-06-09 13:52:24,2026-06-09 13:54:30,0.04,62489.2,62306.7,-29.2,-40.2,0,0
btc_bybit_perp,bigline_ad,SHORT,2026-06-09 15:32:34,2026-06-09 15:52:06,0.33,61230.7,61383.0,-24.9,-35.9,0,0
btc_bybit_perp,bigline_ad,LONG,2026-06-09 19:05:07,2026-06-09 19:15:32,0.17,61875.8,61722.6,-24.8,-35.8,0,0
btc_bybit_perp,bigline_ad,LONG,2026-06-09 22:14:28,2026-06-09 22:41:21,0.45,61816.3,61758.2,-9.4,-20.4,1,0
btc_bybit_perp,bigline_ad,SHORT,2026-06-09 23:28:48,2026-06-10 00:03:39,0.58,61695.3,61799.2,-16.8,-27.8,0,0
btc_bybit_perp,bigline_ad,LONG,2026-06-10 01:12:57,2026-06-10 01:22:44,0.16,61822.8,61726.8,-15.5,-26.5,0,0
btc_bybit_perp,bigline_ad,SHORT,2026-06-10 01:57:16,2026-06-10 02:27:53,0.51,61680.2,61441.2,38.7,27.7,2,0
btc_bybit_perp,bigline_ad,SHORT,2026-06-10 06:23:12,2026-06-10 06:47:52,0.41,61316.4,61463.8,-24.0,-35.0,0,0
btc_bybit_perp,bigline_ad,LONG,2026-06-10 08:17:24,2026-06-10 08:24:23,0.12,61685.8,61501.9,-29.8,-40.8,0,0
btc_bybit_perp,bigline_ad,SHORT,2026-06-10 09:47:42,2026-06-10 09:56:43,0.15,61134.9,61365.3,-37.7,-48.7,0,0
btc_bybit_perp,bigline_ad,SHORT,2026-06-10 11:25:16,2026-06-10 12:05:13,0.67,60949.2,61103.0,-25.2,-36.2,0,0
btc_bybit_perp,bigline_ad,LONG,2026-06-10 13:30:34,2026-06-10 16:19:37,2.82,61690.5,62288.1,96.9,85.9,3,0
btc_bybit_perp,bigline_ad,SHORT,2026-06-10 17:27:23,2026-06-10 18:00:37,0.55,61983.5,61999.0,-2.5,-13.5,0,0
btc_bybit_perp,bigline_ad,SHORT,2026-06-10 18:35:06,2026-06-10 19:33:51,0.98,61806.5,61876.0,-11.2,-22.2,0,0
btc_bybit_perp,bigline_ad,SHORT,2026-06-10 20:01:56,2026-06-10 22:43:41,2.7,61780.4,61514.9,43.0,32.0,2,0
btc_bybit_perp,bigline_ad,SHORT,2026-06-10 23:00:02,2026-06-10 23:25:22,0.42,61293.7,61499.8,-33.6,-44.6,0,0
btc_bybit_perp,bigline_ad,LONG,2026-06-11 03:31:34,2026-06-11 05:00:47,1.49,62142.2,62609.5,75.2,64.2,1,0
btc_bybit_perp,bigline_ad,LONG,2026-06-11 07:30:28,2026-06-11 07:40:16,0.16,62811.6,62581.0,-36.7,-47.7,0,0
btc_bybit_perp,bigline_ad,LONG,2026-06-11 08:48:21,2026-06-11 09:05:56,0.29,62965.8,62872.4,-14.8,-25.8,0,0
btc_bybit_perp,bigline_ad,SHORT,2026-06-11 10:04:23,2026-06-11 10:46:53,0.71,62844.0,62928.2,-13.4,-24.4,1,0
btc_bybit_perp,bigline_ad,LONG,2026-06-11 11:11:25,2026-06-11 11:27:00,0.26,63165.3,63075.0,-14.3,-25.3,0,0
btc_bybit_perp,bigline_ad,LONG,2026-06-11 11:51:34,2026-06-11 12:00:10,0.14,63205.7,63059.5,-23.1,-34.1,0,0
btc_bybit_perp,bigline_ad,SHORT,2026-06-11 12:14:09,2026-06-11 12:29:05,0.25,63055.6,62654.4,63.6,52.6,1,0
btc_bybit_perp,bigline_ad,LONG,2026-06-11 13:35:57,2026-06-11 14:11:23,0.59,62839.9,62737.2,-16.3,-27.3,1,0
btc_bybit_perp,bigline_ad,LONG,2026-06-11 14:23:00,2026-06-11 15:00:06,0.62,62895.3,62684.6,-33.5,-44.5,0,0
btc_bybit_perp,bigline_ad,SHORT,2026-06-11 15:18:22,2026-06-11 15:34:25,0.27,62638.7,62739.1,-16.0,-27.0,0,0
btc_bybit_perp,bigline_ad,SHORT,2026-06-11 16:22:58,2026-06-11 17:28:53,1.1,62629.9,62759.2,-20.6,-31.6,1,0
btc_bybit_perp,bigline_ad,LONG,2026-06-11 17:45:47,2026-06-11 17:45:48,0.0,63397.4,63399.9,0.4,-10.6,0,0
btc_bybit_perp,bigline_ad,LONG,2026-06-11 19:20:26,2026-06-11 19:20:48,0.01,63671.3,63641.1,-4.7,-15.7,0,0
btc_bybit_perp,bigline_ad,SHORT,2026-06-11 22:35:01,2026-06-11 23:40:23,1.09,63484.2,63549.0,-10.2,-21.2,0,0
btc_bybit_perp,bigline_ad,LONG,2026-06-11 23:54:28,2026-06-12 00:03:35,0.15,63608.1,63511.5,-15.2,-26.2,0,0
btc_bybit_perp,bigline_ad,LONG,2026-06-12 00:33:27,2026-06-12 01:02:00,0.48,63629.3,63482.2,-23.1,-34.1,0,0
btc_bybit_perp,bigline_ad,LONG,2026-06-12 02:38:07,2026-06-12 03:05:24,0.45,63589.6,63529.4,-9.5,-20.5,0,0
btc_bybit_perp,bigline_ad,SHORT,2026-06-12 08:42:29,2026-06-12 09:16:36,0.57,63361.8,63575.0,-33.6,-44.6,0,0
btc_bybit_perp,bigline_ad,LONG,2026-06-12 11:03:14,2026-06-12 11:35:42,0.54,63806.3,63659.3,-23.0,-34.0,0,0
btc_bybit_perp,bigline_ad,SHORT,2026-06-12 12:55:11,2026-06-12 13:09:08,0.23,63353.1,63479.2,-19.9,-30.9,0,0
btc_bybit_perp,bigline_ad,SHORT,2026-06-12 13:23:53,2026-06-12 14:00:20,0.61,63358.0,63315.1,6.8,-4.2,1,0
btc_bybit_perp,bigline_ad,LONG,2026-06-12 14:25:26,2026-06-12 15:19:29,0.9,63498.2,64250.7,118.5,107.5,2,0
btc_bybit_perp,bigline_ad,SHORT,2026-06-12 17:27:59,2026-06-12 18:40:49,1.21,63732.4,63865.6,-20.9,-31.9,0,0
btc_bybit_perp,bigline_ad,SHORT,2026-06-12 19:43:18,2026-06-12 22:09:59,2.44,63633.7,63529.7,16.3,5.3,1,0
btc_bybit_perp,bigline_ad,SHORT,2026-06-13 00:30:01,2026-06-13 00:39:56,0.17,63486.6,63600.0,-17.9,-28.9,0,0
btc_bybit_perp,bigline_ad,LONG,2026-06-13 02:59:15,2026-06-13 03:27:33,0.47,63623.2,63462.3,-25.3,-36.3,0,0
btc_bybit_perp,bigline_ad,SHORT,2026-06-13 04:56:22,2026-06-13 05:58:48,1.04,63521.5,63519.5,0.3,-10.7,1,0
btc_bybit_perp,bigline_ad,LONG,2026-06-13 08:10:01,2026-06-13 08:21:18,0.19,63859.8,63753.9,-16.6,-27.6,0,0
btc_bybit_perp,bigline_ad,SHORT,2026-06-13 10:55:15,2026-06-13 11:10:00,0.25,63785.0,63900.6,-18.1,-29.1,0,0
btc_bybit_perp,bigline_ad,LONG,2026-06-13 13:24:52,2026-06-13 13:45:05,0.34,64168.5,64112.2,-8.8,-19.8,0,0
btc_bybit_perp,bigline_ad,SHORT,2026-06-13 13:55:07,2026-06-13 14:01:49,0.11,64030.0,64094.7,-10.1,-21.1,0,0
btc_bybit_perp,bigline_ad,LONG,2026-06-13 15:53:38,2026-06-13 16:03:37,0.17,64261.3,64150.5,-17.2,-28.2,0,0
btc_bybit_perp,bigline_ad,SHORT,2026-06-13 16:21:03,2026-06-13 16:21:04,0.0,63986.6,63990.0,-0.5,-11.5,0,0
btc_bybit_perp,bigline_ad,SHORT,2026-06-13 17:05:04,2026-06-13 17:08:25,0.06,63911.0,63987.6,-12.0,-23.0,0,0
btc_bybit_perp,bigline_ad,LONG,2026-06-13 18:57:36,2026-06-13 20:39:56,1.71,64122.8,64211.7,13.9,2.9,0,0
btc_bybit_perp,bigline_ad,LONG,2026-06-13 21:37:46,2026-06-13 23:23:22,1.76,64285.1,64506.6,34.5,23.5,1,0
btc_bybit_perp,bigline_ad,SHORT,2026-06-14 06:23:31,2026-06-14 07:47:19,1.4,64345.5,64389.4,-6.8,-17.8,0,0
btc_bybit_perp,bigline_ad,LONG,2026-06-14 09:32:05,2026-06-14 10:46:12,1.24,64388.5,64556.4,26.1,15.1,1,0
btc_bybit_perp,bigline_ad,SHORT,2026-06-14 11:57:56,2026-06-14 14:23:01,2.42,64510.9,64300.0,32.7,21.7,1,0
btc_bybit_perp,bigline_ad,SHORT,2026-06-14 16:48:09,2026-06-14 20:35:13,3.78,64052.2,63964.6,13.7,2.7,0,0
btc_bybit_perp,bigline_ad,LONG,2026-06-14 21:30:11,2026-06-14 22:58:39,1.47,64890.8,65305.6,63.9,52.9,1,0
btc_bybit_perp,bigline_ad,LONG,2026-06-15 01:38:55,2026-06-15 02:47:50,1.15,65553.8,65444.0,-16.7,-27.7,1,0
btc_bybit_perp,bigline_ad,LONG,2026-06-15 05:21:08,2026-06-15 06:34:41,1.23,65740.0,65801.6,9.4,-1.6,1,0
btc_bybit_perp,bigline_ad,SHORT,2026-06-15 07:55:52,2026-06-15 08:03:34,0.13,65646.2,65714.4,-10.4,-21.4,0,0
btc_bybit_perp,bigline_ad,SHORT,2026-06-15 08:19:55,2026-06-15 08:32:34,0.21,65632.0,65676.6,-6.8,-17.8,0,0
btc_bybit_perp,bigline_ad,LONG,2026-06-15 09:17:02,2026-06-15 09:24:14,0.12,65719.4,65629.6,-13.7,-24.7,0,0
btc_bybit_perp,bigline_ad,LONG,2026-06-15 12:19:08,2026-06-15 13:54:05,1.58,66309.9,66464.9,23.4,12.4,0,0
btc_bybit_perp,bigline_ad,LONG,2026-06-15 14:46:10,2026-06-15 18:31:36,3.76,66575.0,66716.3,21.2,10.2,1,0
btc_bybit_perp,bigline_ad,SHORT,2026-06-15 19:59:29,2026-06-15 20:30:46,0.52,66473.5,66605.3,-19.8,-30.8,0,0
btc_bybit_perp,bigline_ad,SHORT,2026-06-15 23:18:33,2026-06-15 23:44:53,0.44,66180.5,66246.2,-9.9,-20.9,0,0
btc_bybit_perp,bigline_ad,LONG,2026-06-16 00:38:27,2026-06-16 00:56:37,0.3,66347.2,66232.1,-17.3,-28.3,0,0
btc_bybit_perp,bigline_ad,LONG,2026-06-16 01:06:26,2026-06-16 02:10:55,1.07,66324.5,66190.8,-20.2,-31.2,0,0
btc_bybit_perp,bigline_ad,SHORT,2026-06-16 02:18:24,2026-06-16 02:49:23,0.52,66034.6,65843.6,28.9,17.9,0,0
btc_bybit_perp,bigline_ad,LONG,2026-06-16 05:03:31,2026-06-16 09:50:35,4.78,65965.8,66456.0,74.3,63.3,2,0
btc_bybit_perp,bigline_ad,LONG,2026-06-16 10:20:32,2026-06-16 10:57:18,0.61,66648.1,66475.8,-25.9,-36.9,0,0
btc_bybit_perp,bigline_ad,SHORT,2026-06-16 13:28:11,2026-06-16 13:30:34,0.04,66034.0,66099.8,-10.0,-21.0,0,0
btc_bybit_perp,bigline_ad,SHORT,2026-06-16 14:07:44,2026-06-16 17:00:54,2.89,66012.9,65764.3,37.7,26.7,1,0
btc_bybit_perp,bigline_ad,SHORT,2026-06-16 19:38:40,2026-06-16 19:45:53,0.12,65583.0,65709.0,-19.2,-30.2,0,0
btc_bybit_perp,bigline_ad,LONG,2026-06-16 22:11:16,2026-06-16 22:45:24,0.57,65822.0,65660.1,-24.6,-35.6,0,0
btc_bybit_perp,bigline_ad,SHORT,2026-06-16 23:47:33,2026-06-17 00:03:37,0.27,65653.3,65720.6,-10.3,-21.3,0,0
btc_bybit_perp,bigline_ad,LONG,2026-06-17 00:32:35,2026-06-17 00:51:56,0.32,65762.3,65677.8,-12.8,-23.8,0,0
btc_bybit_perp,bigline_ad,SHORT,2026-06-17 01:15:54,2026-06-17 01:41:28,0.43,65700.5,65781.7,-12.4,-23.4,0,0
btc_bybit_perp,bigline_ad,LONG,2026-06-17 03:33:49,2026-06-17 05:07:34,1.56,65849.2,65849.2,0.0,-11.0,0,0
btc_bybit_perp,bigline_ad,SHORT,2026-06-17 06:40:26,2026-06-17 06:47:10,0.11,65600.8,65622.1,-3.2,-14.2,0,0
btc_bybit_perp,bigline_ad,SHORT,2026-06-17 07:05:15,2026-06-17 07:09:38,0.07,65525.1,65613.4,-13.5,-24.5,0,0
btc_bybit_perp,bigline_ad,SHORT,2026-06-17 08:10:27,2026-06-17 12:36:14,4.43,65356.2,64808.0,83.9,72.9,1,0
btc_bybit_perp,bigline_ad,LONG,2026-06-17 13:07:24,2026-06-17 13:07:25,0.0,65051.6,65036.8,-2.3,-13.3,0,0
btc_bybit_perp,bigline_ad,LONG,2026-06-17 14:08:21,2026-06-17 14:20:26,0.2,65303.7,65176.2,-19.5,-30.5,0,0
btc_bybit_perp,bigline_ad,SHORT,2026-06-17 15:08:21,2026-06-17 15:14:47,0.11,65031.3,65210.5,-27.6,-38.6,0,0
btc_bybit_perp,bigline_ad,SHORT,2026-06-17 18:57:26,2026-06-18 01:02:07,6.08,65604.0,64546.7,161.2,150.2,1,0
btc_bybit_perp,bigline_ad,LONG,2026-06-18 02:06:26,2026-06-18 03:23:01,1.28,64640.3,64418.2,-34.4,-45.4,1,0
btc_bybit_perp,bigline_ad,SHORT,2026-06-18 04:01:13,2026-06-18 04:33:03,0.53,64231.0,63935.0,46.1,35.1,1,0
btc_bybit_perp,bigline_ad,LONG,2026-06-18 10:52:39,2026-06-18 11:22:22,0.5,64077.3,63900.1,-27.7,-38.7,0,0
btc_bybit_perp,bigline_ad,SHORT,2026-06-18 11:42:35,2026-06-18 12:01:35,0.32,63870.2,63971.9,-15.9,-26.9,0,0
btc_bybit_perp,bigline_ad,SHORT,2026-06-18 13:56:26,2026-06-18 14:19:29,0.38,63960.5,63939.5,3.3,-7.7,1,0
btc_bybit_perp,bigline_ad,LONG,2026-06-18 14:37:16,2026-06-18 14:51:42,0.24,63912.8,63764.5,-23.2,-34.2,0,0
btc_bybit_perp,bigline_ad,SHORT,2026-06-18 15:02:18,2026-06-18 17:29:02,2.45,63652.7,62551.2,173.0,162.0,0,0
btc_bybit_perp,bigline_ad,SHORT,2026-06-18 19:18:40,2026-06-18 19:22:29,0.06,62602.8,62724.4,-19.4,-30.4,0,0
btc_bybit_perp,bigline_ad,LONG,2026-06-18 22:58:15,2026-06-19 01:09:43,2.19,62864.4,62935.5,11.3,0.3,3,0
btc_bybit_perp,bigline_ad,LONG,2026-06-19 02:34:15,2026-06-19 02:36:24,0.04,62994.8,62883.2,-17.7,-28.7,0,0
btc_bybit_perp,bigline_ad,SHORT,2026-06-19 03:38:27,2026-06-19 03:51:04,0.21,62643.2,62704.0,-9.7,-20.7,0,0
btc_bybit_perp,bigline_ad,SHORT,2026-06-19 07:14:53,2026-06-19 08:04:40,0.83,62744.6,62614.4,20.8,9.8,1,0
btc_bybit_perp,bigline_ad,SHORT,2026-06-19 09:23:13,2026-06-19 09:24:55,0.03,62285.2,62385.8,-16.2,-27.2,0,0
btc_bybit_perp,bigline_ad,LONG,2026-06-19 10:09:07,2026-06-19 12:15:48,2.11,62458.8,62528.7,11.2,0.2,2,0
btc_bybit_perp,bigline_ad,SHORT,2026-06-19 12:45:14,2026-06-19 12:51:21,0.1,62462.3,62575.0,-18.0,-29.0,0,0
btc_bybit_perp,bigline_ad,LONG,2026-06-19 12:52:48,2026-06-19 12:53:18,0.01,62828.7,62743.3,-13.6,-24.6,0,0
btc_bybit_perp,bigline_ad,LONG,2026-06-19 13:01:13,2026-06-19 13:14:56,0.23,62824.2,62744.5,-12.7,-23.7,0,0
btc_bybit_perp,bigline_ad,LONG,2026-06-19 14:27:02,2026-06-19 15:02:08,0.58,63240.5,63126.7,-18.0,-29.0,0,0
btc_bybit_perp,bigline_ad,LONG,2026-06-19 15:44:08,2026-06-19 16:55:39,1.19,63250.0,62969.0,-44.4,-55.4,0,0
btc_bybit_perp,bigline_ad,SHORT,2026-06-19 17:25:41,2026-06-19 17:40:02,0.24,62911.1,63029.6,-18.8,-29.8,0,0
btc_bybit_perp,bigline_ad,LONG,2026-06-19 18:58:46,2026-06-19 19:10:32,0.2,63102.8,62982.7,-19.0,-30.0,0,0
btc_bybit_perp,bigline_ad,LONG,2026-06-19 20:30:09,2026-06-19 21:22:29,0.87,63057.1,63177.4,19.1,8.1,1,0
btc_bybit_perp,bigline_ad,LONG,2026-06-20 00:28:42,2026-06-20 00:48:31,0.33,63594.4,63504.7,-14.1,-25.1,0,0
btc_bybit_perp,bigline_ad,SHORT,2026-06-20 02:15:54,2026-06-20 02:32:48,0.28,63417.4,63448.0,-4.8,-15.8,0,0
btc_bybit_perp,bigline_ad,LONG,2026-06-20 05:13:56,2026-06-20 05:20:32,0.11,63848.8,63691.7,-24.6,-35.6,0,0
btc_bybit_perp,bigline_ad,SHORT,2026-06-20 07:06:13,2026-06-20 07:19:49,0.23,63590.0,63723.2,-20.9,-31.9,0,0
btc_bybit_perp,bigline_ad,SHORT,2026-06-20 08:10:11,2026-06-20 09:02:12,0.87,63504.3,63419.9,13.3,2.3,0,0
btc_bybit_perp,bigline_ad,LONG,2026-06-20 11:00:42,2026-06-20 11:08:58,0.14,63666.7,63594.5,-11.3,-22.3,0,0
btc_bybit_perp,bigline_ad,LONG,2026-06-20 12:07:42,2026-06-20 12:36:16,0.48,63751.0,63645.6,-16.5,-27.5,0,0
btc_bybit_perp,bigline_ad,SHORT,2026-06-20 13:19:54,2026-06-20 14:31:35,1.19,63527.3,63359.1,26.5,15.5,1,0
btc_bybit_perp,bigline_ad,LONG,2026-06-20 15:15:39,2026-06-20 15:15:40,0.0,64020.6,64022.0,0.2,-10.8,0,0
btc_bybit_perp,bigline_ad,SHORT,2026-06-20 20:33:03,2026-06-20 21:00:01,0.45,63850.1,63907.1,-8.9,-19.9,0,0
btc_bybit_perp,bigline_ad,LONG,2026-06-20 21:43:13,2026-06-20 23:01:24,1.3,63987.7,64219.9,36.3,25.3,2,0
btc_bybit_perp,bigline_ad,LONG,2026-06-21 01:46:42,2026-06-21 02:21:23,0.58,64273.2,64194.5,-12.2,-23.2,0,0
btc_bybit_perp,bigline_ad,LONG,2026-06-21 03:38:37,2026-06-21 04:51:03,1.21,64372.2,64375.0,0.4,-10.6,0,0
btc_bybit_perp,bigline_ad,SHORT,2026-06-21 05:46:01,2026-06-21 06:17:12,0.52,64234.1,64220.0,2.2,-8.8,0,0
btc_bybit_perp,bigline_ad,SHORT,2026-06-21 07:22:37,2026-06-21 09:40:01,2.29,64193.2,64213.9,-3.2,-14.2,0,0
btc_bybit_perp,bigline_ad,SHORT,2026-06-21 09:43:01,2026-06-21 10:06:41,0.39,64106.0,64230.0,-19.3,-30.3,0,0
btc_bybit_perp,bigline_ad,LONG,2026-06-21 11:11:50,2026-06-21 11:16:20,0.07,64439.4,64294.1,-22.5,-33.5,0,0
btc_bybit_perp,bigline_ad,SHORT,2026-06-21 11:32:23,2026-06-21 12:53:03,1.34,64220.0,64073.8,22.8,11.8,0,0
btc_bybit_perp,bigline_ad,SHORT,2026-06-21 13:32:17,2026-06-21 13:55:01,0.38,64047.9,64081.2,-5.2,-16.2,0,0
btc_bybit_perp,bigline_ad,LONG,2026-06-21 15:29:16,2026-06-21 15:30:21,0.02,64254.9,64205.3,-7.7,-18.7,0,0
btc_bybit_perp,bigline_ad,SHORT,2026-06-21 16:31:59,2026-06-21 16:52:13,0.34,64126.6,64179.3,-8.2,-19.2,0,0
btc_bybit_perp,bigline_ad,SHORT,2026-06-21 17:00:43,2026-06-21 17:06:07,0.09,64084.7,64179.9,-14.9,-25.9,0,0
btc_bybit_perp,bigline_ad,SHORT,2026-06-21 18:01:31,2026-06-21 18:31:46,0.5,64054.3,64142.8,-13.8,-24.8,0,0
btc_bybit_perp,bigline_ad,LONG,2026-06-21 19:01:06,2026-06-21 19:06:37,0.09,64207.2,64133.7,-11.4,-22.4,0,0
btc_bybit_perp,bigline_ad,LONG,2026-06-21 20:06:27,2026-06-21 20:09:05,0.04,64226.4,64219.4,-1.1,-12.1,0,0
btc_bybit_perp,bigline_ad,SHORT,2026-06-21 21:09:11,2026-06-21 21:23:02,0.23,63680.0,63716.0,-5.7,-16.7,0,0
btc_bybit_perp,bigline_ad,LONG,2026-06-21 22:03:42,2026-06-21 22:09:04,0.09,63820.9,63608.7,-33.2,-44.2,0,0
btc_bybit_perp,bigline_ad,SHORT,2026-06-21 22:31:19,2026-06-21 22:50:48,0.32,63546.6,63700.0,-24.1,-35.1,0,0
btc_bybit_perp,bigline_ad,SHORT,2026-06-22 00:22:35,2026-06-22 00:31:15,0.14,63514.8,63759.3,-38.5,-49.5,0,0
btc_bybit_perp,bigline_ad,LONG,2026-06-22 00:59:25,2026-06-22 02:50:45,1.86,63903.4,64286.5,59.9,48.9,1,0
btc_bybit_perp,bigline_ad,LONG,2026-06-22 03:18:50,2026-06-22 04:01:11,0.71,64259.9,63835.0,-66.1,-77.1,0,0
btc_bybit_perp,bigline_ad,SHORT,2026-06-22 06:07:15,2026-06-22 07:21:54,1.24,64110.3,64258.1,-23.1,-34.1,0,0
btc_bybit_perp,bigline_ad,LONG,2026-06-22 08:09:13,2026-06-22 08:35:25,0.44,64199.1,64118.0,-12.6,-23.6,0,0
btc_bybit_perp,bigline_ad,SHORT,2026-06-22 08:47:22,2026-06-22 10:02:43,1.26,64152.4,64161.8,-1.5,-12.5,1,0
btc_bybit_perp,bigline_ad,LONG,2026-06-22 11:04:44,2026-06-22 11:16:44,0.2,64148.4,64210.0,9.6,-1.4,1,0
btc_bybit_perp,bigline_ad,LONG,2026-06-22 11:49:56,2026-06-22 11:52:23,0.04,64748.0,64644.0,-16.1,-27.1,0,0
btc_bybit_perp,bigline_ad,LONG,2026-06-22 12:01:23,2026-06-22 15:50:41,3.82,64763.6,64815.7,8.0,-3.0,1,0
btc_bybit_perp,bigline_ad,SHORT,2026-06-22 17:22:14,2026-06-22 17:54:44,0.54,64498.9,64627.5,-19.9,-30.9,0,0
btc_bybit_perp,bigline_ad,SHORT,2026-06-22 18:39:34,2026-06-22 20:03:47,1.4,64507.4,64619.4,-17.4,-28.4,0,0
btc_bybit_perp,bigline_ad,SHORT,2026-06-22 20:07:34,2026-06-22 21:10:36,1.05,64496.0,64352.9,22.2,11.2,1,0
btc_bybit_perp,bigline_ad,SHORT,2026-06-22 22:20:12,2026-06-22 22:56:01,0.6,64225.7,63961.1,41.2,30.2,1,0
btc_bybit_perp,bigline_ad,SHORT,2026-06-23 00:20:20,2026-06-23 00:31:29,0.19,63842.0,63963.6,-19.0,-30.0,0,0
btc_bybit_perp,bigline_ad,LONG,2026-06-23 01:53:49,2026-06-23 02:36:01,0.7,64015.9,64149.8,20.9,9.9,1,0
btc_bybit_perp,bigline_ad,SHORT,2026-06-23 03:38:17,2026-06-23 03:46:33,0.14,63953.8,63997.0,-6.8,-17.8,0,0
btc_bybit_perp,bigline_ad,SHORT,2026-06-23 08:13:59,2026-06-23 09:35:08,1.35,62686.2,62458.2,36.4,25.4,0,0
btc_bybit_perp,bigline_ad,SHORT,2026-06-23 10:41:31,2026-06-23 11:15:20,0.56,62246.3,62365.0,-19.1,-30.1,0,0
btc_bybit_perp,bigline_ad,LONG,2026-06-23 12:30:17,2026-06-23 12:35:00,0.08,62428.4,62292.4,-21.8,-32.8,0,0
btc_bybit_perp,bigline_ad,SHORT,2026-06-23 12:53:09,2026-06-23 12:55:02,0.03,62178.7,62278.5,-16.1,-27.1,0,0
btc_bybit_perp,bigline_ad,SHORT,2026-06-23 13:25:04,2026-06-23 13:31:49,0.11,62022.8,62099.5,-12.4,-23.4,0,0
btc_bybit_perp,bigline_ad,LONG,2026-06-23 13:35:38,2026-06-23 13:36:28,0.01,62379.5,62281.5,-15.7,-26.7,0,0
btc_bybit_perp,bigline_ad,LONG,2026-06-23 14:01:03,2026-06-23 14:25:07,0.4,62488.0,62510.7,3.6,-7.4,1,0
btc_bybit_perp,bigline_ad,LONG,2026-06-23 14:30:13,2026-06-23 14:59:38,0.49,62654.9,62394.1,-41.6,-52.6,1,0
btc_bybit_perp,bigline_ad,SHORT,2026-06-23 15:42:18,2026-06-23 15:57:46,0.26,62242.5,62407.8,-26.6,-37.6,0,0
btc_bybit_perp,bigline_ad,LONG,2026-06-23 17:26:55,2026-06-23 17:44:18,0.29,62615.0,62478.6,-21.8,-32.8,1,0
btc_bybit_perp,bigline_ad,SHORT,2026-06-23 19:45:20,2026-06-23 20:00:37,0.25,62261.5,62432.1,-27.4,-38.4,0,0
btc_bybit_perp,bigline_ad,LONG,2026-06-23 21:04:09,2026-06-23 22:44:57,1.68,62502.0,62509.1,1.1,-9.9,0,0
btc_bybit_perp,bigline_ad,LONG,2026-06-23 23:24:35,2026-06-24 01:05:44,1.69,62599.0,62841.8,38.8,27.8,1,0
btc_bybit_perp,bigline_ad,LONG,2026-06-24 01:12:28,2026-06-24 01:16:41,0.07,62969.0,62804.7,-26.1,-37.1,0,0
btc_bybit_perp,bigline_ad,SHORT,2026-06-24 02:54:47,2026-06-24 03:27:42,0.55,62613.9,62594.0,3.2,-7.8,0,0
btc_bybit_perp,bigline_ad,LONG,2026-06-24 04:32:42,2026-06-24 07:29:40,2.95,62667.6,62652.2,-2.5,-13.5,1,0
btc_bybit_perp,bigline_ad,SHORT,2026-06-24 09:02:30,2026-06-24 11:37:18,2.58,62660.6,62542.5,18.8,7.8,1,0
btc_bybit_perp,bigline_ad,SHORT,2026-06-24 13:40:28,2026-06-24 15:22:39,1.7,61725.6,61111.5,99.5,88.5,0,0
btc_bybit_perp,bigline_ad,SHORT,2026-06-24 21:11:58,2026-06-24 22:00:12,0.8,60638.2,61106.9,-77.3,-88.3,0,0
btc_bybit_perp,bigline_ad,LONG,2026-06-25 00:51:43,2026-06-25 00:58:35,0.11,60874.7,60695.5,-29.4,-40.4,0,0
btc_bybit_perp,bigline_ad,SHORT,2026-06-25 01:07:29,2026-06-25 01:21:02,0.23,60700.0,60810.5,-18.2,-29.2,0,0
btc_bybit_perp,bigline_ad,LONG,2026-06-25 01:50:55,2026-06-25 02:08:40,0.3,60905.7,60812.9,-15.2,-26.2,0,0
btc_bybit_perp,bigline_ad,SHORT,2026-06-25 02:41:44,2026-06-25 03:31:25,0.83,60793.5,60813.3,-3.3,-14.3,1,0
btc_bybit_perp,bigline_ad,LONG,2026-06-25 04:23:20,2026-06-25 06:16:57,1.89,60858.0,61739.5,144.8,133.8,2,0
btc_bybit_perp,bigline_ad,LONG,2026-06-25 09:30:57,2026-06-25 10:20:20,0.82,61710.3,61608.4,-16.5,-27.5,1,0
btc_bybit_perp,bigline_ad,SHORT,2026-06-25 11:48:52,2026-06-25 11:55:22,0.11,61153.8,61224.7,-11.6,-22.6,0,0
btc_bybit_perp,bigline_ad,LONG,2026-06-25 13:12:07,2026-06-25 13:25:03,0.22,61308.5,61161.8,-23.9,-34.9,0,0
btc_bybit_perp,bigline_ad,SHORT,2026-06-25 13:38:04,2026-06-25 14:20:29,0.71,60869.2,59452.4,232.8,221.8,1,0
btc_bybit_perp,bigline_ad,LONG,2026-06-25 15:56:34,2026-06-25 19:03:33,3.12,59567.0,59340.0,-38.1,-49.1,1,0
btc_bybit_perp,bigline_ad,LONG,2026-06-25 20:26:46,2026-06-25 20:26:47,0.0,59683.3,59683.3,0.0,-11.0,0,0
btc_bybit_perp,bigline_ad,LONG,2026-06-25 23:17:47,2026-06-25 23:48:36,0.51,59970.6,59861.1,-18.3,-29.3,0,0
btc_bybit_perp,bigline_ad,SHORT,2026-06-26 01:23:24,2026-06-26 03:10:26,1.78,59453.7,58778.8,113.5,102.5,1,0
btc_bybit_perp,bigline_ad,LONG,2026-06-26 06:38:11,2026-06-26 08:01:48,1.39,60160.4,60381.9,36.8,25.8,0,0
btc_bybit_perp,bigline_ad,SHORT,2026-06-26 12:36:22,2026-06-26 12:57:57,0.36,59706.7,59232.2,79.5,68.5,1,0
btc_bybit_perp,bigline_ad,SHORT,2026-06-26 13:18:33,2026-06-26 13:32:13,0.23,58921.8,59080.0,-26.8,-37.8,0,0
btc_bybit_perp,bigline_ad,LONG,2026-06-26 15:07:51,2026-06-26 16:19:20,1.19,59803.5,60022.8,36.7,25.7,0,0
btc_bybit_perp,bigline_ad,LONG,2026-06-26 19:07:00,2026-06-26 20:31:56,1.42,59816.2,59585.0,-38.7,-49.7,0,0
btc_bybit_perp,bigline_ad,LONG,2026-06-26 23:43:04,2026-06-27 00:30:24,0.79,60045.4,60006.7,-6.4,-17.4,0,0
btc_bybit_perp,bigline_ad,SHORT,2026-06-27 01:30:17,2026-06-27 01:35:00,0.08,59930.9,59954.2,-3.9,-14.9,0,0
btc_bybit_perp,bigline_ad,LONG,2026-06-27 02:20:19,2026-06-27 02:31:12,0.18,60148.1,60172.7,4.1,-6.9,0,0
btc_bybit_perp,bigline_ad,LONG,2026-06-27 02:40:09,2026-06-27 02:47:04,0.12,60291.6,60261.5,-5.0,-16.0,0,0
btc_bybit_perp,bigline_ad,SHORT,2026-06-27 06:10:03,2026-06-27 06:23:39,0.23,60128.0,60173.4,-7.6,-18.6,0,0
btc_bybit_perp,bigline_ad,LONG,2026-06-27 06:39:50,2026-06-27 06:52:41,0.21,60361.0,60315.6,-7.5,-18.5,0,0
btc_bybit_perp,bigline_ad,LONG,2026-06-27 07:22:10,2026-06-27 09:11:57,1.83,60362.7,60347.9,-2.5,-13.5,1,0
btc_bybit_perp,bigline_ad,SHORT,2026-06-27 10:47:19,2026-06-27 12:53:19,2.1,60371.4,60359.9,1.9,-9.1,1,0
btc_bybit_perp,bigline_ad,LONG,2026-06-27 13:21:30,2026-06-27 14:36:50,1.26,60445.1,60500.0,9.1,-1.9,1,0
btc_bybit_perp,bigline_ad,LONG,2026-06-27 14:47:05,2026-06-27 15:45:17,0.97,60635.5,60725.0,14.8,3.8,1,0
btc_bybit_perp,bigline_ad,SHORT,2026-06-27 17:01:43,2026-06-27 18:16:09,1.24,60656.9,60519.9,22.6,11.6,1,0
btc_bybit_perp,bigline_ad,SHORT,2026-06-27 21:39:14,2026-06-28 00:49:56,3.18,60302.9,60154.0,24.7,13.7,1,0
btc_bybit_perp,bigline_ad,LONG,2026-06-28 02:32:33,2026-06-28 04:32:10,1.99,60116.6,60100.2,-2.7,-13.7,1,0
btc_bybit_perp,bigline_ad,SHORT,2026-06-28 05:02:13,2026-06-28 06:33:57,1.53,60075.3,59940.0,22.5,11.5,1,0
btc_bybit_perp,bigline_ad,LONG,2026-06-28 08:36:35,2026-06-28 09:21:00,0.74,60235.2,60291.1,9.3,-1.7,0,0
btc_bybit_perp,bigline_ad,SHORT,2026-06-28 11:09:39,2026-06-28 11:22:03,0.21,60097.0,60226.9,-21.6,-32.6,0,0
btc_bybit_perp,bigline_ad,LONG,2026-06-28 12:29:06,2026-06-28 12:41:57,0.21,60292.9,60170.3,-20.3,-31.3,0,0
btc_bybit_perp,bigline_ad,LONG,2026-06-28 12:56:56,2026-06-28 13:01:27,0.08,60286.7,60150.7,-22.6,-33.6,0,0
btc_bybit_perp,bigline_ad,SHORT,2026-06-28 13:40:12,2026-06-28 14:03:15,0.38,60015.8,60066.2,-8.4,-19.4,0,0
btc_bybit_perp,bigline_ad,SHORT,2026-06-28 15:36:00,2026-06-28 18:25:42,2.83,59958.0,59643.0,52.5,41.5,1,0
btc_bybit_perp,bigline_ad,SHORT,2026-06-28 18:49:16,2026-06-28 18:56:33,0.12,59478.0,59578.9,-17.0,-28.0,0,0
btc_bybit_perp,bigline_ad,LONG,2026-06-28 21:36:51,2026-06-28 21:36:52,0.0,59723.1,59724.7,0.3,-10.7,0,0
btc_bybit_perp,bigline_ad,SHORT,2026-06-28 22:26:19,2026-06-28 22:30:43,0.07,59323.9,59434.5,-18.6,-29.6,0,0
btc_bybit_perp,bigline_ad,LONG,2026-06-29 00:11:16,2026-06-29 00:21:39,0.17,59497.1,59270.1,-38.2,-49.2,0,0
btc_bybit_perp,bigline_ad,LONG,2026-06-29 01:37:01,2026-06-29 02:08:28,0.52,59426.0,59263.9,-27.3,-38.3,0,0
btc_bybit_perp,bigline_ad,LONG,2026-06-29 05:17:21,2026-06-29 07:40:38,2.39,59677.3,60050.1,62.5,51.5,1,0
btc_bybit_perp,bigline_ad,SHORT,2026-06-29 09:24:05,2026-06-29 10:01:29,0.62,59894.9,60099.7,-34.2,-45.2,0,0
btc_bybit_perp,bigline_ad,LONG,2026-06-29 11:31:10,2026-06-29 11:39:06,0.13,60139.4,59842.3,-49.4,-60.4,0,0
btc_bybit_perp,bigline_ad,SHORT,2026-06-29 12:00:36,2026-06-29 12:02:57,0.04,59861.3,60105.2,-40.7,-51.7,0,0
btc_bybit_perp,bigline_ad,LONG,2026-06-29 12:12:17,2026-06-29 12:14:25,0.04,60712.1,60685.7,-4.3,-15.3,0,0
btc_bybit_perp,bigline_ad,SHORT,2026-06-29 13:25:00,2026-06-29 13:31:37,0.11,60006.6,60225.1,-36.4,-47.4,0,0
btc_bybit_perp,bigline_ad,SHORT,2026-06-29 14:49:07,2026-06-29 14:54:20,0.09,59220.0,59565.0,-58.3,-69.3,0,0
btc_bybit_perp,bigline_ad,LONG,2026-06-29 16:48:00,2026-06-29 18:28:54,1.68,59887.6,60269.6,63.8,52.8,0,0
btc_bybit_perp,bigline_ad,LONG,2026-06-29 19:29:05,2026-06-29 20:18:27,0.82,60453.0,60340.1,-18.7,-29.7,0,0
btc_bybit_perp,bigline_ad,LONG,2026-06-29 22:15:22,2026-06-29 22:35:47,0.34,60464.0,60357.6,-17.6,-28.6,0,0
btc_bybit_perp,bigline_ad,SHORT,2026-06-30 01:40:57,2026-06-30 02:25:51,0.75,59783.2,59918.8,-22.7,-33.7,0,0
btc_bybit_perp,bigline_ad,SHORT,2026-06-30 04:43:14,2026-06-30 05:40:42,0.96,59506.3,59423.8,13.9,2.9,0,0
btc_bybit_perp,bigline_ad,LONG,2026-06-30 07:31:32,2026-06-30 08:13:13,0.69,59536.3,59430.0,-17.9,-28.9,1,0
btc_bybit_perp,bigline_ad,SHORT,2026-06-30 09:10:40,2026-06-30 09:40:42,0.5,59243.7,59315.4,-12.1,-23.1,0,0
btc_bybit_perp,bigline_ad,LONG,2026-06-30 10:57:22,2026-06-30 11:22:14,0.41,59366.9,59239.8,-21.4,-32.4,0,0
btc_bybit_perp,bigline_ad,SHORT,2026-06-30 11:54:03,2026-06-30 12:46:48,0.88,59203.8,58731.5,79.8,68.8,1,0
btc_bybit_perp,bigline_ad,SHORT,2026-06-30 13:32:04,2026-06-30 13:51:15,0.32,58450.5,58749.9,-51.2,-62.2,0,0
btc_bybit_perp,bigline_ad,LONG,2026-06-30 14:23:42,2026-06-30 14:24:26,0.01,59123.5,59005.9,-19.9,-30.9,0,0
btc_bybit_perp,bigline_ad,SHORT,2026-06-30 14:48:36,2026-06-30 15:34:16,0.76,58600.1,58440.1,27.3,16.3,0,0
btc_bybit_perp,bigline_ad,SHORT,2026-06-30 15:52:03,2026-06-30 16:38:50,0.78,58490.0,58405.2,14.5,3.5,1,0
btc_bybit_perp,bigline_ad,SHORT,2026-06-30 17:31:27,2026-06-30 18:19:42,0.8,58321.3,58643.6,-55.3,-66.3,0,0
btc_bybit_perp,bigline_ad,LONG,2026-06-30 18:47:50,2026-06-30 19:51:59,1.07,58518.6,58674.3,26.6,15.6,1,0
btc_bybit_perp,bigline_ad,LONG,2026-06-30 20:09:46,2026-06-30 20:19:48,0.17,58813.7,58746.8,-11.4,-22.4,0,0
btc_bybit_perp,bigline_ad,SHORT,2026-06-30 21:10:13,2026-06-30 22:00:04,0.83,58620.8,58630.6,-1.7,-12.7,0,0
btc_bybit_perp,bigline_ad,SHORT,2026-06-30 22:26:03,2026-06-30 22:57:35,0.53,58630.8,58572.5,9.9,-1.1,1,0
btc_bybit_perp,bigline_ad,LONG,2026-06-30 23:50:23,2026-07-01 00:19:11,0.48,58634.2,58545.9,-15.1,-26.1,0,0
btc_bybit_perp,bigline_ad,SHORT,2026-07-01 00:31:56,2026-07-01 00:46:03,0.24,58427.2,58479.0,-8.9,-19.9,0,0
btc_bybit_perp,bigline_ad,SHORT,2026-07-01 01:16:45,2026-07-01 01:20:39,0.07,58056.3,58284.9,-39.4,-50.4,0,0
btc_bybit_perp,bigline_ad,LONG,2026-07-01 02:22:06,2026-07-01 02:32:08,0.17,58937.9,58914.3,-4.0,-15.0,0,0
btc_bybit_perp,bigline_ad,SHORT,2026-07-01 08:24:34,2026-07-01 08:25:09,0.01,58571.8,58609.8,-6.5,-17.5,0,0
btc_bybit_perp,bigline_ad,LONG,2026-07-01 11:11:36,2026-07-01 11:55:07,0.73,58715.6,58549.0,-28.4,-39.4,0,0
btc_bybit_perp,bigline_ad,SHORT,2026-07-01 12:34:56,2026-07-01 13:00:15,0.42,58400.1,58532.9,-22.7,-33.7,0,0
btc_bybit_perp,bigline_ad,LONG,2026-07-01 13:30:50,2026-07-01 14:33:10,1.04,58731.0,59660.1,158.2,147.2,1,0
btc_bybit_perp,bigline_ad,LONG,2026-07-01 15:05:36,2026-07-01 16:01:05,0.92,59842.1,60070.8,38.2,27.2,0,0
btc_bybit_perp,bigline_ad,LONG,2026-07-01 17:37:08,2026-07-01 19:26:01,1.81,60194.4,60089.8,-17.4,-28.4,0,0
btc_bybit_perp,bigline_ad,SHORT,2026-07-02 04:43:52,2026-07-02 08:17:29,3.56,60715.4,60358.6,58.8,47.8,1,0
btc_bybit_perp,bigline_ad,LONG,2026-07-02 09:52:07,2026-07-02 10:45:11,0.88,61111.1,61151.5,6.6,-4.4,0,0
btc_bybit_perp,bigline_ad,LONG,2026-07-02 11:59:47,2026-07-02 11:59:48,0.0,61346.2,61352.1,1.0,-10.0,0,0
btc_bybit_perp,bigline_ad,LONG,2026-07-02 12:49:41,2026-07-02 14:20:18,1.51,61474.2,61716.5,39.4,28.4,1,0
btc_bybit_perp,bigline_ad,SHORT,2026-07-02 15:06:55,2026-07-02 15:11:05,0.07,61456.5,61549.5,-15.1,-26.1,0,0
btc_bybit_perp,bigline_ad,LONG,2026-07-02 18:29:45,2026-07-02 18:29:46,0.0,61839.7,61831.3,-1.4,-12.4,0,0
btc_bybit_perp,bigline_ad,SHORT,2026-07-02 21:33:09,2026-07-02 21:51:50,0.31,61494.1,61585.3,-14.8,-25.8,0,0
btc_bybit_perp,bigline_ad,LONG,2026-07-02 23:47:14,2026-07-02 23:59:58,0.21,61502.9,61532.7,4.8,-6.2,0,1
doge_bybit_perp,bigline_ad,SHORT,2026-06-03 00:09:19,2026-06-03 00:09:42,0.01,0.09262,0.09276,-15.1,-26.1,0,0
doge_bybit_perp,bigline_ad,LONG,2026-06-03 00:14:20,2026-06-03 00:14:21,0.0,0.09302,0.09302,0.0,-11.0,0,0
doge_bybit_perp,bigline_ad,LONG,2026-06-03 00:27:12,2026-06-03 00:28:57,0.03,0.09335,0.09317,-19.3,-30.3,0,0
doge_bybit_perp,bigline_ad,SHORT,2026-06-03 01:06:31,2026-06-03 01:23:05,0.28,0.09292,0.09307,-16.1,-27.1,0,0
doge_bybit_perp,bigline_ad,SHORT,2026-06-03 02:15:36,2026-06-03 03:02:54,0.79,0.09283,0.09274,9.7,-1.3,1,0
doge_bybit_perp,bigline_ad,SHORT,2026-06-03 03:09:50,2026-06-03 03:31:02,0.35,0.0925,0.09227,24.9,13.9,2,0
doge_bybit_perp,bigline_ad,LONG,2026-06-03 06:21:44,2026-06-03 06:21:45,0.0,0.09414,0.09414,0.0,-11.0,0,0
doge_bybit_perp,bigline_ad,LONG,2026-06-03 09:09:28,2026-06-03 09:15:41,0.1,0.09397,0.09372,-26.6,-37.6,0,0
doge_bybit_perp,bigline_ad,LONG,2026-06-03 10:06:02,2026-06-03 10:16:39,0.18,0.09398,0.09401,3.2,-7.8,0,0
doge_bybit_perp,bigline_ad,LONG,2026-06-03 10:29:39,2026-06-03 10:36:32,0.11,0.09425,0.09423,-2.1,-13.1,0,0
doge_bybit_perp,bigline_ad,LONG,2026-06-03 11:01:24,2026-06-03 11:33:45,0.54,0.09438,0.09423,-15.9,-26.9,0,0
doge_bybit_perp,bigline_ad,SHORT,2026-06-03 12:15:31,2026-06-03 12:26:17,0.18,0.0938,0.09404,-25.6,-36.6,0,0
doge_bybit_perp,bigline_ad,LONG,2026-06-03 13:00:54,2026-06-03 13:04:20,0.06,0.09416,0.09406,-10.6,-21.6,0,0
doge_bybit_perp,bigline_ad,SHORT,2026-06-03 14:04:57,2026-06-03 14:16:39,0.2,0.09397,0.09414,-18.1,-29.1,0,0
doge_bybit_perp,bigline_ad,SHORT,2026-06-03 14:44:54,2026-06-03 14:46:06,0.02,0.09331,0.09352,-22.5,-33.5,0,0
doge_bybit_perp,bigline_ad,SHORT,2026-06-03 16:07:56,2026-06-03 16:43:48,0.6,0.0925,0.09229,22.7,11.7,0,0
doge_bybit_perp,bigline_ad,SHORT,2026-06-03 17:06:15,2026-06-03 17:22:41,0.27,0.09168,0.09242,-80.7,-91.7,0,0
doge_bybit_perp,bigline_ad,LONG,2026-06-03 18:41:39,2026-06-03 19:21:27,0.66,0.09256,0.09225,-33.5,-44.5,0,0
doge_bybit_perp,bigline_ad,SHORT,2026-06-03 19:50:18,2026-06-03 20:26:24,0.6,0.09222,0.09226,-4.3,-15.3,1,0
doge_bybit_perp,bigline_ad,LONG,2026-06-04 00:02:05,2026-06-04 00:25:24,0.39,0.09175,0.09118,-62.1,-73.1,0,0
doge_bybit_perp,bigline_ad,SHORT,2026-06-04 00:38:43,2026-06-04 00:43:44,0.08,0.09,0.09078,-86.7,-97.7,0,0
doge_bybit_perp,bigline_ad,SHORT,2026-06-04 01:50:05,2026-06-04 02:33:17,0.72,0.08908,0.08933,-28.1,-39.1,0,0
doge_bybit_perp,bigline_ad,LONG,2026-06-04 06:15:33,2026-06-04 06:30:10,0.24,0.09051,0.09038,-14.4,-25.4,0,0
doge_bybit_perp,bigline_ad,SHORT,2026-06-04 07:58:02,2026-06-04 08:30:19,0.54,0.08886,0.08881,5.6,-5.4,0,0
doge_bybit_perp,bigline_ad,SHORT,2026-06-04 09:02:58,2026-06-04 11:04:05,2.02,0.08833,0.08728,118.9,107.9,1,0
doge_bybit_perp,bigline_ad,LONG,2026-06-04 11:48:56,2026-06-04 13:14:47,1.43,0.08759,0.08894,154.1,143.1,1,0
doge_bybit_perp,bigline_ad,LONG,2026-06-04 13:31:05,2026-06-04 14:20:08,0.82,0.0888,0.08923,48.4,37.4,1,0
doge_bybit_perp,bigline_ad,LONG,2026-06-04 18:17:44,2026-06-04 19:36:58,1.32,0.08895,0.0893,39.3,28.3,1,0
doge_bybit_perp,bigline_ad,SHORT,2026-06-04 20:27:49,2026-06-04 20:31:59,0.07,0.08854,0.08878,-27.1,-38.1,0,0
doge_bybit_perp,bigline_ad,SHORT,2026-06-04 22:00:17,2026-06-04 22:02:11,0.03,0.08711,0.08755,-50.5,-61.5,0,0
doge_bybit_perp,bigline_ad,LONG,2026-06-04 23:31:58,2026-06-05 00:57:53,1.43,0.08812,0.08794,-20.4,-31.4,1,0
doge_bybit_perp,bigline_ad,SHORT,2026-06-05 01:22:22,2026-06-05 01:29:42,0.12,0.08748,0.08783,-40.0,-51.0,0,0
doge_bybit_perp,bigline_ad,SHORT,2026-06-05 02:58:03,2026-06-05 03:16:22,0.31,0.08616,0.08639,-26.7,-37.7,0,0
doge_bybit_perp,bigline_ad,LONG,2026-06-05 04:54:22,2026-06-05 05:37:36,0.72,0.0866,0.08613,-54.3,-65.3,0,0
doge_bybit_perp,bigline_ad,SHORT,2026-06-05 05:59:16,2026-06-05 07:27:10,1.47,0.08491,0.08365,148.4,137.4,1,0
doge_bybit_perp,bigline_ad,LONG,2026-06-05 09:13:17,2026-06-05 11:04:30,1.85,0.08431,0.08438,8.3,-2.7,0,0
doge_bybit_perp,bigline_ad,LONG,2026-06-05 11:18:06,2026-06-05 11:44:57,0.45,0.08476,0.0842,-66.1,-77.1,0,0
doge_bybit_perp,bigline_ad,SHORT,2026-06-05 12:10:08,2026-06-05 12:19:02,0.15,0.08365,0.0841,-53.8,-64.8,0,0
doge_bybit_perp,bigline_ad,SHORT,2026-06-05 12:31:00,2026-06-05 12:43:53,0.21,0.08353,0.08371,-21.5,-32.5,0,0
doge_bybit_perp,bigline_ad,SHORT,2026-06-05 12:51:58,2026-06-05 12:58:47,0.11,0.08308,0.08353,-54.2,-65.2,0,0
doge_bybit_perp,bigline_ad,LONG,2026-06-05 13:32:01,2026-06-05 13:38:05,0.1,0.08479,0.08424,-64.9,-75.9,0,0
doge_bybit_perp,bigline_ad,SHORT,2026-06-05 14:50:16,2026-06-05 16:14:01,1.4,0.08258,0.08179,95.7,84.7,0,0
doge_bybit_perp,bigline_ad,SHORT,2026-06-05 16:33:27,2026-06-05 16:54:19,0.35,0.08187,0.08288,-123.4,-134.4,0,0
doge_bybit_perp,bigline_ad,SHORT,2026-06-05 18:44:05,2026-06-05 19:20:38,0.61,0.08065,0.0794,155.0,144.0,1,0
doge_bybit_perp,bigline_ad,LONG,2026-06-05 20:08:46,2026-06-05 22:04:47,1.93,0.08104,0.08247,176.5,165.5,0,0
doge_bybit_perp,bigline_ad,LONG,2026-06-05 22:21:05,2026-06-05 23:03:01,0.7,0.08299,0.08276,-27.7,-38.7,0,0
doge_bybit_perp,bigline_ad,SHORT,2026-06-06 01:16:54,2026-06-06 04:02:28,2.76,0.08217,0.08141,92.5,81.5,2,0
doge_bybit_perp,bigline_ad,SHORT,2026-06-06 04:05:14,2026-06-06 05:09:58,1.08,0.08076,0.07847,283.6,272.6,1,0
doge_bybit_perp,bigline_ad,LONG,2026-06-06 05:48:22,2026-06-06 05:53:08,0.08,0.08043,0.08034,-11.2,-22.2,0,0
doge_bybit_perp,bigline_ad,LONG,2026-06-06 07:14:23,2026-06-06 09:47:27,2.55,0.08118,0.08152,41.9,30.9,0,0
doge_bybit_perp,bigline_ad,SHORT,2026-06-06 12:30:23,2026-06-06 12:47:26,0.28,0.08097,0.08161,-79.0,-90.0,0,0
doge_bybit_perp,bigline_ad,LONG,2026-06-06 13:44:40,2026-06-06 14:25:42,0.68,0.08208,0.08182,-31.7,-42.7,0,0
doge_bybit_perp,bigline_ad,LONG,2026-06-06 14:36:10,2026-06-06 14:56:07,0.33,0.08231,0.08216,-18.2,-29.2,0,0
doge_bybit_perp,bigline_ad,SHORT,2026-06-06 15:23:36,2026-06-06 15:26:18,0.04,0.08093,0.0813,-45.7,-56.7,0,0
doge_bybit_perp,bigline_ad,LONG,2026-06-06 16:04:23,2026-06-06 16:10:12,0.1,0.08188,0.0816,-34.2,-45.2,0,0
doge_bybit_perp,bigline_ad,SHORT,2026-06-06 16:55:55,2026-06-06 17:33:06,0.62,0.08095,0.08102,-8.6,-19.6,0,0
doge_bybit_perp,bigline_ad,SHORT,2026-06-06 17:38:06,2026-06-06 18:26:16,0.8,0.08076,0.08109,-40.9,-51.9,0,0
doge_bybit_perp,bigline_ad,LONG,2026-06-06 19:06:14,2026-06-06 19:36:01,0.5,0.08105,0.08076,-35.8,-46.8,0,0
doge_bybit_perp,bigline_ad,SHORT,2026-06-06 20:48:15,2026-06-06 21:01:02,0.21,0.08068,0.08091,-28.5,-39.5,0,0
doge_bybit_perp,bigline_ad,LONG,2026-06-06 22:02:25,2026-06-06 22:04:01,0.03,0.08138,0.08102,-44.2,-55.2,0,0
doge_bybit_perp,bigline_ad,LONG,2026-06-06 22:33:15,2026-06-07 00:43:05,2.16,0.08136,0.08178,51.6,40.6,2,0
doge_bybit_perp,bigline_ad,LONG,2026-06-07 01:02:57,2026-06-07 03:01:21,1.97,0.08196,0.08327,159.8,148.8,1,0
doge_bybit_perp,bigline_ad,LONG,2026-06-07 05:13:53,2026-06-07 05:32:18,0.31,0.08408,0.08372,-42.8,-53.8,2,0
doge_bybit_perp,bigline_ad,LONG,2026-06-07 10:22:43,2026-06-07 10:46:25,0.4,0.08474,0.08428,-54.3,-65.3,0,0
doge_bybit_perp,bigline_ad,SHORT,2026-06-07 12:08:19,2026-06-07 14:30:35,2.37,0.08429,0.08473,-52.2,-63.2,0,0
doge_bybit_perp,bigline_ad,LONG,2026-06-07 15:25:17,2026-06-07 15:48:34,0.39,0.08461,0.08454,-8.3,-19.3,0,0
doge_bybit_perp,bigline_ad,LONG,2026-06-07 18:32:04,2026-06-07 18:38:09,0.1,0.08487,0.08462,-29.5,-40.5,0,0
doge_bybit_perp,bigline_ad,SHORT,2026-06-07 19:06:13,2026-06-07 19:41:29,0.59,0.08371,0.08328,51.4,40.4,0,0
doge_bybit_perp,bigline_ad,LONG,2026-06-07 22:00:00,2026-06-07 23:49:01,1.82,0.08403,0.08636,277.3,266.3,1,0
doge_bybit_perp,bigline_ad,SHORT,2026-06-08 02:35:59,2026-06-08 02:50:57,0.25,0.08535,0.08577,-49.2,-60.2,0,0
doge_bybit_perp,bigline_ad,SHORT,2026-06-08 05:41:15,2026-06-08 05:59:47,0.31,0.08447,0.08473,-30.8,-41.8,0,0
doge_bybit_perp,bigline_ad,LONG,2026-06-08 09:03:14,2026-06-08 10:10:55,1.13,0.08526,0.0856,39.9,28.9,1,0
doge_bybit_perp,bigline_ad,LONG,2026-06-08 11:09:58,2026-06-08 12:04:59,0.92,0.08572,0.08589,19.8,8.8,0,0
doge_bybit_perp,bigline_ad,LONG,2026-06-08 12:29:33,2026-06-08 13:31:42,1.04,0.08628,0.08613,-17.4,-28.4,0,0
doge_bybit_perp,bigline_ad,LONG,2026-06-08 13:35:56,2026-06-08 15:57:20,2.36,0.08645,0.08684,45.1,34.1,3,0
doge_bybit_perp,bigline_ad,SHORT,2026-06-08 17:33:09,2026-06-08 17:48:33,0.26,0.08634,0.08656,-25.5,-36.5,0,0
doge_bybit_perp,bigline_ad,LONG,2026-06-08 19:02:30,2026-06-08 19:57:00,0.91,0.08691,0.0867,-24.2,-35.2,1,0
doge_bybit_perp,bigline_ad,LONG,2026-06-08 22:05:10,2026-06-08 22:09:58,0.08,0.08702,0.0867,-36.8,-47.8,0,0
doge_bybit_perp,bigline_ad,SHORT,2026-06-09 00:21:29,2026-06-09 02:08:52,1.79,0.08599,0.08517,95.4,84.4,0,0
doge_bybit_perp,bigline_ad,SHORT,2026-06-09 02:36:56,2026-06-09 02:36:57,0.0,0.08466,0.08466,-0.0,-11.0,0,0
doge_bybit_perp,bigline_ad,LONG,2026-06-09 04:10:04,2026-06-09 04:28:36,0.31,0.08536,0.08512,-28.1,-39.1,0,0
doge_bybit_perp,bigline_ad,LONG,2026-06-09 05:31:52,2026-06-09 05:38:03,0.1,0.08641,0.08651,11.6,0.6,0,0
doge_bybit_perp,bigline_ad,LONG,2026-06-09 07:58:42,2026-06-09 08:07:30,0.15,0.08634,0.08585,-56.8,-67.8,0,0
doge_bybit_perp,bigline_ad,SHORT,2026-06-09 08:57:11,2026-06-09 09:15:05,0.3,0.08579,0.0859,-12.8,-23.8,0,0
doge_bybit_perp,bigline_ad,SHORT,2026-06-09 09:28:06,2026-06-09 12:03:25,2.59,0.08572,0.08584,-14.0,-25.0,0,0
doge_bybit_perp,bigline_ad,SHORT,2026-06-09 12:23:04,2026-06-09 13:00:22,0.62,0.08564,0.08592,-32.7,-43.7,0,0
doge_bybit_perp,bigline_ad,SHORT,2026-06-09 13:33:43,2026-06-09 13:41:48,0.13,0.08537,0.0855,-15.2,-26.2,0,0
doge_bybit_perp,bigline_ad,LONG,2026-06-09 13:52:28,2026-06-09 13:54:29,0.03,0.08586,0.08568,-21.0,-32.0,0,0
doge_bybit_perp,bigline_ad,SHORT,2026-06-09 14:10:21,2026-06-09 14:31:42,0.36,0.0856,0.08456,121.5,110.5,1,0
doge_bybit_perp,bigline_ad,SHORT,2026-06-09 14:46:51,2026-06-09 14:58:56,0.2,0.08442,0.08484,-49.8,-60.8,0,0
doge_bybit_perp,bigline_ad,LONG,2026-06-09 18:18:54,2026-06-09 18:25:55,0.12,0.08514,0.08483,-36.4,-47.4,0,0
doge_bybit_perp,bigline_ad,LONG,2026-06-09 22:13:19,2026-06-09 22:57:47,0.74,0.08487,0.08457,-35.3,-46.3,0,0
doge_bybit_perp,bigline_ad,SHORT,2026-06-09 23:35:26,2026-06-09 23:45:54,0.17,0.08452,0.08477,-29.6,-40.6,0,0
doge_bybit_perp,bigline_ad,SHORT,2026-06-10 02:05:25,2026-06-10 03:03:45,0.97,0.08457,0.08396,72.1,61.1,1,0
doge_bybit_perp,bigline_ad,SHORT,2026-06-10 03:56:04,2026-06-10 06:41:22,2.75,0.08383,0.08373,11.9,0.9,1,0
doge_bybit_perp,bigline_ad,LONG,2026-06-10 07:04:05,2026-06-10 07:49:08,0.75,0.0838,0.08408,33.4,22.4,0,0
doge_bybit_perp,bigline_ad,LONG,2026-06-10 08:16:51,2026-06-10 08:24:23,0.13,0.08401,0.08367,-40.5,-51.5,0,0
doge_bybit_perp,bigline_ad,SHORT,2026-06-10 09:14:19,2026-06-10 09:30:40,0.27,0.08321,0.08335,-16.8,-27.8,0,0
doge_bybit_perp,bigline_ad,LONG,2026-06-10 09:56:39,2026-06-10 10:05:33,0.15,0.08358,0.08335,-27.5,-38.5,0,0
doge_bybit_perp,bigline_ad,SHORT,2026-06-10 11:25:17,2026-06-10 11:51:10,0.43,0.08307,0.08331,-28.9,-39.9,0,0
doge_bybit_perp,bigline_ad,LONG,2026-06-10 12:33:09,2026-06-10 12:35:31,0.04,0.08417,0.08404,-15.4,-26.4,0,0
doge_bybit_perp,bigline_ad,LONG,2026-06-10 14:41:37,2026-06-10 16:45:01,2.06,0.08452,0.08427,-29.6,-40.6,3,0
doge_bybit_perp,bigline_ad,SHORT,2026-06-10 17:11:03,2026-06-10 18:05:44,0.91,0.08402,0.08396,7.1,-3.9,0,0
doge_bybit_perp,bigline_ad,SHORT,2026-06-10 18:35:51,2026-06-10 18:49:03,0.22,0.0835,0.08362,-14.4,-25.4,0,0
doge_bybit_perp,bigline_ad,SHORT,2026-06-10 19:17:42,2026-06-10 22:37:49,3.34,0.08333,0.08239,112.8,101.8,1,0
doge_bybit_perp,bigline_ad,SHORT,2026-06-10 23:10:04,2026-06-10 23:19:38,0.16,0.0821,0.08272,-75.5,-86.5,0,0
doge_bybit_perp,bigline_ad,LONG,2026-06-11 02:57:16,2026-06-11 05:49:41,2.87,0.08415,0.08494,93.9,82.9,0,0
doge_bybit_perp,bigline_ad,LONG,2026-06-11 06:16:27,2026-06-11 06:56:57,0.68,0.08501,0.0847,-36.5,-47.5,0,0
doge_bybit_perp,bigline_ad,LONG,2026-06-11 09:31:43,2026-06-11 12:20:18,2.81,0.08497,0.08504,8.2,-2.8,2,0
doge_bybit_perp,bigline_ad,SHORT,2026-06-11 12:30:26,2026-06-11 12:37:04,0.11,0.08427,0.08451,-28.5,-39.5,0,0
doge_bybit_perp,bigline_ad,LONG,2026-06-11 13:36:06,2026-06-11 14:16:56,0.68,0.0848,0.0846,-23.6,-34.6,0,0
doge_bybit_perp,bigline_ad,LONG,2026-06-11 14:22:08,2026-06-11 15:01:12,0.65,0.08493,0.08467,-30.6,-41.6,0,0
doge_bybit_perp,bigline_ad,SHORT,2026-06-11 15:45:13,2026-06-11 16:11:51,0.44,0.08484,0.08502,-21.2,-32.2,0,0
doge_bybit_perp,bigline_ad,SHORT,2026-06-11 16:44:29,2026-06-11 17:28:49,0.74,0.08475,0.08485,-11.8,-22.8,1,0
doge_bybit_perp,bigline_ad,LONG,2026-06-11 19:30:21,2026-06-11 19:44:30,0.24,0.08693,0.08667,-29.9,-40.9,0,0
doge_bybit_perp,bigline_ad,SHORT,2026-06-11 21:35:14,2026-06-11 22:16:35,0.69,0.08641,0.08654,-15.0,-26.0,0,0
doge_bybit_perp,bigline_ad,SHORT,2026-06-11 23:47:01,2026-06-12 00:21:11,0.57,0.08625,0.08608,19.7,8.7,1,0
doge_bybit_perp,bigline_ad,SHORT,2026-06-12 01:22:37,2026-06-12 02:09:13,0.78,0.08585,0.08614,-33.8,-44.8,0,0
doge_bybit_perp,bigline_ad,LONG,2026-06-12 02:39:10,2026-06-12 02:50:21,0.19,0.08645,0.0864,-5.8,-16.8,0,0
doge_bybit_perp,bigline_ad,LONG,2026-06-12 05:31:52,2026-06-12 05:50:48,0.32,0.08726,0.08679,-53.9,-64.9,0,0
doge_bybit_perp,bigline_ad,SHORT,2026-06-12 06:09:21,2026-06-12 08:02:12,1.88,0.08673,0.08613,69.2,58.2,0,0
doge_bybit_perp,bigline_ad,LONG,2026-06-12 11:45:12,2026-06-12 12:01:03,0.26,0.08674,0.08678,4.6,-6.4,0,0
doge_bybit_perp,bigline_ad,LONG,2026-06-12 12:49:18,2026-06-12 12:55:11,0.1,0.08701,0.08673,-32.2,-43.2,0,0
doge_bybit_perp,bigline_ad,SHORT,2026-06-12 13:13:09,2026-06-12 13:18:10,0.08,0.08679,0.08706,-31.1,-42.1,0,0
doge_bybit_perp,bigline_ad,LONG,2026-06-12 13:30:00,2026-06-12 13:30:03,0.0,0.08706,0.08675,-35.6,-46.6,0,0
doge_bybit_perp,bigline_ad,SHORT,2026-06-12 13:34:01,2026-06-12 13:35:23,0.02,0.08669,0.08689,-23.1,-34.1,0,0
doge_bybit_perp,bigline_ad,LONG,2026-06-12 13:43:37,2026-06-12 13:56:12,0.21,0.08693,0.08671,-25.3,-36.3,0,0
doge_bybit_perp,bigline_ad,LONG,2026-06-12 14:07:20,2026-06-12 14:13:40,0.11,0.0873,0.0873,0.0,-11.0,0,0
doge_bybit_perp,bigline_ad,LONG,2026-06-12 14:25:20,2026-06-12 14:43:20,0.3,0.08844,0.09082,269.1,258.1,1,0
doge_bybit_perp,bigline_ad,SHORT,2026-06-12 15:04:50,2026-06-12 15:24:55,0.33,0.08968,0.08982,-15.6,-26.6,0,0
doge_bybit_perp,bigline_ad,SHORT,2026-06-12 17:54:54,2026-06-12 18:37:36,0.71,0.08786,0.08778,9.1,-1.9,0,0
doge_bybit_perp,bigline_ad,SHORT,2026-06-12 20:50:13,2026-06-12 21:22:02,0.53,0.08738,0.08764,-29.8,-40.8,0,0
doge_bybit_perp,bigline_ad,SHORT,2026-06-12 21:45:36,2026-06-13 03:49:57,6.07,0.08743,0.08631,128.1,117.1,2,0
doge_bybit_perp,bigline_ad,SHORT,2026-06-13 04:03:37,2026-06-13 04:35:04,0.52,0.08612,0.08634,-25.5,-36.5,0,0
doge_bybit_perp,bigline_ad,LONG,2026-06-13 05:10:59,2026-06-13 05:24:34,0.23,0.08621,0.08594,-31.3,-42.3,0,0
doge_bybit_perp,bigline_ad,LONG,2026-06-13 07:11:42,2026-06-13 08:15:07,1.06,0.08664,0.0869,30.0,19.0,0,0
doge_bybit_perp,bigline_ad,LONG,2026-06-13 10:07:47,2026-06-13 10:56:25,0.81,0.08733,0.08716,-19.5,-30.5,0,0
doge_bybit_perp,bigline_ad,LONG,2026-06-13 11:07:53,2026-06-13 14:21:51,3.23,0.08743,0.08802,67.5,56.5,1,0
doge_bybit_perp,bigline_ad,SHORT,2026-06-13 16:14:13,2026-06-13 16:46:25,0.54,0.08802,0.08805,-3.4,-14.4,0,0
doge_bybit_perp,bigline_ad,SHORT,2026-06-13 16:48:26,2026-06-13 17:28:17,0.66,0.08775,0.08758,19.4,8.4,1,0
doge_bybit_perp,bigline_ad,SHORT,2026-06-13 17:55:45,2026-06-13 18:12:48,0.28,0.08738,0.08769,-35.5,-46.5,0,0
doge_bybit_perp,bigline_ad,LONG,2026-06-13 19:40:38,2026-06-13 21:26:06,1.76,0.08782,0.08759,-26.2,-37.2,1,0
doge_bybit_perp,bigline_ad,LONG,2026-06-13 21:34:19,2026-06-13 21:46:32,0.2,0.08771,0.0883,67.3,56.3,1,0
doge_bybit_perp,bigline_ad,SHORT,2026-06-14 01:57:27,2026-06-14 02:03:06,0.09,0.08779,0.08786,-8.0,-19.0,0,0
doge_bybit_perp,bigline_ad,LONG,2026-06-14 02:32:33,2026-06-14 02:47:39,0.25,0.08797,0.08786,-12.5,-23.5,0,0
doge_bybit_perp,bigline_ad,SHORT,2026-06-14 03:37:51,2026-06-14 03:50:41,0.21,0.08781,0.08796,-17.1,-28.1,0,0
doge_bybit_perp,bigline_ad,SHORT,2026-06-14 05:17:15,2026-06-14 05:21:04,0.06,0.08744,0.0875,-6.9,-17.9,0,0
doge_bybit_perp,bigline_ad,SHORT,2026-06-14 08:54:40,2026-06-14 09:41:39,0.78,0.08718,0.08733,-17.2,-28.2,0,0
doge_bybit_perp,bigline_ad,LONG,2026-06-14 11:10:45,2026-06-14 11:57:38,0.78,0.08716,0.08705,-12.6,-23.6,0,0
doge_bybit_perp,bigline_ad,SHORT,2026-06-14 13:19:58,2026-06-14 13:43:10,0.39,0.08638,0.08652,-16.2,-27.2,0,0
doge_bybit_perp,bigline_ad,SHORT,2026-06-14 14:17:31,2026-06-14 16:00:57,1.72,0.08626,0.08636,-11.6,-22.6,0,0
doge_bybit_perp,bigline_ad,LONG,2026-06-14 17:03:18,2026-06-14 17:27:26,0.4,0.08653,0.08637,-18.5,-29.5,0,0
doge_bybit_perp,bigline_ad,SHORT,2026-06-14 17:52:21,2026-06-14 19:10:10,1.3,0.08624,0.08631,-8.1,-19.1,0,0
doge_bybit_perp,bigline_ad,LONG,2026-06-14 20:01:21,2026-06-14 20:04:02,0.04,0.08645,0.08633,-13.9,-24.9,0,0
doge_bybit_perp,bigline_ad,LONG,2026-06-14 21:14:45,2026-06-14 23:26:24,2.19,0.08677,0.08866,217.8,206.8,1,0
doge_bybit_perp,bigline_ad,LONG,2026-06-15 01:37:13,2026-06-15 03:39:36,2.04,0.08851,0.08879,31.6,20.6,2,0
doge_bybit_perp,bigline_ad,SHORT,2026-06-15 04:30:40,2026-06-15 05:27:56,0.95,0.08876,0.08886,-11.3,-22.3,0,0
doge_bybit_perp,bigline_ad,SHORT,2026-06-15 05:37:24,2026-06-15 06:17:46,0.67,0.08867,0.0889,-25.9,-36.9,0,0
doge_bybit_perp,bigline_ad,LONG,2026-06-15 06:26:40,2026-06-15 06:32:09,0.09,0.08895,0.08879,-18.0,-29.0,0,0
doge_bybit_perp,bigline_ad,SHORT,2026-06-15 06:58:49,2026-06-15 07:24:15,0.42,0.0887,0.08871,-1.1,-12.1,1,0
doge_bybit_perp,bigline_ad,SHORT,2026-06-15 08:09:08,2026-06-15 08:31:23,0.37,0.08854,0.08873,-21.5,-32.5,0,0
doge_bybit_perp,bigline_ad,LONG,2026-06-15 08:43:09,2026-06-15 08:48:38,0.09,0.08884,0.08874,-11.3,-22.3,0,0
doge_bybit_perp,bigline_ad,SHORT,2026-06-15 09:21:02,2026-06-15 09:57:24,0.61,0.08854,0.08858,-4.5,-15.5,0,0
doge_bybit_perp,bigline_ad,LONG,2026-06-15 11:06:34,2026-06-15 11:44:53,0.64,0.08929,0.08959,33.6,22.6,0,0
doge_bybit_perp,bigline_ad,LONG,2026-06-15 12:42:09,2026-06-15 13:55:48,1.23,0.08999,0.09003,4.4,-6.6,0,0
doge_bybit_perp,bigline_ad,SHORT,2026-06-15 15:33:23,2026-06-15 15:33:24,0.0,0.08923,0.08925,-2.2,-13.2,0,0
doge_bybit_perp,bigline_ad,LONG,2026-06-15 16:25:40,2026-06-15 16:37:22,0.2,0.09048,0.09029,-21.0,-32.0,0,0
doge_bybit_perp,bigline_ad,SHORT,2026-06-15 18:10:25,2026-06-15 18:17:45,0.12,0.08935,0.08957,-24.6,-35.6,0,0
doge_bybit_perp,bigline_ad,SHORT,2026-06-15 19:18:12,2026-06-15 20:04:53,0.78,0.08921,0.08912,10.1,-0.9,1,0
doge_bybit_perp,bigline_ad,SHORT,2026-06-15 22:17:21,2026-06-15 23:00:24,0.72,0.08861,0.08799,70.0,59.0,1,0
doge_bybit_perp,bigline_ad,SHORT,2026-06-15 23:37:09,2026-06-15 23:50:42,0.23,0.08778,0.08815,-42.2,-53.2,0,0
doge_bybit_perp,bigline_ad,LONG,2026-06-16 00:40:41,2026-06-16 00:50:57,0.17,0.08817,0.08781,-40.8,-51.8,0,0
doge_bybit_perp,bigline_ad,SHORT,2026-06-16 02:00:20,2026-06-16 05:26:01,3.43,0.08775,0.08727,54.7,43.7,1,0
doge_bybit_perp,bigline_ad,LONG,2026-06-16 07:31:07,2026-06-16 10:54:03,3.38,0.08765,0.08834,78.7,67.7,1,0
doge_bybit_perp,bigline_ad,LONG,2026-06-16 12:58:15,2026-06-16 13:07:24,0.15,0.08837,0.08809,-31.7,-42.7,0,0
doge_bybit_perp,bigline_ad,SHORT,2026-06-16 13:35:14,2026-06-16 13:35:15,0.0,0.08738,0.0874,-2.3,-13.3,0,0
doge_bybit_perp,bigline_ad,SHORT,2026-06-16 14:16:34,2026-06-16 17:45:37,3.48,0.08729,0.08687,48.1,37.1,2,0
doge_bybit_perp,bigline_ad,LONG,2026-06-16 18:48:32,2026-06-16 18:52:47,0.07,0.08765,0.08758,-8.0,-19.0,0,0
doge_bybit_perp,bigline_ad,SHORT,2026-06-16 19:53:02,2026-06-16 20:22:01,0.48,0.08727,0.08771,-50.4,-61.4,0,0
doge_bybit_perp,bigline_ad,LONG,2026-06-16 21:54:54,2026-06-16 22:05:18,0.17,0.0875,0.08725,-28.6,-39.6,0,0
doge_bybit_perp,bigline_ad,SHORT,2026-06-16 23:10:45,2026-06-16 23:34:19,0.39,0.08721,0.08731,-11.5,-22.5,0,0
doge_bybit_perp,bigline_ad,SHORT,2026-06-16 23:56:22,2026-06-17 00:33:08,0.61,0.08715,0.08733,-20.7,-31.7,1,0
doge_bybit_perp,bigline_ad,LONG,2026-06-17 00:56:49,2026-06-17 01:16:03,0.32,0.08742,0.08729,-14.9,-25.9,0,0
doge_bybit_perp,bigline_ad,LONG,2026-06-17 02:23:04,2026-06-17 02:35:03,0.2,0.08776,0.08765,-12.5,-23.5,0,0
doge_bybit_perp,bigline_ad,SHORT,2026-06-17 03:15:12,2026-06-17 03:31:50,0.28,0.08746,0.08752,-6.9,-17.9,0,0
doge_bybit_perp,bigline_ad,SHORT,2026-06-17 03:46:00,2026-06-17 04:05:01,0.32,0.08731,0.08751,-22.9,-33.9,0,0
doge_bybit_perp,bigline_ad,SHORT,2026-06-17 05:51:21,2026-06-17 06:48:29,0.95,0.0874,0.08701,44.6,33.6,1,0
doge_bybit_perp,bigline_ad,SHORT,2026-06-17 08:10:27,2026-06-17 10:29:53,2.32,0.08661,0.08606,63.5,52.5,0,0
doge_bybit_perp,bigline_ad,SHORT,2026-06-17 11:02:54,2026-06-17 11:02:55,0.0,0.08582,0.08582,-0.0,-11.0,0,0
doge_bybit_perp,bigline_ad,SHORT,2026-06-17 12:21:13,2026-06-17 12:44:45,0.39,0.08572,0.08601,-33.8,-44.8,0,0
doge_bybit_perp,bigline_ad,LONG,2026-06-17 12:55:40,2026-06-17 13:00:16,0.08,0.08616,0.08618,2.3,-8.7,0,0
doge_bybit_perp,bigline_ad,LONG,2026-06-17 14:08:10,2026-06-17 14:34:34,0.44,0.08638,0.08621,-19.7,-30.7,0,0
doge_bybit_perp,bigline_ad,SHORT,2026-06-17 14:58:39,2026-06-17 15:03:53,0.09,0.086,0.08627,-31.4,-42.4,0,0
doge_bybit_perp,bigline_ad,LONG,2026-06-17 17:53:40,2026-06-17 18:00:01,0.11,0.08743,0.08716,-30.9,-41.9,0,0
doge_bybit_perp,bigline_ad,SHORT,2026-06-17 18:25:14,2026-06-17 18:31:06,0.1,0.08648,0.08666,-20.8,-31.8,0,0
doge_bybit_perp,bigline_ad,SHORT,2026-06-17 19:28:51,2026-06-17 19:36:08,0.12,0.08567,0.08579,-14.0,-25.0,0,0
doge_bybit_perp,bigline_ad,SHORT,2026-06-17 21:47:14,2026-06-18 00:10:40,2.39,0.0855,0.08625,-87.7,-98.7,0,0
doge_bybit_perp,bigline_ad,LONG,2026-06-18 02:21:02,2026-06-18 02:46:09,0.42,0.08625,0.08611,-16.2,-27.2,0,0
doge_bybit_perp,bigline_ad,SHORT,2026-06-18 03:21:31,2026-06-18 04:54:13,1.54,0.08594,0.08461,154.8,143.8,1,0
doge_bybit_perp,bigline_ad,SHORT,2026-06-18 08:03:50,2026-06-18 08:09:27,0.09,0.08476,0.08509,-38.9,-49.9,0,0
doge_bybit_perp,bigline_ad,LONG,2026-06-18 09:45:17,2026-06-18 10:07:21,0.37,0.08511,0.08482,-34.1,-45.1,0,0
doge_bybit_perp,bigline_ad,SHORT,2026-06-18 11:05:54,2026-06-18 12:01:56,0.93,0.08476,0.08454,26.0,15.0,1,0
doge_bybit_perp,bigline_ad,LONG,2026-06-18 12:48:20,2026-06-18 13:13:27,0.42,0.08474,0.08464,-11.8,-22.8,0,0
doge_bybit_perp,bigline_ad,SHORT,2026-06-18 13:57:12,2026-06-18 14:03:33,0.11,0.08388,0.08412,-28.6,-39.6,0,0
doge_bybit_perp,bigline_ad,LONG,2026-06-18 14:40:07,2026-06-18 14:41:09,0.02,0.08426,0.08406,-23.7,-34.7,0,0
doge_bybit_perp,bigline_ad,SHORT,2026-06-18 15:02:08,2026-06-18 16:20:19,1.3,0.0836,0.0824,143.5,132.5,1,0
doge_bybit_perp,bigline_ad,SHORT,2026-06-18 21:15:18,2026-06-18 22:53:43,1.64,0.08308,0.0834,-38.5,-49.5,1,0
doge_bybit_perp,bigline_ad,LONG,2026-06-18 23:28:00,2026-06-19 00:08:35,0.68,0.08334,0.08338,4.8,-6.2,1,0
doge_bybit_perp,bigline_ad,LONG,2026-06-19 00:16:15,2026-06-19 00:35:01,0.31,0.08349,0.08367,21.6,10.6,1,0
doge_bybit_perp,bigline_ad,LONG,2026-06-19 01:16:20,2026-06-19 01:32:52,0.28,0.08375,0.0835,-29.9,-40.9,0,0
doge_bybit_perp,bigline_ad,LONG,2026-06-19 03:01:02,2026-06-19 03:12:51,0.2,0.08367,0.08345,-26.3,-37.3,0,0
doge_bybit_perp,bigline_ad,SHORT,2026-06-19 03:36:10,2026-06-19 03:53:04,0.28,0.08288,0.08282,7.2,-3.8,0,0
doge_bybit_perp,bigline_ad,SHORT,2026-06-19 04:20:50,2026-06-19 06:03:13,1.71,0.08259,0.08264,-6.1,-17.1,0,0
doge_bybit_perp,bigline_ad,SHORT,2026-06-19 07:18:49,2026-06-19 08:37:55,1.32,0.08243,0.08253,-12.1,-23.1,0,0
doge_bybit_perp,bigline_ad,SHORT,2026-06-19 08:42:29,2026-06-19 10:09:18,1.45,0.08242,0.08231,13.3,2.3,1,0
doge_bybit_perp,bigline_ad,LONG,2026-06-19 11:19:39,2026-06-19 11:53:15,0.56,0.08229,0.08231,2.4,-8.6,1,0
doge_bybit_perp,bigline_ad,SHORT,2026-06-19 12:25:37,2026-06-19 12:30:30,0.08,0.0821,0.08223,-15.8,-26.8,0,0
doge_bybit_perp,bigline_ad,SHORT,2026-06-19 12:37:38,2026-06-19 12:38:46,0.02,0.082,0.08219,-23.2,-34.2,0,0
doge_bybit_perp,bigline_ad,LONG,2026-06-19 12:52:43,2026-06-19 12:54:32,0.03,0.08254,0.08258,4.8,-6.2,0,0
doge_bybit_perp,bigline_ad,LONG,2026-06-19 13:30:10,2026-06-19 14:53:55,1.4,0.08266,0.0831,53.2,42.2,1,0
doge_bybit_perp,bigline_ad,SHORT,2026-06-19 17:26:08,2026-06-19 17:34:54,0.15,0.08293,0.08315,-26.5,-37.5,0,0
doge_bybit_perp,bigline_ad,LONG,2026-06-19 18:58:46,2026-06-19 19:10:48,0.2,0.08311,0.08286,-30.1,-41.1,0,0
doge_bybit_perp,bigline_ad,SHORT,2026-06-19 19:57:14,2026-06-19 20:46:06,0.81,0.08286,0.08289,-3.6,-14.6,1,0
doge_bybit_perp,bigline_ad,LONG,2026-06-19 22:00:53,2026-06-20 00:45:52,2.75,0.08292,0.08357,78.4,67.4,2,0
doge_bybit_perp,bigline_ad,SHORT,2026-06-20 02:09:28,2026-06-20 02:34:31,0.42,0.08328,0.08329,-1.2,-12.2,0,0
doge_bybit_perp,bigline_ad,LONG,2026-06-20 05:57:29,2026-06-20 07:06:44,1.15,0.08392,0.08397,6.0,-5.0,0,0
doge_bybit_perp,bigline_ad,LONG,2026-06-20 09:03:25,2026-06-20 10:36:45,1.56,0.08399,0.08384,-17.9,-28.9,0,0
doge_bybit_perp,bigline_ad,SHORT,2026-06-20 11:54:47,2026-06-20 12:09:24,0.24,0.08382,0.08396,-16.7,-27.7,0,0
doge_bybit_perp,bigline_ad,LONG,2026-06-20 12:28:29,2026-06-20 12:36:02,0.13,0.08396,0.08386,-11.9,-22.9,0,0
doge_bybit_perp,bigline_ad,SHORT,2026-06-20 13:20:03,2026-06-20 14:34:53,1.25,0.08368,0.08299,82.5,71.5,1,0
doge_bybit_perp,bigline_ad,LONG,2026-06-20 15:18:19,2026-06-20 15:33:12,0.25,0.08386,0.08374,-14.3,-25.3,0,0
doge_bybit_perp,bigline_ad,SHORT,2026-06-20 20:33:03,2026-06-20 20:41:45,0.14,0.08323,0.08328,-6.0,-17.0,0,0
doge_bybit_perp,bigline_ad,LONG,2026-06-20 21:39:57,2026-06-20 21:52:32,0.21,0.08354,0.08341,-15.6,-26.6,0,0
doge_bybit_perp,bigline_ad,LONG,2026-06-20 22:24:48,2026-06-20 22:42:12,0.29,0.08382,0.08379,-3.6,-14.6,0,0
doge_bybit_perp,bigline_ad,LONG,2026-06-20 23:15:42,2026-06-20 23:15:57,0.0,0.08397,0.08384,-15.5,-26.5,0,0
doge_bybit_perp,bigline_ad,SHORT,2026-06-21 02:53:24,2026-06-21 03:13:17,0.33,0.08353,0.08352,1.2,-9.8,0,0
doge_bybit_perp,bigline_ad,LONG,2026-06-21 03:34:11,2026-06-21 03:41:50,0.13,0.08369,0.0836,-10.8,-21.8,0,0
doge_bybit_perp,bigline_ad,SHORT,2026-06-21 05:45:34,2026-06-21 05:55:00,0.16,0.08322,0.08317,6.0,-5.0,0,0
doge_bybit_perp,bigline_ad,LONG,2026-06-21 07:31:34,2026-06-21 08:17:01,0.76,0.08344,0.08332,-14.4,-25.4,0,0
doge_bybit_perp,bigline_ad,SHORT,2026-06-21 09:18:26,2026-06-21 09:21:33,0.05,0.08296,0.08307,-13.3,-24.3,0,0
doge_bybit_perp,bigline_ad,SHORT,2026-06-21 12:15:22,2026-06-21 12:27:05,0.2,0.08295,0.08313,-21.7,-32.7,0,0
doge_bybit_perp,bigline_ad,LONG,2026-06-21 13:39:16,2026-06-21 15:52:32,2.22,0.08332,0.0834,9.6,-1.4,1,0
doge_bybit_perp,bigline_ad,LONG,2026-06-21 16:22:27,2026-06-21 16:34:16,0.2,0.08341,0.08322,-22.8,-33.8,0,0
doge_bybit_perp,bigline_ad,LONG,2026-06-21 17:46:27,2026-06-21 18:01:35,0.25,0.08334,0.08317,-20.4,-31.4,0,0
doge_bybit_perp,bigline_ad,LONG,2026-06-21 19:02:07,2026-06-21 19:04:50,0.05,0.08355,0.08348,-8.4,-19.4,0,0
doge_bybit_perp,bigline_ad,SHORT,2026-06-21 22:09:12,2026-06-21 22:55:04,0.76,0.08271,0.08292,-25.4,-36.4,0,0
doge_bybit_perp,bigline_ad,LONG,2026-06-22 00:57:58,2026-06-22 01:10:23,0.21,0.08311,0.083,-13.2,-24.2,0,0
doge_bybit_perp,bigline_ad,LONG,2026-06-22 01:18:24,2026-06-22 02:50:22,1.53,0.0833,0.08338,9.6,-1.4,0,0
doge_bybit_perp,bigline_ad,SHORT,2026-06-22 03:55:44,2026-06-22 04:46:35,0.85,0.08293,0.0831,-20.5,-31.5,0,0
doge_bybit_perp,bigline_ad,SHORT,2026-06-22 06:07:05,2026-06-22 06:10:12,0.05,0.08318,0.0835,-38.5,-49.5,0,0
doge_bybit_perp,bigline_ad,LONG,2026-06-22 08:09:41,2026-06-22 09:07:41,0.97,0.0835,0.08358,9.6,-1.4,2,0
doge_bybit_perp,bigline_ad,LONG,2026-06-22 10:02:37,2026-06-22 10:38:03,0.59,0.08374,0.0836,-16.7,-27.7,0,0
doge_bybit_perp,bigline_ad,LONG,2026-06-22 11:12:34,2026-06-22 11:16:44,0.07,0.08403,0.08386,-20.2,-31.2,0,0
doge_bybit_perp,bigline_ad,LONG,2026-06-22 12:48:43,2026-06-22 13:07:50,0.32,0.0845,0.08439,-13.0,-24.0,0,0
doge_bybit_perp,bigline_ad,LONG,2026-06-22 13:35:52,2026-06-22 14:17:34,0.69,0.08463,0.08432,-36.6,-47.6,0,0
doge_bybit_perp,bigline_ad,SHORT,2026-06-22 15:06:48,2026-06-22 15:12:38,0.1,0.08371,0.08404,-39.4,-50.4,0,0
doge_bybit_perp,bigline_ad,SHORT,2026-06-22 18:28:50,2026-06-22 20:37:17,2.14,0.08312,0.08288,28.9,17.9,1,0
doge_bybit_perp,bigline_ad,SHORT,2026-06-22 22:20:58,2026-06-22 22:33:42,0.21,0.08258,0.08218,48.4,37.4,1,0
doge_bybit_perp,bigline_ad,LONG,2026-06-23 00:31:26,2026-06-23 01:46:58,1.26,0.08223,0.08193,-36.5,-47.5,0,0
doge_bybit_perp,bigline_ad,SHORT,2026-06-23 03:03:24,2026-06-23 03:58:13,0.91,0.08193,0.0822,-33.0,-44.0,0,0
doge_bybit_perp,bigline_ad,SHORT,2026-06-23 06:06:30,2026-06-23 08:04:43,1.97,0.08145,0.07975,208.7,197.7,1,0
doge_bybit_perp,bigline_ad,SHORT,2026-06-23 12:33:32,2026-06-23 13:31:52,0.97,0.07942,0.07931,13.9,2.9,2,0
doge_bybit_perp,bigline_ad,LONG,2026-06-23 13:42:15,2026-06-23 13:45:59,0.06,0.07952,0.0794,-15.1,-26.1,0,0
doge_bybit_perp,bigline_ad,LONG,2026-06-23 13:53:10,2026-06-23 13:53:45,0.01,0.07968,0.07957,-13.8,-24.8,0,0
doge_bybit_perp,bigline_ad,SHORT,2026-06-23 14:05:34,2026-06-23 14:14:50,0.15,0.07944,0.07968,-30.2,-41.2,1,0
doge_bybit_perp,bigline_ad,SHORT,2026-06-23 14:31:37,2026-06-23 14:35:58,0.07,0.0793,0.07941,-13.9,-24.9,0,0
doge_bybit_perp,bigline_ad,SHORT,2026-06-23 15:47:09,2026-06-23 15:56:34,0.16,0.0785,0.07863,-16.6,-27.6,0,0
doge_bybit_perp,bigline_ad,LONG,2026-06-23 17:25:51,2026-06-23 17:52:21,0.44,0.07894,0.07862,-40.5,-51.5,0,0
doge_bybit_perp,bigline_ad,SHORT,2026-06-23 18:39:00,2026-06-23 19:04:52,0.43,0.07851,0.07863,-15.3,-26.3,0,0
doge_bybit_perp,bigline_ad,SHORT,2026-06-23 19:18:27,2026-06-23 20:07:28,0.82,0.07846,0.07869,-29.3,-40.3,0,0
doge_bybit_perp,bigline_ad,LONG,2026-06-23 21:02:02,2026-06-23 23:01:05,1.98,0.07853,0.07878,31.8,20.8,1,0
doge_bybit_perp,bigline_ad,LONG,2026-06-24 00:08:03,2026-06-24 01:05:43,0.96,0.079,0.07894,-7.6,-18.6,1,0
doge_bybit_perp,bigline_ad,SHORT,2026-06-24 01:16:42,2026-06-24 01:24:33,0.13,0.07892,0.07912,-25.3,-36.3,0,0
doge_bybit_perp,bigline_ad,LONG,2026-06-24 02:41:25,2026-06-24 02:58:48,0.29,0.0793,0.07906,-30.3,-41.3,0,0
doge_bybit_perp,bigline_ad,SHORT,2026-06-24 03:59:03,2026-06-24 05:32:48,1.56,0.07905,0.07931,-32.9,-43.9,0,0
doge_bybit_perp,bigline_ad,LONG,2026-06-24 08:16:02,2026-06-24 09:20:17,1.07,0.07896,0.07882,-17.7,-28.7,0,0
doge_bybit_perp,bigline_ad,SHORT,2026-06-24 10:10:48,2026-06-24 11:38:17,1.46,0.07879,0.07859,25.4,14.4,1,0
doge_bybit_perp,bigline_ad,SHORT,2026-06-24 13:41:12,2026-06-24 15:18:13,1.62,0.07734,0.07662,93.1,82.1,0,0
doge_bybit_perp,bigline_ad,SHORT,2026-06-24 16:51:04,2026-06-24 17:45:07,0.9,0.07451,0.07346,140.9,129.9,1,0
doge_bybit_perp,bigline_ad,LONG,2026-06-25 00:02:11,2026-06-25 00:18:31,0.27,0.07621,0.07618,-3.9,-14.9,0,0
doge_bybit_perp,bigline_ad,SHORT,2026-06-25 03:10:20,2026-06-25 03:38:21,0.47,0.07608,0.07598,13.1,2.1,1,0
doge_bybit_perp,bigline_ad,LONG,2026-06-25 09:11:18,2026-06-25 09:18:27,0.12,0.07712,0.07704,-10.4,-21.4,0,0
doge_bybit_perp,bigline_ad,SHORT,2026-06-25 10:19:25,2026-06-25 13:23:05,3.06,0.07682,0.07617,84.6,73.6,1,0
doge_bybit_perp,bigline_ad,SHORT,2026-06-25 14:16:43,2026-06-25 14:20:22,0.06,0.07297,0.07362,-89.1,-100.1,0,0
doge_bybit_perp,bigline_ad,SHORT,2026-06-25 16:44:04,2026-06-25 17:11:14,0.45,0.07328,0.07414,-117.4,-128.4,0,0
doge_bybit_perp,bigline_ad,SHORT,2026-06-25 20:53:08,2026-06-25 21:09:38,0.28,0.07342,0.07385,-58.6,-69.6,0,0
doge_bybit_perp,bigline_ad,SHORT,2026-06-26 02:54:31,2026-06-26 03:10:33,0.27,0.0726,0.07309,-67.5,-78.5,0,0
doge_bybit_perp,bigline_ad,LONG,2026-06-26 06:22:30,2026-06-26 06:23:01,0.01,0.07464,0.07458,-8.0,-19.0,0,0
doge_bybit_perp,bigline_ad,LONG,2026-06-26 07:53:08,2026-06-26 08:12:39,0.33,0.07503,0.07473,-40.0,-51.0,0,0
doge_bybit_perp,bigline_ad,SHORT,2026-06-26 12:35:25,2026-06-26 13:10:00,0.58,0.07389,0.07323,89.3,78.3,1,0
doge_bybit_perp,bigline_ad,LONG,2026-06-26 14:24:41,2026-06-26 14:26:44,0.03,0.07461,0.07455,-8.0,-19.0,0,0
doge_bybit_perp,bigline_ad,LONG,2026-06-26 16:00:33,2026-06-26 16:20:58,0.34,0.07519,0.07464,-73.1,-84.1,0,0
doge_bybit_perp,bigline_ad,LONG,2026-06-26 16:34:49,2026-06-26 20:23:18,3.81,0.07529,0.07564,46.5,35.5,2,0
doge_bybit_perp,bigline_ad,SHORT,2026-06-26 21:55:28,2026-06-26 23:01:32,1.1,0.07556,0.07571,-19.9,-30.9,0,0
doge_bybit_perp,bigline_ad,SHORT,2026-06-27 01:10:02,2026-06-27 01:14:26,0.07,0.07524,0.0753,-8.0,-19.0,0,0
doge_bybit_perp,bigline_ad,LONG,2026-06-27 02:40:32,2026-06-27 02:57:31,0.28,0.07595,0.07586,-11.8,-22.8,0,0
doge_bybit_perp,bigline_ad,SHORT,2026-06-27 03:46:36,2026-06-27 04:03:53,0.29,0.07562,0.0757,-10.6,-21.6,0,0
doge_bybit_perp,bigline_ad,SHORT,2026-06-27 06:02:49,2026-06-27 06:30:49,0.47,0.07557,0.0757,-17.2,-28.2,0,0
doge_bybit_perp,bigline_ad,LONG,2026-06-27 07:20:20,2026-06-27 08:11:34,0.85,0.07568,0.07563,-6.6,-17.6,0,0
doge_bybit_perp,bigline_ad,SHORT,2026-06-27 09:02:53,2026-06-27 09:05:50,0.05,0.07544,0.07558,-18.6,-29.6,0,0
doge_bybit_perp,bigline_ad,SHORT,2026-06-27 10:46:22,2026-06-27 10:57:06,0.18,0.07524,0.0753,-8.0,-19.0,0,0
doge_bybit_perp,bigline_ad,LONG,2026-06-27 16:31:02,2026-06-27 17:01:47,0.51,0.07618,0.07598,-26.3,-37.3,0,0
doge_bybit_perp,bigline_ad,SHORT,2026-06-27 17:31:56,2026-06-27 17:32:03,0.0,0.07565,0.07571,-7.9,-18.9,0,0
doge_bybit_perp,bigline_ad,SHORT,2026-06-27 21:40:18,2026-06-27 22:34:46,0.91,0.0746,0.07462,-2.7,-13.7,0,0
doge_bybit_perp,bigline_ad,SHORT,2026-06-27 23:16:11,2026-06-28 01:27:09,2.18,0.07448,0.07455,-9.4,-20.4,1,0
doge_bybit_perp,bigline_ad,SHORT,2026-06-28 02:07:38,2026-06-28 04:24:05,2.27,0.0744,0.07417,30.9,19.9,3,0
doge_bybit_perp,bigline_ad,SHORT,2026-06-28 04:55:37,2026-06-28 07:02:04,2.11,0.07401,0.07365,48.6,37.6,1,0
doge_bybit_perp,bigline_ad,SHORT,2026-06-28 07:32:00,2026-06-28 07:37:43,0.1,0.07343,0.0737,-36.8,-47.8,0,0
doge_bybit_perp,bigline_ad,LONG,2026-06-28 09:11:17,2026-06-28 09:26:07,0.25,0.07417,0.07398,-25.6,-36.6,0,0
doge_bybit_perp,bigline_ad,SHORT,2026-06-28 10:24:32,2026-06-28 10:53:46,0.49,0.07345,0.07344,1.4,-9.6,0,0
doge_bybit_perp,bigline_ad,SHORT,2026-06-28 11:08:37,2026-06-28 11:22:47,0.24,0.07335,0.07362,-36.8,-47.8,0,0
doge_bybit_perp,bigline_ad,LONG,2026-06-28 12:28:31,2026-06-28 13:03:03,0.58,0.07365,0.07337,-38.0,-49.0,0,0
doge_bybit_perp,bigline_ad,SHORT,2026-06-28 13:55:05,2026-06-28 14:06:45,0.19,0.07349,0.07359,-13.6,-24.6,0,0
doge_bybit_perp,bigline_ad,LONG,2026-06-28 14:33:36,2026-06-28 14:38:06,0.07,0.07383,0.07372,-14.9,-25.9,0,0
doge_bybit_perp,bigline_ad,SHORT,2026-06-28 15:08:46,2026-06-28 15:18:22,0.16,0.07364,0.07384,-27.2,-38.2,0,0
doge_bybit_perp,bigline_ad,LONG,2026-06-28 15:33:29,2026-06-28 15:36:23,0.05,0.07379,0.07364,-20.3,-31.3,0,0
doge_bybit_perp,bigline_ad,SHORT,2026-06-28 15:46:37,2026-06-28 15:52:28,0.1,0.07353,0.0736,-9.5,-20.5,0,0
doge_bybit_perp,bigline_ad,SHORT,2026-06-28 15:53:45,2026-06-28 16:05:51,0.2,0.07346,0.07356,-13.6,-24.6,0,0
doge_bybit_perp,bigline_ad,SHORT,2026-06-28 16:09:21,2026-06-28 17:07:07,0.96,0.0734,0.07337,4.1,-6.9,0,0
doge_bybit_perp,bigline_ad,SHORT,2026-06-28 17:10:53,2026-06-28 18:03:07,0.87,0.07312,0.07326,-19.1,-30.1,0,0
doge_bybit_perp,bigline_ad,SHORT,2026-06-28 18:35:30,2026-06-28 18:57:22,0.36,0.07295,0.0732,-34.3,-45.3,0,0
doge_bybit_perp,bigline_ad,LONG,2026-06-28 22:22:47,2026-06-28 22:35:01,0.2,0.07303,0.07279,-32.9,-43.9,0,0
doge_bybit_perp,bigline_ad,LONG,2026-06-29 00:12:55,2026-06-29 00:20:56,0.13,0.07313,0.07277,-49.2,-60.2,0,0
doge_bybit_perp,bigline_ad,LONG,2026-06-29 01:37:02,2026-06-29 02:06:53,0.5,0.07288,0.07261,-37.0,-48.0,0,0
doge_bybit_perp,bigline_ad,LONG,2026-06-29 05:23:53,2026-06-29 09:52:36,4.48,0.07246,0.07259,17.9,6.9,2,0
doge_bybit_perp,bigline_ad,SHORT,2026-06-29 11:33:00,2026-06-29 12:02:48,0.5,0.07284,0.07297,-17.8,-28.8,1,0
doge_bybit_perp,bigline_ad,LONG,2026-06-29 13:01:02,2026-06-29 13:25:12,0.4,0.07308,0.07284,-32.8,-43.8,0,0
doge_bybit_perp,bigline_ad,SHORT,2026-06-29 13:35:52,2026-06-29 14:28:57,0.88,0.07286,0.07251,48.0,37.0,1,0
doge_bybit_perp,bigline_ad,LONG,2026-06-29 14:54:38,2026-06-29 15:05:03,0.17,0.07262,0.07212,-68.9,-79.9,0,0
doge_bybit_perp,bigline_ad,LONG,2026-06-29 16:39:51,2026-06-29 22:01:50,5.37,0.07246,0.07381,186.3,175.3,1,0
doge_bybit_perp,bigline_ad,SHORT,2026-06-30 00:23:22,2026-06-30 02:12:24,1.82,0.07329,0.07233,131.0,120.0,1,0
doge_bybit_perp,bigline_ad,SHORT,2026-06-30 05:00:13,2026-06-30 05:55:37,0.92,0.07238,0.07238,-0.0,-11.0,0,0
doge_bybit_perp,bigline_ad,SHORT,2026-06-30 07:08:58,2026-06-30 08:50:22,1.69,0.07236,0.0722,22.1,11.1,2,0
doge_bybit_perp,bigline_ad,LONG,2026-06-30 09:36:06,2026-06-30 10:25:42,0.83,0.07233,0.07234,1.4,-9.6,1,0
doge_bybit_perp,bigline_ad,SHORT,2026-06-30 11:53:43,2026-06-30 12:04:41,0.18,0.07211,0.071,153.9,142.9,1,0
doge_bybit_perp,bigline_ad,SHORT,2026-06-30 14:46:57,2026-06-30 16:10:15,1.39,0.07045,0.07121,-107.9,-118.9,0,0
doge_bybit_perp,bigline_ad,LONG,2026-06-30 18:09:29,2026-06-30 18:10:26,0.02,0.07146,0.07139,-9.8,-20.8,0,0
doge_bybit_perp,bigline_ad,LONG,2026-06-30 19:02:03,2026-06-30 19:21:54,0.33,0.07242,0.07214,-38.7,-49.7,0,0
doge_bybit_perp,bigline_ad,SHORT,2026-06-30 23:41:31,2026-06-30 23:41:32,0.0,0.07182,0.07182,-0.0,-11.0,0,0
doge_bybit_perp,bigline_ad,LONG,2026-07-01 00:15:14,2026-07-01 00:19:16,0.07,0.07206,0.07193,-18.0,-29.0,0,0
doge_bybit_perp,bigline_ad,SHORT,2026-07-01 00:35:25,2026-07-01 01:38:46,1.06,0.07189,0.07158,43.1,32.1,1,0
doge_bybit_perp,bigline_ad,LONG,2026-07-01 07:22:37,2026-07-01 08:14:29,0.86,0.07145,0.07113,-44.8,-55.8,0,0
doge_bybit_perp,bigline_ad,SHORT,2026-07-01 11:01:36,2026-07-01 11:08:05,0.11,0.07079,0.07098,-26.8,-37.8,0,0
doge_bybit_perp,bigline_ad,LONG,2026-07-01 12:10:03,2026-07-01 12:42:58,0.55,0.07102,0.07112,14.1,3.1,1,0
doge_bybit_perp,bigline_ad,LONG,2026-07-01 13:21:45,2026-07-01 13:30:09,0.14,0.07169,0.07152,-23.7,-34.7,0,0
doge_bybit_perp,bigline_ad,SHORT,2026-07-01 13:33:04,2026-07-01 13:37:03,0.07,0.07153,0.07182,-40.5,-51.5,0,0
doge_bybit_perp,bigline_ad,LONG,2026-07-01 15:01:39,2026-07-01 16:44:07,1.71,0.07274,0.07314,55.0,44.0,0,0
doge_bybit_perp,bigline_ad,LONG,2026-07-01 17:40:36,2026-07-01 18:47:18,1.11,0.07317,0.07308,-12.3,-23.3,0,0
doge_bybit_perp,bigline_ad,LONG,2026-07-01 19:02:04,2026-07-01 19:31:29,0.49,0.07319,0.07301,-24.6,-35.6,0,0
doge_bybit_perp,bigline_ad,LONG,2026-07-01 21:38:48,2026-07-01 22:28:13,0.82,0.0734,0.07341,1.4,-9.6,0,0
doge_bybit_perp,bigline_ad,SHORT,2026-07-02 02:10:47,2026-07-02 02:37:50,0.45,0.07222,0.07258,-49.8,-60.8,0,0
doge_bybit_perp,bigline_ad,LONG,2026-07-02 04:51:38,2026-07-02 05:02:42,0.18,0.07326,0.07304,-30.0,-41.0,0,0
doge_bybit_perp,bigline_ad,SHORT,2026-07-02 06:47:03,2026-07-02 07:49:47,1.05,0.07253,0.07257,-5.5,-16.5,0,0
doge_bybit_perp,bigline_ad,LONG,2026-07-02 09:28:29,2026-07-02 10:20:00,0.86,0.07297,0.07367,95.9,84.9,1,0
doge_bybit_perp,bigline_ad,LONG,2026-07-02 12:10:06,2026-07-02 13:30:21,1.34,0.07431,0.07433,2.7,-8.3,1,0
doge_bybit_perp,bigline_ad,LONG,2026-07-02 13:31:59,2026-07-02 14:20:10,0.8,0.07486,0.07495,12.0,1.0,1,0
doge_bybit_perp,bigline_ad,SHORT,2026-07-02 16:17:56,2026-07-02 16:49:37,0.53,0.07434,0.07461,-36.3,-47.3,0,0
doge_bybit_perp,bigline_ad,SHORT,2026-07-02 18:55:14,2026-07-02 19:32:31,0.62,0.07429,0.07423,8.1,-2.9,1,0
doge_bybit_perp,bigline_ad,SHORT,2026-07-02 22:05:57,2026-07-02 22:55:00,0.82,0.07389,0.07404,-20.3,-31.3,0,0
doge_bybit_perp,bigline_ad,LONG,2026-07-02 23:18:44,2026-07-02 23:51:22,0.54,0.07401,0.07406,6.8,-4.2,0,0
xrp_bybit_perp,bigline_ad,LONG,2026-06-03 00:26:55,2026-06-03 00:29:55,0.05,1.2221,1.2197,-19.6,-30.6,0,0
xrp_bybit_perp,bigline_ad,SHORT,2026-06-03 02:01:25,2026-06-03 02:17:15,0.26,1.2216,1.2228,-9.8,-20.8,0,0
xrp_bybit_perp,bigline_ad,SHORT,2026-06-03 02:48:05,2026-06-03 03:06:00,0.3,1.218,1.2221,-33.7,-44.7,0,0
xrp_bybit_perp,bigline_ad,LONG,2026-06-03 09:50:00,2026-06-03 10:15:57,0.43,1.2395,1.2393,-1.6,-12.6,1,0
xrp_bybit_perp,bigline_ad,SHORT,2026-06-03 12:13:43,2026-06-03 12:26:30,0.21,1.2336,1.2346,-8.1,-19.1,0,0
xrp_bybit_perp,bigline_ad,SHORT,2026-06-03 13:04:27,2026-06-03 14:15:15,1.18,1.2332,1.233,1.6,-9.4,2,0
xrp_bybit_perp,bigline_ad,SHORT,2026-06-03 14:19:12,2026-06-03 14:39:47,0.34,1.2281,1.2331,-40.7,-51.7,0,0
xrp_bybit_perp,bigline_ad,SHORT,2026-06-03 15:32:37,2026-06-03 16:05:05,0.54,1.2238,1.2257,-15.5,-26.5,1,0
xrp_bybit_perp,bigline_ad,SHORT,2026-06-03 16:18:07,2026-06-03 16:30:03,0.2,1.2199,1.2123,62.3,51.3,0,0
xrp_bybit_perp,bigline_ad,SHORT,2026-06-03 17:04:49,2026-06-03 17:33:39,0.48,1.2172,1.2259,-71.5,-82.5,0,0
xrp_bybit_perp,bigline_ad,SHORT,2026-06-03 19:15:50,2026-06-03 19:45:41,0.5,1.2144,1.212,19.8,8.8,0,0
xrp_bybit_perp,bigline_ad,SHORT,2026-06-03 19:51:35,2026-06-03 20:27:51,0.6,1.206,1.2053,5.8,-5.2,1,0
xrp_bybit_perp,bigline_ad,SHORT,2026-06-03 20:37:29,2026-06-03 21:08:57,0.52,1.1984,1.2056,-60.1,-71.1,0,0
xrp_bybit_perp,bigline_ad,LONG,2026-06-04 00:05:13,2026-06-04 00:24:09,0.32,1.206,1.2029,-25.7,-36.7,0,0
xrp_bybit_perp,bigline_ad,SHORT,2026-06-04 00:37:23,2026-06-04 00:43:40,0.1,1.188,1.1919,-32.8,-43.8,0,0
xrp_bybit_perp,bigline_ad,LONG,2026-06-04 01:03:52,2026-06-04 01:09:20,0.09,1.1956,1.1867,-74.4,-85.4,0,0
xrp_bybit_perp,bigline_ad,LONG,2026-06-04 06:17:07,2026-06-04 06:24:32,0.12,1.1955,1.1953,-1.7,-12.7,0,0
xrp_bybit_perp,bigline_ad,SHORT,2026-06-04 10:48:21,2026-06-04 11:20:58,0.54,1.1496,1.1504,-7.0,-18.0,0,0
xrp_bybit_perp,bigline_ad,SHORT,2026-06-04 11:37:54,2026-06-04 12:03:01,0.42,1.1474,1.1579,-91.5,-102.5,0,0
xrp_bybit_perp,bigline_ad,LONG,2026-06-04 12:17:13,2026-06-04 14:26:53,2.16,1.1572,1.1715,123.6,112.6,1,0
xrp_bybit_perp,bigline_ad,LONG,2026-06-04 15:05:48,2026-06-04 15:47:49,0.7,1.1781,1.1697,-71.3,-82.3,0,0
xrp_bybit_perp,bigline_ad,SHORT,2026-06-04 17:16:54,2026-06-04 18:24:39,1.13,1.1689,1.1721,-27.4,-38.4,1,0
xrp_bybit_perp,bigline_ad,LONG,2026-06-04 18:48:49,2026-06-04 18:48:50,0.0,1.1819,1.1823,3.4,-7.6,0,0
xrp_bybit_perp,bigline_ad,SHORT,2026-06-04 20:53:48,2026-06-04 21:02:31,0.15,1.1711,1.1768,-48.7,-59.7,0,0
xrp_bybit_perp,bigline_ad,SHORT,2026-06-04 22:00:01,2026-06-04 22:01:41,0.03,1.157,1.1586,-13.8,-24.8,0,0
xrp_bybit_perp,bigline_ad,SHORT,2026-06-04 22:34:52,2026-06-04 22:55:35,0.35,1.1548,1.1624,-65.8,-76.8,0,0
xrp_bybit_perp,bigline_ad,LONG,2026-06-04 23:31:57,2026-06-05 00:18:14,0.77,1.1648,1.1616,-27.5,-38.5,0,0
xrp_bybit_perp,bigline_ad,SHORT,2026-06-05 01:22:12,2026-06-05 01:30:03,0.13,1.1529,1.1566,-32.1,-43.1,0,0
xrp_bybit_perp,bigline_ad,LONG,2026-06-05 01:56:49,2026-06-05 02:02:25,0.09,1.1582,1.1532,-43.2,-54.2,0,0
xrp_bybit_perp,bigline_ad,SHORT,2026-06-05 03:42:08,2026-06-05 04:07:10,0.42,1.136,1.1414,-47.5,-58.5,0,0
xrp_bybit_perp,bigline_ad,LONG,2026-06-05 04:54:32,2026-06-05 05:37:36,0.72,1.1419,1.1335,-73.6,-84.6,1,0
xrp_bybit_perp,bigline_ad,SHORT,2026-06-05 06:13:24,2026-06-05 06:43:46,0.51,1.1159,1.1128,27.8,16.8,0,0
xrp_bybit_perp,bigline_ad,SHORT,2026-06-05 07:12:00,2026-06-05 07:24:02,0.2,1.1056,1.1168,-101.3,-112.3,0,0
xrp_bybit_perp,bigline_ad,LONG,2026-06-05 09:02:39,2026-06-05 11:08:00,2.09,1.1294,1.1293,-0.9,-11.9,0,0
xrp_bybit_perp,bigline_ad,LONG,2026-06-05 11:22:11,2026-06-05 11:38:27,0.27,1.1321,1.123,-80.4,-91.4,0,0
xrp_bybit_perp,bigline_ad,SHORT,2026-06-05 12:31:11,2026-06-05 13:00:38,0.49,1.116,1.1215,-49.3,-60.3,0,0
xrp_bybit_perp,bigline_ad,SHORT,2026-06-05 14:26:14,2026-06-05 14:34:45,0.14,1.1062,1.1106,-39.8,-50.8,0,0
xrp_bybit_perp,bigline_ad,SHORT,2026-06-05 15:37:07,2026-06-05 16:14:05,0.62,1.0981,1.1029,-43.7,-54.7,1,0
xrp_bybit_perp,bigline_ad,LONG,2026-06-05 16:50:16,2026-06-05 17:11:57,0.36,1.1116,1.1087,-26.1,-37.1,0,0
xrp_bybit_perp,bigline_ad,LONG,2026-06-05 17:40:41,2026-06-05 18:20:07,0.66,1.1106,1.1002,-93.6,-104.6,0,0
xrp_bybit_perp,bigline_ad,SHORT,2026-06-05 20:03:41,2026-06-05 20:09:10,0.09,1.0903,1.1041,-126.6,-137.6,0,0
xrp_bybit_perp,bigline_ad,LONG,2026-06-05 22:49:18,2026-06-05 23:15:35,0.44,1.1098,1.1022,-68.5,-79.5,0,0
xrp_bybit_perp,bigline_ad,SHORT,2026-06-06 01:16:28,2026-06-06 04:01:36,2.75,1.1058,1.0878,162.8,151.8,3,0
xrp_bybit_perp,bigline_ad,SHORT,2026-06-06 05:01:05,2026-06-06 05:10:30,0.16,1.0527,1.0627,-95.0,-106.0,0,0
xrp_bybit_perp,bigline_ad,LONG,2026-06-06 05:47:04,2026-06-06 05:53:01,0.1,1.088,1.0867,-11.9,-22.9,0,0
xrp_bybit_perp,bigline_ad,LONG,2026-06-06 07:08:17,2026-06-06 09:45:33,2.62,1.0934,1.0954,18.3,7.3,1,0
xrp_bybit_perp,bigline_ad,SHORT,2026-06-06 12:20:26,2026-06-06 12:48:19,0.46,1.0853,1.092,-61.7,-72.7,0,0
xrp_bybit_perp,bigline_ad,LONG,2026-06-06 15:21:28,2026-06-06 17:23:44,2.04,1.0932,1.0871,-55.8,-66.8,1,0
xrp_bybit_perp,bigline_ad,SHORT,2026-06-06 17:38:49,2026-06-06 18:28:50,0.83,1.0857,1.0844,12.0,1.0,0,0
xrp_bybit_perp,bigline_ad,SHORT,2026-06-06 19:25:05,2026-06-06 21:10:19,1.75,1.0834,1.0868,-31.4,-42.4,0,0
xrp_bybit_perp,bigline_ad,LONG,2026-06-06 22:16:42,2026-06-06 22:24:12,0.12,1.0868,1.0825,-39.6,-50.6,0,0
xrp_bybit_perp,bigline_ad,LONG,2026-06-06 23:30:25,2026-06-07 00:41:29,1.18,1.0891,1.0925,31.2,20.2,1,0
xrp_bybit_perp,bigline_ad,LONG,2026-06-07 02:46:10,2026-06-07 03:36:08,0.83,1.1151,1.1194,38.6,27.6,0,0
xrp_bybit_perp,bigline_ad,LONG,2026-06-07 04:38:58,2026-06-07 05:29:10,0.84,1.1188,1.1207,17.0,6.0,1,0
xrp_bybit_perp,bigline_ad,SHORT,2026-06-07 06:00:42,2026-06-07 06:23:20,0.38,1.1186,1.1212,-23.2,-34.2,0,0
xrp_bybit_perp,bigline_ad,LONG,2026-06-07 07:07:20,2026-06-07 10:02:20,2.92,1.1269,1.1395,111.8,100.8,1,0
xrp_bybit_perp,bigline_ad,SHORT,2026-06-07 14:40:25,2026-06-07 15:28:50,0.81,1.1309,1.1325,-14.1,-25.1,0,0
xrp_bybit_perp,bigline_ad,LONG,2026-06-07 17:04:32,2026-06-07 18:49:32,1.75,1.1391,1.1422,27.2,16.2,0,0
xrp_bybit_perp,bigline_ad,SHORT,2026-06-07 19:05:59,2026-06-07 19:49:28,0.72,1.1315,1.1244,62.7,51.7,1,0
xrp_bybit_perp,bigline_ad,LONG,2026-06-07 22:11:38,2026-06-07 22:53:25,0.7,1.1329,1.1564,207.4,196.4,1,0
xrp_bybit_perp,bigline_ad,SHORT,2026-06-08 02:34:44,2026-06-08 03:10:34,0.6,1.1545,1.16,-47.6,-58.6,0,0
xrp_bybit_perp,bigline_ad,SHORT,2026-06-08 04:20:54,2026-06-08 04:50:17,0.49,1.1433,1.1438,-4.4,-15.4,0,0
xrp_bybit_perp,bigline_ad,LONG,2026-06-08 08:34:36,2026-06-08 08:47:08,0.21,1.1415,1.1366,-42.9,-53.9,0,0
xrp_bybit_perp,bigline_ad,LONG,2026-06-08 09:36:41,2026-06-08 10:25:15,0.81,1.1463,1.1451,-10.5,-21.5,0,0
xrp_bybit_perp,bigline_ad,LONG,2026-06-08 10:34:13,2026-06-08 10:51:04,0.28,1.1481,1.1427,-47.0,-58.0,0,0
xrp_bybit_perp,bigline_ad,LONG,2026-06-08 12:29:17,2026-06-08 13:25:14,0.93,1.1531,1.165,103.2,92.2,1,0
xrp_bybit_perp,bigline_ad,SHORT,2026-06-08 13:40:00,2026-06-08 13:51:31,0.19,1.1581,1.1617,-31.1,-42.1,0,0
xrp_bybit_perp,bigline_ad,LONG,2026-06-08 15:52:55,2026-06-08 15:57:20,0.07,1.178,1.1693,-73.9,-84.9,0,0
xrp_bybit_perp,bigline_ad,SHORT,2026-06-08 16:32:02,2026-06-08 17:45:24,1.22,1.1682,1.1666,13.7,2.7,1,0
xrp_bybit_perp,bigline_ad,LONG,2026-06-08 19:03:22,2026-06-08 19:09:59,0.11,1.1774,1.1756,-15.3,-26.3,0,0
xrp_bybit_perp,bigline_ad,LONG,2026-06-08 20:05:28,2026-06-08 20:12:52,0.12,1.1802,1.1721,-68.6,-79.6,0,0
xrp_bybit_perp,bigline_ad,LONG,2026-06-08 22:21:45,2026-06-08 23:17:14,0.92,1.1754,1.1733,-17.9,-28.9,1,0
xrp_bybit_perp,bigline_ad,SHORT,2026-06-09 00:20:16,2026-06-09 02:46:51,2.44,1.1653,1.1485,144.2,133.2,0,0
xrp_bybit_perp,bigline_ad,SHORT,2026-06-09 04:31:12,2026-06-09 04:33:20,0.04,1.1514,1.1551,-32.1,-43.1,0,0
xrp_bybit_perp,bigline_ad,LONG,2026-06-09 05:32:25,2026-06-09 05:50:24,0.3,1.1692,1.1716,20.5,9.5,0,0
xrp_bybit_perp,bigline_ad,LONG,2026-06-09 07:48:38,2026-06-09 08:07:11,0.31,1.1724,1.1657,-57.1,-68.1,0,0
xrp_bybit_perp,bigline_ad,SHORT,2026-06-09 09:03:50,2026-06-09 09:19:30,0.26,1.166,1.1685,-21.4,-32.4,0,0
xrp_bybit_perp,bigline_ad,SHORT,2026-06-09 12:35:33,2026-06-09 12:59:51,0.41,1.1584,1.1629,-38.8,-49.8,0,0
xrp_bybit_perp,bigline_ad,SHORT,2026-06-09 13:33:58,2026-06-09 13:41:48,0.13,1.1557,1.1577,-17.3,-28.3,0,0
xrp_bybit_perp,bigline_ad,LONG,2026-06-09 14:08:45,2026-06-09 14:11:16,0.04,1.158,1.1532,-41.5,-52.5,0,0
xrp_bybit_perp,bigline_ad,SHORT,2026-06-09 15:31:34,2026-06-09 15:40:33,0.15,1.1322,1.1348,-23.0,-34.0,0,0
xrp_bybit_perp,bigline_ad,LONG,2026-06-09 18:18:53,2026-06-09 18:26:18,0.12,1.1426,1.1383,-37.6,-48.6,0,0
xrp_bybit_perp,bigline_ad,SHORT,2026-06-09 22:36:48,2026-06-09 23:45:08,1.14,1.1378,1.1375,2.6,-8.4,1,0
xrp_bybit_perp,bigline_ad,SHORT,2026-06-10 00:32:34,2026-06-10 00:53:23,0.35,1.1336,1.1326,8.8,-2.2,0,0
xrp_bybit_perp,bigline_ad,LONG,2026-06-10 01:15:30,2026-06-10 01:24:34,0.15,1.1345,1.1319,-22.9,-33.9,0,0
xrp_bybit_perp,bigline_ad,SHORT,2026-06-10 01:55:03,2026-06-10 03:06:03,1.18,1.1282,1.1216,58.5,47.5,0,0
xrp_bybit_perp,bigline_ad,SHORT,2026-06-10 04:30:21,2026-06-10 05:05:52,0.59,1.1174,1.1162,10.7,-0.3,0,0
xrp_bybit_perp,bigline_ad,SHORT,2026-06-10 06:31:01,2026-06-10 06:39:01,0.13,1.1095,1.1129,-30.6,-41.6,0,0
xrp_bybit_perp,bigline_ad,LONG,2026-06-10 08:11:58,2026-06-10 08:29:50,0.3,1.1139,1.1101,-34.1,-45.1,0,0
xrp_bybit_perp,bigline_ad,SHORT,2026-06-10 10:18:48,2026-06-10 10:29:00,0.17,1.105,1.1089,-35.3,-46.3,0,0
xrp_bybit_perp,bigline_ad,SHORT,2026-06-10 11:25:18,2026-06-10 11:47:49,0.38,1.1021,1.1064,-39.0,-50.0,0,0
xrp_bybit_perp,bigline_ad,SHORT,2026-06-10 12:01:07,2026-06-10 12:15:27,0.24,1.1025,1.1062,-33.6,-44.6,0,0
xrp_bybit_perp,bigline_ad,LONG,2026-06-10 12:31:16,2026-06-10 12:31:39,0.01,1.1189,1.1138,-45.6,-56.6,0,0
xrp_bybit_perp,bigline_ad,LONG,2026-06-10 13:30:03,2026-06-10 16:25:38,2.93,1.1221,1.1174,-41.9,-52.9,3,0
xrp_bybit_perp,bigline_ad,SHORT,2026-06-10 16:42:43,2026-06-10 17:02:22,0.33,1.1162,1.1154,7.2,-3.8,0,0
xrp_bybit_perp,bigline_ad,SHORT,2026-06-10 17:29:02,2026-06-10 18:29:56,1.01,1.1104,1.1078,23.4,12.4,0,0
xrp_bybit_perp,bigline_ad,SHORT,2026-06-10 18:35:05,2026-06-10 18:57:20,0.37,1.1028,1.1062,-30.8,-41.8,0,0
xrp_bybit_perp,bigline_ad,SHORT,2026-06-10 20:46:15,2026-06-10 22:31:22,1.75,1.097,1.0942,25.5,14.5,1,0
xrp_bybit_perp,bigline_ad,LONG,2026-06-10 23:19:35,2026-06-10 23:39:06,0.33,1.0927,1.096,30.2,19.2,1,0
xrp_bybit_perp,bigline_ad,LONG,2026-06-11 00:46:56,2026-06-11 02:45:03,1.97,1.1022,1.1058,32.7,21.7,0,0
xrp_bybit_perp,bigline_ad,LONG,2026-06-11 03:32:27,2026-06-11 05:06:38,1.57,1.1109,1.1164,49.5,38.5,1,0
xrp_bybit_perp,bigline_ad,SHORT,2026-06-11 06:47:42,2026-06-11 08:00:04,1.21,1.1159,1.1156,2.7,-8.3,1,0
xrp_bybit_perp,bigline_ad,LONG,2026-06-11 10:07:53,2026-06-11 10:17:22,0.16,1.1184,1.115,-30.4,-41.4,0,0
xrp_bybit_perp,bigline_ad,LONG,2026-06-11 10:47:20,2026-06-11 11:08:07,0.35,1.1198,1.1184,-12.5,-23.5,0,0
xrp_bybit_perp,bigline_ad,LONG,2026-06-11 11:13:32,2026-06-11 11:37:02,0.39,1.122,1.1196,-21.4,-32.4,0,0
xrp_bybit_perp,bigline_ad,SHORT,2026-06-11 12:30:24,2026-06-11 12:40:48,0.17,1.1103,1.1123,-18.0,-29.0,0,0
xrp_bybit_perp,bigline_ad,LONG,2026-06-11 13:19:11,2026-06-11 13:23:47,0.08,1.1152,1.1122,-26.9,-37.9,0,0
xrp_bybit_perp,bigline_ad,LONG,2026-06-11 14:24:36,2026-06-11 15:00:01,0.59,1.1152,1.1122,-26.9,-37.9,1,0
xrp_bybit_perp,bigline_ad,SHORT,2026-06-11 15:18:42,2026-06-11 15:20:46,0.03,1.1098,1.1143,-40.5,-51.5,0,0
xrp_bybit_perp,bigline_ad,SHORT,2026-06-11 16:09:58,2026-06-11 17:09:02,0.98,1.1115,1.1093,19.8,8.8,1,0
xrp_bybit_perp,bigline_ad,SHORT,2026-06-11 17:12:59,2026-06-11 17:28:49,0.26,1.1057,1.1109,-47.0,-58.0,0,0
xrp_bybit_perp,bigline_ad,LONG,2026-06-11 19:24:44,2026-06-11 19:47:41,0.38,1.144,1.1424,-14.0,-25.0,0,0
xrp_bybit_perp,bigline_ad,SHORT,2026-06-11 22:43:25,2026-06-12 00:07:44,1.41,1.1416,1.1439,-20.1,-31.1,1,0
xrp_bybit_perp,bigline_ad,SHORT,2026-06-12 01:00:15,2026-06-12 01:43:08,0.71,1.1409,1.139,16.7,5.7,1,0
xrp_bybit_perp,bigline_ad,LONG,2026-06-12 02:37:47,2026-06-12 02:58:22,0.34,1.146,1.1456,-3.5,-14.5,0,0
xrp_bybit_perp,bigline_ad,SHORT,2026-06-12 03:41:12,2026-06-12 04:03:25,0.37,1.1415,1.1443,-24.5,-35.5,0,0
xrp_bybit_perp,bigline_ad,SHORT,2026-06-12 09:04:15,2026-06-12 09:17:00,0.21,1.1396,1.1436,-35.1,-46.1,0,0
xrp_bybit_perp,bigline_ad,SHORT,2026-06-12 14:43:38,2026-06-12 14:52:46,0.15,1.1389,1.1456,-58.8,-69.8,0,0
xrp_bybit_perp,bigline_ad,SHORT,2026-06-12 17:28:10,2026-06-12 17:38:04,0.17,1.1297,1.1338,-36.3,-47.3,0,0
xrp_bybit_perp,bigline_ad,LONG,2026-06-12 21:09:53,2026-06-12 21:44:26,0.58,1.1326,1.1325,-0.9,-11.9,1,0
xrp_bybit_perp,bigline_ad,SHORT,2026-06-12 22:32:20,2026-06-12 22:57:24,0.42,1.1295,1.1299,-3.5,-14.5,0,0
xrp_bybit_perp,bigline_ad,LONG,2026-06-12 23:51:07,2026-06-13 00:45:36,0.91,1.1312,1.1326,12.4,1.4,2,0
xrp_bybit_perp,bigline_ad,LONG,2026-06-13 01:42:11,2026-06-13 02:06:04,0.4,1.1391,1.1361,-26.3,-37.3,0,0
xrp_bybit_perp,bigline_ad,SHORT,2026-06-13 03:18:08,2026-06-13 04:19:36,1.02,1.1331,1.1338,-6.2,-17.2,0,0
xrp_bybit_perp,bigline_ad,SHORT,2026-06-13 04:56:08,2026-06-13 06:29:23,1.55,1.1337,1.1323,12.3,1.3,1,0
xrp_bybit_perp,bigline_ad,LONG,2026-06-13 07:21:39,2026-06-13 08:48:46,1.45,1.1366,1.1434,59.8,48.8,1,0
xrp_bybit_perp,bigline_ad,LONG,2026-06-13 10:31:23,2026-06-13 12:44:36,2.22,1.1454,1.1484,26.2,15.2,1,0
xrp_bybit_perp,bigline_ad,LONG,2026-06-13 12:47:25,2026-06-13 13:45:14,0.96,1.151,1.1512,1.7,-9.3,1,0
xrp_bybit_perp,bigline_ad,LONG,2026-06-13 15:13:56,2026-06-13 16:04:08,0.84,1.1546,1.1526,-17.3,-28.3,0,0
xrp_bybit_perp,bigline_ad,SHORT,2026-06-13 16:14:30,2026-06-13 16:41:56,0.46,1.1512,1.1484,24.3,13.3,0,0
xrp_bybit_perp,bigline_ad,SHORT,2026-06-13 16:49:07,2026-06-13 17:17:06,0.47,1.1459,1.1466,-6.1,-17.1,0,0
xrp_bybit_perp,bigline_ad,SHORT,2026-06-13 17:52:00,2026-06-13 19:35:46,1.73,1.144,1.1463,-20.1,-31.1,0,0
xrp_bybit_perp,bigline_ad,SHORT,2026-06-13 20:03:04,2026-06-13 21:36:20,1.55,1.145,1.1468,-15.7,-26.7,1,0
xrp_bybit_perp,bigline_ad,LONG,2026-06-13 23:18:10,2026-06-13 23:44:12,0.43,1.1515,1.1496,-16.5,-27.5,0,0
xrp_bybit_perp,bigline_ad,LONG,2026-06-14 02:06:48,2026-06-14 02:40:18,0.56,1.1527,1.1513,-12.1,-23.1,0,0
xrp_bybit_perp,bigline_ad,SHORT,2026-06-14 03:38:22,2026-06-14 03:53:04,0.24,1.151,1.153,-17.4,-28.4,0,0
xrp_bybit_perp,bigline_ad,SHORT,2026-06-14 05:17:17,2026-06-14 05:43:18,0.43,1.1463,1.1474,-9.6,-20.6,0,0
xrp_bybit_perp,bigline_ad,LONG,2026-06-14 06:29:57,2026-06-14 06:34:34,0.08,1.1522,1.1502,-17.4,-28.4,0,0
xrp_bybit_perp,bigline_ad,SHORT,2026-06-14 08:34:24,2026-06-14 09:32:02,0.96,1.1446,1.1447,-0.9,-11.9,0,0
xrp_bybit_perp,bigline_ad,LONG,2026-06-14 11:11:07,2026-06-14 12:31:42,1.34,1.143,1.1412,-15.7,-26.7,0,0
xrp_bybit_perp,bigline_ad,SHORT,2026-06-14 13:49:31,2026-06-14 14:22:58,0.56,1.1338,1.1361,-20.3,-31.3,0,0
xrp_bybit_perp,bigline_ad,LONG,2026-06-14 18:37:50,2026-06-14 19:06:36,0.48,1.1326,1.1301,-22.1,-33.1,0,0
xrp_bybit_perp,bigline_ad,LONG,2026-06-14 20:20:55,2026-06-14 21:59:48,1.65,1.1332,1.1675,302.7,291.7,2,0
xrp_bybit_perp,bigline_ad,LONG,2026-06-14 22:19:53,2026-06-14 23:00:42,0.68,1.1736,1.1721,-12.8,-23.8,0,0
xrp_bybit_perp,bigline_ad,LONG,2026-06-15 01:39:45,2026-06-15 02:47:31,1.13,1.1837,1.1827,-8.4,-19.4,1,0
xrp_bybit_perp,bigline_ad,LONG,2026-06-15 03:12:53,2026-06-15 04:30:40,1.3,1.1858,1.1841,-14.3,-25.3,1,0
xrp_bybit_perp,bigline_ad,SHORT,2026-06-15 05:37:05,2026-06-15 07:15:46,1.64,1.1841,1.1843,-1.7,-12.7,2,0
xrp_bybit_perp,bigline_ad,LONG,2026-06-15 07:24:44,2026-06-15 07:31:13,0.11,1.1858,1.1838,-16.9,-27.9,0,0
xrp_bybit_perp,bigline_ad,SHORT,2026-06-15 07:56:36,2026-06-15 08:03:52,0.12,1.1807,1.1828,-17.8,-28.8,0,0
xrp_bybit_perp,bigline_ad,SHORT,2026-06-15 08:08:59,2026-06-15 08:46:23,0.62,1.1804,1.1826,-18.6,-29.6,1,0
xrp_bybit_perp,bigline_ad,LONG,2026-06-15 09:15:39,2026-06-15 09:33:55,0.3,1.1827,1.1825,-1.7,-12.7,0,0
xrp_bybit_perp,bigline_ad,LONG,2026-06-15 10:33:32,2026-06-15 15:03:40,4.5,1.1861,1.2459,504.2,493.2,1,0
xrp_bybit_perp,bigline_ad,LONG,2026-06-15 15:41:05,2026-06-15 17:31:51,1.85,1.2622,1.2733,87.9,76.9,1,0
xrp_bybit_perp,bigline_ad,LONG,2026-06-15 18:06:55,2026-06-15 18:30:44,0.4,1.2835,1.2736,-77.1,-88.1,0,0
xrp_bybit_perp,bigline_ad,SHORT,2026-06-15 20:26:11,2026-06-15 20:27:57,0.03,1.2708,1.2716,-6.3,-17.3,0,0
xrp_bybit_perp,bigline_ad,SHORT,2026-06-16 04:31:11,2026-06-16 05:02:31,0.52,1.2219,1.2244,-20.5,-31.5,0,0
xrp_bybit_perp,bigline_ad,LONG,2026-06-16 07:33:24,2026-06-16 09:39:11,2.1,1.2339,1.2362,18.6,7.6,0,0
xrp_bybit_perp,bigline_ad,LONG,2026-06-16 10:34:53,2026-06-16 11:07:30,0.54,1.2418,1.2377,-33.0,-44.0,0,0
xrp_bybit_perp,bigline_ad,SHORT,2026-06-16 13:26:10,2026-06-16 13:30:30,0.07,1.231,1.2335,-20.3,-31.3,0,0
xrp_bybit_perp,bigline_ad,SHORT,2026-06-16 17:31:12,2026-06-16 17:50:00,0.31,1.2131,1.2196,-53.6,-64.6,0,0
xrp_bybit_perp,bigline_ad,LONG,2026-06-16 18:48:02,2026-06-16 18:57:30,0.16,1.228,1.2273,-5.7,-16.7,0,0
xrp_bybit_perp,bigline_ad,SHORT,2026-06-16 19:56:47,2026-06-16 20:13:27,0.28,1.2189,1.2231,-34.5,-45.5,0,0
xrp_bybit_perp,bigline_ad,SHORT,2026-06-16 22:23:58,2026-06-16 22:31:00,0.12,1.2173,1.2208,-28.8,-39.8,0,0
xrp_bybit_perp,bigline_ad,SHORT,2026-06-16 23:49:44,2026-06-17 00:01:00,0.19,1.2169,1.218,-9.0,-20.0,0,0
xrp_bybit_perp,bigline_ad,SHORT,2026-06-17 00:04:50,2026-06-17 00:11:49,0.12,1.2159,1.2186,-22.2,-33.2,0,0
xrp_bybit_perp,bigline_ad,SHORT,2026-06-17 00:24:53,2026-06-17 00:26:02,0.02,1.2149,1.2158,-7.4,-18.4,0,0
xrp_bybit_perp,bigline_ad,SHORT,2026-06-17 00:35:36,2026-06-17 00:45:09,0.16,1.2136,1.2167,-25.5,-36.5,0,0
xrp_bybit_perp,bigline_ad,LONG,2026-06-17 03:33:52,2026-06-17 05:16:36,1.71,1.2172,1.2152,-16.4,-27.4,0,0
xrp_bybit_perp,bigline_ad,SHORT,2026-06-17 06:40:45,2026-06-17 06:43:11,0.04,1.21,1.2108,-6.6,-17.6,0,0
xrp_bybit_perp,bigline_ad,SHORT,2026-06-17 08:07:55,2026-06-17 09:49:51,1.7,1.2055,1.1981,61.4,50.4,0,0
xrp_bybit_perp,bigline_ad,SHORT,2026-06-17 12:22:03,2026-06-17 12:44:17,0.37,1.1917,1.195,-27.7,-38.7,0,0
xrp_bybit_perp,bigline_ad,LONG,2026-06-17 13:03:02,2026-06-17 13:03:34,0.01,1.1975,1.197,-4.2,-15.2,0,0
xrp_bybit_perp,bigline_ad,LONG,2026-06-17 13:32:39,2026-06-17 14:05:44,0.55,1.2003,1.1988,-12.5,-23.5,0,0
xrp_bybit_perp,bigline_ad,LONG,2026-06-17 14:15:17,2026-06-17 14:32:36,0.29,1.2029,1.1979,-41.6,-52.6,0,0
xrp_bybit_perp,bigline_ad,SHORT,2026-06-17 15:08:49,2026-06-17 15:14:33,0.1,1.1934,1.1968,-28.5,-39.5,0,0
xrp_bybit_perp,bigline_ad,LONG,2026-06-17 17:53:08,2026-06-17 18:00:01,0.11,1.2173,1.2117,-46.0,-57.0,0,0
xrp_bybit_perp,bigline_ad,SHORT,2026-06-17 18:25:13,2026-06-17 18:25:29,0.0,1.1991,1.1994,-2.5,-13.5,0,0
xrp_bybit_perp,bigline_ad,LONG,2026-06-17 19:13:55,2026-06-17 19:16:57,0.05,1.2086,1.1993,-76.9,-87.9,0,0
xrp_bybit_perp,bigline_ad,SHORT,2026-06-17 19:24:29,2026-06-17 19:31:01,0.11,1.1877,1.1864,10.9,-0.1,0,0
xrp_bybit_perp,bigline_ad,SHORT,2026-06-17 21:47:14,2026-06-17 22:27:49,0.68,1.1793,1.1864,-60.2,-71.2,0,0
xrp_bybit_perp,bigline_ad,LONG,2026-06-18 02:01:07,2026-06-18 03:00:54,1.0,1.1898,1.1884,-11.8,-22.8,0,0
xrp_bybit_perp,bigline_ad,SHORT,2026-06-18 08:04:44,2026-06-18 08:11:36,0.11,1.176,1.1805,-38.3,-49.3,0,0
xrp_bybit_perp,bigline_ad,SHORT,2026-06-18 11:10:19,2026-06-18 11:28:02,0.3,1.1667,1.1665,1.7,-9.3,0,0
xrp_bybit_perp,bigline_ad,SHORT,2026-06-18 11:41:42,2026-06-18 12:02:52,0.35,1.1621,1.1651,-25.8,-36.8,0,0
xrp_bybit_perp,bigline_ad,SHORT,2026-06-18 13:58:36,2026-06-18 14:03:38,0.08,1.1586,1.1616,-25.9,-36.9,0,0
xrp_bybit_perp,bigline_ad,LONG,2026-06-18 14:39:26,2026-06-18 14:43:30,0.07,1.1636,1.1596,-34.4,-45.4,0,0
xrp_bybit_perp,bigline_ad,SHORT,2026-06-18 15:02:28,2026-06-18 15:33:57,0.52,1.1575,1.1493,70.8,59.8,2,0
xrp_bybit_perp,bigline_ad,SHORT,2026-06-18 17:24:55,2026-06-18 17:33:20,0.14,1.1383,1.148,-85.2,-96.2,0,0
xrp_bybit_perp,bigline_ad,LONG,2026-06-18 18:27:25,2026-06-18 18:57:15,0.5,1.1462,1.1374,-76.8,-87.8,0,0
xrp_bybit_perp,bigline_ad,SHORT,2026-06-18 19:59:57,2026-06-18 20:00:47,0.01,1.1426,1.1467,-35.9,-46.9,0,0
xrp_bybit_perp,bigline_ad,SHORT,2026-06-18 23:11:12,2026-06-18 23:30:01,0.31,1.1428,1.145,-19.3,-30.3,0,0
xrp_bybit_perp,bigline_ad,LONG,2026-06-19 01:03:13,2026-06-19 01:11:14,0.13,1.1492,1.1477,-13.1,-24.1,0,0
xrp_bybit_perp,bigline_ad,SHORT,2026-06-19 01:19:48,2026-06-19 01:45:14,0.42,1.1476,1.1484,-7.0,-18.0,0,0
xrp_bybit_perp,bigline_ad,LONG,2026-06-19 02:42:09,2026-06-19 03:13:45,0.53,1.1473,1.1445,-24.4,-35.4,0,0
xrp_bybit_perp,bigline_ad,SHORT,2026-06-19 03:34:54,2026-06-19 04:17:24,0.71,1.1413,1.1386,23.7,12.7,0,0
xrp_bybit_perp,bigline_ad,SHORT,2026-06-19 04:20:03,2026-06-19 05:47:06,1.45,1.1347,1.1308,34.4,23.4,0,0
xrp_bybit_perp,bigline_ad,SHORT,2026-06-19 06:36:54,2026-06-19 08:38:58,2.03,1.1293,1.1304,-9.7,-20.7,0,0
xrp_bybit_perp,bigline_ad,SHORT,2026-06-19 08:41:47,2026-06-19 10:29:38,1.8,1.1267,1.1254,11.5,0.5,1,0
xrp_bybit_perp,bigline_ad,LONG,2026-06-19 11:12:34,2026-06-19 11:44:27,0.53,1.1243,1.1272,25.8,14.8,1,0
xrp_bybit_perp,bigline_ad,SHORT,2026-06-19 12:44:58,2026-06-19 12:51:24,0.11,1.1235,1.1262,-24.0,-35.0,0,0
xrp_bybit_perp,bigline_ad,LONG,2026-06-19 13:33:44,2026-06-19 13:33:45,0.0,1.1322,1.1322,0.0,-11.0,0,0
xrp_bybit_perp,bigline_ad,LONG,2026-06-19 14:36:06,2026-06-19 15:00:25,0.41,1.1397,1.1353,-38.6,-49.6,0,0
xrp_bybit_perp,bigline_ad,SHORT,2026-06-19 16:48:35,2026-06-19 17:34:38,0.77,1.1327,1.1351,-21.2,-32.2,1,0
xrp_bybit_perp,bigline_ad,SHORT,2026-06-19 19:09:26,2026-06-19 19:50:45,0.69,1.1307,1.1317,-8.8,-19.8,0,0
xrp_bybit_perp,bigline_ad,SHORT,2026-06-19 19:57:14,2026-06-19 20:47:02,0.83,1.1298,1.1326,-24.8,-35.8,1,0
xrp_bybit_perp,bigline_ad,LONG,2026-06-19 23:26:40,2026-06-19 23:46:05,0.32,1.1342,1.1329,-11.5,-22.5,0,0
xrp_bybit_perp,bigline_ad,LONG,2026-06-19 23:56:32,2026-06-20 00:13:12,0.28,1.135,1.1367,15.0,4.0,1,0
xrp_bybit_perp,bigline_ad,LONG,2026-06-20 01:20:23,2026-06-20 02:17:12,0.95,1.1392,1.1365,-23.7,-34.7,0,0
xrp_bybit_perp,bigline_ad,SHORT,2026-06-20 02:42:30,2026-06-20 02:49:03,0.11,1.1377,1.1403,-22.9,-33.9,0,0
xrp_bybit_perp,bigline_ad,SHORT,2026-06-20 03:55:05,2026-06-20 04:25:20,0.5,1.138,1.1405,-22.0,-33.0,0,0
xrp_bybit_perp,bigline_ad,LONG,2026-06-20 04:41:15,2026-06-20 05:01:22,0.34,1.1432,1.1427,-4.4,-15.4,0,0
xrp_bybit_perp,bigline_ad,LONG,2026-06-20 05:07:11,2026-06-20 06:59:04,1.86,1.1444,1.1489,39.3,28.3,1,0
xrp_bybit_perp,bigline_ad,SHORT,2026-06-20 08:01:12,2026-06-20 09:00:09,0.98,1.1453,1.1467,-12.2,-23.2,0,0
xrp_bybit_perp,bigline_ad,LONG,2026-06-20 10:49:12,2026-06-20 11:07:51,0.31,1.1487,1.1466,-18.3,-29.3,0,0
xrp_bybit_perp,bigline_ad,SHORT,2026-06-20 11:57:42,2026-06-20 14:45:24,2.79,1.147,1.1388,71.5,60.5,2,0
xrp_bybit_perp,bigline_ad,LONG,2026-06-20 15:04:27,2026-06-20 15:06:34,0.04,1.1485,1.145,-30.5,-41.5,0,0
xrp_bybit_perp,bigline_ad,SHORT,2026-06-20 18:58:25,2026-06-20 19:42:23,0.73,1.1417,1.1431,-12.3,-23.3,0,0
xrp_bybit_perp,bigline_ad,LONG,2026-06-20 21:44:51,2026-06-20 21:52:58,0.14,1.1484,1.1466,-15.7,-26.7,0,0
xrp_bybit_perp,bigline_ad,LONG,2026-06-21 01:37:54,2026-06-21 03:02:14,1.41,1.1485,1.146,-21.8,-32.8,0,0
xrp_bybit_perp,bigline_ad,LONG,2026-06-21 03:38:38,2026-06-21 04:05:00,0.44,1.149,1.1483,-6.1,-17.1,0,0
xrp_bybit_perp,bigline_ad,SHORT,2026-06-21 05:48:02,2026-06-21 05:54:04,0.1,1.1434,1.1433,0.9,-10.1,0,0
xrp_bybit_perp,bigline_ad,LONG,2026-06-21 11:11:36,2026-06-21 11:17:24,0.1,1.149,1.1457,-28.7,-39.7,0,0
xrp_bybit_perp,bigline_ad,SHORT,2026-06-21 11:32:22,2026-06-21 11:43:43,0.19,1.1429,1.1441,-10.5,-21.5,0,0
xrp_bybit_perp,bigline_ad,LONG,2026-06-21 13:59:33,2026-06-21 16:34:51,2.59,1.1446,1.142,-22.7,-33.7,1,0
xrp_bybit_perp,bigline_ad,LONG,2026-06-21 16:46:30,2026-06-21 17:40:47,0.9,1.1443,1.1408,-30.6,-41.6,0,0
xrp_bybit_perp,bigline_ad,SHORT,2026-06-21 18:01:29,2026-06-21 18:18:13,0.28,1.1407,1.1423,-14.0,-25.0,0,0
xrp_bybit_perp,bigline_ad,LONG,2026-06-21 19:44:33,2026-06-21 19:51:28,0.12,1.147,1.1455,-13.1,-24.1,0,0
xrp_bybit_perp,bigline_ad,SHORT,2026-06-21 21:09:12,2026-06-21 21:14:37,0.09,1.1362,1.1308,47.5,36.5,1,0
xrp_bybit_perp,bigline_ad,LONG,2026-06-22 00:16:29,2026-06-22 01:05:40,0.82,1.1291,1.1368,68.2,57.2,1,0
xrp_bybit_perp,bigline_ad,SHORT,2026-06-22 03:54:33,2026-06-22 04:30:57,0.61,1.1309,1.1325,-14.1,-25.1,0,0
xrp_bybit_perp,bigline_ad,LONG,2026-06-22 06:09:54,2026-06-22 06:24:23,0.24,1.1371,1.1325,-40.5,-51.5,0,0
xrp_bybit_perp,bigline_ad,LONG,2026-06-22 08:09:08,2026-06-22 08:30:07,0.35,1.1355,1.1337,-15.9,-26.9,0,0
xrp_bybit_perp,bigline_ad,SHORT,2026-06-22 08:48:01,2026-06-22 09:02:43,0.24,1.133,1.1355,-22.1,-33.1,0,0
xrp_bybit_perp,bigline_ad,LONG,2026-06-22 10:53:43,2026-06-22 11:56:58,1.05,1.1381,1.1464,72.9,61.9,2,0
xrp_bybit_perp,bigline_ad,LONG,2026-06-22 13:36:06,2026-06-22 14:13:50,0.63,1.1584,1.1545,-33.7,-44.7,0,0
xrp_bybit_perp,bigline_ad,SHORT,2026-06-22 15:49:11,2026-06-22 16:19:10,0.5,1.1408,1.1403,4.4,-6.6,0,0
xrp_bybit_perp,bigline_ad,SHORT,2026-06-22 18:36:06,2026-06-22 19:59:09,1.38,1.1396,1.1327,60.5,49.5,1,0
xrp_bybit_perp,bigline_ad,SHORT,2026-06-23 00:20:42,2026-06-23 01:01:00,0.67,1.1285,1.1317,-28.4,-39.4,0,0
xrp_bybit_perp,bigline_ad,LONG,2026-06-23 01:32:20,2026-06-23 01:35:08,0.05,1.1324,1.1297,-23.8,-34.8,0,0
xrp_bybit_perp,bigline_ad,SHORT,2026-06-23 02:08:44,2026-06-23 02:15:27,0.11,1.1259,1.1278,-16.9,-27.9,0,0
xrp_bybit_perp,bigline_ad,LONG,2026-06-23 03:17:50,2026-06-23 04:11:59,0.9,1.1281,1.1253,-24.8,-35.8,0,0
xrp_bybit_perp,bigline_ad,SHORT,2026-06-23 04:19:50,2026-06-23 08:10:43,3.85,1.1247,1.1143,92.5,81.5,1,0
xrp_bybit_perp,bigline_ad,SHORT,2026-06-23 10:45:03,2026-06-23 11:01:06,0.27,1.1012,1.105,-34.5,-45.5,0,0
xrp_bybit_perp,bigline_ad,SHORT,2026-06-23 13:30:03,2026-06-23 13:31:52,0.03,1.0983,1.1008,-22.8,-33.8,0,0
xrp_bybit_perp,bigline_ad,LONG,2026-06-23 13:42:15,2026-06-23 13:45:02,0.05,1.1026,1.0994,-29.0,-40.0,0,0
xrp_bybit_perp,bigline_ad,LONG,2026-06-23 13:52:35,2026-06-23 13:55:16,0.04,1.1024,1.1006,-16.3,-27.3,0,0
xrp_bybit_perp,bigline_ad,LONG,2026-06-23 13:58:09,2026-06-23 14:22:48,0.41,1.1026,1.1035,8.2,-2.8,1,0
xrp_bybit_perp,bigline_ad,LONG,2026-06-23 14:30:05,2026-06-23 14:32:30,0.04,1.1052,1.1014,-34.4,-45.4,0,0
xrp_bybit_perp,bigline_ad,SHORT,2026-06-23 15:47:18,2026-06-23 15:54:26,0.12,1.0926,1.0951,-22.9,-33.9,0,0
xrp_bybit_perp,bigline_ad,LONG,2026-06-23 16:41:03,2026-06-23 16:50:23,0.16,1.1004,1.0989,-13.6,-24.6,0,0
xrp_bybit_perp,bigline_ad,SHORT,2026-06-23 18:36:36,2026-06-23 19:04:12,0.46,1.0974,1.0995,-19.1,-30.1,0,0
xrp_bybit_perp,bigline_ad,LONG,2026-06-23 19:23:52,2026-06-23 20:17:13,0.89,1.0995,1.1029,30.9,19.9,1,0
xrp_bybit_perp,bigline_ad,LONG,2026-06-23 21:33:32,2026-06-23 23:04:07,1.51,1.1055,1.1055,0.0,-11.0,1,0
xrp_bybit_perp,bigline_ad,LONG,2026-06-24 00:06:47,2026-06-24 00:45:10,0.64,1.1103,1.1094,-8.1,-19.1,0,0
xrp_bybit_perp,bigline_ad,SHORT,2026-06-24 01:16:52,2026-06-24 01:30:20,0.22,1.1074,1.1096,-19.9,-30.9,0,0
xrp_bybit_perp,bigline_ad,SHORT,2026-06-24 02:34:48,2026-06-24 02:41:21,0.11,1.1063,1.1082,-17.2,-28.2,0,0
xrp_bybit_perp,bigline_ad,SHORT,2026-06-24 04:05:17,2026-06-24 04:47:53,0.71,1.1018,1.1026,-7.3,-18.3,0,0
xrp_bybit_perp,bigline_ad,LONG,2026-06-24 06:10:53,2026-06-24 06:28:12,0.29,1.1057,1.1032,-22.6,-33.6,0,0
xrp_bybit_perp,bigline_ad,SHORT,2026-06-24 09:01:34,2026-06-24 11:48:50,2.79,1.1005,1.0941,58.2,47.2,1,0
xrp_bybit_perp,bigline_ad,SHORT,2026-06-24 13:41:07,2026-06-24 14:07:19,0.44,1.0802,1.0794,7.4,-3.6,1,0
xrp_bybit_perp,bigline_ad,SHORT,2026-06-24 14:39:53,2026-06-24 18:00:17,3.34,1.0749,1.0526,207.5,196.5,2,0
xrp_bybit_perp,bigline_ad,LONG,2026-06-24 19:58:01,2026-06-24 20:00:40,0.04,1.0585,1.0543,-39.7,-50.7,0,0
xrp_bybit_perp,bigline_ad,LONG,2026-06-24 21:39:43,2026-06-24 22:13:00,0.55,1.0744,1.0761,15.8,4.8,0,0
xrp_bybit_perp,bigline_ad,LONG,2026-06-25 00:04:39,2026-06-25 00:58:35,0.9,1.0743,1.0716,-25.1,-36.1,1,0
xrp_bybit_perp,bigline_ad,LONG,2026-06-25 01:23:17,2026-06-25 01:25:47,0.04,1.0772,1.0748,-22.3,-33.3,0,0
xrp_bybit_perp,bigline_ad,SHORT,2026-06-25 02:10:17,2026-06-25 03:01:01,0.85,1.0744,1.0715,27.0,16.0,1,0
xrp_bybit_perp,bigline_ad,SHORT,2026-06-25 03:12:38,2026-06-25 03:54:54,0.7,1.0705,1.0708,-2.8,-13.8,0,0
xrp_bybit_perp,bigline_ad,SHORT,2026-06-25 04:33:08,2026-06-25 04:43:24,0.17,1.0696,1.0718,-20.6,-31.6,0,0
xrp_bybit_perp,bigline_ad,LONG,2026-06-25 06:14:07,2026-06-25 06:14:51,0.01,1.0874,1.0868,-5.5,-16.5,0,0
xrp_bybit_perp,bigline_ad,SHORT,2026-06-25 12:18:13,2026-06-25 12:25:17,0.12,1.0684,1.0696,-11.2,-22.2,0,0
xrp_bybit_perp,bigline_ad,LONG,2026-06-25 12:35:54,2026-06-25 12:36:38,0.01,1.0768,1.076,-7.4,-18.4,0,0
xrp_bybit_perp,bigline_ad,SHORT,2026-06-25 14:16:12,2026-06-25 14:21:39,0.09,1.0296,1.0414,-114.6,-125.6,0,0
xrp_bybit_perp,bigline_ad,SHORT,2026-06-25 16:38:58,2026-06-25 17:26:39,0.79,1.0307,1.0428,-117.4,-128.4,0,0
xrp_bybit_perp,bigline_ad,LONG,2026-06-25 18:19:04,2026-06-25 18:32:04,0.22,1.0445,1.0392,-50.7,-61.7,0,0
xrp_bybit_perp,bigline_ad,SHORT,2026-06-25 20:32:16,2026-06-25 21:28:30,0.94,1.0338,1.0354,-15.5,-26.5,0,0
xrp_bybit_perp,bigline_ad,LONG,2026-06-25 23:17:01,2026-06-26 00:54:39,1.63,1.0408,1.0404,-3.8,-14.8,0,0
xrp_bybit_perp,bigline_ad,SHORT,2026-06-26 02:53:09,2026-06-26 03:10:34,0.29,1.0133,1.0194,-60.2,-71.2,0,0
xrp_bybit_perp,bigline_ad,LONG,2026-06-26 05:33:09,2026-06-26 05:45:24,0.2,1.0336,1.031,-25.2,-36.2,0,0
xrp_bybit_perp,bigline_ad,SHORT,2026-06-26 12:37:36,2026-06-26 12:57:48,0.34,1.028,1.0201,76.8,65.8,1,0
xrp_bybit_perp,bigline_ad,SHORT,2026-06-26 13:18:38,2026-06-26 13:31:42,0.22,1.0162,1.0205,-42.3,-53.3,0,0
xrp_bybit_perp,bigline_ad,LONG,2026-06-26 14:49:02,2026-06-26 14:55:37,0.11,1.0433,1.0381,-49.8,-60.8,0,0
xrp_bybit_perp,bigline_ad,LONG,2026-06-26 16:00:32,2026-06-26 16:20:58,0.34,1.0486,1.0397,-84.9,-95.9,0,0
xrp_bybit_perp,bigline_ad,LONG,2026-06-26 16:35:03,2026-06-26 18:47:45,2.21,1.0505,1.0409,-91.4,-102.4,0,0
xrp_bybit_perp,bigline_ad,SHORT,2026-06-26 19:16:20,2026-06-26 19:32:15,0.27,1.0419,1.046,-39.4,-50.4,0,0
xrp_bybit_perp,bigline_ad,LONG,2026-06-26 20:00:13,2026-06-26 20:09:44,0.16,1.051,1.0476,-32.4,-43.4,0,0
xrp_bybit_perp,bigline_ad,SHORT,2026-06-26 21:02:52,2026-06-26 21:02:53,0.0,1.0428,1.0429,-1.0,-12.0,0,0
xrp_bybit_perp,bigline_ad,SHORT,2026-06-26 21:59:50,2026-06-26 22:54:55,0.92,1.0421,1.047,-47.0,-58.0,0,0
xrp_bybit_perp,bigline_ad,LONG,2026-06-27 00:49:54,2026-06-27 02:56:24,2.11,1.047,1.0619,142.3,131.3,1,0
xrp_bybit_perp,bigline_ad,SHORT,2026-06-27 05:04:01,2026-06-27 06:30:48,1.45,1.0581,1.0568,12.3,1.3,1,0
xrp_bybit_perp,bigline_ad,LONG,2026-06-27 07:20:18,2026-06-27 07:30:59,0.18,1.0601,1.0604,2.8,-8.2,0,0
xrp_bybit_perp,bigline_ad,SHORT,2026-06-27 08:10:42,2026-06-27 09:45:08,1.57,1.0576,1.0568,7.6,-3.4,1,0
xrp_bybit_perp,bigline_ad,LONG,2026-06-27 10:57:17,2026-06-27 11:16:18,0.32,1.0583,1.0567,-15.1,-26.1,0,0
xrp_bybit_perp,bigline_ad,SHORT,2026-06-27 11:37:53,2026-06-27 11:41:10,0.05,1.0542,1.0559,-16.1,-27.1,0,0
xrp_bybit_perp,bigline_ad,LONG,2026-06-27 12:10:29,2026-06-27 12:11:30,0.02,1.0588,1.0573,-14.2,-25.2,0,0
xrp_bybit_perp,bigline_ad,LONG,2026-06-27 12:31:45,2026-06-27 12:34:12,0.04,1.0592,1.0575,-16.0,-27.0,0,0
xrp_bybit_perp,bigline_ad,LONG,2026-06-27 13:38:36,2026-06-27 13:50:37,0.2,1.0622,1.0618,-3.8,-14.8,0,0
xrp_bybit_perp,bigline_ad,LONG,2026-06-27 14:47:09,2026-06-27 16:45:33,1.97,1.0676,1.0696,18.7,7.7,0,0
xrp_bybit_perp,bigline_ad,SHORT,2026-06-27 21:35:54,2026-06-27 22:55:24,1.32,1.0541,1.0527,13.3,2.3,0,0
xrp_bybit_perp,bigline_ad,SHORT,2026-06-27 23:14:11,2026-06-28 01:22:11,2.13,1.0513,1.0482,29.5,18.5,1,0
xrp_bybit_perp,bigline_ad,SHORT,2026-06-28 02:48:07,2026-06-28 02:50:12,0.03,1.0453,1.0461,-7.7,-18.7,0,0
xrp_bybit_perp,bigline_ad,LONG,2026-06-28 03:50:07,2026-06-28 04:09:30,0.32,1.049,1.0478,-11.4,-22.4,0,0
xrp_bybit_perp,bigline_ad,SHORT,2026-06-28 05:24:13,2026-06-28 05:43:04,0.31,1.0449,1.0455,-5.7,-16.7,0,0
xrp_bybit_perp,bigline_ad,LONG,2026-06-28 07:33:47,2026-06-28 09:04:10,1.51,1.0482,1.0512,28.6,17.6,1,0
xrp_bybit_perp,bigline_ad,SHORT,2026-06-28 11:08:45,2026-06-28 11:22:47,0.23,1.0476,1.0511,-33.4,-44.4,0,0
xrp_bybit_perp,bigline_ad,LONG,2026-06-28 12:28:47,2026-06-28 13:01:25,0.54,1.0518,1.0494,-22.8,-33.8,0,0
xrp_bybit_perp,bigline_ad,SHORT,2026-06-28 13:54:41,2026-06-28 14:10:06,0.26,1.0498,1.0517,-18.1,-29.1,0,0
xrp_bybit_perp,bigline_ad,LONG,2026-06-28 14:48:08,2026-06-28 14:54:06,0.1,1.0549,1.0524,-23.7,-34.7,0,0
xrp_bybit_perp,bigline_ad,SHORT,2026-06-28 15:08:59,2026-06-28 15:18:22,0.16,1.0518,1.0552,-32.3,-43.3,0,0
xrp_bybit_perp,bigline_ad,LONG,2026-06-28 16:04:14,2026-06-28 16:25:46,0.36,1.0524,1.0474,-47.5,-58.5,0,0
xrp_bybit_perp,bigline_ad,SHORT,2026-06-28 17:10:53,2026-06-28 17:55:31,0.74,1.0457,1.047,-12.4,-23.4,0,0
xrp_bybit_perp,bigline_ad,SHORT,2026-06-28 18:27:05,2026-06-28 19:31:56,1.08,1.0438,1.0471,-31.6,-42.6,1,0
xrp_bybit_perp,bigline_ad,LONG,2026-06-28 21:35:56,2026-06-28 21:46:49,0.18,1.0447,1.0417,-28.7,-39.7,0,0
xrp_bybit_perp,bigline_ad,LONG,2026-06-28 22:22:26,2026-06-28 22:34:12,0.2,1.0419,1.0409,-9.6,-20.6,1,0
xrp_bybit_perp,bigline_ad,LONG,2026-06-29 00:12:43,2026-06-29 00:21:14,0.14,1.0463,1.0419,-42.1,-53.1,0,0
xrp_bybit_perp,bigline_ad,SHORT,2026-06-29 00:47:52,2026-06-29 00:50:11,0.04,1.0382,1.0425,-41.4,-52.4,0,0
xrp_bybit_perp,bigline_ad,LONG,2026-06-29 01:37:03,2026-06-29 02:08:39,0.53,1.0438,1.0389,-46.9,-57.9,0,0
xrp_bybit_perp,bigline_ad,LONG,2026-06-29 05:24:28,2026-06-29 07:42:31,2.3,1.0416,1.0476,57.6,46.6,1,0
xrp_bybit_perp,bigline_ad,SHORT,2026-06-29 09:24:13,2026-06-29 10:00:27,0.6,1.0462,1.0499,-35.4,-46.4,0,0
xrp_bybit_perp,bigline_ad,LONG,2026-06-29 10:45:38,2026-06-29 10:57:30,0.2,1.0539,1.0518,-19.9,-30.9,0,0
xrp_bybit_perp,bigline_ad,LONG,2026-06-29 12:02:17,2026-06-29 13:30:09,1.46,1.0526,1.0536,9.5,-1.5,1,0
xrp_bybit_perp,bigline_ad,SHORT,2026-06-29 13:35:41,2026-06-29 14:27:24,0.86,1.0553,1.0452,95.7,84.7,1,0
xrp_bybit_perp,bigline_ad,SHORT,2026-06-29 15:05:12,2026-06-29 15:32:26,0.45,1.0423,1.0492,-66.2,-77.2,0,0
xrp_bybit_perp,bigline_ad,LONG,2026-06-29 16:41:49,2026-06-29 22:08:04,5.44,1.0481,1.0624,136.4,125.4,1,0
xrp_bybit_perp,bigline_ad,SHORT,2026-06-30 02:11:36,2026-06-30 02:23:18,0.2,1.0473,1.0489,-15.3,-26.3,0,0
xrp_bybit_perp,bigline_ad,SHORT,2026-06-30 05:30:22,2026-06-30 05:30:23,0.0,1.0447,1.0447,-0.0,-11.0,0,0
xrp_bybit_perp,bigline_ad,SHORT,2026-06-30 08:46:45,2026-06-30 08:52:07,0.09,1.0409,1.0436,-25.9,-36.9,0,0
xrp_bybit_perp,bigline_ad,SHORT,2026-06-30 11:21:23,2026-06-30 13:51:15,2.5,1.0411,1.0353,55.7,44.7,2,0
xrp_bybit_perp,bigline_ad,LONG,2026-06-30 14:22:44,2026-06-30 14:26:00,0.05,1.0424,1.0417,-6.7,-17.7,0,0
xrp_bybit_perp,bigline_ad,SHORT,2026-06-30 14:48:28,2026-06-30 15:21:08,0.54,1.0379,1.0333,44.3,33.3,1,0
xrp_bybit_perp,bigline_ad,LONG,2026-06-30 16:07:01,2026-06-30 16:13:45,0.11,1.0383,1.034,-41.4,-52.4,0,0
xrp_bybit_perp,bigline_ad,LONG,2026-06-30 18:09:22,2026-06-30 19:11:01,1.03,1.0413,1.0411,-1.9,-12.9,1,0
xrp_bybit_perp,bigline_ad,LONG,2026-06-30 20:38:33,2026-06-30 21:05:01,0.44,1.0437,1.041,-25.9,-36.9,0,0
xrp_bybit_perp,bigline_ad,SHORT,2026-06-30 22:30:12,2026-07-01 00:31:10,2.02,1.041,1.0389,20.2,9.2,2,0
xrp_bybit_perp,bigline_ad,SHORT,2026-07-01 00:32:21,2026-07-01 01:32:57,1.01,1.0367,1.0349,17.4,6.4,1,0
xrp_bybit_perp,bigline_ad,LONG,2026-07-01 06:31:09,2026-07-01 06:35:51,0.08,1.0474,1.0446,-26.7,-37.7,0,0
xrp_bybit_perp,bigline_ad,SHORT,2026-07-01 07:30:15,2026-07-01 07:48:20,0.3,1.0398,1.0422,-23.1,-34.1,0,0
xrp_bybit_perp,bigline_ad,SHORT,2026-07-01 12:04:38,2026-07-01 12:33:52,0.49,1.0359,1.0383,-23.2,-34.2,0,0
xrp_bybit_perp,bigline_ad,SHORT,2026-07-01 12:34:57,2026-07-01 13:01:28,0.44,1.0348,1.0384,-34.8,-45.8,0,0
xrp_bybit_perp,bigline_ad,LONG,2026-07-01 13:30:48,2026-07-01 13:45:01,0.24,1.039,1.0425,33.7,22.7,1,0
xrp_bybit_perp,bigline_ad,LONG,2026-07-01 14:51:49,2026-07-01 16:53:27,2.03,1.053,1.056,28.5,17.5,0,0
xrp_bybit_perp,bigline_ad,LONG,2026-07-01 17:23:51,2026-07-01 18:47:18,1.39,1.0619,1.0593,-24.5,-35.5,0,0
xrp_bybit_perp,bigline_ad,LONG,2026-07-01 19:34:35,2026-07-01 19:40:59,0.11,1.0634,1.061,-22.6,-33.6,0,0
xrp_bybit_perp,bigline_ad,SHORT,2026-07-01 20:01:24,2026-07-01 20:46:36,0.75,1.0591,1.0574,16.1,5.1,1,0
xrp_bybit_perp,bigline_ad,LONG,2026-07-01 21:32:44,2026-07-01 22:05:04,0.54,1.0637,1.065,12.2,1.2,0,0
xrp_bybit_perp,bigline_ad,LONG,2026-07-01 22:21:18,2026-07-01 22:21:19,0.0,1.0696,1.0697,0.9,-10.1,0,0
xrp_bybit_perp,bigline_ad,SHORT,2026-07-02 03:19:17,2026-07-02 03:27:51,0.14,1.0564,1.0609,-42.6,-53.6,0,0
xrp_bybit_perp,bigline_ad,LONG,2026-07-02 06:21:38,2026-07-02 06:49:55,0.47,1.0603,1.0564,-36.8,-47.8,0,0
xrp_bybit_perp,bigline_ad,LONG,2026-07-02 10:34:27,2026-07-02 14:18:46,3.74,1.0785,1.0985,185.4,174.4,1,0
xrp_bybit_perp,bigline_ad,SHORT,2026-07-02 16:21:10,2026-07-02 16:41:22,0.34,1.0894,1.0901,-6.4,-17.4,0,0
xrp_bybit_perp,bigline_ad,SHORT,2026-07-02 19:55:42,2026-07-02 22:34:58,2.65,1.0844,1.0802,38.7,27.7,1,0
xrp_bybit_perp,bigline_ad,SHORT,2026-07-02 23:14:47,2026-07-02 23:25:35,0.18,1.0816,1.0848,-29.6,-40.6,0,0
