cell,engine,side,entry_utc,exit_utc,hold_h,entry_px,exit_px,gross_bps,net_bps_taker,dive_depth,lean_pivot_signed,steepness,dipole_class,rev_conv
sol_bybit_perp,zz150,LONG,2026-06-03 00:18:22,2026-06-03 03:26:32,3.14,75.06,73.9,-154.5,-165.5,0.2383,0.2383,0.1581,continue,0.0
sol_bybit_perp,zz150,SHORT,2026-06-03 03:26:32,2026-06-03 04:04:00,0.62,73.9,73.29,82.5,71.5,0.1776,-0.1776,0.0335,weakening,0.0
sol_bybit_perp,zz150,LONG,2026-06-03 04:04:00,2026-06-03 13:42:36,9.64,73.29,74.52,167.8,156.8,0.0824,0.0824,0.0554,weakening,0.0
sol_bybit_perp,zz150,SHORT,2026-06-03 13:42:36,2026-06-03 17:22:18,3.66,74.52,73.12,187.9,176.9,0.4557,-0.4557,0.008,flip_risk,0.181
sol_bybit_perp,zz150,LONG,2026-06-03 17:22:18,2026-06-03 17:53:37,0.52,73.12,72.93,-26.0,-37.0,0.3732,0.3732,0.2751,weakening,0.0
sol_bybit_perp,zz150,SHORT,2026-06-03 17:53:37,2026-06-03 21:07:37,3.23,72.93,71.91,139.9,128.9,0.6207,0.6207,0.1396,continue,0.0
sol_bybit_perp,zz150,LONG,2026-06-03 21:07:37,2026-06-03 22:37:20,1.5,71.91,72.01,13.9,2.9,0.6833,0.6833,0.2285,continue,0.0
sol_bybit_perp,zz150,SHORT,2026-06-03 22:37:20,2026-06-04 02:05:38,3.47,72.01,67.74,593.0,582.0,0.187,0.187,0.0967,continue,0.0
sol_bybit_perp,zz150,LONG,2026-06-04 02:05:38,2026-06-04 05:01:09,2.93,67.74,70.65,429.6,418.6,0.2082,0.2082,0.0369,continue,0.0
sol_bybit_perp,zz150,SHORT,2026-06-04 05:01:09,2026-06-04 06:18:19,1.29,70.65,71.0,-49.5,-60.5,0.3022,0.3022,0.5014,weakening,0.0
sol_bybit_perp,zz150,LONG,2026-06-04 06:18:19,2026-06-04 07:04:17,0.77,71.0,70.08,-129.6,-140.6,0.0751,-0.0751,0.3236,weakening,0.0
sol_bybit_perp,zz150,SHORT,2026-06-04 07:04:17,2026-06-04 08:30:42,1.44,70.08,69.3,111.3,100.3,0.8084,0.8084,0.1863,continue,0.0
sol_bybit_perp,zz150,LONG,2026-06-04 08:30:42,2026-06-04 09:12:51,0.7,69.3,68.28,-147.2,-158.2,0.028,0.028,0.056,continue,0.0
sol_bybit_perp,zz150,SHORT,2026-06-04 09:12:51,2026-06-04 09:59:35,0.78,68.28,68.7,-61.5,-72.5,0.4441,0.4441,0.0449,weakening,0.0
sol_bybit_perp,zz150,LONG,2026-06-04 09:59:35,2026-06-04 10:48:45,0.82,68.7,67.81,-129.5,-140.5,0.6081,0.6081,0.0164,continue,0.0
sol_bybit_perp,zz150,SHORT,2026-06-04 10:48:45,2026-06-04 11:25:10,0.61,67.81,68.39,-85.5,-96.5,0.3758,0.3758,0.2433,weakening,0.0
sol_bybit_perp,zz150,LONG,2026-06-04 11:25:10,2026-06-04 13:20:16,1.92,68.39,69.26,127.2,116.2,0.1858,0.1858,0.1333,continue,0.0
sol_bybit_perp,zz150,SHORT,2026-06-04 13:20:16,2026-06-04 13:32:10,0.2,69.26,70.03,-111.2,-122.2,0.7801,0.7801,0.0573,continue,0.0
sol_bybit_perp,zz150,LONG,2026-06-04 13:32:10,2026-06-04 14:53:25,1.35,70.03,69.52,-72.8,-83.8,0.8155,0.8155,0.2164,continue,0.0
sol_bybit_perp,zz150,SHORT,2026-06-04 14:53:25,2026-06-04 17:52:44,2.99,69.52,69.51,1.4,-9.6,0.7635,0.7635,0.7288,reversal,0.2264
sol_bybit_perp,zz150,LONG,2026-06-04 17:52:44,2026-06-04 20:04:06,2.19,69.51,68.74,-110.8,-121.8,0.4991,0.4991,0.2595,continue,0.0
sol_bybit_perp,zz150,SHORT,2026-06-04 20:04:06,2026-06-04 22:57:37,2.89,68.74,68.53,30.5,19.5,0.4827,0.4827,0.1258,weakening,0.0
sol_bybit_perp,zz150,LONG,2026-06-04 22:57:37,2026-06-05 01:01:13,2.06,68.53,68.03,-73.0,-84.0,0.1455,0.1455,0.2866,flip_risk,0.0879
sol_bybit_perp,zz150,SHORT,2026-06-05 01:01:13,2026-06-05 01:30:17,0.48,68.03,68.53,-73.5,-84.5,0.6847,0.6847,0.1759,continue,0.0
sol_bybit_perp,zz150,LONG,2026-06-05 01:30:17,2026-06-05 02:21:07,0.85,68.53,67.73,-116.7,-127.7,0.13,0.13,0.1283,continue,0.0
sol_bybit_perp,zz150,SHORT,2026-06-05 02:21:07,2026-06-05 04:07:09,1.77,67.73,67.45,41.3,30.3,0.452,0.452,0.0815,continue,0.0
sol_bybit_perp,zz150,LONG,2026-06-05 04:07:09,2026-06-05 05:37:47,1.51,67.45,67.0,-66.7,-77.7,0.6401,0.6401,0.3196,continue,0.0
sol_bybit_perp,zz150,SHORT,2026-06-05 05:37:47,2026-06-05 06:27:44,0.83,67.0,64.8,328.4,317.4,0.2119,0.2119,0.6064,continue,0.0
sol_bybit_perp,zz150,LONG,2026-06-05 06:27:44,2026-06-05 07:05:18,0.63,64.8,64.45,-54.0,-65.0,0.0692,0.0692,0.0825,weakening,0.0
sol_bybit_perp,zz150,SHORT,2026-06-05 07:05:18,2026-06-05 07:23:22,0.3,64.45,64.83,-59.0,-70.0,0.2606,0.2606,0.0713,continue,0.0
sol_bybit_perp,zz150,LONG,2026-06-05 07:23:22,2026-06-05 08:45:01,1.36,64.83,65.25,64.8,53.8,0.3427,0.3427,0.0209,weakening,0.0
sol_bybit_perp,zz150,SHORT,2026-06-05 08:45:01,2026-06-05 09:13:49,0.48,65.25,66.07,-125.7,-136.7,0.3462,0.3462,0.4734,continue,0.0
sol_bybit_perp,zz150,LONG,2026-06-05 09:13:49,2026-06-05 12:02:01,2.8,66.07,65.74,-49.9,-60.9,0.0685,0.0685,0.0797,continue,0.0
sol_bybit_perp,zz150,SHORT,2026-06-05 12:02:01,2026-06-05 13:03:33,1.03,65.74,66.17,-65.4,-76.4,0.4001,0.4001,0.0094,weakening,0.0
sol_bybit_perp,zz150,LONG,2026-06-05 13:03:33,2026-06-05 13:44:35,0.68,66.17,65.74,-65.0,-76.0,0.2641,0.2641,0.143,continue,0.0
sol_bybit_perp,zz150,SHORT,2026-06-05 13:44:35,2026-06-05 14:08:36,0.4,65.74,64.89,129.3,118.3,0.0538,0.0538,0.5328,continue,0.0
sol_bybit_perp,zz150,LONG,2026-06-05 14:08:36,2026-06-05 15:01:13,0.88,64.89,64.74,-23.1,-34.1,0.4615,0.4615,0.1161,continue,0.0
sol_bybit_perp,zz150,SHORT,2026-06-05 15:01:13,2026-06-05 16:13:31,1.21,64.74,64.11,97.3,86.3,0.0357,0.0357,0.1536,weakening,0.0
sol_bybit_perp,zz150,LONG,2026-06-05 16:13:31,2026-06-05 16:43:01,0.49,64.11,64.48,57.7,46.7,0.2034,0.2034,0.0524,weakening,0.0
sol_bybit_perp,zz150,SHORT,2026-06-05 16:43:01,2026-06-05 16:50:20,0.12,64.48,65.42,-145.8,-156.8,0.0631,0.0631,0.1166,weakening,0.0
sol_bybit_perp,zz150,LONG,2026-06-05 16:50:20,2026-06-05 17:17:41,0.46,65.42,65.02,-61.1,-72.1,0.5044,0.5044,0.0245,continue,0.0
sol_bybit_perp,zz150,SHORT,2026-06-05 17:17:41,2026-06-05 19:24:38,2.12,65.02,62.4,403.0,392.0,0.0507,-0.0507,0.1944,weakening,0.0
sol_bybit_perp,zz150,LONG,2026-06-05 19:24:38,2026-06-05 20:03:58,0.66,62.4,62.85,72.1,61.1,0.1465,-0.1465,0.0619,weakening,0.0
sol_bybit_perp,zz150,SHORT,2026-06-05 20:03:58,2026-06-05 20:08:46,0.08,62.85,63.58,-116.1,-127.1,0.2613,0.2613,0.2953,continue,0.0
sol_bybit_perp,zz150,LONG,2026-06-05 20:08:46,2026-06-05 22:04:00,1.92,63.58,64.31,114.8,103.8,0.6002,0.6002,0.3745,continue,0.0
sol_bybit_perp,zz150,SHORT,2026-06-05 22:04:00,2026-06-05 23:06:38,1.04,64.31,64.74,-66.9,-77.9,0.3673,-0.3673,0.0064,reversal,0.2247
sol_bybit_perp,zz150,LONG,2026-06-05 23:06:38,2026-06-05 23:16:38,0.17,64.74,63.74,-154.5,-165.5,0.5534,0.5534,0.025,weakening,0.0
sol_bybit_perp,zz150,SHORT,2026-06-05 23:16:38,2026-06-05 23:53:02,0.61,63.74,63.54,31.4,20.4,0.56,0.56,0.0544,weakening,0.0
sol_bybit_perp,zz150,LONG,2026-06-05 23:53:02,2026-06-06 01:24:32,1.52,63.54,63.83,45.6,34.6,0.4728,0.4728,0.0293,continue,0.0
sol_bybit_perp,zz150,SHORT,2026-06-06 01:24:32,2026-06-06 04:53:49,3.49,63.83,61.2,412.0,401.0,0.3437,0.3437,0.7751,reversal,0.282
sol_bybit_perp,zz150,LONG,2026-06-06 04:53:49,2026-06-06 05:01:43,0.13,61.2,60.33,-142.2,-153.2,0.3032,0.3032,0.3707,flip_risk,0.1127
sol_bybit_perp,zz150,SHORT,2026-06-06 05:01:43,2026-06-06 05:10:25,0.14,60.33,60.98,-107.7,-118.7,0.0207,-0.0207,0.0064,continue,0.0
sol_bybit_perp,zz150,LONG,2026-06-06 05:10:25,2026-06-06 06:49:54,1.66,60.98,62.36,226.3,215.3,0.0264,-0.0264,0.0374,continue,0.0
sol_bybit_perp,zz150,SHORT,2026-06-06 06:49:54,2026-06-06 07:15:13,0.42,62.36,63.03,-107.4,-118.4,0.4379,0.4379,0.0906,continue,0.0
sol_bybit_perp,zz150,LONG,2026-06-06 07:15:13,2026-06-06 09:48:50,2.56,63.03,62.57,-73.0,-84.0,0.523,0.523,0.0381,weakening,0.0
sol_bybit_perp,zz150,SHORT,2026-06-06 09:48:50,2026-06-06 11:02:43,1.23,62.57,62.06,81.5,70.5,0.4938,0.4938,0.0206,continue,0.0
sol_bybit_perp,zz150,LONG,2026-06-06 11:02:43,2026-06-06 15:02:18,3.99,62.06,62.07,1.6,-9.4,0.1034,0.1034,0.1996,weakening,0.0
sol_bybit_perp,zz150,SHORT,2026-06-06 15:02:18,2026-06-06 15:42:11,0.66,62.07,62.2,-20.9,-31.9,0.2453,-0.2453,0.3475,weakening,0.0
sol_bybit_perp,zz150,LONG,2026-06-06 15:42:11,2026-06-06 16:34:39,0.87,62.2,61.42,-125.4,-136.4,0.433,0.433,0.0637,continue,0.0
sol_bybit_perp,zz150,SHORT,2026-06-06 16:34:39,2026-06-06 21:31:28,4.95,61.42,62.23,-131.9,-142.9,0.3425,0.3425,0.283,continue,0.0
sol_bybit_perp,zz150,LONG,2026-06-06 21:31:28,2026-06-07 09:42:12,12.18,62.23,65.05,453.2,442.2,0.1072,0.1072,0.0496,reversal,0.2417
sol_bybit_perp,zz150,SHORT,2026-06-07 09:42:12,2026-06-07 14:18:19,4.6,65.05,64.57,73.8,62.8,0.3921,0.3921,0.0365,weakening,0.0
sol_bybit_perp,zz150,LONG,2026-06-07 14:18:19,2026-06-07 19:02:06,4.73,64.57,64.57,0.0,-11.0,0.635,0.635,0.0033,continue,0.0
sol_bybit_perp,zz150,SHORT,2026-06-07 19:02:06,2026-06-07 20:21:37,1.33,64.57,64.54,4.6,-6.4,0.5894,0.5894,0.0857,continue,0.0
sol_bybit_perp,zz150,LONG,2026-06-07 20:21:37,2026-06-07 22:17:09,1.93,64.54,66.79,348.6,337.6,0.0289,-0.0289,0.01,weakening,0.0
sol_bybit_perp,zz150,SHORT,2026-06-07 22:17:09,2026-06-08 00:30:45,2.23,66.79,66.71,12.0,1.0,0.1837,0.1837,0.0132,continue,0.0
sol_bybit_perp,zz150,LONG,2026-06-08 00:30:45,2026-06-08 01:14:27,0.73,66.71,66.03,-101.9,-112.9,0.2238,0.2238,0.0049,reversal,0.3073
sol_bybit_perp,zz150,SHORT,2026-06-08 01:14:27,2026-06-08 02:11:32,0.95,66.03,66.34,-46.9,-57.9,0.5415,0.5415,0.0956,continue,0.0
sol_bybit_perp,zz150,LONG,2026-06-08 02:11:32,2026-06-08 04:19:28,2.13,66.34,65.7,-96.5,-107.5,0.1102,0.1102,0.0595,continue,0.0
sol_bybit_perp,zz150,SHORT,2026-06-08 04:19:28,2026-06-08 07:26:51,3.12,65.7,65.92,-33.5,-44.5,0.5043,0.5043,0.3786,continue,0.0
sol_bybit_perp,zz150,LONG,2026-06-08 07:26:51,2026-06-08 12:14:58,4.8,65.92,66.01,13.7,2.7,0.2096,0.2096,0.011,weakening,0.0
sol_bybit_perp,zz150,SHORT,2026-06-08 12:14:58,2026-06-08 12:43:05,0.47,66.01,66.96,-143.9,-154.9,0.518,0.518,0.0874,continue,0.0
sol_bybit_perp,zz150,LONG,2026-06-08 12:43:05,2026-06-08 17:00:47,4.29,66.96,66.77,-28.4,-39.4,0.3638,0.3638,0.1604,flip_risk,0.1645
sol_bybit_perp,zz150,SHORT,2026-06-08 17:00:47,2026-06-08 18:02:03,1.02,66.77,67.51,-110.8,-121.8,0.6724,-0.6724,0.153,weakening,0.0
sol_bybit_perp,zz150,LONG,2026-06-08 18:02:03,2026-06-08 22:09:58,4.13,67.51,67.12,-57.8,-68.8,0.21,0.21,0.5237,continue,0.0
sol_bybit_perp,zz150,SHORT,2026-06-08 22:09:58,2026-06-09 04:33:59,6.4,67.12,66.24,131.1,120.1,0.5386,0.5386,0.0258,continue,0.0
sol_bybit_perp,zz150,LONG,2026-06-09 04:33:59,2026-06-09 08:07:48,3.56,66.24,66.4,24.2,13.2,0.1457,0.1457,0.1449,weakening,0.0
sol_bybit_perp,zz150,SHORT,2026-06-09 08:07:48,2026-06-09 17:04:39,8.95,66.4,64.49,287.7,276.7,0.1989,-0.1989,0.1429,continue,0.0
sol_bybit_perp,zz150,LONG,2026-06-09 17:04:39,2026-06-09 23:35:41,6.52,64.49,64.66,26.4,15.4,0.3223,0.3223,0.0386,weakening,0.0
sol_bybit_perp,zz150,SHORT,2026-06-09 23:35:41,2026-06-10 12:30:11,12.91,64.66,63.87,122.2,111.2,0.6585,0.6585,0.201,weakening,0.0
sol_bybit_perp,zz150,LONG,2026-06-10 12:30:11,2026-06-10 15:15:59,2.76,63.87,64.51,100.2,89.2,0.3389,0.3389,0.1579,weakening,0.0
sol_bybit_perp,zz150,SHORT,2026-06-10 15:15:59,2026-06-10 15:46:09,0.5,64.51,65.48,-150.4,-161.4,0.3704,0.3704,0.0805,weakening,0.0
sol_bybit_perp,zz150,LONG,2026-06-10 15:46:09,2026-06-10 16:25:26,0.65,65.48,64.73,-114.5,-125.5,0.4843,0.4843,0.0441,continue,0.0
sol_bybit_perp,zz150,SHORT,2026-06-10 16:25:26,2026-06-10 23:53:09,7.46,64.73,63.25,228.6,217.6,0.5052,0.5052,0.1486,continue,0.0
sol_bybit_perp,zz150,LONG,2026-06-10 23:53:09,2026-06-11 12:22:11,12.48,63.25,65.12,295.7,284.7,0.0492,-0.0492,0.1607,weakening,0.0
sol_bybit_perp,zz150,SHORT,2026-06-11 12:22:11,2026-06-11 17:29:56,5.13,65.12,65.86,-113.6,-124.6,0.5536,0.5536,0.2524,continue,0.0
sol_bybit_perp,zz150,LONG,2026-06-11 17:29:56,2026-06-12 06:30:57,13.02,65.86,66.29,65.3,54.3,0.1532,0.1532,0.0313,reversal,0.1696
sol_bybit_perp,zz150,SHORT,2026-06-12 06:30:57,2026-06-12 08:21:05,1.84,66.29,66.9,-92.0,-103.0,0.5043,0.5043,0.1085,weakening,0.0
sol_bybit_perp,zz150,LONG,2026-06-12 08:21:05,2026-06-12 13:42:41,5.36,66.9,66.43,-70.3,-81.3,0.2884,0.2884,0.4075,weakening,0.0
sol_bybit_perp,zz150,SHORT,2026-06-12 13:42:41,2026-06-12 14:34:52,0.87,66.43,67.33,-135.5,-146.5,0.618,0.618,0.2302,weakening,0.0
sol_bybit_perp,zz150,LONG,2026-06-12 14:34:52,2026-06-12 15:38:43,1.06,67.33,67.72,57.9,46.9,0.6225,0.6225,0.4057,reversal,0.1531
sol_bybit_perp,zz150,SHORT,2026-06-12 15:38:43,2026-06-12 17:06:05,1.46,67.72,68.14,-62.0,-73.0,0.7961,0.7961,0.137,continue,0.0
sol_bybit_perp,zz150,LONG,2026-06-12 17:06:05,2026-06-12 18:07:18,1.02,68.14,67.14,-146.8,-157.8,0.17,0.17,0.2029,reversal,0.1661
sol_bybit_perp,zz150,SHORT,2026-06-12 18:07:18,2026-06-13 01:42:13,7.58,67.14,67.41,-40.2,-51.2,0.6998,0.6998,0.7567,continue,0.0
sol_bybit_perp,zz150,LONG,2026-06-13 01:42:13,2026-06-14 04:45:23,27.05,67.41,68.48,158.7,147.7,0.1067,0.1067,0.0438,weakening,0.0
sol_bybit_perp,zz150,SHORT,2026-06-14 04:45:23,2026-06-14 20:35:14,15.83,68.48,67.97,74.5,63.5,0.0487,0.0487,0.0005,weakening,0.0
sol_bybit_perp,zz150,LONG,2026-06-14 20:35:14,2026-06-15 17:03:23,20.47,67.97,74.89,1018.1,1007.1,0.5913,0.5913,0.3257,weakening,0.0
sol_bybit_perp,zz150,SHORT,2026-06-15 17:03:23,2026-06-15 19:15:45,2.21,74.89,75.76,-116.2,-127.2,0.5063,0.5063,0.0406,weakening,0.0
sol_bybit_perp,zz150,LONG,2026-06-15 19:15:45,2026-06-15 19:19:51,0.07,75.76,74.6,-153.1,-164.1,0.5751,0.5751,0.0792,continue,0.0
sol_bybit_perp,zz150,SHORT,2026-06-15 19:19:51,2026-06-16 04:05:23,8.76,74.6,73.87,97.9,86.9,0.8533,0.8533,0.1626,weakening,0.0
sol_bybit_perp,zz150,LONG,2026-06-16 04:05:23,2026-06-16 11:26:05,7.34,73.87,74.44,77.2,66.2,0.0582,0.0582,0.1891,continue,0.0
sol_bybit_perp,zz150,SHORT,2026-06-16 11:26:05,2026-06-16 12:33:46,1.13,74.44,75.47,-138.4,-149.4,0.1935,0.1935,0.1992,weakening,0.0
sol_bybit_perp,zz150,LONG,2026-06-16 12:33:46,2026-06-16 13:09:23,0.59,75.47,74.32,-152.4,-163.4,0.7176,0.7176,0.0726,continue,0.0
sol_bybit_perp,zz150,SHORT,2026-06-16 13:09:23,2026-06-16 15:13:23,2.07,74.32,73.39,125.1,114.1,0.5551,0.5551,0.0242,continue,0.0
sol_bybit_perp,zz150,LONG,2026-06-16 15:13:23,2026-06-17 01:22:20,10.15,73.39,73.17,-30.0,-41.0,0.4019,0.4019,0.0164,continue,0.0
sol_bybit_perp,zz150,SHORT,2026-06-17 01:22:20,2026-06-17 02:23:36,1.02,73.17,74.22,-143.5,-154.5,0.5429,0.5429,0.018,continue,0.0
sol_bybit_perp,zz150,LONG,2026-06-17 02:23:36,2026-06-17 06:29:16,4.09,74.22,73.3,-124.0,-135.0,0.7835,0.7835,0.0767,continue,0.0
sol_bybit_perp,zz150,SHORT,2026-06-17 06:29:16,2026-06-17 13:45:14,7.27,73.3,72.68,84.6,73.6,0.7026,0.7026,0.0273,continue,0.0
sol_bybit_perp,zz150,LONG,2026-06-17 13:45:14,2026-06-17 17:08:17,3.38,72.68,73.51,114.2,103.2,0.5293,0.5293,0.2176,weakening,0.0
sol_bybit_perp,zz150,SHORT,2026-06-17 17:08:17,2026-06-17 18:09:39,1.02,73.51,73.24,36.7,25.7,0.3737,0.3737,0.482,continue,0.0
sol_bybit_perp,zz150,LONG,2026-06-17 18:09:39,2026-06-17 19:05:33,0.93,73.24,73.17,-9.6,-20.6,0.472,0.472,0.0169,continue,0.0
sol_bybit_perp,zz150,SHORT,2026-06-17 19:05:33,2026-06-17 22:31:22,3.43,73.17,71.84,181.8,170.8,0.5671,0.5671,0.1369,continue,0.0
sol_bybit_perp,zz150,LONG,2026-06-17 22:31:22,2026-06-18 03:44:20,5.22,71.84,71.53,-43.2,-54.2,0.6764,0.6764,0.0069,continue,0.0
sol_bybit_perp,zz150,SHORT,2026-06-18 03:44:20,2026-06-18 07:26:14,3.7,71.53,71.66,-18.2,-29.2,0.6393,0.6393,0.1602,weakening,0.0
sol_bybit_perp,zz150,LONG,2026-06-18 07:26:14,2026-06-18 11:11:00,3.75,71.66,71.03,-87.9,-98.9,0.414,0.414,0.0637,weakening,0.0
sol_bybit_perp,zz150,SHORT,2026-06-18 11:11:00,2026-06-18 19:43:03,8.53,71.03,69.27,247.8,236.8,0.7228,0.7228,0.2108,weakening,0.0
sol_bybit_perp,zz150,LONG,2026-06-18 19:43:03,2026-06-19 03:15:12,7.54,69.27,68.94,-47.6,-58.6,0.4424,0.4424,0.143,continue,0.0
sol_bybit_perp,zz150,SHORT,2026-06-19 03:15:12,2026-06-19 13:43:00,10.46,68.94,68.92,2.9,-8.1,0.481,-0.481,0.1044,continue,0.0
sol_bybit_perp,zz150,LONG,2026-06-19 13:43:00,2026-06-20 08:02:31,18.33,68.92,71.34,351.1,340.1,0.6623,0.6623,0.0268,continue,0.0
sol_bybit_perp,zz150,SHORT,2026-06-20 08:02:31,2026-06-20 14:45:56,6.72,71.34,71.53,-26.6,-37.6,0.5116,0.5116,0.1074,weakening,0.0
sol_bybit_perp,zz150,LONG,2026-06-20 14:45:56,2026-06-20 16:24:05,1.64,71.53,71.48,-7.0,-18.0,0.7715,0.7715,0.5435,weakening,0.0
sol_bybit_perp,zz150,SHORT,2026-06-20 16:24:05,2026-06-20 21:12:20,4.8,71.48,72.13,-90.9,-101.9,0.1849,0.1849,0.1138,weakening,0.0
sol_bybit_perp,zz150,LONG,2026-06-20 21:12:20,2026-06-21 00:01:21,2.82,72.13,73.11,135.9,124.9,0.6594,0.6594,0.283,continue,0.0
sol_bybit_perp,zz150,SHORT,2026-06-21 00:01:21,2026-06-21 09:34:52,9.56,73.11,73.79,-93.0,-104.0,0.4173,0.4173,0.0396,weakening,0.0
sol_bybit_perp,zz150,LONG,2026-06-21 09:34:52,2026-06-21 11:32:23,1.96,73.79,73.25,-73.2,-84.2,0.7699,0.7699,0.0173,continue,0.0
sol_bybit_perp,zz150,SHORT,2026-06-21 11:32:23,2026-06-21 14:40:23,3.13,73.25,73.98,-99.7,-110.7,0.5593,0.5593,0.0394,continue,0.0
sol_bybit_perp,zz150,LONG,2026-06-21 14:40:23,2026-06-21 20:48:31,6.14,73.98,73.51,-63.5,-74.5,0.0684,-0.0684,0.0195,continue,0.0
sol_bybit_perp,zz150,SHORT,2026-06-21 20:48:31,2026-06-22 00:37:48,3.82,73.51,73.4,15.0,4.0,0.5637,0.5637,0.3003,weakening,0.0
sol_bybit_perp,zz150,LONG,2026-06-22 00:37:48,2026-06-22 02:47:36,2.16,73.4,73.83,58.6,47.6,0.8203,0.8203,0.3721,continue,0.0
sol_bybit_perp,zz150,SHORT,2026-06-22 02:47:36,2026-06-22 07:27:09,4.66,73.83,74.36,-71.8,-82.8,0.355,0.355,0.0398,weakening,0.0
sol_bybit_perp,zz150,LONG,2026-06-22 07:27:09,2026-06-22 14:27:37,7.01,74.36,73.83,-71.3,-82.3,0.5952,0.5952,0.0053,continue,0.0
sol_bybit_perp,zz150,SHORT,2026-06-22 14:27:37,2026-06-23 10:02:52,19.59,73.83,69.13,636.6,625.6,0.1085,0.1085,0.1438,flip_risk,0.04
sol_bybit_perp,zz150,LONG,2026-06-23 10:02:52,2026-06-23 15:24:48,5.37,69.13,68.56,-82.5,-93.5,0.3662,0.3662,0.6161,flip_risk,0.1761
sol_bybit_perp,zz150,SHORT,2026-06-23 15:24:48,2026-06-23 22:06:58,6.7,68.56,69.37,-118.1,-129.1,0.0711,0.0711,0.0733,continue,0.0
sol_bybit_perp,zz150,LONG,2026-06-23 22:06:58,2026-06-24 03:04:48,4.96,69.37,69.29,-11.5,-22.5,0.7324,0.7324,0.0199,continue,0.0
sol_bybit_perp,zz150,SHORT,2026-06-24 03:04:48,2026-06-24 05:32:48,2.47,69.29,70.01,-103.9,-114.9,0.1955,0.1955,0.2546,weakening,0.0
sol_bybit_perp,zz150,LONG,2026-06-24 05:32:48,2026-06-24 10:10:40,4.63,70.01,69.1,-130.0,-141.0,0.6536,0.6536,0.2683,continue,0.0
sol_bybit_perp,zz150,SHORT,2026-06-24 10:10:40,2026-06-24 11:48:45,1.63,69.1,69.77,-97.0,-108.0,0.645,0.645,0.0857,continue,0.0
sol_bybit_perp,zz150,LONG,2026-06-24 11:48:45,2026-06-24 13:00:49,1.2,69.77,69.32,-64.5,-75.5,0.5779,0.5779,0.0439,weakening,0.0
sol_bybit_perp,zz150,SHORT,2026-06-24 13:00:49,2026-06-24 13:33:16,0.54,69.32,69.37,-7.2,-18.2,0.5897,0.5897,0.0083,continue,0.0
sol_bybit_perp,zz150,LONG,2026-06-24 13:33:16,2026-06-24 15:12:23,1.65,69.37,68.39,-141.3,-152.3,0.3869,0.3869,0.007,weakening,0.0
sol_bybit_perp,zz150,SHORT,2026-06-24 15:12:23,2026-06-24 18:15:35,3.05,68.39,65.63,403.6,392.6,0.1816,-0.1816,0.0689,continue,0.0
sol_bybit_perp,zz150,LONG,2026-06-24 18:15:35,2026-06-25 01:15:10,6.99,65.63,67.42,272.7,261.7,0.5012,0.5012,0.0023,continue,0.0
sol_bybit_perp,zz150,SHORT,2026-06-25 01:15:10,2026-06-25 04:56:13,3.68,67.42,68.39,-143.9,-154.9,0.4969,0.4969,0.0312,continue,0.0
sol_bybit_perp,zz150,LONG,2026-06-25 04:56:13,2026-06-25 10:21:29,5.42,68.39,68.57,26.3,15.3,0.9918,0.9918,0.0089,continue,0.0
sol_bybit_perp,zz150,SHORT,2026-06-25 10:21:29,2026-06-25 12:30:28,2.15,68.57,68.87,-43.8,-54.8,0.5417,0.5417,0.0129,weakening,0.0
sol_bybit_perp,zz150,LONG,2026-06-25 12:30:28,2026-06-25 13:31:21,1.01,68.87,67.81,-153.9,-164.9,0.3479,0.3479,0.1171,weakening,0.0
sol_bybit_perp,zz150,SHORT,2026-06-25 13:31:21,2026-06-25 14:01:58,0.51,67.81,64.97,418.8,407.8,0.2826,0.2826,0.0698,weakening,0.0
sol_bybit_perp,zz150,LONG,2026-06-25 14:01:58,2026-06-25 14:16:38,0.24,64.97,65.31,52.3,41.3,0.0139,0.0139,0.0617,weakening,0.0
sol_bybit_perp,zz150,SHORT,2026-06-25 14:16:38,2026-06-25 14:21:39,0.08,65.31,66.19,-134.7,-145.7,0.4184,0.4184,0.0,continue,0.0
sol_bybit_perp,zz150,LONG,2026-06-25 14:21:39,2026-06-25 14:37:36,0.27,66.19,66.09,-15.1,-26.1,0.436,0.436,0.0273,flip_risk,0.0831
sol_bybit_perp,zz150,SHORT,2026-06-25 14:37:36,2026-06-25 15:36:22,0.98,66.09,66.18,-13.6,-24.6,0.438,0.438,0.0191,continue,0.0
sol_bybit_perp,zz150,LONG,2026-06-25 15:36:22,2026-06-25 16:44:03,1.13,66.18,65.96,-33.2,-44.2,0.6804,0.6804,0.1229,continue,0.0
sol_bybit_perp,zz150,SHORT,2026-06-25 16:44:03,2026-06-25 17:15:25,0.52,65.96,66.59,-95.5,-106.5,0.2757,0.2757,0.1761,continue,0.0
sol_bybit_perp,zz150,LONG,2026-06-25 17:15:25,2026-06-25 18:12:25,0.95,66.59,66.32,-40.5,-51.5,0.7295,0.7295,0.0678,continue,0.0
sol_bybit_perp,zz150,SHORT,2026-06-25 18:12:25,2026-06-25 20:05:00,1.88,66.32,66.61,-43.7,-54.7,0.4923,0.4923,0.0322,continue,0.0
sol_bybit_perp,zz150,LONG,2026-06-25 20:05:00,2026-06-25 23:50:03,3.75,66.61,67.72,166.6,155.6,0.6671,0.6671,0.313,continue,0.0
sol_bybit_perp,zz150,SHORT,2026-06-25 23:50:03,2026-06-26 03:10:35,3.34,67.72,66.88,124.0,113.0,0.3564,0.3564,0.1315,continue,0.0
sol_bybit_perp,zz150,LONG,2026-06-26 03:10:35,2026-06-26 08:18:31,5.13,66.88,69.9,451.6,440.6,0.4193,0.4193,0.071,weakening,0.0
sol_bybit_perp,zz150,SHORT,2026-06-26 08:18:31,2026-06-26 12:33:36,4.25,69.9,69.41,70.1,59.1,0.5209,0.5209,0.406,continue,0.0
sol_bybit_perp,zz150,LONG,2026-06-26 12:33:36,2026-06-26 12:40:09,0.11,69.41,68.64,-110.9,-121.9,0.8752,0.8752,0.0019,continue,0.0
sol_bybit_perp,zz150,SHORT,2026-06-26 12:40:09,2026-06-26 13:35:28,0.92,68.64,69.26,-90.3,-101.3,0.3691,0.3691,0.0236,weakening,0.0
sol_bybit_perp,zz150,LONG,2026-06-26 13:35:28,2026-06-26 14:36:40,1.02,69.26,70.85,229.6,218.6,0.5824,0.5824,0.1389,reversal,0.2884
sol_bybit_perp,zz150,SHORT,2026-06-26 14:36:40,2026-06-26 15:09:55,0.55,70.85,71.35,-70.6,-81.6,0.5822,0.5822,0.1109,weakening,0.0
sol_bybit_perp,zz150,LONG,2026-06-26 15:09:55,2026-06-26 16:12:57,1.05,71.35,72.36,141.6,130.6,0.3867,0.3867,0.0723,continue,0.0
sol_bybit_perp,zz150,SHORT,2026-06-26 16:12:57,2026-06-26 16:35:03,0.37,72.36,73.08,-99.5,-110.5,0.2826,0.2826,0.0715,continue,0.0
sol_bybit_perp,zz150,LONG,2026-06-26 16:35:03,2026-06-26 20:13:43,3.64,73.08,72.77,-42.4,-53.4,0.5899,0.5899,0.008,continue,0.0
sol_bybit_perp,zz150,SHORT,2026-06-26 20:13:43,2026-06-27 04:05:40,7.87,72.77,72.39,52.2,41.2,0.6972,0.6972,0.0027,weakening,0.0
sol_bybit_perp,zz150,LONG,2026-06-27 04:05:40,2026-06-27 17:04:06,12.97,72.39,72.05,-47.0,-58.0,0.3721,0.3721,0.0538,continue,0.0
sol_bybit_perp,zz150,SHORT,2026-06-27 17:04:06,2026-06-28 08:01:29,14.96,72.05,71.25,111.0,100.0,0.0431,-0.0431,0.0217,continue,0.0
sol_bybit_perp,zz150,LONG,2026-06-28 08:01:29,2026-06-28 16:33:14,8.53,71.25,71.21,-5.6,-16.6,0.5946,0.5946,0.0611,weakening,0.0
sol_bybit_perp,zz150,SHORT,2026-06-28 16:33:14,2026-06-28 22:03:09,5.5,71.21,71.29,-11.2,-22.2,0.4983,0.4983,0.0994,continue,0.0
sol_bybit_perp,zz150,LONG,2026-06-28 22:03:09,2026-06-28 22:47:55,0.75,71.29,70.35,-131.9,-142.9,0.1035,0.1035,0.1212,weakening,0.0
sol_bybit_perp,zz150,SHORT,2026-06-28 22:47:55,2026-06-28 23:12:28,0.41,70.35,70.75,-56.9,-67.9,0.3052,0.3052,0.1106,weakening,0.0
sol_bybit_perp,zz150,LONG,2026-06-28 23:12:28,2026-06-29 00:30:11,1.3,70.75,70.66,-12.7,-23.7,0.3539,0.3539,0.0271,continue,0.0
sol_bybit_perp,zz150,SHORT,2026-06-29 00:30:11,2026-06-29 00:55:10,0.42,70.66,71.37,-100.5,-111.5,0.5901,0.5901,0.0672,continue,0.0
sol_bybit_perp,zz150,LONG,2026-06-29 00:55:10,2026-06-29 02:13:47,1.31,71.37,70.6,-107.9,-118.9,0.6617,0.6617,0.0048,continue,0.0
sol_bybit_perp,zz150,SHORT,2026-06-29 02:13:47,2026-06-29 02:27:05,0.22,70.6,71.53,-131.7,-142.7,0.1382,-0.1382,0.0093,continue,0.0
sol_bybit_perp,zz150,LONG,2026-06-29 02:27:05,2026-06-29 04:21:01,1.9,71.53,72.2,93.7,82.7,0.0419,-0.0419,0.0263,weakening,0.0
sol_bybit_perp,zz150,SHORT,2026-06-29 04:21:01,2026-06-29 05:55:55,1.58,72.2,72.04,22.2,11.2,0.2237,0.2237,0.0186,weakening,0.0
sol_bybit_perp,zz150,LONG,2026-06-29 05:55:55,2026-06-29 11:15:55,5.33,72.04,72.51,65.2,54.2,0.4034,0.4034,0.025,weakening,0.0
sol_bybit_perp,zz150,SHORT,2026-06-29 11:15:55,2026-06-29 12:06:50,0.85,72.51,73.18,-92.4,-103.4,0.2024,-0.2024,0.2337,continue,0.0
sol_bybit_perp,zz150,LONG,2026-06-29 12:06:50,2026-06-29 12:38:55,0.53,73.18,73.37,26.0,15.0,0.4749,0.4749,0.1574,continue,0.0
sol_bybit_perp,zz150,SHORT,2026-06-29 12:38:55,2026-06-29 13:12:09,0.55,73.37,74.13,-103.6,-114.6,0.4798,0.4798,0.1907,continue,0.0
sol_bybit_perp,zz150,LONG,2026-06-29 13:12:09,2026-06-29 13:30:29,0.31,74.13,73.19,-126.8,-137.8,0.5957,0.5957,0.2103,continue,0.0
sol_bybit_perp,zz150,SHORT,2026-06-29 13:30:29,2026-06-29 14:04:27,0.57,73.19,73.84,-88.8,-99.8,0.157,0.157,0.1159,weakening,0.0
sol_bybit_perp,zz150,LONG,2026-06-29 14:04:27,2026-06-29 14:11:12,0.11,73.84,72.72,-151.7,-162.7,0.0367,-0.0367,0.1296,continue,0.0
sol_bybit_perp,zz150,SHORT,2026-06-29 14:11:12,2026-06-29 14:33:41,0.37,72.72,73.37,-89.4,-100.4,0.0062,0.0062,0.2019,weakening,0.0
sol_bybit_perp,zz150,LONG,2026-06-29 14:33:41,2026-06-29 15:12:17,0.64,73.37,72.74,-85.9,-96.9,0.0496,0.0496,0.0109,reversal,0.1512
sol_bybit_perp,zz150,SHORT,2026-06-29 15:12:17,2026-06-29 15:29:16,0.28,72.74,73.85,-152.6,-163.6,0.7195,0.7195,0.0067,continue,0.0
sol_bybit_perp,zz150,LONG,2026-06-29 15:29:16,2026-06-29 16:22:35,0.89,73.85,73.29,-75.8,-86.8,0.8024,0.8024,0.0077,continue,0.0
sol_bybit_perp,zz150,SHORT,2026-06-29 16:22:35,2026-06-29 16:47:46,0.42,73.29,73.96,-91.4,-102.4,0.026,0.026,0.3073,weakening,0.0
sol_bybit_perp,zz150,LONG,2026-06-29 16:47:46,2026-06-29 17:50:43,1.05,73.96,75.24,173.1,162.1,0.2535,-0.2535,0.1055,continue,0.0
sol_bybit_perp,zz150,SHORT,2026-06-29 17:50:43,2026-06-30 14:01:42,20.18,75.24,73.03,293.7,282.7,0.2458,0.2458,0.0847,weakening,0.0
sol_bybit_perp,zz150,LONG,2026-06-30 14:01:42,2026-06-30 14:54:23,0.88,73.03,72.77,-35.6,-46.6,0.4029,0.4029,0.1631,weakening,0.0
sol_bybit_perp,zz150,SHORT,2026-06-30 14:54:23,2026-06-30 15:45:58,0.86,72.77,73.66,-122.3,-133.3,0.281,0.281,0.2356,weakening,0.0
sol_bybit_perp,zz150,LONG,2026-06-30 15:45:58,2026-06-30 16:14:51,0.48,73.66,72.87,-107.2,-118.2,0.0088,0.0088,0.2108,weakening,0.0
sol_bybit_perp,zz150,SHORT,2026-06-30 16:14:51,2026-06-30 17:07:41,0.88,72.87,73.8,-127.6,-138.6,0.4934,0.4934,0.1687,weakening,0.0
sol_bybit_perp,zz150,LONG,2026-06-30 17:07:41,2026-07-01 01:10:27,8.05,73.8,72.8,-135.5,-146.5,0.1441,0.1441,0.204,continue,0.0
sol_bybit_perp,zz150,SHORT,2026-07-01 01:10:27,2026-07-01 01:22:31,0.2,72.8,73.34,-74.2,-85.2,0.4024,0.4024,0.1327,continue,0.0
sol_bybit_perp,zz150,LONG,2026-07-01 01:22:31,2026-07-01 06:20:23,4.96,73.34,74.71,186.8,175.8,0.4224,0.4224,0.0113,continue,0.0
sol_bybit_perp,zz150,SHORT,2026-07-01 06:20:23,2026-07-01 08:07:31,1.79,74.71,75.04,-44.2,-55.2,0.3333,0.3333,0.1239,continue,0.0
sol_bybit_perp,zz150,LONG,2026-07-01 08:07:31,2026-07-01 12:13:46,4.1,75.04,74.41,-84.0,-95.0,0.31,0.31,0.0883,reversal,0.2021
sol_bybit_perp,zz150,SHORT,2026-07-01 12:13:46,2026-07-01 13:29:53,1.27,74.41,75.35,-126.3,-137.3,0.5321,0.5321,0.4149,continue,0.0
sol_bybit_perp,zz150,LONG,2026-07-01 13:29:53,2026-07-01 16:55:33,3.43,75.35,76.96,213.7,202.7,0.5211,0.5211,0.1083,continue,0.0
sol_bybit_perp,zz150,SHORT,2026-07-01 16:55:33,2026-07-01 21:04:33,4.15,76.96,77.75,-102.7,-113.7,0.2401,0.2401,0.1777,weakening,0.0
sol_bybit_perp,zz150,LONG,2026-07-01 21:04:33,2026-07-01 23:00:40,1.94,77.75,77.7,-6.4,-17.4,0.3944,0.3944,0.0917,reversal,0.1943
sol_bybit_perp,zz150,SHORT,2026-07-01 23:00:40,2026-07-02 01:30:34,2.5,77.7,78.05,-45.0,-56.0,0.3302,0.3302,0.0535,continue,0.0
sol_bybit_perp,zz150,LONG,2026-07-02 01:30:34,2026-07-02 05:42:42,4.2,78.05,77.74,-39.7,-50.7,0.7881,0.7881,0.1477,continue,0.0
sol_bybit_perp,zz150,SHORT,2026-07-02 05:42:42,2026-07-02 09:28:46,3.77,77.74,78.72,-126.1,-137.1,0.59,0.59,0.5215,continue,0.0
sol_bybit_perp,zz150,LONG,2026-07-02 09:28:46,2026-07-02 12:31:40,3.05,78.72,81.47,349.3,338.3,0.7863,0.7863,0.0232,continue,0.0
sol_bybit_perp,zz150,SHORT,2026-07-02 12:31:40,2026-07-02 13:47:34,1.26,81.47,81.95,-58.9,-69.9,0.0564,0.0564,0.0687,reversal,0.1563
sol_bybit_perp,zz150,LONG,2026-07-02 13:47:34,2026-07-02 14:22:23,0.58,81.95,80.72,-150.1,-161.1,0.6223,0.6223,0.0166,weakening,0.0
sol_bybit_perp,zz150,SHORT,2026-07-02 14:22:23,2026-07-02 19:50:01,5.46,80.72,81.26,-66.9,-77.9,0.4531,0.4531,0.0413,weakening,0.0
sol_bybit_perp,zz100,LONG,2026-06-03 00:10:42,2026-06-03 01:40:17,1.49,74.7,74.31,-52.2,-63.2,0.2383,0.2383,0.1581,continue,0.0
sol_bybit_perp,zz100,SHORT,2026-06-03 01:40:17,2026-06-03 01:54:03,0.23,74.31,74.86,-74.0,-85.0,0.1776,-0.1776,0.0335,weakening,0.0
sol_bybit_perp,zz100,LONG,2026-06-03 01:54:03,2026-06-03 03:18:46,1.41,74.86,74.09,-102.9,-113.9,0.0974,0.0974,0.0699,weakening,0.0
sol_bybit_perp,zz100,SHORT,2026-06-03 03:18:46,2026-06-03 03:54:58,0.6,74.09,72.93,156.6,145.6,0.1513,-0.1513,0.0831,continue,0.0
sol_bybit_perp,zz100,LONG,2026-06-03 03:54:58,2026-06-03 12:13:32,8.31,72.93,74.89,268.8,257.8,0.0824,0.0824,0.0554,weakening,0.0
sol_bybit_perp,zz100,SHORT,2026-06-03 12:13:32,2026-06-03 16:41:12,4.46,74.89,72.75,285.8,274.8,0.4557,-0.4557,0.008,flip_risk,0.181
sol_bybit_perp,zz100,LONG,2026-06-03 16:41:12,2026-06-03 17:07:21,0.44,72.75,72.35,-55.0,-66.0,0.3732,0.3732,0.2751,weakening,0.0
sol_bybit_perp,zz100,SHORT,2026-06-03 17:07:21,2026-06-03 17:20:02,0.21,72.35,73.08,-100.9,-111.9,0.9069,0.9069,0.0112,continue,0.0
sol_bybit_perp,zz100,LONG,2026-06-03 17:20:02,2026-06-03 17:49:09,0.49,73.08,73.31,31.5,20.5,0.218,0.218,0.1845,reversal,0.4192
sol_bybit_perp,zz100,SHORT,2026-06-03 17:49:09,2026-06-03 18:56:06,1.12,73.31,73.13,24.6,13.6,0.6207,0.6207,0.1396,continue,0.0
sol_bybit_perp,zz100,LONG,2026-06-03 18:56:06,2026-06-03 19:20:13,0.4,73.13,72.39,-101.2,-112.2,0.1478,0.1478,0.1327,weakening,0.0
sol_bybit_perp,zz100,SHORT,2026-06-03 19:20:13,2026-06-03 19:43:26,0.39,72.39,72.47,-11.1,-22.1,0.4403,0.4403,0.4259,weakening,0.0
sol_bybit_perp,zz100,LONG,2026-06-03 19:43:26,2026-06-03 19:55:12,0.2,72.47,71.71,-104.9,-115.9,0.514,0.514,0.0011,continue,0.0
sol_bybit_perp,zz100,SHORT,2026-06-03 19:55:12,2026-06-03 20:13:04,0.3,71.71,72.26,-76.7,-87.7,0.1558,0.1558,0.0603,continue,0.0
sol_bybit_perp,zz100,LONG,2026-06-03 20:13:04,2026-06-03 20:43:47,0.51,72.26,71.65,-84.4,-95.4,0.1392,0.1392,0.1349,weakening,0.0
sol_bybit_perp,zz100,SHORT,2026-06-03 20:43:47,2026-06-03 21:05:10,0.36,71.65,71.56,12.6,1.6,0.3375,0.3375,0.1629,continue,0.0
sol_bybit_perp,zz100,LONG,2026-06-03 21:05:10,2026-06-03 22:15:09,1.17,71.56,72.36,111.8,100.8,0.6833,0.6833,0.2285,continue,0.0
sol_bybit_perp,zz100,SHORT,2026-06-03 22:15:09,2026-06-04 00:31:13,2.27,72.36,71.1,174.1,163.1,0.187,0.187,0.0967,continue,0.0
sol_bybit_perp,zz100,LONG,2026-06-04 00:31:13,2026-06-04 00:38:25,0.12,71.1,70.43,-94.2,-105.2,0.5091,0.5091,0.0356,weakening,0.0
sol_bybit_perp,zz100,SHORT,2026-06-04 00:38:25,2026-06-04 00:44:18,0.1,70.43,71.0,-80.9,-91.9,0.1467,0.1467,0.2496,weakening,0.0
sol_bybit_perp,zz100,LONG,2026-06-04 00:44:18,2026-06-04 00:48:38,0.07,71.0,70.51,-69.0,-80.0,0.2219,0.2219,0.0502,continue,0.0
sol_bybit_perp,zz100,SHORT,2026-06-04 00:48:38,2026-06-04 01:26:34,0.63,70.51,69.66,120.6,109.6,0.0442,0.0442,0.4031,continue,0.0
sol_bybit_perp,zz100,LONG,2026-06-04 01:26:34,2026-06-04 01:46:39,0.33,69.66,69.22,-63.2,-74.2,0.3984,0.3984,0.0153,weakening,0.0
sol_bybit_perp,zz100,SHORT,2026-06-04 01:46:39,2026-06-04 02:05:25,0.31,69.22,67.36,268.7,257.7,0.3007,0.3007,0.0562,continue,0.0
sol_bybit_perp,zz100,LONG,2026-06-04 02:05:25,2026-06-04 02:09:39,0.07,67.36,67.73,54.9,43.9,0.2082,0.2082,0.0369,continue,0.0
sol_bybit_perp,zz100,SHORT,2026-06-04 02:09:39,2026-06-04 02:14:20,0.08,67.73,68.35,-91.5,-102.5,0.1007,-0.1007,0.1796,weakening,0.0
sol_bybit_perp,zz100,LONG,2026-06-04 02:14:20,2026-06-04 04:36:11,2.36,68.35,71.0,387.7,376.7,0.2142,0.2142,0.1239,weakening,0.0
sol_bybit_perp,zz100,SHORT,2026-06-04 04:36:11,2026-06-04 05:35:19,0.99,71.0,70.59,57.7,46.7,0.3022,0.3022,0.5014,weakening,0.0
sol_bybit_perp,zz100,LONG,2026-06-04 05:35:19,2026-06-04 06:55:03,1.33,70.59,70.44,-21.2,-32.2,0.0751,-0.0751,0.3236,weakening,0.0
sol_bybit_perp,zz100,SHORT,2026-06-04 06:55:03,2026-06-04 08:24:40,1.49,70.44,68.97,208.7,197.7,0.8084,0.8084,0.1863,continue,0.0
sol_bybit_perp,zz100,LONG,2026-06-04 08:24:40,2026-06-04 09:04:32,0.66,68.97,68.65,-46.4,-57.4,0.028,0.028,0.056,continue,0.0
sol_bybit_perp,zz100,SHORT,2026-06-04 09:04:32,2026-06-04 09:45:47,0.69,68.65,68.38,39.3,28.3,0.4441,0.4441,0.0449,weakening,0.0
sol_bybit_perp,zz100,LONG,2026-06-04 09:45:47,2026-06-04 10:30:08,0.74,68.38,68.14,-35.1,-46.1,0.6081,0.6081,0.0164,continue,0.0
sol_bybit_perp,zz100,SHORT,2026-06-04 10:30:08,2026-06-04 11:19:56,0.83,68.14,68.05,13.2,2.2,0.3758,0.3758,0.2433,weakening,0.0
sol_bybit_perp,zz100,LONG,2026-06-04 11:19:56,2026-06-04 12:11:50,0.86,68.05,68.29,35.3,24.3,0.1858,0.1858,0.1333,continue,0.0
sol_bybit_perp,zz100,SHORT,2026-06-04 12:11:50,2026-06-04 12:23:27,0.19,68.29,68.97,-99.6,-110.6,0.5348,0.5348,0.21,continue,0.0
sol_bybit_perp,zz100,LONG,2026-06-04 12:23:27,2026-06-04 13:16:50,0.89,68.97,69.61,92.8,81.8,0.1337,0.1337,0.3776,continue,0.0
sol_bybit_perp,zz100,SHORT,2026-06-04 13:16:50,2026-06-04 13:31:06,0.24,69.61,69.67,-8.6,-19.6,0.7801,0.7801,0.0573,continue,0.0
sol_bybit_perp,zz100,LONG,2026-06-04 13:31:06,2026-06-04 13:45:25,0.24,69.67,69.82,21.5,10.5,0.8155,0.8155,0.2164,continue,0.0
sol_bybit_perp,zz100,SHORT,2026-06-04 13:45:25,2026-06-04 14:01:30,0.27,69.82,70.47,-93.1,-104.1,0.0957,0.0957,0.0667,weakening,0.0
sol_bybit_perp,zz100,LONG,2026-06-04 14:01:30,2026-06-04 14:31:06,0.49,70.47,69.87,-85.1,-96.1,0.8864,0.8864,0.069,continue,0.0
sol_bybit_perp,zz100,SHORT,2026-06-04 14:31:06,2026-06-04 15:06:28,0.59,69.87,70.25,-54.4,-65.4,0.7635,0.7635,0.7288,reversal,0.2264
sol_bybit_perp,zz100,LONG,2026-06-04 15:06:28,2026-06-04 15:18:30,0.2,70.25,69.76,-69.8,-80.8,0.5391,0.5391,0.062,continue,0.0
sol_bybit_perp,zz100,SHORT,2026-06-04 15:18:30,2026-06-04 17:11:52,1.89,69.76,69.62,20.1,9.1,0.5695,-0.5695,0.1267,continue,0.0
sol_bybit_perp,zz100,LONG,2026-06-04 17:11:52,2026-06-04 17:18:40,0.11,69.62,69.0,-89.1,-100.1,0.1917,0.1917,0.1418,weakening,0.0
sol_bybit_perp,zz100,SHORT,2026-06-04 17:18:40,2026-06-04 17:51:42,0.55,69.0,69.18,-26.1,-37.1,0.3478,0.3478,0.183,continue,0.0
sol_bybit_perp,zz100,LONG,2026-06-04 17:51:42,2026-06-04 18:10:02,0.31,69.18,68.79,-56.4,-67.4,0.4991,0.4991,0.2595,continue,0.0
sol_bybit_perp,zz100,SHORT,2026-06-04 18:10:02,2026-06-04 18:24:48,0.25,68.79,69.29,-72.7,-83.7,0.2789,0.2789,0.0069,weakening,0.0
sol_bybit_perp,zz100,LONG,2026-06-04 18:24:48,2026-06-04 19:08:38,0.73,69.29,69.14,-21.6,-32.6,0.6139,0.6139,0.3453,continue,0.0
sol_bybit_perp,zz100,SHORT,2026-06-04 19:08:38,2026-06-04 22:55:16,3.78,69.14,68.21,134.5,123.5,0.4827,0.4827,0.1258,weakening,0.0
sol_bybit_perp,zz100,LONG,2026-06-04 22:55:16,2026-06-04 23:18:38,0.39,68.21,68.12,-13.2,-24.2,0.1455,0.1455,0.2866,flip_risk,0.0879
sol_bybit_perp,zz100,SHORT,2026-06-04 23:18:38,2026-06-04 23:40:10,0.36,68.12,68.64,-76.3,-87.3,0.3181,-0.3181,0.1046,reversal,0.3699
sol_bybit_perp,zz100,LONG,2026-06-04 23:40:10,2026-06-05 00:58:50,1.31,68.64,68.28,-52.4,-63.4,0.2094,0.2094,0.2136,weakening,0.0
sol_bybit_perp,zz100,SHORT,2026-06-05 00:58:50,2026-06-05 01:14:54,0.27,68.28,68.2,11.7,0.7,0.6847,0.6847,0.1759,continue,0.0
sol_bybit_perp,zz100,LONG,2026-06-05 01:14:54,2026-06-05 02:17:00,1.03,68.2,68.07,-19.1,-30.1,0.13,0.13,0.1283,continue,0.0
sol_bybit_perp,zz100,SHORT,2026-06-05 02:17:00,2026-06-05 03:17:48,1.01,68.07,67.63,64.6,53.6,0.452,0.452,0.0815,continue,0.0
sol_bybit_perp,zz100,LONG,2026-06-05 03:17:48,2026-06-05 03:28:39,0.18,67.63,67.1,-78.4,-89.4,0.3432,0.3432,0.8892,continue,0.0
sol_bybit_perp,zz100,SHORT,2026-06-05 03:28:39,2026-06-05 04:06:10,0.63,67.1,67.14,-6.0,-17.0,0.6307,0.6307,0.0714,flip_risk,0.1985
sol_bybit_perp,zz100,LONG,2026-06-05 04:06:10,2026-06-05 04:18:05,0.2,67.14,67.03,-16.4,-27.4,0.6401,0.6401,0.3196,continue,0.0
sol_bybit_perp,zz100,SHORT,2026-06-05 04:18:05,2026-06-05 04:25:58,0.13,67.03,67.65,-92.5,-103.5,0.3845,0.3845,0.1976,weakening,0.0
sol_bybit_perp,zz100,LONG,2026-06-05 04:25:58,2026-06-05 04:43:43,0.3,67.65,67.15,-73.9,-84.9,0.2826,-0.2826,0.0643,continue,0.0
sol_bybit_perp,zz100,SHORT,2026-06-05 04:43:43,2026-06-05 04:54:23,0.18,67.15,67.55,-59.6,-70.6,0.6612,0.6612,0.8207,continue,0.0
sol_bybit_perp,zz100,LONG,2026-06-05 04:54:23,2026-06-05 05:36:14,0.7,67.55,67.35,-29.6,-40.6,0.6741,0.6741,0.4958,continue,0.0
sol_bybit_perp,zz100,SHORT,2026-06-05 05:36:14,2026-06-05 06:06:09,0.5,67.35,66.29,157.4,146.4,0.2119,0.2119,0.6064,continue,0.0
sol_bybit_perp,zz100,LONG,2026-06-05 06:06:09,2026-06-05 06:13:02,0.11,66.29,65.8,-73.9,-84.9,0.1207,0.1207,0.1119,weakening,0.0
sol_bybit_perp,zz100,SHORT,2026-06-05 06:13:02,2026-06-05 06:25:01,0.2,65.8,64.45,205.2,194.2,0.3282,0.3282,0.1798,continue,0.0
sol_bybit_perp,zz100,LONG,2026-06-05 06:25:01,2026-06-05 06:50:27,0.42,64.45,64.77,49.7,38.7,0.0692,0.0692,0.0825,weakening,0.0
sol_bybit_perp,zz100,SHORT,2026-06-05 06:50:27,2026-06-05 07:18:04,0.46,64.77,64.54,35.5,24.5,0.2606,0.2606,0.0713,continue,0.0
sol_bybit_perp,zz100,LONG,2026-06-05 07:18:04,2026-06-05 08:08:48,0.85,64.54,65.59,162.7,151.7,0.3427,0.3427,0.0209,weakening,0.0
sol_bybit_perp,zz100,SHORT,2026-06-05 08:08:48,2026-06-05 08:32:01,0.39,65.59,66.04,-68.6,-79.6,0.3462,0.3462,0.4734,continue,0.0
sol_bybit_perp,zz100,LONG,2026-06-05 08:32:01,2026-06-05 08:43:08,0.19,66.04,65.37,-101.5,-112.5,0.4325,0.4325,0.154,weakening,0.0
sol_bybit_perp,zz100,SHORT,2026-06-05 08:43:08,2026-06-05 09:09:33,0.44,65.37,65.71,-52.0,-63.0,0.3362,0.3362,0.1783,continue,0.0
sol_bybit_perp,zz100,LONG,2026-06-05 09:09:33,2026-06-05 11:03:50,1.9,65.71,66.03,48.7,37.7,0.0685,0.0685,0.0797,continue,0.0
sol_bybit_perp,zz100,SHORT,2026-06-05 11:03:50,2026-06-05 11:17:46,0.23,66.03,66.45,-63.6,-74.6,0.9077,0.9077,0.0226,continue,0.0
sol_bybit_perp,zz100,LONG,2026-06-05 11:17:46,2026-06-05 11:44:01,0.44,66.45,66.09,-54.2,-65.2,0.5842,0.5842,0.0021,weakening,0.0
sol_bybit_perp,zz100,SHORT,2026-06-05 11:44:01,2026-06-05 12:06:58,0.38,66.09,66.07,3.0,-8.0,0.4001,0.4001,0.0094,weakening,0.0
sol_bybit_perp,zz100,LONG,2026-06-05 12:06:58,2026-06-05 12:31:03,0.4,66.07,65.63,-66.6,-77.6,0.5436,0.5436,0.0168,continue,0.0
sol_bybit_perp,zz100,SHORT,2026-06-05 12:31:03,2026-06-05 12:39:15,0.14,65.63,65.82,-29.0,-40.0,0.2307,-0.2307,0.267,weakening,0.0
sol_bybit_perp,zz100,LONG,2026-06-05 12:39:15,2026-06-05 13:39:38,1.01,65.82,66.11,44.1,33.1,0.2641,0.2641,0.143,continue,0.0
sol_bybit_perp,zz100,SHORT,2026-06-05 13:39:38,2026-06-05 14:07:17,0.46,66.11,64.57,232.9,221.9,0.0538,0.0538,0.5328,continue,0.0
sol_bybit_perp,zz100,LONG,2026-06-05 14:07:17,2026-06-05 14:11:40,0.07,64.57,64.63,9.3,-1.7,0.4615,0.4615,0.1161,continue,0.0
sol_bybit_perp,zz100,SHORT,2026-06-05 14:11:40,2026-06-05 14:16:02,0.07,64.63,65.22,-91.3,-102.3,0.5194,0.5194,0.0409,continue,0.0
sol_bybit_perp,zz100,LONG,2026-06-05 14:16:02,2026-06-05 14:26:14,0.17,65.22,64.63,-90.5,-101.5,0.4885,0.4885,0.195,weakening,0.0
sol_bybit_perp,zz100,SHORT,2026-06-05 14:26:14,2026-06-05 14:34:46,0.14,64.63,65.22,-91.3,-102.3,0.2508,0.2508,0.0018,continue,0.0
sol_bybit_perp,zz100,LONG,2026-06-05 14:34:46,2026-06-05 14:49:38,0.25,65.22,65.15,-10.7,-21.7,0.166,0.166,0.1486,continue,0.0
sol_bybit_perp,zz100,SHORT,2026-06-05 14:49:38,2026-06-05 15:25:37,0.6,65.15,64.82,50.7,39.7,0.0357,0.0357,0.1536,weakening,0.0
sol_bybit_perp,zz100,LONG,2026-06-05 15:25:37,2026-06-05 15:33:36,0.13,64.82,64.33,-75.6,-86.6,0.3954,0.3954,0.1444,weakening,0.0
sol_bybit_perp,zz100,SHORT,2026-06-05 15:33:36,2026-06-05 15:49:49,0.27,64.33,64.39,-9.3,-20.3,0.1474,0.1474,0.0556,weakening,0.0
sol_bybit_perp,zz100,LONG,2026-06-05 15:49:49,2026-06-05 16:02:13,0.21,64.39,63.82,-88.5,-99.5,0.6222,0.6222,0.0484,continue,0.0
sol_bybit_perp,zz100,SHORT,2026-06-05 16:02:13,2026-06-05 16:12:49,0.18,63.82,63.79,4.7,-6.3,0.602,0.602,0.1575,weakening,0.0
sol_bybit_perp,zz100,LONG,2026-06-05 16:12:49,2026-06-05 16:33:34,0.35,63.79,64.81,159.9,148.9,0.2034,0.2034,0.0524,weakening,0.0
sol_bybit_perp,zz100,SHORT,2026-06-05 16:33:34,2026-06-05 16:48:59,0.26,64.81,65.08,-41.7,-52.7,0.0631,0.0631,0.1166,weakening,0.0
sol_bybit_perp,zz100,LONG,2026-06-05 16:48:59,2026-06-05 17:11:57,0.38,65.08,65.34,40.0,29.0,0.5044,0.5044,0.0245,continue,0.0
sol_bybit_perp,zz100,SHORT,2026-06-05 17:11:57,2026-06-05 17:40:41,0.48,65.34,65.44,-15.3,-26.3,0.0507,-0.0507,0.1944,weakening,0.0
sol_bybit_perp,zz100,LONG,2026-06-05 17:40:41,2026-06-05 17:55:15,0.24,65.44,64.87,-87.1,-98.1,0.3316,0.3316,0.0527,flip_risk,0.0166
sol_bybit_perp,zz100,SHORT,2026-06-05 17:55:15,2026-06-05 18:40:08,0.75,64.87,64.17,107.9,96.9,0.5636,0.5636,0.1119,continue,0.0
sol_bybit_perp,zz100,LONG,2026-06-05 18:40:08,2026-06-05 18:44:05,0.07,64.17,63.5,-104.4,-115.4,0.5939,0.5939,0.0462,continue,0.0
sol_bybit_perp,zz100,SHORT,2026-06-05 18:44:05,2026-06-05 18:56:43,0.21,63.5,63.22,44.1,33.1,0.5508,0.5508,0.0048,weakening,0.0
sol_bybit_perp,zz100,LONG,2026-06-05 18:56:43,2026-06-05 19:00:33,0.06,63.22,62.68,-85.4,-96.4,0.2655,0.2655,0.0383,continue,0.0
sol_bybit_perp,zz100,SHORT,2026-06-05 19:00:33,2026-06-05 19:20:55,0.34,62.68,62.1,92.5,81.5,0.3947,0.3947,0.0099,continue,0.0
sol_bybit_perp,zz100,LONG,2026-06-05 19:20:55,2026-06-05 19:31:58,0.18,62.1,62.14,6.4,-4.6,0.1465,-0.1465,0.0619,weakening,0.0
sol_bybit_perp,zz100,SHORT,2026-06-05 19:31:58,2026-06-05 19:40:13,0.14,62.14,62.53,-62.8,-73.8,0.5654,0.5654,0.067,continue,0.0
sol_bybit_perp,zz100,LONG,2026-06-05 19:40:13,2026-06-05 20:02:05,0.36,62.53,63.17,102.4,91.4,0.1766,0.1766,0.1245,reversal,0.215
sol_bybit_perp,zz100,SHORT,2026-06-05 20:02:05,2026-06-05 20:08:19,0.1,63.17,63.28,-17.4,-28.4,0.2613,0.2613,0.2953,continue,0.0
sol_bybit_perp,zz100,LONG,2026-06-05 20:08:19,2026-06-05 22:01:37,1.89,63.28,64.7,224.4,213.4,0.6002,0.6002,0.3745,continue,0.0
sol_bybit_perp,zz100,SHORT,2026-06-05 22:01:37,2026-06-05 22:08:38,0.12,64.7,64.41,44.8,33.8,0.3673,-0.3673,0.0064,reversal,0.2247
sol_bybit_perp,zz100,LONG,2026-06-05 22:08:38,2026-06-05 22:31:08,0.38,64.41,63.96,-69.9,-80.9,0.5534,0.5534,0.025,weakening,0.0
sol_bybit_perp,zz100,SHORT,2026-06-05 22:31:08,2026-06-05 22:39:03,0.13,63.96,64.57,-95.4,-106.4,0.1178,-0.1178,0.1985,weakening,0.0
sol_bybit_perp,zz100,LONG,2026-06-05 22:39:03,2026-06-05 23:14:33,0.59,64.57,64.05,-80.5,-91.5,0.312,0.312,0.3405,weakening,0.0
sol_bybit_perp,zz100,SHORT,2026-06-05 23:14:33,2026-06-05 23:35:40,0.35,64.05,63.22,129.6,118.6,0.56,0.56,0.0544,weakening,0.0
sol_bybit_perp,zz100,LONG,2026-06-05 23:35:40,2026-06-06 01:17:14,1.69,63.22,64.16,148.7,137.7,0.4728,0.4728,0.0293,continue,0.0
sol_bybit_perp,zz100,SHORT,2026-06-06 01:17:14,2026-06-06 01:33:58,0.28,64.16,64.46,-46.8,-57.8,0.3437,0.3437,0.7751,reversal,0.282
sol_bybit_perp,zz100,LONG,2026-06-06 01:33:58,2026-06-06 01:51:00,0.28,64.46,63.81,-100.8,-111.8,0.7079,0.7079,0.0515,weakening,0.0
sol_bybit_perp,zz100,SHORT,2026-06-06 01:51:00,2026-06-06 02:50:55,1.0,63.81,63.86,-7.8,-18.8,0.5026,-0.5026,0.3012,reversal,0.3341
sol_bybit_perp,zz100,LONG,2026-06-06 02:50:55,2026-06-06 03:04:21,0.22,63.86,63.24,-97.1,-108.1,0.0118,0.0118,0.1417,weakening,0.0
sol_bybit_perp,zz100,SHORT,2026-06-06 03:04:21,2026-06-06 04:48:51,1.74,63.24,60.9,370.0,359.0,0.0816,-0.0816,0.0192,continue,0.0
sol_bybit_perp,zz100,LONG,2026-06-06 04:48:51,2026-06-06 04:57:24,0.14,60.9,60.62,-46.0,-57.0,0.3032,0.3032,0.3707,flip_risk,0.1127
sol_bybit_perp,zz100,SHORT,2026-06-06 04:57:24,2026-06-06 05:06:50,0.16,60.62,60.67,-8.2,-19.2,0.0207,-0.0207,0.0064,continue,0.0
sol_bybit_perp,zz100,LONG,2026-06-06 05:06:50,2026-06-06 05:15:00,0.14,60.67,60.54,-21.4,-32.4,0.0264,-0.0264,0.0374,continue,0.0
sol_bybit_perp,zz100,SHORT,2026-06-06 05:15:00,2026-06-06 05:20:03,0.08,60.54,61.16,-102.4,-113.4,0.4899,0.4899,0.0117,weakening,0.0
sol_bybit_perp,zz100,LONG,2026-06-06 05:20:03,2026-06-06 05:32:09,0.2,61.16,61.96,130.8,119.8,0.6496,0.6496,0.583,flip_risk,0.0652
sol_bybit_perp,zz100,SHORT,2026-06-06 05:32:09,2026-06-06 05:48:46,0.28,61.96,62.48,-83.9,-94.9,0.0348,0.0348,0.092,continue,0.0
sol_bybit_perp,zz100,LONG,2026-06-06 05:48:46,2026-06-06 06:43:25,0.91,62.48,62.67,30.4,19.4,0.4533,0.4533,0.0605,continue,0.0
sol_bybit_perp,zz100,SHORT,2026-06-06 06:43:25,2026-06-06 07:07:40,0.4,62.67,62.67,-0.0,-11.0,0.4379,0.4379,0.0906,continue,0.0
sol_bybit_perp,zz100,LONG,2026-06-06 07:07:40,2026-06-06 08:03:49,0.94,62.67,62.49,-28.7,-39.7,0.523,0.523,0.0381,weakening,0.0
sol_bybit_perp,zz100,SHORT,2026-06-06 08:03:49,2026-06-06 08:28:51,0.42,62.49,63.18,-110.4,-121.4,0.5803,0.5803,0.0664,continue,0.0
sol_bybit_perp,zz100,LONG,2026-06-06 08:28:51,2026-06-06 09:47:14,1.31,63.18,62.91,-42.7,-53.7,0.676,0.676,0.0354,continue,0.0
sol_bybit_perp,zz100,SHORT,2026-06-06 09:47:14,2026-06-06 10:57:11,1.17,62.91,61.75,184.4,173.4,0.4938,0.4938,0.0206,continue,0.0
sol_bybit_perp,zz100,LONG,2026-06-06 10:57:11,2026-06-06 12:30:23,1.55,61.75,62.08,53.4,42.4,0.1034,0.1034,0.1996,weakening,0.0
sol_bybit_perp,zz100,SHORT,2026-06-06 12:30:23,2026-06-06 12:47:38,0.29,62.08,62.59,-82.2,-93.2,0.6809,0.6809,0.0453,weakening,0.0
sol_bybit_perp,zz100,LONG,2026-06-06 12:47:38,2026-06-06 13:30:28,0.71,62.59,62.41,-28.8,-39.8,0.4351,0.4351,0.0382,weakening,0.0
sol_bybit_perp,zz100,SHORT,2026-06-06 13:30:28,2026-06-06 14:07:59,0.63,62.41,62.76,-56.1,-67.1,0.2453,-0.2453,0.3475,weakening,0.0
sol_bybit_perp,zz100,LONG,2026-06-06 14:07:59,2026-06-06 14:59:28,0.86,62.76,62.26,-79.7,-90.7,0.3156,0.3156,0.0238,continue,0.0
sol_bybit_perp,zz100,SHORT,2026-06-06 14:59:28,2026-06-06 15:34:43,0.59,62.26,61.89,59.4,48.4,0.1276,0.1276,0.2158,continue,0.0
sol_bybit_perp,zz100,LONG,2026-06-06 15:34:43,2026-06-06 16:20:33,0.76,61.89,61.73,-25.9,-36.9,0.433,0.433,0.0637,continue,0.0
sol_bybit_perp,zz100,SHORT,2026-06-06 16:20:33,2026-06-06 16:46:52,0.44,61.73,62.03,-48.6,-59.6,0.3425,0.3425,0.283,continue,0.0
sol_bybit_perp,zz100,LONG,2026-06-06 16:46:52,2026-06-06 17:47:02,1.0,62.03,61.56,-75.8,-86.8,0.1464,0.1464,0.4235,weakening,0.0
sol_bybit_perp,zz100,SHORT,2026-06-06 17:47:02,2026-06-06 18:28:36,0.69,61.56,62.01,-73.1,-84.1,0.5184,0.5184,0.211,continue,0.0
sol_bybit_perp,zz100,LONG,2026-06-06 18:28:36,2026-06-06 20:02:01,1.56,62.01,61.52,-79.0,-90.0,0.6253,-0.6253,0.9065,reversal,0.1584
sol_bybit_perp,zz100,SHORT,2026-06-06 20:02:01,2026-06-06 21:07:32,1.09,61.52,61.93,-66.6,-77.6,0.486,0.486,0.8041,weakening,0.0
sol_bybit_perp,zz100,LONG,2026-06-06 21:07:32,2026-06-06 22:03:34,0.93,61.93,61.69,-38.8,-49.8,0.1072,0.1072,0.0496,reversal,0.2417
sol_bybit_perp,zz100,SHORT,2026-06-06 22:03:34,2026-06-06 23:10:38,1.12,61.69,62.04,-56.7,-67.7,0.6729,0.6729,0.3757,weakening,0.0
sol_bybit_perp,zz100,LONG,2026-06-06 23:10:38,2026-06-07 02:21:02,3.17,62.04,63.16,180.5,169.5,0.2079,-0.2079,0.2144,weakening,0.0
sol_bybit_perp,zz100,SHORT,2026-06-07 02:21:02,2026-06-07 03:18:10,0.95,63.16,63.69,-83.9,-94.9,0.7473,0.7473,0.0264,continue,0.0
sol_bybit_perp,zz100,LONG,2026-06-07 03:18:10,2026-06-07 04:23:10,1.08,63.69,63.34,-55.0,-66.0,0.8169,0.8169,0.3178,continue,0.0
sol_bybit_perp,zz100,SHORT,2026-06-07 04:23:10,2026-06-07 04:38:57,0.26,63.34,63.9,-88.4,-99.4,0.199,0.199,0.5377,weakening,0.0
sol_bybit_perp,zz100,LONG,2026-06-07 04:38:57,2026-06-07 09:33:14,4.9,63.9,65.38,231.6,220.6,0.2914,0.2914,0.2884,continue,0.0
sol_bybit_perp,zz100,SHORT,2026-06-07 09:33:14,2026-06-07 11:46:17,2.22,65.38,65.06,48.9,37.9,0.3921,0.3921,0.0365,weakening,0.0
sol_bybit_perp,zz100,LONG,2026-06-07 11:46:17,2026-06-07 12:09:39,0.39,65.06,64.51,-84.5,-95.5,0.6093,0.6093,0.1183,continue,0.0
sol_bybit_perp,zz100,SHORT,2026-06-07 12:09:39,2026-06-07 12:50:00,0.67,64.51,64.25,40.3,29.3,0.5556,0.5556,0.0195,continue,0.0
sol_bybit_perp,zz100,LONG,2026-06-07 12:50:00,2026-06-07 14:46:55,1.95,64.25,64.62,57.6,46.6,0.635,0.635,0.0033,continue,0.0
sol_bybit_perp,zz100,SHORT,2026-06-07 14:46:55,2026-06-07 16:37:01,1.83,64.62,65.21,-91.3,-102.3,0.1286,0.1286,0.5591,weakening,0.0
sol_bybit_perp,zz100,LONG,2026-06-07 16:37:01,2026-06-07 18:59:16,2.37,65.21,64.89,-49.1,-60.1,0.4671,0.4671,0.0622,weakening,0.0
sol_bybit_perp,zz100,SHORT,2026-06-07 18:59:16,2026-06-07 20:10:12,1.18,64.89,64.23,101.7,90.7,0.5894,0.5894,0.0857,continue,0.0
sol_bybit_perp,zz100,LONG,2026-06-07 20:10:12,2026-06-07 22:15:45,2.09,64.23,67.14,453.1,442.1,0.0289,-0.0289,0.01,weakening,0.0
sol_bybit_perp,zz100,SHORT,2026-06-07 22:15:45,2026-06-07 22:36:40,0.35,67.14,66.56,86.4,75.4,0.1837,0.1837,0.0132,continue,0.0
sol_bybit_perp,zz100,LONG,2026-06-07 22:36:40,2026-06-07 22:54:52,0.3,66.56,66.05,-76.6,-87.6,0.1067,0.1067,0.0713,flip_risk,0.017
sol_bybit_perp,zz100,SHORT,2026-06-07 22:54:52,2026-06-07 23:47:34,0.88,66.05,66.36,-46.9,-57.9,0.4165,0.4165,0.2327,weakening,0.0
sol_bybit_perp,zz100,LONG,2026-06-07 23:47:34,2026-06-08 01:05:18,1.3,66.36,66.37,1.5,-9.5,0.2238,0.2238,0.0049,reversal,0.3073
sol_bybit_perp,zz100,SHORT,2026-06-08 01:05:18,2026-06-08 01:45:39,0.67,66.37,66.01,54.2,43.2,0.5415,0.5415,0.0956,continue,0.0
sol_bybit_perp,zz100,LONG,2026-06-08 01:45:39,2026-06-08 04:03:55,2.3,66.01,66.03,3.0,-8.0,0.1102,0.1102,0.0595,continue,0.0
sol_bybit_perp,zz100,SHORT,2026-06-08 04:03:55,2026-06-08 06:02:19,1.97,66.03,65.58,68.2,57.2,0.5043,0.5043,0.3786,continue,0.0
sol_bybit_perp,zz100,LONG,2026-06-08 06:02:19,2026-06-08 08:21:24,2.32,65.58,65.51,-10.7,-21.7,0.2096,0.2096,0.011,weakening,0.0
sol_bybit_perp,zz100,SHORT,2026-06-08 08:21:24,2026-06-08 09:16:59,0.93,65.51,66.1,-90.1,-101.1,0.522,0.522,0.0858,continue,0.0
sol_bybit_perp,zz100,LONG,2026-06-08 09:16:59,2026-06-08 12:03:51,2.78,66.1,66.33,34.8,23.8,0.7159,0.7159,0.0457,continue,0.0
sol_bybit_perp,zz100,SHORT,2026-06-08 12:03:51,2026-06-08 12:31:02,0.45,66.33,66.63,-45.2,-56.2,0.518,0.518,0.0874,continue,0.0
sol_bybit_perp,zz100,LONG,2026-06-08 12:31:02,2026-06-08 13:32:09,1.02,66.63,66.62,-1.5,-12.5,0.3638,0.3638,0.1604,flip_risk,0.1645
sol_bybit_perp,zz100,SHORT,2026-06-08 13:32:09,2026-06-08 14:52:22,1.34,66.62,67.04,-63.0,-74.0,0.4252,0.4252,0.4214,continue,0.0
sol_bybit_perp,zz100,LONG,2026-06-08 14:52:22,2026-06-08 15:57:10,1.08,67.04,67.11,10.4,-0.6,0.4395,0.4395,0.0287,reversal,0.3712
sol_bybit_perp,zz100,SHORT,2026-06-08 15:57:10,2026-06-08 16:21:34,0.41,67.11,67.67,-83.4,-94.4,0.6724,-0.6724,0.153,weakening,0.0
sol_bybit_perp,zz100,LONG,2026-06-08 16:21:34,2026-06-08 16:38:51,0.29,67.67,67.05,-91.6,-102.6,0.6602,0.6602,0.0826,continue,0.0
sol_bybit_perp,zz100,SHORT,2026-06-08 16:38:51,2026-06-08 17:50:56,1.2,67.05,67.18,-19.4,-30.4,0.1171,0.1171,0.4809,continue,0.0
sol_bybit_perp,zz100,LONG,2026-06-08 17:50:56,2026-06-08 20:12:55,2.37,67.18,67.1,-11.9,-22.9,0.21,0.21,0.5237,continue,0.0
sol_bybit_perp,zz100,SHORT,2026-06-08 20:12:55,2026-06-08 21:03:49,0.85,67.1,67.57,-70.0,-81.0,0.5364,0.5364,0.2305,weakening,0.0
sol_bybit_perp,zz100,LONG,2026-06-08 21:03:49,2026-06-08 21:59:38,0.93,67.57,67.46,-16.3,-27.3,0.3345,0.3345,0.0381,weakening,0.0
sol_bybit_perp,zz100,SHORT,2026-06-08 21:59:38,2026-06-09 01:22:36,3.38,67.46,65.94,225.3,214.3,0.5386,0.5386,0.0258,continue,0.0
sol_bybit_perp,zz100,LONG,2026-06-09 01:22:36,2026-06-09 05:10:03,3.79,65.94,66.7,115.3,104.3,0.1457,0.1457,0.1449,weakening,0.0
sol_bybit_perp,zz100,SHORT,2026-06-09 05:10:03,2026-06-09 05:34:47,0.41,66.7,67.35,-97.5,-108.5,0.6245,0.6245,0.1082,continue,0.0
sol_bybit_perp,zz100,LONG,2026-06-09 05:34:47,2026-06-09 07:28:03,1.89,67.35,66.78,-84.6,-95.6,0.8521,0.8521,0.1469,continue,0.0
sol_bybit_perp,zz100,SHORT,2026-06-09 07:28:03,2026-06-09 14:59:51,7.53,66.78,65.04,260.6,249.6,0.1989,-0.1989,0.1429,continue,0.0
sol_bybit_perp,zz100,LONG,2026-06-09 14:59:51,2026-06-09 15:29:59,0.5,65.04,64.62,-64.6,-75.6,0.2354,0.2354,0.0977,continue,0.0
sol_bybit_perp,zz100,SHORT,2026-06-09 15:29:59,2026-06-09 16:45:18,1.26,64.62,64.16,71.2,60.2,0.8195,0.8195,0.095,continue,0.0
sol_bybit_perp,zz100,LONG,2026-06-09 16:45:18,2026-06-09 21:42:35,4.95,64.16,65.01,132.5,121.5,0.3223,0.3223,0.0386,weakening,0.0
sol_bybit_perp,zz100,SHORT,2026-06-09 21:42:35,2026-06-10 00:58:14,3.26,65.01,65.13,-18.5,-29.5,0.6585,0.6585,0.201,weakening,0.0
sol_bybit_perp,zz100,LONG,2026-06-10 00:58:14,2026-06-10 02:17:16,1.32,65.13,64.6,-81.4,-92.4,0.6413,0.6413,0.0279,continue,0.0
sol_bybit_perp,zz100,SHORT,2026-06-10 02:17:16,2026-06-10 07:10:11,4.88,64.6,64.43,26.3,15.3,0.0013,0.0013,0.2531,continue,0.0
sol_bybit_perp,zz100,LONG,2026-06-10 07:10:11,2026-06-10 08:07:05,0.95,64.43,64.08,-54.3,-65.3,0.6402,0.6402,0.0626,weakening,0.0
sol_bybit_perp,zz100,SHORT,2026-06-10 08:07:05,2026-06-10 09:38:44,1.53,64.08,63.69,60.9,49.9,0.8442,0.8442,0.245,weakening,0.0
sol_bybit_perp,zz100,LONG,2026-06-10 09:38:44,2026-06-10 11:04:44,1.43,63.69,63.1,-92.6,-103.6,0.3263,0.3263,0.0304,weakening,0.0
sol_bybit_perp,zz100,SHORT,2026-06-10 11:04:44,2026-06-10 11:22:32,0.3,63.1,63.53,-68.1,-79.1,0.788,0.788,0.1556,continue,0.0
sol_bybit_perp,zz100,LONG,2026-06-10 11:22:32,2026-06-10 13:03:27,1.68,63.53,63.97,69.3,58.3,0.3389,0.3389,0.1579,weakening,0.0
sol_bybit_perp,zz100,SHORT,2026-06-10 13:03:27,2026-06-10 13:30:34,0.45,63.97,64.63,-103.2,-114.2,0.1878,0.1878,0.115,weakening,0.0
sol_bybit_perp,zz100,LONG,2026-06-10 13:30:34,2026-06-10 14:01:36,0.52,64.63,64.84,32.5,21.5,0.4486,0.4486,0.0185,continue,0.0
sol_bybit_perp,zz100,SHORT,2026-06-10 14:01:36,2026-06-10 15:01:27,1.0,64.84,65.23,-60.1,-71.1,0.3704,0.3704,0.0805,weakening,0.0
sol_bybit_perp,zz100,LONG,2026-06-10 15:01:27,2026-06-10 15:10:37,0.15,65.23,64.65,-88.9,-99.9,0.0353,0.0353,0.0101,weakening,0.0
sol_bybit_perp,zz100,SHORT,2026-06-10 15:10:37,2026-06-10 15:23:46,0.22,64.65,65.16,-78.9,-89.9,0.7349,0.7349,0.186,continue,0.0
sol_bybit_perp,zz100,LONG,2026-06-10 15:23:46,2026-06-10 15:48:19,0.41,65.16,64.92,-36.8,-47.8,0.4843,0.4843,0.0441,continue,0.0
sol_bybit_perp,zz100,SHORT,2026-06-10 15:48:19,2026-06-10 15:54:00,0.09,64.92,65.38,-70.9,-81.9,0.2868,0.2868,0.1014,continue,0.0
sol_bybit_perp,zz100,LONG,2026-06-10 15:54:00,2026-06-10 16:14:44,0.35,65.38,65.06,-48.9,-59.9,0.3403,0.3403,0.0034,reversal,0.1821
sol_bybit_perp,zz100,SHORT,2026-06-10 16:14:44,2026-06-10 17:02:39,0.8,65.06,64.85,32.3,21.3,0.5052,0.5052,0.1486,continue,0.0
sol_bybit_perp,zz100,LONG,2026-06-10 17:02:39,2026-06-10 17:29:06,0.44,64.85,64.27,-89.4,-100.4,0.2441,0.2441,0.0504,continue,0.0
sol_bybit_perp,zz100,SHORT,2026-06-10 17:29:06,2026-06-10 22:42:33,5.22,64.27,62.94,206.9,195.9,0.8435,0.8435,0.0524,continue,0.0
sol_bybit_perp,zz100,LONG,2026-06-10 22:42:33,2026-06-11 02:22:46,3.67,62.94,64.51,249.4,238.4,0.0492,-0.0492,0.1607,weakening,0.0
sol_bybit_perp,zz100,SHORT,2026-06-11 02:22:46,2026-06-11 03:34:07,1.19,64.51,64.98,-72.9,-83.9,0.2492,0.2492,0.1147,reversal,0.1547
sol_bybit_perp,zz100,LONG,2026-06-11 03:34:07,2026-06-11 07:39:55,4.1,64.98,64.77,-32.3,-43.3,0.693,0.693,0.0261,continue,0.0
sol_bybit_perp,zz100,SHORT,2026-06-11 07:39:55,2026-06-11 08:24:04,0.74,64.77,65.39,-95.7,-106.7,0.3209,-0.3209,0.2317,weakening,0.0
sol_bybit_perp,zz100,LONG,2026-06-11 08:24:04,2026-06-11 12:20:18,3.94,65.39,65.46,10.7,-0.3,0.5171,0.5171,0.0847,reversal,0.2079
sol_bybit_perp,zz100,SHORT,2026-06-11 12:20:18,2026-06-11 13:45:16,1.42,65.46,65.54,-12.2,-23.2,0.5536,0.5536,0.2524,continue,0.0
sol_bybit_perp,zz100,LONG,2026-06-11 13:45:16,2026-06-11 14:16:56,0.53,65.54,65.02,-79.3,-90.3,0.1532,0.1532,0.0313,reversal,0.1696
sol_bybit_perp,zz100,SHORT,2026-06-11 14:16:56,2026-06-11 14:36:17,0.32,65.02,65.61,-90.7,-101.7,0.6822,0.6822,0.0241,continue,0.0
sol_bybit_perp,zz100,LONG,2026-06-11 14:36:17,2026-06-11 15:01:12,0.42,65.61,65.08,-80.8,-91.8,0.9016,0.9016,0.5833,continue,0.0
sol_bybit_perp,zz100,SHORT,2026-06-11 15:01:12,2026-06-11 15:12:19,0.19,65.08,65.62,-83.0,-94.0,0.4075,0.4075,0.26,reversal,0.2693
sol_bybit_perp,zz100,LONG,2026-06-11 15:12:19,2026-06-11 17:03:55,1.86,65.62,65.17,-68.6,-79.6,0.465,0.465,0.0594,continue,0.0
sol_bybit_perp,zz100,SHORT,2026-06-11 17:03:55,2026-06-11 17:29:38,0.43,65.17,65.68,-78.3,-89.3,0.409,0.409,0.2408,weakening,0.0
sol_bybit_perp,zz100,LONG,2026-06-11 17:29:38,2026-06-11 19:07:52,1.64,65.68,66.62,143.1,132.1,0.6119,0.6119,0.3764,continue,0.0
sol_bybit_perp,zz100,SHORT,2026-06-11 19:07:52,2026-06-11 19:30:29,0.38,66.62,67.28,-99.1,-110.1,0.0987,-0.0987,0.0075,reversal,0.2418
sol_bybit_perp,zz100,LONG,2026-06-11 19:30:29,2026-06-11 20:28:02,0.96,67.28,66.49,-117.4,-128.4,0.6244,0.6244,0.7797,weakening,0.0
sol_bybit_perp,zz100,SHORT,2026-06-11 20:28:02,2026-06-11 21:13:20,0.76,66.49,67.03,-81.2,-92.2,0.5043,0.5043,0.1085,weakening,0.0
sol_bybit_perp,zz100,LONG,2026-06-11 21:13:20,2026-06-12 01:27:12,4.23,67.03,66.44,-88.0,-99.0,0.4653,0.4653,0.3072,continue,0.0
sol_bybit_perp,zz100,SHORT,2026-06-12 01:27:12,2026-06-12 02:10:35,0.72,66.44,67.09,-97.8,-108.8,0.7448,0.7448,0.1359,continue,0.0
sol_bybit_perp,zz100,LONG,2026-06-12 02:10:35,2026-06-12 06:15:30,4.08,67.09,66.59,-74.5,-85.5,0.859,0.859,0.0054,continue,0.0
sol_bybit_perp,zz100,SHORT,2026-06-12 06:15:30,2026-06-12 08:07:39,1.87,66.59,66.57,3.0,-8.0,0.7796,0.7796,0.0136,weakening,0.0
sol_bybit_perp,zz100,LONG,2026-06-12 08:07:39,2026-06-12 10:25:22,2.3,66.57,66.77,30.0,19.0,0.2884,0.2884,0.4075,weakening,0.0
sol_bybit_perp,zz100,SHORT,2026-06-12 10:25:22,2026-06-12 14:00:57,3.59,66.77,67.0,-34.4,-45.4,0.618,0.618,0.2302,weakening,0.0
sol_bybit_perp,zz100,LONG,2026-06-12 14:00:57,2026-06-12 15:30:12,1.49,67.0,68.06,158.2,147.2,0.6225,0.6225,0.4057,reversal,0.1531
sol_bybit_perp,zz100,SHORT,2026-06-12 15:30:12,2026-06-12 16:14:06,0.73,68.06,67.72,50.0,39.0,0.7961,0.7961,0.137,continue,0.0
sol_bybit_perp,zz100,LONG,2026-06-12 16:14:06,2026-06-12 17:20:20,1.1,67.72,67.48,-35.4,-46.4,0.17,0.17,0.2029,reversal,0.1661
sol_bybit_perp,zz100,SHORT,2026-06-12 17:20:20,2026-06-13 01:08:10,7.8,67.48,67.12,53.3,42.3,0.6998,0.6998,0.7567,continue,0.0
sol_bybit_perp,zz100,LONG,2026-06-13 01:08:10,2026-06-13 03:20:40,2.21,67.12,66.79,-49.2,-60.2,0.1067,0.1067,0.0438,weakening,0.0
sol_bybit_perp,zz100,SHORT,2026-06-13 03:20:40,2026-06-13 07:27:05,4.11,66.79,67.24,-67.4,-78.4,0.0404,-0.0404,0.3821,continue,0.0
sol_bybit_perp,zz100,LONG,2026-06-13 07:27:05,2026-06-13 16:23:24,8.94,67.24,67.98,110.1,99.1,0.5437,0.5437,0.0037,continue,0.0
sol_bybit_perp,zz100,SHORT,2026-06-13 16:23:24,2026-06-13 21:41:21,5.3,67.98,68.48,-73.6,-84.6,0.1422,0.1422,0.0029,weakening,0.0
sol_bybit_perp,zz100,LONG,2026-06-13 21:41:21,2026-06-13 23:01:34,1.34,68.48,68.83,51.1,40.1,0.3353,0.3353,0.0012,weakening,0.0
sol_bybit_perp,zz100,SHORT,2026-06-13 23:01:34,2026-06-14 16:11:37,17.17,68.83,67.58,181.6,170.6,0.0487,0.0487,0.0005,weakening,0.0
sol_bybit_perp,zz100,LONG,2026-06-14 16:11:37,2026-06-14 22:07:17,5.93,67.58,69.79,327.0,316.0,0.5913,0.5913,0.3257,weakening,0.0
sol_bybit_perp,zz100,SHORT,2026-06-14 22:07:17,2026-06-14 22:22:50,0.26,69.79,70.37,-83.1,-94.1,0.2925,0.2925,0.1562,weakening,0.0
sol_bybit_perp,zz100,LONG,2026-06-14 22:22:50,2026-06-15 00:43:14,2.34,70.37,70.95,82.4,71.4,0.5072,0.5072,0.1556,continue,0.0
sol_bybit_perp,zz100,SHORT,2026-06-15 00:43:14,2026-06-15 02:15:23,1.54,70.95,71.37,-59.2,-70.2,0.1641,-0.1641,0.2433,weakening,0.0
sol_bybit_perp,zz100,LONG,2026-06-15 02:15:23,2026-06-15 05:00:33,2.75,71.37,70.84,-74.3,-85.3,0.24,0.24,0.0477,continue,0.0
sol_bybit_perp,zz100,SHORT,2026-06-15 05:00:33,2026-06-15 07:18:46,2.3,70.84,71.49,-91.8,-102.8,0.0427,0.0427,0.0414,continue,0.0
sol_bybit_perp,zz100,LONG,2026-06-15 07:18:46,2026-06-15 09:36:42,2.3,71.49,70.89,-83.9,-94.9,0.7149,0.7149,0.0603,continue,0.0
sol_bybit_perp,zz100,SHORT,2026-06-15 09:36:42,2026-06-15 10:34:48,0.97,70.89,71.47,-81.8,-92.8,0.7129,0.7129,0.1644,continue,0.0
sol_bybit_perp,zz100,LONG,2026-06-15 10:34:48,2026-06-15 13:40:17,3.09,71.47,73.45,277.0,266.0,0.2335,0.2335,0.4644,weakening,0.0
sol_bybit_perp,zz100,SHORT,2026-06-15 13:40:17,2026-06-15 14:46:23,1.1,73.45,73.92,-64.0,-75.0,0.2211,0.2211,0.0274,continue,0.0
sol_bybit_perp,zz100,LONG,2026-06-15 14:46:23,2026-06-15 17:00:25,2.23,73.92,75.26,181.3,170.3,0.3945,0.3945,0.1112,weakening,0.0
sol_bybit_perp,zz100,SHORT,2026-06-15 17:00:25,2026-06-15 18:07:09,1.11,75.26,75.38,-15.9,-26.9,0.5063,0.5063,0.0406,weakening,0.0
sol_bybit_perp,zz100,LONG,2026-06-15 18:07:09,2026-06-15 19:18:52,1.2,75.38,74.99,-51.7,-62.7,0.5751,0.5751,0.0792,continue,0.0
sol_bybit_perp,zz100,SHORT,2026-06-15 19:18:52,2026-06-15 19:39:57,0.35,74.99,75.29,-40.0,-51.0,0.8533,0.8533,0.1626,weakening,0.0
sol_bybit_perp,zz100,LONG,2026-06-15 19:39:57,2026-06-15 21:07:06,1.45,75.29,74.74,-73.1,-84.1,0.6267,0.6267,0.0284,continue,0.0
sol_bybit_perp,zz100,SHORT,2026-06-15 21:07:06,2026-06-16 00:43:07,3.6,74.74,74.34,53.5,42.5,0.1253,0.1253,0.2785,continue,0.0
sol_bybit_perp,zz100,LONG,2026-06-16 00:43:07,2026-06-16 02:01:54,1.31,74.34,73.61,-98.2,-109.2,0.1091,0.1091,0.4795,weakening,0.0
sol_bybit_perp,zz100,SHORT,2026-06-16 02:01:54,2026-06-16 03:30:27,1.48,73.61,73.5,14.9,3.9,0.531,0.531,0.0302,continue,0.0
sol_bybit_perp,zz100,LONG,2026-06-16 03:30:27,2026-06-16 09:20:38,5.84,73.5,74.84,182.3,171.3,0.0582,0.0582,0.1891,continue,0.0
sol_bybit_perp,zz100,SHORT,2026-06-16 09:20:38,2026-06-16 12:20:10,2.99,74.84,75.09,-33.4,-44.4,0.1935,0.1935,0.1992,weakening,0.0
sol_bybit_perp,zz100,LONG,2026-06-16 12:20:10,2026-06-16 12:49:51,0.49,75.09,74.74,-46.6,-57.6,0.7176,0.7176,0.0726,continue,0.0
sol_bybit_perp,zz100,SHORT,2026-06-16 12:49:51,2026-06-16 14:53:12,2.06,74.74,73.03,228.8,217.8,0.5551,0.5551,0.0242,continue,0.0
sol_bybit_perp,zz100,LONG,2026-06-16 14:53:12,2026-06-16 18:27:09,3.57,73.03,73.55,71.2,60.2,0.4019,0.4019,0.0164,continue,0.0
sol_bybit_perp,zz100,SHORT,2026-06-16 18:27:09,2026-06-16 20:53:02,2.43,73.55,74.2,-88.4,-99.4,0.5429,0.5429,0.018,continue,0.0
sol_bybit_perp,zz100,LONG,2026-06-16 20:53:02,2026-06-16 23:50:14,2.95,74.2,73.47,-98.4,-109.4,0.5267,0.5267,0.1376,continue,0.0
sol_bybit_perp,zz100,SHORT,2026-06-16 23:50:14,2026-06-17 01:49:59,2.0,73.47,73.87,-54.4,-65.4,0.8011,0.8011,0.1541,continue,0.0
sol_bybit_perp,zz100,LONG,2026-06-17 01:49:59,2026-06-17 02:39:51,0.83,73.87,73.67,-27.1,-38.1,0.7835,0.7835,0.0767,continue,0.0
sol_bybit_perp,zz100,SHORT,2026-06-17 02:39:51,2026-06-17 12:48:27,10.14,73.67,72.3,186.0,175.0,0.7026,0.7026,0.0273,continue,0.0
sol_bybit_perp,zz100,LONG,2026-06-17 12:48:27,2026-06-17 14:47:28,1.98,72.3,71.96,-47.0,-58.0,0.5293,0.5293,0.2176,weakening,0.0
sol_bybit_perp,zz100,SHORT,2026-06-17 14:47:28,2026-06-17 14:52:46,0.09,71.96,72.52,-77.8,-88.8,0.3262,0.3262,0.1079,continue,0.0
sol_bybit_perp,zz100,LONG,2026-06-17 14:52:46,2026-06-17 16:37:03,1.74,72.52,73.88,187.5,176.5,0.4036,0.4036,0.0933,continue,0.0
sol_bybit_perp,zz100,SHORT,2026-06-17 16:37:03,2026-06-17 17:54:04,1.28,73.88,74.17,-39.3,-50.3,0.3737,0.3737,0.482,continue,0.0
sol_bybit_perp,zz100,LONG,2026-06-17 17:54:04,2026-06-17 18:00:19,0.1,74.17,73.47,-94.4,-105.4,0.8402,0.8402,0.0131,weakening,0.0
sol_bybit_perp,zz100,SHORT,2026-06-17 18:00:19,2026-06-17 18:06:44,0.11,73.47,72.88,80.3,69.3,0.3428,0.3428,0.5564,weakening,0.0
sol_bybit_perp,zz100,LONG,2026-06-17 18:06:44,2026-06-17 18:57:40,0.85,72.88,73.58,96.0,85.0,0.472,0.472,0.0169,continue,0.0
sol_bybit_perp,zz100,SHORT,2026-06-17 18:57:40,2026-06-17 20:33:07,1.59,73.58,72.12,198.4,187.4,0.5671,0.5671,0.1369,continue,0.0
sol_bybit_perp,zz100,LONG,2026-06-17 20:33:07,2026-06-17 21:47:14,1.24,72.12,71.47,-90.1,-101.1,0.3872,0.3872,0.7146,continue,0.0
sol_bybit_perp,zz100,SHORT,2026-06-17 21:47:14,2026-06-17 22:12:35,0.42,71.47,71.48,-1.4,-12.4,0.6022,-0.6022,0.0717,flip_risk,0.0153
sol_bybit_perp,zz100,LONG,2026-06-17 22:12:35,2026-06-18 03:25:07,5.21,71.48,71.9,58.8,47.8,0.6764,0.6764,0.0069,continue,0.0
sol_bybit_perp,zz100,SHORT,2026-06-18 03:25:07,2026-06-18 06:50:14,3.42,71.9,71.31,82.1,71.1,0.6393,0.6393,0.1602,weakening,0.0
sol_bybit_perp,zz100,LONG,2026-06-18 06:50:14,2026-06-18 10:08:30,3.3,71.31,71.39,11.2,0.2,0.414,0.414,0.0637,weakening,0.0
sol_bybit_perp,zz100,SHORT,2026-06-18 10:08:30,2026-06-18 12:30:02,2.36,71.39,71.41,-2.8,-13.8,0.7228,0.7228,0.2108,weakening,0.0
sol_bybit_perp,zz100,LONG,2026-06-18 12:30:02,2026-06-18 13:36:02,1.1,71.41,71.0,-57.4,-68.4,0.1271,0.1271,0.1782,weakening,0.0
sol_bybit_perp,zz100,SHORT,2026-06-18 13:36:02,2026-06-18 14:23:37,0.79,71.0,71.39,-54.9,-65.9,0.0634,0.0634,0.2734,reversal,0.4373
sol_bybit_perp,zz100,LONG,2026-06-18 14:23:37,2026-06-18 14:28:38,0.08,71.39,70.94,-63.0,-74.0,0.3888,0.3888,0.4146,continue,0.0
sol_bybit_perp,zz100,SHORT,2026-06-18 14:28:38,2026-06-18 16:54:15,2.43,70.94,69.06,265.0,254.0,0.7817,0.7817,0.0108,continue,0.0
sol_bybit_perp,zz100,LONG,2026-06-18 16:54:15,2026-06-18 18:03:50,1.16,69.06,68.41,-94.1,-105.1,0.4636,0.4636,0.1865,continue,0.0
sol_bybit_perp,zz100,SHORT,2026-06-18 18:03:50,2026-06-18 18:27:18,0.39,68.41,68.92,-74.6,-85.6,0.1569,0.1569,0.0265,weakening,0.0
sol_bybit_perp,zz100,LONG,2026-06-18 18:27:18,2026-06-18 22:34:25,4.12,68.92,69.23,45.0,34.0,0.4424,0.4424,0.143,continue,0.0
sol_bybit_perp,zz100,SHORT,2026-06-18 22:34:25,2026-06-19 01:03:56,2.49,69.23,69.94,-102.6,-113.6,0.512,0.512,0.0271,continue,0.0
sol_bybit_perp,zz100,LONG,2026-06-19 01:03:56,2026-06-19 03:13:40,2.16,69.94,69.34,-85.8,-96.8,0.4828,0.4828,0.0566,continue,0.0
sol_bybit_perp,zz100,SHORT,2026-06-19 03:13:40,2026-06-19 03:26:14,0.21,69.34,69.3,5.8,-5.2,0.481,-0.481,0.1044,continue,0.0
sol_bybit_perp,zz100,LONG,2026-06-19 03:26:14,2026-06-19 04:02:03,0.6,69.3,68.7,-86.6,-97.6,0.0942,0.0942,0.0929,weakening,0.0
sol_bybit_perp,zz100,SHORT,2026-06-19 04:02:03,2026-06-19 08:22:11,4.34,68.7,68.6,14.6,3.6,0.5644,0.5644,0.0565,continue,0.0
sol_bybit_perp,zz100,LONG,2026-06-19 08:22:11,2026-06-19 10:41:03,2.31,68.6,68.01,-86.0,-97.0,0.0424,-0.0424,0.2285,continue,0.0
sol_bybit_perp,zz100,SHORT,2026-06-19 10:41:03,2026-06-19 12:51:46,2.18,68.01,68.58,-83.8,-94.8,0.5857,0.5857,0.2147,reversal,0.1895
sol_bybit_perp,zz100,LONG,2026-06-19 12:51:46,2026-06-19 14:23:42,1.53,68.58,68.81,33.5,22.5,0.6623,0.6623,0.0268,continue,0.0
sol_bybit_perp,zz100,SHORT,2026-06-19 14:23:42,2026-06-19 15:42:07,1.31,68.81,69.48,-97.4,-108.4,0.3414,0.3414,0.1046,continue,0.0
sol_bybit_perp,zz100,LONG,2026-06-19 15:42:07,2026-06-19 16:55:34,1.22,69.48,68.81,-96.4,-107.4,0.0437,0.0437,0.2006,flip_risk,0.0456
sol_bybit_perp,zz100,SHORT,2026-06-19 16:55:34,2026-06-19 17:36:45,0.69,68.81,69.27,-66.9,-77.9,0.4671,0.4671,0.042,continue,0.0
sol_bybit_perp,zz100,LONG,2026-06-19 17:36:45,2026-06-19 18:39:40,1.05,69.27,68.78,-70.7,-81.7,0.8533,0.8533,0.0255,weakening,0.0
sol_bybit_perp,zz100,SHORT,2026-06-19 18:39:40,2026-06-19 22:28:53,3.82,68.78,69.36,-84.3,-95.3,0.6733,0.6733,0.0171,weakening,0.0
sol_bybit_perp,zz100,LONG,2026-06-19 22:28:53,2026-06-20 05:22:03,6.89,69.36,71.7,337.4,326.4,0.7452,0.7452,0.0442,weakening,0.0
sol_bybit_perp,zz100,SHORT,2026-06-20 05:22:03,2026-06-20 06:21:45,0.99,71.7,72.2,-69.7,-80.7,0.5116,0.5116,0.1074,weakening,0.0
sol_bybit_perp,zz100,LONG,2026-06-20 06:21:45,2026-06-20 07:05:49,0.73,72.2,71.63,-78.9,-89.9,0.4469,0.4469,0.0175,continue,0.0
sol_bybit_perp,zz100,SHORT,2026-06-20 07:05:49,2026-06-20 11:49:23,4.73,71.63,71.9,-37.7,-48.7,0.4968,0.4968,0.0788,weakening,0.0
sol_bybit_perp,zz100,LONG,2026-06-20 11:49:23,2026-06-20 13:21:57,1.54,71.9,71.3,-83.4,-94.4,0.9764,0.9764,0.0071,continue,0.0
sol_bybit_perp,zz100,SHORT,2026-06-20 13:21:57,2026-06-20 14:45:27,1.39,71.3,71.18,16.8,5.8,0.5436,0.5436,0.2564,weakening,0.0
sol_bybit_perp,zz100,LONG,2026-06-20 14:45:27,2026-06-20 15:40:19,0.91,71.18,71.86,95.5,84.5,0.7715,0.7715,0.5435,weakening,0.0
sol_bybit_perp,zz100,SHORT,2026-06-20 15:40:19,2026-06-20 18:18:05,2.63,71.86,71.78,11.1,0.1,0.1849,0.1849,0.1138,weakening,0.0
sol_bybit_perp,zz100,LONG,2026-06-20 18:18:05,2026-06-20 22:47:46,4.49,71.78,73.51,241.0,230.0,0.6594,0.6594,0.283,continue,0.0
sol_bybit_perp,zz100,SHORT,2026-06-20 22:47:46,2026-06-21 03:14:57,4.45,73.51,73.59,-10.9,-21.9,0.4173,0.4173,0.0396,weakening,0.0
sol_bybit_perp,zz100,LONG,2026-06-21 03:14:57,2026-06-21 05:16:58,2.03,73.59,73.09,-67.9,-78.9,0.0008,-0.0008,0.6094,continue,0.0
sol_bybit_perp,zz100,SHORT,2026-06-21 05:16:58,2026-06-21 09:21:18,4.07,73.09,73.42,-45.1,-56.1,0.4618,0.4618,0.0982,continue,0.0
sol_bybit_perp,zz100,LONG,2026-06-21 09:21:18,2026-06-21 11:17:01,1.93,73.42,73.62,27.2,16.2,0.7699,0.7699,0.0173,continue,0.0
sol_bybit_perp,zz100,SHORT,2026-06-21 11:17:01,2026-06-21 12:57:17,1.67,73.62,73.63,-1.4,-12.4,0.5593,0.5593,0.0394,continue,0.0
sol_bybit_perp,zz100,LONG,2026-06-21 12:57:17,2026-06-21 18:03:34,5.1,73.63,73.88,34.0,23.0,0.0684,-0.0684,0.0195,continue,0.0
sol_bybit_perp,zz100,SHORT,2026-06-21 18:03:34,2026-06-21 21:39:10,3.59,73.88,73.1,105.6,94.6,0.5637,0.5637,0.3003,weakening,0.0
sol_bybit_perp,zz100,LONG,2026-06-21 21:39:10,2026-06-21 22:30:54,0.86,73.1,72.6,-68.4,-79.4,0.3855,0.3855,0.4626,continue,0.0
sol_bybit_perp,zz100,SHORT,2026-06-21 22:30:54,2026-06-22 00:18:45,1.8,72.6,73.01,-56.5,-67.5,0.3434,0.3434,0.5331,weakening,0.0
sol_bybit_perp,zz100,LONG,2026-06-22 00:18:45,2026-06-22 01:33:45,1.25,73.01,74.21,164.4,153.4,0.8203,0.8203,0.3721,continue,0.0
sol_bybit_perp,zz100,SHORT,2026-06-22 01:33:45,2026-06-22 03:32:09,1.97,74.21,74.02,25.6,14.6,0.355,0.355,0.0398,weakening,0.0
sol_bybit_perp,zz100,LONG,2026-06-22 03:32:09,2026-06-22 08:39:07,5.12,74.02,73.67,-47.3,-58.3,0.5952,0.5952,0.0053,continue,0.0
sol_bybit_perp,zz100,SHORT,2026-06-22 08:39:07,2026-06-22 11:35:11,2.93,73.67,74.28,-82.8,-93.8,0.6815,0.6815,0.0916,continue,0.0
sol_bybit_perp,zz100,LONG,2026-06-22 11:35:11,2026-06-22 14:13:44,2.64,74.28,74.21,-9.4,-20.4,0.7488,0.7488,0.1723,continue,0.0
sol_bybit_perp,zz100,SHORT,2026-06-22 14:13:44,2026-06-22 17:53:27,3.66,74.21,73.26,128.0,117.0,0.1085,0.1085,0.1438,flip_risk,0.04
sol_bybit_perp,zz100,LONG,2026-06-22 17:53:27,2026-06-22 18:52:47,0.99,73.26,72.74,-71.0,-82.0,0.019,-0.019,0.4004,flip_risk,0.1162
sol_bybit_perp,zz100,SHORT,2026-06-22 18:52:47,2026-06-22 23:02:51,4.17,72.74,72.09,89.4,78.4,0.8146,0.8146,0.0297,continue,0.0
sol_bybit_perp,zz100,LONG,2026-06-22 23:02:51,2026-06-23 01:48:38,2.76,72.09,71.37,-99.9,-110.9,0.5008,0.5008,0.1159,continue,0.0
sol_bybit_perp,zz100,SHORT,2026-06-23 01:48:38,2026-06-23 02:53:00,1.07,71.37,71.99,-86.9,-97.9,0.8411,0.8411,0.0472,weakening,0.0
sol_bybit_perp,zz100,LONG,2026-06-23 02:53:00,2026-06-23 05:19:43,2.45,71.99,71.28,-98.6,-109.6,0.6418,0.6418,0.0316,continue,0.0
sol_bybit_perp,zz100,SHORT,2026-06-23 05:19:43,2026-06-23 06:47:16,1.46,71.28,70.33,133.3,122.3,0.9664,0.9664,0.014,continue,0.0
sol_bybit_perp,zz100,LONG,2026-06-23 06:47:16,2026-06-23 08:13:49,1.44,70.33,69.73,-85.3,-96.3,0.5353,0.5353,0.022,weakening,0.0
sol_bybit_perp,zz100,SHORT,2026-06-23 08:13:49,2026-06-23 08:36:37,0.38,69.73,68.79,134.8,123.8,0.5525,0.5525,0.0636,continue,0.0
sol_bybit_perp,zz100,LONG,2026-06-23 08:36:37,2026-06-23 13:25:07,4.81,68.79,68.62,-24.7,-35.7,0.3662,0.3662,0.6161,flip_risk,0.1761
sol_bybit_perp,zz100,SHORT,2026-06-23 13:25:07,2026-06-23 13:32:05,0.12,68.62,69.3,-99.1,-110.1,0.742,0.742,0.1571,weakening,0.0
sol_bybit_perp,zz100,LONG,2026-06-23 13:32:05,2026-06-23 15:06:29,1.57,69.3,68.91,-56.3,-67.3,0.0769,0.0769,0.2086,weakening,0.0
sol_bybit_perp,zz100,SHORT,2026-06-23 15:06:29,2026-06-23 16:06:37,1.0,68.91,69.03,-17.4,-28.4,0.0711,0.0711,0.0733,continue,0.0
sol_bybit_perp,zz100,LONG,2026-06-23 16:06:37,2026-06-23 17:06:14,0.99,69.03,68.66,-53.6,-64.6,0.7324,0.7324,0.0199,continue,0.0
sol_bybit_perp,zz100,SHORT,2026-06-23 17:06:14,2026-06-23 22:03:14,4.95,68.66,69.29,-91.8,-102.8,0.3587,0.3587,0.0919,continue,0.0
sol_bybit_perp,zz100,LONG,2026-06-23 22:03:14,2026-06-24 02:18:06,4.25,69.29,69.64,50.5,39.5,0.583,0.583,0.0046,continue,0.0
sol_bybit_perp,zz100,SHORT,2026-06-24 02:18:06,2026-06-24 04:50:17,2.54,69.64,69.63,1.4,-9.6,0.1955,0.1955,0.2546,weakening,0.0
sol_bybit_perp,zz100,LONG,2026-06-24 04:50:17,2026-06-24 07:35:21,2.75,69.63,69.45,-25.9,-36.9,0.6536,0.6536,0.2683,continue,0.0
sol_bybit_perp,zz100,SHORT,2026-06-24 07:35:21,2026-06-24 11:43:41,4.14,69.45,69.43,2.9,-8.1,0.645,0.645,0.0857,continue,0.0
sol_bybit_perp,zz100,LONG,2026-06-24 11:43:41,2026-06-24 12:00:34,0.28,69.43,69.67,34.6,23.6,0.5779,0.5779,0.0439,weakening,0.0
sol_bybit_perp,zz100,SHORT,2026-06-24 12:00:34,2026-06-24 13:32:51,1.54,69.67,69.03,91.9,80.9,0.5897,0.5897,0.0083,continue,0.0
sol_bybit_perp,zz100,LONG,2026-06-24 13:32:51,2026-06-24 13:43:05,0.17,69.03,68.74,-42.0,-53.0,0.3869,0.3869,0.007,weakening,0.0
sol_bybit_perp,zz100,SHORT,2026-06-24 13:43:05,2026-06-24 14:30:59,0.8,68.74,69.26,-75.6,-86.6,0.1816,-0.1816,0.0689,continue,0.0
sol_bybit_perp,zz100,LONG,2026-06-24 14:30:59,2026-06-24 15:02:43,0.53,69.26,68.68,-83.7,-94.7,0.3601,0.3601,0.1232,continue,0.0
sol_bybit_perp,zz100,SHORT,2026-06-24 15:02:43,2026-06-24 16:23:17,1.34,68.68,67.9,113.6,102.6,0.1953,0.1953,0.5615,weakening,0.0
sol_bybit_perp,zz100,LONG,2026-06-24 16:23:17,2026-06-24 16:43:33,0.34,67.9,67.3,-88.4,-99.4,0.4492,0.4492,0.0502,reversal,0.3078
sol_bybit_perp,zz100,SHORT,2026-06-24 16:43:33,2026-06-24 18:10:29,1.45,67.3,65.33,292.7,281.7,0.3437,0.3437,0.014,weakening,0.0
sol_bybit_perp,zz100,LONG,2026-06-24 18:10:29,2026-06-24 18:49:16,0.65,65.33,65.75,64.3,53.3,0.5012,0.5012,0.0023,continue,0.0
sol_bybit_perp,zz100,SHORT,2026-06-24 18:49:16,2026-06-24 19:51:16,1.03,65.75,66.16,-62.4,-73.4,0.457,0.457,0.1727,weakening,0.0
sol_bybit_perp,zz100,LONG,2026-06-24 19:51:16,2026-06-24 21:07:05,1.26,66.16,67.3,172.3,161.3,0.4154,0.4154,0.2677,weakening,0.0
sol_bybit_perp,zz100,SHORT,2026-06-24 21:07:05,2026-06-24 21:40:00,0.55,67.3,67.87,-84.7,-95.7,0.117,0.117,0.0837,weakening,0.0
sol_bybit_perp,zz100,LONG,2026-06-24 21:40:00,2026-06-24 22:27:27,0.79,67.87,67.77,-14.7,-25.7,0.0035,-0.0035,0.2053,weakening,0.0
sol_bybit_perp,zz100,SHORT,2026-06-24 22:27:27,2026-06-25 04:49:40,6.37,67.77,68.04,-39.8,-50.8,0.4969,0.4969,0.0312,continue,0.0
sol_bybit_perp,zz100,LONG,2026-06-25 04:49:40,2026-06-25 09:22:12,4.54,68.04,68.91,127.9,116.9,0.9918,0.9918,0.0089,continue,0.0
sol_bybit_perp,zz100,SHORT,2026-06-25 09:22:12,2026-06-25 12:30:22,3.14,68.91,68.49,60.9,49.9,0.5417,0.5417,0.0129,weakening,0.0
sol_bybit_perp,zz100,LONG,2026-06-25 12:30:22,2026-06-25 12:56:11,0.43,68.49,68.18,-45.3,-56.3,0.3479,0.3479,0.1171,weakening,0.0
sol_bybit_perp,zz100,SHORT,2026-06-25 12:56:11,2026-06-25 14:00:08,1.07,68.18,64.64,519.2,508.2,0.2826,0.2826,0.0698,weakening,0.0
sol_bybit_perp,zz100,LONG,2026-06-25 14:00:08,2026-06-25 14:16:05,0.27,64.64,65.63,153.2,142.2,0.0139,0.0139,0.0617,weakening,0.0
sol_bybit_perp,zz100,SHORT,2026-06-25 14:16:05,2026-06-25 14:20:05,0.07,65.63,65.92,-44.2,-55.2,0.4184,0.4184,0.0,continue,0.0
sol_bybit_perp,zz100,LONG,2026-06-25 14:20:05,2026-06-25 14:31:59,0.2,65.92,65.52,-60.7,-71.7,0.436,0.436,0.0273,flip_risk,0.0831
sol_bybit_perp,zz100,SHORT,2026-06-25 14:31:59,2026-06-25 14:33:04,0.02,65.52,66.16,-97.7,-108.7,0.2634,0.2634,0.2869,reversal,0.2439
sol_bybit_perp,zz100,LONG,2026-06-25 14:33:04,2026-06-25 14:36:01,0.05,66.16,66.41,37.8,26.8,0.0105,0.0105,0.2069,weakening,0.0
sol_bybit_perp,zz100,SHORT,2026-06-25 14:36:01,2026-06-25 14:51:41,0.26,66.41,66.61,-30.1,-41.1,0.438,0.438,0.0191,continue,0.0
sol_bybit_perp,zz100,LONG,2026-06-25 14:51:41,2026-06-25 15:01:41,0.17,66.61,66.03,-87.1,-98.1,0.0902,-0.0902,0.162,reversal,0.2779
sol_bybit_perp,zz100,SHORT,2026-06-25 15:01:41,2026-06-25 15:18:40,0.28,66.03,65.88,22.7,11.7,0.4326,0.4326,0.0343,continue,0.0
sol_bybit_perp,zz100,LONG,2026-06-25 15:18:40,2026-06-25 16:30:31,1.2,65.88,66.3,63.8,52.8,0.6804,0.6804,0.1229,continue,0.0
sol_bybit_perp,zz100,SHORT,2026-06-25 16:30:31,2026-06-25 17:10:52,0.67,66.3,66.26,6.0,-5.0,0.2757,0.2757,0.1761,continue,0.0
sol_bybit_perp,zz100,LONG,2026-06-25 17:10:52,2026-06-25 18:05:33,0.91,66.26,66.64,57.3,46.3,0.7295,0.7295,0.0678,continue,0.0
sol_bybit_perp,zz100,SHORT,2026-06-25 18:05:33,2026-06-25 18:19:15,0.23,66.64,66.66,-3.0,-14.0,0.4923,0.4923,0.0322,continue,0.0
sol_bybit_perp,zz100,LONG,2026-06-25 18:19:15,2026-06-25 18:34:50,0.26,66.66,65.99,-100.5,-111.5,0.6865,0.6865,0.5064,weakening,0.0
sol_bybit_perp,zz100,SHORT,2026-06-25 18:34:50,2026-06-25 20:00:24,1.43,65.99,66.3,-47.0,-58.0,0.8318,0.8318,0.0133,reversal,0.2884
sol_bybit_perp,zz100,LONG,2026-06-25 20:00:24,2026-06-25 20:53:01,0.88,66.3,66.1,-30.2,-41.2,0.6671,0.6671,0.313,continue,0.0
sol_bybit_perp,zz100,SHORT,2026-06-25 20:53:01,2026-06-25 21:28:15,0.59,66.1,66.72,-93.8,-104.8,0.4162,-0.4162,0.4039,continue,0.0
sol_bybit_perp,zz100,LONG,2026-06-25 21:28:15,2026-06-25 23:37:08,2.15,66.72,68.08,203.8,192.8,0.0053,-0.0053,0.2825,weakening,0.0
sol_bybit_perp,zz100,SHORT,2026-06-25 23:37:08,2026-06-26 02:28:35,2.86,68.08,66.54,226.2,215.2,0.3564,0.3564,0.1315,continue,0.0
sol_bybit_perp,zz100,LONG,2026-06-26 02:28:35,2026-06-26 02:53:51,0.42,66.54,66.08,-69.1,-80.1,0.4193,0.4193,0.071,weakening,0.0
sol_bybit_perp,zz100,SHORT,2026-06-26 02:53:51,2026-06-26 03:05:50,0.2,66.08,66.59,-77.2,-88.2,0.3934,0.3934,0.0115,continue,0.0
sol_bybit_perp,zz100,LONG,2026-06-26 03:05:50,2026-06-26 08:10:02,5.07,66.59,70.25,549.6,538.6,0.3182,0.3182,0.0074,flip_risk,0.1751
sol_bybit_perp,zz100,SHORT,2026-06-26 08:10:02,2026-06-26 12:15:58,4.1,70.25,69.07,168.0,157.0,0.5209,0.5209,0.406,continue,0.0
sol_bybit_perp,zz100,LONG,2026-06-26 12:15:58,2026-06-26 12:38:50,0.38,69.07,69.0,-10.1,-21.1,0.8752,0.8752,0.0019,continue,0.0
sol_bybit_perp,zz100,SHORT,2026-06-26 12:38:50,2026-06-26 12:46:07,0.12,69.0,69.06,-8.7,-19.7,0.3691,0.3691,0.0236,weakening,0.0
sol_bybit_perp,zz100,LONG,2026-06-26 12:46:07,2026-06-26 13:18:48,0.54,69.06,68.58,-69.5,-80.5,0.3678,0.3678,0.2015,continue,0.0
sol_bybit_perp,zz100,SHORT,2026-06-26 13:18:48,2026-06-26 13:30:14,0.19,68.58,68.97,-56.9,-67.9,0.8755,0.8755,0.2064,weakening,0.0
sol_bybit_perp,zz100,LONG,2026-06-26 13:30:14,2026-06-26 14:34:48,1.08,68.97,71.22,326.2,315.2,0.5824,0.5824,0.1389,reversal,0.2884
sol_bybit_perp,zz100,SHORT,2026-06-26 14:34:48,2026-06-26 15:09:37,0.58,71.22,70.99,32.3,21.3,0.5822,0.5822,0.1109,weakening,0.0
sol_bybit_perp,zz100,LONG,2026-06-26 15:09:37,2026-06-26 16:02:03,0.87,70.99,72.72,243.7,232.7,0.3867,0.3867,0.0723,continue,0.0
sol_bybit_perp,zz100,SHORT,2026-06-26 16:02:03,2026-06-26 16:33:09,0.52,72.72,72.77,-6.9,-17.9,0.2826,0.2826,0.0715,continue,0.0
sol_bybit_perp,zz100,LONG,2026-06-26 16:33:09,2026-06-26 16:52:45,0.33,72.77,72.46,-42.6,-53.6,0.5899,0.5899,0.008,continue,0.0
sol_bybit_perp,zz100,SHORT,2026-06-26 16:52:45,2026-06-26 18:06:05,1.22,72.46,72.89,-59.3,-70.3,0.4077,0.4077,0.0177,weakening,0.0
sol_bybit_perp,zz100,LONG,2026-06-26 18:06:05,2026-06-26 19:59:58,1.9,72.89,73.02,17.8,6.8,0.106,0.106,0.2233,continue,0.0
sol_bybit_perp,zz100,SHORT,2026-06-26 19:59:58,2026-06-27 00:06:46,4.11,73.02,72.16,117.8,106.8,0.6972,0.6972,0.0027,weakening,0.0
sol_bybit_perp,zz100,LONG,2026-06-27 00:06:46,2026-06-27 00:32:01,0.42,72.16,71.7,-63.7,-74.7,0.7118,0.7118,0.5098,continue,0.0
sol_bybit_perp,zz100,SHORT,2026-06-27 00:32:01,2026-06-27 02:22:33,1.84,71.7,72.04,-47.4,-58.4,0.4412,0.4412,0.3344,continue,0.0
sol_bybit_perp,zz100,LONG,2026-06-27 02:22:33,2026-06-27 05:04:06,2.69,72.04,71.81,-31.9,-42.9,0.3721,0.3721,0.0538,continue,0.0
sol_bybit_perp,zz100,SHORT,2026-06-27 05:04:06,2026-06-27 06:40:15,1.6,71.81,72.22,-57.1,-68.1,0.4232,0.4232,0.0009,weakening,0.0
sol_bybit_perp,zz100,LONG,2026-06-27 06:40:15,2026-06-27 11:18:23,4.64,72.22,71.59,-87.2,-98.2,0.4185,0.4185,0.0283,weakening,0.0
sol_bybit_perp,zz100,SHORT,2026-06-27 11:18:23,2026-06-27 13:03:42,1.76,71.59,72.25,-92.2,-103.2,0.0158,0.0158,0.1921,weakening,0.0
sol_bybit_perp,zz100,LONG,2026-06-27 13:03:42,2026-06-27 17:01:38,3.97,72.25,72.38,18.0,7.0,0.5856,0.5856,0.1281,continue,0.0
sol_bybit_perp,zz100,SHORT,2026-06-27 17:01:38,2026-06-27 22:34:48,5.55,72.38,70.93,200.3,189.3,0.0431,-0.0431,0.0217,continue,0.0
sol_bybit_perp,zz100,LONG,2026-06-27 22:34:48,2026-06-27 23:22:43,0.8,70.93,70.39,-76.1,-87.1,0.5643,0.5643,0.0543,continue,0.0
sol_bybit_perp,zz100,SHORT,2026-06-27 23:22:43,2026-06-28 07:02:10,7.66,70.39,70.82,-61.1,-72.1,0.6572,0.6572,0.3997,continue,0.0
sol_bybit_perp,zz100,LONG,2026-06-28 07:02:10,2026-06-28 10:03:34,3.02,70.82,71.42,84.7,73.7,0.5946,0.5946,0.0611,weakening,0.0
sol_bybit_perp,zz100,SHORT,2026-06-28 10:03:34,2026-06-28 11:22:47,1.32,71.42,71.86,-61.6,-72.6,0.2638,0.2638,0.1561,weakening,0.0
sol_bybit_perp,zz100,LONG,2026-06-28 11:22:47,2026-06-28 13:01:34,1.65,71.86,71.55,-43.1,-54.1,0.726,0.726,0.0398,continue,0.0
sol_bybit_perp,zz100,SHORT,2026-06-28 13:01:34,2026-06-28 13:43:02,0.69,71.55,72.02,-65.7,-76.7,0.4983,0.4983,0.0994,continue,0.0
sol_bybit_perp,zz100,LONG,2026-06-28 13:43:02,2026-06-28 15:10:29,1.46,72.02,71.42,-83.3,-94.3,0.5522,0.5522,0.2996,continue,0.0
sol_bybit_perp,zz100,SHORT,2026-06-28 15:10:29,2026-06-28 17:07:06,1.94,71.42,71.89,-65.8,-76.8,0.738,0.738,0.038,continue,0.0
sol_bybit_perp,zz100,LONG,2026-06-28 17:07:06,2026-06-28 17:35:03,0.47,71.89,71.16,-101.5,-112.5,0.3461,0.3461,0.0179,continue,0.0
sol_bybit_perp,zz100,SHORT,2026-06-28 17:35:03,2026-06-28 18:02:26,0.46,71.16,71.63,-66.0,-77.0,0.7401,0.7401,0.0026,continue,0.0
sol_bybit_perp,zz100,LONG,2026-06-28 18:02:26,2026-06-28 18:35:27,0.55,71.63,70.98,-90.7,-101.7,0.6607,0.6607,0.1154,continue,0.0
sol_bybit_perp,zz100,SHORT,2026-06-28 18:35:27,2026-06-28 20:13:25,1.63,70.98,70.93,7.0,-4.0,0.6329,0.6329,0.4734,continue,0.0
sol_bybit_perp,zz100,LONG,2026-06-28 20:13:25,2026-06-28 21:46:44,1.56,70.93,70.53,-56.4,-67.4,0.1035,0.1035,0.1212,weakening,0.0
sol_bybit_perp,zz100,SHORT,2026-06-28 21:46:44,2026-06-28 22:02:25,0.26,70.53,70.96,-61.0,-72.0,0.5962,0.5962,0.0494,continue,0.0
sol_bybit_perp,zz100,LONG,2026-06-28 22:02:25,2026-06-28 22:18:35,0.27,70.96,70.72,-33.8,-44.8,0.8102,0.8102,0.0956,continue,0.0
sol_bybit_perp,zz100,SHORT,2026-06-28 22:18:35,2026-06-28 23:01:25,0.71,70.72,70.4,45.2,34.2,0.3052,0.3052,0.1106,weakening,0.0
sol_bybit_perp,zz100,LONG,2026-06-28 23:01:25,2026-06-29 00:02:23,1.02,70.4,70.98,82.4,71.4,0.3539,0.3539,0.0271,continue,0.0
sol_bybit_perp,zz100,SHORT,2026-06-29 00:02:23,2026-06-29 00:41:58,0.66,70.98,71.02,-5.6,-16.6,0.5901,0.5901,0.0672,continue,0.0
sol_bybit_perp,zz100,LONG,2026-06-29 00:41:58,2026-06-29 01:18:47,0.61,71.02,70.95,-9.9,-20.9,0.6617,0.6617,0.0048,continue,0.0
sol_bybit_perp,zz100,SHORT,2026-06-29 01:18:47,2026-06-29 01:41:20,0.38,70.95,71.63,-95.8,-106.8,0.1382,-0.1382,0.0093,continue,0.0
sol_bybit_perp,zz100,LONG,2026-06-29 01:41:20,2026-06-29 02:12:09,0.51,71.63,70.93,-97.7,-108.7,0.453,-0.453,0.0286,reversal,0.2385
sol_bybit_perp,zz100,SHORT,2026-06-29 02:12:09,2026-06-29 02:21:46,0.16,70.93,71.19,-36.7,-47.7,0.118,0.118,0.196,weakening,0.0
sol_bybit_perp,zz100,LONG,2026-06-29 02:21:46,2026-06-29 03:56:51,1.58,71.19,72.57,193.8,182.8,0.0419,-0.0419,0.0263,weakening,0.0
sol_bybit_perp,zz100,SHORT,2026-06-29 03:56:51,2026-06-29 05:44:18,1.79,72.57,71.69,121.3,110.3,0.2237,0.2237,0.0186,weakening,0.0
sol_bybit_perp,zz100,LONG,2026-06-29 05:44:18,2026-06-29 06:38:47,0.91,71.69,72.36,93.5,82.5,0.4034,0.4034,0.025,weakening,0.0
sol_bybit_perp,zz100,SHORT,2026-06-29 06:38:47,2026-06-29 07:50:58,1.2,72.36,72.79,-59.4,-70.4,0.3284,0.3284,0.016,continue,0.0
sol_bybit_perp,zz100,LONG,2026-06-29 07:50:58,2026-06-29 11:05:31,3.24,72.79,72.9,15.1,4.1,0.6934,0.6934,0.1065,continue,0.0
sol_bybit_perp,zz100,SHORT,2026-06-29 11:05:31,2026-06-29 11:31:20,0.43,72.9,73.16,-35.7,-46.7,0.2024,-0.2024,0.2337,continue,0.0
sol_bybit_perp,zz100,LONG,2026-06-29 11:31:20,2026-06-29 11:39:40,0.14,73.16,72.39,-105.2,-116.2,0.3261,0.3261,0.1618,weakening,0.0
sol_bybit_perp,zz100,SHORT,2026-06-29 11:39:40,2026-06-29 12:03:38,0.4,72.39,72.85,-63.5,-74.5,0.2472,0.2472,0.1162,weakening,0.0
sol_bybit_perp,zz100,LONG,2026-06-29 12:03:38,2026-06-29 12:38:05,0.57,72.85,73.75,123.5,112.5,0.4749,0.4749,0.1574,continue,0.0
sol_bybit_perp,zz100,SHORT,2026-06-29 12:38:05,2026-06-29 13:00:50,0.38,73.75,73.77,-2.7,-13.7,0.4798,0.4798,0.1907,continue,0.0
sol_bybit_perp,zz100,LONG,2026-06-29 13:00:50,2026-06-29 13:28:07,0.45,73.77,73.56,-28.5,-39.5,0.5957,0.5957,0.2103,continue,0.0
sol_bybit_perp,zz100,SHORT,2026-06-29 13:28:07,2026-06-29 13:31:21,0.05,73.56,73.9,-46.2,-57.2,0.157,0.157,0.1159,weakening,0.0
sol_bybit_perp,zz100,LONG,2026-06-29 13:31:21,2026-06-29 13:38:37,0.12,73.9,73.34,-75.8,-86.8,0.4603,0.4603,0.0705,weakening,0.0
sol_bybit_perp,zz100,SHORT,2026-06-29 13:38:37,2026-06-29 13:58:42,0.33,73.34,73.46,-16.4,-27.4,0.2619,0.2619,0.01,reversal,0.2551
sol_bybit_perp,zz100,LONG,2026-06-29 13:58:42,2026-06-29 14:08:17,0.16,73.46,73.09,-50.4,-61.4,0.0367,-0.0367,0.1296,continue,0.0
sol_bybit_perp,zz100,SHORT,2026-06-29 14:08:17,2026-06-29 14:25:24,0.29,73.09,73.0,12.3,1.3,0.0062,0.0062,0.2019,weakening,0.0
sol_bybit_perp,zz100,LONG,2026-06-29 14:25:24,2026-06-29 15:04:47,0.66,73.0,73.12,16.4,5.4,0.0496,0.0496,0.0109,reversal,0.1512
sol_bybit_perp,zz100,SHORT,2026-06-29 15:04:47,2026-06-29 15:18:59,0.24,73.12,73.46,-46.5,-57.5,0.7195,0.7195,0.0067,continue,0.0
sol_bybit_perp,zz100,LONG,2026-06-29 15:18:59,2026-06-29 16:09:06,0.84,73.46,73.66,27.2,16.2,0.8024,0.8024,0.0077,continue,0.0
sol_bybit_perp,zz100,SHORT,2026-06-29 16:09:06,2026-06-29 16:41:15,0.54,73.66,73.58,10.9,-0.1,0.026,0.026,0.3073,weakening,0.0
sol_bybit_perp,zz100,LONG,2026-06-29 16:41:15,2026-06-29 17:21:06,0.66,73.58,75.62,277.2,266.2,0.2535,-0.2535,0.1055,continue,0.0
sol_bybit_perp,zz100,SHORT,2026-06-29 17:21:06,2026-06-29 17:29:27,0.14,75.62,76.05,-56.9,-67.9,0.2458,0.2458,0.0847,weakening,0.0
sol_bybit_perp,zz100,LONG,2026-06-29 17:29:27,2026-06-29 17:50:36,0.35,76.05,75.29,-99.9,-110.9,0.6103,0.6103,0.0958,flip_risk,0.0725
sol_bybit_perp,zz100,SHORT,2026-06-29 17:50:36,2026-06-29 19:20:13,1.49,75.29,75.89,-79.7,-90.7,0.3021,0.3021,0.0074,flip_risk,0.0481
sol_bybit_perp,zz100,LONG,2026-06-29 19:20:13,2026-06-29 20:40:43,1.34,75.89,75.42,-61.9,-72.9,0.1262,-0.1262,0.2304,flip_risk,0.037
sol_bybit_perp,zz100,SHORT,2026-06-29 20:40:43,2026-06-30 02:48:04,6.12,75.42,74.74,90.2,79.2,0.6559,0.6559,0.1928,continue,0.0
sol_bybit_perp,zz100,LONG,2026-06-30 02:48:04,2026-06-30 03:55:24,1.12,74.74,74.11,-84.3,-95.3,0.091,0.091,0.0705,reversal,0.1544
sol_bybit_perp,zz100,SHORT,2026-06-30 03:55:24,2026-06-30 13:30:06,9.58,74.11,72.61,202.4,191.4,0.5357,0.5357,0.2613,weakening,0.0
sol_bybit_perp,zz100,LONG,2026-06-30 13:30:06,2026-06-30 13:32:31,0.04,72.61,72.04,-78.5,-89.5,0.4029,0.4029,0.1631,weakening,0.0
sol_bybit_perp,zz100,SHORT,2026-06-30 13:32:31,2026-06-30 13:51:13,0.31,72.04,72.76,-99.9,-110.9,0.1846,-0.1846,0.0941,weakening,0.0
sol_bybit_perp,zz100,LONG,2026-06-30 13:51:13,2026-06-30 14:39:02,0.8,72.76,73.11,48.1,37.1,0.4785,0.4785,0.123,weakening,0.0
sol_bybit_perp,zz100,SHORT,2026-06-30 14:39:02,2026-06-30 15:20:58,0.7,73.11,73.29,-24.6,-35.6,0.281,0.281,0.2356,weakening,0.0
sol_bybit_perp,zz100,LONG,2026-06-30 15:20:58,2026-06-30 15:58:13,0.62,73.29,73.32,4.1,-6.9,0.0088,0.0088,0.2108,weakening,0.0
sol_bybit_perp,zz100,SHORT,2026-06-30 15:58:13,2026-06-30 16:53:53,0.93,73.32,73.43,-15.0,-26.0,0.4934,0.4934,0.1687,weakening,0.0
sol_bybit_perp,zz100,LONG,2026-06-30 16:53:53,2026-06-30 17:58:32,1.08,73.43,73.16,-36.8,-47.8,0.1441,0.1441,0.204,continue,0.0
sol_bybit_perp,zz100,SHORT,2026-06-30 17:58:32,2026-06-30 18:53:02,0.91,73.16,73.67,-69.7,-80.7,0.1628,0.1628,0.0603,continue,0.0
sol_bybit_perp,zz100,LONG,2026-06-30 18:53:02,2026-06-30 21:11:20,2.31,73.67,73.2,-63.8,-74.8,0.5981,0.5981,0.5049,continue,0.0
sol_bybit_perp,zz100,SHORT,2026-06-30 21:11:20,2026-07-01 01:15:02,4.06,73.2,72.94,35.5,24.5,0.4024,0.4024,0.1327,continue,0.0
sol_bybit_perp,zz100,LONG,2026-07-01 01:15:02,2026-07-01 06:01:43,4.78,72.94,75.09,294.8,283.8,0.4224,0.4224,0.0113,continue,0.0
sol_bybit_perp,zz100,SHORT,2026-07-01 06:01:43,2026-07-01 07:23:15,1.36,75.09,74.68,54.6,43.6,0.3333,0.3333,0.1239,continue,0.0
sol_bybit_perp,zz100,LONG,2026-07-01 07:23:15,2026-07-01 11:00:51,3.63,74.68,74.77,12.1,1.1,0.31,0.31,0.0883,reversal,0.2021
sol_bybit_perp,zz100,SHORT,2026-07-01 11:00:51,2026-07-01 13:11:58,2.19,74.77,74.97,-26.7,-37.7,0.5321,0.5321,0.4149,continue,0.0
sol_bybit_perp,zz100,LONG,2026-07-01 13:11:58,2026-07-01 13:30:26,0.31,74.97,74.59,-50.7,-61.7,0.5211,0.5211,0.1083,continue,0.0
sol_bybit_perp,zz100,SHORT,2026-07-01 13:30:26,2026-07-01 13:32:23,0.03,74.59,75.35,-101.9,-112.9,0.523,0.523,0.6659,continue,0.0
sol_bybit_perp,zz100,LONG,2026-07-01 13:32:23,2026-07-01 14:33:44,1.02,75.35,76.48,150.0,139.0,0.4827,0.4827,0.0807,reversal,0.1877
sol_bybit_perp,zz100,SHORT,2026-07-01 14:33:44,2026-07-01 14:51:49,0.3,76.48,77.13,-85.0,-96.0,0.491,0.491,0.0355,continue,0.0
sol_bybit_perp,zz100,LONG,2026-07-01 14:51:49,2026-07-01 16:49:19,1.96,77.13,77.42,37.6,26.6,0.5835,0.5835,0.0353,continue,0.0
sol_bybit_perp,zz100,SHORT,2026-07-01 16:49:19,2026-07-01 17:20:18,0.52,77.42,77.62,-25.8,-36.8,0.2401,0.2401,0.1777,weakening,0.0
sol_bybit_perp,zz100,LONG,2026-07-01 17:20:18,2026-07-01 19:46:18,2.43,77.62,77.11,-65.7,-76.7,0.2944,0.2944,0.1418,weakening,0.0
sol_bybit_perp,zz100,SHORT,2026-07-01 19:46:18,2026-07-01 20:49:14,1.05,77.11,77.33,-28.5,-39.5,0.1391,0.1391,0.3277,weakening,0.0
sol_bybit_perp,zz100,LONG,2026-07-01 20:49:14,2026-07-01 22:36:35,1.79,77.33,78.1,99.6,88.6,0.3944,0.3944,0.0917,reversal,0.1943
sol_bybit_perp,zz100,SHORT,2026-07-01 22:36:35,2026-07-02 01:16:19,2.66,78.1,77.63,60.2,49.2,0.3302,0.3302,0.0535,continue,0.0
sol_bybit_perp,zz100,LONG,2026-07-02 01:16:19,2026-07-02 02:08:50,0.88,77.63,77.9,34.8,23.8,0.7881,0.7881,0.1477,continue,0.0
sol_bybit_perp,zz100,SHORT,2026-07-02 02:08:50,2026-07-02 02:47:18,0.64,77.9,78.54,-82.2,-93.2,0.599,0.599,0.2039,continue,0.0
sol_bybit_perp,zz100,LONG,2026-07-02 02:47:18,2026-07-02 04:30:22,1.72,78.54,78.15,-49.7,-60.7,0.8313,0.8313,0.0809,continue,0.0
sol_bybit_perp,zz100,SHORT,2026-07-02 04:30:22,2026-07-02 06:33:00,2.04,78.15,78.52,-47.3,-58.3,0.59,0.59,0.5215,continue,0.0
sol_bybit_perp,zz100,LONG,2026-07-02 06:33:00,2026-07-02 06:49:29,0.27,78.52,77.81,-90.4,-101.4,0.1062,0.1062,0.4458,continue,0.0
sol_bybit_perp,zz100,SHORT,2026-07-02 06:49:29,2026-07-02 08:34:14,1.75,77.81,78.33,-66.8,-77.8,0.4542,0.4542,0.1931,continue,0.0
sol_bybit_perp,zz100,LONG,2026-07-02 08:34:14,2026-07-02 12:19:29,3.75,78.33,81.89,454.5,443.5,0.7863,0.7863,0.0232,continue,0.0
sol_bybit_perp,zz100,SHORT,2026-07-02 12:19:29,2026-07-02 13:34:51,1.26,81.89,81.54,42.7,31.7,0.0564,0.0564,0.0687,reversal,0.1563
sol_bybit_perp,zz100,LONG,2026-07-02 13:34:51,2026-07-02 14:04:00,0.49,81.54,81.12,-51.5,-62.5,0.6223,0.6223,0.0166,weakening,0.0
sol_bybit_perp,zz100,SHORT,2026-07-02 14:04:00,2026-07-02 15:57:01,1.88,81.12,80.84,34.5,23.5,0.4531,0.4531,0.0413,weakening,0.0
sol_bybit_perp,zz100,LONG,2026-07-02 15:57:01,2026-07-02 16:37:34,0.68,80.84,80.22,-76.7,-87.7,0.0972,0.0972,0.1968,flip_risk,0.036
sol_bybit_perp,zz100,SHORT,2026-07-02 16:37:34,2026-07-02 17:14:19,0.61,80.22,80.92,-87.3,-98.3,0.7099,0.7099,0.2331,continue,0.0
sol_bybit_perp,zz100,LONG,2026-07-02 17:14:19,2026-07-02 22:12:18,4.97,80.92,80.44,-59.3,-70.3,0.4192,0.4192,0.0767,continue,0.0
eth_bybit_perp,zz150,SHORT,2026-06-03 03:11:17,2026-06-03 04:04:52,0.89,1845.18,1843.33,10.0,-1.0,0.4766,0.4766,0.0134,continue,0.0
eth_bybit_perp,zz150,LONG,2026-06-03 04:04:52,2026-06-03 13:43:00,9.64,1843.33,1863.49,109.4,98.4,0.0797,0.0797,0.056,weakening,0.0
eth_bybit_perp,zz150,SHORT,2026-06-03 13:43:00,2026-06-03 17:34:42,3.86,1863.49,1837.44,139.8,128.8,0.3822,0.3822,0.0012,continue,0.0
eth_bybit_perp,zz150,LONG,2026-06-03 17:34:42,2026-06-03 19:51:36,2.28,1837.44,1810.33,-147.5,-158.5,0.068,0.068,0.1247,weakening,0.0
eth_bybit_perp,zz150,SHORT,2026-06-03 19:51:36,2026-06-03 21:05:25,1.23,1810.33,1794.29,88.6,77.6,0.1903,-0.1903,0.0975,weakening,0.0
eth_bybit_perp,zz150,LONG,2026-06-03 21:05:25,2026-06-03 22:37:55,1.54,1794.29,1822.11,155.0,144.0,0.4524,0.4524,0.23,continue,0.0
eth_bybit_perp,zz150,SHORT,2026-06-03 22:37:55,2026-06-04 02:07:00,3.48,1822.11,1744.88,423.8,412.8,0.4182,0.4182,0.2736,reversal,0.2489
eth_bybit_perp,zz150,LONG,2026-06-04 02:07:00,2026-06-04 05:06:58,3.0,1744.88,1789.9,258.0,247.0,0.2782,0.2782,0.09,continue,0.0
eth_bybit_perp,zz150,SHORT,2026-06-04 05:06:58,2026-06-04 12:04:02,6.95,1789.9,1755.66,191.3,180.3,0.3412,0.3412,0.2471,reversal,0.2252
eth_bybit_perp,zz150,LONG,2026-06-04 12:04:02,2026-06-04 13:25:09,1.35,1755.66,1754.76,-5.1,-16.1,0.2411,0.2411,0.0102,continue,0.0
eth_bybit_perp,zz150,SHORT,2026-06-04 13:25:09,2026-06-04 13:33:45,0.14,1754.76,1781.16,-150.4,-161.4,0.4604,0.4604,0.904,continue,0.0
eth_bybit_perp,zz150,LONG,2026-06-04 13:33:45,2026-06-04 14:48:45,1.25,1781.16,1766.62,-81.6,-92.6,0.3568,0.3568,0.2828,weakening,0.0
eth_bybit_perp,zz150,SHORT,2026-06-04 14:48:45,2026-06-04 18:30:29,3.7,1766.62,1780.24,-77.1,-88.1,0.7078,0.7078,0.237,continue,0.0
eth_bybit_perp,zz150,LONG,2026-06-04 18:30:29,2026-06-04 21:41:08,3.18,1780.24,1759.01,-119.3,-130.3,0.4961,0.4961,0.363,continue,0.0
eth_bybit_perp,zz150,SHORT,2026-06-04 21:41:08,2026-06-05 04:59:05,7.3,1759.01,1743.5,88.2,77.2,0.5173,0.5173,0.1766,continue,0.0
eth_bybit_perp,zz150,LONG,2026-06-05 04:59:05,2026-06-05 05:35:59,0.61,1743.5,1720.56,-131.6,-142.6,0.7009,0.7009,0.2726,continue,0.0
eth_bybit_perp,zz150,SHORT,2026-06-05 05:35:59,2026-06-05 06:27:41,0.86,1720.56,1647.96,422.0,411.0,0.0081,0.0081,0.0012,continue,0.0
eth_bybit_perp,zz150,LONG,2026-06-05 06:27:41,2026-06-05 07:02:15,0.58,1647.96,1642.65,-32.2,-43.2,0.325,0.325,0.1766,continue,0.0
eth_bybit_perp,zz150,SHORT,2026-06-05 07:02:15,2026-06-05 07:27:15,0.42,1642.65,1659.5,-102.6,-113.6,0.3306,0.3306,0.1187,continue,0.0
eth_bybit_perp,zz150,LONG,2026-06-05 07:27:15,2026-06-05 11:55:18,4.47,1659.5,1663.17,22.1,11.1,0.2658,0.2658,0.1643,weakening,0.0
eth_bybit_perp,zz150,SHORT,2026-06-05 11:55:18,2026-06-05 13:05:31,1.17,1663.17,1669.65,-39.0,-50.0,0.2359,0.2359,0.1812,weakening,0.0
eth_bybit_perp,zz150,LONG,2026-06-05 13:05:31,2026-06-05 13:44:35,0.65,1669.65,1651.71,-107.4,-118.4,0.2275,0.2275,0.0719,continue,0.0
eth_bybit_perp,zz150,SHORT,2026-06-05 13:44:35,2026-06-05 14:09:17,0.41,1651.71,1615.43,219.7,208.7,0.2685,0.2685,0.1747,reversal,0.1504
eth_bybit_perp,zz150,LONG,2026-06-05 14:09:17,2026-06-05 14:26:14,0.28,1615.43,1596.73,-115.8,-126.8,0.542,0.542,0.0716,continue,0.0
eth_bybit_perp,zz150,SHORT,2026-06-05 14:26:14,2026-06-05 14:36:35,0.17,1596.73,1619.3,-141.4,-152.4,0.1921,0.1921,0.004,flip_risk,0.0243
eth_bybit_perp,zz150,LONG,2026-06-05 14:36:35,2026-06-05 14:55:16,0.31,1619.3,1597.82,-132.6,-143.6,0.2838,0.2838,0.1008,continue,0.0
eth_bybit_perp,zz150,SHORT,2026-06-05 14:55:16,2026-06-05 15:26:21,0.52,1597.82,1602.56,-29.7,-40.7,0.2508,0.2508,0.0898,continue,0.0
eth_bybit_perp,zz150,LONG,2026-06-05 15:26:21,2026-06-05 15:37:36,0.19,1602.56,1579.28,-145.3,-156.3,0.1158,-0.1158,0.0513,continue,0.0
eth_bybit_perp,zz150,SHORT,2026-06-05 15:37:36,2026-06-05 16:13:21,0.6,1579.28,1570.16,57.7,46.7,0.4214,0.4214,0.0443,weakening,0.0
eth_bybit_perp,zz150,LONG,2026-06-05 16:13:21,2026-06-05 16:34:04,0.35,1570.16,1582.56,79.0,68.0,0.0766,0.0766,0.008,continue,0.0
eth_bybit_perp,zz150,SHORT,2026-06-05 16:34:04,2026-06-05 16:51:32,0.29,1582.56,1602.3,-124.7,-135.7,0.2719,0.2719,0.0272,continue,0.0
eth_bybit_perp,zz150,LONG,2026-06-05 16:51:32,2026-06-05 17:17:41,0.44,1602.3,1587.72,-91.0,-102.0,0.1339,0.1339,0.1525,weakening,0.0
eth_bybit_perp,zz150,SHORT,2026-06-05 17:17:41,2026-06-05 19:46:40,2.48,1587.72,1567.27,128.8,117.8,0.2948,-0.2948,0.3017,weakening,0.0
eth_bybit_perp,zz150,LONG,2026-06-05 19:46:40,2026-06-05 22:05:42,2.32,1567.27,1594.71,175.1,164.1,0.1381,0.1381,0.1557,continue,0.0
eth_bybit_perp,zz150,SHORT,2026-06-05 22:05:42,2026-06-06 00:00:16,1.91,1594.71,1584.21,65.8,54.8,0.6649,0.6649,0.0734,continue,0.0
eth_bybit_perp,zz150,LONG,2026-06-06 00:00:16,2026-06-06 02:06:45,2.11,1584.21,1575.94,-52.2,-63.2,0.2738,-0.2738,0.0571,continue,0.0
eth_bybit_perp,zz150,SHORT,2026-06-06 02:06:45,2026-06-06 05:10:33,3.06,1575.94,1526.98,310.7,299.7,0.4588,0.4588,0.0955,continue,0.0
eth_bybit_perp,zz150,LONG,2026-06-06 05:10:33,2026-06-06 06:51:23,1.68,1526.98,1556.6,194.0,183.0,0.1013,0.1013,0.0231,continue,0.0
eth_bybit_perp,zz150,SHORT,2026-06-06 06:51:23,2026-06-06 07:15:15,0.4,1556.6,1579.3,-145.8,-156.8,0.2729,0.2729,0.0896,continue,0.0
eth_bybit_perp,zz150,LONG,2026-06-06 07:15:15,2026-06-06 09:48:49,2.56,1579.3,1567.91,-72.1,-83.1,0.532,0.532,0.0886,continue,0.0
eth_bybit_perp,zz150,SHORT,2026-06-06 09:48:49,2026-06-06 11:17:35,1.48,1567.91,1557.67,65.3,54.3,0.3575,0.3575,0.241,continue,0.0
eth_bybit_perp,zz150,LONG,2026-06-06 11:17:35,2026-06-06 15:05:45,3.8,1557.67,1550.59,-45.5,-56.5,0.3533,0.3533,0.0041,continue,0.0
eth_bybit_perp,zz150,SHORT,2026-06-06 15:05:45,2026-06-06 23:41:14,8.59,1550.59,1567.25,-107.4,-118.4,0.1342,0.1342,0.0866,continue,0.0
eth_bybit_perp,zz150,LONG,2026-06-06 23:41:14,2026-06-07 11:07:07,11.43,1567.25,1622.24,350.9,339.9,0.4248,0.4248,0.0581,continue,0.0
eth_bybit_perp,zz150,SHORT,2026-06-07 11:07:07,2026-06-07 14:23:07,3.27,1622.24,1630.26,-49.4,-60.4,0.6849,0.6849,0.8459,continue,0.0
eth_bybit_perp,zz150,LONG,2026-06-07 14:23:07,2026-06-07 19:08:45,4.76,1630.26,1614.0,-99.7,-110.7,0.2453,0.2453,0.0922,continue,0.0
eth_bybit_perp,zz150,SHORT,2026-06-07 19:08:45,2026-06-07 20:21:30,1.21,1614.0,1626.68,-78.6,-89.6,0.189,0.189,0.2601,weakening,0.0
eth_bybit_perp,zz150,LONG,2026-06-07 20:21:30,2026-06-07 22:15:52,1.91,1626.68,1691.61,399.2,388.2,0.5769,0.5769,0.5005,continue,0.0
eth_bybit_perp,zz150,SHORT,2026-06-07 22:15:52,2026-06-08 00:26:15,2.17,1691.61,1694.02,-14.2,-25.2,0.0857,0.0857,0.0012,continue,0.0
eth_bybit_perp,zz150,LONG,2026-06-08 00:26:15,2026-06-08 01:14:26,0.8,1694.02,1685.03,-53.1,-64.1,0.0717,0.0717,0.2153,flip_risk,0.0165
eth_bybit_perp,zz150,SHORT,2026-06-08 01:14:26,2026-06-08 06:19:22,5.08,1685.03,1668.63,97.3,86.3,0.586,0.586,0.2357,continue,0.0
eth_bybit_perp,zz150,LONG,2026-06-08 06:19:22,2026-06-08 12:04:56,5.76,1668.63,1670.74,12.6,1.6,0.6075,0.6075,0.0926,reversal,0.1699
eth_bybit_perp,zz150,SHORT,2026-06-08 12:04:56,2026-06-08 12:43:33,0.64,1670.74,1694.12,-139.9,-150.9,0.3066,0.3066,0.006,continue,0.0
eth_bybit_perp,zz150,LONG,2026-06-08 12:43:33,2026-06-08 17:00:46,4.29,1694.12,1679.73,-84.9,-95.9,0.4147,0.4147,0.0386,continue,0.0
eth_bybit_perp,zz150,SHORT,2026-06-08 17:00:46,2026-06-08 21:07:18,4.11,1679.73,1700.14,-121.5,-132.5,0.3038,0.3038,0.0715,weakening,0.0
eth_bybit_perp,zz150,LONG,2026-06-08 21:07:18,2026-06-08 22:18:48,1.19,1700.14,1687.4,-74.9,-85.9,0.235,0.235,0.2238,continue,0.0
eth_bybit_perp,zz150,SHORT,2026-06-08 22:18:48,2026-06-08 23:09:17,0.84,1687.4,1712.77,-150.3,-161.3,0.5074,0.5074,0.3946,reversal,0.2151
eth_bybit_perp,zz150,LONG,2026-06-08 23:09:17,2026-06-08 23:52:58,0.73,1712.77,1687.57,-147.1,-158.1,0.7683,0.7683,0.9004,continue,0.0
eth_bybit_perp,zz150,SHORT,2026-06-08 23:52:58,2026-06-09 04:34:16,4.69,1687.57,1679.05,50.5,39.5,0.2306,0.2306,0.0654,weakening,0.0
eth_bybit_perp,zz150,LONG,2026-06-09 04:34:16,2026-06-09 08:06:11,3.53,1679.05,1670.39,-51.6,-62.6,0.6594,0.6594,0.0906,continue,0.0
eth_bybit_perp,zz150,SHORT,2026-06-09 08:06:11,2026-06-09 17:03:12,8.95,1670.39,1637.77,195.3,184.3,0.3423,0.3423,0.0208,continue,0.0
eth_bybit_perp,zz150,LONG,2026-06-09 17:03:12,2026-06-09 23:01:39,5.97,1637.77,1637.57,-1.2,-12.2,0.395,0.395,0.0109,continue,0.0
eth_bybit_perp,zz150,SHORT,2026-06-09 23:01:39,2026-06-10 07:34:46,8.55,1637.57,1641.36,-23.1,-34.1,0.7871,0.7871,0.2465,continue,0.0
eth_bybit_perp,zz150,LONG,2026-06-10 07:34:46,2026-06-10 08:46:07,1.19,1641.36,1618.17,-141.3,-152.3,0.7588,0.7588,0.0132,continue,0.0
eth_bybit_perp,zz150,SHORT,2026-06-10 08:46:07,2026-06-10 12:30:05,3.73,1618.17,1630.48,-76.1,-87.1,0.4126,0.4126,0.3003,continue,0.0
eth_bybit_perp,zz150,LONG,2026-06-10 12:30:05,2026-06-10 14:21:01,1.85,1630.48,1641.69,68.8,57.8,0.5426,0.5426,0.0102,continue,0.0
eth_bybit_perp,zz150,SHORT,2026-06-10 14:21:01,2026-06-10 15:54:21,1.56,1641.69,1659.92,-111.0,-122.0,0.1112,0.1112,0.1578,weakening,0.0
eth_bybit_perp,zz150,LONG,2026-06-10 15:54:21,2026-06-10 16:46:42,0.87,1659.92,1638.59,-128.5,-139.5,0.2905,0.2905,0.3153,weakening,0.0
eth_bybit_perp,zz150,SHORT,2026-06-10 16:46:42,2026-06-11 00:15:42,7.48,1638.59,1627.0,70.7,59.7,0.2081,0.2081,0.0583,flip_risk,0.0045
eth_bybit_perp,zz150,LONG,2026-06-11 00:15:42,2026-06-11 12:22:43,12.12,1627.0,1647.51,126.1,115.1,0.178,0.178,0.0318,weakening,0.0
eth_bybit_perp,zz150,SHORT,2026-06-11 12:22:43,2026-06-11 17:30:12,5.12,1647.51,1656.55,-54.9,-65.9,0.533,0.533,0.1409,continue,0.0
eth_bybit_perp,zz150,LONG,2026-06-11 17:30:12,2026-06-11 20:42:06,3.2,1656.55,1667.03,63.3,52.3,0.7448,0.7448,0.0192,continue,0.0
eth_bybit_perp,zz150,SHORT,2026-06-11 20:42:06,2026-06-12 08:21:27,11.66,1667.03,1675.9,-53.2,-64.2,0.276,0.276,0.0452,continue,0.0
eth_bybit_perp,zz150,LONG,2026-06-12 08:21:27,2026-06-12 13:34:00,5.21,1675.9,1659.14,-100.0,-111.0,0.0748,0.0748,0.0222,weakening,0.0
eth_bybit_perp,zz150,SHORT,2026-06-12 13:34:00,2026-06-12 14:52:49,1.31,1659.14,1678.08,-114.2,-125.2,0.7522,0.7522,0.5713,weakening,0.0
eth_bybit_perp,zz150,LONG,2026-06-12 14:52:49,2026-06-12 15:48:07,0.92,1678.08,1665.27,-76.3,-87.3,0.2425,0.2425,0.2408,continue,0.0
eth_bybit_perp,zz150,SHORT,2026-06-12 15:48:07,2026-06-13 12:56:54,21.15,1665.27,1681.39,-96.8,-107.8,0.3379,0.3379,0.0523,continue,0.0
eth_bybit_perp,zz150,LONG,2026-06-13 12:56:54,2026-06-14 09:18:10,20.35,1681.39,1670.91,-62.3,-73.3,0.331,0.331,0.2568,continue,0.0
eth_bybit_perp,zz150,SHORT,2026-06-14 09:18:10,2026-06-14 21:15:49,11.96,1670.91,1680.17,-55.4,-66.4,0.7181,0.7181,0.1255,continue,0.0
eth_bybit_perp,zz150,LONG,2026-06-14 21:15:49,2026-06-15 19:18:49,22.05,1680.17,1819.42,828.8,817.8,0.1787,-0.1787,0.2864,weakening,0.0
eth_bybit_perp,zz150,SHORT,2026-06-15 19:18:49,2026-06-16 08:17:40,12.98,1819.42,1784.16,193.8,182.8,0.3712,0.3712,0.0528,continue,0.0
eth_bybit_perp,zz150,LONG,2026-06-16 08:17:40,2026-06-16 12:49:51,4.54,1784.16,1811.0,150.4,139.4,0.1726,0.1726,0.11,continue,0.0
eth_bybit_perp,zz150,SHORT,2026-06-16 12:49:51,2026-06-16 17:47:31,4.96,1811.0,1789.24,120.2,109.2,0.074,0.074,0.0051,weakening,0.0
eth_bybit_perp,zz150,LONG,2026-06-16 17:47:31,2026-06-17 01:22:20,7.58,1789.24,1780.29,-50.0,-61.0,0.3433,0.3433,0.064,continue,0.0
eth_bybit_perp,zz150,SHORT,2026-06-17 01:22:20,2026-06-17 02:23:37,1.02,1780.29,1805.7,-142.7,-153.7,0.016,0.016,0.0283,continue,0.0
eth_bybit_perp,zz150,LONG,2026-06-17 02:23:37,2026-06-17 07:53:38,5.5,1805.7,1781.47,-134.2,-145.2,0.6068,0.6068,0.0446,continue,0.0
eth_bybit_perp,zz150,SHORT,2026-06-17 07:53:38,2026-06-17 13:37:46,5.74,1781.47,1768.81,71.1,60.1,0.3924,0.3924,0.0499,weakening,0.0
eth_bybit_perp,zz150,LONG,2026-06-17 13:37:46,2026-06-17 14:47:30,1.16,1768.81,1744.0,-140.3,-151.3,0.1788,0.1788,0.1009,weakening,0.0
eth_bybit_perp,zz150,SHORT,2026-06-17 14:47:30,2026-06-17 15:38:31,0.85,1744.0,1766.84,-131.0,-142.0,0.5701,0.5701,0.1467,continue,0.0
eth_bybit_perp,zz150,LONG,2026-06-17 15:38:31,2026-06-17 18:00:36,2.37,1766.84,1768.4,8.8,-2.2,0.4542,0.4542,0.1133,weakening,0.0
eth_bybit_perp,zz150,SHORT,2026-06-17 18:00:36,2026-06-17 18:21:43,0.35,1768.4,1771.23,-16.0,-27.0,0.4406,0.4406,0.014,continue,0.0
eth_bybit_perp,zz150,LONG,2026-06-17 18:21:43,2026-06-17 19:18:16,0.94,1771.23,1757.79,-75.9,-86.9,0.5087,0.5087,0.013,weakening,0.0
eth_bybit_perp,zz150,SHORT,2026-06-17 19:18:16,2026-06-18 00:01:53,4.73,1757.79,1751.34,36.7,25.7,0.2131,0.2131,0.0581,continue,0.0
eth_bybit_perp,zz150,LONG,2026-06-18 00:01:53,2026-06-18 04:08:32,4.11,1751.34,1735.73,-89.1,-100.1,0.6403,0.6403,0.0569,continue,0.0
eth_bybit_perp,zz150,SHORT,2026-06-18 04:08:32,2026-06-18 07:36:09,3.46,1735.73,1747.06,-65.3,-76.3,0.8863,0.8863,0.0051,continue,0.0
eth_bybit_perp,zz150,LONG,2026-06-18 07:36:09,2026-06-18 15:17:41,7.69,1747.06,1726.22,-119.3,-130.3,0.0042,-0.0042,0.3834,weakening,0.0
eth_bybit_perp,zz150,SHORT,2026-06-18 15:17:41,2026-06-18 19:39:22,4.36,1726.22,1695.89,175.7,164.7,0.6598,0.6598,0.0241,reversal,0.1545
eth_bybit_perp,zz150,LONG,2026-06-18 19:39:22,2026-06-19 03:15:12,7.6,1695.89,1684.49,-67.2,-78.2,0.2942,0.2942,0.3783,continue,0.0
eth_bybit_perp,zz150,SHORT,2026-06-19 03:15:12,2026-06-19 13:45:25,10.5,1684.49,1703.57,-113.3,-124.3,0.3878,0.3878,0.4268,continue,0.0
eth_bybit_perp,zz150,LONG,2026-06-19 13:45:25,2026-06-20 17:35:20,27.83,1703.57,1722.66,112.1,101.1,0.0517,0.0517,0.1204,reversal,0.2666
eth_bybit_perp,zz150,SHORT,2026-06-20 17:35:20,2026-06-22 00:37:34,31.04,1722.66,1726.18,-20.4,-31.4,0.201,0.201,0.0611,continue,0.0
eth_bybit_perp,zz150,LONG,2026-06-22 00:37:34,2026-06-22 03:01:10,2.39,1726.18,1732.39,36.0,25.0,0.6481,0.6481,0.1501,weakening,0.0
eth_bybit_perp,zz150,SHORT,2026-06-22 03:01:10,2026-06-22 08:15:53,5.25,1732.39,1751.63,-111.1,-122.1,0.0199,0.0199,0.1318,continue,0.0
eth_bybit_perp,zz150,LONG,2026-06-22 08:15:53,2026-06-22 14:30:48,6.25,1751.63,1752.03,2.3,-8.7,0.5992,0.5992,0.269,continue,0.0
eth_bybit_perp,zz150,SHORT,2026-06-22 14:30:48,2026-06-23 11:20:58,20.84,1752.03,1660.56,522.1,511.1,0.2243,0.2243,0.3231,continue,0.0
eth_bybit_perp,zz150,LONG,2026-06-23 11:20:58,2026-06-24 13:04:06,25.72,1660.56,1664.54,24.0,13.0,0.24,0.24,0.1526,weakening,0.0
eth_bybit_perp,zz150,SHORT,2026-06-24 13:04:06,2026-06-24 18:21:03,5.28,1664.54,1575.08,537.4,526.4,0.549,0.549,0.0612,continue,0.0
eth_bybit_perp,zz150,LONG,2026-06-24 18:21:03,2026-06-25 10:45:40,16.41,1575.08,1634.1,374.7,363.7,0.3719,0.3719,0.0175,continue,0.0
eth_bybit_perp,zz150,SHORT,2026-06-25 10:45:40,2026-06-25 12:30:28,1.75,1634.1,1648.68,-89.2,-100.2,0.5805,0.5805,0.1339,continue,0.0
eth_bybit_perp,zz150,LONG,2026-06-25 12:30:28,2026-06-25 13:31:45,1.02,1648.68,1623.81,-150.8,-161.8,0.311,0.311,0.1141,weakening,0.0
eth_bybit_perp,zz150,SHORT,2026-06-25 13:31:45,2026-06-25 14:02:11,0.51,1623.81,1555.0,423.8,412.8,0.3029,0.3029,0.1169,continue,0.0
eth_bybit_perp,zz150,LONG,2026-06-25 14:02:11,2026-06-25 14:16:54,0.25,1555.0,1550.28,-30.4,-41.4,0.2761,0.2761,0.2583,weakening,0.0
eth_bybit_perp,zz150,SHORT,2026-06-25 14:16:54,2026-06-25 14:33:07,0.27,1550.28,1574.05,-153.3,-164.3,0.5818,0.5818,0.0005,continue,0.0
eth_bybit_perp,zz150,LONG,2026-06-25 14:33:07,2026-06-25 14:38:38,0.09,1574.05,1567.7,-40.3,-51.3,0.4153,0.4153,0.0416,flip_risk,0.0367
eth_bybit_perp,zz150,SHORT,2026-06-25 14:38:38,2026-06-25 15:56:17,1.29,1567.7,1567.15,3.5,-7.5,0.5727,0.5727,0.0222,continue,0.0
eth_bybit_perp,zz150,LONG,2026-06-25 15:56:17,2026-06-25 16:38:22,0.7,1567.15,1563.1,-25.8,-36.8,0.6559,0.6559,0.0677,continue,0.0
eth_bybit_perp,zz150,SHORT,2026-06-25 16:38:22,2026-06-25 21:53:40,5.25,1563.1,1578.01,-95.4,-106.4,0.2869,0.2869,0.1271,continue,0.0
eth_bybit_perp,zz150,LONG,2026-06-25 21:53:40,2026-06-26 01:06:20,3.21,1578.01,1558.84,-121.5,-132.5,0.4706,0.4706,0.0034,continue,0.0
eth_bybit_perp,zz150,SHORT,2026-06-26 01:06:20,2026-06-26 03:16:46,2.17,1558.84,1533.75,161.0,150.0,0.3719,0.3719,0.2414,continue,0.0
eth_bybit_perp,zz150,LONG,2026-06-26 03:16:46,2026-06-26 09:03:46,5.78,1533.75,1561.21,179.0,168.0,0.2945,0.2945,0.0615,continue,0.0
eth_bybit_perp,zz150,SHORT,2026-06-26 09:03:46,2026-06-26 13:35:35,4.53,1561.21,1543.56,113.1,102.1,0.3942,0.3942,0.1179,continue,0.0
eth_bybit_perp,zz150,LONG,2026-06-26 13:35:35,2026-06-26 20:33:05,6.96,1543.56,1569.55,168.4,157.4,0.2629,0.2629,0.0397,continue,0.0
eth_bybit_perp,zz150,SHORT,2026-06-26 20:33:05,2026-06-27 13:38:37,17.09,1569.55,1590.81,-135.5,-146.5,0.4872,0.4872,0.3465,flip_risk,0.0118
eth_bybit_perp,zz150,LONG,2026-06-27 13:38:37,2026-06-27 19:24:59,5.77,1590.81,1585.7,-32.1,-43.1,0.7312,0.7312,0.0439,continue,0.0
eth_bybit_perp,zz150,SHORT,2026-06-27 19:24:59,2026-06-28 12:30:36,17.09,1585.7,1587.29,-10.0,-21.0,0.7511,0.7511,0.0138,continue,0.0
eth_bybit_perp,zz150,LONG,2026-06-28 12:30:36,2026-06-28 17:36:36,5.1,1587.29,1563.11,-152.3,-163.3,0.3463,0.3463,0.0128,continue,0.0
eth_bybit_perp,zz150,SHORT,2026-06-28 17:36:36,2026-06-28 22:03:10,4.44,1563.11,1580.6,-111.9,-122.9,0.3938,0.3938,0.2381,weakening,0.0
eth_bybit_perp,zz150,LONG,2026-06-28 22:03:10,2026-06-28 22:52:03,0.81,1580.6,1557.0,-149.3,-160.3,0.3238,0.3238,0.0954,continue,0.0
eth_bybit_perp,zz150,SHORT,2026-06-28 22:52:03,2026-06-28 23:30:31,0.64,1557.0,1571.03,-90.1,-101.1,0.5429,0.5429,0.2589,continue,0.0
eth_bybit_perp,zz150,LONG,2026-06-28 23:30:31,2026-06-29 00:31:28,1.02,1571.03,1555.91,-96.2,-107.2,0.4454,0.4454,0.2765,continue,0.0
eth_bybit_perp,zz150,SHORT,2026-06-29 00:31:28,2026-06-29 02:27:38,1.94,1555.91,1573.4,-112.4,-123.4,0.6086,0.6086,0.0281,continue,0.0
eth_bybit_perp,zz150,LONG,2026-06-29 02:27:38,2026-06-29 05:05:20,2.63,1573.4,1563.85,-60.7,-71.7,0.3893,0.3893,0.3504,weakening,0.0
eth_bybit_perp,zz150,SHORT,2026-06-29 05:05:20,2026-06-29 06:00:59,0.93,1563.85,1584.8,-134.0,-145.0,0.4374,0.4374,0.0782,reversal,0.1591
eth_bybit_perp,zz150,LONG,2026-06-29 06:00:59,2026-06-29 12:39:29,6.64,1584.8,1572.14,-79.9,-90.9,0.4904,0.4904,0.0073,weakening,0.0
eth_bybit_perp,zz150,SHORT,2026-06-29 12:39:29,2026-06-29 15:36:35,2.95,1572.14,1580.13,-50.8,-61.8,0.2007,0.2007,0.1138,continue,0.0
eth_bybit_perp,zz150,LONG,2026-06-29 15:36:35,2026-06-29 21:04:36,5.47,1580.13,1611.36,197.6,186.6,0.0067,0.0067,0.2368,reversal,0.1541
eth_bybit_perp,zz150,SHORT,2026-06-29 21:04:36,2026-06-30 14:01:55,16.96,1611.36,1573.4,235.6,224.6,0.5329,0.5329,0.7739,continue,0.0
eth_bybit_perp,zz150,LONG,2026-06-30 14:01:55,2026-07-01 01:12:45,11.18,1573.4,1556.68,-106.3,-117.3,0.6423,0.6423,0.6265,continue,0.0
eth_bybit_perp,zz150,SHORT,2026-07-01 01:12:45,2026-07-01 01:38:44,0.43,1556.68,1575.44,-120.5,-131.5,0.4918,0.4918,0.1566,continue,0.0
eth_bybit_perp,zz150,LONG,2026-07-01 01:38:44,2026-07-01 06:22:12,4.72,1575.44,1578.82,21.5,10.5,0.5317,0.5317,0.0506,continue,0.0
eth_bybit_perp,zz150,SHORT,2026-07-01 06:22:12,2026-07-01 13:47:04,7.41,1578.82,1588.62,-62.1,-73.1,0.723,0.723,0.027,continue,0.0
eth_bybit_perp,zz150,LONG,2026-07-01 13:47:04,2026-07-01 14:46:32,0.99,1588.62,1591.27,16.7,5.7,0.7269,0.7269,0.041,continue,0.0
eth_bybit_perp,zz150,SHORT,2026-07-01 14:46:32,2026-07-01 15:06:52,0.34,1591.27,1614.75,-147.6,-158.6,0.1586,-0.1586,0.1681,weakening,0.0
eth_bybit_perp,zz150,LONG,2026-07-01 15:06:52,2026-07-01 22:51:01,7.74,1614.75,1619.77,31.1,20.1,0.3702,0.3702,0.2603,reversal,0.1656
eth_bybit_perp,zz150,SHORT,2026-07-01 22:51:01,2026-07-02 01:40:23,2.82,1619.77,1620.3,-3.3,-14.3,0.4416,0.4416,0.0226,continue,0.0
eth_bybit_perp,zz150,LONG,2026-07-02 01:40:23,2026-07-02 06:50:13,5.16,1620.3,1617.01,-20.3,-31.3,0.5582,0.5582,0.0591,continue,0.0
eth_bybit_perp,zz150,SHORT,2026-07-02 06:50:13,2026-07-02 09:36:34,2.77,1617.01,1638.67,-134.0,-145.0,0.0598,-0.0598,0.0671,weakening,0.0
eth_bybit_perp,zz150,LONG,2026-07-02 09:36:34,2026-07-02 14:27:31,4.85,1638.67,1697.67,360.0,349.0,0.4037,0.4037,0.2833,weakening,0.0
eth_bybit_perp,zz100,LONG,2026-06-03 00:18:19,2026-06-03 01:37:14,1.32,1873.37,1854.46,-100.9,-111.9,0.161,0.161,0.0829,continue,0.0
eth_bybit_perp,zz100,SHORT,2026-06-03 01:37:14,2026-06-03 04:02:00,2.41,1854.46,1834.2,109.3,98.3,0.4766,0.4766,0.0134,continue,0.0
eth_bybit_perp,zz100,LONG,2026-06-03 04:02:00,2026-06-03 12:13:40,8.19,1834.2,1873.0,211.5,200.5,0.0797,0.0797,0.056,weakening,0.0
eth_bybit_perp,zz100,SHORT,2026-06-03 12:13:40,2026-06-03 16:45:02,4.52,1873.0,1828.52,237.5,226.5,0.3822,0.3822,0.0012,continue,0.0
eth_bybit_perp,zz100,LONG,2026-06-03 16:45:02,2026-06-03 19:21:25,2.61,1828.52,1819.77,-47.9,-58.9,0.068,0.068,0.1247,weakening,0.0
eth_bybit_perp,zz100,SHORT,2026-06-03 19:21:25,2026-06-03 20:12:23,0.85,1819.77,1810.61,50.3,39.3,0.1903,-0.1903,0.0975,weakening,0.0
eth_bybit_perp,zz100,LONG,2026-06-03 20:12:23,2026-06-03 20:43:38,0.52,1810.61,1793.79,-92.9,-103.9,0.5291,0.5291,0.2974,continue,0.0
eth_bybit_perp,zz100,SHORT,2026-06-03 20:43:38,2026-06-03 21:02:14,0.31,1793.79,1785.7,45.1,34.1,0.2467,0.2467,0.0432,continue,0.0
eth_bybit_perp,zz100,LONG,2026-06-03 21:02:14,2026-06-03 22:15:33,1.22,1785.7,1831.58,256.9,245.9,0.4524,0.4524,0.23,continue,0.0
eth_bybit_perp,zz100,SHORT,2026-06-03 22:15:33,2026-06-04 00:34:48,2.32,1831.58,1800.63,169.0,158.0,0.4182,0.4182,0.2736,reversal,0.2489
eth_bybit_perp,zz100,LONG,2026-06-04 00:34:48,2026-06-04 00:38:43,0.07,1800.63,1785.43,-84.4,-95.4,0.309,0.309,0.0328,continue,0.0
eth_bybit_perp,zz100,SHORT,2026-06-04 00:38:43,2026-06-04 00:44:39,0.1,1785.43,1799.67,-79.8,-90.8,0.0963,0.0963,0.1195,weakening,0.0
eth_bybit_perp,zz100,LONG,2026-06-04 00:44:39,2026-06-04 01:15:54,0.52,1799.67,1782.98,-92.7,-103.7,0.1857,0.1857,0.0076,continue,0.0
eth_bybit_perp,zz100,SHORT,2026-06-04 01:15:54,2026-06-04 01:35:09,0.32,1782.98,1783.51,-3.0,-14.0,0.3838,0.3838,0.0154,flip_risk,0.0098
eth_bybit_perp,zz100,LONG,2026-06-04 01:35:09,2026-06-04 01:50:01,0.25,1783.51,1771.0,-70.1,-81.1,0.6031,0.6031,0.0367,continue,0.0
eth_bybit_perp,zz100,SHORT,2026-06-04 01:50:01,2026-06-04 02:05:34,0.26,1771.0,1734.8,204.4,193.4,0.5768,0.5768,0.0929,weakening,0.0
eth_bybit_perp,zz100,LONG,2026-06-04 02:05:34,2026-06-04 05:01:45,2.94,1734.8,1798.47,367.0,356.0,0.2782,0.2782,0.09,continue,0.0
eth_bybit_perp,zz100,SHORT,2026-06-04 05:01:45,2026-06-04 06:18:40,1.28,1798.47,1797.55,5.1,-5.9,0.3412,0.3412,0.2471,reversal,0.2252
eth_bybit_perp,zz100,LONG,2026-06-04 06:18:40,2026-06-04 07:04:39,0.77,1797.55,1782.2,-85.4,-96.4,0.499,0.499,0.0375,weakening,0.0
eth_bybit_perp,zz100,SHORT,2026-06-04 07:04:39,2026-06-04 09:46:21,2.69,1782.2,1761.39,116.8,105.8,0.5926,0.5926,0.0561,continue,0.0
eth_bybit_perp,zz100,LONG,2026-06-04 09:46:21,2026-06-04 10:46:27,1.0,1761.39,1747.68,-77.8,-88.8,0.1572,0.1572,0.0194,continue,0.0
eth_bybit_perp,zz100,SHORT,2026-06-04 10:46:27,2026-06-04 11:21:22,0.58,1747.68,1746.95,4.2,-6.8,0.3804,0.3804,0.015,continue,0.0
eth_bybit_perp,zz100,LONG,2026-06-04 11:21:22,2026-06-04 13:19:41,1.97,1746.95,1763.65,95.6,84.6,0.2411,0.2411,0.0102,continue,0.0
eth_bybit_perp,zz100,SHORT,2026-06-04 13:19:41,2026-06-04 13:31:06,0.19,1763.65,1772.63,-50.9,-61.9,0.4604,0.4604,0.904,continue,0.0
eth_bybit_perp,zz100,LONG,2026-06-04 13:31:06,2026-06-04 14:31:04,1.0,1772.63,1775.5,16.2,5.2,0.3568,0.3568,0.2828,weakening,0.0
eth_bybit_perp,zz100,SHORT,2026-06-04 14:31:04,2026-06-04 15:06:27,0.59,1775.5,1783.29,-43.9,-54.9,0.7078,0.7078,0.237,continue,0.0
eth_bybit_perp,zz100,LONG,2026-06-04 15:06:27,2026-06-04 15:46:16,0.66,1783.29,1772.7,-59.4,-70.4,0.421,0.421,0.0415,continue,0.0
eth_bybit_perp,zz100,SHORT,2026-06-04 15:46:16,2026-06-04 17:52:23,2.1,1772.7,1771.38,7.4,-3.6,0.3586,-0.3586,0.2126,weakening,0.0
eth_bybit_perp,zz100,LONG,2026-06-04 17:52:23,2026-06-04 20:05:35,2.22,1771.38,1768.02,-19.0,-30.0,0.4961,0.4961,0.363,continue,0.0
eth_bybit_perp,zz100,SHORT,2026-06-04 20:05:35,2026-06-04 21:09:40,1.07,1768.02,1781.2,-74.5,-85.5,0.5173,0.5173,0.1766,continue,0.0
eth_bybit_perp,zz100,LONG,2026-06-04 21:09:40,2026-06-04 21:36:29,0.45,1781.2,1764.14,-95.8,-106.8,0.6758,0.6758,0.0164,continue,0.0
eth_bybit_perp,zz100,SHORT,2026-06-04 21:36:29,2026-06-04 22:57:37,1.35,1764.14,1769.26,-29.0,-40.0,0.4875,0.4875,0.0299,weakening,0.0
eth_bybit_perp,zz100,LONG,2026-06-04 22:57:37,2026-06-04 23:19:53,0.37,1769.26,1758.06,-63.3,-74.3,0.4432,0.4432,0.2443,continue,0.0
eth_bybit_perp,zz100,SHORT,2026-06-04 23:19:53,2026-06-05 00:32:11,1.21,1758.06,1774.04,-90.9,-101.9,0.7546,0.7546,1.0881,continue,0.0
eth_bybit_perp,zz100,LONG,2026-06-05 00:32:11,2026-06-05 01:01:01,0.48,1774.04,1755.78,-102.9,-113.9,0.3271,0.3271,0.1384,weakening,0.0
eth_bybit_perp,zz100,SHORT,2026-06-05 01:01:01,2026-06-05 01:30:30,0.49,1755.78,1763.09,-41.6,-52.6,0.3319,0.3319,0.3859,weakening,0.0
eth_bybit_perp,zz100,LONG,2026-06-05 01:30:30,2026-06-05 02:07:35,0.62,1763.09,1745.27,-101.1,-112.1,0.5604,0.5604,0.433,continue,0.0
eth_bybit_perp,zz100,SHORT,2026-06-05 02:07:35,2026-06-05 04:28:24,2.35,1745.27,1735.13,58.1,47.1,0.6306,0.6306,0.0592,continue,0.0
eth_bybit_perp,zz100,LONG,2026-06-05 04:28:24,2026-06-05 05:16:00,0.79,1735.13,1729.36,-33.3,-44.3,0.7009,0.7009,0.2726,continue,0.0
eth_bybit_perp,zz100,SHORT,2026-06-05 05:16:00,2026-06-05 06:05:42,0.83,1729.36,1682.92,268.5,257.5,0.0081,0.0081,0.0012,continue,0.0
eth_bybit_perp,zz100,LONG,2026-06-05 06:05:42,2026-06-05 06:14:30,0.15,1682.92,1671.25,-69.3,-80.3,0.0607,0.0607,0.0007,weakening,0.0
eth_bybit_perp,zz100,SHORT,2026-06-05 06:14:30,2026-06-05 06:24:58,0.17,1671.25,1639.3,191.2,180.2,0.3856,0.3856,0.0824,flip_risk,0.0794
eth_bybit_perp,zz100,LONG,2026-06-05 06:24:58,2026-06-05 07:01:32,0.61,1639.3,1650.73,69.7,58.7,0.325,0.325,0.1766,continue,0.0
eth_bybit_perp,zz100,SHORT,2026-06-05 07:01:32,2026-06-05 07:18:07,0.28,1650.73,1648.92,11.0,-0.0,0.3306,0.3306,0.1187,continue,0.0
eth_bybit_perp,zz100,LONG,2026-06-05 07:18:07,2026-06-05 08:52:17,1.57,1648.92,1661.88,78.6,67.6,0.2658,0.2658,0.1643,weakening,0.0
eth_bybit_perp,zz100,SHORT,2026-06-05 08:52:17,2026-06-05 09:13:13,0.35,1661.88,1675.87,-84.2,-95.2,0.4529,0.4529,0.1553,continue,0.0
eth_bybit_perp,zz100,LONG,2026-06-05 09:13:13,2026-06-05 10:10:24,0.95,1675.87,1671.39,-26.7,-37.7,0.5284,0.5284,0.0156,continue,0.0
eth_bybit_perp,zz100,SHORT,2026-06-05 10:10:24,2026-06-05 12:07:17,1.95,1671.39,1667.72,22.0,11.0,0.2359,0.2359,0.1812,weakening,0.0
eth_bybit_perp,zz100,LONG,2026-06-05 12:07:17,2026-06-05 12:31:13,0.4,1667.72,1653.48,-85.4,-96.4,0.4036,0.4036,0.1272,continue,0.0
eth_bybit_perp,zz100,SHORT,2026-06-05 12:31:13,2026-06-05 13:01:24,0.5,1653.48,1661.59,-49.0,-60.0,0.5961,0.5961,0.1725,flip_risk,0.0355
eth_bybit_perp,zz100,LONG,2026-06-05 13:01:24,2026-06-05 13:39:41,0.64,1661.59,1659.86,-10.4,-21.4,0.2275,0.2275,0.0719,continue,0.0
eth_bybit_perp,zz100,SHORT,2026-06-05 13:39:41,2026-06-05 14:07:12,0.46,1659.86,1607.67,314.4,303.4,0.2685,0.2685,0.1747,reversal,0.1504
eth_bybit_perp,zz100,LONG,2026-06-05 14:07:12,2026-06-05 14:11:27,0.07,1607.67,1603.3,-27.2,-38.2,0.542,0.542,0.0716,continue,0.0
eth_bybit_perp,zz100,SHORT,2026-06-05 14:11:27,2026-06-05 14:15:15,0.06,1603.3,1617.29,-87.3,-98.3,0.17,0.17,0.0281,flip_risk,0.0612
eth_bybit_perp,zz100,LONG,2026-06-05 14:15:15,2026-06-05 14:24:01,0.15,1617.29,1605.54,-72.7,-83.7,0.2772,0.2772,0.0099,weakening,0.0
eth_bybit_perp,zz100,SHORT,2026-06-05 14:24:01,2026-06-05 14:34:58,0.18,1605.54,1612.34,-42.4,-53.4,0.1921,0.1921,0.004,flip_risk,0.0243
eth_bybit_perp,zz100,LONG,2026-06-05 14:34:58,2026-06-05 14:44:24,0.16,1612.34,1605.72,-41.1,-52.1,0.2838,0.2838,0.1008,continue,0.0
eth_bybit_perp,zz100,SHORT,2026-06-05 14:44:24,2026-06-05 15:23:30,0.65,1605.72,1595.36,64.5,53.5,0.2508,0.2508,0.0898,continue,0.0
eth_bybit_perp,zz100,LONG,2026-06-05 15:23:30,2026-06-05 15:32:42,0.15,1595.36,1587.23,-51.0,-62.0,0.1158,-0.1158,0.0513,continue,0.0
eth_bybit_perp,zz100,SHORT,2026-06-05 15:32:42,2026-06-05 15:43:19,0.18,1587.23,1587.1,0.8,-10.2,0.4214,0.4214,0.0443,weakening,0.0
eth_bybit_perp,zz100,LONG,2026-06-05 15:43:19,2026-06-05 16:01:02,0.3,1587.1,1572.1,-94.5,-105.5,0.2667,0.2667,0.0664,continue,0.0
eth_bybit_perp,zz100,SHORT,2026-06-05 16:01:02,2026-06-05 16:12:39,0.19,1572.1,1562.23,62.8,51.8,0.5119,0.5119,0.0778,continue,0.0
eth_bybit_perp,zz100,LONG,2026-06-05 16:12:39,2026-06-05 16:17:40,0.08,1562.23,1582.11,127.3,116.3,0.0766,0.0766,0.008,continue,0.0
eth_bybit_perp,zz100,SHORT,2026-06-05 16:17:40,2026-06-05 16:18:28,0.01,1582.11,1599.64,-110.8,-121.8,0.1591,0.1591,0.1031,weakening,0.0
eth_bybit_perp,zz100,LONG,2026-06-05 16:18:28,2026-06-05 16:29:14,0.18,1599.64,1591.31,-52.1,-63.1,0.3294,0.3294,0.1058,reversal,0.1744
eth_bybit_perp,zz100,SHORT,2026-06-05 16:29:14,2026-06-05 16:49:04,0.33,1591.31,1594.25,-18.5,-29.5,0.2719,0.2719,0.0272,continue,0.0
eth_bybit_perp,zz100,LONG,2026-06-05 16:49:04,2026-06-05 17:11:58,0.38,1594.25,1595.99,10.9,-0.1,0.1339,0.1339,0.1525,weakening,0.0
eth_bybit_perp,zz100,SHORT,2026-06-05 17:11:58,2026-06-05 17:40:46,0.48,1595.99,1603.09,-44.5,-55.5,0.2948,-0.2948,0.3017,weakening,0.0
eth_bybit_perp,zz100,LONG,2026-06-05 17:40:46,2026-06-05 18:15:32,0.58,1603.09,1586.76,-101.9,-112.9,0.4128,0.4128,0.254,continue,0.0
eth_bybit_perp,zz100,SHORT,2026-06-05 18:15:32,2026-06-05 18:40:54,0.42,1586.76,1573.64,82.7,71.7,0.522,0.522,0.1104,continue,0.0
eth_bybit_perp,zz100,LONG,2026-06-05 18:40:54,2026-06-05 18:44:05,0.05,1573.64,1555.67,-114.2,-125.2,0.3018,0.3018,0.1326,weakening,0.0
eth_bybit_perp,zz100,SHORT,2026-06-05 18:44:05,2026-06-05 19:11:18,0.45,1555.67,1558.0,-15.0,-26.0,0.4952,0.4952,0.1252,continue,0.0
eth_bybit_perp,zz100,LONG,2026-06-05 19:11:18,2026-06-05 19:16:17,0.08,1558.0,1543.74,-91.5,-102.5,0.4241,0.4241,0.1345,weakening,0.0
eth_bybit_perp,zz100,SHORT,2026-06-05 19:16:17,2026-06-05 19:25:08,0.15,1543.74,1555.12,-73.7,-84.7,0.2327,0.2327,0.1407,weakening,0.0
eth_bybit_perp,zz100,LONG,2026-06-05 19:25:08,2026-06-05 19:32:36,0.12,1555.12,1544.38,-69.1,-80.1,0.1381,0.1381,0.1557,continue,0.0
eth_bybit_perp,zz100,SHORT,2026-06-05 19:32:36,2026-06-05 19:45:59,0.22,1544.38,1559.94,-100.8,-111.8,0.1385,0.1385,0.1725,continue,0.0
eth_bybit_perp,zz100,LONG,2026-06-05 19:45:59,2026-06-05 20:02:15,0.27,1559.94,1563.49,22.8,11.8,0.3528,0.3528,0.0566,reversal,0.2062
eth_bybit_perp,zz100,SHORT,2026-06-05 20:02:15,2026-06-05 20:08:46,0.11,1563.49,1578.09,-93.4,-104.4,0.2562,0.2562,0.0216,continue,0.0
eth_bybit_perp,zz100,LONG,2026-06-05 20:08:46,2026-06-05 22:03:05,1.91,1578.09,1602.84,156.8,145.8,0.0199,0.0199,0.0838,weakening,0.0
eth_bybit_perp,zz100,SHORT,2026-06-05 22:03:05,2026-06-05 22:19:58,0.28,1602.84,1602.32,3.2,-7.8,0.6649,0.6649,0.0734,continue,0.0
eth_bybit_perp,zz100,LONG,2026-06-05 22:19:58,2026-06-05 23:15:36,0.93,1602.32,1588.58,-85.8,-96.8,0.7567,0.7567,0.44,continue,0.0
eth_bybit_perp,zz100,SHORT,2026-06-05 23:15:36,2026-06-05 23:50:13,0.58,1588.58,1575.51,82.3,71.3,0.5495,0.5495,0.1856,continue,0.0
eth_bybit_perp,zz100,LONG,2026-06-05 23:50:13,2026-06-06 01:14:08,1.4,1575.51,1584.24,55.4,44.4,0.2738,-0.2738,0.0571,continue,0.0
eth_bybit_perp,zz100,SHORT,2026-06-06 01:14:08,2026-06-06 02:48:36,1.57,1584.24,1581.39,18.0,7.0,0.4588,0.4588,0.0955,continue,0.0
eth_bybit_perp,zz100,LONG,2026-06-06 02:48:36,2026-06-06 03:04:12,0.26,1581.39,1568.88,-79.1,-90.1,0.4417,0.4417,0.0671,continue,0.0
eth_bybit_perp,zz100,SHORT,2026-06-06 03:04:12,2026-06-06 04:52:06,1.8,1568.88,1523.8,287.3,276.3,0.067,0.067,0.0564,continue,0.0
eth_bybit_perp,zz100,LONG,2026-06-06 04:52:06,2026-06-06 05:01:07,0.15,1523.8,1513.45,-67.9,-78.9,0.1937,0.1937,0.2912,continue,0.0
eth_bybit_perp,zz100,SHORT,2026-06-06 05:01:07,2026-06-06 05:09:07,0.13,1513.45,1519.95,-42.9,-53.9,0.547,0.547,0.1955,continue,0.0
eth_bybit_perp,zz100,LONG,2026-06-06 05:09:07,2026-06-06 05:28:27,0.32,1519.95,1547.91,184.0,173.0,0.1013,0.1013,0.0231,continue,0.0
eth_bybit_perp,zz100,SHORT,2026-06-06 05:28:27,2026-06-06 05:48:46,0.34,1547.91,1563.55,-101.0,-112.0,0.1656,0.1656,0.0397,continue,0.0
eth_bybit_perp,zz100,LONG,2026-06-06 05:48:46,2026-06-06 06:43:21,0.91,1563.55,1565.11,10.0,-1.0,0.6709,0.6709,0.2654,continue,0.0
eth_bybit_perp,zz100,SHORT,2026-06-06 06:43:21,2026-06-06 07:08:12,0.41,1565.11,1571.72,-42.2,-53.2,0.2729,0.2729,0.0896,continue,0.0
eth_bybit_perp,zz100,LONG,2026-06-06 07:08:12,2026-06-06 09:47:16,2.65,1571.72,1575.12,21.6,10.6,0.532,0.532,0.0886,continue,0.0
eth_bybit_perp,zz100,SHORT,2026-06-06 09:47:16,2026-06-06 11:01:46,1.24,1575.12,1550.3,157.6,146.6,0.3575,0.3575,0.241,continue,0.0
eth_bybit_perp,zz100,LONG,2026-06-06 11:01:46,2026-06-06 12:30:58,1.49,1550.3,1550.66,2.3,-8.7,0.3533,0.3533,0.0041,continue,0.0
eth_bybit_perp,zz100,SHORT,2026-06-06 12:30:58,2026-06-06 12:48:19,0.29,1550.66,1566.54,-102.4,-113.4,0.6295,0.6295,0.0415,continue,0.0
eth_bybit_perp,zz100,LONG,2026-06-06 12:48:19,2026-06-06 13:30:34,0.7,1566.54,1558.45,-51.6,-62.6,0.0703,-0.0703,0.0577,continue,0.0
eth_bybit_perp,zz100,SHORT,2026-06-06 13:30:34,2026-06-06 15:34:42,2.07,1558.45,1559.39,-6.0,-17.0,0.1342,0.1342,0.0866,continue,0.0
eth_bybit_perp,zz100,LONG,2026-06-06 15:34:42,2026-06-06 17:46:59,2.2,1559.39,1548.21,-71.7,-82.7,0.4248,0.4248,0.0581,continue,0.0
eth_bybit_perp,zz100,SHORT,2026-06-06 17:46:59,2026-06-06 18:28:27,0.69,1548.21,1561.8,-87.8,-98.8,0.1667,0.1667,0.3196,weakening,0.0
eth_bybit_perp,zz100,LONG,2026-06-06 18:28:27,2026-06-07 07:01:37,12.55,1561.8,1606.17,284.1,273.1,0.4311,0.4311,0.1131,weakening,0.0
eth_bybit_perp,zz100,SHORT,2026-06-07 07:01:37,2026-06-07 08:45:09,1.73,1606.17,1623.22,-106.2,-117.2,0.4908,0.4908,0.1322,continue,0.0
eth_bybit_perp,zz100,LONG,2026-06-07 08:45:09,2026-06-07 09:47:29,1.04,1623.22,1630.43,44.4,33.4,0.3346,0.3346,0.044,continue,0.0
eth_bybit_perp,zz100,SHORT,2026-06-07 09:47:29,2026-06-07 13:28:09,3.68,1630.43,1621.97,51.9,40.9,0.6849,0.6849,0.8459,continue,0.0
eth_bybit_perp,zz100,LONG,2026-06-07 13:28:09,2026-06-07 14:49:16,1.35,1621.97,1622.24,1.7,-9.3,0.2453,0.2453,0.0922,continue,0.0
eth_bybit_perp,zz100,SHORT,2026-06-07 14:49:16,2026-06-07 17:19:50,2.51,1622.24,1636.19,-86.0,-97.0,0.189,0.189,0.2601,weakening,0.0
eth_bybit_perp,zz100,LONG,2026-06-07 17:19:50,2026-06-07 19:02:10,1.71,1636.19,1620.49,-96.0,-107.0,0.3366,0.3366,0.1493,continue,0.0
eth_bybit_perp,zz100,SHORT,2026-06-07 19:02:10,2026-06-07 20:09:49,1.13,1620.49,1618.62,11.5,0.5,0.4823,0.4823,0.2311,weakening,0.0
eth_bybit_perp,zz100,LONG,2026-06-07 20:09:49,2026-06-07 22:15:42,2.1,1618.62,1700.76,507.5,496.5,0.5769,0.5769,0.5005,continue,0.0
eth_bybit_perp,zz100,SHORT,2026-06-07 22:15:42,2026-06-07 22:36:53,0.35,1700.76,1685.69,88.6,77.6,0.0857,0.0857,0.0012,continue,0.0
eth_bybit_perp,zz100,LONG,2026-06-07 22:36:53,2026-06-07 22:59:37,0.38,1685.69,1671.01,-87.1,-98.1,0.0717,0.0717,0.2153,flip_risk,0.0165
eth_bybit_perp,zz100,SHORT,2026-06-07 22:59:37,2026-06-07 23:48:30,0.81,1671.01,1686.59,-93.2,-104.2,0.0668,-0.0668,0.0043,weakening,0.0
eth_bybit_perp,zz100,LONG,2026-06-07 23:48:30,2026-06-08 00:56:14,1.13,1686.59,1693.74,42.4,31.4,0.378,0.378,0.0685,continue,0.0
eth_bybit_perp,zz100,SHORT,2026-06-08 00:56:14,2026-06-08 01:56:45,1.01,1693.74,1686.74,41.3,30.3,0.586,0.586,0.2357,continue,0.0
eth_bybit_perp,zz100,LONG,2026-06-08 01:56:45,2026-06-08 04:03:55,2.12,1686.74,1674.4,-73.2,-84.2,0.3214,0.3214,0.0734,weakening,0.0
eth_bybit_perp,zz100,SHORT,2026-06-08 04:03:55,2026-06-08 06:02:14,1.97,1674.4,1660.97,80.2,69.2,0.7561,0.7561,0.0229,continue,0.0
eth_bybit_perp,zz100,LONG,2026-06-08 06:02:14,2026-06-08 08:47:08,2.75,1660.97,1659.14,-11.0,-22.0,0.6075,0.6075,0.0926,reversal,0.1699
eth_bybit_perp,zz100,SHORT,2026-06-08 08:47:08,2026-06-08 10:34:15,1.79,1659.14,1673.73,-87.9,-98.9,0.3469,0.3469,0.1798,weakening,0.0
eth_bybit_perp,zz100,LONG,2026-06-08 10:34:15,2026-06-08 12:01:44,1.46,1673.73,1679.24,32.9,21.9,0.215,0.215,0.2593,continue,0.0
eth_bybit_perp,zz100,SHORT,2026-06-08 12:01:44,2026-06-08 12:36:41,0.58,1679.24,1684.68,-32.4,-43.4,0.3066,0.3066,0.006,continue,0.0
eth_bybit_perp,zz100,LONG,2026-06-08 12:36:41,2026-06-08 13:32:12,0.93,1684.68,1680.65,-23.9,-34.9,0.4147,0.4147,0.0386,continue,0.0
eth_bybit_perp,zz100,SHORT,2026-06-08 13:32:12,2026-06-08 14:57:48,1.43,1680.65,1692.72,-71.8,-82.8,0.5709,0.5709,0.3353,continue,0.0
eth_bybit_perp,zz100,LONG,2026-06-08 14:57:48,2026-06-08 15:57:20,0.99,1692.72,1688.04,-27.6,-38.6,0.3859,0.3859,0.0578,continue,0.0
eth_bybit_perp,zz100,SHORT,2026-06-08 15:57:20,2026-06-08 18:01:26,2.07,1688.04,1691.07,-17.9,-28.9,0.3038,0.3038,0.0715,weakening,0.0
eth_bybit_perp,zz100,LONG,2026-06-08 18:01:26,2026-06-08 22:00:37,3.99,1691.07,1696.07,29.6,18.6,0.235,0.235,0.2238,continue,0.0
eth_bybit_perp,zz100,SHORT,2026-06-08 22:00:37,2026-06-08 23:01:43,1.02,1696.07,1704.3,-48.5,-59.5,0.5074,0.5074,0.3946,reversal,0.2151
eth_bybit_perp,zz100,LONG,2026-06-08 23:01:43,2026-06-08 23:19:34,0.3,1704.3,1696.0,-48.7,-59.7,0.7683,0.7683,0.9004,continue,0.0
eth_bybit_perp,zz100,SHORT,2026-06-08 23:19:34,2026-06-09 03:18:37,3.98,1696.0,1670.53,150.2,139.2,0.2306,0.2306,0.0654,weakening,0.0
eth_bybit_perp,zz100,LONG,2026-06-09 03:18:37,2026-06-09 07:27:58,4.16,1670.53,1678.84,49.7,38.7,0.6594,0.6594,0.0906,continue,0.0
eth_bybit_perp,zz100,SHORT,2026-06-09 07:27:58,2026-06-09 12:03:25,4.59,1678.84,1681.16,-13.8,-24.8,0.3423,0.3423,0.0208,continue,0.0
eth_bybit_perp,zz100,LONG,2026-06-09 12:03:25,2026-06-09 13:37:31,1.57,1681.16,1665.63,-92.4,-103.4,0.7468,0.7468,0.009,continue,0.0
eth_bybit_perp,zz100,SHORT,2026-06-09 13:37:31,2026-06-09 15:08:29,1.52,1665.63,1649.65,95.9,84.9,0.568,0.568,0.0719,continue,0.0
eth_bybit_perp,zz100,LONG,2026-06-09 15:08:29,2026-06-09 15:33:00,0.41,1649.65,1636.11,-82.1,-93.1,0.1984,0.1984,0.0969,weakening,0.0
eth_bybit_perp,zz100,SHORT,2026-06-09 15:33:00,2026-06-09 16:45:15,1.2,1636.11,1629.31,41.6,30.6,0.3791,0.3791,0.0215,continue,0.0
eth_bybit_perp,zz100,LONG,2026-06-09 16:45:15,2026-06-09 22:02:26,5.29,1629.31,1646.35,104.6,93.6,0.395,0.395,0.0109,continue,0.0
eth_bybit_perp,zz100,SHORT,2026-06-09 22:02:26,2026-06-10 00:58:14,2.93,1646.35,1645.58,4.7,-6.3,0.7871,0.7871,0.2465,continue,0.0
eth_bybit_perp,zz100,LONG,2026-06-10 00:58:14,2026-06-10 02:16:55,1.31,1645.58,1629.79,-96.0,-107.0,0.6544,0.6544,0.0381,continue,0.0
eth_bybit_perp,zz100,SHORT,2026-06-10 02:16:55,2026-06-10 06:39:05,4.37,1629.79,1632.33,-15.6,-26.6,0.5976,0.5976,0.1706,continue,0.0
eth_bybit_perp,zz100,LONG,2026-06-10 06:39:05,2026-06-10 08:35:05,1.93,1632.33,1626.44,-36.1,-47.1,0.7588,0.7588,0.0132,continue,0.0
eth_bybit_perp,zz100,SHORT,2026-06-10 08:35:05,2026-06-10 09:36:01,1.02,1626.44,1621.67,29.3,18.3,0.4126,0.4126,0.3003,continue,0.0
eth_bybit_perp,zz100,LONG,2026-06-10 09:36:01,2026-06-10 11:04:54,1.48,1621.67,1613.14,-52.6,-63.6,0.5426,0.5426,0.0102,continue,0.0
eth_bybit_perp,zz100,SHORT,2026-06-10 11:04:54,2026-06-10 12:30:03,1.42,1613.14,1629.51,-101.5,-112.5,0.3675,0.3675,0.4098,weakening,0.0
eth_bybit_perp,zz100,LONG,2026-06-10 12:30:03,2026-06-10 13:59:22,1.49,1629.51,1650.01,125.8,114.8,0.0221,-0.0221,0.3558,continue,0.0
eth_bybit_perp,zz100,SHORT,2026-06-10 13:59:22,2026-06-10 15:01:41,1.04,1650.01,1652.72,-16.4,-27.4,0.1112,0.1112,0.1578,weakening,0.0
eth_bybit_perp,zz100,LONG,2026-06-10 15:01:41,2026-06-10 15:11:28,0.16,1652.72,1636.07,-100.7,-111.7,0.0615,0.0615,0.4368,flip_risk,0.0779
eth_bybit_perp,zz100,SHORT,2026-06-10 15:11:28,2026-06-10 15:31:06,0.33,1636.07,1651.44,-93.9,-104.9,0.3501,0.3501,0.0258,weakening,0.0
eth_bybit_perp,zz100,LONG,2026-06-10 15:31:06,2026-06-10 15:48:56,0.3,1651.44,1641.56,-59.8,-70.8,0.2905,0.2905,0.3153,weakening,0.0
eth_bybit_perp,zz100,SHORT,2026-06-10 15:48:56,2026-06-10 15:54:16,0.09,1641.56,1657.69,-98.3,-109.3,0.3664,0.3664,0.1684,continue,0.0
eth_bybit_perp,zz100,LONG,2026-06-10 15:54:16,2026-06-10 16:24:55,0.51,1657.69,1646.4,-68.1,-79.1,0.1341,-0.1341,0.2007,continue,0.0
eth_bybit_perp,zz100,SHORT,2026-06-10 16:24:55,2026-06-10 22:41:24,6.27,1646.4,1618.9,167.0,156.0,0.2081,0.2081,0.0583,flip_risk,0.0045
eth_bybit_perp,zz100,LONG,2026-06-10 22:41:24,2026-06-11 02:34:28,3.88,1618.9,1630.54,71.9,60.9,0.178,0.178,0.0318,weakening,0.0
eth_bybit_perp,zz100,SHORT,2026-06-11 02:34:28,2026-06-11 03:33:22,0.98,1630.54,1646.6,-98.5,-109.5,0.6083,0.6083,0.0029,continue,0.0
eth_bybit_perp,zz100,LONG,2026-06-11 03:33:22,2026-06-11 12:21:11,8.8,1646.6,1655.9,56.5,45.5,0.5145,0.5145,0.4186,continue,0.0
eth_bybit_perp,zz100,SHORT,2026-06-11 12:21:11,2026-06-11 14:53:06,2.53,1655.9,1654.7,7.2,-3.8,0.533,0.533,0.1409,continue,0.0
eth_bybit_perp,zz100,LONG,2026-06-11 14:53:06,2026-06-11 15:01:08,0.13,1654.7,1638.03,-100.7,-111.7,0.6868,0.6868,0.0919,continue,0.0
eth_bybit_perp,zz100,SHORT,2026-06-11 15:01:08,2026-06-11 17:29:43,2.48,1638.03,1649.33,-69.0,-80.0,0.5725,0.5725,0.0283,continue,0.0
eth_bybit_perp,zz100,LONG,2026-06-11 17:29:43,2026-06-11 19:13:41,1.73,1649.33,1675.49,158.6,147.6,0.7448,0.7448,0.0192,continue,0.0
eth_bybit_perp,zz100,SHORT,2026-06-11 19:13:41,2026-06-11 19:33:57,0.34,1675.49,1691.89,-97.9,-108.9,0.276,0.276,0.0452,continue,0.0
eth_bybit_perp,zz100,LONG,2026-06-11 19:33:57,2026-06-11 20:26:49,0.88,1691.89,1675.12,-99.1,-110.1,0.1466,0.1466,0.1364,reversal,0.1548
eth_bybit_perp,zz100,SHORT,2026-06-11 20:26:49,2026-06-12 02:40:44,6.23,1675.12,1677.2,-12.4,-23.4,0.5384,0.5384,0.1455,continue,0.0
eth_bybit_perp,zz100,LONG,2026-06-12 02:40:44,2026-06-12 05:37:49,2.95,1677.2,1663.56,-81.3,-92.3,0.6857,0.6857,0.1848,continue,0.0
eth_bybit_perp,zz100,SHORT,2026-06-12 05:37:49,2026-06-12 08:16:38,2.65,1663.56,1667.79,-25.4,-36.4,0.6072,0.6072,0.0521,continue,0.0
eth_bybit_perp,zz100,LONG,2026-06-12 08:16:38,2026-06-12 12:20:58,4.07,1667.79,1667.97,1.1,-9.9,0.0748,0.0748,0.0222,weakening,0.0
eth_bybit_perp,zz100,SHORT,2026-06-12 12:20:58,2026-06-12 14:25:35,2.08,1667.97,1669.37,-8.4,-19.4,0.7522,0.7522,0.5713,weakening,0.0
eth_bybit_perp,zz100,LONG,2026-06-12 14:25:35,2026-06-12 15:34:22,1.15,1669.37,1673.55,25.0,14.0,0.2425,0.2425,0.2408,continue,0.0
eth_bybit_perp,zz100,SHORT,2026-06-12 15:34:22,2026-06-12 16:13:09,0.65,1673.55,1672.9,3.9,-7.1,0.3379,0.3379,0.0523,continue,0.0
eth_bybit_perp,zz100,LONG,2026-06-12 16:13:09,2026-06-12 23:02:24,6.82,1672.9,1659.95,-77.4,-88.4,0.331,0.331,0.2568,continue,0.0
eth_bybit_perp,zz100,SHORT,2026-06-12 23:02:24,2026-06-13 07:47:58,8.76,1659.95,1675.88,-96.0,-107.0,0.2783,0.2783,0.0585,weakening,0.0
eth_bybit_perp,zz100,LONG,2026-06-13 07:47:58,2026-06-13 23:27:23,15.66,1675.88,1679.26,20.2,9.2,0.7464,0.7464,0.0265,weakening,0.0
eth_bybit_perp,zz100,SHORT,2026-06-13 23:27:23,2026-06-14 20:35:14,21.13,1679.26,1672.6,39.7,28.7,0.7181,0.7181,0.1255,continue,0.0
eth_bybit_perp,zz100,LONG,2026-06-14 20:35:14,2026-06-14 21:29:25,0.9,1672.6,1694.87,133.1,122.1,0.1787,-0.1787,0.2864,weakening,0.0
eth_bybit_perp,zz100,SHORT,2026-06-14 21:29:25,2026-06-14 21:39:10,0.16,1694.87,1710.5,-92.2,-103.2,0.1388,0.1388,0.1579,weakening,0.0
eth_bybit_perp,zz100,LONG,2026-06-14 21:39:10,2026-06-14 22:07:17,0.47,1710.5,1712.98,14.5,3.5,0.1427,0.1427,0.1399,weakening,0.0
eth_bybit_perp,zz100,SHORT,2026-06-14 22:07:17,2026-06-15 00:07:45,2.01,1712.98,1728.73,-91.9,-102.9,0.187,0.187,0.0276,reversal,0.225
eth_bybit_perp,zz100,LONG,2026-06-15 00:07:45,2026-06-15 01:04:26,0.94,1728.73,1713.57,-87.7,-98.7,0.1353,0.1353,0.132,weakening,0.0
eth_bybit_perp,zz100,SHORT,2026-06-15 01:04:26,2026-06-15 02:16:12,1.2,1713.57,1726.21,-73.8,-84.8,0.4535,0.4535,0.3271,reversal,0.207
eth_bybit_perp,zz100,LONG,2026-06-15 02:16:12,2026-06-15 13:40:39,11.41,1726.21,1808.21,475.0,464.0,0.7033,0.7033,0.0941,continue,0.0
eth_bybit_perp,zz100,SHORT,2026-06-15 13:40:39,2026-06-15 15:38:28,1.96,1808.21,1821.76,-74.9,-85.9,0.1941,0.1941,0.2806,weakening,0.0
eth_bybit_perp,zz100,LONG,2026-06-15 15:38:28,2026-06-15 17:03:11,1.41,1821.76,1829.65,43.3,32.3,0.6441,0.6441,0.0135,weakening,0.0
eth_bybit_perp,zz100,SHORT,2026-06-15 17:03:11,2026-06-15 19:44:11,2.68,1829.65,1829.57,0.4,-10.6,0.3712,0.3712,0.0528,continue,0.0
eth_bybit_perp,zz100,LONG,2026-06-15 19:44:11,2026-06-15 21:56:01,2.2,1829.57,1811.0,-101.5,-112.5,0.375,0.375,0.0945,continue,0.0
eth_bybit_perp,zz100,SHORT,2026-06-15 21:56:01,2026-06-16 04:05:23,6.16,1811.0,1781.7,161.8,150.8,0.2525,0.2525,0.1866,continue,0.0
eth_bybit_perp,zz100,LONG,2026-06-16 04:05:23,2026-06-16 04:30:35,0.42,1781.7,1764.35,-97.4,-108.4,0.552,0.552,0.0072,continue,0.0
eth_bybit_perp,zz100,SHORT,2026-06-16 04:30:35,2026-06-16 07:40:46,3.17,1764.35,1775.59,-63.7,-74.7,0.4819,0.4819,0.0243,continue,0.0
eth_bybit_perp,zz100,LONG,2026-06-16 07:40:46,2026-06-16 09:20:21,1.66,1775.59,1789.0,75.5,64.5,0.1726,0.1726,0.11,continue,0.0
eth_bybit_perp,zz100,SHORT,2026-06-16 09:20:21,2026-06-16 12:07:17,2.78,1789.0,1803.96,-83.6,-94.6,0.088,0.088,0.2891,continue,0.0
eth_bybit_perp,zz100,LONG,2026-06-16 12:07:17,2026-06-16 12:40:33,0.55,1803.96,1820.36,90.9,79.9,0.6832,0.6832,0.4576,continue,0.0
eth_bybit_perp,zz100,SHORT,2026-06-16 12:40:33,2026-06-16 14:40:43,2.0,1820.36,1780.22,220.5,209.5,0.074,0.074,0.0051,weakening,0.0
eth_bybit_perp,zz100,LONG,2026-06-16 14:40:43,2026-06-16 19:17:15,4.61,1780.22,1789.55,52.4,41.4,0.3433,0.3433,0.064,continue,0.0
eth_bybit_perp,zz100,SHORT,2026-06-16 19:17:15,2026-06-17 01:53:49,6.61,1789.55,1796.64,-39.6,-50.6,0.016,0.016,0.0283,continue,0.0
eth_bybit_perp,zz100,LONG,2026-06-17 01:53:49,2026-06-17 02:38:07,0.74,1796.64,1791.12,-30.7,-41.7,0.6068,0.6068,0.0446,continue,0.0
eth_bybit_perp,zz100,SHORT,2026-06-17 02:38:07,2026-06-17 13:12:57,10.58,1791.12,1759.95,174.0,163.0,0.3924,0.3924,0.0499,weakening,0.0
eth_bybit_perp,zz100,LONG,2026-06-17 13:12:57,2026-06-17 14:25:46,1.21,1759.95,1752.78,-40.7,-51.7,0.1788,0.1788,0.1009,weakening,0.0
eth_bybit_perp,zz100,SHORT,2026-06-17 14:25:46,2026-06-17 14:50:38,0.41,1752.78,1758.22,-31.0,-42.0,0.5701,0.5701,0.1467,continue,0.0
eth_bybit_perp,zz100,LONG,2026-06-17 14:50:38,2026-06-17 16:37:03,1.77,1758.22,1772.94,83.7,72.7,0.4542,0.4542,0.1133,weakening,0.0
eth_bybit_perp,zz100,SHORT,2026-06-17 16:37:03,2026-06-17 17:53:08,1.27,1772.94,1786.71,-77.7,-88.7,0.5726,0.5726,0.0669,continue,0.0
eth_bybit_perp,zz100,LONG,2026-06-17 17:53:08,2026-06-17 18:00:19,0.12,1786.71,1774.69,-67.3,-78.3,0.5763,0.5763,0.5439,continue,0.0
eth_bybit_perp,zz100,SHORT,2026-06-17 18:00:19,2026-06-17 18:07:11,0.11,1774.69,1762.88,66.5,55.5,0.4406,0.4406,0.014,continue,0.0
eth_bybit_perp,zz100,LONG,2026-06-17 18:07:11,2026-06-17 18:58:25,0.85,1762.88,1767.41,25.7,14.7,0.5087,0.5087,0.013,weakening,0.0
eth_bybit_perp,zz100,SHORT,2026-06-17 18:58:25,2026-06-17 20:58:07,2.0,1767.41,1745.78,122.4,111.4,0.2131,0.2131,0.0581,continue,0.0
eth_bybit_perp,zz100,LONG,2026-06-17 20:58:07,2026-06-17 22:03:02,1.08,1745.78,1728.16,-100.9,-111.9,0.4857,0.4857,0.0361,weakening,0.0
eth_bybit_perp,zz100,SHORT,2026-06-17 22:03:02,2026-06-17 22:25:30,0.37,1728.16,1742.52,-83.1,-94.1,0.3463,0.3463,0.4396,continue,0.0
eth_bybit_perp,zz100,LONG,2026-06-17 22:25:30,2026-06-18 03:28:05,5.04,1742.52,1744.53,11.5,0.5,0.6403,0.6403,0.0569,continue,0.0
eth_bybit_perp,zz100,SHORT,2026-06-18 03:28:05,2026-06-18 07:19:42,3.86,1744.53,1738.34,35.5,24.5,0.8863,0.8863,0.0051,continue,0.0
eth_bybit_perp,zz100,LONG,2026-06-18 07:19:42,2026-06-18 13:36:09,6.27,1738.34,1734.68,-21.1,-32.1,0.0042,-0.0042,0.3834,weakening,0.0
eth_bybit_perp,zz100,SHORT,2026-06-18 13:36:09,2026-06-18 18:25:07,4.82,1734.68,1687.68,270.9,259.9,0.6598,0.6598,0.0241,reversal,0.1545
eth_bybit_perp,zz100,LONG,2026-06-18 18:25:07,2026-06-19 02:45:52,8.35,1687.68,1701.43,81.5,70.5,0.2942,0.2942,0.3783,continue,0.0
eth_bybit_perp,zz100,SHORT,2026-06-19 02:45:52,2026-06-19 03:24:07,0.64,1701.43,1698.29,18.5,7.5,0.3878,0.3878,0.4268,continue,0.0
eth_bybit_perp,zz100,LONG,2026-06-19 03:24:07,2026-06-19 12:33:11,9.15,1698.29,1685.53,-75.1,-86.1,0.5209,0.5209,0.1062,continue,0.0
eth_bybit_perp,zz100,SHORT,2026-06-19 12:33:11,2026-06-19 12:52:57,0.33,1685.53,1695.15,-57.1,-68.1,0.1411,-0.1411,0.5489,weakening,0.0
eth_bybit_perp,zz100,LONG,2026-06-19 12:52:57,2026-06-19 16:56:07,4.05,1695.15,1694.25,-5.3,-16.3,0.0517,0.0517,0.1204,reversal,0.2666
eth_bybit_perp,zz100,SHORT,2026-06-19 16:56:07,2026-06-19 22:28:53,5.55,1694.25,1709.82,-91.9,-102.9,0.63,0.63,0.0517,continue,0.0
eth_bybit_perp,zz100,LONG,2026-06-19 22:28:53,2026-06-20 13:24:12,14.92,1709.82,1714.38,26.7,15.7,0.0457,0.0457,0.1625,continue,0.0
eth_bybit_perp,zz100,SHORT,2026-06-20 13:24:12,2026-06-20 14:45:41,1.36,1714.38,1725.33,-63.9,-74.9,0.6351,0.6351,0.0386,weakening,0.0
eth_bybit_perp,zz100,LONG,2026-06-20 14:45:41,2026-06-20 16:30:49,1.75,1725.33,1731.42,35.3,24.3,0.7252,0.7252,0.0644,weakening,0.0
eth_bybit_perp,zz100,SHORT,2026-06-20 16:30:49,2026-06-20 21:51:01,5.34,1731.42,1737.23,-33.6,-44.6,0.201,0.201,0.0611,continue,0.0
eth_bybit_perp,zz100,LONG,2026-06-20 21:51:01,2026-06-21 08:20:01,10.48,1737.23,1727.83,-54.1,-65.1,0.3522,0.3522,0.0511,continue,0.0
eth_bybit_perp,zz100,SHORT,2026-06-21 08:20:01,2026-06-21 18:31:46,10.2,1727.83,1734.7,-39.8,-50.8,0.39,0.39,0.0033,continue,0.0
eth_bybit_perp,zz100,LONG,2026-06-21 18:31:46,2026-06-21 20:47:59,2.27,1734.7,1721.11,-78.3,-89.3,0.1175,0.1175,0.2781,continue,0.0
eth_bybit_perp,zz100,SHORT,2026-06-21 20:47:59,2026-06-21 21:38:57,0.85,1721.11,1717.96,18.3,7.3,0.5761,0.5761,0.1344,weakening,0.0
eth_bybit_perp,zz100,LONG,2026-06-21 21:38:57,2026-06-21 23:31:32,1.88,1717.96,1705.9,-70.2,-81.2,0.6481,0.6481,0.1501,weakening,0.0
eth_bybit_perp,zz100,SHORT,2026-06-21 23:31:32,2026-06-22 00:30:04,0.98,1705.9,1720.63,-86.3,-97.3,0.3403,0.3403,0.0667,continue,0.0
eth_bybit_perp,zz100,LONG,2026-06-22 00:30:04,2026-06-22 01:36:11,1.1,1720.63,1741.44,120.9,109.9,0.412,0.412,0.3443,weakening,0.0
eth_bybit_perp,zz100,SHORT,2026-06-22 01:36:11,2026-06-22 07:10:51,5.58,1741.44,1743.2,-10.1,-21.1,0.0199,0.0199,0.1318,continue,0.0
eth_bybit_perp,zz100,LONG,2026-06-22 07:10:51,2026-06-22 14:20:14,7.16,1743.2,1760.82,101.1,90.1,0.5992,0.5992,0.269,continue,0.0
eth_bybit_perp,zz100,SHORT,2026-06-22 14:20:14,2026-06-23 01:01:21,10.69,1760.82,1733.43,155.6,144.6,0.2243,0.2243,0.3231,continue,0.0
eth_bybit_perp,zz100,LONG,2026-06-23 01:01:21,2026-06-23 04:55:55,3.91,1733.43,1718.01,-89.0,-100.0,0.5907,0.5907,0.3098,reversal,0.2588
eth_bybit_perp,zz100,SHORT,2026-06-23 04:55:55,2026-06-23 09:22:05,4.44,1718.01,1652.54,381.1,370.1,0.6547,0.6547,0.0603,weakening,0.0
eth_bybit_perp,zz100,LONG,2026-06-23 09:22:05,2026-06-23 13:30:07,4.13,1652.54,1645.92,-40.1,-51.1,0.24,0.24,0.1526,weakening,0.0
eth_bybit_perp,zz100,SHORT,2026-06-23 13:30:07,2026-06-23 13:48:12,0.3,1645.92,1662.23,-99.1,-110.1,0.3542,0.3542,0.3824,weakening,0.0
eth_bybit_perp,zz100,LONG,2026-06-23 13:48:12,2026-06-23 15:12:22,1.4,1662.23,1654.41,-47.0,-58.0,0.089,0.089,0.2095,weakening,0.0
eth_bybit_perp,zz100,SHORT,2026-06-23 15:12:22,2026-06-23 16:07:37,0.92,1654.41,1666.9,-75.5,-86.5,0.3449,0.3449,0.1239,continue,0.0
eth_bybit_perp,zz100,LONG,2026-06-23 16:07:37,2026-06-23 17:05:42,0.97,1666.9,1656.14,-64.6,-75.6,0.5245,0.5245,0.0201,continue,0.0
eth_bybit_perp,zz100,SHORT,2026-06-23 17:05:42,2026-06-23 20:01:00,2.92,1656.14,1666.16,-60.5,-71.5,0.3904,0.3904,0.0782,continue,0.0
eth_bybit_perp,zz100,LONG,2026-06-23 20:01:00,2026-06-24 03:02:53,7.03,1666.16,1662.41,-22.5,-33.5,0.2332,0.2332,0.1231,continue,0.0
eth_bybit_perp,zz100,SHORT,2026-06-24 03:02:53,2026-06-24 05:32:48,2.5,1662.41,1673.53,-66.9,-77.9,0.6198,0.6198,0.1115,continue,0.0
eth_bybit_perp,zz100,LONG,2026-06-24 05:32:48,2026-06-24 10:20:11,4.79,1673.53,1662.19,-67.8,-78.8,0.6921,0.6921,1.3129,continue,0.0
eth_bybit_perp,zz100,SHORT,2026-06-24 10:20:11,2026-06-24 11:48:36,1.47,1662.19,1671.91,-58.5,-69.5,0.4034,0.4034,0.0471,weakening,0.0
eth_bybit_perp,zz100,LONG,2026-06-24 11:48:36,2026-06-24 12:35:59,0.79,1671.91,1673.4,8.9,-2.1,0.6853,0.6853,0.1123,continue,0.0
eth_bybit_perp,zz100,SHORT,2026-06-24 12:35:59,2026-06-24 13:33:10,0.95,1673.4,1658.49,89.1,78.1,0.549,0.549,0.0612,continue,0.0
eth_bybit_perp,zz100,LONG,2026-06-24 13:33:10,2026-06-24 13:43:07,0.17,1658.49,1646.36,-73.1,-84.1,0.6631,0.6631,0.151,weakening,0.0
eth_bybit_perp,zz100,SHORT,2026-06-24 13:43:07,2026-06-24 14:31:13,0.8,1646.36,1654.55,-49.7,-60.7,0.4472,0.4472,0.0581,weakening,0.0
eth_bybit_perp,zz100,LONG,2026-06-24 14:31:13,2026-06-24 15:07:09,0.6,1654.55,1639.33,-92.0,-103.0,0.0687,-0.0687,0.0242,reversal,0.2208
eth_bybit_perp,zz100,SHORT,2026-06-24 15:07:09,2026-06-24 16:22:47,1.26,1639.33,1631.65,46.8,35.8,0.0716,0.0716,0.3521,weakening,0.0
eth_bybit_perp,zz100,LONG,2026-06-24 16:22:47,2026-06-24 16:46:08,0.39,1631.65,1618.52,-80.5,-91.5,0.1184,0.1184,0.286,continue,0.0
eth_bybit_perp,zz100,SHORT,2026-06-24 16:46:08,2026-06-24 18:08:02,1.36,1618.52,1567.29,316.5,305.5,0.3122,0.3122,0.0183,weakening,0.0
eth_bybit_perp,zz100,LONG,2026-06-24 18:08:02,2026-06-24 18:50:17,0.7,1567.29,1567.93,4.1,-6.9,0.3719,0.3719,0.0175,continue,0.0
eth_bybit_perp,zz100,SHORT,2026-06-24 18:50:17,2026-06-24 19:51:07,1.01,1567.93,1582.1,-90.4,-101.4,0.2944,0.2944,0.3748,continue,0.0
eth_bybit_perp,zz100,LONG,2026-06-24 19:51:07,2026-06-24 21:11:57,1.35,1582.1,1605.15,145.7,134.7,0.5966,0.5966,0.2199,continue,0.0
eth_bybit_perp,zz100,SHORT,2026-06-24 21:11:57,2026-06-24 22:00:07,0.8,1605.15,1621.5,-101.9,-112.9,0.4044,0.4044,0.0098,continue,0.0
eth_bybit_perp,zz100,LONG,2026-06-24 22:00:07,2026-06-25 10:28:13,12.47,1621.5,1642.4,128.9,117.9,0.592,0.592,0.3115,weakening,0.0
eth_bybit_perp,zz100,SHORT,2026-06-25 10:28:13,2026-06-25 12:30:22,2.04,1642.4,1641.19,7.4,-3.6,0.5805,0.5805,0.1339,continue,0.0
eth_bybit_perp,zz100,LONG,2026-06-25 12:30:22,2026-06-25 13:30:44,1.01,1641.19,1631.8,-57.2,-68.2,0.311,0.311,0.1141,weakening,0.0
eth_bybit_perp,zz100,SHORT,2026-06-25 13:30:44,2026-06-25 14:00:07,0.49,1631.8,1547.89,514.2,503.2,0.3029,0.3029,0.1169,continue,0.0
eth_bybit_perp,zz100,LONG,2026-06-25 14:00:07,2026-06-25 14:16:09,0.27,1547.89,1558.21,66.7,55.7,0.2761,0.2761,0.2583,weakening,0.0
eth_bybit_perp,zz100,SHORT,2026-06-25 14:16:09,2026-06-25 14:20:22,0.07,1558.21,1565.8,-48.7,-59.7,0.5818,0.5818,0.0005,continue,0.0
eth_bybit_perp,zz100,LONG,2026-06-25 14:20:22,2026-06-25 14:36:01,0.26,1565.8,1575.55,62.3,51.3,0.4153,0.4153,0.0416,flip_risk,0.0367
eth_bybit_perp,zz100,SHORT,2026-06-25 14:36:01,2026-06-25 15:18:38,0.71,1575.55,1559.52,101.7,90.7,0.5727,0.5727,0.0222,continue,0.0
eth_bybit_perp,zz100,LONG,2026-06-25 15:18:38,2026-06-25 16:30:18,1.19,1559.52,1570.9,73.0,62.0,0.6559,0.6559,0.0677,continue,0.0
eth_bybit_perp,zz100,SHORT,2026-06-25 16:30:18,2026-06-25 17:15:26,0.75,1570.9,1572.26,-8.7,-19.7,0.2869,0.2869,0.1271,continue,0.0
eth_bybit_perp,zz100,LONG,2026-06-25 17:15:26,2026-06-25 18:34:53,1.32,1572.26,1561.0,-71.6,-82.6,0.2555,0.2555,0.0842,reversal,0.2311
eth_bybit_perp,zz100,SHORT,2026-06-25 18:34:53,2026-06-25 20:26:50,1.87,1561.0,1569.92,-57.1,-68.1,0.666,0.666,0.6283,continue,0.0
eth_bybit_perp,zz100,LONG,2026-06-25 20:26:50,2026-06-25 22:21:51,1.92,1569.92,1566.78,-20.0,-31.0,0.4706,0.4706,0.0034,continue,0.0
eth_bybit_perp,zz100,SHORT,2026-06-25 22:21:51,2026-06-26 02:17:45,3.93,1566.78,1534.52,205.9,194.9,0.3719,0.3719,0.2414,continue,0.0
eth_bybit_perp,zz100,LONG,2026-06-26 02:17:45,2026-06-26 02:48:42,0.52,1534.52,1525.2,-60.7,-71.7,0.6819,0.6819,0.0156,weakening,0.0
eth_bybit_perp,zz100,SHORT,2026-06-26 02:48:42,2026-06-26 03:08:34,0.33,1525.2,1526.77,-10.3,-21.3,0.7689,0.7689,0.0308,continue,0.0
eth_bybit_perp,zz100,LONG,2026-06-26 03:08:34,2026-06-26 04:53:46,1.75,1526.77,1547.32,134.6,123.6,0.2945,0.2945,0.0615,continue,0.0
eth_bybit_perp,zz100,SHORT,2026-06-26 04:53:46,2026-06-26 06:22:37,1.48,1547.32,1559.47,-78.5,-89.5,0.457,0.457,0.0577,continue,0.0
eth_bybit_perp,zz100,LONG,2026-06-26 06:22:37,2026-06-26 08:33:18,2.18,1559.47,1569.1,61.8,50.8,0.6005,0.6005,0.0822,continue,0.0
eth_bybit_perp,zz100,SHORT,2026-06-26 08:33:18,2026-06-26 12:33:48,4.01,1569.1,1556.46,80.6,69.6,0.3942,0.3942,0.1179,continue,0.0
eth_bybit_perp,zz100,LONG,2026-06-26 12:33:48,2026-06-26 12:38:14,0.07,1556.46,1543.52,-83.1,-94.1,0.4048,0.4048,0.4343,continue,0.0
eth_bybit_perp,zz100,SHORT,2026-06-26 12:38:14,2026-06-26 12:46:12,0.13,1543.52,1542.67,5.5,-5.5,0.4996,0.4996,0.0274,continue,0.0
eth_bybit_perp,zz100,LONG,2026-06-26 12:46:12,2026-06-26 13:18:45,0.54,1542.67,1527.47,-98.5,-109.5,0.1039,0.1039,0.0633,continue,0.0
eth_bybit_perp,zz100,SHORT,2026-06-26 13:18:45,2026-06-26 13:30:13,0.19,1527.47,1535.63,-53.4,-64.4,0.53,0.53,0.0729,weakening,0.0
eth_bybit_perp,zz100,LONG,2026-06-26 13:30:13,2026-06-26 14:36:27,1.1,1535.63,1558.52,149.1,138.1,0.2629,0.2629,0.0397,continue,0.0
eth_bybit_perp,zz100,SHORT,2026-06-26 14:36:27,2026-06-26 15:09:37,0.55,1558.52,1568.4,-63.4,-74.4,0.4197,0.4197,0.223,continue,0.0
eth_bybit_perp,zz100,LONG,2026-06-26 15:09:37,2026-06-26 16:18:28,1.15,1568.4,1576.72,53.0,42.0,0.6561,0.6561,0.1092,continue,0.0
eth_bybit_perp,zz100,SHORT,2026-06-26 16:18:28,2026-06-26 17:22:06,1.06,1576.72,1587.69,-69.6,-80.6,0.4872,0.4872,0.3465,flip_risk,0.0118
eth_bybit_perp,zz100,LONG,2026-06-26 17:22:06,2026-06-26 18:47:45,1.43,1587.69,1571.85,-99.8,-110.8,0.3602,0.3602,0.0312,continue,0.0
eth_bybit_perp,zz100,SHORT,2026-06-26 18:47:45,2026-06-27 02:15:30,7.46,1571.85,1582.85,-70.0,-81.0,0.633,0.633,0.184,continue,0.0
eth_bybit_perp,zz100,LONG,2026-06-27 02:15:30,2026-06-27 17:02:34,14.78,1582.85,1593.91,69.9,58.9,0.7312,0.7312,0.0439,continue,0.0
eth_bybit_perp,zz100,SHORT,2026-06-27 17:02:34,2026-06-27 22:31:03,5.47,1593.91,1577.73,101.5,90.5,0.7511,0.7511,0.0138,continue,0.0
eth_bybit_perp,zz100,LONG,2026-06-27 22:31:03,2026-06-28 05:28:20,6.95,1577.73,1564.13,-86.2,-97.2,0.4697,0.4697,0.0244,continue,0.0
eth_bybit_perp,zz100,SHORT,2026-06-28 05:28:20,2026-06-28 08:01:51,2.56,1564.13,1577.46,-85.2,-96.2,0.3044,0.3044,0.0206,weakening,0.0
eth_bybit_perp,zz100,LONG,2026-06-28 08:01:51,2026-06-28 16:33:13,8.52,1577.46,1571.37,-38.6,-49.6,0.3463,0.3463,0.0128,continue,0.0
eth_bybit_perp,zz100,SHORT,2026-06-28 16:33:13,2026-06-28 20:14:11,3.68,1571.37,1571.55,-1.1,-12.1,0.3938,0.3938,0.2381,weakening,0.0
eth_bybit_perp,zz100,LONG,2026-06-28 20:14:11,2026-06-28 21:49:58,1.6,1571.55,1559.58,-76.2,-87.2,0.3238,0.3238,0.0954,continue,0.0
eth_bybit_perp,zz100,SHORT,2026-06-28 21:49:58,2026-06-28 22:02:48,0.21,1559.58,1574.12,-93.2,-104.2,0.2263,-0.2263,0.4549,continue,0.0
eth_bybit_perp,zz100,LONG,2026-06-28 22:02:48,2026-06-28 22:18:49,0.27,1574.12,1565.06,-57.6,-68.6,0.2163,0.2163,0.2819,weakening,0.0
eth_bybit_perp,zz100,SHORT,2026-06-28 22:18:49,2026-06-28 23:01:50,0.72,1565.06,1563.64,9.1,-1.9,0.5429,0.5429,0.2589,continue,0.0
eth_bybit_perp,zz100,LONG,2026-06-28 23:01:50,2026-06-29 00:06:14,1.07,1563.64,1563.7,0.4,-10.6,0.4454,0.4454,0.2765,continue,0.0
eth_bybit_perp,zz100,SHORT,2026-06-29 00:06:14,2026-06-29 00:55:09,0.82,1563.7,1566.91,-20.5,-31.5,0.6086,0.6086,0.0281,continue,0.0
eth_bybit_perp,zz100,LONG,2026-06-29 00:55:09,2026-06-29 02:12:56,1.3,1566.91,1558.17,-55.8,-66.8,0.3429,0.3429,0.0212,continue,0.0
eth_bybit_perp,zz100,SHORT,2026-06-29 02:12:56,2026-06-29 02:22:59,0.17,1558.17,1565.17,-44.9,-55.9,0.2569,0.2569,0.1819,continue,0.0
eth_bybit_perp,zz100,LONG,2026-06-29 02:22:59,2026-06-29 05:01:59,2.65,1565.17,1572.07,44.1,33.1,0.3893,0.3893,0.3504,weakening,0.0
eth_bybit_perp,zz100,SHORT,2026-06-29 05:01:59,2026-06-29 05:44:18,0.71,1572.07,1576.88,-30.6,-41.6,0.4374,0.4374,0.0782,reversal,0.1591
eth_bybit_perp,zz100,LONG,2026-06-29 05:44:18,2026-06-29 08:28:06,2.73,1576.88,1572.23,-29.5,-40.5,0.4904,0.4904,0.0073,weakening,0.0
eth_bybit_perp,zz100,SHORT,2026-06-29 08:28:06,2026-06-29 10:10:01,1.7,1572.23,1585.75,-86.0,-97.0,0.0221,0.0221,0.1269,continue,0.0
eth_bybit_perp,zz100,LONG,2026-06-29 10:10:01,2026-06-29 11:17:54,1.13,1585.75,1570.4,-96.8,-107.8,0.3638,0.3638,0.1879,weakening,0.0
eth_bybit_perp,zz100,SHORT,2026-06-29 11:17:54,2026-06-29 12:05:07,0.79,1570.4,1582.38,-76.3,-87.3,0.7647,0.7647,0.0126,continue,0.0
eth_bybit_perp,zz100,LONG,2026-06-29 12:05:07,2026-06-29 12:38:03,0.55,1582.38,1580.01,-15.0,-26.0,0.3132,0.3132,0.3142,continue,0.0
eth_bybit_perp,zz100,SHORT,2026-06-29 12:38:03,2026-06-29 13:12:35,0.58,1580.01,1585.89,-37.2,-48.2,0.2007,0.2007,0.1138,continue,0.0
eth_bybit_perp,zz100,LONG,2026-06-29 13:12:35,2026-06-29 13:30:10,0.29,1585.89,1571.24,-92.4,-103.4,0.7748,0.7748,0.0064,continue,0.0
eth_bybit_perp,zz100,SHORT,2026-06-29 13:30:10,2026-06-29 14:29:10,0.98,1571.24,1572.9,-10.6,-21.6,0.4719,0.4719,0.0231,weakening,0.0
eth_bybit_perp,zz100,LONG,2026-06-29 14:29:10,2026-06-29 15:05:33,0.61,1572.9,1562.43,-66.6,-77.6,0.0067,0.0067,0.2368,reversal,0.1541
eth_bybit_perp,zz100,SHORT,2026-06-29 15:05:33,2026-06-29 15:32:05,0.44,1562.43,1577.51,-96.5,-107.5,0.1395,0.1395,0.1081,weakening,0.0
eth_bybit_perp,zz100,LONG,2026-06-29 15:32:05,2026-06-29 18:28:56,2.95,1577.51,1619.88,268.6,257.6,0.1304,0.1304,0.0468,flip_risk,0.0562
eth_bybit_perp,zz100,SHORT,2026-06-29 18:28:56,2026-06-30 07:02:01,12.55,1619.88,1594.65,155.8,144.8,0.5329,0.5329,0.7739,continue,0.0
eth_bybit_perp,zz100,LONG,2026-06-30 07:02:01,2026-06-30 08:36:57,1.58,1594.65,1579.0,-98.1,-109.1,0.3648,0.3648,0.0297,weakening,0.0
eth_bybit_perp,zz100,SHORT,2026-06-30 08:36:57,2026-06-30 13:31:13,4.9,1579.0,1566.19,81.1,70.1,0.2928,0.2928,0.0673,continue,0.0
eth_bybit_perp,zz100,LONG,2026-06-30 13:31:13,2026-06-30 13:38:05,0.11,1566.19,1550.66,-99.2,-110.2,0.5357,0.5357,0.0331,continue,0.0
eth_bybit_perp,zz100,SHORT,2026-06-30 13:38:05,2026-06-30 13:51:15,0.22,1550.66,1566.0,-98.9,-109.9,0.3344,0.3344,0.0988,continue,0.0
eth_bybit_perp,zz100,LONG,2026-06-30 13:51:15,2026-06-30 14:54:51,1.06,1566.0,1561.17,-30.8,-41.8,0.6423,0.6423,0.6265,continue,0.0
eth_bybit_perp,zz100,SHORT,2026-06-30 14:54:51,2026-06-30 15:45:58,0.85,1561.17,1572.33,-71.5,-82.5,0.6045,0.6045,0.024,continue,0.0
eth_bybit_perp,zz100,LONG,2026-06-30 15:45:58,2026-06-30 22:32:20,6.77,1572.33,1566.39,-37.8,-48.8,0.4777,0.4777,0.0189,continue,0.0
eth_bybit_perp,zz100,SHORT,2026-06-30 22:32:20,2026-07-01 01:15:10,2.71,1566.39,1568.25,-11.9,-22.9,0.4918,0.4918,0.1566,continue,0.0
eth_bybit_perp,zz100,LONG,2026-07-01 01:15:10,2026-07-01 06:07:48,4.88,1568.25,1586.9,118.9,107.9,0.5317,0.5317,0.0506,continue,0.0
eth_bybit_perp,zz100,SHORT,2026-07-01 06:07:48,2026-07-01 09:07:08,2.99,1586.9,1583.67,20.4,9.4,0.723,0.723,0.027,continue,0.0
eth_bybit_perp,zz100,LONG,2026-07-01 09:07:08,2026-07-01 11:56:05,2.82,1583.67,1568.06,-98.6,-109.6,0.571,0.571,0.0579,continue,0.0
eth_bybit_perp,zz100,SHORT,2026-07-01 11:56:05,2026-07-01 13:37:05,1.68,1568.06,1581.79,-87.6,-98.6,0.3665,0.3665,0.0818,continue,0.0
eth_bybit_perp,zz100,LONG,2026-07-01 13:37:05,2026-07-01 14:33:48,0.95,1581.79,1599.75,113.5,102.5,0.7269,0.7269,0.041,continue,0.0
eth_bybit_perp,zz100,SHORT,2026-07-01 14:33:48,2026-07-01 15:02:53,0.48,1599.75,1607.0,-45.3,-56.3,0.1586,-0.1586,0.1681,weakening,0.0
eth_bybit_perp,zz100,LONG,2026-07-01 15:02:53,2026-07-01 16:53:27,1.84,1607.0,1613.91,43.0,32.0,0.3702,0.3702,0.2603,reversal,0.1656
eth_bybit_perp,zz100,SHORT,2026-07-01 16:53:27,2026-07-01 17:26:07,0.54,1613.91,1622.8,-55.1,-66.1,0.0542,0.0542,0.0911,continue,0.0
eth_bybit_perp,zz100,LONG,2026-07-01 17:26:07,2026-07-01 22:29:42,5.06,1622.8,1628.51,35.2,24.2,0.2623,0.2623,0.1443,continue,0.0
eth_bybit_perp,zz100,SHORT,2026-07-01 22:29:42,2026-07-02 01:20:09,2.84,1628.51,1612.29,99.6,88.6,0.4416,0.4416,0.0226,continue,0.0
eth_bybit_perp,zz100,LONG,2026-07-02 01:20:09,2026-07-02 05:48:07,4.47,1612.29,1625.42,81.4,70.4,0.5582,0.5582,0.0591,continue,0.0
eth_bybit_perp,zz100,SHORT,2026-07-02 05:48:07,2026-07-02 09:30:50,3.71,1625.42,1630.59,-31.8,-42.8,0.0598,-0.0598,0.0671,weakening,0.0
eth_bybit_perp,zz100,LONG,2026-07-02 09:30:50,2026-07-02 12:33:45,3.05,1630.59,1651.0,125.2,114.2,0.4037,0.4037,0.2833,weakening,0.0
eth_bybit_perp,zz100,SHORT,2026-07-02 12:33:45,2026-07-02 12:54:57,0.35,1651.0,1666.52,-94.0,-105.0,0.2709,0.2709,0.0867,continue,0.0
eth_bybit_perp,zz100,LONG,2026-07-02 12:54:57,2026-07-02 14:20:18,1.42,1666.52,1706.08,237.4,226.4,0.3723,0.3723,0.0353,reversal,0.1648
eth_bybit_perp,zz100,SHORT,2026-07-02 14:20:18,2026-07-02 16:49:23,2.48,1706.08,1702.53,20.8,9.8,0.6427,0.6427,0.1485,continue,0.0
btc_bybit_perp,zz150,SHORT,2026-06-03 03:28:10,2026-06-03 04:04:35,0.61,66150.4,66395.8,-37.1,-48.1,0.6244,0.6244,0.0956,continue,0.0
btc_bybit_perp,zz150,LONG,2026-06-03 04:04:35,2026-06-03 15:12:13,11.13,66395.8,66458.6,9.5,-1.5,0.6374,0.6374,0.028,continue,0.0
btc_bybit_perp,zz150,SHORT,2026-06-03 15:12:13,2026-06-03 21:36:18,6.4,66458.6,65686.5,116.2,105.2,0.7353,0.7353,0.0521,continue,0.0
btc_bybit_perp,zz150,LONG,2026-06-03 21:36:18,2026-06-03 22:47:14,1.18,65686.5,64826.4,-130.9,-141.9,0.4715,0.4715,0.0977,weakening,0.0
btc_bybit_perp,zz150,SHORT,2026-06-03 22:47:14,2026-06-04 02:07:14,3.33,64826.4,62271.1,394.2,383.2,0.7547,0.7547,0.0709,continue,0.0
btc_bybit_perp,zz150,LONG,2026-06-04 02:07:14,2026-06-04 05:11:01,3.06,62271.1,63763.1,239.6,228.6,0.325,0.325,0.1057,continue,0.0
btc_bybit_perp,zz150,SHORT,2026-06-04 05:11:01,2026-06-04 12:23:27,7.21,63763.1,63118.7,101.1,90.1,0.0453,0.0453,0.1478,continue,0.0
btc_bybit_perp,zz150,LONG,2026-06-04 12:23:27,2026-06-04 16:31:55,4.14,63118.7,63484.7,58.0,47.0,0.6422,0.6422,0.4568,continue,0.0
btc_bybit_perp,zz150,SHORT,2026-06-04 16:31:55,2026-06-04 18:30:00,1.97,63484.7,63871.7,-61.0,-72.0,0.2608,0.2608,0.1852,continue,0.0
btc_bybit_perp,zz150,LONG,2026-06-04 18:30:00,2026-06-04 20:27:07,1.95,63871.7,63157.8,-111.8,-122.8,0.4037,0.4037,0.4832,weakening,0.0
btc_bybit_perp,zz150,SHORT,2026-06-04 20:27:07,2026-06-05 04:54:42,8.46,63157.8,63239.8,-13.0,-24.0,0.3574,0.3574,0.19,continue,0.0
btc_bybit_perp,zz150,LONG,2026-06-05 04:54:42,2026-06-05 05:46:30,0.86,63239.8,62702.1,-85.0,-96.0,0.443,0.443,0.0144,continue,0.0
btc_bybit_perp,zz150,SHORT,2026-06-05 05:46:30,2026-06-05 06:44:16,0.96,62702.1,62047.5,104.4,93.4,0.5504,0.5504,0.1093,continue,0.0
btc_bybit_perp,zz150,LONG,2026-06-05 06:44:16,2026-06-05 11:10:03,4.43,62047.5,62253.8,33.2,22.2,0.0303,0.0303,0.1963,continue,0.0
btc_bybit_perp,zz150,SHORT,2026-06-05 11:10:03,2026-06-05 16:13:35,5.06,62253.8,60648.7,257.8,246.8,0.6617,0.6617,0.3073,continue,0.0
btc_bybit_perp,zz150,LONG,2026-06-05 16:13:35,2026-06-05 18:14:50,2.02,60648.7,60587.9,-10.0,-21.0,0.3919,0.3919,0.0024,weakening,0.0
btc_bybit_perp,zz150,SHORT,2026-06-05 18:14:50,2026-06-05 19:46:40,1.53,60587.9,60111.6,78.6,67.6,0.201,0.201,0.0067,continue,0.0
btc_bybit_perp,zz150,LONG,2026-06-05 19:46:40,2026-06-05 23:22:42,3.6,60111.6,61037.4,154.0,143.0,0.5432,0.5432,0.1289,continue,0.0
btc_bybit_perp,zz150,SHORT,2026-06-05 23:22:42,2026-06-06 00:08:07,0.76,61037.4,61392.0,-58.1,-69.1,0.3575,0.3575,0.0316,reversal,0.2595
btc_bybit_perp,zz150,LONG,2026-06-06 00:08:07,2026-06-06 03:32:09,3.4,61392.0,60570.0,-133.9,-144.9,0.6129,0.6129,0.0386,continue,0.0
btc_bybit_perp,zz150,SHORT,2026-06-06 03:32:09,2026-06-06 05:21:43,1.83,60570.0,60395.6,28.8,17.8,0.3114,0.3114,0.0043,weakening,0.0
btc_bybit_perp,zz150,LONG,2026-06-06 05:21:43,2026-06-06 10:18:24,4.94,60395.6,60549.6,25.5,14.5,0.4166,0.4166,0.0006,continue,0.0
btc_bybit_perp,zz150,SHORT,2026-06-06 10:18:24,2026-06-06 12:52:22,2.57,60549.6,61135.0,-96.7,-107.7,0.5905,0.5905,0.1379,continue,0.0
btc_bybit_perp,zz150,LONG,2026-06-06 12:52:22,2026-06-07 12:17:23,23.42,61135.0,61983.6,138.8,127.8,0.5989,0.5989,0.0525,continue,0.0
btc_bybit_perp,zz150,SHORT,2026-06-07 12:17:23,2026-06-07 22:12:01,9.91,61983.6,62065.5,-13.2,-24.2,0.3303,0.3303,0.3449,continue,0.0
btc_bybit_perp,zz150,LONG,2026-06-07 22:12:01,2026-06-07 22:19:43,0.13,62065.5,63209.2,184.3,173.3,0.5916,0.5916,0.0458,continue,0.0
btc_bybit_perp,zz150,SHORT,2026-06-07 22:19:43,2026-06-08 00:37:57,2.3,63209.2,63705.7,-78.5,-89.5,0.1956,0.1956,0.027,continue,0.0
btc_bybit_perp,zz150,LONG,2026-06-08 00:37:57,2026-06-08 01:24:47,0.78,63705.7,62841.5,-135.7,-146.7,0.4199,0.4199,0.2166,continue,0.0
btc_bybit_perp,zz150,SHORT,2026-06-08 01:24:47,2026-06-08 07:48:46,6.4,62841.5,63311.3,-74.8,-85.8,0.218,0.218,0.0946,continue,0.0
btc_bybit_perp,zz150,LONG,2026-06-08 07:48:46,2026-06-08 12:04:43,4.27,63311.3,62866.9,-70.2,-81.2,0.1218,0.1218,0.2687,continue,0.0
btc_bybit_perp,zz150,SHORT,2026-06-08 12:04:43,2026-06-08 12:43:52,0.65,62866.9,63648.9,-124.4,-135.4,0.3831,0.3831,0.044,continue,0.0
btc_bybit_perp,zz150,LONG,2026-06-08 12:43:52,2026-06-08 20:12:53,7.48,63648.9,63226.7,-66.3,-77.3,0.3898,0.3898,0.1064,continue,0.0
btc_bybit_perp,zz150,SHORT,2026-06-08 20:12:53,2026-06-09 04:38:09,8.42,63226.7,63338.0,-17.6,-28.6,0.5095,0.5095,0.0054,weakening,0.0
btc_bybit_perp,zz150,LONG,2026-06-09 04:38:09,2026-06-09 11:03:46,6.43,63338.0,62538.9,-126.2,-137.2,0.5996,0.5996,0.1887,weakening,0.0
btc_bybit_perp,zz150,SHORT,2026-06-09 11:03:46,2026-06-09 17:17:32,6.23,62538.9,61677.2,137.8,126.8,0.6027,0.6027,0.0357,continue,0.0
btc_bybit_perp,zz150,LONG,2026-06-09 17:17:32,2026-06-10 02:32:31,9.25,61677.2,61308.7,-59.7,-70.7,0.2781,0.2781,0.1963,weakening,0.0
btc_bybit_perp,zz150,SHORT,2026-06-10 02:32:31,2026-06-10 12:31:16,9.98,61308.7,61665.2,-58.1,-69.1,0.755,0.755,0.0105,continue,0.0
btc_bybit_perp,zz150,LONG,2026-06-10 12:31:16,2026-06-10 17:29:28,4.97,61665.2,61878.1,34.5,23.5,0.2815,0.2815,0.0319,weakening,0.0
btc_bybit_perp,zz150,SHORT,2026-06-10 17:29:28,2026-06-11 01:13:34,7.74,61878.1,61986.0,-17.4,-28.4,0.5268,0.5268,0.0845,continue,0.0
btc_bybit_perp,zz150,LONG,2026-06-11 01:13:34,2026-06-12 06:33:40,29.34,61986.0,62908.1,148.8,137.8,0.6699,-0.6699,0.0346,reversal,0.2691
btc_bybit_perp,zz150,SHORT,2026-06-12 06:33:40,2026-06-12 09:28:24,2.91,62908.1,63753.5,-134.4,-145.4,0.6064,0.6064,0.0281,continue,0.0
btc_bybit_perp,zz150,LONG,2026-06-12 09:28:24,2026-06-12 20:48:07,11.33,63753.5,63402.3,-55.1,-66.1,0.5669,0.5669,0.0311,weakening,0.0
btc_bybit_perp,zz150,SHORT,2026-06-12 20:48:07,2026-06-13 21:40:30,24.87,63402.3,64331.0,-146.5,-157.5,0.604,0.604,0.0164,continue,0.0
btc_bybit_perp,zz150,LONG,2026-06-13 21:40:30,2026-06-14 17:38:22,19.96,64331.0,63750.4,-90.3,-101.3,0.4556,0.4556,0.1665,continue,0.0
btc_bybit_perp,zz150,SHORT,2026-06-14 17:38:22,2026-06-14 21:18:51,3.67,63750.4,64652.9,-141.6,-152.6,0.6567,0.6567,0.0345,continue,0.0
btc_bybit_perp,zz150,LONG,2026-06-14 21:18:51,2026-06-15 22:23:57,25.09,64652.9,66224.4,243.1,232.1,0.7686,0.7686,0.1769,continue,0.0
btc_bybit_perp,zz150,SHORT,2026-06-15 22:23:57,2026-06-16 08:35:22,10.19,66224.4,66599.7,-56.7,-67.7,0.2157,0.2157,0.155,continue,0.0
btc_bybit_perp,zz150,LONG,2026-06-16 08:35:22,2026-06-16 13:34:19,4.98,66599.7,65942.6,-98.7,-109.7,0.6593,0.6593,0.0581,weakening,0.0
btc_bybit_perp,zz150,SHORT,2026-06-16 13:34:19,2026-06-17 15:48:21,26.23,65942.6,65518.1,64.4,53.4,0.004,0.004,0.2068,weakening,0.0
btc_bybit_perp,zz150,LONG,2026-06-17 15:48:21,2026-06-17 18:00:54,2.21,65518.1,65410.1,-16.5,-27.5,0.0856,0.0856,0.093,continue,0.0
btc_bybit_perp,zz150,SHORT,2026-06-17 18:00:54,2026-06-17 18:43:02,0.7,65410.1,65781.5,-56.8,-67.8,0.5896,0.5896,0.0107,continue,0.0
btc_bybit_perp,zz150,LONG,2026-06-17 18:43:02,2026-06-17 19:18:02,0.58,65781.5,65013.8,-116.7,-127.7,0.6003,0.6003,0.018,continue,0.0
btc_bybit_perp,zz150,SHORT,2026-06-17 19:18:02,2026-06-18 20:01:12,24.72,65013.8,63170.0,283.6,272.6,0.031,0.031,0.0447,weakening,0.0
btc_bybit_perp,zz150,LONG,2026-06-18 20:01:12,2026-06-19 09:23:15,13.37,63170.0,62280.1,-140.9,-151.9,0.1613,0.1613,0.5005,continue,0.0
btc_bybit_perp,zz150,SHORT,2026-06-19 09:23:15,2026-06-19 13:45:38,4.37,62280.1,63303.8,-164.4,-175.4,0.4853,0.4853,0.0,continue,0.0
btc_bybit_perp,zz150,LONG,2026-06-19 13:45:38,2026-06-21 21:09:53,55.4,63303.8,63582.4,44.0,33.0,0.7796,0.7796,0.1099,continue,0.0
btc_bybit_perp,zz150,SHORT,2026-06-21 21:09:53,2026-06-22 01:23:31,4.23,63582.4,64199.0,-97.0,-108.0,0.7081,0.7081,0.8607,continue,0.0
btc_bybit_perp,zz150,LONG,2026-06-22 01:23:31,2026-06-22 16:16:54,14.89,64199.0,64603.1,62.9,51.9,0.5899,0.5899,0.0198,weakening,0.0
btc_bybit_perp,zz150,SHORT,2026-06-22 16:16:54,2026-06-23 14:20:17,22.06,64603.1,62810.7,277.4,266.4,0.6141,0.6141,0.0322,continue,0.0
btc_bybit_perp,zz150,LONG,2026-06-23 14:20:17,2026-06-24 13:06:40,22.77,62810.7,62223.8,-93.4,-104.4,0.4243,0.4243,0.0943,continue,0.0
btc_bybit_perp,zz150,SHORT,2026-06-24 13:06:40,2026-06-24 20:01:02,6.91,62223.8,59982.1,360.3,349.3,0.6114,0.6114,0.0018,continue,0.0
btc_bybit_perp,zz150,LONG,2026-06-24 20:01:02,2026-06-25 13:31:21,17.51,59982.1,61011.6,171.6,160.6,0.2834,0.2834,0.065,continue,0.0
btc_bybit_perp,zz150,SHORT,2026-06-25 13:31:21,2026-06-25 14:02:12,0.51,61011.6,58949.3,338.0,327.0,0.3883,0.3883,0.4523,continue,0.0
btc_bybit_perp,zz150,LONG,2026-06-25 14:02:12,2026-06-25 14:16:54,0.24,58949.3,58776.8,-29.3,-40.3,0.0724,0.0724,0.114,continue,0.0
btc_bybit_perp,zz150,SHORT,2026-06-25 14:16:54,2026-06-25 14:33:02,0.27,58776.8,59650.0,-148.6,-159.6,0.541,0.541,0.0339,continue,0.0
btc_bybit_perp,zz150,LONG,2026-06-25 14:33:02,2026-06-25 14:42:00,0.15,59650.0,59523.4,-21.2,-32.2,0.4682,0.4682,0.0287,reversal,0.2204
btc_bybit_perp,zz150,SHORT,2026-06-25 14:42:00,2026-06-25 16:06:59,1.42,59523.4,59725.8,-34.0,-45.0,0.1927,0.1927,0.0343,continue,0.0
btc_bybit_perp,zz150,LONG,2026-06-25 16:06:59,2026-06-25 16:47:06,0.67,59725.8,59121.3,-101.2,-112.2,0.5456,0.5456,0.2643,continue,0.0
btc_bybit_perp,zz150,SHORT,2026-06-25 16:47:06,2026-06-25 21:52:14,5.09,59121.3,59997.4,-148.2,-159.2,0.0893,0.0893,0.1332,weakening,0.0
btc_bybit_perp,zz150,LONG,2026-06-25 21:52:14,2026-06-26 01:29:16,3.62,59997.4,59291.7,-117.6,-128.6,0.1844,0.1844,0.1429,reversal,0.1782
btc_bybit_perp,zz150,SHORT,2026-06-26 01:29:16,2026-06-26 03:32:23,2.05,59291.7,59209.5,13.9,2.9,0.2378,0.2378,0.1734,weakening,0.0
btc_bybit_perp,zz150,LONG,2026-06-26 03:32:23,2026-06-26 09:49:34,6.29,59209.5,59800.0,99.7,88.7,0.5336,0.5336,0.1178,continue,0.0
btc_bybit_perp,zz150,SHORT,2026-06-26 09:49:34,2026-06-26 13:43:03,3.89,59800.0,59385.9,69.2,58.2,0.6138,0.6138,0.2172,reversal,0.1635
btc_bybit_perp,zz150,LONG,2026-06-26 13:43:03,2026-06-26 14:55:54,1.21,59385.9,59359.1,-4.5,-15.5,0.263,0.263,0.3921,continue,0.0
btc_bybit_perp,zz150,SHORT,2026-06-26 14:55:54,2026-06-26 15:26:12,0.51,59359.1,60263.1,-152.3,-163.3,0.187,0.187,0.2504,weakening,0.0
btc_bybit_perp,zz150,LONG,2026-06-26 15:26:12,2026-06-26 18:47:20,3.35,60263.1,59657.0,-100.6,-111.6,0.794,0.794,0.0373,continue,0.0
btc_bybit_perp,zz150,SHORT,2026-06-26 18:47:20,2026-06-27 04:25:31,9.64,59657.0,60447.3,-132.5,-143.5,0.7522,0.7522,0.0299,flip_risk,0.0236
btc_bybit_perp,zz150,LONG,2026-06-27 04:25:31,2026-06-27 22:16:31,17.85,60447.3,59983.6,-76.7,-87.7,0.7522,0.7522,0.2575,continue,0.0
btc_bybit_perp,zz150,SHORT,2026-06-27 22:16:31,2026-06-28 23:38:18,25.36,59983.6,59764.4,36.5,25.5,0.6678,0.6678,0.0356,continue,0.0
btc_bybit_perp,zz150,LONG,2026-06-28 23:38:18,2026-06-29 02:13:50,2.59,59764.4,58914.8,-142.2,-153.2,0.5505,0.5505,0.2179,continue,0.0
btc_bybit_perp,zz150,SHORT,2026-06-29 02:13:50,2026-06-29 02:42:59,0.49,58914.8,59769.9,-145.1,-156.1,0.4329,0.4329,0.0799,weakening,0.0
btc_bybit_perp,zz150,LONG,2026-06-29 02:42:59,2026-06-29 12:39:40,9.94,59769.9,59848.2,13.1,2.1,0.3595,0.3595,0.1449,continue,0.0
btc_bybit_perp,zz150,SHORT,2026-06-29 12:39:40,2026-06-29 15:47:25,3.13,59848.2,59880.3,-5.4,-16.4,0.7357,0.7357,0.0093,weakening,0.0
btc_bybit_perp,zz150,LONG,2026-06-29 15:47:25,2026-06-30 00:31:56,8.74,59880.3,59726.1,-25.8,-36.8,0.1102,0.1102,0.2737,continue,0.0
btc_bybit_perp,zz150,SHORT,2026-06-30 00:31:56,2026-06-30 14:02:26,13.51,59726.1,59077.2,108.6,97.6,0.6617,0.6617,0.097,reversal,0.3034
btc_bybit_perp,zz150,LONG,2026-06-30 14:02:26,2026-06-30 15:04:02,1.03,59077.2,58341.0,-124.6,-135.6,0.4877,0.4877,0.036,weakening,0.0
btc_bybit_perp,zz150,SHORT,2026-06-30 15:04:02,2026-07-01 01:38:55,10.58,58341.0,58644.8,-52.1,-63.1,0.1481,0.1481,0.0127,continue,0.0
btc_bybit_perp,zz150,LONG,2026-07-01 01:38:55,2026-07-01 06:37:49,4.98,58644.8,58537.8,-18.2,-29.2,0.2442,0.2442,0.0051,weakening,0.0
btc_bybit_perp,zz150,SHORT,2026-07-01 06:37:49,2026-07-01 13:46:41,7.15,58537.8,59182.3,-110.1,-121.1,0.1304,0.1304,0.3812,continue,0.0
btc_bybit_perp,zz150,LONG,2026-07-01 13:46:41,2026-07-01 22:46:57,9.0,59182.3,60396.9,205.2,194.2,0.4236,0.4236,0.0259,continue,0.0
btc_bybit_perp,zz150,SHORT,2026-07-01 22:46:57,2026-07-02 02:47:20,4.01,60396.9,60459.5,-10.4,-21.4,0.5206,0.5206,0.1461,continue,0.0
btc_bybit_perp,zz150,LONG,2026-07-02 02:47:20,2026-07-02 07:05:42,4.31,60459.5,60189.2,-44.7,-55.7,0.6382,0.6382,0.0147,continue,0.0
btc_bybit_perp,zz150,SHORT,2026-07-02 07:05:42,2026-07-02 09:41:14,2.59,60189.2,60998.3,-134.4,-145.4,0.3361,0.3361,0.0916,weakening,0.0
btc_bybit_perp,zz150,LONG,2026-07-02 09:41:14,2026-07-02 16:27:20,6.77,60998.3,61246.2,40.6,29.6,0.5875,0.5875,0.2776,flip_risk,0.014
btc_bybit_perp,zz100,SHORT,2026-06-03 01:43:47,2026-06-03 04:02:01,2.3,66462.0,66086.3,56.5,45.5,0.6244,0.6244,0.0956,continue,0.0
btc_bybit_perp,zz100,LONG,2026-06-03 04:02:01,2026-06-03 09:21:23,5.32,66086.3,66811.0,109.7,98.7,0.6374,0.6374,0.028,continue,0.0
btc_bybit_perp,zz100,SHORT,2026-06-03 09:21:23,2026-06-03 09:51:16,0.5,66811.0,67294.3,-72.3,-83.3,0.7353,0.7353,0.0521,continue,0.0
btc_bybit_perp,zz100,LONG,2026-06-03 09:51:16,2026-06-03 12:20:18,2.48,67294.3,66770.7,-77.8,-88.8,0.5697,0.5697,0.0171,continue,0.0
btc_bybit_perp,zz100,SHORT,2026-06-03 12:20:18,2026-06-03 21:04:00,8.73,66770.7,65367.1,210.2,199.2,0.3829,0.3829,0.0732,continue,0.0
btc_bybit_perp,zz100,LONG,2026-06-03 21:04:00,2026-06-03 22:15:30,1.19,65367.1,65168.3,-30.4,-41.4,0.4715,0.4715,0.0977,weakening,0.0
btc_bybit_perp,zz100,SHORT,2026-06-03 22:15:30,2026-06-04 02:05:47,3.84,65168.3,61961.2,492.1,481.1,0.7547,0.7547,0.0709,continue,0.0
btc_bybit_perp,zz100,LONG,2026-06-04 02:05:47,2026-06-04 05:03:16,2.96,61961.2,64082.5,342.4,331.4,0.325,0.325,0.1057,continue,0.0
btc_bybit_perp,zz100,SHORT,2026-06-04 05:03:16,2026-06-04 05:35:20,0.53,64082.5,64263.9,-28.3,-39.3,0.0453,0.0453,0.1478,continue,0.0
btc_bybit_perp,zz100,LONG,2026-06-04 05:35:20,2026-06-04 07:06:17,1.52,64263.9,63800.3,-72.1,-83.1,0.4527,0.4527,0.0956,reversal,0.2103
btc_bybit_perp,zz100,SHORT,2026-06-04 07:06:17,2026-06-04 12:22:17,5.27,63800.3,62780.0,159.9,148.9,0.4038,0.4038,0.339,weakening,0.0
btc_bybit_perp,zz100,LONG,2026-06-04 12:22:17,2026-06-04 13:19:10,0.95,62780.0,63286.2,80.6,69.6,0.6422,0.6422,0.4568,continue,0.0
btc_bybit_perp,zz100,SHORT,2026-06-04 13:19:10,2026-06-04 13:31:40,0.21,63286.2,63650.0,-57.5,-68.5,0.6181,0.6181,0.1114,continue,0.0
btc_bybit_perp,zz100,LONG,2026-06-04 13:31:40,2026-06-04 14:37:13,1.09,63650.0,63819.0,26.6,15.6,0.0248,0.0248,0.2769,continue,0.0
btc_bybit_perp,zz100,SHORT,2026-06-04 14:37:13,2026-06-04 17:52:42,3.26,63819.0,63560.0,40.6,29.6,0.2608,0.2608,0.1852,continue,0.0
btc_bybit_perp,zz100,LONG,2026-06-04 17:52:42,2026-06-04 20:00:56,2.14,63560.0,63477.9,-12.9,-23.9,0.4037,0.4037,0.4832,weakening,0.0
btc_bybit_perp,zz100,SHORT,2026-06-04 20:00:56,2026-06-04 21:05:57,1.08,63477.9,63787.3,-48.7,-59.7,0.3574,0.3574,0.19,continue,0.0
btc_bybit_perp,zz100,LONG,2026-06-04 21:05:57,2026-06-04 21:40:41,0.58,63787.3,63182.2,-94.9,-105.9,0.1544,0.1544,0.071,weakening,0.0
btc_bybit_perp,zz100,SHORT,2026-06-04 21:40:41,2026-06-04 22:58:41,1.3,63182.2,63727.0,-86.2,-97.2,0.5273,0.5273,0.0908,weakening,0.0
btc_bybit_perp,zz100,LONG,2026-06-04 22:58:41,2026-06-05 01:01:04,2.04,63727.0,63301.9,-66.7,-77.7,0.3084,0.3084,0.1205,weakening,0.0
btc_bybit_perp,zz100,SHORT,2026-06-05 01:01:04,2026-06-05 04:08:05,3.12,63301.9,62932.0,58.4,47.4,0.5178,0.5178,0.0517,continue,0.0
btc_bybit_perp,zz100,LONG,2026-06-05 04:08:05,2026-06-05 05:41:16,1.55,62932.0,63013.6,13.0,2.0,0.443,0.443,0.0144,continue,0.0
btc_bybit_perp,zz100,SHORT,2026-06-05 05:41:16,2026-06-05 06:27:50,0.78,63013.6,61718.8,205.5,194.5,0.5504,0.5504,0.1093,continue,0.0
btc_bybit_perp,zz100,LONG,2026-06-05 06:27:50,2026-06-05 07:06:12,0.64,61718.8,61547.1,-27.8,-38.8,0.0303,0.0303,0.1963,continue,0.0
btc_bybit_perp,zz100,SHORT,2026-06-05 07:06:12,2026-06-05 07:24:15,0.3,61547.1,61965.3,-67.9,-78.9,0.3525,0.3525,0.0389,weakening,0.0
btc_bybit_perp,zz100,LONG,2026-06-05 07:24:15,2026-06-05 08:51:59,1.46,61965.3,62453.5,78.8,67.8,0.6311,0.6311,0.064,weakening,0.0
btc_bybit_perp,zz100,SHORT,2026-06-05 08:51:59,2026-06-05 09:13:21,0.36,62453.5,62870.2,-66.7,-77.7,0.447,0.447,0.0232,weakening,0.0
btc_bybit_perp,zz100,LONG,2026-06-05 09:13:21,2026-06-05 10:17:05,1.06,62870.2,62587.3,-45.0,-56.0,0.6131,0.6131,0.3211,continue,0.0
btc_bybit_perp,zz100,SHORT,2026-06-05 10:17:05,2026-06-05 12:11:12,1.9,62587.3,62226.5,57.6,46.6,0.6617,0.6617,0.3073,continue,0.0
btc_bybit_perp,zz100,LONG,2026-06-05 12:11:12,2026-06-05 12:31:15,0.33,62226.5,61781.5,-71.5,-82.5,0.2566,0.2566,0.0872,continue,0.0
btc_bybit_perp,zz100,SHORT,2026-06-05 12:31:15,2026-06-05 13:20:36,0.82,61781.5,62205.6,-68.6,-79.6,0.6669,0.6669,0.1896,continue,0.0
btc_bybit_perp,zz100,LONG,2026-06-05 13:20:36,2026-06-05 13:41:30,0.35,62205.6,61681.1,-84.3,-95.3,0.3819,0.3819,0.4453,weakening,0.0
btc_bybit_perp,zz100,SHORT,2026-06-05 13:41:30,2026-06-05 14:09:04,0.46,61681.1,61035.5,104.7,93.7,0.2014,0.2014,0.1219,weakening,0.0
btc_bybit_perp,zz100,LONG,2026-06-05 14:09:04,2026-06-05 14:24:05,0.25,61035.5,60573.0,-75.8,-86.8,0.6456,0.6456,0.358,continue,0.0
btc_bybit_perp,zz100,SHORT,2026-06-05 14:24:05,2026-06-05 14:35:34,0.19,60573.0,60897.8,-53.6,-64.6,0.0704,0.0704,0.1025,reversal,0.1856
btc_bybit_perp,zz100,LONG,2026-06-05 14:35:34,2026-06-05 15:12:24,0.61,60897.8,60542.3,-58.4,-69.4,0.0927,-0.0927,0.0228,weakening,0.0
btc_bybit_perp,zz100,SHORT,2026-06-05 15:12:24,2026-06-05 15:26:22,0.23,60542.3,61093.4,-91.0,-102.0,0.1921,0.1921,0.1338,continue,0.0
btc_bybit_perp,zz100,LONG,2026-06-05 15:26:22,2026-06-05 15:36:19,0.17,61093.4,60477.9,-100.7,-111.7,0.4248,0.4248,0.0734,continue,0.0
btc_bybit_perp,zz100,SHORT,2026-06-05 15:36:19,2026-06-05 16:12:49,0.61,60477.9,60393.8,13.9,2.9,0.2568,0.2568,0.0739,continue,0.0
btc_bybit_perp,zz100,LONG,2026-06-05 16:12:49,2026-06-05 16:29:12,0.27,60393.8,60905.3,84.7,73.7,0.3919,0.3919,0.0024,weakening,0.0
btc_bybit_perp,zz100,SHORT,2026-06-05 16:29:12,2026-06-05 16:51:24,0.37,60905.3,61292.8,-63.6,-74.6,0.201,0.201,0.0067,continue,0.0
btc_bybit_perp,zz100,LONG,2026-06-05 16:51:24,2026-06-05 17:16:18,0.41,61292.8,60855.6,-71.3,-82.3,0.486,0.486,0.1774,weakening,0.0
btc_bybit_perp,zz100,SHORT,2026-06-05 17:16:18,2026-06-05 19:27:14,2.18,60855.6,59718.1,186.9,175.9,0.4216,0.4216,0.0981,weakening,0.0
btc_bybit_perp,zz100,LONG,2026-06-05 19:27:14,2026-06-05 22:05:33,2.64,59718.1,61352.1,273.6,262.6,0.5432,0.5432,0.1289,continue,0.0
btc_bybit_perp,zz100,SHORT,2026-06-05 22:05:33,2026-06-05 22:39:04,0.56,61352.1,61820.6,-76.4,-87.4,0.3575,0.3575,0.0316,reversal,0.2595
btc_bybit_perp,zz100,LONG,2026-06-05 22:39:04,2026-06-05 23:14:33,0.59,61820.6,61320.5,-80.9,-91.9,0.6998,0.6998,0.0013,continue,0.0
btc_bybit_perp,zz100,SHORT,2026-06-05 23:14:33,2026-06-06 00:00:16,0.76,61320.5,61090.4,37.5,26.5,0.5714,0.5714,0.0511,continue,0.0
btc_bybit_perp,zz100,LONG,2026-06-06 00:00:16,2026-06-06 02:06:47,2.11,61090.4,60875.8,-35.1,-46.1,0.6129,0.6129,0.0386,continue,0.0
btc_bybit_perp,zz100,SHORT,2026-06-06 02:06:47,2026-06-06 04:52:05,2.75,60875.8,60049.6,135.7,124.7,0.3114,0.3114,0.0043,weakening,0.0
btc_bybit_perp,zz100,LONG,2026-06-06 04:52:05,2026-06-06 05:02:10,0.17,60049.6,59626.4,-70.5,-81.5,0.4166,0.4166,0.0006,continue,0.0
btc_bybit_perp,zz100,SHORT,2026-06-06 05:02:10,2026-06-06 05:10:30,0.14,59626.4,60181.3,-93.1,-104.1,0.321,0.321,0.0983,continue,0.0
btc_bybit_perp,zz100,LONG,2026-06-06 05:10:30,2026-06-06 09:49:38,4.65,60181.3,60855.8,112.1,101.1,0.1508,0.1508,0.3187,continue,0.0
btc_bybit_perp,zz100,SHORT,2026-06-06 09:49:38,2026-06-06 11:17:45,1.47,60855.8,60799.2,9.3,-1.7,0.5905,0.5905,0.1379,continue,0.0
btc_bybit_perp,zz100,LONG,2026-06-06 11:17:45,2026-06-06 15:05:56,3.8,60799.2,60530.2,-44.2,-55.2,0.5989,0.5989,0.0525,continue,0.0
btc_bybit_perp,zz100,SHORT,2026-06-06 15:05:56,2026-06-06 21:34:33,6.48,60530.2,60967.7,-72.3,-83.3,0.5835,0.5835,0.0529,continue,0.0
btc_bybit_perp,zz100,LONG,2026-06-06 21:34:33,2026-06-07 10:38:25,13.06,60967.7,62294.8,217.7,206.7,0.3183,0.3183,0.0002,continue,0.0
btc_bybit_perp,zz100,SHORT,2026-06-07 10:38:25,2026-06-07 14:30:45,3.87,62294.8,62195.9,15.9,4.9,0.3303,0.3303,0.3449,continue,0.0
btc_bybit_perp,zz100,LONG,2026-06-07 14:30:45,2026-06-07 15:05:28,0.58,62195.9,61668.0,-84.9,-95.9,0.5125,0.5125,0.0818,continue,0.0
btc_bybit_perp,zz100,SHORT,2026-06-07 15:05:28,2026-06-07 16:25:11,1.33,61668.0,62266.2,-97.0,-108.0,0.3317,0.3317,0.1243,continue,0.0
btc_bybit_perp,zz100,LONG,2026-06-07 16:25:11,2026-06-07 19:03:06,2.63,62266.2,61676.9,-94.6,-105.6,0.383,0.383,0.0075,continue,0.0
btc_bybit_perp,zz100,SHORT,2026-06-07 19:03:06,2026-06-07 20:21:34,1.31,61676.9,61799.3,-19.8,-30.8,0.6045,0.6045,0.0112,weakening,0.0
btc_bybit_perp,zz100,LONG,2026-06-07 20:21:34,2026-06-07 22:16:00,1.91,61799.3,63531.6,280.3,269.3,0.5916,0.5916,0.0458,continue,0.0
btc_bybit_perp,zz100,SHORT,2026-06-07 22:16:00,2026-06-07 23:48:59,1.55,63531.6,63420.1,17.6,6.6,0.1956,0.1956,0.027,continue,0.0
btc_bybit_perp,zz100,LONG,2026-06-07 23:48:59,2026-06-08 01:10:22,1.36,63420.1,63194.6,-35.6,-46.6,0.4199,0.4199,0.2166,continue,0.0
btc_bybit_perp,zz100,SHORT,2026-06-08 01:10:22,2026-06-08 03:10:33,2.0,63194.6,63353.3,-25.1,-36.1,0.218,0.218,0.0946,continue,0.0
btc_bybit_perp,zz100,LONG,2026-06-08 03:10:33,2026-06-08 04:06:30,0.93,63353.3,62783.0,-90.0,-101.0,0.5492,0.5492,0.1239,continue,0.0
btc_bybit_perp,zz100,SHORT,2026-06-08 04:06:30,2026-06-08 06:18:11,2.19,62783.0,63012.0,-36.5,-47.5,0.623,0.623,0.1614,weakening,0.0
btc_bybit_perp,zz100,LONG,2026-06-08 06:18:11,2026-06-08 12:02:59,5.75,63012.0,63191.0,28.4,17.4,0.1218,0.1218,0.2687,continue,0.0
btc_bybit_perp,zz100,SHORT,2026-06-08 12:02:59,2026-06-08 12:36:34,0.56,63191.0,63331.3,-22.2,-33.2,0.3831,0.3831,0.044,continue,0.0
btc_bybit_perp,zz100,LONG,2026-06-08 12:36:34,2026-06-08 16:46:38,4.17,63331.3,63543.5,33.5,22.5,0.3898,0.3898,0.1064,continue,0.0
btc_bybit_perp,zz100,SHORT,2026-06-08 16:46:38,2026-06-08 21:09:30,4.38,63543.5,63755.9,-33.4,-44.4,0.5095,0.5095,0.0054,weakening,0.0
btc_bybit_perp,zz100,LONG,2026-06-08 21:09:30,2026-06-08 22:18:46,1.15,63755.9,63191.0,-88.6,-99.6,0.9322,0.9322,0.3395,reversal,0.3835
btc_bybit_perp,zz100,SHORT,2026-06-08 22:18:46,2026-06-09 04:34:16,6.26,63191.0,63113.7,12.2,1.2,0.6824,0.6824,0.3402,continue,0.0
btc_bybit_perp,zz100,LONG,2026-06-09 04:34:16,2026-06-09 08:07:28,3.55,63113.7,62850.9,-41.6,-52.6,0.5996,0.5996,0.1887,weakening,0.0
btc_bybit_perp,zz100,SHORT,2026-06-09 08:07:28,2026-06-09 16:45:32,8.63,62850.9,61389.1,232.6,221.6,0.6027,0.6027,0.0357,continue,0.0
btc_bybit_perp,zz100,LONG,2026-06-09 16:45:32,2026-06-09 23:31:37,6.77,61389.1,61624.3,38.3,27.3,0.2781,0.2781,0.1963,weakening,0.0
btc_bybit_perp,zz100,SHORT,2026-06-09 23:31:37,2026-06-10 07:19:09,7.79,61624.3,61653.1,-4.7,-15.7,0.755,0.755,0.0105,continue,0.0
btc_bybit_perp,zz100,LONG,2026-06-10 07:19:09,2026-06-10 08:48:48,1.49,61653.1,61134.9,-84.1,-95.1,0.5387,0.5387,0.0186,weakening,0.0
btc_bybit_perp,zz100,SHORT,2026-06-10 08:48:48,2026-06-10 09:38:38,0.83,61134.9,61349.5,-35.1,-46.1,0.709,0.709,0.0186,weakening,0.0
btc_bybit_perp,zz100,LONG,2026-06-10 09:38:38,2026-06-10 14:37:49,4.99,61349.5,61795.2,72.6,61.6,0.2815,0.2815,0.0319,weakening,0.0
btc_bybit_perp,zz100,SHORT,2026-06-10 14:37:49,2026-06-10 15:46:06,1.14,61795.2,62418.5,-100.9,-111.9,0.6495,0.6495,0.1729,weakening,0.0
btc_bybit_perp,zz100,LONG,2026-06-10 15:46:06,2026-06-10 16:25:14,0.65,62418.5,62184.1,-37.6,-48.6,0.2799,0.2799,0.2089,reversal,0.2938
btc_bybit_perp,zz100,SHORT,2026-06-10 16:25:14,2026-06-11 00:15:04,7.83,62184.1,61681.4,80.8,69.8,0.5268,0.5268,0.0845,continue,0.0
btc_bybit_perp,zz100,LONG,2026-06-11 00:15:04,2026-06-11 12:30:17,12.25,61681.4,62587.0,146.8,135.8,0.6699,-0.6699,0.0346,reversal,0.2691
btc_bybit_perp,zz100,SHORT,2026-06-11 12:30:17,2026-06-11 13:50:25,1.34,62587.0,63100.0,-82.0,-93.0,0.7566,0.7566,0.0288,continue,0.0
btc_bybit_perp,zz100,LONG,2026-06-11 13:50:25,2026-06-11 15:01:25,1.18,63100.0,62514.0,-92.9,-103.9,0.1235,0.1235,0.2203,weakening,0.0
btc_bybit_perp,zz100,SHORT,2026-06-11 15:01:25,2026-06-11 17:29:55,2.48,62514.0,62948.2,-69.5,-80.5,0.6348,0.6348,0.0686,continue,0.0
btc_bybit_perp,zz100,LONG,2026-06-11 17:29:55,2026-06-11 20:45:05,3.25,62948.2,63240.2,46.4,35.4,0.3797,0.3797,0.532,weakening,0.0
btc_bybit_perp,zz100,SHORT,2026-06-11 20:45:05,2026-06-12 08:18:41,11.56,63240.2,63444.0,-32.2,-43.2,0.6064,0.6064,0.0281,continue,0.0
btc_bybit_perp,zz100,LONG,2026-06-12 08:18:41,2026-06-12 13:30:05,5.19,63444.0,63276.3,-26.4,-37.4,0.5669,0.5669,0.0311,weakening,0.0
btc_bybit_perp,zz100,SHORT,2026-06-12 13:30:05,2026-06-12 14:31:07,1.02,63276.3,63657.5,-60.2,-71.2,0.7573,0.7573,0.5086,continue,0.0
btc_bybit_perp,zz100,LONG,2026-06-12 14:31:07,2026-06-12 15:48:09,1.28,63657.5,63724.3,10.5,-0.5,0.2308,0.2308,0.0298,continue,0.0
btc_bybit_perp,zz100,SHORT,2026-06-12 15:48:09,2026-06-13 12:46:36,20.97,63724.3,64010.0,-44.8,-55.8,0.604,0.604,0.0164,continue,0.0
btc_bybit_perp,zz100,LONG,2026-06-13 12:46:36,2026-06-14 14:31:33,25.75,64010.0,64081.6,11.2,0.2,0.4556,0.4556,0.1665,continue,0.0
btc_bybit_perp,zz100,SHORT,2026-06-14 14:31:33,2026-06-14 21:15:47,6.74,64081.6,64292.9,-33.0,-44.0,0.6567,0.6567,0.0345,continue,0.0
btc_bybit_perp,zz100,LONG,2026-06-14 21:15:47,2026-06-14 22:07:17,0.86,64292.9,64987.5,108.0,97.0,0.7686,0.7686,0.1769,continue,0.0
btc_bybit_perp,zz100,SHORT,2026-06-14 22:07:17,2026-06-14 23:15:12,1.13,64987.5,65580.0,-91.2,-102.2,0.4366,0.4366,0.1408,weakening,0.0
btc_bybit_perp,zz100,LONG,2026-06-14 23:15:12,2026-06-15 19:18:49,20.06,65580.0,66571.6,151.2,140.2,0.4068,0.4068,0.1166,continue,0.0
btc_bybit_perp,zz100,SHORT,2026-06-15 19:18:49,2026-06-16 06:28:45,11.17,66571.6,66268.1,45.6,34.6,0.2157,0.2157,0.155,continue,0.0
btc_bybit_perp,zz100,LONG,2026-06-16 06:28:45,2026-06-16 13:08:11,6.66,66268.1,66284.3,2.4,-8.6,0.6593,0.6593,0.0581,weakening,0.0
btc_bybit_perp,zz100,SHORT,2026-06-16 13:08:11,2026-06-16 17:53:03,4.75,66284.3,65988.2,44.7,33.7,0.004,0.004,0.2068,weakening,0.0
btc_bybit_perp,zz100,LONG,2026-06-16 17:53:03,2026-06-16 19:16:30,1.39,65988.2,65540.1,-67.9,-78.9,0.566,0.566,0.0472,continue,0.0
btc_bybit_perp,zz100,SHORT,2026-06-16 19:16:30,2026-06-17 13:37:46,18.35,65540.1,65203.4,51.4,40.4,0.4476,0.4476,0.0025,continue,0.0
btc_bybit_perp,zz100,LONG,2026-06-17 13:37:46,2026-06-17 14:47:38,1.16,65203.4,64752.6,-69.1,-80.1,0.0856,0.0856,0.093,continue,0.0
btc_bybit_perp,zz100,SHORT,2026-06-17 14:47:38,2026-06-17 15:26:02,0.64,64752.6,65392.2,-98.8,-109.8,0.7273,0.7273,0.0022,continue,0.0
btc_bybit_perp,zz100,LONG,2026-06-17 15:26:02,2026-06-17 18:00:19,2.57,65392.2,65720.0,50.1,39.1,0.5178,0.5178,0.0588,continue,0.0
btc_bybit_perp,zz100,SHORT,2026-06-17 18:00:19,2026-06-17 18:09:56,0.16,65720.0,65479.2,36.6,25.6,0.5896,0.5896,0.0107,continue,0.0
btc_bybit_perp,zz100,LONG,2026-06-17 18:09:56,2026-06-17 18:58:31,0.81,65479.2,65346.4,-20.3,-31.3,0.6003,0.6003,0.018,continue,0.0
btc_bybit_perp,zz100,SHORT,2026-06-17 18:58:31,2026-06-18 00:01:41,5.05,65346.4,64522.7,126.1,115.1,0.031,0.031,0.0447,weakening,0.0
btc_bybit_perp,zz100,LONG,2026-06-18 00:01:41,2026-06-18 04:08:20,4.11,64522.7,64123.6,-61.9,-72.9,0.5431,0.5431,0.0138,continue,0.0
btc_bybit_perp,zz100,SHORT,2026-06-18 04:08:20,2026-06-18 07:36:05,3.46,64123.6,64303.1,-28.0,-39.0,0.302,0.302,0.2784,continue,0.0
btc_bybit_perp,zz100,LONG,2026-06-18 07:36:05,2026-06-18 10:12:57,2.61,64303.1,63964.8,-52.6,-63.6,0.4489,0.4489,0.0126,weakening,0.0
btc_bybit_perp,zz100,SHORT,2026-06-18 10:12:57,2026-06-18 18:20:36,8.13,63964.8,62850.0,174.3,163.3,0.4179,0.4179,0.0512,continue,0.0
btc_bybit_perp,zz100,LONG,2026-06-18 18:20:36,2026-06-19 03:15:12,8.91,62850.0,62459.3,-62.2,-73.2,0.1613,0.1613,0.5005,continue,0.0
btc_bybit_perp,zz100,SHORT,2026-06-19 03:15:12,2026-06-19 13:05:18,9.84,62459.3,62908.0,-71.8,-82.8,0.4853,0.4853,0.0,continue,0.0
btc_bybit_perp,zz100,LONG,2026-06-19 13:05:18,2026-06-20 14:08:50,25.06,62908.0,63220.4,49.7,38.7,0.7796,0.7796,0.1099,continue,0.0
btc_bybit_perp,zz100,SHORT,2026-06-20 14:08:50,2026-06-20 14:46:08,0.62,63220.4,63819.5,-94.8,-105.8,0.5566,0.5566,0.8848,continue,0.0
btc_bybit_perp,zz100,LONG,2026-06-20 14:46:08,2026-06-21 08:35:20,17.82,63819.5,63907.1,13.7,2.7,0.5343,0.5343,0.0517,weakening,0.0
btc_bybit_perp,zz100,SHORT,2026-06-21 08:35:20,2026-06-22 00:37:39,16.04,63907.1,63883.0,3.8,-7.2,0.7081,0.7081,0.8607,continue,0.0
btc_bybit_perp,zz100,LONG,2026-06-22 00:37:39,2026-06-22 03:01:00,2.39,63883.0,64124.7,37.8,26.8,0.5899,0.5899,0.0198,weakening,0.0
btc_bybit_perp,zz100,SHORT,2026-06-22 03:01:00,2026-06-22 11:32:45,8.53,64124.7,64474.6,-54.6,-65.6,0.3751,0.3751,0.0166,continue,0.0
btc_bybit_perp,zz100,LONG,2026-06-22 11:32:45,2026-06-22 14:29:21,2.94,64474.6,64939.0,72.0,61.0,0.4007,0.4007,0.0198,weakening,0.0
btc_bybit_perp,zz100,SHORT,2026-06-22 14:29:21,2026-06-23 10:02:51,19.56,64939.0,62497.8,375.9,364.9,0.6141,0.6141,0.0322,continue,0.0
btc_bybit_perp,zz100,LONG,2026-06-23 10:02:51,2026-06-23 13:31:09,3.47,62497.8,61965.9,-85.1,-96.1,0.4243,0.4243,0.0943,continue,0.0
btc_bybit_perp,zz100,SHORT,2026-06-23 13:31:09,2026-06-23 14:02:23,0.52,61965.9,62560.4,-95.9,-106.9,0.496,0.496,0.1509,continue,0.0
btc_bybit_perp,zz100,LONG,2026-06-23 14:02:23,2026-06-23 15:25:23,1.38,62560.4,62175.4,-61.5,-72.5,0.0966,-0.0966,0.2805,weakening,0.0
btc_bybit_perp,zz100,SHORT,2026-06-23 15:25:23,2026-06-23 16:13:00,0.79,62175.4,62800.0,-100.5,-111.5,0.696,0.696,0.1539,continue,0.0
btc_bybit_perp,zz100,LONG,2026-06-23 16:13:00,2026-06-23 18:42:49,2.5,62800.0,62166.0,-101.0,-112.0,0.4052,0.4052,0.1913,weakening,0.0
btc_bybit_perp,zz100,SHORT,2026-06-23 18:42:49,2026-06-23 22:07:05,3.4,62166.0,62700.0,-85.9,-96.9,0.4451,0.4451,0.1688,weakening,0.0
btc_bybit_perp,zz100,LONG,2026-06-23 22:07:05,2026-06-24 03:17:50,5.18,62700.0,62454.6,-39.1,-50.1,0.3655,0.3655,0.0208,continue,0.0
btc_bybit_perp,zz100,SHORT,2026-06-24 03:17:50,2026-06-24 11:48:50,8.52,62454.6,62920.4,-74.6,-85.6,0.2497,-0.2497,0.2326,weakening,0.0
btc_bybit_perp,zz100,LONG,2026-06-24 11:48:50,2026-06-24 13:00:42,1.2,62920.4,62545.4,-59.6,-70.6,0.3863,0.3863,0.0211,reversal,0.2416
btc_bybit_perp,zz100,SHORT,2026-06-24 13:00:42,2026-06-24 18:18:51,5.3,62545.4,59658.5,461.6,450.6,0.6114,0.6114,0.0018,continue,0.0
btc_bybit_perp,zz100,LONG,2026-06-24 18:18:51,2026-06-25 10:45:45,16.45,59658.5,61315.8,277.8,266.8,0.2834,0.2834,0.065,continue,0.0
btc_bybit_perp,zz100,SHORT,2026-06-25 10:45:45,2026-06-25 12:30:28,1.75,61315.8,61685.0,-60.2,-71.2,0.3883,0.3883,0.4523,continue,0.0
btc_bybit_perp,zz100,LONG,2026-06-25 12:30:28,2026-06-25 13:31:01,1.01,61685.0,61092.5,-96.1,-107.1,0.1038,0.1038,0.1425,weakening,0.0
btc_bybit_perp,zz100,SHORT,2026-06-25 13:31:01,2026-06-25 14:00:18,0.49,61092.5,58663.0,397.7,386.7,0.3692,0.3692,0.0467,continue,0.0
btc_bybit_perp,zz100,LONG,2026-06-25 14:00:18,2026-06-25 14:16:08,0.26,58663.0,59074.9,70.2,59.2,0.0724,0.0724,0.114,continue,0.0
btc_bybit_perp,zz100,SHORT,2026-06-25 14:16:08,2026-06-25 14:20:19,0.07,59074.9,59359.5,-48.2,-59.2,0.541,0.541,0.0339,continue,0.0
btc_bybit_perp,zz100,LONG,2026-06-25 14:20:19,2026-06-25 14:36:10,0.26,59359.5,59817.6,77.2,66.2,0.4682,0.4682,0.0287,reversal,0.2204
btc_bybit_perp,zz100,SHORT,2026-06-25 14:36:10,2026-06-25 15:36:21,1.0,59817.6,59474.3,57.4,46.4,0.1927,0.1927,0.0343,continue,0.0
btc_bybit_perp,zz100,LONG,2026-06-25 15:36:21,2026-06-25 16:31:58,0.93,59474.3,59400.7,-12.4,-23.4,0.5456,0.5456,0.2643,continue,0.0
btc_bybit_perp,zz100,SHORT,2026-06-25 16:31:58,2026-06-25 17:39:13,1.12,59400.7,59700.0,-50.4,-61.4,0.0893,0.0893,0.1332,weakening,0.0
btc_bybit_perp,zz100,LONG,2026-06-25 17:39:13,2026-06-25 19:23:48,1.74,59700.0,59162.0,-90.1,-101.1,0.1844,0.1844,0.1429,reversal,0.1782
btc_bybit_perp,zz100,SHORT,2026-06-25 19:23:48,2026-06-25 21:32:28,2.14,59162.0,59742.8,-98.2,-109.2,0.7429,0.7429,0.0959,continue,0.0
btc_bybit_perp,zz100,LONG,2026-06-25 21:32:28,2026-06-26 00:55:00,3.38,59742.8,59605.4,-23.0,-34.0,0.3994,0.3994,0.1435,continue,0.0
btc_bybit_perp,zz100,SHORT,2026-06-26 00:55:00,2026-06-26 02:30:16,1.59,59605.4,58934.6,112.5,101.5,0.2378,0.2378,0.1734,weakening,0.0
btc_bybit_perp,zz100,LONG,2026-06-26 02:30:16,2026-06-26 03:01:31,0.52,58934.6,58396.5,-91.3,-102.3,0.3586,0.3586,0.1168,weakening,0.0
btc_bybit_perp,zz100,SHORT,2026-06-26 03:01:31,2026-06-26 03:10:51,0.16,58396.5,58887.0,-84.0,-95.0,0.5347,0.5347,0.3401,weakening,0.0
btc_bybit_perp,zz100,LONG,2026-06-26 03:10:51,2026-06-26 09:03:52,5.88,58887.0,60103.2,206.5,195.5,0.5336,0.5336,0.1178,continue,0.0
btc_bybit_perp,zz100,SHORT,2026-06-26 09:03:52,2026-06-26 12:33:11,3.49,60103.2,59806.9,49.3,38.3,0.6138,0.6138,0.2172,reversal,0.1635
btc_bybit_perp,zz100,LONG,2026-06-26 12:33:11,2026-06-26 12:39:41,0.11,59806.9,59364.6,-74.0,-85.0,0.6397,0.6397,0.0091,continue,0.0
btc_bybit_perp,zz100,SHORT,2026-06-26 12:39:41,2026-06-26 12:46:12,0.11,59364.6,59541.7,-29.8,-40.8,0.5828,0.5828,0.0453,continue,0.0
btc_bybit_perp,zz100,LONG,2026-06-26 12:46:12,2026-06-26 13:10:28,0.4,59541.7,58966.4,-96.6,-107.6,0.5395,0.5395,0.0175,continue,0.0
btc_bybit_perp,zz100,SHORT,2026-06-26 13:10:28,2026-06-26 13:32:11,0.36,58966.4,59076.0,-18.6,-29.6,0.5847,0.5847,0.1394,weakening,0.0
btc_bybit_perp,zz100,LONG,2026-06-26 13:32:11,2026-06-26 14:36:31,1.07,59076.0,59654.0,97.8,86.8,0.263,0.263,0.3921,continue,0.0
btc_bybit_perp,zz100,SHORT,2026-06-26 14:36:31,2026-06-26 15:09:52,0.56,59654.0,59962.0,-51.6,-62.6,0.187,0.187,0.2504,weakening,0.0
btc_bybit_perp,zz100,LONG,2026-06-26 15:09:52,2026-06-26 16:20:58,1.19,59962.0,59951.7,-1.7,-12.7,0.794,0.794,0.0373,continue,0.0
btc_bybit_perp,zz100,SHORT,2026-06-26 16:20:58,2026-06-27 00:10:45,7.83,59951.7,60156.0,-34.1,-45.1,0.7522,0.7522,0.0299,flip_risk,0.0236
btc_bybit_perp,zz100,LONG,2026-06-27 00:10:45,2026-06-27 19:25:00,19.24,60156.0,60300.0,23.9,12.9,0.7522,0.7522,0.2575,continue,0.0
btc_bybit_perp,zz100,SHORT,2026-06-27 19:25:00,2026-06-28 08:38:09,13.22,60300.0,60360.6,-10.0,-21.0,0.6678,0.6678,0.0356,continue,0.0
btc_bybit_perp,zz100,LONG,2026-06-28 08:38:09,2026-06-28 15:09:00,6.51,60360.6,59898.0,-76.6,-87.6,0.7269,0.7269,0.0836,continue,0.0
btc_bybit_perp,zz100,SHORT,2026-06-28 15:09:00,2026-06-28 22:03:10,6.9,59898.0,59846.1,8.7,-2.3,0.7644,0.7644,0.0556,continue,0.0
btc_bybit_perp,zz100,LONG,2026-06-28 22:03:10,2026-06-28 22:19:24,0.27,59846.1,59277.2,-95.1,-106.1,0.2457,0.2457,0.0419,weakening,0.0
btc_bybit_perp,zz100,SHORT,2026-06-28 22:19:24,2026-06-28 23:28:33,1.15,59277.2,59469.9,-32.5,-43.5,0.105,0.105,0.2175,weakening,0.0
btc_bybit_perp,zz100,LONG,2026-06-28 23:28:33,2026-06-29 00:21:46,0.89,59469.9,59214.7,-42.9,-53.9,0.5505,0.5505,0.2179,continue,0.0
btc_bybit_perp,zz100,SHORT,2026-06-29 00:21:46,2026-06-29 00:55:14,0.56,59214.7,59566.0,-59.3,-70.3,0.4329,0.4329,0.0799,weakening,0.0
btc_bybit_perp,zz100,LONG,2026-06-29 00:55:14,2026-06-29 02:12:55,1.29,59566.0,59073.7,-82.6,-93.6,0.2288,0.2288,0.0116,weakening,0.0
btc_bybit_perp,zz100,SHORT,2026-06-29 02:12:55,2026-06-29 02:27:37,0.24,59073.7,59458.6,-65.2,-76.2,0.2238,0.2238,0.0425,weakening,0.0
btc_bybit_perp,zz100,LONG,2026-06-29 02:27:37,2026-06-29 05:05:05,2.62,59458.6,59570.0,18.7,7.7,0.3595,0.3595,0.1449,continue,0.0
btc_bybit_perp,zz100,SHORT,2026-06-29 05:05:05,2026-06-29 05:47:28,0.71,59570.0,59950.8,-63.9,-74.9,0.257,0.257,0.3746,continue,0.0
btc_bybit_perp,zz100,LONG,2026-06-29 05:47:28,2026-06-29 08:33:19,2.76,59950.8,59708.1,-40.5,-51.5,0.6357,0.6357,0.1742,continue,0.0
btc_bybit_perp,zz100,SHORT,2026-06-29 08:33:19,2026-06-29 10:10:02,1.61,59708.1,60303.1,-99.7,-110.7,0.4073,0.4073,0.04,continue,0.0
btc_bybit_perp,zz100,LONG,2026-06-29 10:10:02,2026-06-29 12:01:02,1.85,60303.1,59669.3,-105.1,-116.1,0.4679,0.4679,0.0035,continue,0.0
btc_bybit_perp,zz100,SHORT,2026-06-29 12:01:02,2026-06-29 12:03:38,0.04,59669.3,60174.7,-84.7,-95.7,0.5996,0.5996,0.1816,continue,0.0
btc_bybit_perp,zz100,LONG,2026-06-29 12:03:38,2026-06-29 12:38:01,0.57,60174.7,60155.9,-3.1,-14.1,0.2342,0.2342,0.0678,reversal,0.3009
btc_bybit_perp,zz100,SHORT,2026-06-29 12:38:01,2026-06-29 14:33:39,1.93,60155.9,59573.0,96.9,85.9,0.7357,0.7357,0.0093,weakening,0.0
btc_bybit_perp,zz100,LONG,2026-06-29 14:33:39,2026-06-29 15:12:21,0.65,59573.0,59073.3,-83.9,-94.9,0.1102,0.1102,0.2737,continue,0.0
btc_bybit_perp,zz100,SHORT,2026-06-29 15:12:21,2026-06-29 15:32:05,0.33,59073.3,59665.8,-100.3,-111.3,0.4591,0.4591,0.0462,weakening,0.0
btc_bybit_perp,zz100,LONG,2026-06-29 15:32:05,2026-06-30 00:25:22,8.89,59665.8,60041.7,63.0,52.0,0.5603,0.5603,0.0885,weakening,0.0
btc_bybit_perp,zz100,SHORT,2026-06-30 00:25:22,2026-06-30 14:00:42,13.59,60041.7,58818.3,203.8,192.8,0.6617,0.6617,0.097,reversal,0.3034
btc_bybit_perp,zz100,LONG,2026-06-30 14:00:42,2026-06-30 14:38:38,0.63,58818.3,58648.0,-29.0,-40.0,0.4877,0.4877,0.036,weakening,0.0
btc_bybit_perp,zz100,SHORT,2026-06-30 14:38:38,2026-06-30 15:46:09,1.13,58648.0,58754.3,-18.1,-29.1,0.1481,0.1481,0.0127,continue,0.0
btc_bybit_perp,zz100,LONG,2026-06-30 15:46:09,2026-07-01 01:05:23,9.32,58754.3,58266.7,-83.0,-94.0,0.4402,0.4402,0.0443,continue,0.0
btc_bybit_perp,zz100,SHORT,2026-07-01 01:05:23,2026-07-01 01:22:43,0.29,58266.7,58364.1,-16.7,-27.7,0.5759,0.5759,0.3562,continue,0.0
btc_bybit_perp,zz100,LONG,2026-07-01 01:22:43,2026-07-01 06:19:43,4.95,58364.1,58840.8,81.7,70.7,0.2442,0.2442,0.0051,weakening,0.0
btc_bybit_perp,zz100,SHORT,2026-07-01 06:19:43,2026-07-01 13:37:29,7.3,58840.8,58883.8,-7.3,-18.3,0.1304,0.1304,0.3812,continue,0.0
btc_bybit_perp,zz100,LONG,2026-07-01 13:37:29,2026-07-01 14:46:13,1.15,58883.8,59468.7,99.3,88.3,0.4236,0.4236,0.0259,continue,0.0
btc_bybit_perp,zz100,SHORT,2026-07-01 14:46:13,2026-07-01 15:21:16,0.58,59468.7,59996.3,-88.7,-99.7,0.0543,-0.0543,0.0169,weakening,0.0
btc_bybit_perp,zz100,LONG,2026-07-01 15:21:16,2026-07-01 16:52:47,1.53,59996.3,59907.6,-14.8,-25.8,0.3486,0.3486,0.1211,continue,0.0
btc_bybit_perp,zz100,SHORT,2026-07-01 16:52:47,2026-07-01 21:11:59,4.32,59907.6,60376.8,-78.3,-89.3,0.2164,0.2164,0.308,weakening,0.0
btc_bybit_perp,zz100,LONG,2026-07-01 21:11:59,2026-07-01 22:28:08,1.27,60376.8,60703.0,54.0,43.0,0.4077,0.4077,0.3405,continue,0.0
btc_bybit_perp,zz100,SHORT,2026-07-01 22:28:08,2026-07-02 01:32:08,3.07,60703.0,60163.2,88.9,77.9,0.5206,0.5206,0.1461,continue,0.0
btc_bybit_perp,zz100,LONG,2026-07-02 01:32:08,2026-07-02 05:49:25,4.29,60163.2,60494.2,55.0,44.0,0.6382,0.6382,0.0147,continue,0.0
btc_bybit_perp,zz100,SHORT,2026-07-02 05:49:25,2026-07-02 09:30:52,3.69,60494.2,60678.1,-30.4,-41.4,0.3361,0.3361,0.0916,weakening,0.0
btc_bybit_perp,zz100,LONG,2026-07-02 09:30:52,2026-07-02 14:27:54,4.95,60678.1,61556.5,144.8,133.8,0.5875,0.5875,0.2776,flip_risk,0.014
btc_bybit_perp,zz100,SHORT,2026-07-02 14:27:54,2026-07-02 16:49:24,2.36,61556.5,61744.3,-30.5,-41.5,0.56,0.56,0.2787,weakening,0.0
doge_bybit_perp,zz150,SHORT,2026-06-03 03:27:57,2026-06-03 04:04:00,0.6,0.09208,0.09216,-8.7,-19.7,0.3808,0.3808,0.3778,reversal,0.2102
doge_bybit_perp,zz150,LONG,2026-06-03 04:04:00,2026-06-03 15:21:08,11.29,0.09216,0.09306,97.7,86.7,0.4244,0.4244,0.0939,weakening,0.0
doge_bybit_perp,zz150,SHORT,2026-06-03 15:21:08,2026-06-03 17:33:39,2.21,0.09306,0.09291,16.1,5.1,0.8323,0.8323,0.183,weakening,0.0
doge_bybit_perp,zz150,LONG,2026-06-03 17:33:39,2026-06-03 19:55:12,2.36,0.09291,0.09157,-144.2,-155.2,0.3223,-0.3223,0.0611,weakening,0.0
doge_bybit_perp,zz150,SHORT,2026-06-03 19:55:12,2026-06-03 21:05:55,1.18,0.09157,0.09188,-33.9,-44.9,0.9779,0.9779,0.1501,continue,0.0
doge_bybit_perp,zz150,LONG,2026-06-03 21:05:55,2026-06-03 23:02:07,1.94,0.09188,0.09179,-9.8,-20.8,0.5587,0.5587,0.2762,continue,0.0
doge_bybit_perp,zz150,SHORT,2026-06-03 23:02:07,2026-06-04 02:05:34,3.06,0.09179,0.08717,503.3,492.3,0.661,0.661,0.0944,weakening,0.0
doge_bybit_perp,zz150,LONG,2026-06-04 02:05:34,2026-06-04 05:04:46,2.99,0.08717,0.09014,340.7,329.7,0.2009,0.2009,0.0299,weakening,0.0
doge_bybit_perp,zz150,SHORT,2026-06-04 05:04:46,2026-06-04 06:18:41,1.23,0.09014,0.09082,-75.4,-86.4,0.71,0.71,0.0159,weakening,0.0
doge_bybit_perp,zz150,LONG,2026-06-04 06:18:41,2026-06-04 07:03:07,0.74,0.09082,0.08954,-140.9,-151.9,0.632,0.632,0.0079,continue,0.0
doge_bybit_perp,zz150,SHORT,2026-06-04 07:03:07,2026-06-04 11:31:22,4.47,0.08954,0.08794,178.7,167.7,0.3549,0.3549,0.1834,continue,0.0
doge_bybit_perp,zz150,LONG,2026-06-04 11:31:22,2026-06-04 13:21:25,1.83,0.08794,0.08829,39.8,28.8,0.1106,0.1106,0.032,continue,0.0
doge_bybit_perp,zz150,SHORT,2026-06-04 13:21:25,2026-06-04 13:38:08,0.28,0.08829,0.08934,-118.9,-129.9,0.4173,0.4173,0.1393,continue,0.0
doge_bybit_perp,zz150,LONG,2026-06-04 13:38:08,2026-06-04 16:30:17,2.87,0.08934,0.08877,-63.8,-74.8,0.6964,0.6964,0.0724,continue,0.0
doge_bybit_perp,zz150,SHORT,2026-06-04 16:30:17,2026-06-04 18:30:11,2.0,0.08877,0.08978,-113.8,-124.8,0.6317,0.6317,0.429,weakening,0.0
doge_bybit_perp,zz150,LONG,2026-06-04 18:30:11,2026-06-04 20:04:29,1.57,0.08978,0.08861,-130.3,-141.3,0.2867,0.2867,0.072,weakening,0.0
doge_bybit_perp,zz150,SHORT,2026-06-04 20:04:29,2026-06-04 23:03:56,2.99,0.08861,0.08823,42.9,31.9,0.3886,0.3886,0.0129,continue,0.0
doge_bybit_perp,zz150,LONG,2026-06-04 23:03:56,2026-06-05 01:01:35,1.96,0.08823,0.08737,-97.5,-108.5,0.2278,0.2278,0.0349,flip_risk,0.0141
doge_bybit_perp,zz150,SHORT,2026-06-05 01:01:35,2026-06-05 01:30:27,0.48,0.08737,0.08825,-100.7,-111.7,0.6563,0.6563,0.4424,continue,0.0
doge_bybit_perp,zz150,LONG,2026-06-05 01:30:27,2026-06-05 02:29:36,0.99,0.08825,0.08691,-151.8,-162.8,0.1307,0.1307,0.0045,weakening,0.0
doge_bybit_perp,zz150,SHORT,2026-06-05 02:29:36,2026-06-05 04:25:57,1.94,0.08691,0.08694,-3.5,-14.5,0.5353,0.5353,0.0419,continue,0.0
doge_bybit_perp,zz150,LONG,2026-06-05 04:25:57,2026-06-05 05:41:14,1.25,0.08694,0.08581,-130.0,-141.0,0.8613,0.8613,0.3843,weakening,0.0
doge_bybit_perp,zz150,SHORT,2026-06-05 05:41:14,2026-06-05 06:27:24,0.77,0.08581,0.0833,292.5,281.5,0.6538,0.6538,0.0214,continue,0.0
doge_bybit_perp,zz150,LONG,2026-06-05 06:27:24,2026-06-05 07:02:11,0.58,0.0833,0.08316,-16.8,-27.8,0.2301,0.2301,0.2623,continue,0.0
doge_bybit_perp,zz150,SHORT,2026-06-05 07:02:11,2026-06-05 07:26:14,0.4,0.08316,0.08349,-39.7,-50.7,0.5524,0.5524,0.4748,continue,0.0
doge_bybit_perp,zz150,LONG,2026-06-05 07:26:14,2026-06-05 08:38:33,1.21,0.08349,0.08375,31.1,20.1,0.6576,0.6576,0.0705,continue,0.0
doge_bybit_perp,zz150,SHORT,2026-06-05 08:38:33,2026-06-05 09:13:50,0.59,0.08375,0.08455,-95.5,-106.5,0.3582,0.3582,0.7474,reversal,0.1926
doge_bybit_perp,zz150,LONG,2026-06-05 09:13:50,2026-06-05 11:59:04,2.75,0.08455,0.08403,-61.5,-72.5,0.5754,0.5754,0.3808,weakening,0.0
doge_bybit_perp,zz150,SHORT,2026-06-05 11:59:04,2026-06-05 13:04:51,1.1,0.08403,0.08408,-6.0,-17.0,0.7434,0.7434,0.0604,continue,0.0
doge_bybit_perp,zz150,LONG,2026-06-05 13:04:51,2026-06-05 13:45:30,0.68,0.08408,0.0836,-57.1,-68.1,0.0935,-0.0935,0.2578,continue,0.0
doge_bybit_perp,zz150,SHORT,2026-06-05 13:45:30,2026-06-05 14:08:18,0.38,0.0836,0.08254,126.8,115.8,0.0442,0.0442,0.5589,weakening,0.0
doge_bybit_perp,zz150,LONG,2026-06-05 14:08:18,2026-06-05 14:55:17,0.78,0.08254,0.08225,-35.1,-46.1,0.341,0.341,0.0785,weakening,0.0
doge_bybit_perp,zz150,SHORT,2026-06-05 14:55:17,2026-06-05 16:13:43,1.31,0.08225,0.08142,100.9,89.9,0.0583,-0.0583,0.0541,continue,0.0
doge_bybit_perp,zz150,LONG,2026-06-05 16:13:43,2026-06-05 16:33:52,0.34,0.08142,0.08164,27.0,16.0,0.1273,0.1273,0.1681,continue,0.0
doge_bybit_perp,zz150,SHORT,2026-06-05 16:33:52,2026-06-05 16:50:37,0.28,0.08164,0.08261,-118.8,-129.8,0.0773,0.0773,0.046,weakening,0.0
doge_bybit_perp,zz150,LONG,2026-06-05 16:50:37,2026-06-05 17:29:25,0.65,0.08261,0.08213,-58.1,-69.1,0.0363,-0.0363,0.5132,weakening,0.0
doge_bybit_perp,zz150,SHORT,2026-06-05 17:29:25,2026-06-05 19:29:55,2.01,0.08213,0.08014,242.3,231.3,0.0092,0.0092,0.0798,continue,0.0
doge_bybit_perp,zz150,LONG,2026-06-05 19:29:55,2026-06-05 20:03:00,0.55,0.08014,0.08056,52.4,41.4,0.3022,0.3022,0.0146,continue,0.0
doge_bybit_perp,zz150,SHORT,2026-06-05 20:03:00,2026-06-05 20:09:10,0.1,0.08056,0.0814,-104.3,-115.3,0.231,0.231,0.398,weakening,0.0
doge_bybit_perp,zz150,LONG,2026-06-05 20:09:10,2026-06-05 22:05:09,1.93,0.0814,0.08234,115.5,104.5,0.3512,0.3512,0.0307,continue,0.0
doge_bybit_perp,zz150,SHORT,2026-06-05 22:05:09,2026-06-06 00:00:21,1.92,0.08234,0.08168,80.2,69.2,0.3193,0.3193,0.3582,reversal,0.2241
doge_bybit_perp,zz150,LONG,2026-06-06 00:00:21,2026-06-06 02:01:03,2.01,0.08168,0.08173,6.1,-4.9,0.2471,0.2471,0.0615,weakening,0.0
doge_bybit_perp,zz150,SHORT,2026-06-06 02:01:03,2026-06-06 04:53:51,2.88,0.08173,0.07896,338.9,327.9,0.9645,0.9645,1.22,weakening,0.0
doge_bybit_perp,zz150,LONG,2026-06-06 04:53:51,2026-06-06 05:02:04,0.14,0.07896,0.07783,-143.1,-154.1,0.4094,0.4094,0.3173,continue,0.0
doge_bybit_perp,zz150,SHORT,2026-06-06 05:02:04,2026-06-06 05:10:33,0.14,0.07783,0.07876,-119.5,-130.5,0.3032,0.3032,0.0057,weakening,0.0
doge_bybit_perp,zz150,LONG,2026-06-06 05:10:33,2026-06-06 06:57:37,1.78,0.07876,0.08023,186.6,175.6,0.2707,0.2707,0.2225,continue,0.0
doge_bybit_perp,zz150,SHORT,2026-06-06 06:57:37,2026-06-06 07:15:15,0.29,0.08023,0.08143,-149.6,-160.6,0.3116,0.3116,0.0378,weakening,0.0
doge_bybit_perp,zz150,LONG,2026-06-06 07:15:15,2026-06-06 09:49:33,2.57,0.08143,0.08128,-18.4,-29.4,0.2472,-0.2472,0.1039,continue,0.0
doge_bybit_perp,zz150,SHORT,2026-06-06 09:49:33,2026-06-06 11:17:48,1.47,0.08128,0.08111,20.9,9.9,0.2572,0.2572,0.028,continue,0.0
doge_bybit_perp,zz150,LONG,2026-06-06 11:17:48,2026-06-06 15:06:29,3.81,0.08111,0.08123,14.8,3.8,0.8087,0.8087,0.644,continue,0.0
doge_bybit_perp,zz150,SHORT,2026-06-06 15:06:29,2026-06-06 21:34:28,6.47,0.08123,0.08163,-49.2,-60.2,0.5044,0.5044,0.4924,continue,0.0
doge_bybit_perp,zz150,LONG,2026-06-06 21:34:28,2026-06-07 10:01:00,12.44,0.08163,0.08465,370.0,359.0,0.4179,0.4179,0.3427,continue,0.0
doge_bybit_perp,zz150,SHORT,2026-06-07 10:01:00,2026-06-07 14:20:43,4.33,0.08465,0.08444,24.8,13.8,0.7793,0.7793,0.3642,continue,0.0
doge_bybit_perp,zz150,LONG,2026-06-07 14:20:43,2026-06-07 19:01:45,4.68,0.08444,0.08397,-55.7,-66.7,0.2775,0.2775,0.1933,weakening,0.0
doge_bybit_perp,zz150,SHORT,2026-06-07 19:01:45,2026-06-07 20:51:10,1.82,0.08397,0.08421,-28.6,-39.6,0.6562,0.6562,0.0084,continue,0.0
doge_bybit_perp,zz150,LONG,2026-06-07 20:51:10,2026-06-07 22:19:48,1.48,0.08421,0.08616,231.6,220.6,0.3598,0.3598,0.1519,weakening,0.0
doge_bybit_perp,zz150,SHORT,2026-06-07 22:19:48,2026-06-08 00:36:54,2.29,0.08616,0.08662,-53.4,-64.4,0.0159,0.0159,0.0326,continue,0.0
doge_bybit_perp,zz150,LONG,2026-06-08 00:36:54,2026-06-08 01:10:46,0.56,0.08662,0.08547,-132.8,-143.8,0.2617,0.2617,0.0535,reversal,0.1834
doge_bybit_perp,zz150,SHORT,2026-06-08 01:10:46,2026-06-08 03:10:33,2.0,0.08547,0.08616,-80.7,-91.7,0.2855,0.2855,0.2764,continue,0.0
doge_bybit_perp,zz150,LONG,2026-06-08 03:10:33,2026-06-08 04:40:22,1.5,0.08616,0.08494,-141.6,-152.6,0.449,0.449,0.3985,continue,0.0
doge_bybit_perp,zz150,SHORT,2026-06-08 04:40:22,2026-06-08 07:30:25,2.83,0.08494,0.08559,-76.5,-87.5,0.8756,0.8756,0.0353,continue,0.0
doge_bybit_perp,zz150,LONG,2026-06-08 07:30:25,2026-06-08 17:03:35,9.55,0.08559,0.08616,66.6,55.6,0.7649,0.7649,0.0678,reversal,0.3122
doge_bybit_perp,zz150,SHORT,2026-06-08 17:03:35,2026-06-08 21:14:39,4.18,0.08616,0.0874,-143.9,-154.9,0.6045,0.6045,0.271,continue,0.0
doge_bybit_perp,zz150,LONG,2026-06-08 21:14:39,2026-06-08 23:55:17,2.68,0.0874,0.08613,-145.3,-156.3,0.2118,0.2118,0.3179,weakening,0.0
doge_bybit_perp,zz150,SHORT,2026-06-08 23:55:17,2026-06-09 04:34:21,4.65,0.08613,0.08578,40.6,29.6,0.9488,0.9488,0.0161,flip_risk,0.0929
doge_bybit_perp,zz150,LONG,2026-06-09 04:34:21,2026-06-09 09:33:30,4.99,0.08578,0.08537,-47.8,-58.8,0.8991,0.8991,0.0145,continue,0.0
doge_bybit_perp,zz150,SHORT,2026-06-09 09:33:30,2026-06-09 16:59:06,7.43,0.08537,0.08436,118.3,107.3,0.7139,0.7139,0.1666,continue,0.0
doge_bybit_perp,zz150,LONG,2026-06-09 16:59:06,2026-06-10 00:43:14,7.74,0.08436,0.08433,-3.6,-14.6,0.3073,-0.3073,0.3075,continue,0.0
doge_bybit_perp,zz150,SHORT,2026-06-10 00:43:14,2026-06-10 12:30:24,11.79,0.08433,0.08407,30.8,19.8,0.8794,0.8794,0.8482,continue,0.0
doge_bybit_perp,zz150,LONG,2026-06-10 12:30:24,2026-06-10 16:46:23,4.27,0.08407,0.0841,3.6,-7.4,0.66,0.66,1.1086,weakening,0.0
doge_bybit_perp,zz150,SHORT,2026-06-10 16:46:23,2026-06-10 23:23:53,6.62,0.0841,0.08302,128.4,117.4,0.2796,0.2796,0.0395,reversal,0.2047
doge_bybit_perp,zz150,LONG,2026-06-10 23:23:53,2026-06-11 12:23:15,12.99,0.08302,0.08422,144.5,133.5,0.8623,0.8623,0.052,continue,0.0
doge_bybit_perp,zz150,SHORT,2026-06-11 12:23:15,2026-06-11 17:30:03,5.11,0.08422,0.08554,-156.7,-167.7,0.8284,0.8284,0.295,continue,0.0
doge_bybit_perp,zz150,LONG,2026-06-11 17:30:03,2026-06-12 01:01:42,7.53,0.08554,0.08572,21.0,10.0,0.211,0.211,0.1546,weakening,0.0
doge_bybit_perp,zz150,SHORT,2026-06-12 01:01:42,2026-06-12 04:31:11,3.49,0.08572,0.08685,-131.8,-142.8,0.3913,0.3913,0.2049,reversal,0.5195
doge_bybit_perp,zz150,LONG,2026-06-12 04:31:11,2026-06-12 06:31:19,2.0,0.08685,0.08601,-96.7,-107.7,0.5656,0.5656,0.157,weakening,0.0
doge_bybit_perp,zz150,SHORT,2026-06-12 06:31:19,2026-06-12 08:17:20,1.77,0.08601,0.08633,-37.2,-48.2,0.529,0.529,0.8979,weakening,0.0
doge_bybit_perp,zz150,LONG,2026-06-12 08:17:20,2026-06-12 14:40:14,6.38,0.08633,0.09099,539.8,528.8,0.0556,0.0556,0.0741,continue,0.0
doge_bybit_perp,zz150,SHORT,2026-06-12 14:40:14,2026-06-12 14:58:55,0.31,0.09099,0.09056,47.3,36.3,0.0896,0.0896,0.0321,flip_risk,0.0194
doge_bybit_perp,zz150,LONG,2026-06-12 14:58:55,2026-06-12 15:20:47,0.36,0.09056,0.08938,-130.3,-141.3,0.6758,0.6758,0.0205,continue,0.0
doge_bybit_perp,zz150,SHORT,2026-06-12 15:20:47,2026-06-12 16:38:29,1.29,0.08938,0.08841,108.5,97.5,0.0467,-0.0467,0.1372,continue,0.0
doge_bybit_perp,zz150,LONG,2026-06-12 16:38:29,2026-06-12 18:07:41,1.49,0.08841,0.08761,-90.5,-101.5,0.4474,0.4474,0.0057,continue,0.0
doge_bybit_perp,zz150,SHORT,2026-06-12 18:07:41,2026-06-13 02:09:50,8.04,0.08761,0.08683,89.0,78.0,0.8167,0.8167,0.1477,continue,0.0
doge_bybit_perp,zz150,LONG,2026-06-13 02:09:50,2026-06-13 17:04:37,14.91,0.08683,0.08742,67.9,56.9,0.1449,0.1449,0.0255,weakening,0.0
doge_bybit_perp,zz150,SHORT,2026-06-13 17:04:37,2026-06-14 21:15:37,28.18,0.08742,0.08694,54.9,43.9,0.7346,0.7346,0.2304,continue,0.0
doge_bybit_perp,zz150,LONG,2026-06-14 21:15:37,2026-06-15 14:36:18,17.34,0.08694,0.08947,291.0,280.0,0.086,0.086,0.0276,weakening,0.0
doge_bybit_perp,zz150,SHORT,2026-06-15 14:36:18,2026-06-15 15:47:14,1.18,0.08947,0.0904,-103.9,-114.9,0.5153,0.5153,0.0869,weakening,0.0
doge_bybit_perp,zz150,LONG,2026-06-15 15:47:14,2026-06-15 17:32:48,1.76,0.0904,0.0893,-121.7,-132.7,0.6803,0.6803,0.0414,weakening,0.0
doge_bybit_perp,zz150,SHORT,2026-06-15 17:32:48,2026-06-16 08:17:54,14.75,0.0893,0.08802,143.3,132.3,0.4107,0.4107,0.866,reversal,0.4473
doge_bybit_perp,zz150,LONG,2026-06-16 08:17:54,2026-06-16 13:09:23,4.86,0.08802,0.08767,-39.8,-50.8,0.3461,0.3461,0.2631,continue,0.0
doge_bybit_perp,zz150,SHORT,2026-06-16 13:09:23,2026-06-16 18:02:23,4.88,0.08767,0.08754,14.8,3.8,0.7029,0.7029,0.0525,weakening,0.0
doge_bybit_perp,zz150,LONG,2026-06-16 18:02:23,2026-06-17 06:40:47,12.64,0.08754,0.08674,-91.4,-102.4,0.3577,0.3577,0.3705,continue,0.0
doge_bybit_perp,zz150,SHORT,2026-06-17 06:40:47,2026-06-17 15:38:31,8.96,0.08674,0.08674,-0.0,-11.0,0.8804,0.8804,0.0442,continue,0.0
doge_bybit_perp,zz150,LONG,2026-06-17 15:38:31,2026-06-17 18:05:08,2.44,0.08674,0.08641,-38.0,-49.0,0.5951,0.5951,0.0893,weakening,0.0
doge_bybit_perp,zz150,SHORT,2026-06-17 18:05:08,2026-06-17 18:38:33,0.56,0.08641,0.0871,-79.9,-90.9,0.5974,0.5974,0.1801,continue,0.0
doge_bybit_perp,zz150,LONG,2026-06-17 18:38:33,2026-06-17 19:18:00,0.66,0.0871,0.08649,-70.0,-81.0,0.6879,0.6879,0.0008,continue,0.0
doge_bybit_perp,zz150,SHORT,2026-06-17 19:18:00,2026-06-17 23:02:25,3.74,0.08649,0.08593,64.7,53.7,0.5812,0.5812,0.0971,weakening,0.0
doge_bybit_perp,zz150,LONG,2026-06-17 23:02:25,2026-06-18 03:42:26,4.67,0.08593,0.08513,-93.1,-104.1,0.3741,0.3741,0.0046,weakening,0.0
doge_bybit_perp,zz150,SHORT,2026-06-18 03:42:26,2026-06-18 08:38:53,4.94,0.08513,0.08516,-3.5,-14.5,0.4681,0.4681,0.0232,continue,0.0
doge_bybit_perp,zz150,LONG,2026-06-18 08:38:53,2026-06-18 13:44:23,5.09,0.08516,0.08391,-146.8,-157.8,0.5034,0.5034,0.0244,continue,0.0
doge_bybit_perp,zz150,SHORT,2026-06-18 13:44:23,2026-06-18 20:00:47,6.27,0.08391,0.08304,103.7,92.7,0.1622,0.1622,0.3888,continue,0.0
doge_bybit_perp,zz150,LONG,2026-06-18 20:00:47,2026-06-19 03:15:58,7.25,0.08304,0.08264,-48.2,-59.2,0.5272,0.5272,0.2661,reversal,0.1838
doge_bybit_perp,zz150,SHORT,2026-06-19 03:15:58,2026-06-19 13:45:23,10.49,0.08264,0.08318,-65.3,-76.3,0.9403,0.9403,0.1816,weakening,0.0
doge_bybit_perp,zz150,LONG,2026-06-19 13:45:23,2026-06-20 14:05:18,24.33,0.08318,0.08296,-26.4,-37.4,0.6965,0.6965,0.1467,continue,0.0
doge_bybit_perp,zz150,SHORT,2026-06-20 14:05:18,2026-06-20 14:46:27,0.69,0.08296,0.08387,-109.7,-120.7,0.8519,0.8519,0.0887,continue,0.0
doge_bybit_perp,zz150,LONG,2026-06-20 14:46:27,2026-06-20 17:35:13,2.81,0.08387,0.08286,-120.4,-131.4,0.6515,0.6515,0.3911,weakening,0.0
doge_bybit_perp,zz150,SHORT,2026-06-20 17:35:13,2026-06-22 01:03:06,31.46,0.08286,0.08333,-56.7,-67.7,0.1967,-0.1967,0.214,weakening,0.0
doge_bybit_perp,zz150,LONG,2026-06-22 01:03:06,2026-06-22 03:01:53,1.98,0.08333,0.0829,-51.6,-62.6,0.873,0.873,0.0755,weakening,0.0
doge_bybit_perp,zz150,SHORT,2026-06-22 03:01:53,2026-06-22 11:06:02,8.07,0.0829,0.08399,-131.5,-142.5,0.0536,-0.0536,0.0817,continue,0.0
doge_bybit_perp,zz150,LONG,2026-06-22 11:06:02,2026-06-22 14:31:48,3.43,0.08399,0.08375,-28.6,-39.6,0.3946,0.3946,0.3506,continue,0.0
doge_bybit_perp,zz150,SHORT,2026-06-22 14:31:48,2026-06-23 11:40:16,21.14,0.08375,0.07951,506.3,495.3,0.4074,0.4074,0.1491,weakening,0.0
doge_bybit_perp,zz150,LONG,2026-06-23 11:40:16,2026-06-23 15:23:12,3.72,0.07951,0.07859,-115.7,-126.7,0.3845,0.3845,0.0281,weakening,0.0
doge_bybit_perp,zz150,SHORT,2026-06-23 15:23:12,2026-06-24 01:31:49,10.14,0.07859,0.07946,-110.7,-121.7,0.7948,0.7948,0.2505,continue,0.0
doge_bybit_perp,zz150,LONG,2026-06-24 01:31:49,2026-06-24 04:24:57,2.89,0.07946,0.07852,-118.3,-129.3,0.7062,0.7062,0.4118,weakening,0.0
doge_bybit_perp,zz150,SHORT,2026-06-24 04:24:57,2026-06-24 11:49:16,7.41,0.07852,0.0792,-86.6,-97.6,0.3694,0.3694,0.2361,weakening,0.0
doge_bybit_perp,zz150,LONG,2026-06-24 11:49:16,2026-06-24 13:03:50,1.24,0.0792,0.07831,-112.4,-123.4,0.7266,0.7266,0.5353,continue,0.0
doge_bybit_perp,zz150,SHORT,2026-06-24 13:03:50,2026-06-24 18:18:53,5.25,0.07831,0.07391,561.9,550.9,0.0834,-0.0834,0.0297,reversal,0.1659
doge_bybit_perp,zz150,LONG,2026-06-24 18:18:53,2026-06-25 10:44:41,16.43,0.07391,0.07629,322.0,311.0,0.6923,0.6923,0.3548,continue,0.0
doge_bybit_perp,zz150,SHORT,2026-06-25 10:44:41,2026-06-25 14:00:12,3.26,0.07629,0.07248,499.4,488.4,0.3363,-0.3363,0.4815,weakening,0.0
doge_bybit_perp,zz150,LONG,2026-06-25 14:00:12,2026-06-25 14:40:11,0.67,0.07248,0.07334,118.7,107.7,0.1119,0.1119,0.0102,weakening,0.0
doge_bybit_perp,zz150,SHORT,2026-06-25 14:40:11,2026-06-25 15:55:16,1.25,0.07334,0.07323,15.0,4.0,0.3454,0.3454,0.0664,continue,0.0
doge_bybit_perp,zz150,LONG,2026-06-25 15:55:16,2026-06-25 18:14:11,2.32,0.07323,0.0741,118.8,107.8,0.2641,0.2641,0.1119,reversal,0.1513
doge_bybit_perp,zz150,SHORT,2026-06-25 18:14:11,2026-06-25 20:26:51,2.21,0.0741,0.074,13.5,2.5,0.4676,0.4676,0.0449,weakening,0.0
doge_bybit_perp,zz150,LONG,2026-06-25 20:26:51,2026-06-26 01:24:55,4.97,0.074,0.07416,21.6,10.6,0.6104,0.6104,1.5488,continue,0.0
doge_bybit_perp,zz150,SHORT,2026-06-26 01:24:55,2026-06-26 03:10:56,1.77,0.07416,0.07319,130.8,119.8,0.1862,0.1862,0.5187,weakening,0.0
doge_bybit_perp,zz150,LONG,2026-06-26 03:10:56,2026-06-26 09:51:31,6.68,0.07319,0.07414,129.8,118.8,0.806,0.806,0.0345,continue,0.0
doge_bybit_perp,zz150,SHORT,2026-06-26 09:51:31,2026-06-26 13:47:18,3.93,0.07414,0.07386,37.8,26.8,0.2487,0.2487,0.5897,weakening,0.0
doge_bybit_perp,zz150,LONG,2026-06-26 13:47:18,2026-06-27 11:28:13,21.68,0.07386,0.07493,144.9,133.9,0.3552,0.3552,0.0648,continue,0.0
doge_bybit_perp,zz150,SHORT,2026-06-27 11:28:13,2026-06-27 15:09:37,3.69,0.07493,0.07607,-152.1,-163.1,0.0866,-0.0866,0.0762,reversal,0.2163
doge_bybit_perp,zz150,LONG,2026-06-27 15:09:37,2026-06-27 18:06:15,2.94,0.07607,0.07523,-110.4,-121.4,0.9537,0.9537,0.0253,continue,0.0
doge_bybit_perp,zz150,SHORT,2026-06-27 18:06:15,2026-06-28 22:03:10,27.95,0.07523,0.07359,218.0,207.0,0.9267,0.9267,0.0003,continue,0.0
doge_bybit_perp,zz150,LONG,2026-06-28 22:03:10,2026-06-28 22:52:11,0.82,0.07359,0.07255,-141.3,-152.3,0.4401,0.4401,0.1385,continue,0.0
doge_bybit_perp,zz150,SHORT,2026-06-28 22:52:11,2026-06-28 23:38:15,0.77,0.07255,0.07325,-96.5,-107.5,0.3782,-0.3782,0.0704,weakening,0.0
doge_bybit_perp,zz150,LONG,2026-06-28 23:38:15,2026-06-29 00:31:33,0.89,0.07325,0.07225,-136.5,-147.5,0.28,0.28,0.2907,weakening,0.0
doge_bybit_perp,zz150,SHORT,2026-06-29 00:31:33,2026-06-29 00:58:44,0.45,0.07225,0.07326,-139.8,-150.8,0.8447,0.8447,0.0211,continue,0.0
doge_bybit_perp,zz150,LONG,2026-06-29 00:58:44,2026-06-29 02:13:11,1.24,0.07326,0.07221,-143.3,-154.3,0.5568,0.5568,0.0124,continue,0.0
doge_bybit_perp,zz150,SHORT,2026-06-29 02:13:11,2026-06-29 02:27:38,0.24,0.07221,0.073,-109.4,-120.4,0.6675,0.6675,0.1154,continue,0.0
doge_bybit_perp,zz150,LONG,2026-06-29 02:27:38,2026-06-29 04:40:38,2.22,0.073,0.0725,-68.5,-79.5,0.5765,0.5765,0.4158,continue,0.0
doge_bybit_perp,zz150,SHORT,2026-06-29 04:40:38,2026-06-29 06:00:39,1.33,0.0725,0.07311,-84.1,-95.1,0.693,0.693,0.07,continue,0.0
doge_bybit_perp,zz150,LONG,2026-06-29 06:00:39,2026-06-29 08:26:43,2.43,0.07311,0.07234,-105.3,-116.3,0.4555,0.4555,0.3887,weakening,0.0
doge_bybit_perp,zz150,SHORT,2026-06-29 08:26:43,2026-06-29 12:05:07,3.64,0.07234,0.0733,-132.7,-143.7,0.2386,0.2386,0.1221,flip_risk,0.0374
doge_bybit_perp,zz150,LONG,2026-06-29 12:05:07,2026-06-29 12:52:02,0.78,0.0733,0.07274,-76.4,-87.4,0.5998,0.5998,0.0669,weakening,0.0
doge_bybit_perp,zz150,SHORT,2026-06-29 12:52:02,2026-06-29 17:03:37,4.19,0.07274,0.07303,-39.9,-50.9,0.0045,-0.0045,0.7545,continue,0.0
doge_bybit_perp,zz150,LONG,2026-06-29 17:03:37,2026-06-30 00:28:15,7.41,0.07303,0.07307,5.5,-5.5,0.5948,0.5948,0.4412,flip_risk,0.0618
doge_bybit_perp,zz150,SHORT,2026-06-30 00:28:15,2026-06-30 13:30:20,13.03,0.07307,0.07049,353.1,342.1,0.2926,0.2926,0.0281,reversal,0.3942
doge_bybit_perp,zz150,LONG,2026-06-30 13:30:20,2026-06-30 14:54:40,1.41,0.07049,0.0702,-41.1,-52.1,0.7434,0.7434,0.4802,continue,0.0
doge_bybit_perp,zz150,SHORT,2026-06-30 14:54:40,2026-06-30 16:10:16,1.26,0.0702,0.07124,-148.1,-159.1,0.0039,-0.0039,0.0369,weakening,0.0
doge_bybit_perp,zz150,LONG,2026-06-30 16:10:16,2026-07-01 01:04:56,8.91,0.07124,0.07154,42.1,31.1,0.0867,-0.0867,0.1389,reversal,0.2109
doge_bybit_perp,zz150,SHORT,2026-07-01 01:04:56,2026-07-01 01:38:46,0.56,0.07154,0.07158,-5.6,-16.6,0.2033,0.2033,0.2754,continue,0.0
doge_bybit_perp,zz150,LONG,2026-07-01 01:38:46,2026-07-01 06:36:09,4.96,0.07158,0.07142,-22.4,-33.4,0.5084,0.5084,0.0136,continue,0.0
doge_bybit_perp,zz150,SHORT,2026-07-01 06:36:09,2026-07-01 13:23:17,6.79,0.07142,0.07186,-61.6,-72.6,0.9083,0.9083,0.0186,continue,0.0
doge_bybit_perp,zz150,LONG,2026-07-01 13:23:17,2026-07-01 23:02:10,9.65,0.07186,0.07278,128.0,117.0,0.5406,0.5406,0.0752,reversal,0.3038
doge_bybit_perp,zz150,SHORT,2026-07-01 23:02:10,2026-07-02 01:40:26,2.64,0.07278,0.07278,-0.0,-11.0,0.4022,0.4022,0.0174,weakening,0.0
doge_bybit_perp,zz150,LONG,2026-07-02 01:40:26,2026-07-02 07:21:39,5.69,0.07278,0.07233,-61.8,-72.8,0.9192,0.9192,0.0118,continue,0.0
doge_bybit_perp,zz150,SHORT,2026-07-02 07:21:39,2026-07-02 09:36:35,2.25,0.07233,0.07335,-141.0,-152.0,0.4623,-0.4623,0.0265,weakening,0.0
doge_bybit_perp,zz150,LONG,2026-07-02 09:36:35,2026-07-02 14:35:20,4.98,0.07335,0.07438,140.4,129.4,0.9399,0.9399,0.0006,weakening,0.0
doge_bybit_perp,zz100,LONG,2026-06-03 00:33:49,2026-06-03 01:12:47,0.65,0.09342,0.09255,-93.1,-104.1,0.3497,0.3497,0.4292,continue,0.0
doge_bybit_perp,zz100,SHORT,2026-06-03 01:12:47,2026-06-03 03:56:03,2.72,0.09255,0.09171,90.8,79.8,0.3808,0.3808,0.3778,reversal,0.2102
doge_bybit_perp,zz100,LONG,2026-06-03 03:56:03,2026-06-03 09:45:08,5.82,0.09171,0.09355,200.6,189.6,0.4244,0.4244,0.0939,weakening,0.0
doge_bybit_perp,zz100,SHORT,2026-06-03 09:45:08,2026-06-03 10:10:10,0.42,0.09355,0.09435,-85.5,-96.5,0.8323,0.8323,0.183,weakening,0.0
doge_bybit_perp,zz100,LONG,2026-06-03 10:10:10,2026-06-03 14:21:11,4.18,0.09435,0.09353,-86.9,-97.9,0.8881,0.8881,0.0291,continue,0.0
doge_bybit_perp,zz100,SHORT,2026-06-03 14:21:11,2026-06-03 17:00:57,2.66,0.09353,0.09245,115.5,104.5,0.7782,0.7782,0.1737,weakening,0.0
doge_bybit_perp,zz100,LONG,2026-06-03 17:00:57,2026-06-03 18:16:45,1.26,0.09245,0.09208,-40.0,-51.0,0.3223,-0.3223,0.0611,weakening,0.0
doge_bybit_perp,zz100,SHORT,2026-06-03 18:16:45,2026-06-03 18:55:44,0.65,0.09208,0.09291,-90.1,-101.1,0.9779,0.9779,0.1501,continue,0.0
doge_bybit_perp,zz100,LONG,2026-06-03 18:55:44,2026-06-03 19:26:31,0.51,0.09291,0.09202,-95.8,-106.8,0.6533,0.6533,0.0873,continue,0.0
doge_bybit_perp,zz100,SHORT,2026-06-03 19:26:31,2026-06-03 20:12:24,0.76,0.09202,0.09218,-17.4,-28.4,0.6146,0.6146,0.0895,continue,0.0
doge_bybit_perp,zz100,LONG,2026-06-03 20:12:24,2026-06-03 20:45:49,0.56,0.09218,0.09138,-86.8,-97.8,0.2365,0.2365,0.5582,weakening,0.0
doge_bybit_perp,zz100,SHORT,2026-06-03 20:45:49,2026-06-03 21:02:42,0.28,0.09138,0.09144,-6.6,-17.6,0.8365,0.8365,0.1418,continue,0.0
doge_bybit_perp,zz100,LONG,2026-06-03 21:02:42,2026-06-03 22:17:10,1.24,0.09144,0.09225,88.6,77.6,0.5587,0.5587,0.2762,continue,0.0
doge_bybit_perp,zz100,SHORT,2026-06-03 22:17:10,2026-06-04 00:31:08,2.23,0.09225,0.09069,169.1,158.1,0.661,0.661,0.0944,weakening,0.0
doge_bybit_perp,zz100,LONG,2026-06-04 00:31:08,2026-06-04 00:39:23,0.14,0.09069,0.08996,-80.5,-91.5,0.6102,0.6102,0.0557,weakening,0.0
doge_bybit_perp,zz100,SHORT,2026-06-04 00:39:23,2026-06-04 00:43:44,0.07,0.08996,0.09078,-91.2,-102.2,0.5554,-0.5554,0.8459,weakening,0.0
doge_bybit_perp,zz100,LONG,2026-06-04 00:43:44,2026-06-04 01:14:09,0.51,0.09078,0.09018,-66.1,-77.1,0.3478,0.3478,0.0375,continue,0.0
doge_bybit_perp,zz100,SHORT,2026-06-04 01:14:09,2026-06-04 01:26:31,0.21,0.09018,0.08979,43.2,32.2,0.6377,0.6377,0.1957,flip_risk,0.0035
doge_bybit_perp,zz100,LONG,2026-06-04 01:26:31,2026-06-04 01:49:49,0.39,0.08979,0.08924,-61.3,-72.3,0.4217,0.4217,0.2423,continue,0.0
doge_bybit_perp,zz100,SHORT,2026-06-04 01:49:49,2026-06-04 02:05:25,0.26,0.08924,0.08675,279.0,268.0,0.4639,0.4639,0.1997,continue,0.0
doge_bybit_perp,zz100,LONG,2026-06-04 02:05:25,2026-06-04 05:00:17,2.91,0.08675,0.09059,442.7,431.7,0.2009,0.2009,0.0299,weakening,0.0
doge_bybit_perp,zz100,SHORT,2026-06-04 05:00:17,2026-06-04 05:35:19,0.58,0.09059,0.09038,23.2,12.2,0.71,0.71,0.0159,weakening,0.0
doge_bybit_perp,zz100,LONG,2026-06-04 05:35:19,2026-06-04 06:52:19,1.28,0.09038,0.08999,-43.2,-54.2,0.632,0.632,0.0079,continue,0.0
doge_bybit_perp,zz100,SHORT,2026-06-04 06:52:19,2026-06-04 08:29:46,1.62,0.08999,0.08877,135.6,124.6,0.3549,0.3549,0.1834,continue,0.0
doge_bybit_perp,zz100,LONG,2026-06-04 08:29:46,2026-06-04 09:03:34,0.56,0.08877,0.0882,-64.2,-75.2,0.5711,0.5711,0.0016,continue,0.0
doge_bybit_perp,zz100,SHORT,2026-06-04 09:03:34,2026-06-04 09:45:50,0.7,0.0882,0.08783,42.0,31.0,0.1848,0.1848,0.0006,flip_risk,0.0602
doge_bybit_perp,zz100,LONG,2026-06-04 09:45:50,2026-06-04 10:47:39,1.03,0.08783,0.08707,-86.5,-97.5,0.0245,0.0245,0.2593,continue,0.0
doge_bybit_perp,zz100,SHORT,2026-06-04 10:47:39,2026-06-04 11:19:54,0.54,0.08707,0.0875,-49.4,-60.4,0.8437,0.8437,0.1915,weakening,0.0
doge_bybit_perp,zz100,LONG,2026-06-04 11:19:54,2026-06-04 11:42:25,0.38,0.0875,0.08714,-41.1,-52.1,0.1106,0.1106,0.032,continue,0.0
doge_bybit_perp,zz100,SHORT,2026-06-04 11:42:25,2026-06-04 11:56:15,0.23,0.08714,0.0878,-75.7,-86.7,0.723,0.723,0.0455,continue,0.0
doge_bybit_perp,zz100,LONG,2026-06-04 11:56:15,2026-06-04 13:17:23,1.35,0.0878,0.08874,107.1,96.1,0.9233,0.9233,0.0525,continue,0.0
doge_bybit_perp,zz100,SHORT,2026-06-04 13:17:23,2026-06-04 13:31:07,0.23,0.08874,0.08889,-16.9,-27.9,0.4173,0.4173,0.1393,continue,0.0
doge_bybit_perp,zz100,LONG,2026-06-04 13:31:07,2026-06-04 15:22:20,1.85,0.08889,0.08919,33.7,22.7,0.6964,0.6964,0.0724,continue,0.0
doge_bybit_perp,zz100,SHORT,2026-06-04 15:22:20,2026-06-04 17:52:02,2.5,0.08919,0.08929,-11.2,-22.2,0.6317,0.6317,0.429,weakening,0.0
doge_bybit_perp,zz100,LONG,2026-06-04 17:52:02,2026-06-04 18:11:29,0.32,0.08929,0.08866,-70.6,-81.6,0.2867,0.2867,0.072,weakening,0.0
doge_bybit_perp,zz100,SHORT,2026-06-04 18:11:29,2026-06-04 18:29:21,0.3,0.08866,0.08955,-100.4,-111.4,0.3129,0.3129,0.2062,continue,0.0
doge_bybit_perp,zz100,LONG,2026-06-04 18:29:21,2026-06-04 19:44:58,1.26,0.08955,0.08908,-52.5,-63.5,0.0718,-0.0718,0.3349,continue,0.0
doge_bybit_perp,zz100,SHORT,2026-06-04 19:44:58,2026-06-04 22:56:04,3.19,0.08908,0.08779,144.8,133.8,0.3886,0.3886,0.0129,continue,0.0
doge_bybit_perp,zz100,LONG,2026-06-04 22:56:04,2026-06-04 23:19:13,0.39,0.08779,0.08761,-20.5,-31.5,0.2278,0.2278,0.0349,flip_risk,0.0141
doge_bybit_perp,zz100,SHORT,2026-06-04 23:19:13,2026-06-04 23:41:58,0.38,0.08761,0.08833,-82.2,-93.2,0.0512,-0.0512,0.0025,weakening,0.0
doge_bybit_perp,zz100,LONG,2026-06-04 23:41:58,2026-06-05 00:58:21,1.27,0.08833,0.08784,-55.5,-66.5,0.7856,0.7856,0.1655,continue,0.0
doge_bybit_perp,zz100,SHORT,2026-06-05 00:58:21,2026-06-05 01:17:46,0.32,0.08784,0.08782,2.3,-8.7,0.6563,0.6563,0.4424,continue,0.0
doge_bybit_perp,zz100,LONG,2026-06-05 01:17:46,2026-06-05 02:18:26,1.01,0.08782,0.08737,-51.2,-62.2,0.1307,0.1307,0.0045,weakening,0.0
doge_bybit_perp,zz100,SHORT,2026-06-05 02:18:26,2026-06-05 03:18:01,0.99,0.08737,0.08678,67.5,56.5,0.5353,0.5353,0.0419,continue,0.0
doge_bybit_perp,zz100,LONG,2026-06-05 03:18:01,2026-06-05 03:28:41,0.18,0.08678,0.08595,-95.6,-106.6,0.6786,0.6786,1.3996,weakening,0.0
doge_bybit_perp,zz100,SHORT,2026-06-05 03:28:41,2026-06-05 04:07:10,0.64,0.08595,0.0865,-64.0,-75.0,0.6133,0.6133,0.1253,reversal,0.1553
doge_bybit_perp,zz100,LONG,2026-06-05 04:07:10,2026-06-05 04:40:50,0.56,0.0865,0.08625,-28.9,-39.9,0.8613,0.8613,0.3843,weakening,0.0
doge_bybit_perp,zz100,SHORT,2026-06-05 04:40:50,2026-06-05 04:58:59,0.3,0.08625,0.0868,-63.8,-74.8,0.6538,0.6538,0.0214,continue,0.0
doge_bybit_perp,zz100,LONG,2026-06-05 04:58:59,2026-06-05 05:37:36,0.64,0.0868,0.08613,-77.2,-88.2,0.2273,0.2273,0.2824,weakening,0.0
doge_bybit_perp,zz100,SHORT,2026-06-05 05:37:36,2026-06-05 05:52:07,0.24,0.08613,0.08567,53.4,42.4,0.044,0.044,0.1963,weakening,0.0
doge_bybit_perp,zz100,LONG,2026-06-05 05:52:07,2026-06-05 06:00:45,0.14,0.08567,0.08482,-99.2,-110.2,0.308,0.308,0.0805,continue,0.0
doge_bybit_perp,zz100,SHORT,2026-06-05 06:00:45,2026-06-05 06:25:44,0.42,0.08482,0.08291,225.2,214.2,0.9535,0.9535,0.1256,weakening,0.0
doge_bybit_perp,zz100,LONG,2026-06-05 06:25:44,2026-06-05 06:49:33,0.4,0.08291,0.08363,86.8,75.8,0.2301,0.2301,0.2623,continue,0.0
doge_bybit_perp,zz100,SHORT,2026-06-05 06:49:33,2026-06-05 07:22:13,0.54,0.08363,0.08308,65.8,54.8,0.5524,0.5524,0.4748,continue,0.0
doge_bybit_perp,zz100,LONG,2026-06-05 07:22:13,2026-06-05 08:15:41,0.89,0.08308,0.08418,132.4,121.4,0.6576,0.6576,0.0705,continue,0.0
doge_bybit_perp,zz100,SHORT,2026-06-05 08:15:41,2026-06-05 09:09:42,0.9,0.08418,0.08411,8.3,-2.7,0.3582,0.3582,0.7474,reversal,0.1926
doge_bybit_perp,zz100,LONG,2026-06-05 09:09:42,2026-06-05 10:52:18,1.71,0.08411,0.08445,40.4,29.4,0.5754,0.5754,0.3808,weakening,0.0
doge_bybit_perp,zz100,SHORT,2026-06-05 10:52:18,2026-06-05 12:07:17,1.25,0.08445,0.08415,35.5,24.5,0.7434,0.7434,0.0604,continue,0.0
doge_bybit_perp,zz100,LONG,2026-06-05 12:07:17,2026-06-05 12:31:09,0.4,0.08415,0.08335,-95.1,-106.1,0.2864,0.2864,0.0098,weakening,0.0
doge_bybit_perp,zz100,SHORT,2026-06-05 12:31:09,2026-06-05 12:43:52,0.21,0.08335,0.08365,-36.0,-47.0,0.0154,-0.0154,0.0088,weakening,0.0
doge_bybit_perp,zz100,LONG,2026-06-05 12:43:52,2026-06-05 13:39:41,0.93,0.08365,0.084,41.8,30.8,0.0935,-0.0935,0.2578,continue,0.0
doge_bybit_perp,zz100,SHORT,2026-06-05 13:39:41,2026-06-05 14:07:10,0.46,0.084,0.08221,213.1,202.1,0.0442,0.0442,0.5589,weakening,0.0
doge_bybit_perp,zz100,LONG,2026-06-05 14:07:10,2026-06-05 14:49:38,0.71,0.08221,0.08269,58.4,47.4,0.341,0.341,0.0785,weakening,0.0
doge_bybit_perp,zz100,SHORT,2026-06-05 14:49:38,2026-06-05 16:13:04,1.39,0.08269,0.08103,200.7,189.7,0.0583,-0.0583,0.0541,continue,0.0
doge_bybit_perp,zz100,LONG,2026-06-05 16:13:04,2026-06-05 16:30:02,0.28,0.08103,0.08206,127.1,116.1,0.1273,0.1273,0.1681,continue,0.0
doge_bybit_perp,zz100,SHORT,2026-06-05 16:30:02,2026-06-05 16:48:48,0.31,0.08206,0.08216,-12.2,-23.2,0.0773,0.0773,0.046,weakening,0.0
doge_bybit_perp,zz100,LONG,2026-06-05 16:48:48,2026-06-05 17:17:20,0.48,0.08216,0.08252,43.8,32.8,0.0363,-0.0363,0.5132,weakening,0.0
doge_bybit_perp,zz100,SHORT,2026-06-05 17:17:20,2026-06-05 17:40:44,0.39,0.08252,0.08296,-53.3,-64.3,0.0092,0.0092,0.0798,continue,0.0
doge_bybit_perp,zz100,LONG,2026-06-05 17:40:44,2026-06-05 18:18:43,0.63,0.08296,0.08215,-97.6,-108.6,0.7779,0.7779,0.8263,reversal,0.2981
doge_bybit_perp,zz100,SHORT,2026-06-05 18:18:43,2026-06-05 18:40:28,0.36,0.08215,0.08158,69.4,58.4,0.3369,-0.3369,0.1741,continue,0.0
doge_bybit_perp,zz100,LONG,2026-06-05 18:40:28,2026-06-05 18:44:05,0.06,0.08158,0.08065,-114.0,-125.0,0.4478,0.4478,0.1729,continue,0.0
doge_bybit_perp,zz100,SHORT,2026-06-05 18:44:05,2026-06-05 18:56:41,0.21,0.08065,0.08049,19.8,8.8,0.4301,0.4301,0.3511,weakening,0.0
doge_bybit_perp,zz100,LONG,2026-06-05 18:56:41,2026-06-05 19:00:26,0.06,0.08049,0.07981,-84.5,-95.5,0.3917,0.3917,0.0522,continue,0.0
doge_bybit_perp,zz100,SHORT,2026-06-05 19:00:26,2026-06-05 19:24:12,0.4,0.07981,0.07974,8.8,-2.2,0.3477,0.3477,0.0408,weakening,0.0
doge_bybit_perp,zz100,LONG,2026-06-05 19:24:12,2026-06-05 19:59:52,0.59,0.07974,0.08097,154.3,143.3,0.3022,0.3022,0.0146,continue,0.0
doge_bybit_perp,zz100,SHORT,2026-06-05 19:59:52,2026-06-05 20:08:46,0.15,0.08097,0.08104,-8.6,-19.6,0.231,0.231,0.398,weakening,0.0
doge_bybit_perp,zz100,LONG,2026-06-05 20:08:46,2026-06-05 22:02:49,1.9,0.08104,0.08272,207.3,196.3,0.3512,0.3512,0.0307,continue,0.0
doge_bybit_perp,zz100,SHORT,2026-06-05 22:02:49,2026-06-05 22:19:54,0.28,0.08272,0.08285,-15.7,-26.7,0.3193,0.3193,0.3582,reversal,0.2241
doge_bybit_perp,zz100,LONG,2026-06-05 22:19:54,2026-06-05 23:14:26,0.91,0.08285,0.08228,-68.8,-79.8,0.8048,0.8048,0.0306,weakening,0.0
doge_bybit_perp,zz100,SHORT,2026-06-05 23:14:26,2026-06-05 23:51:20,0.61,0.08228,0.08127,122.8,111.8,0.7064,0.7064,0.0438,flip_risk,0.0469
doge_bybit_perp,zz100,LONG,2026-06-05 23:51:20,2026-06-06 01:16:58,1.43,0.08127,0.08215,108.3,97.3,0.2471,0.2471,0.0615,weakening,0.0
doge_bybit_perp,zz100,SHORT,2026-06-06 01:16:58,2026-06-06 02:50:38,1.56,0.08215,0.08187,34.1,23.1,0.9645,0.9645,1.22,weakening,0.0
doge_bybit_perp,zz100,LONG,2026-06-06 02:50:38,2026-06-06 03:03:35,0.22,0.08187,0.0811,-94.1,-105.1,0.2639,0.2639,0.0274,continue,0.0
doge_bybit_perp,zz100,SHORT,2026-06-06 03:03:35,2026-06-06 04:02:06,0.98,0.0811,0.0813,-24.7,-35.7,0.2122,-0.2122,0.3361,continue,0.0
doge_bybit_perp,zz100,LONG,2026-06-06 04:02:06,2026-06-06 04:06:05,0.07,0.0813,0.08059,-87.3,-98.3,0.2541,-0.2541,0.3679,weakening,0.0
doge_bybit_perp,zz100,SHORT,2026-06-06 04:06:05,2026-06-06 04:47:43,0.69,0.08059,0.07857,250.7,239.7,0.6868,0.6868,0.1414,reversal,0.1647
doge_bybit_perp,zz100,LONG,2026-06-06 04:47:43,2026-06-06 05:01:04,0.22,0.07857,0.07821,-45.8,-56.8,0.4094,0.4094,0.3173,continue,0.0
doge_bybit_perp,zz100,SHORT,2026-06-06 05:01:04,2026-06-06 05:06:44,0.09,0.07821,0.07837,-20.5,-31.5,0.3032,0.3032,0.0057,weakening,0.0
doge_bybit_perp,zz100,LONG,2026-06-06 05:06:44,2026-06-06 05:31:26,0.41,0.07837,0.07979,181.2,170.2,0.2707,0.2707,0.2225,continue,0.0
doge_bybit_perp,zz100,SHORT,2026-06-06 05:31:26,2026-06-06 05:36:28,0.08,0.07979,0.08026,-58.9,-69.9,0.1412,0.1412,0.0422,continue,0.0
doge_bybit_perp,zz100,LONG,2026-06-06 05:36:28,2026-06-06 06:46:42,1.17,0.08026,0.08064,47.3,36.3,0.0573,0.0573,0.0403,weakening,0.0
doge_bybit_perp,zz100,SHORT,2026-06-06 06:46:42,2026-06-06 07:08:14,0.36,0.08064,0.08101,-45.9,-56.9,0.3116,0.3116,0.0378,weakening,0.0
doge_bybit_perp,zz100,LONG,2026-06-06 07:08:14,2026-06-06 09:47:08,2.65,0.08101,0.08169,83.9,72.9,0.2472,-0.2472,0.1039,continue,0.0
doge_bybit_perp,zz100,SHORT,2026-06-06 09:47:08,2026-06-06 11:01:50,1.25,0.08169,0.08071,120.0,109.0,0.2572,0.2572,0.028,continue,0.0
doge_bybit_perp,zz100,LONG,2026-06-06 11:01:50,2026-06-06 13:32:14,2.51,0.08071,0.08151,99.1,88.1,0.8087,0.8087,0.644,continue,0.0
doge_bybit_perp,zz100,SHORT,2026-06-06 13:32:14,2026-06-06 13:45:48,0.23,0.08151,0.08227,-93.2,-104.2,0.9166,0.9166,0.0024,continue,0.0
doge_bybit_perp,zz100,LONG,2026-06-06 13:45:48,2026-06-06 15:02:18,1.27,0.08227,0.08166,-74.1,-85.1,0.2145,0.2145,0.4551,weakening,0.0
doge_bybit_perp,zz100,SHORT,2026-06-06 15:02:18,2026-06-06 15:34:40,0.54,0.08166,0.08164,2.4,-8.6,0.5044,0.5044,0.4924,continue,0.0
doge_bybit_perp,zz100,LONG,2026-06-06 15:34:40,2026-06-06 16:20:33,0.76,0.08164,0.08119,-55.1,-66.1,0.3449,0.3449,0.1116,continue,0.0
doge_bybit_perp,zz100,SHORT,2026-06-06 16:20:33,2026-06-06 18:28:50,2.14,0.08119,0.08125,-7.4,-18.4,0.1356,0.1356,0.0279,continue,0.0
doge_bybit_perp,zz100,LONG,2026-06-06 18:28:50,2026-06-06 20:02:06,1.55,0.08125,0.08052,-89.8,-100.8,0.4179,0.4179,0.3427,continue,0.0
doge_bybit_perp,zz100,SHORT,2026-06-06 20:02:06,2026-06-06 21:21:32,1.32,0.08052,0.08124,-89.4,-100.4,0.15,0.15,0.0058,weakening,0.0
doge_bybit_perp,zz100,LONG,2026-06-06 21:21:32,2026-06-07 02:18:53,4.96,0.08124,0.08292,206.8,195.8,0.0724,0.0724,0.2953,continue,0.0
doge_bybit_perp,zz100,SHORT,2026-06-07 02:18:53,2026-06-07 02:49:19,0.51,0.08292,0.08362,-84.4,-95.4,0.0406,-0.0406,0.7737,weakening,0.0
doge_bybit_perp,zz100,LONG,2026-06-07 02:49:19,2026-06-07 09:46:29,6.95,0.08362,0.08508,174.6,163.6,0.7816,0.7816,0.0147,continue,0.0
doge_bybit_perp,zz100,SHORT,2026-06-07 09:46:29,2026-06-07 13:52:40,4.1,0.08508,0.08399,128.1,117.1,0.7793,0.7793,0.3642,continue,0.0
doge_bybit_perp,zz100,LONG,2026-06-07 13:52:40,2026-06-07 18:49:51,4.95,0.08399,0.08437,45.2,34.2,0.2775,0.2775,0.1933,weakening,0.0
doge_bybit_perp,zz100,SHORT,2026-06-07 18:49:51,2026-06-07 20:10:22,1.34,0.08437,0.08378,69.9,58.9,0.6562,0.6562,0.0084,continue,0.0
doge_bybit_perp,zz100,LONG,2026-06-07 20:10:22,2026-06-07 22:15:51,2.09,0.08378,0.08659,335.4,324.4,0.3598,0.3598,0.1519,weakening,0.0
doge_bybit_perp,zz100,SHORT,2026-06-07 22:15:51,2026-06-07 22:37:06,0.35,0.08659,0.08621,43.9,32.9,0.0159,0.0159,0.0326,continue,0.0
doge_bybit_perp,zz100,LONG,2026-06-07 22:37:06,2026-06-07 22:56:11,0.32,0.08621,0.0854,-94.0,-105.0,0.2617,0.2617,0.0535,reversal,0.1834
doge_bybit_perp,zz100,SHORT,2026-06-07 22:56:11,2026-06-07 23:48:20,0.87,0.0854,0.08619,-92.5,-103.5,0.276,0.276,0.1344,weakening,0.0
doge_bybit_perp,zz100,LONG,2026-06-07 23:48:20,2026-06-08 01:07:19,1.32,0.08619,0.0859,-33.6,-44.6,0.336,0.336,0.0941,continue,0.0
doge_bybit_perp,zz100,SHORT,2026-06-08 01:07:19,2026-06-08 01:56:45,0.82,0.0859,0.08566,27.9,16.9,0.2855,0.2855,0.2764,continue,0.0
doge_bybit_perp,zz100,LONG,2026-06-08 01:56:45,2026-06-08 04:06:11,2.16,0.08566,0.08536,-35.0,-46.0,0.449,0.449,0.3985,continue,0.0
doge_bybit_perp,zz100,SHORT,2026-06-08 04:06:11,2026-06-08 06:18:11,2.2,0.08536,0.0852,18.7,7.7,0.8756,0.8756,0.0353,continue,0.0
doge_bybit_perp,zz100,LONG,2026-06-08 06:18:11,2026-06-08 08:51:25,2.55,0.0852,0.08488,-37.6,-48.6,0.7649,0.7649,0.0678,reversal,0.3122
doge_bybit_perp,zz100,SHORT,2026-06-08 08:51:25,2026-06-08 09:36:41,0.75,0.08488,0.08586,-115.5,-126.5,0.9269,0.9269,0.0118,continue,0.0
doge_bybit_perp,zz100,LONG,2026-06-08 09:36:41,2026-06-08 12:04:59,2.47,0.08586,0.08589,3.5,-7.5,0.4732,0.4732,0.1808,continue,0.0
doge_bybit_perp,zz100,SHORT,2026-06-08 12:04:59,2026-06-08 12:42:34,0.63,0.08589,0.08665,-88.5,-99.5,0.4049,0.4049,0.3307,weakening,0.0
doge_bybit_perp,zz100,LONG,2026-06-08 12:42:34,2026-06-08 13:31:55,0.82,0.08665,0.08607,-66.9,-77.9,0.536,0.536,0.2132,continue,0.0
doge_bybit_perp,zz100,SHORT,2026-06-08 13:31:55,2026-06-08 15:02:47,1.51,0.08607,0.08689,-95.3,-106.3,0.7024,0.7024,0.4758,continue,0.0
doge_bybit_perp,zz100,LONG,2026-06-08 15:02:47,2026-06-08 16:51:27,1.81,0.08689,0.0866,-33.4,-44.4,0.8869,0.8869,0.0676,continue,0.0
doge_bybit_perp,zz100,SHORT,2026-06-08 16:51:27,2026-06-08 18:02:55,1.19,0.0866,0.08698,-43.9,-54.9,0.6045,0.6045,0.271,continue,0.0
doge_bybit_perp,zz100,LONG,2026-06-08 18:02:55,2026-06-08 20:12:54,2.17,0.08698,0.08633,-74.7,-85.7,0.2118,0.2118,0.3179,weakening,0.0
doge_bybit_perp,zz100,SHORT,2026-06-08 20:12:54,2026-06-08 21:07:46,0.91,0.08633,0.08716,-96.1,-107.1,0.9894,0.9894,0.0263,continue,0.0
doge_bybit_perp,zz100,LONG,2026-06-08 21:07:46,2026-06-08 23:19:34,2.2,0.08716,0.08653,-72.3,-83.3,0.7729,0.7729,0.2545,weakening,0.0
doge_bybit_perp,zz100,SHORT,2026-06-08 23:19:34,2026-06-09 03:00:28,3.68,0.08653,0.08537,134.1,123.1,0.9488,0.9488,0.0161,flip_risk,0.0929
doge_bybit_perp,zz100,LONG,2026-06-09 03:00:28,2026-06-09 08:07:48,5.12,0.08537,0.0858,50.4,39.4,0.8991,0.8991,0.0145,continue,0.0
doge_bybit_perp,zz100,SHORT,2026-06-09 08:07:48,2026-06-09 13:00:32,4.88,0.0858,0.08599,-22.1,-33.1,0.7139,0.7139,0.1666,continue,0.0
doge_bybit_perp,zz100,LONG,2026-06-09 13:00:32,2026-06-09 13:36:45,0.6,0.08599,0.08522,-89.5,-100.5,0.8486,0.8486,0.0133,continue,0.0
doge_bybit_perp,zz100,SHORT,2026-06-09 13:36:45,2026-06-09 15:08:07,1.52,0.08522,0.08515,8.2,-2.8,0.6208,0.6208,1.4579,weakening,0.0
doge_bybit_perp,zz100,LONG,2026-06-09 15:08:07,2026-06-09 15:31:13,0.39,0.08515,0.0844,-88.1,-99.1,0.3002,0.3002,0.0954,continue,0.0
doge_bybit_perp,zz100,SHORT,2026-06-09 15:31:13,2026-06-09 16:44:57,1.23,0.0844,0.08395,53.3,42.3,0.0715,0.0715,0.6792,weakening,0.0
doge_bybit_perp,zz100,LONG,2026-06-09 16:44:57,2026-06-09 18:03:53,1.32,0.08395,0.08455,71.5,60.5,0.3073,-0.3073,0.3075,continue,0.0
doge_bybit_perp,zz100,SHORT,2026-06-09 18:03:53,2026-06-09 20:15:11,2.19,0.08455,0.08544,-105.3,-116.3,0.7795,0.7795,0.1151,continue,0.0
doge_bybit_perp,zz100,LONG,2026-06-09 20:15:11,2026-06-09 21:43:15,1.47,0.08544,0.08477,-78.4,-89.4,0.5646,0.5646,0.2379,weakening,0.0
doge_bybit_perp,zz100,SHORT,2026-06-09 21:43:15,2026-06-10 00:58:14,3.25,0.08477,0.085,-27.1,-38.1,0.8794,0.8794,0.8482,continue,0.0
doge_bybit_perp,zz100,LONG,2026-06-10 00:58:14,2026-06-10 02:15:54,1.29,0.085,0.08423,-90.6,-101.6,0.8742,0.8742,0.1041,flip_risk,0.0601
doge_bybit_perp,zz100,SHORT,2026-06-10 02:15:54,2026-06-10 07:20:11,5.07,0.08423,0.08404,22.6,11.6,0.2356,-0.2356,0.2015,weakening,0.0
doge_bybit_perp,zz100,LONG,2026-06-10 07:20:11,2026-06-10 08:34:14,1.23,0.08404,0.08346,-69.0,-80.0,0.8647,0.8647,0.1428,weakening,0.0
doge_bybit_perp,zz100,SHORT,2026-06-10 08:34:14,2026-06-10 10:30:30,1.94,0.08346,0.08369,-27.6,-38.6,0.2269,-0.2269,0.0637,continue,0.0
doge_bybit_perp,zz100,LONG,2026-06-10 10:30:30,2026-06-10 11:04:53,0.57,0.08369,0.08297,-86.0,-97.0,0.7405,0.7405,0.0416,continue,0.0
doge_bybit_perp,zz100,SHORT,2026-06-10 11:04:53,2026-06-10 12:30:12,1.42,0.08297,0.08368,-85.6,-96.6,0.4245,0.4245,0.3181,continue,0.0
doge_bybit_perp,zz100,LONG,2026-06-10 12:30:12,2026-06-10 14:13:46,1.73,0.08368,0.08426,69.3,58.3,0.66,0.66,1.1086,weakening,0.0
doge_bybit_perp,zz100,SHORT,2026-06-10 14:13:46,2026-06-10 15:01:39,0.8,0.08426,0.08477,-60.5,-71.5,0.5506,0.5506,0.1498,continue,0.0
doge_bybit_perp,zz100,LONG,2026-06-10 15:01:39,2026-06-10 15:48:43,0.78,0.08477,0.08426,-60.2,-71.2,0.7397,0.7397,0.095,weakening,0.0
doge_bybit_perp,zz100,SHORT,2026-06-10 15:48:43,2026-06-10 15:54:00,0.09,0.08426,0.08501,-89.0,-100.0,0.4811,0.4811,0.074,reversal,0.2347
doge_bybit_perp,zz100,LONG,2026-06-10 15:54:00,2026-06-10 16:21:18,0.46,0.08501,0.08452,-57.6,-68.6,0.0699,0.0699,0.1697,continue,0.0
doge_bybit_perp,zz100,SHORT,2026-06-10 16:21:18,2026-06-10 22:43:49,6.38,0.08452,0.0826,227.2,216.2,0.2796,0.2796,0.0395,reversal,0.2047
doge_bybit_perp,zz100,LONG,2026-06-10 22:43:49,2026-06-11 02:32:03,3.8,0.0826,0.08357,117.4,106.4,0.8623,0.8623,0.052,continue,0.0
doge_bybit_perp,zz100,SHORT,2026-06-11 02:32:03,2026-06-11 03:32:35,1.01,0.08357,0.08442,-101.7,-112.7,0.6748,0.6748,0.1221,continue,0.0
doge_bybit_perp,zz100,LONG,2026-06-11 03:32:35,2026-06-11 12:22:14,8.83,0.08442,0.08465,27.2,16.2,0.9378,0.9378,0.0004,weakening,0.0
doge_bybit_perp,zz100,SHORT,2026-06-11 12:22:14,2026-06-11 13:45:16,1.38,0.08465,0.08508,-50.8,-61.8,0.8284,0.8284,0.295,continue,0.0
doge_bybit_perp,zz100,LONG,2026-06-11 13:45:16,2026-06-11 15:01:27,1.27,0.08508,0.08456,-61.1,-72.1,0.211,0.211,0.1546,weakening,0.0
doge_bybit_perp,zz100,SHORT,2026-06-11 15:01:27,2026-06-11 17:29:43,2.47,0.08456,0.0852,-75.7,-86.7,0.853,0.853,0.0311,continue,0.0
doge_bybit_perp,zz100,LONG,2026-06-11 17:29:43,2026-06-11 20:28:02,2.97,0.0852,0.08608,103.3,92.3,0.7772,0.7772,0.4633,continue,0.0
doge_bybit_perp,zz100,SHORT,2026-06-11 20:28:02,2026-06-12 02:10:33,5.71,0.08608,0.08645,-43.0,-54.0,0.3913,0.3913,0.2049,reversal,0.5195
doge_bybit_perp,zz100,LONG,2026-06-12 02:10:33,2026-06-12 06:15:41,4.09,0.08645,0.08644,-1.2,-12.2,0.5656,0.5656,0.157,weakening,0.0
doge_bybit_perp,zz100,SHORT,2026-06-12 06:15:41,2026-06-12 07:56:53,1.69,0.08644,0.08595,56.7,45.7,0.529,0.529,0.8979,weakening,0.0
doge_bybit_perp,zz100,LONG,2026-06-12 07:56:53,2026-06-12 10:26:12,2.49,0.08595,0.08634,45.4,34.4,0.0556,0.0556,0.0741,continue,0.0
doge_bybit_perp,zz100,SHORT,2026-06-12 10:26:12,2026-06-12 12:17:57,1.86,0.08634,0.08718,-97.3,-108.3,0.1812,0.1812,0.2062,continue,0.0
doge_bybit_perp,zz100,LONG,2026-06-12 12:17:57,2026-06-12 14:22:36,2.08,0.08718,0.08792,84.9,73.9,0.8575,0.8575,0.2147,continue,0.0
doge_bybit_perp,zz100,SHORT,2026-06-12 14:22:36,2026-06-12 14:25:48,0.05,0.08792,0.08872,-91.0,-102.0,0.0381,-0.0381,0.038,weakening,0.0
doge_bybit_perp,zz100,LONG,2026-06-12 14:25:48,2026-06-12 14:37:41,0.2,0.08872,0.09144,306.6,295.6,0.4426,0.4426,0.1155,weakening,0.0
doge_bybit_perp,zz100,SHORT,2026-06-12 14:37:41,2026-06-12 14:42:01,0.07,0.09144,0.09155,-12.0,-23.0,0.0896,0.0896,0.0321,flip_risk,0.0194
doge_bybit_perp,zz100,LONG,2026-06-12 14:42:01,2026-06-12 14:43:20,0.02,0.09155,0.09082,-79.7,-90.7,0.1287,0.1287,0.0142,reversal,0.2249
doge_bybit_perp,zz100,SHORT,2026-06-12 14:43:20,2026-06-12 14:52:41,0.16,0.09082,0.09022,66.1,55.1,0.1486,0.1486,0.0251,weakening,0.0
doge_bybit_perp,zz100,LONG,2026-06-12 14:52:41,2026-06-12 15:04:36,0.2,0.09022,0.08984,-42.1,-53.1,0.6758,0.6758,0.0205,continue,0.0
doge_bybit_perp,zz100,SHORT,2026-06-12 15:04:36,2026-06-12 16:13:09,1.14,0.08984,0.08812,191.5,180.5,0.0467,-0.0467,0.1372,continue,0.0
doge_bybit_perp,zz100,LONG,2026-06-12 16:13:09,2026-06-12 17:23:26,1.17,0.08812,0.08803,-10.2,-21.2,0.4474,0.4474,0.0057,continue,0.0
doge_bybit_perp,zz100,SHORT,2026-06-12 17:23:26,2026-06-13 01:36:01,8.21,0.08803,0.0864,185.2,174.2,0.8167,0.8167,0.1477,continue,0.0
doge_bybit_perp,zz100,LONG,2026-06-13 01:36:01,2026-06-13 04:08:28,2.54,0.0864,0.08598,-48.6,-59.6,0.1449,0.1449,0.0255,weakening,0.0
doge_bybit_perp,zz100,SHORT,2026-06-13 04:08:28,2026-06-13 06:45:55,2.62,0.08598,0.0866,-72.1,-83.1,0.6428,0.6428,0.0266,flip_risk,0.0786
doge_bybit_perp,zz100,LONG,2026-06-13 06:45:55,2026-06-13 16:20:10,9.57,0.0866,0.08786,145.5,134.5,0.4232,0.4232,0.2375,weakening,0.0
doge_bybit_perp,zz100,SHORT,2026-06-13 16:20:10,2026-06-13 21:42:01,5.36,0.08786,0.08836,-56.9,-67.9,0.7346,0.7346,0.2304,continue,0.0
doge_bybit_perp,zz100,LONG,2026-06-13 21:42:01,2026-06-14 00:51:57,3.17,0.08836,0.08766,-79.2,-90.2,0.6942,0.6942,0.0859,weakening,0.0
doge_bybit_perp,zz100,SHORT,2026-06-14 00:51:57,2026-06-14 16:19:02,15.45,0.08766,0.0865,132.3,121.3,0.6104,0.6104,0.0337,continue,0.0
doge_bybit_perp,zz100,LONG,2026-06-14 16:19:02,2026-06-14 22:07:10,5.8,0.0865,0.08815,190.8,179.8,0.086,0.086,0.0276,weakening,0.0
doge_bybit_perp,zz100,SHORT,2026-06-14 22:07:10,2026-06-14 23:27:28,1.34,0.08815,0.0889,-85.1,-96.1,0.5036,0.5036,0.2137,continue,0.0
doge_bybit_perp,zz100,LONG,2026-06-14 23:27:28,2026-06-15 01:31:04,2.06,0.0889,0.08822,-76.5,-87.5,0.3534,0.3534,0.0089,weakening,0.0
doge_bybit_perp,zz100,SHORT,2026-06-15 01:31:04,2026-06-15 02:16:08,0.75,0.08822,0.0891,-99.8,-110.8,0.5983,0.5983,0.1708,continue,0.0
doge_bybit_perp,zz100,LONG,2026-06-15 02:16:08,2026-06-15 09:36:29,7.34,0.0891,0.08826,-94.3,-105.3,0.2753,0.2753,0.5955,continue,0.0
doge_bybit_perp,zz100,SHORT,2026-06-15 09:36:29,2026-06-15 10:54:40,1.3,0.08826,0.08903,-87.2,-98.2,0.6654,0.6654,0.0382,reversal,0.2358
doge_bybit_perp,zz100,LONG,2026-06-15 10:54:40,2026-06-15 14:02:06,3.12,0.08903,0.08996,104.5,93.5,0.8909,0.8909,0.0169,continue,0.0
doge_bybit_perp,zz100,SHORT,2026-06-15 14:02:06,2026-06-15 15:41:06,1.65,0.08996,0.08998,-2.2,-13.2,0.5153,0.5153,0.0869,weakening,0.0
doge_bybit_perp,zz100,LONG,2026-06-15 15:41:06,2026-06-15 17:03:07,1.37,0.08998,0.08971,-30.0,-41.0,0.6803,0.6803,0.0414,weakening,0.0
doge_bybit_perp,zz100,SHORT,2026-06-15 17:03:07,2026-06-16 06:36:58,13.56,0.08971,0.08755,240.8,229.8,0.4107,0.4107,0.866,reversal,0.4473
doge_bybit_perp,zz100,LONG,2026-06-16 06:36:58,2026-06-16 11:08:31,4.53,0.08755,0.0881,62.8,51.8,0.3461,0.3461,0.2631,continue,0.0
doge_bybit_perp,zz100,SHORT,2026-06-16 11:08:31,2026-06-16 12:33:25,1.42,0.0881,0.08867,-64.7,-75.7,0.7029,0.7029,0.0525,weakening,0.0
doge_bybit_perp,zz100,LONG,2026-06-16 12:33:25,2026-06-16 13:08:11,0.58,0.08867,0.08798,-77.8,-88.8,0.9077,0.9077,0.002,weakening,0.0
doge_bybit_perp,zz100,SHORT,2026-06-16 13:08:11,2026-06-16 15:06:05,1.97,0.08798,0.08706,104.6,93.6,0.694,0.694,0.0026,continue,0.0
doge_bybit_perp,zz100,LONG,2026-06-16 15:06:05,2026-06-16 16:36:40,1.51,0.08706,0.08647,-67.8,-78.8,0.3577,0.3577,0.3705,continue,0.0
doge_bybit_perp,zz100,SHORT,2026-06-16 16:36:40,2026-06-16 17:51:47,1.25,0.08647,0.08722,-86.7,-97.7,0.9126,0.9126,0.1135,continue,0.0
doge_bybit_perp,zz100,LONG,2026-06-16 17:51:47,2026-06-17 01:22:35,7.51,0.08722,0.08694,-32.1,-43.1,0.76,0.76,0.0965,flip_risk,0.0015
doge_bybit_perp,zz100,SHORT,2026-06-17 01:22:35,2026-06-17 01:57:32,0.58,0.08694,0.08781,-100.1,-111.1,0.3806,0.3806,0.0955,continue,0.0
doge_bybit_perp,zz100,LONG,2026-06-17 01:57:32,2026-06-17 05:20:27,3.38,0.08781,0.08718,-71.7,-82.7,0.0017,0.0017,0.3034,continue,0.0
doge_bybit_perp,zz100,SHORT,2026-06-17 05:20:27,2026-06-17 13:37:43,8.29,0.08718,0.0863,100.9,89.9,0.8804,0.8804,0.0442,continue,0.0
doge_bybit_perp,zz100,LONG,2026-06-17 13:37:43,2026-06-17 14:47:36,1.16,0.0863,0.08568,-71.8,-82.8,0.5951,0.5951,0.0893,weakening,0.0
doge_bybit_perp,zz100,SHORT,2026-06-17 14:47:36,2026-06-17 15:15:34,0.47,0.08568,0.08646,-91.0,-102.0,0.3309,0.3309,0.2626,continue,0.0
doge_bybit_perp,zz100,LONG,2026-06-17 15:15:34,2026-06-17 18:00:24,2.75,0.08646,0.08682,41.6,30.6,0.626,0.626,0.0066,continue,0.0
doge_bybit_perp,zz100,SHORT,2026-06-17 18:00:24,2026-06-17 18:09:10,0.15,0.08682,0.08667,17.3,6.3,0.5974,0.5974,0.1801,continue,0.0
doge_bybit_perp,zz100,LONG,2026-06-17 18:09:10,2026-06-17 18:58:27,0.82,0.08667,0.08694,31.2,20.2,0.6879,0.6879,0.0008,continue,0.0
doge_bybit_perp,zz100,SHORT,2026-06-17 18:58:27,2026-06-17 20:26:39,1.47,0.08694,0.08583,127.7,116.7,0.5812,0.5812,0.0971,weakening,0.0
doge_bybit_perp,zz100,LONG,2026-06-17 20:26:39,2026-06-17 22:02:03,1.59,0.08583,0.08535,-55.9,-66.9,0.5738,0.5738,0.1503,continue,0.0
doge_bybit_perp,zz100,SHORT,2026-06-17 22:02:03,2026-06-17 22:13:20,0.19,0.08535,0.08551,-18.7,-29.7,0.3822,0.3822,0.0138,weakening,0.0
doge_bybit_perp,zz100,LONG,2026-06-17 22:13:20,2026-06-18 03:25:06,5.2,0.08551,0.08564,15.2,4.2,0.3741,0.3741,0.0046,weakening,0.0
doge_bybit_perp,zz100,SHORT,2026-06-18 03:25:06,2026-06-18 07:16:59,3.86,0.08564,0.08474,105.1,94.1,0.4681,0.4681,0.0232,continue,0.0
doge_bybit_perp,zz100,LONG,2026-06-18 07:16:59,2026-06-18 11:42:35,4.43,0.08474,0.08432,-49.6,-60.6,0.5034,0.5034,0.0244,continue,0.0
doge_bybit_perp,zz100,SHORT,2026-06-18 11:42:35,2026-06-18 14:24:02,2.69,0.08432,0.08443,-13.0,-24.0,0.1622,0.1622,0.3888,continue,0.0
doge_bybit_perp,zz100,LONG,2026-06-18 14:24:02,2026-06-18 15:02:08,0.64,0.08443,0.0836,-98.3,-109.3,0.6027,0.6027,0.2255,continue,0.0
doge_bybit_perp,zz100,SHORT,2026-06-18 15:02:08,2026-06-18 16:53:24,1.85,0.0836,0.08264,114.8,103.8,0.7289,0.7289,0.0529,weakening,0.0
doge_bybit_perp,zz100,LONG,2026-06-18 16:53:24,2026-06-19 03:15:12,10.36,0.08264,0.08285,25.4,14.4,0.5272,0.5272,0.2661,reversal,0.1838
doge_bybit_perp,zz100,SHORT,2026-06-19 03:15:12,2026-06-19 12:54:12,9.65,0.08285,0.08267,21.7,10.7,0.9403,0.9403,0.1816,weakening,0.0
doge_bybit_perp,zz100,LONG,2026-06-19 12:54:12,2026-06-20 02:51:47,13.96,0.08267,0.08301,41.1,30.1,0.6965,0.6965,0.1467,continue,0.0
doge_bybit_perp,zz100,SHORT,2026-06-20 02:51:47,2026-06-20 05:10:12,2.31,0.08301,0.08399,-118.1,-129.1,0.3809,-0.3809,1.3049,weakening,0.0
doge_bybit_perp,zz100,LONG,2026-06-20 05:10:12,2026-06-20 13:23:59,8.23,0.08399,0.08342,-67.9,-78.9,0.5542,0.5542,0.0441,continue,0.0
doge_bybit_perp,zz100,SHORT,2026-06-20 13:23:59,2026-06-20 14:46:05,1.37,0.08342,0.08345,-3.6,-14.6,0.8519,0.8519,0.0887,continue,0.0
doge_bybit_perp,zz100,LONG,2026-06-20 14:46:05,2026-06-20 16:32:01,1.77,0.08345,0.08329,-19.2,-30.2,0.6515,0.6515,0.3911,weakening,0.0
doge_bybit_perp,zz100,SHORT,2026-06-20 16:32:01,2026-06-20 22:12:37,5.68,0.08329,0.08366,-44.4,-55.4,0.1967,-0.1967,0.214,weakening,0.0
doge_bybit_perp,zz100,LONG,2026-06-20 22:12:37,2026-06-21 05:51:35,7.65,0.08366,0.08314,-62.2,-73.2,0.7205,0.7205,0.3208,continue,0.0
doge_bybit_perp,zz100,SHORT,2026-06-21 05:51:35,2026-06-21 15:01:53,9.17,0.08314,0.08356,-50.5,-61.5,0.8412,0.8412,0.0156,weakening,0.0
doge_bybit_perp,zz100,LONG,2026-06-21 15:01:53,2026-06-21 21:09:11,6.12,0.08356,0.08286,-83.8,-94.8,0.8723,0.8723,0.1817,weakening,0.0
doge_bybit_perp,zz100,SHORT,2026-06-21 21:09:11,2026-06-22 00:37:34,3.47,0.08286,0.08294,-9.7,-20.7,0.8126,0.8126,0.1337,weakening,0.0
doge_bybit_perp,zz100,LONG,2026-06-22 00:37:34,2026-06-22 02:52:01,2.24,0.08294,0.08333,47.0,36.0,0.873,0.873,0.0755,weakening,0.0
doge_bybit_perp,zz100,SHORT,2026-06-22 02:52:01,2026-06-22 07:13:04,4.35,0.08333,0.08355,-26.4,-37.4,0.0536,-0.0536,0.0817,continue,0.0
doge_bybit_perp,zz100,LONG,2026-06-22 07:13:04,2026-06-22 14:24:19,7.19,0.08355,0.08417,74.2,63.2,0.3946,0.3946,0.3506,continue,0.0
doge_bybit_perp,zz100,SHORT,2026-06-22 14:24:19,2026-06-23 02:21:17,11.95,0.08417,0.08201,256.6,245.6,0.4074,0.4074,0.1491,weakening,0.0
doge_bybit_perp,zz100,LONG,2026-06-23 02:21:17,2026-06-23 05:23:38,3.04,0.08201,0.08147,-65.8,-76.8,0.7734,0.7734,0.8341,continue,0.0
doge_bybit_perp,zz100,SHORT,2026-06-23 05:23:38,2026-06-23 08:40:17,3.28,0.08147,0.07912,288.4,277.4,0.9992,0.9992,0.0054,weakening,0.0
doge_bybit_perp,zz100,LONG,2026-06-23 08:40:17,2026-06-23 14:57:00,6.28,0.07912,0.07896,-20.2,-31.2,0.3845,0.3845,0.0281,weakening,0.0
doge_bybit_perp,zz100,SHORT,2026-06-23 14:57:00,2026-06-23 16:07:38,1.18,0.07896,0.07916,-25.3,-36.3,0.7948,0.7948,0.2505,continue,0.0
doge_bybit_perp,zz100,LONG,2026-06-23 16:07:38,2026-06-23 17:55:25,1.8,0.07916,0.07847,-87.2,-98.2,0.9117,0.9117,0.0288,continue,0.0
doge_bybit_perp,zz100,SHORT,2026-06-23 17:55:25,2026-06-23 22:17:57,4.38,0.07847,0.07905,-73.9,-84.9,0.4432,0.4432,0.034,weakening,0.0
doge_bybit_perp,zz100,LONG,2026-06-23 22:17:57,2026-06-24 03:06:12,4.8,0.07905,0.07894,-13.9,-24.9,0.7062,0.7062,0.4118,weakening,0.0
doge_bybit_perp,zz100,SHORT,2026-06-24 03:06:12,2026-06-24 05:11:39,2.09,0.07894,0.07926,-40.5,-51.5,0.3694,0.3694,0.2361,weakening,0.0
doge_bybit_perp,zz100,LONG,2026-06-24 05:11:39,2026-06-24 10:19:11,5.13,0.07926,0.07861,-82.0,-93.0,0.7444,0.7444,0.142,weakening,0.0
doge_bybit_perp,zz100,SHORT,2026-06-24 10:19:11,2026-06-24 11:48:38,1.49,0.07861,0.07878,-21.6,-32.6,0.375,0.375,0.0435,continue,0.0
doge_bybit_perp,zz100,LONG,2026-06-24 11:48:38,2026-06-24 12:48:42,1.0,0.07878,0.07871,-8.9,-19.9,0.7266,0.7266,0.5353,continue,0.0
doge_bybit_perp,zz100,SHORT,2026-06-24 12:48:42,2026-06-24 13:33:15,0.74,0.07871,0.07785,109.3,98.3,0.0834,-0.0834,0.0297,reversal,0.1659
doge_bybit_perp,zz100,LONG,2026-06-24 13:33:15,2026-06-24 13:43:20,0.17,0.07785,0.07718,-86.1,-97.1,0.2143,0.2143,0.0683,weakening,0.0
doge_bybit_perp,zz100,SHORT,2026-06-24 13:43:20,2026-06-24 16:17:10,2.56,0.07718,0.07532,241.0,230.0,0.7051,-0.7051,0.1521,continue,0.0
doge_bybit_perp,zz100,LONG,2026-06-24 16:17:10,2026-06-24 16:47:23,0.5,0.07532,0.07483,-65.1,-76.1,0.2037,0.2037,0.7066,weakening,0.0
doge_bybit_perp,zz100,SHORT,2026-06-24 16:47:23,2026-06-24 16:52:40,0.09,0.07483,0.07433,66.8,55.8,0.667,0.667,0.1411,weakening,0.0
doge_bybit_perp,zz100,LONG,2026-06-24 16:52:40,2026-06-24 17:20:08,0.46,0.07433,0.07373,-80.7,-91.7,0.1676,0.1676,0.04,continue,0.0
doge_bybit_perp,zz100,SHORT,2026-06-24 17:20:08,2026-06-24 18:15:01,0.91,0.07373,0.07355,24.4,13.4,0.1018,-0.1018,0.0808,continue,0.0
doge_bybit_perp,zz100,LONG,2026-06-24 18:15:01,2026-06-24 19:11:33,0.94,0.07355,0.07363,10.9,-0.1,0.6923,0.6923,0.3548,continue,0.0
doge_bybit_perp,zz100,SHORT,2026-06-24 19:11:33,2026-06-24 20:01:08,0.83,0.07363,0.07431,-92.4,-103.4,0.7173,0.7173,0.4652,weakening,0.0
doge_bybit_perp,zz100,LONG,2026-06-24 20:01:08,2026-06-25 10:20:28,14.32,0.07431,0.07668,318.9,307.9,0.9212,0.9212,0.0863,reversal,0.2522
doge_bybit_perp,zz100,SHORT,2026-06-25 10:20:28,2026-06-25 12:30:26,2.17,0.07668,0.07611,74.3,63.3,0.3363,-0.3363,0.4815,weakening,0.0
doge_bybit_perp,zz100,LONG,2026-06-25 12:30:26,2026-06-25 13:38:25,1.13,0.07611,0.07557,-70.9,-81.9,0.4161,-0.4161,0.4817,weakening,0.0
doge_bybit_perp,zz100,SHORT,2026-06-25 13:38:25,2026-06-25 14:00:07,0.36,0.07557,0.07228,435.4,424.4,0.6891,0.6891,0.2509,weakening,0.0
doge_bybit_perp,zz100,LONG,2026-06-25 14:00:07,2026-06-25 14:16:11,0.27,0.07228,0.07314,119.0,108.0,0.1119,0.1119,0.0102,weakening,0.0
doge_bybit_perp,zz100,SHORT,2026-06-25 14:16:11,2026-06-25 14:20:21,0.07,0.07314,0.07358,-60.2,-71.2,0.0811,0.0811,0.422,continue,0.0
doge_bybit_perp,zz100,LONG,2026-06-25 14:20:21,2026-06-25 14:31:59,0.19,0.07358,0.07305,-72.0,-83.0,0.1712,0.1712,0.071,flip_risk,0.0083
doge_bybit_perp,zz100,SHORT,2026-06-25 14:31:59,2026-06-25 14:33:07,0.02,0.07305,0.07381,-104.0,-115.0,0.2872,0.2872,0.0139,weakening,0.0
doge_bybit_perp,zz100,LONG,2026-06-25 14:33:07,2026-06-25 14:36:11,0.05,0.07381,0.07372,-12.2,-23.2,0.2121,0.2121,0.0501,continue,0.0
doge_bybit_perp,zz100,SHORT,2026-06-25 14:36:11,2026-06-25 15:24:08,0.8,0.07372,0.07288,113.9,102.9,0.3454,0.3454,0.0664,continue,0.0
doge_bybit_perp,zz100,LONG,2026-06-25 15:24:08,2026-06-25 16:33:07,1.15,0.07288,0.07342,74.1,63.1,0.2641,0.2641,0.1119,reversal,0.1513
doge_bybit_perp,zz100,SHORT,2026-06-25 16:33:07,2026-06-25 17:10:45,0.63,0.07342,0.07381,-53.1,-64.1,0.1355,-0.1355,0.2174,weakening,0.0
doge_bybit_perp,zz100,LONG,2026-06-25 17:10:45,2026-06-25 17:46:54,0.6,0.07381,0.07447,89.4,78.4,0.6506,0.6506,0.1114,continue,0.0
doge_bybit_perp,zz100,SHORT,2026-06-25 17:46:54,2026-06-25 20:01:06,2.24,0.07447,0.07363,112.8,101.8,0.4676,0.4676,0.0449,weakening,0.0
doge_bybit_perp,zz100,LONG,2026-06-25 20:01:06,2026-06-26 01:04:42,5.06,0.07363,0.07453,122.2,111.2,0.6104,0.6104,1.5488,continue,0.0
doge_bybit_perp,zz100,SHORT,2026-06-26 01:04:42,2026-06-26 02:27:08,1.37,0.07453,0.07317,182.5,171.5,0.1862,0.1862,0.5187,weakening,0.0
doge_bybit_perp,zz100,LONG,2026-06-26 02:27:08,2026-06-26 02:56:00,0.48,0.07317,0.07258,-80.6,-91.6,0.1389,0.1389,0.3456,weakening,0.0
doge_bybit_perp,zz100,SHORT,2026-06-26 02:56:00,2026-06-26 03:06:22,0.17,0.07258,0.07283,-34.4,-45.4,0.8385,0.8385,0.007,continue,0.0
doge_bybit_perp,zz100,LONG,2026-06-26 03:06:22,2026-06-26 05:23:03,2.28,0.07283,0.07402,163.4,152.4,0.806,0.806,0.0345,continue,0.0
doge_bybit_perp,zz100,SHORT,2026-06-26 05:23:03,2026-06-26 06:22:37,0.99,0.07402,0.07467,-87.8,-98.8,0.9086,0.9086,0.0306,continue,0.0
doge_bybit_perp,zz100,LONG,2026-06-26 06:22:37,2026-06-26 08:18:34,1.93,0.07467,0.07451,-21.4,-32.4,0.1619,0.1619,0.2919,continue,0.0
doge_bybit_perp,zz100,SHORT,2026-06-26 08:18:34,2026-06-26 12:33:48,4.25,0.07451,0.07408,57.7,46.7,0.2487,0.2487,0.5897,weakening,0.0
doge_bybit_perp,zz100,LONG,2026-06-26 12:33:48,2026-06-26 12:39:54,0.1,0.07408,0.07346,-83.7,-94.7,0.7062,0.7062,0.8873,continue,0.0
doge_bybit_perp,zz100,SHORT,2026-06-26 12:39:54,2026-06-26 12:46:15,0.11,0.07346,0.07363,-23.1,-34.1,0.7117,0.7117,0.0063,weakening,0.0
doge_bybit_perp,zz100,LONG,2026-06-26 12:46:15,2026-06-26 13:19:28,0.55,0.07363,0.07296,-91.0,-102.0,0.8374,0.8374,0.7577,continue,0.0
doge_bybit_perp,zz100,SHORT,2026-06-26 13:19:28,2026-06-26 13:31:47,0.21,0.07296,0.07349,-72.6,-83.6,0.7685,0.7685,0.0771,weakening,0.0
doge_bybit_perp,zz100,LONG,2026-06-26 13:31:47,2026-06-26 14:06:36,0.58,0.07349,0.0741,83.0,72.0,0.3552,0.3552,0.0648,continue,0.0
doge_bybit_perp,zz100,SHORT,2026-06-26 14:06:36,2026-06-26 15:24:47,1.3,0.0741,0.07456,-62.1,-73.1,0.2922,-0.2922,0.176,continue,0.0
doge_bybit_perp,zz100,LONG,2026-06-26 15:24:47,2026-06-26 15:51:43,0.45,0.07456,0.07455,-1.3,-12.3,0.5566,-0.5566,0.0558,weakening,0.0
doge_bybit_perp,zz100,SHORT,2026-06-26 15:51:43,2026-06-26 16:00:52,0.15,0.07455,0.07528,-97.9,-108.9,0.9152,0.9152,0.2371,continue,0.0
doge_bybit_perp,zz100,LONG,2026-06-26 16:00:52,2026-06-26 16:20:58,0.34,0.07528,0.07464,-85.0,-96.0,0.5197,0.5197,0.0018,continue,0.0
doge_bybit_perp,zz100,SHORT,2026-06-26 16:20:58,2026-06-26 16:35:02,0.23,0.07464,0.07533,-92.4,-103.4,0.5809,0.5809,0.1125,continue,0.0
doge_bybit_perp,zz100,LONG,2026-06-26 16:35:02,2026-06-26 19:01:05,2.43,0.07533,0.07501,-42.5,-53.5,0.6021,0.6021,0.0053,continue,0.0
doge_bybit_perp,zz100,SHORT,2026-06-26 19:01:05,2026-06-26 19:24:18,0.39,0.07501,0.07578,-102.7,-113.7,0.8414,0.8414,0.0608,reversal,0.6734
doge_bybit_perp,zz100,LONG,2026-06-26 19:24:18,2026-06-26 20:36:30,1.2,0.07578,0.07531,-62.0,-73.0,0.5111,0.5111,0.0487,reversal,0.2641
doge_bybit_perp,zz100,SHORT,2026-06-26 20:36:30,2026-06-27 00:06:47,3.5,0.07531,0.07591,-79.7,-90.7,0.0866,-0.0866,0.0762,reversal,0.2163
doge_bybit_perp,zz100,LONG,2026-06-27 00:06:47,2026-06-27 00:33:24,0.44,0.07591,0.07515,-100.1,-111.1,0.1507,-0.1507,0.7305,continue,0.0
doge_bybit_perp,zz100,SHORT,2026-06-27 00:33:24,2026-06-27 02:20:57,1.79,0.07515,0.07583,-90.5,-101.5,0.5264,0.5264,0.0929,continue,0.0
doge_bybit_perp,zz100,LONG,2026-06-27 02:20:57,2026-06-27 09:15:10,6.9,0.07583,0.07524,-77.8,-88.8,0.5897,0.5897,0.0175,continue,0.0
doge_bybit_perp,zz100,SHORT,2026-06-27 09:15:10,2026-06-27 13:26:39,4.19,0.07524,0.07568,-58.5,-69.5,0.7099,0.7099,1.2562,weakening,0.0
doge_bybit_perp,zz100,LONG,2026-06-27 13:26:39,2026-06-27 17:04:33,3.63,0.07568,0.07562,-7.9,-18.9,0.9537,0.9537,0.0253,continue,0.0
doge_bybit_perp,zz100,SHORT,2026-06-27 17:04:33,2026-06-27 22:57:33,5.88,0.07562,0.07481,107.1,96.1,0.9267,0.9267,0.0003,continue,0.0
doge_bybit_perp,zz100,LONG,2026-06-27 22:57:33,2026-06-28 02:41:27,3.73,0.07481,0.07409,-96.2,-107.2,0.7462,0.7462,0.0594,continue,0.0
doge_bybit_perp,zz100,SHORT,2026-06-28 02:41:27,2026-06-28 08:38:09,5.95,0.07409,0.07395,18.9,7.9,0.6321,0.6321,0.1007,continue,0.0
doge_bybit_perp,zz100,LONG,2026-06-28 08:38:09,2026-06-28 10:03:42,1.43,0.07395,0.07348,-63.6,-74.6,0.8358,0.8358,1.1875,continue,0.0
doge_bybit_perp,zz100,SHORT,2026-06-28 10:03:42,2026-06-28 20:15:25,10.2,0.07348,0.07331,23.1,12.1,0.636,0.636,0.0527,continue,0.0
doge_bybit_perp,zz100,LONG,2026-06-28 20:15:25,2026-06-28 21:49:42,1.57,0.07331,0.07267,-87.3,-98.3,0.3154,0.3154,0.2815,weakening,0.0
doge_bybit_perp,zz100,SHORT,2026-06-28 21:49:42,2026-06-28 22:02:25,0.21,0.07267,0.07318,-70.2,-81.2,0.7933,0.7933,0.2713,continue,0.0
doge_bybit_perp,zz100,LONG,2026-06-28 22:02:25,2026-06-28 22:18:58,0.28,0.07318,0.07292,-35.5,-46.5,0.4401,0.4401,0.1385,continue,0.0
doge_bybit_perp,zz100,SHORT,2026-06-28 22:18:58,2026-06-28 23:20:05,1.02,0.07292,0.07287,6.9,-4.1,0.3782,-0.3782,0.0704,weakening,0.0
doge_bybit_perp,zz100,LONG,2026-06-28 23:20:05,2026-06-29 00:21:48,1.03,0.07287,0.07261,-35.7,-46.7,0.28,0.28,0.2907,weakening,0.0
doge_bybit_perp,zz100,SHORT,2026-06-29 00:21:48,2026-06-29 00:42:42,0.35,0.07261,0.07289,-38.6,-49.6,0.8447,0.8447,0.0211,continue,0.0
doge_bybit_perp,zz100,LONG,2026-06-29 00:42:42,2026-06-29 01:18:09,0.59,0.07289,0.07257,-43.9,-54.9,0.5568,0.5568,0.0124,continue,0.0
doge_bybit_perp,zz100,SHORT,2026-06-29 01:18:09,2026-06-29 02:22:57,1.08,0.07257,0.07262,-6.9,-17.9,0.6675,0.6675,0.1154,continue,0.0
doge_bybit_perp,zz100,LONG,2026-06-29 02:22:57,2026-06-29 04:18:36,1.93,0.07262,0.07287,34.4,23.4,0.5765,0.5765,0.4158,continue,0.0
doge_bybit_perp,zz100,SHORT,2026-06-29 04:18:36,2026-06-29 05:44:24,1.43,0.07287,0.07278,12.4,1.4,0.693,0.693,0.07,continue,0.0
doge_bybit_perp,zz100,LONG,2026-06-29 05:44:24,2026-06-29 08:07:35,2.39,0.07278,0.07271,-9.6,-20.6,0.4555,0.4555,0.3887,weakening,0.0
doge_bybit_perp,zz100,SHORT,2026-06-29 08:07:35,2026-06-29 09:18:22,1.18,0.07271,0.07293,-30.3,-41.3,0.2386,0.2386,0.1221,flip_risk,0.0374
doge_bybit_perp,zz100,LONG,2026-06-29 09:18:22,2026-06-29 11:20:26,2.03,0.07293,0.07244,-67.2,-78.2,0.5998,0.5998,0.0669,weakening,0.0
doge_bybit_perp,zz100,SHORT,2026-06-29 11:20:26,2026-06-29 12:03:43,0.72,0.07244,0.07316,-99.4,-110.4,0.1892,0.1892,0.2285,continue,0.0
doge_bybit_perp,zz100,LONG,2026-06-29 12:03:43,2026-06-29 12:38:43,0.58,0.07316,0.0731,-8.2,-19.2,0.5452,0.5452,0.0877,weakening,0.0
doge_bybit_perp,zz100,SHORT,2026-06-29 12:38:43,2026-06-29 13:12:47,0.57,0.0731,0.07345,-47.9,-58.9,0.0045,-0.0045,0.7545,continue,0.0
doge_bybit_perp,zz100,LONG,2026-06-29 13:12:47,2026-06-29 13:30:01,0.29,0.07345,0.07268,-104.8,-115.8,0.7026,0.7026,0.04,continue,0.0
doge_bybit_perp,zz100,SHORT,2026-06-29 13:30:01,2026-06-29 13:31:37,0.03,0.07268,0.07319,-70.2,-81.2,0.8947,0.8947,0.0332,continue,0.0
doge_bybit_perp,zz100,LONG,2026-06-29 13:31:37,2026-06-29 13:40:03,0.14,0.07319,0.0725,-94.3,-105.3,0.2109,0.2109,0.0472,weakening,0.0
doge_bybit_perp,zz100,SHORT,2026-06-29 13:40:03,2026-06-29 14:33:24,0.89,0.0725,0.0727,-27.6,-38.6,0.3518,0.3518,0.1051,reversal,0.1515
doge_bybit_perp,zz100,LONG,2026-06-29 14:33:24,2026-06-29 14:48:47,0.26,0.0727,0.07214,-77.0,-88.0,0.2175,-0.2175,0.1721,reversal,0.1562
doge_bybit_perp,zz100,SHORT,2026-06-29 14:48:47,2026-06-29 15:30:13,0.69,0.07214,0.07271,-79.0,-90.0,0.7797,0.7797,1.2598,continue,0.0
doge_bybit_perp,zz100,LONG,2026-06-29 15:30:13,2026-06-29 16:25:20,0.92,0.07271,0.07222,-67.4,-78.4,0.5948,0.5948,0.4412,flip_risk,0.0618
doge_bybit_perp,zz100,SHORT,2026-06-29 16:25:20,2026-06-29 16:49:34,0.4,0.07222,0.07281,-81.7,-92.7,0.2301,-0.2301,0.3546,weakening,0.0
doge_bybit_perp,zz100,LONG,2026-06-29 16:49:34,2026-06-29 22:51:48,6.04,0.07281,0.07344,86.5,75.5,0.219,-0.219,0.1435,continue,0.0
doge_bybit_perp,zz100,SHORT,2026-06-29 22:51:48,2026-06-30 13:07:57,14.27,0.07344,0.07014,449.3,438.3,0.2926,0.2926,0.0281,reversal,0.3942
doge_bybit_perp,zz100,LONG,2026-06-30 13:07:57,2026-06-30 14:39:02,1.52,0.07014,0.07055,58.5,47.5,0.7434,0.7434,0.4802,continue,0.0
doge_bybit_perp,zz100,SHORT,2026-06-30 14:39:02,2026-06-30 15:45:58,1.12,0.07055,0.07088,-46.8,-57.8,0.0039,-0.0039,0.0369,weakening,0.0
doge_bybit_perp,zz100,LONG,2026-06-30 15:45:58,2026-06-30 16:34:07,0.8,0.07088,0.07054,-48.0,-59.0,0.0867,-0.0867,0.1389,reversal,0.2109
doge_bybit_perp,zz100,SHORT,2026-06-30 16:34:07,2026-06-30 16:54:20,0.34,0.07054,0.07124,-99.2,-110.2,0.7811,0.7811,0.1697,weakening,0.0
doge_bybit_perp,zz100,LONG,2026-06-30 16:54:20,2026-06-30 18:37:38,1.72,0.07124,0.07194,98.3,87.3,0.6085,0.6085,0.1801,weakening,0.0
doge_bybit_perp,zz100,SHORT,2026-06-30 18:37:38,2026-07-01 01:15:09,6.63,0.07194,0.07121,101.5,90.5,0.2033,0.2033,0.2754,continue,0.0
doge_bybit_perp,zz100,LONG,2026-07-01 01:15:09,2026-07-01 06:20:20,5.09,0.07121,0.07191,98.3,87.3,0.5084,0.5084,0.0136,continue,0.0
doge_bybit_perp,zz100,SHORT,2026-07-01 06:20:20,2026-07-01 09:06:56,2.78,0.07191,0.07157,47.3,36.3,0.9083,0.9083,0.0186,continue,0.0
doge_bybit_perp,zz100,LONG,2026-07-01 09:06:56,2026-07-01 10:43:12,1.6,0.07157,0.07079,-109.0,-120.0,0.5324,0.5324,0.0596,continue,0.0
doge_bybit_perp,zz100,SHORT,2026-07-01 10:43:12,2026-07-01 13:00:19,2.29,0.07079,0.07151,-101.7,-112.7,0.6789,0.6789,0.2141,continue,0.0
doge_bybit_perp,zz100,LONG,2026-07-01 13:00:19,2026-07-01 14:34:11,1.56,0.07151,0.07223,100.7,89.7,0.5406,0.5406,0.0752,reversal,0.3038
doge_bybit_perp,zz100,SHORT,2026-07-01 14:34:11,2026-07-01 15:03:11,0.48,0.07223,0.07292,-95.5,-106.5,0.73,0.73,0.1375,weakening,0.0
doge_bybit_perp,zz100,LONG,2026-07-01 15:03:11,2026-07-01 17:03:35,2.01,0.07292,0.0728,-16.5,-27.5,0.6996,0.6996,0.1167,weakening,0.0
doge_bybit_perp,zz100,SHORT,2026-07-01 17:03:35,2026-07-01 17:53:15,0.83,0.0728,0.07347,-92.0,-103.0,0.0688,0.0688,0.0672,continue,0.0
doge_bybit_perp,zz100,LONG,2026-07-01 17:53:15,2026-07-01 19:42:39,1.82,0.07347,0.07285,-84.4,-95.4,0.1895,0.1895,0.0366,continue,0.0
doge_bybit_perp,zz100,SHORT,2026-07-01 19:42:39,2026-07-01 21:11:59,1.49,0.07285,0.07322,-50.8,-61.8,0.1528,0.1528,0.7273,weakening,0.0
doge_bybit_perp,zz100,LONG,2026-07-01 21:11:59,2026-07-01 22:36:42,1.41,0.07322,0.07316,-8.2,-19.2,0.7762,0.7762,0.1128,continue,0.0
doge_bybit_perp,zz100,SHORT,2026-07-01 22:36:42,2026-07-02 01:25:16,2.81,0.07316,0.07236,109.3,98.3,0.4022,0.4022,0.0174,weakening,0.0
doge_bybit_perp,zz100,LONG,2026-07-02 01:25:16,2026-07-02 05:42:42,4.29,0.07236,0.0727,47.0,36.0,0.9192,0.9192,0.0118,continue,0.0
doge_bybit_perp,zz100,SHORT,2026-07-02 05:42:42,2026-07-02 08:35:16,2.88,0.0727,0.07299,-39.9,-50.9,0.4623,-0.4623,0.0265,weakening,0.0
doge_bybit_perp,zz100,LONG,2026-07-02 08:35:16,2026-07-02 14:20:20,5.75,0.07299,0.07476,242.5,231.5,0.9399,0.9399,0.0006,weakening,0.0
doge_bybit_perp,zz100,SHORT,2026-07-02 14:20:20,2026-07-02 16:13:42,1.89,0.07476,0.07473,4.0,-7.0,0.1422,0.1422,0.0265,weakening,0.0
doge_bybit_perp,zz100,LONG,2026-07-02 16:13:42,2026-07-02 20:24:30,4.18,0.07473,0.07395,-104.4,-115.4,0.6329,0.6329,0.156,continue,0.0
xrp_bybit_perp,zz150,SHORT,2026-06-03 03:20:37,2026-06-03 04:03:06,0.71,1.2126,1.2068,47.8,36.8,0.2583,0.2583,0.2527,weakening,0.0
xrp_bybit_perp,zz150,LONG,2026-06-03 04:03:06,2026-06-03 13:25:27,9.37,1.2068,1.2295,188.1,177.1,0.4395,0.4395,0.0453,weakening,0.0
xrp_bybit_perp,zz150,SHORT,2026-06-03 13:25:27,2026-06-03 17:34:16,4.15,1.2295,1.2264,25.2,14.2,0.502,0.502,0.2001,weakening,0.0
xrp_bybit_perp,zz150,LONG,2026-06-03 17:34:16,2026-06-03 19:21:21,1.78,1.2264,1.2095,-137.8,-148.8,0.1732,-0.1732,0.022,weakening,0.0
xrp_bybit_perp,zz150,SHORT,2026-06-03 19:21:21,2026-06-03 21:05:58,1.74,1.2095,1.2031,52.9,41.9,0.0553,-0.0553,0.0645,weakening,0.0
xrp_bybit_perp,zz150,LONG,2026-06-03 21:05:58,2026-06-03 23:03:00,1.95,1.2031,1.2012,-15.8,-26.8,0.5037,0.5037,0.0042,continue,0.0
xrp_bybit_perp,zz150,SHORT,2026-06-03 23:03:00,2026-06-04 02:06:22,3.06,1.2012,1.1586,354.6,343.6,0.132,0.132,0.0619,weakening,0.0
xrp_bybit_perp,zz150,LONG,2026-06-04 02:06:22,2026-06-04 05:06:06,3.0,1.1586,1.193,296.9,285.9,0.3133,0.3133,0.0025,continue,0.0
xrp_bybit_perp,zz150,SHORT,2026-06-04 05:06:06,2026-06-04 10:02:18,4.94,1.193,1.1617,262.4,251.4,0.2633,0.2633,0.4336,weakening,0.0
xrp_bybit_perp,zz150,LONG,2026-06-04 10:02:18,2026-06-04 10:51:43,0.82,1.1617,1.1443,-149.8,-160.8,0.4081,0.4081,0.0211,continue,0.0
xrp_bybit_perp,zz150,SHORT,2026-06-04 10:51:43,2026-06-04 11:31:40,0.67,1.1443,1.1578,-118.0,-129.0,0.7198,0.7198,0.0125,continue,0.0
xrp_bybit_perp,zz150,LONG,2026-06-04 11:31:40,2026-06-04 13:24:59,1.89,1.1578,1.1637,51.0,40.0,0.5245,0.5245,0.0603,reversal,0.2544
xrp_bybit_perp,zz150,SHORT,2026-06-04 13:24:59,2026-06-04 13:38:08,0.22,1.1637,1.1798,-138.4,-149.4,0.5132,0.5132,0.2842,reversal,0.2007
xrp_bybit_perp,zz150,LONG,2026-06-04 13:38:08,2026-06-04 16:04:32,2.44,1.1798,1.1648,-127.1,-138.1,0.2798,0.2798,0.0113,weakening,0.0
xrp_bybit_perp,zz150,SHORT,2026-06-04 16:04:32,2026-06-04 18:29:21,2.41,1.1648,1.1764,-99.6,-110.6,0.0848,0.0848,0.2419,weakening,0.0
xrp_bybit_perp,zz150,LONG,2026-06-04 18:29:21,2026-06-04 20:08:29,1.65,1.1764,1.166,-88.4,-99.4,0.8904,0.8904,0.0875,continue,0.0
xrp_bybit_perp,zz150,SHORT,2026-06-04 20:08:29,2026-06-05 00:29:25,4.35,1.166,1.1715,-47.2,-58.2,0.797,0.797,0.0813,continue,0.0
xrp_bybit_perp,zz150,LONG,2026-06-05 00:29:25,2026-06-05 01:01:42,0.54,1.1715,1.1563,-129.7,-140.7,0.1621,0.1621,0.1634,weakening,0.0
xrp_bybit_perp,zz150,SHORT,2026-06-05 01:01:42,2026-06-05 04:26:11,3.41,1.1563,1.1476,75.2,64.2,0.7853,0.7853,0.0255,weakening,0.0
xrp_bybit_perp,zz150,LONG,2026-06-05 04:26:11,2026-06-05 05:41:16,1.25,1.1476,1.131,-144.6,-155.6,0.2052,0.2052,0.171,continue,0.0
xrp_bybit_perp,zz150,SHORT,2026-06-05 05:41:16,2026-06-05 06:32:02,0.85,1.131,1.1079,204.2,193.2,0.0135,-0.0135,0.0856,continue,0.0
xrp_bybit_perp,zz150,LONG,2026-06-05 06:32:02,2026-06-05 08:40:04,2.13,1.1079,1.1202,111.0,100.0,0.3054,0.3054,0.1336,continue,0.0
xrp_bybit_perp,zz150,SHORT,2026-06-05 08:40:04,2026-06-05 09:13:20,0.55,1.1202,1.1328,-112.5,-123.5,0.4325,0.4325,0.0088,continue,0.0
xrp_bybit_perp,zz150,LONG,2026-06-05 09:13:20,2026-06-05 11:08:50,1.93,1.1328,1.1284,-38.8,-49.8,0.4679,0.4679,0.023,continue,0.0
xrp_bybit_perp,zz150,SHORT,2026-06-05 11:08:50,2026-06-05 13:05:32,1.95,1.1284,1.1265,16.8,5.8,0.2252,0.2252,0.0241,weakening,0.0
xrp_bybit_perp,zz150,LONG,2026-06-05 13:05:32,2026-06-05 13:43:24,0.63,1.1265,1.1202,-55.9,-66.9,0.1738,0.1738,0.2739,continue,0.0
xrp_bybit_perp,zz150,SHORT,2026-06-05 13:43:24,2026-06-05 14:09:04,0.43,1.1202,1.1137,58.0,47.0,0.2978,0.2978,0.0813,reversal,0.258
xrp_bybit_perp,zz150,LONG,2026-06-05 14:09:04,2026-06-05 14:55:25,0.77,1.1137,1.1007,-116.7,-127.7,0.3903,0.3903,0.1691,continue,0.0
xrp_bybit_perp,zz150,SHORT,2026-06-05 14:55:25,2026-06-05 16:14:01,1.31,1.1007,1.1013,-5.5,-16.5,0.1484,0.1484,0.114,continue,0.0
xrp_bybit_perp,zz150,LONG,2026-06-05 16:14:01,2026-06-05 16:34:05,0.33,1.1013,1.0993,-18.2,-29.2,0.1778,0.1778,0.1279,weakening,0.0
xrp_bybit_perp,zz150,SHORT,2026-06-05 16:34:05,2026-06-05 16:51:02,0.28,1.0993,1.1146,-139.2,-150.2,0.1334,0.1334,0.0274,weakening,0.0
xrp_bybit_perp,zz150,LONG,2026-06-05 16:51:02,2026-06-05 17:18:59,0.47,1.1146,1.106,-77.2,-88.2,0.1945,0.1945,0.2487,flip_risk,0.0144
xrp_bybit_perp,zz150,SHORT,2026-06-05 17:18:59,2026-06-05 19:27:31,2.14,1.106,1.085,189.9,178.9,0.2655,0.2655,0.1245,continue,0.0
xrp_bybit_perp,zz150,LONG,2026-06-05 19:27:31,2026-06-05 20:05:22,0.63,1.085,1.087,18.4,7.4,0.3389,0.3389,0.3937,continue,0.0
xrp_bybit_perp,zz150,SHORT,2026-06-05 20:05:22,2026-06-05 20:09:10,0.06,1.087,1.1041,-157.3,-168.3,0.1604,0.1604,0.0264,continue,0.0
xrp_bybit_perp,zz150,LONG,2026-06-05 20:09:10,2026-06-05 22:05:33,1.94,1.1041,1.1026,-13.6,-24.6,0.1179,-0.1179,0.0567,weakening,0.0
xrp_bybit_perp,zz150,SHORT,2026-06-05 22:05:33,2026-06-05 23:01:09,0.93,1.1026,1.1138,-101.6,-112.6,0.0575,0.0575,0.0999,weakening,0.0
xrp_bybit_perp,zz150,LONG,2026-06-05 23:01:09,2026-06-05 23:22:25,0.35,1.1138,1.0982,-140.1,-151.1,0.8379,0.8379,0.2646,continue,0.0
xrp_bybit_perp,zz150,SHORT,2026-06-05 23:22:25,2026-06-06 00:02:11,0.66,1.0982,1.1034,-47.4,-58.4,0.401,0.401,0.0099,continue,0.0
xrp_bybit_perp,zz150,LONG,2026-06-06 00:02:11,2026-06-06 02:06:00,2.06,1.1034,1.0968,-59.8,-70.8,0.346,0.346,0.1707,continue,0.0
xrp_bybit_perp,zz150,SHORT,2026-06-06 02:06:00,2026-06-06 05:18:44,3.21,1.0968,1.0651,289.0,278.0,0.5153,0.5153,0.254,reversal,0.4744
xrp_bybit_perp,zz150,LONG,2026-06-06 05:18:44,2026-06-06 06:50:22,1.53,1.0651,1.084,177.4,166.4,0.1456,0.1456,0.0002,continue,0.0
xrp_bybit_perp,zz150,SHORT,2026-06-06 06:50:22,2026-06-06 07:44:28,0.9,1.084,1.0969,-119.0,-130.0,0.347,0.347,0.1003,weakening,0.0
xrp_bybit_perp,zz150,LONG,2026-06-06 07:44:28,2026-06-06 10:01:03,2.28,1.0969,1.0869,-91.2,-102.2,0.7657,0.7657,0.0343,continue,0.0
xrp_bybit_perp,zz150,SHORT,2026-06-06 10:01:03,2026-06-06 11:47:57,1.78,1.0869,1.088,-10.1,-21.1,0.6009,0.6009,0.0067,continue,0.0
xrp_bybit_perp,zz150,LONG,2026-06-06 11:47:57,2026-06-06 15:05:34,3.29,1.088,1.0922,38.6,27.6,0.1242,-0.1242,0.1423,reversal,0.1961
xrp_bybit_perp,zz150,SHORT,2026-06-06 15:05:34,2026-06-06 23:41:14,8.59,1.0922,1.094,-16.5,-27.5,0.6258,0.6258,0.1248,continue,0.0
xrp_bybit_perp,zz150,LONG,2026-06-06 23:41:14,2026-06-07 09:34:22,9.89,1.094,1.1514,524.7,513.7,0.6958,0.6958,0.0506,continue,0.0
xrp_bybit_perp,zz150,SHORT,2026-06-07 09:34:22,2026-06-07 14:30:45,4.94,1.1514,1.1348,144.2,133.2,0.4735,0.4735,0.1402,weakening,0.0
xrp_bybit_perp,zz150,LONG,2026-06-07 14:30:45,2026-06-07 19:02:17,4.53,1.1348,1.1332,-14.1,-25.1,0.5724,0.5724,0.2454,continue,0.0
xrp_bybit_perp,zz150,SHORT,2026-06-07 19:02:17,2026-06-07 22:12:09,3.16,1.1332,1.1376,-38.8,-49.8,0.5565,0.5565,0.0027,weakening,0.0
xrp_bybit_perp,zz150,LONG,2026-06-07 22:12:09,2026-06-07 22:23:25,0.19,1.1376,1.1523,129.2,118.2,0.57,0.57,0.1799,continue,0.0
xrp_bybit_perp,zz150,SHORT,2026-06-07 22:23:25,2026-06-08 00:38:33,2.25,1.1523,1.1649,-109.3,-120.3,0.1497,0.1497,0.0177,continue,0.0
xrp_bybit_perp,zz150,LONG,2026-06-08 00:38:33,2026-06-08 01:16:19,0.63,1.1649,1.1495,-132.2,-143.2,0.0383,-0.0383,0.0845,continue,0.0
xrp_bybit_perp,zz150,SHORT,2026-06-08 01:16:19,2026-06-08 02:12:47,0.94,1.1495,1.159,-82.6,-93.6,0.3891,0.3891,0.0429,continue,0.0
xrp_bybit_perp,zz150,LONG,2026-06-08 02:12:47,2026-06-08 04:06:30,1.9,1.159,1.1432,-136.3,-147.3,0.3425,0.3425,0.1292,continue,0.0
xrp_bybit_perp,zz150,SHORT,2026-06-08 04:06:30,2026-06-08 07:27:15,3.35,1.1432,1.1482,-43.7,-54.7,0.7401,0.7401,0.0389,reversal,0.2287
xrp_bybit_perp,zz150,LONG,2026-06-08 07:27:15,2026-06-08 12:14:58,4.8,1.1482,1.1473,-7.8,-18.8,0.8849,0.8849,0.0079,continue,0.0
xrp_bybit_perp,zz150,SHORT,2026-06-08 12:14:58,2026-06-08 12:43:33,0.48,1.1473,1.1632,-138.6,-149.6,0.4422,0.4422,0.6098,continue,0.0
xrp_bybit_perp,zz150,LONG,2026-06-08 12:43:33,2026-06-08 16:33:18,3.83,1.1632,1.1666,29.2,18.2,0.6481,0.6481,0.3652,continue,0.0
xrp_bybit_perp,zz150,SHORT,2026-06-08 16:33:18,2026-06-08 18:01:25,1.47,1.1666,1.1748,-70.3,-81.3,0.3511,-0.3511,0.1856,continue,0.0
xrp_bybit_perp,zz150,LONG,2026-06-08 18:01:25,2026-06-08 23:32:41,5.52,1.1748,1.1677,-60.4,-71.4,0.7428,0.7428,0.1146,weakening,0.0
xrp_bybit_perp,zz150,SHORT,2026-06-08 23:32:41,2026-06-09 04:34:09,5.02,1.1677,1.1605,61.7,50.7,0.1577,0.1577,0.0561,reversal,0.3413
xrp_bybit_perp,zz150,LONG,2026-06-09 04:34:09,2026-06-09 09:34:14,5.0,1.1605,1.1587,-15.5,-26.5,0.5739,0.5739,0.1269,continue,0.0
xrp_bybit_perp,zz150,SHORT,2026-06-09 09:34:14,2026-06-09 17:04:39,7.51,1.1587,1.1355,200.2,189.2,0.9738,0.9738,0.1849,weakening,0.0
xrp_bybit_perp,zz150,LONG,2026-06-09 17:04:39,2026-06-10 00:41:02,7.61,1.1355,1.1294,-53.7,-64.7,0.1332,0.1332,0.0177,continue,0.0
xrp_bybit_perp,zz150,SHORT,2026-06-10 00:41:02,2026-06-10 12:30:23,11.82,1.1294,1.1174,106.3,95.3,0.0093,-0.0093,0.091,continue,0.0
xrp_bybit_perp,zz150,LONG,2026-06-10 12:30:23,2026-06-10 14:21:25,1.85,1.1174,1.1198,21.5,10.5,0.5369,0.5369,0.1227,weakening,0.0
xrp_bybit_perp,zz150,SHORT,2026-06-10 14:21:25,2026-06-11 01:04:29,10.72,1.1198,1.1047,134.8,123.8,0.5407,0.5407,0.0471,reversal,0.1833
xrp_bybit_perp,zz150,LONG,2026-06-11 01:04:29,2026-06-11 12:32:42,11.47,1.1047,1.1081,30.8,19.8,0.5473,0.5473,0.2662,weakening,0.0
xrp_bybit_perp,zz150,SHORT,2026-06-11 12:32:42,2026-06-11 17:30:13,4.96,1.1081,1.1204,-111.0,-122.0,0.5731,0.5731,0.0746,continue,0.0
xrp_bybit_perp,zz150,LONG,2026-06-11 17:30:13,2026-06-11 20:37:32,3.12,1.1204,1.1319,102.6,91.6,0.3516,0.3516,0.8983,weakening,0.0
xrp_bybit_perp,zz150,SHORT,2026-06-11 20:37:32,2026-06-12 02:10:36,5.55,1.1319,1.1487,-148.4,-159.4,0.0325,0.0325,0.046,weakening,0.0
xrp_bybit_perp,zz150,LONG,2026-06-12 02:10:36,2026-06-12 06:30:21,4.33,1.1487,1.1331,-135.8,-146.8,0.4967,0.4967,0.0855,reversal,0.1698
xrp_bybit_perp,zz150,SHORT,2026-06-12 06:30:21,2026-06-12 08:21:30,1.85,1.1331,1.144,-96.2,-107.2,0.6868,0.6868,0.5162,continue,0.0
xrp_bybit_perp,zz150,LONG,2026-06-12 08:21:30,2026-06-12 12:55:13,4.56,1.144,1.1338,-89.2,-100.2,0.606,0.606,0.0038,weakening,0.0
xrp_bybit_perp,zz150,SHORT,2026-06-12 12:55:13,2026-06-12 14:36:45,1.69,1.1338,1.1432,-82.9,-93.9,0.3663,0.3663,0.0071,weakening,0.0
xrp_bybit_perp,zz150,LONG,2026-06-12 14:36:45,2026-06-12 15:39:10,1.04,1.1432,1.1398,-29.7,-40.7,0.7926,0.7926,0.0418,continue,0.0
xrp_bybit_perp,zz150,SHORT,2026-06-12 15:39:10,2026-06-13 07:28:48,15.83,1.1398,1.142,-19.3,-30.3,0.3012,0.3012,0.4291,continue,0.0
xrp_bybit_perp,zz150,LONG,2026-06-13 07:28:48,2026-06-13 17:55:31,10.45,1.142,1.1425,4.4,-6.6,0.0669,0.0669,0.154,flip_risk,0.0791
xrp_bybit_perp,zz150,SHORT,2026-06-13 17:55:31,2026-06-14 21:15:43,27.34,1.1425,1.1436,-9.6,-20.6,0.6612,0.6612,0.0314,continue,0.0
xrp_bybit_perp,zz150,LONG,2026-06-14 21:15:43,2026-06-15 17:04:53,19.82,1.1436,1.2727,1128.9,1117.9,0.8469,0.8469,0.0411,continue,0.0
xrp_bybit_perp,zz150,SHORT,2026-06-15 17:04:53,2026-06-15 18:49:00,1.74,1.2727,1.2878,-118.6,-129.6,0.4937,0.4937,0.0341,continue,0.0
xrp_bybit_perp,zz150,LONG,2026-06-15 18:49:00,2026-06-15 19:21:40,0.54,1.2878,1.2715,-126.6,-137.6,0.3974,0.3974,0.0893,continue,0.0
xrp_bybit_perp,zz150,SHORT,2026-06-15 19:21:40,2026-06-16 06:37:06,11.26,1.2715,1.2319,311.4,300.4,0.3717,0.3717,0.0546,continue,0.0
xrp_bybit_perp,zz150,LONG,2026-06-16 06:37:06,2026-06-16 13:08:58,6.53,1.2319,1.2363,35.7,24.7,0.6077,0.6077,0.0168,continue,0.0
xrp_bybit_perp,zz150,SHORT,2026-06-16 13:08:58,2026-06-16 18:01:53,4.88,1.2363,1.2228,109.2,98.2,0.7461,0.7461,0.0233,weakening,0.0
xrp_bybit_perp,zz150,LONG,2026-06-16 18:01:53,2026-06-17 01:16:19,7.24,1.2228,1.2119,-89.1,-100.1,0.4584,0.4584,0.0173,continue,0.0
xrp_bybit_perp,zz150,SHORT,2026-06-17 01:16:19,2026-06-17 02:23:37,1.12,1.2119,1.226,-116.3,-127.3,0.7315,0.7315,0.0356,continue,0.0
xrp_bybit_perp,zz150,LONG,2026-06-17 02:23:37,2026-06-17 07:05:15,4.69,1.226,1.2086,-141.9,-152.9,0.7162,0.7162,0.1185,continue,0.0
xrp_bybit_perp,zz150,SHORT,2026-06-17 07:05:15,2026-06-17 13:37:46,6.54,1.2086,1.2063,19.0,8.0,0.8341,0.8341,0.0259,continue,0.0
xrp_bybit_perp,zz150,LONG,2026-06-17 13:37:46,2026-06-17 14:47:44,1.17,1.2063,1.1883,-149.2,-160.2,0.8277,0.8277,0.2314,reversal,0.3155
xrp_bybit_perp,zz150,SHORT,2026-06-17 14:47:44,2026-06-17 15:39:01,0.85,1.1883,1.2062,-150.6,-161.6,0.6195,0.6195,0.6175,continue,0.0
xrp_bybit_perp,zz150,LONG,2026-06-17 15:39:01,2026-06-17 18:00:43,2.36,1.2062,1.2059,-2.5,-13.5,0.5173,0.5173,0.0554,continue,0.0
xrp_bybit_perp,zz150,SHORT,2026-06-17 18:00:43,2026-06-17 18:38:44,0.63,1.2059,1.2103,-36.5,-47.5,0.3355,0.3355,0.0204,weakening,0.0
xrp_bybit_perp,zz150,LONG,2026-06-17 18:38:44,2026-06-17 19:16:45,0.63,1.2103,1.2004,-81.8,-92.8,0.5477,0.5477,0.0527,continue,0.0
xrp_bybit_perp,zz150,SHORT,2026-06-17 19:16:45,2026-06-18 00:05:47,4.82,1.2004,1.1884,100.0,89.0,0.4422,0.4422,0.3124,weakening,0.0
xrp_bybit_perp,zz150,LONG,2026-06-18 00:05:47,2026-06-18 04:08:58,4.05,1.1884,1.1736,-124.5,-135.5,0.6639,0.6639,0.0072,continue,0.0
xrp_bybit_perp,zz150,SHORT,2026-06-18 04:08:58,2026-06-18 07:36:58,3.47,1.1736,1.1795,-50.3,-61.3,0.1848,0.1848,0.0248,weakening,0.0
xrp_bybit_perp,zz150,LONG,2026-06-18 07:36:58,2026-06-18 11:20:17,3.72,1.1795,1.164,-131.4,-142.4,0.2393,0.2393,0.1389,reversal,0.5655
xrp_bybit_perp,zz150,SHORT,2026-06-18 11:20:17,2026-06-18 20:18:49,8.98,1.164,1.1495,124.6,113.6,0.9494,0.9494,0.0023,continue,0.0
xrp_bybit_perp,zz150,LONG,2026-06-18 20:18:49,2026-06-19 03:15:58,6.95,1.1495,1.1365,-113.1,-124.1,0.4042,0.4042,0.1044,continue,0.0
xrp_bybit_perp,zz150,SHORT,2026-06-19 03:15:58,2026-06-19 13:43:00,10.45,1.1365,1.1358,6.2,-4.8,0.4999,0.4999,0.2966,continue,0.0
xrp_bybit_perp,zz150,LONG,2026-06-19 13:43:00,2026-06-20 14:05:56,24.38,1.1358,1.1362,3.5,-7.5,0.7777,0.7777,0.4412,continue,0.0
xrp_bybit_perp,zz150,SHORT,2026-06-20 14:05:56,2026-06-20 14:46:34,0.68,1.1362,1.1508,-128.5,-139.5,0.5461,0.5461,0.1383,weakening,0.0
xrp_bybit_perp,zz150,LONG,2026-06-20 14:46:34,2026-06-21 20:48:00,30.02,1.1508,1.1368,-121.7,-132.7,0.2439,0.2439,0.0282,weakening,0.0
xrp_bybit_perp,zz150,SHORT,2026-06-21 20:48:00,2026-06-22 00:37:47,3.83,1.1368,1.1379,-9.7,-20.7,0.7374,0.7374,0.0385,weakening,0.0
xrp_bybit_perp,zz150,LONG,2026-06-22 00:37:47,2026-06-22 03:00:40,2.38,1.1379,1.134,-34.3,-45.3,0.505,0.505,0.1444,continue,0.0
xrp_bybit_perp,zz150,SHORT,2026-06-22 03:00:40,2026-06-22 11:33:10,8.54,1.134,1.1451,-97.9,-108.9,0.1503,0.1503,0.219,continue,0.0
xrp_bybit_perp,zz150,LONG,2026-06-22 11:33:10,2026-06-22 14:30:43,2.96,1.1451,1.1452,0.9,-10.1,0.8086,0.8086,0.1882,continue,0.0
xrp_bybit_perp,zz150,SHORT,2026-06-22 14:30:43,2026-06-23 22:13:43,31.72,1.1452,1.1083,322.2,311.2,0.1242,0.1242,0.1758,continue,0.0
xrp_bybit_perp,zz150,LONG,2026-06-23 22:13:43,2026-06-24 04:24:51,6.19,1.1083,1.0958,-112.8,-123.8,0.5111,0.5111,0.3973,continue,0.0
xrp_bybit_perp,zz150,SHORT,2026-06-24 04:24:51,2026-06-24 11:49:16,7.41,1.0958,1.0977,-17.3,-28.3,0.5437,0.5437,0.2179,continue,0.0
xrp_bybit_perp,zz150,LONG,2026-06-24 11:49:16,2026-06-24 13:06:36,1.29,1.0977,1.0846,-119.3,-130.3,0.5942,0.5942,0.4483,continue,0.0
xrp_bybit_perp,zz150,SHORT,2026-06-24 13:06:36,2026-06-24 18:17:33,5.18,1.0846,1.0612,215.7,204.7,0.2696,0.2696,0.0334,weakening,0.0
xrp_bybit_perp,zz150,LONG,2026-06-24 18:17:33,2026-06-24 19:12:02,0.91,1.0612,1.0538,-69.7,-80.7,0.1912,0.1912,0.0792,continue,0.0
xrp_bybit_perp,zz150,SHORT,2026-06-24 19:12:02,2026-06-24 20:06:10,0.9,1.0538,1.0682,-136.6,-147.6,0.085,0.085,0.0633,weakening,0.0
xrp_bybit_perp,zz150,LONG,2026-06-24 20:06:10,2026-06-25 10:45:47,14.66,1.0682,1.0726,41.2,30.2,0.5016,0.5016,0.4241,continue,0.0
xrp_bybit_perp,zz150,SHORT,2026-06-25 10:45:47,2026-06-25 14:02:13,3.27,1.0726,1.0264,430.7,419.7,0.5454,0.5454,0.1656,weakening,0.0
xrp_bybit_perp,zz150,LONG,2026-06-25 14:02:13,2026-06-25 14:44:02,0.7,1.0264,1.0322,56.5,45.5,0.215,0.215,0.1857,weakening,0.0
xrp_bybit_perp,zz150,SHORT,2026-06-25 14:44:02,2026-06-25 16:06:52,1.38,1.0322,1.0382,-58.1,-69.1,0.3146,0.3146,0.065,continue,0.0
xrp_bybit_perp,zz150,LONG,2026-06-25 16:06:52,2026-06-25 16:45:13,0.64,1.0382,1.0279,-99.2,-110.2,0.3653,0.3653,0.169,continue,0.0
xrp_bybit_perp,zz150,SHORT,2026-06-25 16:45:13,2026-06-25 17:15:33,0.51,1.0279,1.0413,-130.4,-141.4,0.0258,-0.0258,0.5054,continue,0.0
xrp_bybit_perp,zz150,LONG,2026-06-25 17:15:33,2026-06-25 19:03:16,1.8,1.0413,1.0312,-97.0,-108.0,0.7142,0.7142,0.0028,weakening,0.0
xrp_bybit_perp,zz150,SHORT,2026-06-25 19:03:16,2026-06-25 21:59:06,2.93,1.0312,1.043,-114.4,-125.4,0.0789,0.0789,0.263,continue,0.0
xrp_bybit_perp,zz150,LONG,2026-06-25 21:59:06,2026-06-26 01:28:47,3.49,1.043,1.0321,-104.5,-115.5,0.4591,0.4591,1.2058,continue,0.0
xrp_bybit_perp,zz150,SHORT,2026-06-26 01:28:47,2026-06-26 03:39:11,2.17,1.0321,1.0236,82.4,71.4,0.6941,0.6941,0.0535,flip_risk,0.1286
xrp_bybit_perp,zz150,LONG,2026-06-26 03:39:11,2026-06-26 09:04:02,5.41,1.0236,1.0364,125.0,114.0,0.5109,0.5109,0.0622,continue,0.0
xrp_bybit_perp,zz150,SHORT,2026-06-26 09:04:02,2026-06-26 13:43:11,4.65,1.0364,1.0256,104.2,93.2,0.5385,0.5385,0.0802,weakening,0.0
xrp_bybit_perp,zz150,LONG,2026-06-26 13:43:11,2026-06-26 22:04:03,8.35,1.0256,1.0393,133.6,122.6,0.445,0.445,0.0224,continue,0.0
xrp_bybit_perp,zz150,SHORT,2026-06-26 22:04:03,2026-06-27 02:08:43,4.08,1.0393,1.0532,-133.7,-144.7,0.1042,-0.1042,0.038,weakening,0.0
xrp_bybit_perp,zz150,LONG,2026-06-27 02:08:43,2026-06-27 17:59:35,15.85,1.0532,1.0603,67.4,56.4,0.7225,0.7225,0.5629,continue,0.0
xrp_bybit_perp,zz150,SHORT,2026-06-27 17:59:35,2026-06-28 08:38:46,14.65,1.0603,1.0575,26.4,15.4,0.9395,0.9395,0.0019,continue,0.0
xrp_bybit_perp,zz150,LONG,2026-06-28 08:38:46,2026-06-28 17:35:04,8.94,1.0575,1.0424,-142.8,-153.8,0.6098,0.6098,0.0243,weakening,0.0
xrp_bybit_perp,zz150,SHORT,2026-06-28 17:35:04,2026-06-28 23:36:15,6.02,1.0424,1.0489,-62.4,-73.4,0.2676,0.2676,0.1985,continue,0.0
xrp_bybit_perp,zz150,LONG,2026-06-28 23:36:15,2026-06-29 00:30:35,0.91,1.0489,1.0358,-124.9,-135.9,0.6968,0.6968,0.1013,continue,0.0
xrp_bybit_perp,zz150,SHORT,2026-06-29 00:30:35,2026-06-29 02:42:59,2.21,1.0358,1.0471,-109.1,-120.1,0.6153,0.6153,0.2344,reversal,0.2493
xrp_bybit_perp,zz150,LONG,2026-06-29 02:42:59,2026-06-29 05:05:02,2.37,1.0471,1.0391,-76.4,-87.4,0.3949,0.3949,0.0029,continue,0.0
xrp_bybit_perp,zz150,SHORT,2026-06-29 05:05:02,2026-06-29 06:07:48,1.05,1.0391,1.0512,-116.4,-127.4,0.4702,-0.4702,0.5137,reversal,0.2788
xrp_bybit_perp,zz150,LONG,2026-06-29 06:07:48,2026-06-29 13:40:03,7.54,1.0512,1.0495,-16.2,-27.2,0.3536,0.3536,0.0542,reversal,0.3282
xrp_bybit_perp,zz150,SHORT,2026-06-29 13:40:03,2026-06-29 17:05:05,3.42,1.0495,1.0551,-53.4,-64.4,0.317,0.317,0.2358,weakening,0.0
xrp_bybit_perp,zz150,LONG,2026-06-29 17:05:05,2026-06-29 21:05:35,4.01,1.0551,1.0597,43.6,32.6,0.3288,-0.3288,0.0127,reversal,0.3001
xrp_bybit_perp,zz150,SHORT,2026-06-29 21:05:35,2026-06-30 14:03:06,16.96,1.0597,1.0425,162.3,151.3,0.5268,0.5268,0.0367,weakening,0.0
xrp_bybit_perp,zz150,LONG,2026-06-30 14:03:06,2026-06-30 15:19:17,1.27,1.0425,1.0289,-130.5,-141.5,0.3052,0.3052,0.0571,weakening,0.0
xrp_bybit_perp,zz150,SHORT,2026-06-30 15:19:17,2026-06-30 18:18:03,2.98,1.0289,1.0445,-151.6,-162.6,0.307,0.307,0.3381,reversal,0.3831
xrp_bybit_perp,zz150,LONG,2026-06-30 18:18:03,2026-07-01 01:05:06,6.78,1.0445,1.0335,-105.3,-116.3,0.0153,-0.0153,0.329,reversal,0.4102
xrp_bybit_perp,zz150,SHORT,2026-07-01 01:05:06,2026-07-01 01:38:46,0.56,1.0335,1.0369,-32.9,-43.9,0.3982,0.3982,0.1772,continue,0.0
xrp_bybit_perp,zz150,LONG,2026-07-01 01:38:46,2026-07-01 08:33:55,6.92,1.0369,1.0376,6.8,-4.2,0.3474,0.3474,0.0078,continue,0.0
xrp_bybit_perp,zz150,SHORT,2026-07-01 08:33:55,2026-07-01 14:08:48,5.58,1.0376,1.0495,-114.7,-125.7,0.3415,-0.3415,0.5028,continue,0.0
xrp_bybit_perp,zz150,LONG,2026-07-01 14:08:48,2026-07-01 23:02:14,8.89,1.0495,1.0566,67.7,56.7,0.1026,-0.1026,0.0247,weakening,0.0
xrp_bybit_perp,zz150,SHORT,2026-07-01 23:02:14,2026-07-02 02:37:54,3.59,1.0566,1.0603,-35.0,-46.0,0.1133,0.1133,0.0142,weakening,0.0
xrp_bybit_perp,zz150,LONG,2026-07-02 02:37:54,2026-07-02 14:20:21,11.71,1.0603,1.0948,325.4,314.4,0.815,0.815,0.3159,weakening,0.0
xrp_bybit_perp,zz100,SHORT,2026-06-03 01:44:22,2026-06-03 04:01:03,2.28,1.2187,1.2009,146.1,135.1,0.2583,0.2583,0.2527,weakening,0.0
xrp_bybit_perp,zz100,LONG,2026-06-03 04:01:03,2026-06-03 09:43:06,5.7,1.2009,1.2356,288.9,277.9,0.4395,0.4395,0.0453,weakening,0.0
xrp_bybit_perp,zz100,SHORT,2026-06-03 09:43:06,2026-06-03 16:52:41,7.16,1.2356,1.2203,123.8,112.8,0.502,0.502,0.2001,weakening,0.0
xrp_bybit_perp,zz100,LONG,2026-06-03 16:52:41,2026-06-03 18:16:22,1.39,1.2203,1.216,-35.2,-46.2,0.1732,-0.1732,0.022,weakening,0.0
xrp_bybit_perp,zz100,SHORT,2026-06-03 18:16:22,2026-06-03 21:02:59,2.78,1.216,1.1972,154.6,143.6,0.0553,-0.0553,0.0645,weakening,0.0
xrp_bybit_perp,zz100,LONG,2026-06-03 21:02:59,2026-06-03 22:47:13,1.74,1.1972,1.207,81.9,70.9,0.5037,0.5037,0.0042,continue,0.0
xrp_bybit_perp,zz100,SHORT,2026-06-03 22:47:13,2026-06-04 01:35:23,2.8,1.207,1.1797,226.2,215.2,0.132,0.132,0.0619,weakening,0.0
xrp_bybit_perp,zz100,LONG,2026-06-04 01:35:23,2026-06-04 01:46:39,0.19,1.1797,1.1682,-97.5,-108.5,0.0755,0.0755,0.5346,weakening,0.0
xrp_bybit_perp,zz100,SHORT,2026-06-04 01:46:39,2026-06-04 02:05:34,0.32,1.1682,1.1525,134.4,123.4,0.2033,0.2033,0.0747,continue,0.0
xrp_bybit_perp,zz100,LONG,2026-06-04 02:05:34,2026-06-04 05:00:17,2.91,1.1525,1.1993,406.1,395.1,0.3133,0.3133,0.0025,continue,0.0
xrp_bybit_perp,zz100,SHORT,2026-06-04 05:00:17,2026-06-04 05:35:25,0.59,1.1993,1.1957,30.0,19.0,0.2633,0.2633,0.4336,weakening,0.0
xrp_bybit_perp,zz100,LONG,2026-06-04 05:35:25,2026-06-04 07:02:06,1.44,1.1957,1.1877,-66.9,-77.9,0.3287,0.3287,0.1569,continue,0.0
xrp_bybit_perp,zz100,SHORT,2026-06-04 07:02:06,2026-06-04 09:45:50,2.73,1.1877,1.1561,266.1,255.1,0.6572,0.6572,0.0153,continue,0.0
xrp_bybit_perp,zz100,LONG,2026-06-04 09:45:50,2026-06-04 10:15:57,0.5,1.1561,1.1502,-51.0,-62.0,0.4081,0.4081,0.0211,continue,0.0
xrp_bybit_perp,zz100,SHORT,2026-06-04 10:15:57,2026-06-04 11:24:59,1.15,1.1502,1.1527,-21.7,-32.7,0.7198,0.7198,0.0125,continue,0.0
xrp_bybit_perp,zz100,LONG,2026-06-04 11:24:59,2026-06-04 11:40:53,0.27,1.1527,1.1462,-56.4,-67.4,0.5245,0.5245,0.0603,reversal,0.2544
xrp_bybit_perp,zz100,SHORT,2026-06-04 11:40:53,2026-06-04 12:00:04,0.32,1.1462,1.1558,-83.8,-94.8,0.3748,0.3748,0.3113,weakening,0.0
xrp_bybit_perp,zz100,LONG,2026-06-04 12:00:04,2026-06-04 13:19:46,1.33,1.1558,1.1696,119.4,108.4,0.5999,0.5999,0.007,continue,0.0
xrp_bybit_perp,zz100,SHORT,2026-06-04 13:19:46,2026-06-04 13:31:35,0.2,1.1696,1.174,-37.6,-48.6,0.5132,0.5132,0.2842,reversal,0.2007
xrp_bybit_perp,zz100,LONG,2026-06-04 13:31:35,2026-06-04 14:36:25,1.08,1.174,1.1708,-27.3,-38.3,0.2798,0.2798,0.0113,weakening,0.0
xrp_bybit_perp,zz100,SHORT,2026-06-04 14:36:25,2026-06-04 15:06:28,0.5,1.1708,1.1792,-71.7,-82.7,0.0848,0.0848,0.2419,weakening,0.0
xrp_bybit_perp,zz100,LONG,2026-06-04 15:06:28,2026-06-04 15:23:12,0.28,1.1792,1.1701,-77.2,-88.2,0.8816,0.8816,0.136,continue,0.0
xrp_bybit_perp,zz100,SHORT,2026-06-04 15:23:12,2026-06-04 16:48:45,1.43,1.1701,1.1723,-18.8,-29.8,0.3463,0.3463,0.1416,weakening,0.0
xrp_bybit_perp,zz100,LONG,2026-06-04 16:48:45,2026-06-04 17:38:11,0.82,1.1723,1.1628,-81.0,-92.0,0.7784,0.7784,0.3415,continue,0.0
xrp_bybit_perp,zz100,SHORT,2026-06-04 17:38:11,2026-06-04 17:52:16,0.23,1.1628,1.1705,-66.2,-77.2,0.6691,0.6691,0.0186,continue,0.0
xrp_bybit_perp,zz100,LONG,2026-06-04 17:52:16,2026-06-04 20:03:38,2.19,1.1705,1.1719,12.0,1.0,0.8904,0.8904,0.0875,continue,0.0
xrp_bybit_perp,zz100,SHORT,2026-06-04 20:03:38,2026-06-04 21:07:57,1.07,1.1719,1.1779,-51.2,-62.2,0.797,0.797,0.0813,continue,0.0
xrp_bybit_perp,zz100,LONG,2026-06-04 21:07:57,2026-06-04 21:28:44,0.35,1.1779,1.1665,-96.8,-107.8,0.3135,0.3135,0.1163,continue,0.0
xrp_bybit_perp,zz100,SHORT,2026-06-04 21:28:44,2026-06-04 22:57:19,1.48,1.1665,1.1657,6.9,-4.1,0.0898,-0.0898,0.1799,continue,0.0
xrp_bybit_perp,zz100,LONG,2026-06-04 22:57:19,2026-06-04 23:19:52,0.38,1.1657,1.1593,-54.9,-65.9,0.1621,0.1621,0.1634,weakening,0.0
xrp_bybit_perp,zz100,SHORT,2026-06-04 23:19:52,2026-06-05 00:24:08,1.07,1.1593,1.1697,-89.7,-100.7,0.2769,0.2769,0.073,weakening,0.0
xrp_bybit_perp,zz100,LONG,2026-06-05 00:24:08,2026-06-05 00:58:17,0.57,1.1697,1.1622,-64.1,-75.1,0.4251,0.4251,0.0273,weakening,0.0
xrp_bybit_perp,zz100,SHORT,2026-06-05 00:58:17,2026-06-05 03:16:33,2.3,1.1622,1.1437,159.2,148.2,0.7853,0.7853,0.0255,weakening,0.0
xrp_bybit_perp,zz100,LONG,2026-06-05 03:16:33,2026-06-05 03:42:46,0.44,1.1437,1.1353,-73.4,-84.4,0.0639,-0.0639,0.4036,weakening,0.0
xrp_bybit_perp,zz100,SHORT,2026-06-05 03:42:46,2026-06-05 04:07:11,0.41,1.1353,1.1421,-59.9,-70.9,0.3902,0.3902,0.1726,continue,0.0
xrp_bybit_perp,zz100,LONG,2026-06-05 04:07:11,2026-06-05 04:43:43,0.61,1.1421,1.1367,-47.3,-58.3,0.2052,0.2052,0.171,continue,0.0
xrp_bybit_perp,zz100,SHORT,2026-06-05 04:43:43,2026-06-05 04:58:58,0.25,1.1367,1.1458,-80.1,-91.1,0.456,0.456,0.0414,continue,0.0
xrp_bybit_perp,zz100,LONG,2026-06-05 04:58:58,2026-06-05 05:12:33,0.23,1.1458,1.1367,-79.4,-90.4,0.6223,0.6223,0.3493,continue,0.0
xrp_bybit_perp,zz100,SHORT,2026-06-05 05:12:33,2026-06-05 06:26:21,1.23,1.1367,1.1028,298.2,287.2,0.0135,-0.0135,0.0856,continue,0.0
xrp_bybit_perp,zz100,LONG,2026-06-05 06:26:21,2026-06-05 07:06:56,0.68,1.1028,1.1087,53.5,42.5,0.3054,0.3054,0.1336,continue,0.0
xrp_bybit_perp,zz100,SHORT,2026-06-05 07:06:56,2026-06-05 07:23:40,0.28,1.1087,1.1155,-61.3,-72.3,0.3812,0.3812,0.0244,continue,0.0
xrp_bybit_perp,zz100,LONG,2026-06-05 07:23:40,2026-06-05 08:15:47,0.87,1.1155,1.1258,92.3,81.3,0.4609,0.4609,0.074,weakening,0.0
xrp_bybit_perp,zz100,SHORT,2026-06-05 08:15:47,2026-06-05 09:02:13,0.77,1.1258,1.1275,-15.1,-26.1,0.4325,0.4325,0.0088,continue,0.0
xrp_bybit_perp,zz100,LONG,2026-06-05 09:02:13,2026-06-05 10:10:23,1.14,1.1275,1.1337,55.0,44.0,0.4679,0.4679,0.023,continue,0.0
xrp_bybit_perp,zz100,SHORT,2026-06-05 10:10:23,2026-06-05 12:06:55,1.94,1.1337,1.1214,108.5,97.5,0.2252,0.2252,0.0241,weakening,0.0
xrp_bybit_perp,zz100,LONG,2026-06-05 12:06:55,2026-06-05 12:31:15,0.41,1.1214,1.1135,-70.4,-81.4,0.1915,-0.1915,0.0143,reversal,0.1992
xrp_bybit_perp,zz100,SHORT,2026-06-05 12:31:15,2026-06-05 13:00:05,0.48,1.1135,1.1204,-62.0,-73.0,0.4457,0.4457,0.1363,reversal,0.2958
xrp_bybit_perp,zz100,LONG,2026-06-05 13:00:05,2026-06-05 13:40:31,0.67,1.1204,1.1259,49.1,38.1,0.1738,0.1738,0.2739,continue,0.0
xrp_bybit_perp,zz100,SHORT,2026-06-05 13:40:31,2026-06-05 14:08:17,0.46,1.1259,1.1082,157.2,146.2,0.2978,0.2978,0.0813,reversal,0.258
xrp_bybit_perp,zz100,LONG,2026-06-05 14:08:17,2026-06-05 14:26:37,0.31,1.1082,1.1058,-21.7,-32.7,0.3903,0.3903,0.1691,continue,0.0
xrp_bybit_perp,zz100,SHORT,2026-06-05 14:26:37,2026-06-05 14:36:34,0.17,1.1058,1.1148,-81.4,-92.4,0.2618,0.2618,0.2163,flip_risk,0.0307
xrp_bybit_perp,zz100,LONG,2026-06-05 14:36:34,2026-06-05 14:49:10,0.21,1.1148,1.1064,-75.3,-86.3,0.3722,0.3722,0.0274,weakening,0.0
xrp_bybit_perp,zz100,SHORT,2026-06-05 14:49:10,2026-06-05 15:23:28,0.57,1.1064,1.1053,9.9,-1.1,0.1484,0.1484,0.114,continue,0.0
xrp_bybit_perp,zz100,LONG,2026-06-05 15:23:28,2026-06-05 15:37:07,0.23,1.1053,1.0981,-65.1,-76.1,0.3414,0.3414,0.0374,continue,0.0
xrp_bybit_perp,zz100,SHORT,2026-06-05 15:37:07,2026-06-05 15:51:23,0.24,1.0981,1.103,-44.6,-55.6,0.0194,-0.0194,0.0665,continue,0.0
xrp_bybit_perp,zz100,LONG,2026-06-05 15:51:23,2026-06-05 16:02:21,0.18,1.103,1.0926,-94.3,-105.3,0.5885,0.5885,0.1017,weakening,0.0
xrp_bybit_perp,zz100,SHORT,2026-06-05 16:02:21,2026-06-05 16:13:04,0.18,1.0926,1.0952,-23.8,-34.8,0.1547,-0.1547,0.1611,continue,0.0
xrp_bybit_perp,zz100,LONG,2026-06-05 16:13:04,2026-06-05 16:30:07,0.28,1.0952,1.105,89.5,78.5,0.1778,0.1778,0.1279,weakening,0.0
xrp_bybit_perp,zz100,SHORT,2026-06-05 16:30:07,2026-06-05 16:49:04,0.32,1.105,1.1094,-39.8,-50.8,0.1334,0.1334,0.0274,weakening,0.0
xrp_bybit_perp,zz100,LONG,2026-06-05 16:49:04,2026-06-05 17:11:31,0.37,1.1094,1.1118,21.6,10.6,0.1945,0.1945,0.2487,flip_risk,0.0144
xrp_bybit_perp,zz100,SHORT,2026-06-05 17:11:31,2026-06-05 17:40:43,0.49,1.1118,1.1114,3.6,-7.4,0.2655,0.2655,0.1245,continue,0.0
xrp_bybit_perp,zz100,LONG,2026-06-05 17:40:43,2026-06-05 18:19:56,0.65,1.1114,1.1018,-86.4,-97.4,0.1101,-0.1101,0.058,continue,0.0
xrp_bybit_perp,zz100,SHORT,2026-06-05 18:19:56,2026-06-05 19:24:47,1.08,1.1018,1.0797,200.6,189.6,0.2836,0.2836,0.4906,continue,0.0
xrp_bybit_perp,zz100,LONG,2026-06-05 19:24:47,2026-06-05 20:02:15,0.62,1.0797,1.0919,113.0,102.0,0.3389,0.3389,0.3937,continue,0.0
xrp_bybit_perp,zz100,SHORT,2026-06-05 20:02:15,2026-06-05 20:08:46,0.11,1.0919,1.099,-65.0,-76.0,0.1604,0.1604,0.0264,continue,0.0
xrp_bybit_perp,zz100,LONG,2026-06-05 20:08:46,2026-06-05 22:03:41,1.92,1.099,1.1081,82.8,71.8,0.1179,-0.1179,0.0567,weakening,0.0
xrp_bybit_perp,zz100,SHORT,2026-06-05 22:03:41,2026-06-05 22:19:58,0.27,1.1081,1.1084,-2.7,-13.7,0.0575,0.0575,0.0999,weakening,0.0
xrp_bybit_perp,zz100,LONG,2026-06-05 22:19:58,2026-06-05 23:14:44,0.91,1.1084,1.1039,-40.6,-51.6,0.8379,0.8379,0.2646,continue,0.0
xrp_bybit_perp,zz100,SHORT,2026-06-05 23:14:44,2026-06-05 23:53:16,0.64,1.1039,1.0972,60.7,49.7,0.401,0.401,0.0099,continue,0.0
xrp_bybit_perp,zz100,LONG,2026-06-05 23:53:16,2026-06-06 01:20:32,1.45,1.0972,1.1026,49.2,38.2,0.346,0.346,0.1707,continue,0.0
xrp_bybit_perp,zz100,SHORT,2026-06-06 01:20:32,2026-06-06 02:50:38,1.5,1.1026,1.1028,-1.8,-12.8,0.5153,0.5153,0.254,reversal,0.4744
xrp_bybit_perp,zz100,LONG,2026-06-06 02:50:38,2026-06-06 03:04:04,0.22,1.1028,1.0916,-101.6,-112.6,0.1892,0.1892,0.0137,reversal,0.2071
xrp_bybit_perp,zz100,SHORT,2026-06-06 03:04:04,2026-06-06 04:52:14,1.8,1.0916,1.063,262.0,251.0,0.4609,-0.4609,0.7019,continue,0.0
xrp_bybit_perp,zz100,LONG,2026-06-06 04:52:14,2026-06-06 04:57:40,0.09,1.063,1.055,-75.3,-86.3,0.0041,-0.0041,0.0622,weakening,0.0
xrp_bybit_perp,zz100,SHORT,2026-06-06 04:57:40,2026-06-06 05:10:00,0.21,1.055,1.0599,-46.4,-57.4,0.0417,-0.0417,0.1105,continue,0.0
xrp_bybit_perp,zz100,LONG,2026-06-06 05:10:00,2026-06-06 05:27:46,0.3,1.0599,1.0796,185.9,174.9,0.1456,0.1456,0.0002,continue,0.0
xrp_bybit_perp,zz100,SHORT,2026-06-06 05:27:46,2026-06-06 05:46:38,0.31,1.0796,1.0867,-65.8,-76.8,0.3092,-0.3092,0.0035,continue,0.0
xrp_bybit_perp,zz100,LONG,2026-06-06 05:46:38,2026-06-06 06:44:51,0.97,1.0867,1.0893,23.9,12.9,0.2204,0.2204,0.2188,continue,0.0
xrp_bybit_perp,zz100,SHORT,2026-06-06 06:44:51,2026-06-06 07:08:00,0.39,1.0893,1.0915,-20.2,-31.2,0.347,0.347,0.1003,weakening,0.0
xrp_bybit_perp,zz100,LONG,2026-06-06 07:08:00,2026-06-06 09:47:30,2.66,1.0915,1.092,4.6,-6.4,0.7657,0.7657,0.0343,continue,0.0
xrp_bybit_perp,zz100,SHORT,2026-06-06 09:47:30,2026-06-06 11:02:40,1.25,1.092,1.0825,87.0,76.0,0.6009,0.6009,0.0067,continue,0.0
xrp_bybit_perp,zz100,LONG,2026-06-06 11:02:40,2026-06-06 12:27:36,1.42,1.0825,1.0823,-1.8,-12.8,0.1242,-0.1242,0.1423,reversal,0.1961
xrp_bybit_perp,zz100,SHORT,2026-06-06 12:27:36,2026-06-06 12:47:57,0.34,1.0823,1.0911,-81.3,-92.3,0.4216,0.4216,0.1152,continue,0.0
xrp_bybit_perp,zz100,LONG,2026-06-06 12:47:57,2026-06-06 15:02:20,2.24,1.0911,1.0982,65.1,54.1,0.2108,0.2108,0.2502,continue,0.0
xrp_bybit_perp,zz100,SHORT,2026-06-06 15:02:20,2026-06-06 15:39:29,0.62,1.0982,1.0969,11.8,0.8,0.6258,0.6258,0.1248,continue,0.0
xrp_bybit_perp,zz100,LONG,2026-06-06 15:39:29,2026-06-06 16:28:00,0.81,1.0969,1.0899,-63.8,-74.8,0.1223,0.1223,0.0814,reversal,0.1789
xrp_bybit_perp,zz100,SHORT,2026-06-06 16:28:00,2026-06-06 16:46:52,0.31,1.0899,1.099,-83.5,-94.5,0.7231,0.7231,0.085,continue,0.0
xrp_bybit_perp,zz100,LONG,2026-06-06 16:46:52,2026-06-06 17:10:32,0.39,1.099,1.089,-91.0,-102.0,0.0676,-0.0676,0.1653,weakening,0.0
xrp_bybit_perp,zz100,SHORT,2026-06-06 17:10:32,2026-06-06 21:11:14,4.01,1.089,1.0879,10.1,-0.9,0.418,0.418,0.0017,continue,0.0
xrp_bybit_perp,zz100,LONG,2026-06-06 21:11:14,2026-06-06 22:24:14,1.22,1.0879,1.0819,-55.2,-66.2,0.6958,0.6958,0.0506,continue,0.0
xrp_bybit_perp,zz100,SHORT,2026-06-06 22:24:14,2026-06-06 23:38:07,1.23,1.0819,1.0917,-90.6,-101.6,0.1854,0.1854,0.1085,reversal,0.3141
xrp_bybit_perp,zz100,LONG,2026-06-06 23:38:07,2026-06-07 02:20:59,2.71,1.0917,1.1084,153.0,142.0,0.6332,0.6332,0.9113,continue,0.0
xrp_bybit_perp,zz100,SHORT,2026-06-07 02:20:59,2026-06-07 02:48:01,0.45,1.1084,1.1176,-83.0,-94.0,0.5674,-0.5674,0.382,flip_risk,0.0176
xrp_bybit_perp,zz100,LONG,2026-06-07 02:48:01,2026-06-07 04:18:32,1.51,1.1176,1.1124,-46.5,-57.5,0.495,0.495,0.0875,weakening,0.0
xrp_bybit_perp,zz100,SHORT,2026-06-07 04:18:32,2026-06-07 04:42:20,0.4,1.1124,1.1206,-73.7,-84.7,0.6799,0.6799,0.3156,weakening,0.0
xrp_bybit_perp,zz100,LONG,2026-06-07 04:42:20,2026-06-07 09:23:09,4.68,1.1206,1.1573,327.5,316.5,0.6741,0.6741,0.0619,weakening,0.0
xrp_bybit_perp,zz100,SHORT,2026-06-07 09:23:09,2026-06-07 14:22:25,4.99,1.1573,1.1291,243.7,232.7,0.4735,0.4735,0.1402,weakening,0.0
xrp_bybit_perp,zz100,LONG,2026-06-07 14:22:25,2026-06-07 19:01:00,4.64,1.1291,1.1383,81.5,70.5,0.5724,0.5724,0.2454,continue,0.0
xrp_bybit_perp,zz100,SHORT,2026-06-07 19:01:00,2026-06-07 20:21:30,1.34,1.1383,1.1321,54.5,43.5,0.5565,0.5565,0.0027,weakening,0.0
xrp_bybit_perp,zz100,LONG,2026-06-07 20:21:30,2026-06-07 22:15:42,1.9,1.1321,1.1584,232.3,221.3,0.57,0.57,0.1799,continue,0.0
xrp_bybit_perp,zz100,SHORT,2026-06-07 22:15:42,2026-06-07 22:36:53,0.35,1.1584,1.1591,-6.0,-17.0,0.1497,0.1497,0.0177,continue,0.0
xrp_bybit_perp,zz100,LONG,2026-06-07 22:36:53,2026-06-07 22:56:15,0.32,1.1591,1.1499,-79.4,-90.4,0.0383,-0.0383,0.0845,continue,0.0
xrp_bybit_perp,zz100,SHORT,2026-06-07 22:56:15,2026-06-08 00:30:40,1.57,1.1499,1.16,-87.8,-98.8,0.4124,-0.4124,0.0593,reversal,0.1976
xrp_bybit_perp,zz100,LONG,2026-06-08 00:30:40,2026-06-08 01:10:22,0.66,1.16,1.1549,-44.0,-55.0,0.0667,-0.0667,0.1152,continue,0.0
xrp_bybit_perp,zz100,SHORT,2026-06-08 01:10:22,2026-06-08 01:42:34,0.54,1.1549,1.1533,13.9,2.9,0.3891,0.3891,0.0429,continue,0.0
xrp_bybit_perp,zz100,LONG,2026-06-08 01:42:34,2026-06-08 03:28:55,1.77,1.1533,1.1493,-34.7,-45.7,0.3425,0.3425,0.1292,continue,0.0
xrp_bybit_perp,zz100,SHORT,2026-06-08 03:28:55,2026-06-08 06:22:52,2.9,1.1493,1.1426,58.3,47.3,0.7401,0.7401,0.0389,reversal,0.2287
xrp_bybit_perp,zz100,LONG,2026-06-08 06:22:52,2026-06-08 08:21:20,1.97,1.1426,1.1385,-35.9,-46.9,0.8849,0.8849,0.0079,continue,0.0
xrp_bybit_perp,zz100,SHORT,2026-06-08 08:21:20,2026-06-08 09:17:23,0.93,1.1385,1.1468,-72.9,-83.9,0.8003,0.8003,0.027,continue,0.0
xrp_bybit_perp,zz100,LONG,2026-06-08 09:17:23,2026-06-08 12:03:51,2.77,1.1468,1.1532,55.8,44.8,0.7048,0.7048,0.0706,continue,0.0
xrp_bybit_perp,zz100,SHORT,2026-06-08 12:03:51,2026-06-08 12:30:58,0.45,1.1532,1.1574,-36.4,-47.4,0.4422,0.4422,0.6098,continue,0.0
xrp_bybit_perp,zz100,LONG,2026-06-08 12:30:58,2026-06-08 13:31:55,1.02,1.1574,1.1581,6.0,-5.0,0.6481,0.6481,0.3652,continue,0.0
xrp_bybit_perp,zz100,SHORT,2026-06-08 13:31:55,2026-06-08 14:30:23,0.97,1.1581,1.167,-76.9,-87.9,0.3395,0.3395,0.1424,continue,0.0
xrp_bybit_perp,zz100,LONG,2026-06-08 14:30:23,2026-06-08 15:29:56,0.99,1.167,1.1725,47.1,36.1,0.1055,-0.1055,0.0475,continue,0.0
xrp_bybit_perp,zz100,SHORT,2026-06-08 15:29:56,2026-06-08 17:50:05,2.34,1.1725,1.1689,30.7,19.7,0.3511,-0.3511,0.1856,continue,0.0
xrp_bybit_perp,zz100,LONG,2026-06-08 17:50:05,2026-06-08 19:57:14,2.12,1.1689,1.1739,42.8,31.8,0.7428,0.7428,0.1146,weakening,0.0
xrp_bybit_perp,zz100,SHORT,2026-06-08 19:57:14,2026-06-08 21:02:17,1.08,1.1739,1.1798,-50.3,-61.3,0.1577,0.1577,0.0561,reversal,0.3413
xrp_bybit_perp,zz100,LONG,2026-06-08 21:02:17,2026-06-08 22:11:41,1.16,1.1798,1.1737,-51.7,-62.7,0.3976,0.3976,0.6785,continue,0.0
xrp_bybit_perp,zz100,SHORT,2026-06-08 22:11:41,2026-06-09 03:01:00,4.82,1.1737,1.1542,166.1,155.1,0.4391,0.4391,0.4454,weakening,0.0
xrp_bybit_perp,zz100,LONG,2026-06-09 03:01:00,2026-06-09 08:10:34,5.16,1.1542,1.1644,88.4,77.4,0.5739,0.5739,0.1269,continue,0.0
xrp_bybit_perp,zz100,SHORT,2026-06-09 08:10:34,2026-06-09 13:00:04,4.83,1.1644,1.1636,6.9,-4.1,0.9738,0.9738,0.1849,weakening,0.0
xrp_bybit_perp,zz100,LONG,2026-06-09 13:00:04,2026-06-09 13:37:25,0.62,1.1636,1.1544,-79.1,-90.1,0.7242,0.7242,0.0556,continue,0.0
xrp_bybit_perp,zz100,SHORT,2026-06-09 13:37:25,2026-06-09 17:01:09,3.4,1.1544,1.1295,215.7,204.7,0.8057,0.8057,0.7364,weakening,0.0
xrp_bybit_perp,zz100,LONG,2026-06-09 17:01:09,2026-06-09 18:03:57,1.05,1.1295,1.1351,49.6,38.6,0.1332,0.1332,0.0177,continue,0.0
xrp_bybit_perp,zz100,SHORT,2026-06-09 18:03:57,2026-06-10 07:21:10,13.29,1.1351,1.1174,155.9,144.9,0.0093,-0.0093,0.091,continue,0.0
xrp_bybit_perp,zz100,LONG,2026-06-10 07:21:10,2026-06-10 08:34:36,1.22,1.1174,1.1079,-85.0,-96.0,0.0798,0.0798,0.3854,weakening,0.0
xrp_bybit_perp,zz100,SHORT,2026-06-10 08:34:36,2026-06-10 12:30:11,3.93,1.1079,1.1117,-34.3,-45.3,0.7406,0.7406,0.1712,continue,0.0
xrp_bybit_perp,zz100,LONG,2026-06-10 12:30:11,2026-06-10 14:13:16,1.72,1.1117,1.1254,123.2,112.2,0.5369,0.5369,0.1227,weakening,0.0
xrp_bybit_perp,zz100,SHORT,2026-06-10 14:13:16,2026-06-10 15:01:43,0.81,1.1254,1.1284,-26.7,-37.7,0.5407,0.5407,0.0471,reversal,0.1833
xrp_bybit_perp,zz100,LONG,2026-06-10 15:01:43,2026-06-10 15:48:56,0.79,1.1284,1.1193,-80.6,-91.6,0.8887,0.8887,0.0018,continue,0.0
xrp_bybit_perp,zz100,SHORT,2026-06-10 15:48:56,2026-06-10 15:54:18,0.09,1.1193,1.13,-95.6,-106.6,0.6899,0.6899,0.2623,continue,0.0
xrp_bybit_perp,zz100,LONG,2026-06-10 15:54:18,2026-06-10 16:21:16,0.45,1.13,1.1214,-76.1,-87.1,0.0672,-0.0672,0.1303,reversal,0.1534
xrp_bybit_perp,zz100,SHORT,2026-06-10 16:21:16,2026-06-11 00:14:41,7.89,1.1214,1.0994,196.2,185.2,0.1154,0.1154,0.0373,continue,0.0
xrp_bybit_perp,zz100,LONG,2026-06-11 00:14:41,2026-06-11 02:28:32,2.23,1.0994,1.108,78.2,67.2,0.5473,0.5473,0.2662,weakening,0.0
xrp_bybit_perp,zz100,SHORT,2026-06-11 02:28:32,2026-06-11 03:55:45,1.45,1.108,1.1178,-88.4,-99.4,0.1841,-0.1841,0.0444,weakening,0.0
xrp_bybit_perp,zz100,LONG,2026-06-11 03:55:45,2026-06-11 07:40:05,3.74,1.1178,1.1113,-58.1,-69.1,0.638,0.638,0.0673,weakening,0.0
xrp_bybit_perp,zz100,SHORT,2026-06-11 07:40:05,2026-06-11 08:28:44,0.81,1.1113,1.1225,-100.8,-111.8,0.6484,0.6484,0.2848,continue,0.0
xrp_bybit_perp,zz100,LONG,2026-06-11 08:28:44,2026-06-11 12:22:10,3.89,1.1225,1.114,-75.7,-86.7,0.8002,0.8002,0.0324,continue,0.0
xrp_bybit_perp,zz100,SHORT,2026-06-11 12:22:10,2026-06-11 13:47:45,1.43,1.114,1.1185,-40.4,-51.4,0.5731,0.5731,0.0746,continue,0.0
xrp_bybit_perp,zz100,LONG,2026-06-11 13:47:45,2026-06-11 15:01:25,1.23,1.1185,1.108,-93.9,-104.9,0.6329,0.6329,0.0172,weakening,0.0
xrp_bybit_perp,zz100,SHORT,2026-06-11 15:01:25,2026-06-11 15:37:12,0.6,1.108,1.1176,-86.6,-97.6,0.7223,0.7223,0.1385,continue,0.0
xrp_bybit_perp,zz100,LONG,2026-06-11 15:37:12,2026-06-11 16:25:25,0.8,1.1176,1.1061,-102.9,-113.9,0.395,0.395,0.208,weakening,0.0
xrp_bybit_perp,zz100,SHORT,2026-06-11 16:25:25,2026-06-11 17:29:25,1.07,1.1061,1.1148,-78.7,-89.7,0.5325,0.5325,0.7487,reversal,0.3947
xrp_bybit_perp,zz100,LONG,2026-06-11 17:29:25,2026-06-11 19:08:46,1.66,1.1148,1.1338,170.4,159.4,0.3516,0.3516,0.8983,weakening,0.0
xrp_bybit_perp,zz100,SHORT,2026-06-11 19:08:46,2026-06-11 19:30:20,0.36,1.1338,1.145,-98.8,-109.8,0.5294,0.5294,0.0351,continue,0.0
xrp_bybit_perp,zz100,LONG,2026-06-11 19:30:20,2026-06-11 20:22:47,0.87,1.145,1.1377,-63.8,-74.8,0.7249,0.7249,0.0778,continue,0.0
xrp_bybit_perp,zz100,SHORT,2026-06-11 20:22:47,2026-06-11 22:07:54,1.75,1.1377,1.143,-46.6,-57.6,0.0325,0.0325,0.046,weakening,0.0
xrp_bybit_perp,zz100,LONG,2026-06-11 22:07:54,2026-06-12 05:39:13,7.52,1.143,1.1388,-36.7,-47.7,0.4967,0.4967,0.0855,reversal,0.1698
xrp_bybit_perp,zz100,SHORT,2026-06-12 05:39:13,2026-06-12 08:10:44,2.53,1.1388,1.1382,5.3,-5.7,0.6868,0.6868,0.5162,continue,0.0
xrp_bybit_perp,zz100,LONG,2026-06-12 08:10:44,2026-06-12 10:26:59,2.27,1.1382,1.1396,12.3,1.3,0.606,0.606,0.0038,weakening,0.0
xrp_bybit_perp,zz100,SHORT,2026-06-12 10:26:59,2026-06-12 14:25:48,3.98,1.1396,1.1368,24.6,13.6,0.3663,0.3663,0.0071,weakening,0.0
xrp_bybit_perp,zz100,LONG,2026-06-12 14:25:48,2026-06-12 15:30:50,1.08,1.1368,1.1456,77.4,66.4,0.7926,0.7926,0.0418,continue,0.0
xrp_bybit_perp,zz100,SHORT,2026-06-12 15:30:50,2026-06-12 17:06:05,1.59,1.1456,1.1378,68.1,57.1,0.3012,0.3012,0.4291,continue,0.0
xrp_bybit_perp,zz100,LONG,2026-06-12 17:06:05,2026-06-13 16:22:58,23.28,1.1378,1.1486,94.9,83.9,0.0669,0.0669,0.154,flip_risk,0.0791
xrp_bybit_perp,zz100,SHORT,2026-06-13 16:22:58,2026-06-13 21:42:18,5.32,1.1486,1.1537,-44.4,-55.4,0.6612,0.6612,0.0314,continue,0.0
xrp_bybit_perp,zz100,LONG,2026-06-13 21:42:18,2026-06-14 05:32:30,7.84,1.1537,1.1441,-83.2,-94.2,0.5051,0.5051,0.0252,continue,0.0
xrp_bybit_perp,zz100,SHORT,2026-06-14 05:32:30,2026-06-14 16:24:10,10.86,1.1441,1.1375,57.7,46.7,0.0548,0.0548,0.0063,weakening,0.0
xrp_bybit_perp,zz100,LONG,2026-06-14 16:24:10,2026-06-14 22:07:21,5.72,1.1375,1.1634,227.7,216.7,0.8469,0.8469,0.0411,continue,0.0
xrp_bybit_perp,zz100,SHORT,2026-06-14 22:07:21,2026-06-14 22:19:55,0.21,1.1634,1.1743,-93.7,-104.7,0.3584,0.3584,0.0222,weakening,0.0
xrp_bybit_perp,zz100,LONG,2026-06-14 22:19:55,2026-06-15 02:57:53,4.63,1.1743,1.1811,57.9,46.9,0.8554,0.8554,0.0034,continue,0.0
xrp_bybit_perp,zz100,SHORT,2026-06-15 02:57:53,2026-06-15 10:54:40,7.95,1.1811,1.1917,-89.7,-100.7,0.0734,0.0734,0.3234,continue,0.0
xrp_bybit_perp,zz100,LONG,2026-06-15 10:54:40,2026-06-15 12:57:06,2.04,1.1917,1.2351,364.2,353.2,0.2542,0.2542,0.9696,reversal,0.4329
xrp_bybit_perp,zz100,SHORT,2026-06-15 12:57:06,2026-06-15 13:19:19,0.37,1.2351,1.2466,-93.1,-104.1,0.1286,-0.1286,0.0854,weakening,0.0
xrp_bybit_perp,zz100,LONG,2026-06-15 13:19:19,2026-06-15 14:01:07,0.7,1.2466,1.2363,-82.6,-93.6,0.2338,0.2338,0.168,reversal,0.373
xrp_bybit_perp,zz100,SHORT,2026-06-15 14:01:07,2026-06-15 14:51:07,0.83,1.2363,1.2462,-80.1,-91.1,0.2733,0.2733,0.045,weakening,0.0
xrp_bybit_perp,zz100,LONG,2026-06-15 14:51:07,2026-06-15 15:33:23,0.7,1.2462,1.2516,43.3,32.3,0.7524,0.7524,0.0359,continue,0.0
xrp_bybit_perp,zz100,SHORT,2026-06-15 15:33:23,2026-06-15 15:41:31,0.14,1.2516,1.2631,-91.9,-102.9,0.3293,0.3293,0.0023,weakening,0.0
xrp_bybit_perp,zz100,LONG,2026-06-15 15:41:31,2026-06-15 16:38:03,0.94,1.2631,1.2783,120.3,109.3,0.1808,0.1808,0.1092,continue,0.0
xrp_bybit_perp,zz100,SHORT,2026-06-15 16:38:03,2026-06-15 17:16:20,0.64,1.2783,1.2855,-56.3,-67.3,0.4937,0.4937,0.0341,continue,0.0
xrp_bybit_perp,zz100,LONG,2026-06-15 17:16:20,2026-06-15 17:31:28,0.25,1.2855,1.2734,-94.1,-105.1,0.5993,0.5993,0.0837,continue,0.0
xrp_bybit_perp,zz100,SHORT,2026-06-15 17:31:28,2026-06-15 17:51:21,0.33,1.2734,1.2814,-62.8,-73.8,0.5374,0.5374,0.0581,reversal,0.1542
xrp_bybit_perp,zz100,LONG,2026-06-15 17:51:21,2026-06-15 19:19:10,1.46,1.2814,1.2779,-27.3,-38.3,0.3974,0.3974,0.0893,continue,0.0
xrp_bybit_perp,zz100,SHORT,2026-06-15 19:19:10,2026-06-16 03:38:45,8.33,1.2779,1.2256,409.3,398.3,0.3717,0.3717,0.0546,continue,0.0
xrp_bybit_perp,zz100,LONG,2026-06-16 03:38:45,2026-06-16 09:20:38,5.7,1.2256,1.2386,106.1,95.1,0.6077,0.6077,0.0168,continue,0.0
xrp_bybit_perp,zz100,SHORT,2026-06-16 09:20:38,2026-06-16 12:16:43,2.93,1.2386,1.2462,-61.4,-72.4,0.1018,0.1018,0.2678,continue,0.0
xrp_bybit_perp,zz100,LONG,2026-06-16 12:16:43,2026-06-16 12:49:51,0.55,1.2462,1.2419,-34.5,-45.5,0.5271,0.5271,0.1179,continue,0.0
xrp_bybit_perp,zz100,SHORT,2026-06-16 12:49:51,2026-06-16 15:35:55,2.77,1.2419,1.2167,202.9,191.9,0.7461,0.7461,0.0233,weakening,0.0
xrp_bybit_perp,zz100,LONG,2026-06-16 15:35:55,2026-06-16 19:15:45,3.66,1.2167,1.2178,9.0,-2.0,0.4584,0.4584,0.0173,continue,0.0
xrp_bybit_perp,zz100,SHORT,2026-06-16 19:15:45,2026-06-17 01:53:52,6.64,1.2178,1.2198,-16.4,-27.4,0.7315,0.7315,0.0356,continue,0.0
xrp_bybit_perp,zz100,LONG,2026-06-17 01:53:52,2026-06-17 03:15:04,1.35,1.2198,1.2144,-44.3,-55.3,0.7162,0.7162,0.1185,continue,0.0
xrp_bybit_perp,zz100,SHORT,2026-06-17 03:15:04,2026-06-17 13:12:59,9.97,1.2144,1.1994,123.5,112.5,0.8341,0.8341,0.0259,continue,0.0
xrp_bybit_perp,zz100,LONG,2026-06-17 13:12:59,2026-06-17 14:38:23,1.42,1.1994,1.1944,-41.7,-52.7,0.8277,0.8277,0.2314,reversal,0.3155
xrp_bybit_perp,zz100,SHORT,2026-06-17 14:38:23,2026-06-17 15:15:37,0.62,1.1944,1.2002,-48.6,-59.6,0.6195,0.6195,0.6175,continue,0.0
xrp_bybit_perp,zz100,LONG,2026-06-17 15:15:37,2026-06-17 16:53:28,1.63,1.2002,1.2119,97.5,86.5,0.5173,0.5173,0.0554,continue,0.0
xrp_bybit_perp,zz100,SHORT,2026-06-17 16:53:28,2026-06-17 18:07:32,1.23,1.2119,1.2044,61.9,50.9,0.3355,0.3355,0.0204,weakening,0.0
xrp_bybit_perp,zz100,LONG,2026-06-17 18:07:32,2026-06-17 19:03:26,0.93,1.2044,1.2065,17.4,6.4,0.5477,0.5477,0.0527,continue,0.0
xrp_bybit_perp,zz100,SHORT,2026-06-17 19:03:26,2026-06-17 20:33:08,1.5,1.2065,1.1884,150.0,139.0,0.4422,0.4422,0.3124,weakening,0.0
xrp_bybit_perp,zz100,LONG,2026-06-17 20:33:08,2026-06-17 21:47:39,1.24,1.1884,1.1785,-83.3,-94.3,0.3386,0.3386,0.2636,weakening,0.0
xrp_bybit_perp,zz100,SHORT,2026-06-17 21:47:39,2026-06-17 22:13:10,0.43,1.1785,1.1826,-34.8,-45.8,0.6545,0.6545,0.0258,weakening,0.0
xrp_bybit_perp,zz100,LONG,2026-06-17 22:13:10,2026-06-18 03:33:47,5.34,1.1826,1.1795,-26.2,-37.2,0.6639,0.6639,0.0072,continue,0.0
xrp_bybit_perp,zz100,SHORT,2026-06-18 03:33:47,2026-06-18 07:16:09,3.71,1.1795,1.1738,48.3,37.3,0.1848,0.1848,0.0248,weakening,0.0
xrp_bybit_perp,zz100,LONG,2026-06-18 07:16:09,2026-06-18 10:20:04,3.07,1.1738,1.1697,-34.9,-45.9,0.2393,0.2393,0.1389,reversal,0.5655
xrp_bybit_perp,zz100,SHORT,2026-06-18 10:20:04,2026-06-18 14:24:01,4.07,1.1697,1.1676,18.0,7.0,0.9494,0.9494,0.0023,continue,0.0
xrp_bybit_perp,zz100,LONG,2026-06-18 14:24:01,2026-06-18 14:52:56,0.48,1.1676,1.1561,-98.5,-109.5,0.1127,0.1127,0.0995,weakening,0.0
xrp_bybit_perp,zz100,SHORT,2026-06-18 14:52:56,2026-06-18 16:06:36,1.23,1.1561,1.1439,105.5,94.5,0.5929,0.5929,0.2775,continue,0.0
xrp_bybit_perp,zz100,LONG,2026-06-18 16:06:36,2026-06-18 18:57:21,2.85,1.1439,1.1367,-62.9,-73.9,0.4042,0.4042,0.1044,continue,0.0
xrp_bybit_perp,zz100,SHORT,2026-06-18 18:57:21,2026-06-18 20:00:38,1.05,1.1367,1.1463,-84.5,-95.5,0.3496,0.3496,0.0575,weakening,0.0
xrp_bybit_perp,zz100,LONG,2026-06-18 20:00:38,2026-06-18 21:37:49,1.62,1.1463,1.1426,-32.3,-43.3,0.7063,0.7063,0.2904,continue,0.0
xrp_bybit_perp,zz100,SHORT,2026-06-18 21:37:49,2026-06-19 12:51:46,15.23,1.1426,1.1305,105.9,94.9,0.4999,0.4999,0.2966,continue,0.0
xrp_bybit_perp,zz100,LONG,2026-06-19 12:51:46,2026-06-19 16:52:29,4.01,1.1305,1.1316,9.7,-1.3,0.7777,0.7777,0.4412,continue,0.0
xrp_bybit_perp,zz100,SHORT,2026-06-19 16:52:29,2026-06-20 00:08:05,7.26,1.1316,1.1382,-58.3,-69.3,0.1345,0.1345,0.1432,weakening,0.0
xrp_bybit_perp,zz100,LONG,2026-06-20 00:08:05,2026-06-20 13:24:10,13.27,1.1382,1.1417,30.8,19.8,0.5853,0.5853,0.0255,continue,0.0
xrp_bybit_perp,zz100,SHORT,2026-06-20 13:24:10,2026-06-20 14:46:08,1.37,1.1417,1.1452,-30.7,-41.7,0.5461,0.5461,0.1383,weakening,0.0
xrp_bybit_perp,zz100,LONG,2026-06-20 14:46:08,2026-06-20 17:23:39,2.63,1.1452,1.1432,-17.5,-28.5,0.2439,0.2439,0.0282,weakening,0.0
xrp_bybit_perp,zz100,SHORT,2026-06-20 17:23:39,2026-06-20 22:12:38,4.82,1.1432,1.1502,-61.2,-72.2,0.0052,0.0052,0.5145,continue,0.0
xrp_bybit_perp,zz100,LONG,2026-06-20 22:12:38,2026-06-21 05:20:11,7.13,1.1502,1.1432,-60.9,-71.9,0.2759,0.2759,0.11,continue,0.0
xrp_bybit_perp,zz100,SHORT,2026-06-21 05:20:11,2026-06-21 10:24:19,5.07,1.1432,1.1525,-81.4,-92.4,0.7374,0.7374,0.0385,weakening,0.0
xrp_bybit_perp,zz100,LONG,2026-06-21 10:24:19,2026-06-21 11:57:05,1.55,1.1525,1.1413,-97.2,-108.2,0.8331,0.8331,1.0531,continue,0.0
xrp_bybit_perp,zz100,SHORT,2026-06-21 11:57:05,2026-06-21 15:29:07,3.53,1.1413,1.1506,-81.5,-92.5,0.0829,0.0829,0.0067,reversal,0.2713
xrp_bybit_perp,zz100,LONG,2026-06-21 15:29:07,2026-06-21 18:02:07,2.55,1.1506,1.1392,-99.1,-110.1,0.5823,0.5823,0.5032,reversal,0.1802
xrp_bybit_perp,zz100,SHORT,2026-06-21 18:02:07,2026-06-21 21:15:05,3.22,1.1392,1.1319,64.1,53.1,0.8865,0.8865,0.5855,reversal,0.2869
xrp_bybit_perp,zz100,LONG,2026-06-21 21:15:05,2026-06-21 23:33:22,2.3,1.1319,1.1249,-61.8,-72.8,0.505,0.505,0.1444,continue,0.0
xrp_bybit_perp,zz100,SHORT,2026-06-21 23:33:22,2026-06-22 00:31:35,0.97,1.1249,1.1342,-82.7,-93.7,0.8073,0.8073,0.0799,reversal,0.1701
xrp_bybit_perp,zz100,LONG,2026-06-22 00:31:35,2026-06-22 02:15:01,1.72,1.1342,1.1399,50.3,39.3,0.3737,0.3737,0.0189,flip_risk,0.07
xrp_bybit_perp,zz100,SHORT,2026-06-22 02:15:01,2026-06-22 07:22:19,5.12,1.1399,1.1391,7.0,-4.0,0.1503,0.1503,0.219,continue,0.0
xrp_bybit_perp,zz100,LONG,2026-06-22 07:22:19,2026-06-22 14:20:30,6.97,1.1391,1.1514,108.0,97.0,0.8086,0.8086,0.1882,continue,0.0
xrp_bybit_perp,zz100,SHORT,2026-06-22 14:20:30,2026-06-23 01:01:15,10.68,1.1514,1.1322,166.8,155.8,0.1242,0.1242,0.1758,continue,0.0
xrp_bybit_perp,zz100,LONG,2026-06-23 01:01:15,2026-06-23 01:50:07,0.81,1.1322,1.1218,-91.9,-102.9,0.3228,0.3228,0.5682,reversal,0.1834
xrp_bybit_perp,zz100,SHORT,2026-06-23 01:50:07,2026-06-23 09:30:03,7.67,1.1218,1.1046,153.3,142.3,0.9395,0.9395,1.1672,weakening,0.0
xrp_bybit_perp,zz100,LONG,2026-06-23 09:30:03,2026-06-23 13:30:04,4.0,1.1046,1.0979,-60.7,-71.7,0.3651,0.3651,0.1821,continue,0.0
xrp_bybit_perp,zz100,SHORT,2026-06-23 13:30:04,2026-06-23 14:16:53,0.78,1.0979,1.1069,-82.0,-93.0,0.4767,0.4767,0.0903,weakening,0.0
xrp_bybit_perp,zz100,LONG,2026-06-23 14:16:53,2026-06-23 15:07:14,0.84,1.1069,1.0965,-94.0,-105.0,0.3618,0.3618,0.0676,weakening,0.0
xrp_bybit_perp,zz100,SHORT,2026-06-23 15:07:14,2026-06-23 16:07:38,1.01,1.0965,1.1029,-58.4,-69.4,0.2096,0.2096,0.0563,weakening,0.0
xrp_bybit_perp,zz100,LONG,2026-06-23 16:07:38,2026-06-24 03:14:51,11.12,1.1029,1.1017,-10.9,-21.9,0.5111,0.5111,0.3973,continue,0.0
xrp_bybit_perp,zz100,SHORT,2026-06-24 03:14:51,2026-06-24 05:36:51,2.37,1.1017,1.1052,-31.8,-42.8,0.5437,0.5437,0.2179,continue,0.0
xrp_bybit_perp,zz100,LONG,2026-06-24 05:36:51,2026-06-24 10:18:41,4.7,1.1052,1.0951,-91.4,-102.4,0.3146,0.3146,0.2721,weakening,0.0
xrp_bybit_perp,zz100,SHORT,2026-06-24 10:18:41,2026-06-24 11:48:36,1.5,1.0951,1.0921,27.4,16.4,0.0015,0.0015,0.3876,reversal,0.2569
xrp_bybit_perp,zz100,LONG,2026-06-24 11:48:36,2026-06-24 12:25:07,0.61,1.0921,1.0902,-17.4,-28.4,0.5942,0.5942,0.4483,continue,0.0
xrp_bybit_perp,zz100,SHORT,2026-06-24 12:25:07,2026-06-24 13:33:17,1.14,1.0902,1.0857,41.3,30.3,0.2696,0.2696,0.0334,weakening,0.0
xrp_bybit_perp,zz100,LONG,2026-06-24 13:33:17,2026-06-24 13:46:02,0.21,1.0857,1.076,-89.3,-100.3,0.6143,0.6143,0.0577,continue,0.0
xrp_bybit_perp,zz100,SHORT,2026-06-24 13:46:02,2026-06-24 16:23:20,2.62,1.076,1.0663,90.1,79.1,0.4239,0.4239,0.1871,weakening,0.0
xrp_bybit_perp,zz100,LONG,2026-06-24 16:23:20,2026-06-24 16:51:04,0.46,1.0663,1.0534,-121.0,-132.0,0.5963,0.5963,0.3561,continue,0.0
xrp_bybit_perp,zz100,SHORT,2026-06-24 16:51:04,2026-06-24 18:08:44,1.29,1.0534,1.0561,-25.6,-36.6,0.7066,0.7066,0.046,weakening,0.0
xrp_bybit_perp,zz100,LONG,2026-06-24 18:08:44,2026-06-24 18:50:36,0.7,1.0561,1.0592,29.4,18.4,0.1912,0.1912,0.0792,continue,0.0
xrp_bybit_perp,zz100,SHORT,2026-06-24 18:50:36,2026-06-24 20:01:44,1.19,1.0592,1.0631,-36.8,-47.8,0.085,0.085,0.0633,weakening,0.0
xrp_bybit_perp,zz100,LONG,2026-06-24 20:01:44,2026-06-24 21:11:57,1.17,1.0631,1.0668,34.8,23.8,0.5016,0.5016,0.4241,continue,0.0
xrp_bybit_perp,zz100,SHORT,2026-06-24 21:11:57,2026-06-24 22:00:20,0.81,1.0668,1.0771,-96.6,-107.6,0.606,0.606,0.0358,continue,0.0
xrp_bybit_perp,zz100,LONG,2026-06-24 22:00:20,2026-06-25 02:43:28,4.72,1.0771,1.069,-75.2,-86.2,0.5509,0.5509,0.0393,weakening,0.0
xrp_bybit_perp,zz100,SHORT,2026-06-25 02:43:28,2026-06-25 04:56:08,2.21,1.069,1.079,-93.5,-104.5,0.5636,0.5636,0.07,weakening,0.0
xrp_bybit_perp,zz100,LONG,2026-06-25 04:56:08,2026-06-25 10:25:27,5.49,1.079,1.0781,-8.3,-19.3,0.8937,0.8937,0.0479,continue,0.0
xrp_bybit_perp,zz100,SHORT,2026-06-25 10:25:27,2026-06-25 12:30:28,2.08,1.0781,1.0785,-3.7,-14.7,0.5454,0.5454,0.1656,weakening,0.0
xrp_bybit_perp,zz100,LONG,2026-06-25 12:30:28,2026-06-25 13:35:21,1.08,1.0785,1.0676,-101.1,-112.1,0.6498,0.6498,0.0965,continue,0.0
xrp_bybit_perp,zz100,SHORT,2026-06-25 13:35:21,2026-06-25 14:00:09,0.41,1.0676,1.0218,429.0,418.0,0.4425,0.4425,0.0085,weakening,0.0
xrp_bybit_perp,zz100,LONG,2026-06-25 14:00:09,2026-06-25 14:16:07,0.27,1.0218,1.0314,94.0,83.0,0.215,0.215,0.1857,weakening,0.0
xrp_bybit_perp,zz100,SHORT,2026-06-25 14:16:07,2026-06-25 14:20:18,0.07,1.0314,1.0375,-59.1,-70.1,0.251,0.251,0.1264,continue,0.0
xrp_bybit_perp,zz100,LONG,2026-06-25 14:20:18,2026-06-25 14:30:22,0.17,1.0375,1.0308,-64.6,-75.6,0.2861,0.2861,0.0174,reversal,0.253
xrp_bybit_perp,zz100,SHORT,2026-06-25 14:30:22,2026-06-25 14:33:08,0.05,1.0308,1.0397,-86.3,-97.3,0.1161,0.1161,0.0929,reversal,0.2124
xrp_bybit_perp,zz100,LONG,2026-06-25 14:33:08,2026-06-25 14:36:57,0.06,1.0397,1.0378,-18.3,-29.3,0.3235,0.3235,0.3205,continue,0.0
xrp_bybit_perp,zz100,SHORT,2026-06-25 14:36:57,2026-06-25 15:22:05,0.75,1.0378,1.033,46.3,35.3,0.3146,0.3146,0.065,continue,0.0
xrp_bybit_perp,zz100,LONG,2026-06-25 15:22:05,2026-06-25 16:31:53,1.16,1.033,1.0331,1.0,-10.0,0.3653,0.3653,0.169,continue,0.0
xrp_bybit_perp,zz100,SHORT,2026-06-25 16:31:53,2026-06-25 17:11:13,0.66,1.0331,1.0366,-33.9,-44.9,0.0258,-0.0258,0.5054,continue,0.0
xrp_bybit_perp,zz100,LONG,2026-06-25 17:11:13,2026-06-25 18:34:27,1.39,1.0366,1.0357,-8.7,-19.7,0.7142,0.7142,0.0028,weakening,0.0
xrp_bybit_perp,zz100,SHORT,2026-06-25 18:34:27,2026-06-25 20:01:17,1.45,1.0357,1.0385,-27.0,-38.0,0.0789,0.0789,0.263,continue,0.0
xrp_bybit_perp,zz100,LONG,2026-06-25 20:01:17,2026-06-26 01:06:26,5.09,1.0385,1.0373,-11.6,-22.6,0.4591,0.4591,1.2058,continue,0.0
xrp_bybit_perp,zz100,SHORT,2026-06-26 01:06:26,2026-06-26 02:30:16,1.4,1.0373,1.0216,151.4,140.4,0.6941,0.6941,0.0535,flip_risk,0.1286
xrp_bybit_perp,zz100,LONG,2026-06-26 02:30:16,2026-06-26 02:54:12,0.4,1.0216,1.0123,-91.0,-102.0,0.4702,0.4702,0.8326,weakening,0.0
xrp_bybit_perp,zz100,SHORT,2026-06-26 02:54:12,2026-06-26 03:10:09,0.27,1.0123,1.0184,-60.3,-71.3,0.27,-0.27,0.1516,weakening,0.0
xrp_bybit_perp,zz100,LONG,2026-06-26 03:10:09,2026-06-26 08:13:12,5.05,1.0184,1.0412,223.9,212.9,0.5109,0.5109,0.0622,continue,0.0
xrp_bybit_perp,zz100,SHORT,2026-06-26 08:13:12,2026-06-26 12:18:05,4.08,1.0412,1.0296,111.4,100.4,0.5385,0.5385,0.0802,weakening,0.0
xrp_bybit_perp,zz100,LONG,2026-06-26 12:18:05,2026-06-26 12:40:01,0.37,1.0296,1.0225,-69.0,-80.0,0.6117,0.6117,0.0386,continue,0.0
xrp_bybit_perp,zz100,SHORT,2026-06-26 12:40:01,2026-06-26 13:31:46,0.86,1.0225,1.0209,15.6,4.6,0.7316,0.7316,0.0625,continue,0.0
xrp_bybit_perp,zz100,LONG,2026-06-26 13:31:46,2026-06-26 14:36:21,1.08,1.0209,1.0367,154.8,143.8,0.445,0.445,0.0224,continue,0.0
xrp_bybit_perp,zz100,SHORT,2026-06-26 14:36:21,2026-06-26 15:26:22,0.83,1.0367,1.0447,-77.2,-88.2,0.0095,0.0095,0.2047,continue,0.0
xrp_bybit_perp,zz100,LONG,2026-06-26 15:26:22,2026-06-26 16:19:16,0.88,1.0447,1.0424,-22.0,-33.0,0.5677,0.5677,0.0132,continue,0.0
xrp_bybit_perp,zz100,SHORT,2026-06-26 16:19:16,2026-06-26 16:35:02,0.26,1.0424,1.0499,-71.9,-82.9,0.3736,0.3736,0.2271,continue,0.0
xrp_bybit_perp,zz100,LONG,2026-06-26 16:35:02,2026-06-26 18:48:30,2.22,1.0499,1.0404,-90.5,-101.5,0.6133,0.6133,0.0037,continue,0.0
xrp_bybit_perp,zz100,SHORT,2026-06-26 18:48:30,2026-06-26 19:44:11,0.93,1.0404,1.0491,-83.6,-94.6,0.5777,0.5777,0.0816,continue,0.0
xrp_bybit_perp,zz100,LONG,2026-06-26 19:44:11,2026-06-26 20:33:06,0.82,1.0491,1.0446,-42.9,-53.9,0.7768,0.7768,0.0203,continue,0.0
xrp_bybit_perp,zz100,SHORT,2026-06-26 20:33:06,2026-06-26 23:00:42,2.46,1.0446,1.048,-32.5,-43.5,0.1042,-0.1042,0.038,weakening,0.0
xrp_bybit_perp,zz100,LONG,2026-06-26 23:00:42,2026-06-27 05:26:00,6.42,1.048,1.0554,70.6,59.6,0.7225,0.7225,0.5629,continue,0.0
xrp_bybit_perp,zz100,SHORT,2026-06-27 05:26:00,2026-06-27 13:38:37,8.21,1.0554,1.0634,-75.8,-86.8,0.4043,0.4043,0.1827,continue,0.0
xrp_bybit_perp,zz100,LONG,2026-06-27 13:38:37,2026-06-27 17:01:56,3.39,1.0634,1.0657,21.6,10.6,0.9011,0.9011,0.026,continue,0.0
xrp_bybit_perp,zz100,SHORT,2026-06-27 17:01:56,2026-06-28 08:01:52,15.0,1.0657,1.0518,130.4,119.4,0.9395,0.9395,0.0019,continue,0.0
xrp_bybit_perp,zz100,LONG,2026-06-28 08:01:52,2026-06-28 10:05:18,2.06,1.0518,1.0478,-38.0,-49.0,0.6098,0.6098,0.0243,weakening,0.0
xrp_bybit_perp,zz100,SHORT,2026-06-28 10:05:18,2026-06-28 14:19:42,4.24,1.0478,1.056,-78.3,-89.3,0.2676,0.2676,0.1985,continue,0.0
xrp_bybit_perp,zz100,LONG,2026-06-28 14:19:42,2026-06-28 16:32:32,2.21,1.056,1.0464,-90.9,-101.9,0.6896,0.6896,0.0531,continue,0.0
xrp_bybit_perp,zz100,SHORT,2026-06-28 16:32:32,2026-06-28 20:15:26,3.71,1.0464,1.049,-24.8,-35.8,0.3083,0.3083,0.0613,weakening,0.0
xrp_bybit_perp,zz100,LONG,2026-06-28 20:15:26,2026-06-28 21:49:47,1.57,1.049,1.0387,-98.2,-109.2,0.371,0.371,0.6658,continue,0.0
xrp_bybit_perp,zz100,SHORT,2026-06-28 21:49:47,2026-06-28 22:02:50,0.22,1.0387,1.0484,-93.4,-104.4,0.6521,0.6521,0.0746,continue,0.0
xrp_bybit_perp,zz100,LONG,2026-06-28 22:02:50,2026-06-28 22:19:00,0.27,1.0484,1.0407,-73.4,-84.4,0.6585,0.6585,0.5018,continue,0.0
xrp_bybit_perp,zz100,SHORT,2026-06-28 22:19:00,2026-06-28 23:12:15,0.89,1.0407,1.0438,-29.8,-40.8,0.3466,0.3466,0.1275,continue,0.0
xrp_bybit_perp,zz100,LONG,2026-06-28 23:12:15,2026-06-29 00:06:40,0.91,1.0438,1.0411,-25.9,-36.9,0.6968,0.6968,0.1013,continue,0.0
xrp_bybit_perp,zz100,SHORT,2026-06-29 00:06:40,2026-06-29 00:55:09,0.81,1.0411,1.0438,-25.9,-36.9,0.6153,0.6153,0.2344,reversal,0.2493
xrp_bybit_perp,zz100,LONG,2026-06-29 00:55:09,2026-06-29 02:10:54,1.26,1.0438,1.0375,-60.4,-71.4,0.0354,0.0354,0.0251,reversal,0.3872
xrp_bybit_perp,zz100,SHORT,2026-06-29 02:10:54,2026-06-29 02:27:14,0.27,1.0375,1.0421,-44.3,-55.3,0.055,-0.055,0.5884,reversal,0.239
xrp_bybit_perp,zz100,LONG,2026-06-29 02:27:14,2026-06-29 04:21:16,1.9,1.0421,1.0447,24.9,13.9,0.3949,0.3949,0.0029,continue,0.0
xrp_bybit_perp,zz100,SHORT,2026-06-29 04:21:16,2026-06-29 05:56:47,1.59,1.0447,1.046,-12.4,-23.4,0.4702,-0.4702,0.5137,reversal,0.2788
xrp_bybit_perp,zz100,LONG,2026-06-29 05:56:47,2026-06-29 08:26:04,2.49,1.046,1.0436,-22.9,-33.9,0.3536,0.3536,0.0542,reversal,0.3282
xrp_bybit_perp,zz100,SHORT,2026-06-29 08:26:04,2026-06-29 10:02:09,1.6,1.0436,1.0519,-79.5,-90.5,0.2884,-0.2884,0.0158,reversal,0.5623
xrp_bybit_perp,zz100,LONG,2026-06-29 10:02:09,2026-06-29 12:01:02,1.98,1.0519,1.0499,-19.0,-30.0,0.6659,0.6659,0.3588,flip_risk,0.0033
xrp_bybit_perp,zz100,SHORT,2026-06-29 12:01:02,2026-06-29 12:05:01,0.07,1.0499,1.0583,-80.0,-91.0,0.5654,0.5654,0.1862,continue,0.0
xrp_bybit_perp,zz100,LONG,2026-06-29 12:05:01,2026-06-29 12:39:02,0.57,1.0583,1.055,-31.2,-42.2,0.1588,0.1588,0.076,weakening,0.0
xrp_bybit_perp,zz100,SHORT,2026-06-29 12:39:02,2026-06-29 15:36:43,2.96,1.055,1.0497,50.2,39.2,0.317,0.317,0.2358,weakening,0.0
xrp_bybit_perp,zz100,LONG,2026-06-29 15:36:43,2026-06-29 20:44:13,5.12,1.0497,1.0652,147.7,136.7,0.3288,-0.3288,0.0127,reversal,0.3001
xrp_bybit_perp,zz100,SHORT,2026-06-29 20:44:13,2026-06-30 14:01:54,17.29,1.0652,1.0377,258.2,247.2,0.5268,0.5268,0.0367,weakening,0.0
xrp_bybit_perp,zz100,LONG,2026-06-30 14:01:54,2026-06-30 14:53:45,0.86,1.0377,1.0342,-33.7,-44.7,0.3052,0.3052,0.0571,weakening,0.0
xrp_bybit_perp,zz100,SHORT,2026-06-30 14:53:45,2026-06-30 15:46:08,0.87,1.0342,1.0398,-54.1,-65.1,0.307,0.307,0.3381,reversal,0.3831
xrp_bybit_perp,zz100,LONG,2026-06-30 15:46:08,2026-06-30 21:10:43,5.41,1.0398,1.0387,-10.6,-21.6,0.0153,-0.0153,0.329,reversal,0.4102
xrp_bybit_perp,zz100,SHORT,2026-06-30 21:10:43,2026-07-01 01:15:09,4.07,1.0387,1.0319,65.5,54.5,0.3982,0.3982,0.1772,continue,0.0
xrp_bybit_perp,zz100,LONG,2026-07-01 01:15:09,2026-07-01 06:37:06,5.37,1.0319,1.0429,106.6,95.6,0.3474,0.3474,0.0078,continue,0.0
xrp_bybit_perp,zz100,SHORT,2026-07-01 06:37:06,2026-07-01 09:06:48,2.5,1.0429,1.0479,-47.9,-58.9,0.3415,-0.3415,0.5028,continue,0.0
xrp_bybit_perp,zz100,LONG,2026-07-01 09:06:48,2026-07-01 11:00:51,1.9,1.0479,1.0381,-93.5,-104.5,0.8319,0.8319,0.0853,continue,0.0
xrp_bybit_perp,zz100,SHORT,2026-07-01 11:00:51,2026-07-01 13:45:20,2.74,1.0381,1.0442,-58.8,-69.8,0.1366,0.1366,0.0045,weakening,0.0
xrp_bybit_perp,zz100,LONG,2026-07-01 13:45:20,2026-07-01 14:34:11,0.81,1.0442,1.0492,47.9,36.9,0.1026,-0.1026,0.0247,weakening,0.0
xrp_bybit_perp,zz100,SHORT,2026-07-01 14:34:11,2026-07-01 15:06:56,0.55,1.0492,1.0569,-73.4,-84.4,0.5631,0.5631,0.1501,continue,0.0
xrp_bybit_perp,zz100,LONG,2026-07-01 15:06:56,2026-07-01 17:04:00,1.95,1.0569,1.0542,-25.5,-36.5,0.5075,0.5075,0.1865,continue,0.0
xrp_bybit_perp,zz100,SHORT,2026-07-01 17:04:00,2026-07-01 19:16:56,2.22,1.0542,1.0649,-101.5,-112.5,0.1826,0.1826,0.3436,continue,0.0
xrp_bybit_perp,zz100,LONG,2026-07-01 19:16:56,2026-07-01 22:45:08,3.47,1.0649,1.0621,-26.3,-37.3,0.8716,0.8716,0.0302,continue,0.0
xrp_bybit_perp,zz100,SHORT,2026-07-01 22:45:08,2026-07-02 01:30:31,2.76,1.0621,1.0547,69.7,58.7,0.1133,0.1133,0.0142,weakening,0.0
xrp_bybit_perp,zz100,LONG,2026-07-02 01:30:31,2026-07-02 05:47:35,4.28,1.0547,1.059,40.8,29.8,0.815,0.815,0.3159,weakening,0.0
xrp_bybit_perp,zz100,SHORT,2026-07-02 05:47:35,2026-07-02 09:23:32,3.6,1.059,1.0657,-63.3,-74.3,0.2402,0.2402,0.0123,continue,0.0
xrp_bybit_perp,zz100,LONG,2026-07-02 09:23:32,2026-07-02 14:10:44,4.79,1.0657,1.1004,325.6,314.6,0.8846,0.8846,0.0261,weakening,0.0
