row_idx,chunk_id,source_id,asset,venue,side,context_key,chunk_idx,n_chunks_in_trade,entry_ts,horizon_min,net_bps_median,n_sources,pca_0,pca_1,pca_2,pca_3,pca_4,pca_5,pca_6,pca_7,pca_8,pca_9,pca_10,pca_11
0,a10970512e58320c348beda142e39ead,ETH|Kraken|1777903140|1777907640,ETH,Kraken,buy,BASIS_DISLOCATION|ETH|Kraken|buy,0,3,1777903140.0,75.0,110.45548372246745,3,-15.10785220154065,-1.143529906384341,-0.3006038971036169,0.28607939082275224,0.4926655990925387,-0.12734694994891155,-0.04097986290059607,-0.1506548048831038,-0.26217515475426423,0.46653152931547925,-0.1312165759440381,-0.3283004242799459
1,3283a15c7bc39bfe6c13dfdb2e92341b,ETH|Kraken|1777903140|1777907640,ETH,Kraken,buy,BASIS_DISLOCATION|ETH|Kraken|buy,1,3,1777903140.0,75.0,110.45548372246745,3,-19.161169855238715,-0.1563730613511844,-0.8135604179041316,0.2132654121989784,-0.9804883176102321,-0.905252483574545,-0.2035088234234062,-0.48272295368002294,-0.04681810692107575,-0.1301842190986772,-0.20830887269224627,-0.26550197910860507
2,befdf6c820e6a13f76f4c8c9d34d56d8,ETH|Kraken|1777903140|1777907640,ETH,Kraken,buy,BASIS_DISLOCATION|ETH|Kraken|buy,2,3,1777903140.0,75.0,110.45548372246745,3,-53.82245534846065,-0.9969036424006124,-1.0202967590564445,0.5823692588376909,0.5747038991574482,-0.33311100566316726,-0.19106907836153283,0.16724180420173423,0.2597803942806224,-0.17243310786035723,0.4462169259725353,0.019291094147569795
3,9eb832042e1116ccd8b066ad6a316d83,ETH|Kraken|1777904940|1777907640,ETH,Kraken,buy,BASIS_DISLOCATION|ETH|Kraken|buy,0,2,1777904940.0,45.0,69.23050824281904,3,-20.775456047744235,-0.5075959049341999,-0.829947297000718,0.20472359107152482,-0.754625756419197,0.4770741236252207,-0.46657665509789836,0.06519604749872362,-0.025589646501949316,-0.5130626286966035,-0.08643188964004625,0.367623553710564
4,428e1ca64824ffd6a777061f10961125,ETH|Kraken|1777904940|1777907640,ETH,Kraken,buy,BASIS_DISLOCATION|ETH|Kraken|buy,1,2,1777904940.0,45.0,69.23050824281904,3,-53.82245534846031,-0.9969036424006071,-1.0202967590564445,0.58236925883769,0.5747038991574507,-0.33311100566316976,-0.1910690783615367,0.16724180420173454,0.25978039428062194,-0.17243310786035732,0.44621692597253476,0.019291094147567845
5,f2fe4ca6f40526c9aea3e09706933dee,ETH|Kraken|1777905840|1777907640,ETH,Kraken,buy,BASIS_DISLOCATION|ETH|Kraken|buy,0,1,1777905840.0,30.0,38.14942760834917,3,-39.11333200293135,-0.4085359117516144,-0.9282866877769637,0.6286558085760733,-0.791189952206344,0.4411918583157879,-0.4892672393082065,0.07241480152250075,-0.1059153228660664,-0.14093752278331767,-0.17014536751242543,0.3526659427240228
6,9ef279a31065394e298ee2866aa4bc3b,ETH|Kraken|1777904040|1777907640,ETH,Kraken,buy,LIQUIDITY_SQUEEZE|ETH|Kraken|buy,0,2,1777904040.0,60.0,92.18070264209922,3,-19.007903631394974,-0.03241323572958475,-0.7972455674796957,0.2653039463407028,-1.0177580292892343,-1.0065725190406043,-0.1958044574389811,-0.3897014964816304,-0.1305395740717086,-0.0698432313282598,-0.18958912577445058,-0.09011802147593995
7,a28f47d81eefa6b62fd885d61171c959,ETH|Kraken|1777904040|1777907640,ETH,Kraken,buy,LIQUIDITY_SQUEEZE|ETH|Kraken|buy,1,2,1777904040.0,60.0,92.18070264209922,3,-53.82245534846063,-0.9969036424006071,-1.0202967590564433,0.5823692588376894,0.5747038991574481,-0.3331110056631671,-0.19106907836153386,0.16724180420173418,0.25978039428062266,-0.1724331078603579,0.4462169259725347,0.019291094147569673
8,5869b4e09f529db04204212b8c3c6628,ETH|Kraken|1777906740|1777909440,ETH,Kraken,sell,LIQUIDITY_SQUEEZE|ETH|Kraken|sell,0,2,1777906740.0,45.0,67.40469589494985,3,-50.412063086775646,-0.4331802962229874,-0.9834059534606047,0.8805865446466614,0.5528285253265878,-0.17576345286379122,0.08195400230428779,0.055022073767295294,0.34338899697268355,-0.09651703603390459,0.12638120125718047,0.35871703511048925
9,adf1005c9090ffb6e44583ee011add7b,ETH|Kraken|1777906740|1777909440,ETH,Kraken,sell,LIQUIDITY_SQUEEZE|ETH|Kraken|sell,1,2,1777906740.0,45.0,67.40469589494985,3,-13.351876105647316,3.436236051213897,-0.5897875028904241,-1.7954135027901865,-0.4309127993219749,0.0719990126203257,0.005421346960246827,0.3520038601953447,-0.039751892848526135,-0.38211807649805846,0.3586017487645836,-0.12902080848311162
10,dbf4767a9837cb1a96bf3bc044cc1bf6,ETH|Kraken|1777907640|1777909440,ETH,Kraken,sell,LIQUIDITY_SQUEEZE|ETH|Kraken|sell,0,1,1777907640.0,30.0,39.18559324096313,3,-14.05442005824052,3.2532853177097922,-0.6008566350385885,-1.7054120848417251,-0.856743419730243,-0.5084483733617801,-0.19313080677483643,0.033662692407314246,-0.031198183411099683,-0.26567658117405046,0.46493668055779186,0.10098837740054761
11,574fb27d158dd7270ae6bd9a1d5c147d,ETH|Kraken|1777911240|1777913940,ETH,Kraken,buy,LIQUIDITY_SQUEEZE|ETH|Kraken|buy,0,2,1777911240.0,45.0,52.01502035821324,2,-15.1370878004432,-0.19164424585005962,0.8001823317422608,0.8968948479950162,0.20982809607997355,-0.1254139638065969,-0.9171682975937608,-0.11732183667752262,-0.25127049485461295,-0.015242685252624635,-0.3160042212302764,0.014760612899836932
12,cde206098dbe4560823b7e5b629f32a3,ETH|Kraken|1777911240|1777913940,ETH,Kraken,buy,LIQUIDITY_SQUEEZE|ETH|Kraken|buy,1,2,1777911240.0,45.0,52.01502035821324,2,-12.749455187825937,0.17020976782883865,0.9417254051982882,0.48505856922630086,-0.07363436407897446,0.547468662603145,0.06213081116698015,0.2019569902772583,0.021422983031353912,0.07639310344080791,0.12442378835743574,0.2358397755077276
13,8e60ee012c63a8a837c30e3a4ad4d5f2,ETH|Kraken|1777928340|1777933740,ETH,Kraken,buy,BASIS_DISLOCATION|ETH|Kraken|buy,0,3,1777928340.0,90.0,30.404946999526555,1,-16.10688031568931,-0.5543003116777654,-0.8010383428285758,0.1734147433917776,-1.2384005037855652,-0.8986219734870201,0.3591457618256919,-0.03460859827905953,0.06502720486907539,0.22501401946607286,-0.30470574059875166,-0.2583799502006764
14,b99ec8160b1cf99b71a7799de989c9d1,ETH|Kraken|1777928340|1777933740,ETH,Kraken,buy,BASIS_DISLOCATION|ETH|Kraken|buy,1,3,1777928340.0,90.0,30.404946999526555,1,-18.14015429568901,-0.4452681809120057,-0.5386292547047591,0.03849268107496429,0.6754185980556533,-0.2669182262483113,0.4278262597823624,0.48633751556250393,0.22077238757864232,0.28151203647511225,0.0022286207339852096,-0.021323781685627735
15,ef1b4d98c5869def68494a7c68bd5b24,ETH|Kraken|1777928340|1777933740,ETH,Kraken,buy,BASIS_DISLOCATION|ETH|Kraken|buy,2,3,1777928340.0,90.0,30.404946999526555,1,-15.384691652653123,-0.7259391287256343,0.19986553185870273,-0.5074421990912507,0.619083567110168,-0.36566055381321694,-0.19600448897177233,0.1262429849265244,0.06681108694751588,-0.07312375846432882,0.0886497594632148,-0.42707489154527123
16,9cb28d4bc8322143edb30fb73d1872f2,ETH|Kraken|1777932840|1777937340,ETH,Kraken,sell,LIQUIDITY_SQUEEZE|ETH|Kraken|sell,0,4,1777932840.0,75.0,35.685878076689775,2,-15.50948819022227,-0.8521239840284377,-0.2956376042568763,-0.5437694611818308,0.4774991448760435,-0.21935197103429624,-0.10097098036397095,-0.060591935109435044,-0.2529483147847305,-0.10294824470800058,0.2591059335761496,-0.3404040991086766
17,af30c65ab756542f56f3598286a8984d,ETH|Kraken|1777932840|1777937340,ETH,Kraken,sell,LIQUIDITY_SQUEEZE|ETH|Kraken|sell,1,4,1777932840.0,75.0,35.685878076689775,2,-12.708738437736459,-0.7642601402861471,0.4103523185109808,-0.7242802204395652,0.5505085032639789,-0.1251494690628294,0.057513781528202586,-0.20072756042183798,0.1730276444837879,0.08156033623810054,0.10970910070291584,-0.33661933307702596
18,e860caa8e4968080c27bfa81743de4d2,ETH|Kraken|1777932840|1777937340,ETH,Kraken,sell,LIQUIDITY_SQUEEZE|ETH|Kraken|sell,2,4,1777932840.0,75.0,35.685878076689775,2,-15.954707001501042,-1.4193386426887167,1.793173849602224,-0.11650640016440181,0.487736078455135,-0.31251301914356294,-0.4022067551817341,-0.08266320953162948,0.08080156625120004,-0.3091541391463767,0.1810276058473201,-0.1841673345845442
19,27483ca1e6397abac1483cce781d87cd,ETH|Kraken|1777932840|1777937340,ETH,Kraken,sell,LIQUIDITY_SQUEEZE|ETH|Kraken|sell,3,4,1777932840.0,75.0,35.685878076689775,2,-15.476669924700516,-1.6713466895744866,-0.4320301837698853,0.05199500429451787,0.013045399823646693,0.09496090717796035,-0.468834907772345,-0.28800082970776214,-0.09540331980689845,-0.2564376103143131,0.15603146531020645,-0.474298015094265
20,20b1d3ca0e64b0df91f81fedf5f120d4,ETH|Kraken|1777945140|1777953540,ETH,Kraken,buy,LIQUIDITY_SQUEEZE|ETH|Kraken|buy,0,1,1777945140.0,140.0,76.32423074333161,2,-17.759192926034597,13.595353732406277,-1.1844624460612432,3.920816798045072,-0.2785513061530004,0.9306706789946855,0.16355078216303287,0.06922926945880033,-0.4544894093939651,-0.07959457804340686,-0.12202317182206242,-0.1565535073684239
21,bc6b2cdb96bcf4d6b4f0665309c0e07b,ETH|Kraken|1777976040|1777985340,ETH,Kraken,buy,VOL_BREAKOUT|ETH|Kraken|buy,0,6,1777976040.0,155.0,57.912393240682036,1,-18.678153339947052,-0.133803359716032,1.5126890053954636,0.8305536768583065,0.1616400675138313,0.18243881106473792,-0.20121981196448505,0.326866493011004,0.349163642895111,0.08202166740938993,0.09060728114552302,-0.11049597344977283
22,57ff525563fdc877ff660280983a29ed,ETH|Kraken|1777976040|1777985340,ETH,Kraken,buy,VOL_BREAKOUT|ETH|Kraken|buy,1,6,1777976040.0,155.0,57.912393240682036,1,-15.387512849328878,-1.216017671796591,-0.23232135203563425,-0.5516361280693742,0.2672910794183437,0.1577278956951474,0.05166365692240873,0.4336634443737003,0.19867334884866267,0.06671500505958777,-0.3965795852029242,0.16733356135709945
23,74b61e96e30c6c89517efd649ac05234,ETH|Kraken|1777976040|1777985340,ETH,Kraken,buy,VOL_BREAKOUT|ETH|Kraken|buy,2,6,1777976040.0,155.0,57.912393240682036,1,-15.497810548885896,-0.2702438824740287,1.0026531736181845,-0.5083287244929956,-1.246737343138684,-1.2197481734731124,-0.08717612962443577,-0.7185541250985321,-0.04515902546355206,0.15169727220001772,-0.07653120420086676,-0.13490073264880206
24,a8ab67bc93eaedf96d9ef23191f03d9b,ETH|Kraken|1777976040|1777985340,ETH,Kraken,buy,VOL_BREAKOUT|ETH|Kraken|buy,3,6,1777976040.0,155.0,57.912393240682036,1,-15.269119339059088,-1.104389027351053,0.26671538229072,0.5094734544010981,0.5495025038618214,-0.31725302770178,-0.14412612487750553,-0.022549073359877318,0.14941090565228804,0.07186625167866433,-0.0430973216796767,-0.47347865514708803
25,e32faf99ebdee50d8ee9cd3a318c06d8,ETH|Kraken|1777976040|1777985340,ETH,Kraken,buy,VOL_BREAKOUT|ETH|Kraken|buy,4,6,1777976040.0,155.0,57.912393240682036,1,-26.22967543542523,-1.4063532604497686,3.271647157386373,0.11932271398941464,0.2463510547531564,0.1428443165954653,0.38794948915601657,-0.4981882771500996,0.13253311347418684,-0.038617866878958476,0.5332803463702556,0.08921077881537624
26,00cb493b08cb58293e3fab2988505a0d,ETH|Kraken|1777976040|1777985340,ETH,Kraken,buy,VOL_BREAKOUT|ETH|Kraken|buy,5,6,1777976040.0,155.0,57.912393240682036,1,-15.37408405775913,0.5966342307150999,0.06607052622533785,-0.7635452087889043,-0.643126134182384,0.8262283965475374,0.14525110156053106,-0.010757934371083798,-0.005811372800247293,-0.4003411826850463,0.07173027949408149,0.2740206111262333
27,b46d8f7855aaa567d6d8136bacd82c4c,ETH|Kraken|1777986840|1777991340,ETH,Kraken,sell,LIQUIDITY_SQUEEZE|ETH|Kraken|sell,0,3,1777986840.0,75.0,32.48919838191283,3,-89.64899759077053,-1.5918392717903873,-2.3557344275692387,-0.4993300657842845,0.5592456901538939,-0.10720602747175272,0.030546920735793924,-0.07334926345145973,0.43348869109299004,-0.035962511310471665,-0.11961569131944684,0.37825510258541034
28,4dd40f2bb2cd4d6307f64d9c1e7c02fb,ETH|Kraken|1777986840|1777991340,ETH,Kraken,sell,LIQUIDITY_SQUEEZE|ETH|Kraken|sell,1,3,1777986840.0,75.0,32.48919838191283,3,-26.390096372731293,-1.3287458367667158,-0.5474519116944155,-0.3031624399617692,-0.5214688754399468,-0.2448867994685831,-0.10914976415687602,-0.07883914342522279,0.4894087635461419,-0.19113166572128945,-0.1441502137283728,0.2705344604649976
29,c34f9fee05fe35b6fa0ac383c948fe61,ETH|Kraken|1777986840|1777991340,ETH,Kraken,sell,LIQUIDITY_SQUEEZE|ETH|Kraken|sell,2,3,1777986840.0,75.0,32.48919838191283,3,3.41287190640053,-0.19427928864569505,-0.8650373319677757,0.08532313909422755,-0.17474890909198376,0.5955653789187948,0.024216303162909455,0.307525405752679,-0.09180814782500069,0.5221582610509914,-0.4167458789939583,0.023301141467826775
30,6aed22e10f8c20dfa10d4352f5ddfa0d,ETH|Kraken|1778010900|1778014500,ETH,Kraken,buy,RELATIVE_STRENGTH|ETH|Kraken|buy,0,2,1778010900.0,60.0,34.999809264103234,1,-19.721559032951838,0.4999987230729959,0.23858981887971506,0.3666231505025112,-1.2194447545207716,-0.4471709638333494,0.22161311661905483,-0.1410405500188762,-0.5051354370732479,-0.2542719634436452,-0.13734965378127906,0.48009445740948264
31,2fea756de82118814ee0705cd4ee1b94,ETH|Kraken|1778010900|1778014500,ETH,Kraken,buy,RELATIVE_STRENGTH|ETH|Kraken|buy,1,2,1778010900.0,60.0,34.999809264103234,1,-28.111335879522493,3.122358388116229,-0.6868678131497278,1.7880418318958793,0.6167698871563938,-0.27741374408426456,0.18843486145136157,0.03375852925728551,-0.009596070696334435,-0.3192435348363897,0.5075613208891685,-0.19768745254433076
32,17dd0850261ba984a101cdf2c1be22e1,ETH|Kraken|1778046240|1778050140,ETH,Kraken,buy,BASIS_DISLOCATION|ETH|Kraken|buy,0,3,1778046240.0,65.0,32.49232670887834,2,-15.631355939364624,-0.5909351247813571,-0.5562284395608449,-0.2891194230038039,-0.4436079892036905,-0.4064542807151052,-0.5662753935645167,0.34365439707567275,-0.16355206344667667,-0.1358138200615658,-0.009821931348645872,0.3504280867352725
33,d507b38bddae643bbf5cae72c54a1908,ETH|Kraken|1778046240|1778050140,ETH,Kraken,buy,BASIS_DISLOCATION|ETH|Kraken|buy,1,3,1778046240.0,65.0,32.49232670887834,2,-28.205519255406365,-0.3844371438761346,-0.3645118594028744,0.2995042040148926,0.6487402968533075,-0.37016650907551885,0.0022180565532672484,0.3619039367740698,-0.23265739602644253,-0.18677766722367298,-0.3608260967984648,-0.2356113612890333
34,cf3a0785f68cfa87877ff437c3fc2868,ETH|Kraken|1778046240|1778050140,ETH,Kraken,buy,BASIS_DISLOCATION|ETH|Kraken|buy,2,3,1778046240.0,65.0,32.49232670887834,2,-15.409104090988055,0.7691624046415979,-0.44924550837615457,-1.18050268269787,0.6237153725283395,-0.25875703758499063,0.6073364160772069,0.47237128160158615,0.0011421216100455467,-0.25016409831106523,0.08333034255722693,0.2289125907937309
35,7d0d081c8c0bf807c668f6db86b0d7c6,ETH|Kraken|1778040840|1778047140,ETH,Kraken,sell,LIQUIDITY_SQUEEZE|ETH|Kraken|sell,0,5,1778040840.0,105.0,34.03162236137927,3,-16.401417220477104,0.16732251312529933,-0.38706351176113674,-0.6272851924073405,-0.7206140652658181,-0.38514538800566095,0.42381256166148945,0.08055533052699905,-0.10136620942408858,0.1978497174423406,-0.3762814656355129,-0.10358434834861856
36,db85908ec38bfade65dc41228b89dbcc,ETH|Kraken|1778040840|1778047140,ETH,Kraken,sell,LIQUIDITY_SQUEEZE|ETH|Kraken|sell,1,5,1778040840.0,105.0,34.03162236137927,3,-4.116544152504378,1.6782464179012972,2.178463569221455,-0.6299350119998,0.752220774461468,-0.3346370984999402,-0.05538376964379773,0.19150259373065803,0.07149933542355882,-0.07196840484752895,-0.012466108159675783,-0.3052323516009888
37,877a3be857a2146a576b27a09483e662,ETH|Kraken|1778040840|1778047140,ETH,Kraken,sell,LIQUIDITY_SQUEEZE|ETH|Kraken|sell,2,5,1778040840.0,105.0,34.03162236137927,3,-13.531118915045155,-0.556157990516726,-0.06749359540700449,0.7384245283923594,0.227810451691041,0.4297547820741713,0.22926552898303393,-0.3562286106192724,0.3030590456599562,0.27980280731542795,0.07591714935680204,0.4907452819038068
38,de9cd2a94af88ef190b839760cfdb43e,ETH|Kraken|1778040840|1778047140,ETH,Kraken,sell,LIQUIDITY_SQUEEZE|ETH|Kraken|sell,3,5,1778040840.0,105.0,34.03162236137927,3,-16.232657693874344,0.4283243289276216,0.38441469736052697,-0.9875983647034059,0.5957228882436444,-0.4176874992844071,-0.10694011067801504,0.43510559535619087,-0.4837131961233459,-0.18488093859930654,0.1916237023917091,0.1494523244054536
39,351638d62cceda237fb1c87cb6a607ca,ETH|Kraken|1778040840|1778047140,ETH,Kraken,sell,LIQUIDITY_SQUEEZE|ETH|Kraken|sell,4,5,1778040840.0,105.0,34.03162236137927,3,-15.329607667379792,-0.5946650796676523,-0.8282233484221826,-0.12688544987278705,0.5419180040552249,-0.19877159626465252,-0.110457283697348,-0.08162235451455449,0.2445731048510668,-0.17618107840640526,-0.05551935363221439,0.3770626770056617
40,78b6ac398a725a5462f0fc70434b8565,ETH|Kraken|1778056140|1778058840,ETH,Kraken,buy,BASIS_DISLOCATION|ETH|Kraken|buy,0,2,1778056140.0,45.0,46.77433301997368,2,-17.639889372541298,0.6389280628989997,-0.09356286263684999,0.9951099023618569,-0.3345828568240737,0.6180971389358718,-0.5446083846075105,-0.31653213709260136,0.016596584631101512,0.42970286359070997,0.2939792611344463,-0.34950563576026217
41,f74f325df07c4c08dd9028d15488765e,ETH|Kraken|1778056140|1778058840,ETH,Kraken,buy,BASIS_DISLOCATION|ETH|Kraken|buy,1,2,1778056140.0,45.0,46.77433301997368,2,-20.755562921976136,-1.1005489459227287,-0.8293544310496355,0.030271603959193864,0.22984993991932243,0.013724197267108192,0.3409855486660591,0.2814907221625576,-0.05930805083548061,-0.04052854610155912,0.43598858736758855,0.19603795776040145
42,b4668ed8752d524298a7feabfd90e400,ETH|Kraken|1778059740|1778061540,ETH,Kraken,buy,BASIS_DISLOCATION|ETH|Kraken|buy,0,1,1778059740.0,30.0,80.84413747988546,2,-27.60144362510043,-0.20963727484618827,-0.4624065316486163,-0.05684807246936311,-0.6459585365914209,0.1208462328524666,-0.13775676658866404,0.06732635715921319,-0.35185029891751085,-0.2173880985011914,0.1503805569579196,-0.1900923863734161
43,0b48563334cc92f58f8c7aa1ba1bd076,ETH|Kraken|1778054340|1778058840,ETH,Kraken,buy,LIQUIDITY_SQUEEZE|ETH|Kraken|buy,0,4,1778054340.0,75.0,74.04073052627345,2,-19.272328955380907,-0.7553287264110162,-0.439380413591132,0.07777486145941272,0.436388985722952,0.019608928781857285,0.275764645171996,-0.2443755088215783,-0.4003095445887073,0.2344855157107761,-0.27250965495930246,-0.07695778397805805
44,c7323cf8192046cbe0851222c07d74d0,ETH|Kraken|1778054340|1778058840,ETH,Kraken,buy,LIQUIDITY_SQUEEZE|ETH|Kraken|buy,1,4,1778054340.0,75.0,74.04073052627345,2,-16.836163852021144,-0.07349403658565576,0.03866863117412499,-0.5997652458903127,0.7828307566552201,-0.375639364182844,-0.10038631934318455,0.4669462116627312,0.1575127181614264,0.22927060320321338,-0.08972950509588154,0.018199802734724782
45,f2b827b21b805fd1d846eb4b8d13dfa7,ETH|Kraken|1778054340|1778058840,ETH,Kraken,buy,LIQUIDITY_SQUEEZE|ETH|Kraken|buy,2,4,1778054340.0,75.0,74.04073052627345,2,-17.375915097254175,-0.5184335344884557,-0.8076929260263308,0.5033398973089529,0.5142225696314107,-0.08033325845657403,0.21915682219654256,-0.1446420987012152,0.49094847729469804,-0.07221509452784626,0.03915998890844183,0.3020091021298555
46,d8a82daa623b1b4951a1a7d30324cec2,ETH|Kraken|1778054340|1778058840,ETH,Kraken,buy,LIQUIDITY_SQUEEZE|ETH|Kraken|buy,3,4,1778054340.0,75.0,74.04073052627345,2,-20.777268071400247,-1.2291394004784997,-0.8116476789241903,0.042979508125557744,-0.023810776267324578,0.32571306671405,0.3190314121873066,-0.04641897096258247,-0.17301288181844657,-0.10170502233163227,-0.4019363456804998,0.09526069455079525
47,43d612db1c921a0d8b527d70a5583f41,ETH|Kraken|1778056140|1778059740,ETH,Kraken,buy,VOL_BREAKOUT|ETH|Kraken|buy,0,3,1778056140.0,60.0,40.48868754845671,1,-17.639889372541298,0.6389280628989997,-0.09356286263684997,0.9951099023618569,-0.3345828568240737,0.6180971389358719,-0.5446083846075106,-0.31653213709260136,0.016596584631101502,0.42970286359070997,0.2939792611344463,-0.3495056357602621
48,c57497f1a7d3eb9a1341cc002e604114,ETH|Kraken|1778056140|1778059740,ETH,Kraken,buy,VOL_BREAKOUT|ETH|Kraken|buy,1,3,1778056140.0,60.0,40.48868754845671,1,-21.03076411047752,-1.0594408657020087,-0.8448319723858912,0.1602054056338556,0.24488182343834683,-0.05185322910467616,0.19572460881487677,0.04145425988119154,-0.2013563104423372,-0.18606490546697801,0.5870957324743028,0.03624159585615041
49,9afb94b1e53018e0a4f3eebb105e9222,ETH|Kraken|1778056140|1778059740,ETH,Kraken,buy,VOL_BREAKOUT|ETH|Kraken|buy,2,3,1778056140.0,60.0,40.48868754845671,1,-3.3150949458379206,-0.5437141503247351,-0.31323059642261747,-0.8837876774190657,0.5624303736594862,-0.38724707538412395,-0.16991291067538222,0.235492669345265,-0.36172581924108554,0.05148131620809662,0.0720466722786419,-0.18346171603181483
50,28ea094fe2963f8973db945691460795,ETH|Kraken|1778072340|1778077740,ETH,Kraken,sell,BASIS_DISLOCATION|ETH|Kraken|sell,0,5,1778072340.0,90.0,162.44226823360717,4,-4.528233448690758,-0.886761422126493,2.039249898259524,0.1355357457008994,0.09191658465391078,0.2561452078144696,0.050409678006928686,-0.1235992717740978,0.039548134202726334,0.17964940450279437,-0.08169795908709415,-0.8202507742794641
51,d67108605935f08e39e7370f2fc8c3d3,ETH|Kraken|1778072340|1778077740,ETH,Kraken,sell,BASIS_DISLOCATION|ETH|Kraken|sell,1,5,1778072340.0,90.0,162.44226823360717,4,-12.722949325015676,0.6601982909653933,-0.5168095890699556,1.1112311678665139,0.5801041484120922,-0.16645607397597167,0.41047662623735004,0.23187073389642401,-0.14863241631567387,0.44967834984026356,-0.08935220490201916,0.08957170317264723
52,a2766981ee41ccaf24348c9a46320e8c,ETH|Kraken|1778072340|1778077740,ETH,Kraken,sell,BASIS_DISLOCATION|ETH|Kraken|sell,2,5,1778072340.0,90.0,162.44226823360717,4,82.50200351323069,-0.382764796682908,-0.2968451630527661,-0.8352253316428522,0.5617255040909309,-0.4272781886479234,-0.49395767124036827,0.04739681379116279,-0.245903279920296,-0.41610981302134165,0.0432875664049333,-0.25255624180522035
53,ce7e9d453fc3c47f2ca13a6ac3624d6a,ETH|Kraken|1778072340|1778077740,ETH,Kraken,sell,BASIS_DISLOCATION|ETH|Kraken|sell,3,5,1778072340.0,90.0,162.44226823360717,4,-1.678466035885005,-0.9949873092503304,0.09637374449522043,-0.12433143235339673,0.655751744970356,-0.3860764607720319,-0.46325867379770935,0.24858056614805824,0.17691380429913756,0.0665913014921208,0.04217215262686905,0.2866191704499518
54,999d4c949947e6898b98b9bdec5917b9,ETH|Kraken|1778072340|1778077740,ETH,Kraken,sell,BASIS_DISLOCATION|ETH|Kraken|sell,4,5,1778072340.0,90.0,162.44226823360717,4,-21.984306475872803,-0.4693222429004717,-0.6201360852042421,-0.9627607541968823,0.3599221604407067,0.08947713987018913,-0.42354122012427986,-0.25420730259193886,0.16213000185645846,-0.4519974413794735,-0.30593186575152775,-0.06345691054395586
55,b3c286e04bc1b1c1674d2d61e55d5e12,ETH|Kraken|1778073240|1778077740,ETH,Kraken,sell,BASIS_DISLOCATION|ETH|Kraken|sell,0,4,1778073240.0,75.0,99.54688190676245,4,-12.315610597871135,0.10925107395591226,-0.55554857994879,0.7942464040361286,-0.19660803735768329,0.6378912581412912,0.17731393128333597,0.21571970177035066,-0.2347979725775845,0.05242858258793651,-0.30810478169580197,0.05181450912114499
56,76e1a4d40e51f909f3eb010682aea6ad,ETH|Kraken|1778073240|1778077740,ETH,Kraken,sell,BASIS_DISLOCATION|ETH|Kraken|sell,1,4,1778073240.0,75.0,99.54688190676245,4,82.50200351323069,-0.382764796682908,-0.2968451630527661,-0.8352253316428522,0.5617255040909309,-0.4272781886479234,-0.49395767124036827,0.04739681379116279,-0.245903279920296,-0.41610981302134165,0.0432875664049333,-0.25255624180522035
57,e66c898353dc62380d69a77af8e75735,ETH|Kraken|1778073240|1778077740,ETH,Kraken,sell,BASIS_DISLOCATION|ETH|Kraken|sell,2,4,1778073240.0,75.0,99.54688190676245,4,-1.678466035885005,-0.9949873092503304,0.09637374449522043,-0.12433143235339673,0.655751744970356,-0.3860764607720319,-0.46325867379770935,0.24858056614805824,0.17691380429913756,0.0665913014921208,0.04217215262686905,0.2866191704499518
58,d4ed5af1b99b0ee502cf68f837aae481,ETH|Kraken|1778073240|1778077740,ETH,Kraken,sell,BASIS_DISLOCATION|ETH|Kraken|sell,3,4,1778073240.0,75.0,99.54688190676245,4,-21.984306475872803,-0.4693222429004717,-0.6201360852042421,-0.9627607541968823,0.3599221604407067,0.08947713987018913,-0.42354122012427986,-0.25420730259193886,0.16213000185645846,-0.4519974413794735,-0.30593186575152775,-0.06345691054395586
59,e3adc7365cf6dffa0f225767649277b7,ETH|Kraken|1778075040|1778077740,ETH,Kraken,sell,BASIS_DISLOCATION|ETH|Kraken|sell,0,2,1778075040.0,45.0,49.10964818740177,4,60.92185608913039,-1.2042123459186764,0.2896698808913338,-0.4353516377818669,0.24650628340591288,-0.049887004776289996,-0.5321424674102716,0.2812859404153197,-0.6910448751392295,0.17685176628312319,-0.07966083858567913,-0.14829714735716717
60,4ec49cb62eb2001e0fa8bd90a7fbaf66,ETH|Kraken|1778075040|1778077740,ETH,Kraken,sell,BASIS_DISLOCATION|ETH|Kraken|sell,1,2,1778075040.0,45.0,49.10964818740177,4,-18.64014939076786,-0.2181171295036322,-0.5533899710474852,-0.7939407113663007,0.2976850008156006,0.06928692197925747,-0.12295608422269516,0.3120194173665925,0.229750673325069,0.21529828311868415,0.05997382681573472,0.5516151975372453
61,f0957b4b137b92026b2afe2636d02b9d,ETH|Kraken|1778074140|1778077740,ETH,Kraken,sell,LIQUIDITY_SQUEEZE|ETH|Kraken|sell,0,3,1778074140.0,60.0,72.21945462802469,3,-3.954812937920495,0.41700725032251007,1.1732517352766707,0.5465218416404082,0.49916141109866563,-0.1311694017557517,0.19555064884348988,0.0713114077494208,-0.13703425278403378,0.0029990154288672536,0.3156706194771528,0.2992975925696712
62,b0da110fda87e7248ee4d2c4d190f9ec,ETH|Kraken|1778074140|1778077740,ETH,Kraken,sell,LIQUIDITY_SQUEEZE|ETH|Kraken|sell,1,3,1778074140.0,60.0,72.21945462802469,3,67.76443922855015,-1.1060465005665996,0.24684414393848786,-0.34218687283940535,0.30745900101355583,0.02604913919579907,-0.045107610774127394,0.3181706181646648,-0.030454636141955756,-0.04144555995993685,-0.1307187267233716,0.2600154145704881
63,47660e40ba97e78eae214ff7a5fb4c99,ETH|Kraken|1778074140|1778077740,ETH,Kraken,sell,LIQUIDITY_SQUEEZE|ETH|Kraken|sell,2,3,1778074140.0,60.0,72.21945462802469,3,-18.64014939076786,-0.2181171295036322,-0.5533899710474852,-0.7939407113663007,0.2976850008156006,0.06928692197925747,-0.12295608422269516,0.3120194173665925,0.229750673325069,0.21529828311868415,0.05997382681573472,0.5516151975372453
64,9b1f71a2570a5f307d9d896879d40b3c,ETH|Kraken|1778078640|1778081340,ETH,Kraken,sell,LIQUIDITY_SQUEEZE|ETH|Kraken|sell,0,2,1778078640.0,45.0,31.66429733714984,3,-22.966195103929522,-1.075222957345434,-0.2807665118664119,0.49743399420257944,0.1695227670186645,0.16915313992587724,0.3916403407788744,-0.518617996497169,-0.700892229499039,-0.16621634364863389,0.41241147936738254,0.025915113803857717
65,77cbdd888b22f52944e160c32acabdf2,ETH|Kraken|1778078640|1778081340,ETH,Kraken,sell,LIQUIDITY_SQUEEZE|ETH|Kraken|sell,1,2,1778078640.0,45.0,31.66429733714984,3,-17.114576613812346,0.14168565405599406,-0.5999137045010872,0.4212941078006846,-0.507104971798348,-0.18831174279150012,-0.45853707165128826,0.6581389462441815,0.29149133676722233,0.11993143815014215,-0.04670627003297338,0.11632423540278174
66,e8b2d0cc4155c98e145ba1626d3140fc,ETH|Kraken|1778087640|1778093340,ETH,Kraken,sell,LIQUIDITY_SQUEEZE|ETH|Kraken|sell,0,5,1778087640.0,95.0,50.737383688771985,4,-15.619218622408088,0.5743973683024785,-0.6276270590443251,-1.0832941838800252,0.5409388078544153,-0.04364607124997628,-0.48405587546740947,-0.47266420556399835,-0.14477817011353708,-0.14256772120082503,0.09035140267507656,0.41998265118216693
67,22d86ba9714165835b29c55f7dcb8992,ETH|Kraken|1778087640|1778093340,ETH,Kraken,sell,LIQUIDITY_SQUEEZE|ETH|Kraken|sell,1,5,1778087640.0,95.0,50.737383688771985,4,-12.401479882862322,-0.9641135882439091,3.3532811830186096,0.24630564107647518,0.426852261966361,-0.3755809208729721,0.0033631640205033985,0.33435734002142936,-0.25186531201941253,-0.2937842391758692,0.44377360889276174,0.09227915198307222
68,f15bb2f890fae7e753401c340874a7b2,ETH|Kraken|1778087640|1778093340,ETH,Kraken,sell,LIQUIDITY_SQUEEZE|ETH|Kraken|sell,2,5,1778087640.0,95.0,50.737383688771985,4,-15.397634412884887,0.04310266370908362,-0.7771156216123136,0.5435301380306945,0.15589370247336815,0.47948826997242977,0.5048990629999581,-0.36807490264674897,-0.04749280638925343,0.03391169881704853,-0.05477950897411396,0.11752909154754881
69,7017ff253c25ee4e037cca0455c24494,ETH|Kraken|1778087640|1778093340,ETH,Kraken,sell,LIQUIDITY_SQUEEZE|ETH|Kraken|sell,3,5,1778087640.0,95.0,50.737383688771985,4,-5.936654902014329,2.3531065125435937,-0.36091690350976735,0.2920717370529095,0.7904477613222485,-0.23968159628561983,0.5452587801039529,0.42861552514194917,0.2910456761686879,0.35047750287458596,0.055589385838248094,0.05454368363397138
70,5f287f9c9ff796da3abdbaac499c4246,ETH|Kraken|1778087640|1778093340,ETH,Kraken,sell,LIQUIDITY_SQUEEZE|ETH|Kraken|sell,4,5,1778087640.0,95.0,50.737383688771985,4,-19.592341832550492,3.0173596201289623,-0.3294625527670488,1.4239374282135586,-0.29366687394373264,0.5147931927775414,0.2774536927355985,0.1863774248523944,-0.22414407516648793,-0.05130247166203898,0.022982775295531988,-0.08258208886552472
71,85e1d9fcb10c6d7292a3e0c690668c3f,ETH|Kraken|1778112840|1778114940,ETH,Kraken,sell,LIQUIDITY_SQUEEZE|ETH|Kraken|sell,0,1,1778112840.0,35.0,40.532502766194334,3,-10.4789602640375,0.560071799360984,-0.6295045619889256,0.7764266676818834,-0.943218756980851,-0.12824012505486698,-0.04941713976987127,-0.19726437835868502,0.17713637545165908,0.09805208878942577,0.30842667260472845,-0.11231117900418482
72,1b2a0feb0785b7d9bccd32ba851520d4,ETH|Kraken|1778135340|1778136540,ETH,Kraken,buy,BASIS_DISLOCATION|ETH|Kraken|buy,0,1,1778135340.0,20.0,39.78812464750298,4,-16.713746827810784,-0.8026707880149263,-0.6306796321761781,-0.2402019657978309,0.1276986575880152,0.29900594910980627,-0.6604336484721876,-0.12101701121660155,0.030254109591430368,-0.17501019187627292,-0.03103292994296586,0.24068238324197144
73,2e8eeddeb32084666f9b3f6e61301d39,ETH|Kraken|1778118240|1778120940,ETH,Kraken,sell,LIQUIDITY_SQUEEZE|ETH|Kraken|sell,0,2,1778118240.0,45.0,62.68238849574217,3,-16.30885976256355,-1.9176630226156632,-0.7203115329577847,-0.29690675444494874,-0.7934862692168596,-0.22454564554928075,0.2102307200514072,0.18864764054803262,-0.2229216348425384,-0.25153164810635714,0.4981612697731325,0.133691329130796
74,c7adc9375651a7035ce33298ff096398,ETH|Kraken|1778118240|1778120940,ETH,Kraken,sell,LIQUIDITY_SQUEEZE|ETH|Kraken|sell,1,2,1778118240.0,45.0,62.68238849574217,3,-3.8869693549652067,-1.0218806177235171,-0.37637890919405226,0.3485511387308075,0.39051720474466156,-0.15668963776610523,0.8158336696833965,0.13418573927194583,-0.0468400000018071,-0.45270611064293237,0.08192960140885414,-0.2582537875845916
75,a4e3cba9f219d7bfb4c2009d0df7c226,ETH|Kraken|1778119140|1778120940,ETH,Kraken,sell,LIQUIDITY_SQUEEZE|ETH|Kraken|sell,0,1,1778119140.0,30.0,30.80401229925518,3,-10.68505899783264,-0.4345198295063608,-0.42529704660189027,0.4036128033839492,-1.10699243530648,-0.08018976417110972,0.28471154214302313,0.21350187223323103,-0.22494290313691995,-0.22189745316724196,0.37437983843900485,0.10457817758698029
76,890bf5cbf6664344fdc17fb550aa7783,ETH|Kraken|1778149740|1778156940,ETH,Kraken,buy,BASIS_DISLOCATION|ETH|Kraken|buy,0,6,1778149740.0,120.0,55.02951872718927,2,-15.628056588145927,-2.1996634241074133,-0.3501117332887024,-0.45144475219056446,0.20532296475334688,0.22788214432266785,0.44065305960444495,-0.6117293034186745,-0.24869005857332518,-0.2728665656946981,0.20372230308068068,0.07444422982684674
77,4d778b4d2f49f7998f6934d9981ab646,ETH|Kraken|1778149740|1778156940,ETH,Kraken,buy,BASIS_DISLOCATION|ETH|Kraken|buy,1,6,1778149740.0,120.0,55.02951872718927,2,-15.575560843822004,1.505860334173694,-0.6224342370376041,1.0864749177256987,0.1789327312995205,0.5037678924177613,0.5302342286624514,-0.35719776448183443,0.47756499758019433,-0.15628839578139586,-0.07391280735210655,0.2083854066717718
78,b5683c8a142d4720b12c8f423deb2546,ETH|Kraken|1778149740|1778156940,ETH,Kraken,buy,BASIS_DISLOCATION|ETH|Kraken|buy,2,6,1778149740.0,120.0,55.02951872718927,2,-21.950849309678823,2.4669798845630173,4.228626898414844,-0.41857651961822967,0.1725594129036077,0.5010694460440038,0.41132063090502274,0.08119746858350306,0.42112657390818203,-0.06618216279661243,-0.008459094237062913,-0.3446990632815089
79,4beb69636d8426858cd3ab795a31f592,ETH|Kraken|1778149740|1778156940,ETH,Kraken,buy,BASIS_DISLOCATION|ETH|Kraken|buy,3,6,1778149740.0,120.0,55.02951872718927,2,-18.792864715118306,-1.2365436742021778,-1.4287491105626426,0.2558788596047395,0.02248421378609688,0.33419767890629026,-0.2551110978381771,-0.15941595481768242,0.024370976699081004,-0.3381957817658944,-0.23703438767641952,-0.44874927650056706
80,53e93d158e217db8ecbf85ccfadf3387,ETH|Kraken|1778149740|1778156940,ETH,Kraken,buy,BASIS_DISLOCATION|ETH|Kraken|buy,4,6,1778149740.0,120.0,55.02951872718927,2,-14.153848187049075,-0.560034142227776,-0.4204620016956147,-0.913510584440837,-0.07869499794099787,0.10373230024242233,-0.38579274002955766,-0.23668530023404366,-0.12175954508592086,-0.15007080919002425,0.28949728567125504,-0.3879239335739179
81,1327569abeb2910f37cd1652f40a0e6b,ETH|Kraken|1778149740|1778156940,ETH,Kraken,buy,BASIS_DISLOCATION|ETH|Kraken|buy,5,6,1778149740.0,120.0,55.02951872718927,2,-5.295468130132903,1.4539317888968628,-0.5084953535021316,1.0826786014880743,0.6366912774125485,-0.26694244904464504,0.35463475235570135,0.2678719853883096,0.0711381480628752,0.09791124574721034,0.33917774689269226,-0.1602169339956041
82,f62722c07c77d3a502d468a4804141e5,ETH|Kraken|1778149740|1778158140,ETH,Kraken,buy,VOL_BREAKOUT|ETH|Kraken|buy,0,7,1778149740.0,140.0,48.99433837930576,2,-15.628056588145927,-2.1996634241074133,-0.3501117332887024,-0.45144475219056446,0.20532296475334688,0.22788214432266785,0.44065305960444495,-0.6117293034186745,-0.24869005857332518,-0.2728665656946981,0.20372230308068068,0.07444422982684674
83,50c639b88131a4d14bf3fcccb4fab4e8,ETH|Kraken|1778149740|1778158140,ETH,Kraken,buy,VOL_BREAKOUT|ETH|Kraken|buy,1,7,1778149740.0,140.0,48.99433837930576,2,-15.575560843822004,1.505860334173694,-0.6224342370376041,1.0864749177256987,0.1789327312995205,0.5037678924177613,0.5302342286624514,-0.35719776448183443,0.47756499758019433,-0.15628839578139586,-0.07391280735210655,0.2083854066717718
84,53fd34df145f9978ec55acf32318d311,ETH|Kraken|1778149740|1778158140,ETH,Kraken,buy,VOL_BREAKOUT|ETH|Kraken|buy,2,7,1778149740.0,140.0,48.99433837930576,2,-21.950849309678823,2.4669798845630173,4.228626898414844,-0.41857651961822967,0.1725594129036077,0.5010694460440038,0.41132063090502274,0.08119746858350306,0.42112657390818203,-0.06618216279661243,-0.008459094237062913,-0.3446990632815089
85,24dfb46866c9b4dd03ea610e6c08bf1e,ETH|Kraken|1778149740|1778158140,ETH,Kraken,buy,VOL_BREAKOUT|ETH|Kraken|buy,3,7,1778149740.0,140.0,48.99433837930576,2,-18.792864715118306,-1.2365436742021778,-1.4287491105626426,0.2558788596047395,0.02248421378609688,0.33419767890629026,-0.2551110978381771,-0.15941595481768242,0.024370976699081004,-0.3381957817658944,-0.23703438767641952,-0.44874927650056706
86,15d931229ac24723180160277293c248,ETH|Kraken|1778149740|1778158140,ETH,Kraken,buy,VOL_BREAKOUT|ETH|Kraken|buy,4,7,1778149740.0,140.0,48.99433837930576,2,-13.735316688103152,-0.91429667273915,-0.28953271249503465,-0.7891316099868497,0.46097754010373215,-0.058326403357100064,-0.3600339330619059,-0.45062647541197376,0.05104815780693512,-0.1880440436899621,0.2929206706255901,0.21713076025466588
87,bd117f9ad8e2a9e2217f3dd8ad584687,ETH|Kraken|1778149740|1778158140,ETH,Kraken,buy,VOL_BREAKOUT|ETH|Kraken|buy,5,7,1778149740.0,140.0,48.99433837930576,2,-6.00133310325116,-0.03949104835158366,-0.45371180389775767,0.4590923515450492,0.5659910293541969,-0.10471380710617606,0.2374084028515481,0.1528294144914561,-0.05236489398380326,0.6725738252240595,0.25196177745365056,0.2222389509661446
88,c6538110423b6af2c06991e38433940b,ETH|Kraken|1778149740|1778158140,ETH,Kraken,buy,VOL_BREAKOUT|ETH|Kraken|buy,6,7,1778149740.0,140.0,48.99433837930576,2,-29.33084341042568,6.131944330217468,-0.6811141471782264,2.322986627724725,-0.25356907206538454,0.4712966294239789,0.5699898438649597,0.10881470316778363,-0.2355787960508542,-0.27496682697514596,0.2584369066307594,0.3638982486682736
89,ccd76aa727589eb8a88e6745e3f31013,ETH|Kraken|1778164140|1778165940,ETH,Kraken,sell,BASIS_DISLOCATION|ETH|Kraken|sell,0,1,1778164140.0,30.0,39.073387445887136,3,22.631121950170883,-0.7796606561300725,-0.3369321339646486,-0.3715265416461266,-0.5349062303174623,0.08763694157983995,-0.2226123009647755,0.4413632055541696,-0.14759839770453131,0.303736548990647,-0.16446136904580477,0.11031626635187615
90,20b4c8337dcf1186ddb2da25ef8e296a,ETH|Kraken|1778158740|1778163240,ETH,Kraken,sell,LIQUIDITY_SQUEEZE|ETH|Kraken|sell,0,3,1778158740.0,75.0,57.18473970454021,3,-15.823569552125841,-0.8678970299199725,0.41390942479941434,-0.260903208834971,-0.648197855945731,-0.10997054890473248,-0.3089767427143826,0.5761016709062305,0.34988733325691707,0.5688346535059616,0.1357369276479392,0.3326130033287325
91,9da3324279b3b08ad12a24ce48b75e70,ETH|Kraken|1778158740|1778163240,ETH,Kraken,sell,LIQUIDITY_SQUEEZE|ETH|Kraken|sell,1,3,1778158740.0,75.0,57.18473970454021,3,2.0399470390627368,0.06688572155024745,0.2074214344031669,-0.6020960566587856,0.020595412359469385,0.4296407353299929,0.5867165209044077,-0.0868561537592234,0.13836604541759645,-0.3839112181398853,0.04884709576132413,-0.1677842066232769
92,bf98b801dff171d321d66195489d761a,ETH|Kraken|1778158740|1778163240,ETH,Kraken,sell,LIQUIDITY_SQUEEZE|ETH|Kraken|sell,2,3,1778158740.0,75.0,57.18473970454021,3,-14.71457168473556,-1.6727908192445855,-0.4826841044193217,-0.17608578125419036,-0.060268931321000405,0.41854692423839374,-0.11098223211473848,0.010163581661900149,-0.07583783154473833,0.4876471427461167,-0.04429483209927529,-0.2432812142301043
93,46abb8fa4995f2da5af0e729bae92c81,ETH|Kraken|1778163240|1778165940,ETH,Kraken,sell,LIQUIDITY_SQUEEZE|ETH|Kraken|sell,0,2,1778163240.0,45.0,70.42321883226214,3,-6.250141797564469,-1.7039352595911599,0.0906857591202244,-0.3631002319303661,0.3122242906321744,0.11195929227567826,0.09469199727053752,-0.5505941358403648,-0.3593372241505035,0.2461769502573797,-0.1106727443199022,0.03654859349524734
94,50f73cc01e960a54e64f554ae5954f56,ETH|Kraken|1778163240|1778165940,ETH,Kraken,sell,LIQUIDITY_SQUEEZE|ETH|Kraken|sell,1,2,1778163240.0,45.0,70.42321883226214,3,26.046397346868044,-1.4370334338817896,-0.3550200140447095,-0.17484910000350587,-0.7650698138457095,0.42282490026272856,-0.4604459781441941,-0.18705699792794112,-0.30961228362228493,0.35746298066775406,0.15528889628564144,-0.2759295370739055
95,ffdf9def53360fec3c0c7b44b488fee3,ETH|Kraken|1778164140|1778168640,ETH,Kraken,sell,VOL_BREAKOUT|ETH|Kraken|sell,0,4,1778164140.0,75.0,50.159794372293824,1,39.549422553182765,-0.9700961105521314,2.2802979180045875,-0.0020817145370233474,0.29127769921323426,0.11740111496380681,-0.2075530027764596,-0.17856220409892581,-0.15279519893849297,0.4509860831908466,-0.004690745028377581,-0.10810150882765586
96,db930d078ba97cf408cb9ca9a5bc4423,ETH|Kraken|1778164140|1778168640,ETH,Kraken,sell,VOL_BREAKOUT|ETH|Kraken|sell,1,4,1778164140.0,75.0,50.159794372293824,1,-14.248389374675662,-1.8844871553116573,-0.18011168285872953,-0.5097839200762405,0.45690754606130585,0.11694762387329977,0.382424357031935,-0.10509347313653676,0.17687720135853724,0.39968707500032563,0.03146134475405127,0.5105316549291254
97,8541a525276cf4338f66ff2aeddead01,ETH|Kraken|1778164140|1778168640,ETH,Kraken,sell,VOL_BREAKOUT|ETH|Kraken|sell,2,4,1778164140.0,75.0,50.159794372293824,1,-27.696897785066362,0.025974530808361977,-0.1705953117072507,0.6559077076171024,0.5733327005412746,-0.30246723946501464,0.003817489732864013,0.24032021559898506,0.135787582626527,-0.36644887768845735,0.0592737060976009,0.45996526527684756
98,8bf7e9e6ec509fac88f3344954ec523b,ETH|Kraken|1778164140|1778168640,ETH,Kraken,sell,VOL_BREAKOUT|ETH|Kraken|sell,3,4,1778164140.0,75.0,50.159794372293824,1,-14.944184971890397,0.6692777742219219,-0.6099328349261843,-1.015350704687313,-0.0839988111152927,0.6619575734429817,-0.20291066032857055,0.19033071543996394,0.07288249729420175,-0.18998147564261572,-0.3885093604678582,-0.10791930912481741
99,f9ea22b4d891a007c572f8c1393b8aab,ETH|Kraken|1778225340|1778230740,ETH,Kraken,buy,BASIS_DISLOCATION|ETH|Kraken|buy,0,4,1778225340.0,90.0,47.86389205809353,3,-20.170336985399267,0.3254890925646432,3.7930581707872855,1.3111157434449796,0.11810923121716599,0.19827741357687254,0.4522727516412386,0.14789897978826683,-0.05784605071763534,-0.5227390075666832,-0.33558392165822687,0.020215588992996327
100,fc17eb2bce0207fc50364b98c05a4d73,ETH|Kraken|1778225340|1778230740,ETH,Kraken,buy,BASIS_DISLOCATION|ETH|Kraken|buy,1,4,1778225340.0,90.0,47.86389205809353,3,-15.38493804744948,0.6504035281263427,-0.3086977057155175,-0.6381761031167748,-0.6044161869116945,0.1338595152790037,0.2875676775904107,-0.34125238755665654,-0.310072881349225,-0.27163649298552967,-0.08876398651360606,0.06781333260082642
101,fcc14ec16d0566b12007e0dbd5c93f99,ETH|Kraken|1778225340|1778230740,ETH,Kraken,buy,BASIS_DISLOCATION|ETH|Kraken|buy,2,4,1778225340.0,90.0,47.86389205809353,3,-16.404191223966354,2.009085267387057,0.2661171202033171,-0.8315047679814098,0.3666882888069589,0.22634629392393366,0.5095551400579714,-0.21548914943032796,0.21761828331702138,-0.3148743683949035,0.41268530843895534,-0.09834292781781431
102,7f97930f16c26486b0b0dc70aa3261c0,ETH|Kraken|1778225340|1778230740,ETH,Kraken,buy,BASIS_DISLOCATION|ETH|Kraken|buy,3,4,1778225340.0,90.0,47.86389205809353,3,-23.58250873357162,2.8877872628163663,-0.07549451251419304,1.7988678436356924,0.6780381743399707,-0.35877209592331566,-0.23341083417812772,0.0829989227861486,-0.07857855867083399,-0.4179755376278399,0.010604552430041726,0.16684798215019578
103,277e99fe1652606884784c4e2d640089,ETH|Kraken|1778225340|1778234340,ETH,Kraken,buy,VOL_BREAKOUT|ETH|Kraken|buy,0,7,1778225340.0,150.0,51.3376554440086,1,-20.170336985399267,0.3254890925646432,3.7930581707872855,1.3111157434449796,0.11810923121716599,0.19827741357687254,0.4522727516412386,0.14789897978826683,-0.05784605071763534,-0.5227390075666832,-0.33558392165822687,0.020215588992996327
104,56311d8b4877560c3a94dc5aabf392af,ETH|Kraken|1778225340|1778234340,ETH,Kraken,buy,VOL_BREAKOUT|ETH|Kraken|buy,1,7,1778225340.0,150.0,51.3376554440086,1,-15.38493804744948,0.6504035281263427,-0.3086977057155175,-0.6381761031167748,-0.6044161869116945,0.1338595152790037,0.2875676775904107,-0.34125238755665654,-0.310072881349225,-0.27163649298552967,-0.08876398651360606,0.06781333260082642
105,d9da2fbdccd34735a892928e51e02909,ETH|Kraken|1778225340|1778234340,ETH,Kraken,buy,VOL_BREAKOUT|ETH|Kraken|buy,2,7,1778225340.0,150.0,51.3376554440086,1,-16.42966272948819,1.604228428747503,0.10492017436770332,-0.7869019602088971,0.6794811007398399,-0.3188688870078596,0.2984261819654628,0.38948137406734346,0.08755884885328115,-0.3719285837279178,0.25671850044158506,0.06963671713024674
106,06d6dc3dfea047a76107945549b27ddd,ETH|Kraken|1778225340|1778234340,ETH,Kraken,buy,VOL_BREAKOUT|ETH|Kraken|buy,3,7,1778225340.0,150.0,51.3376554440086,1,-23.719899091272957,1.9033422643231481,-0.4255846441590308,1.3676840344044014,0.7739593075374652,-0.3782194509931416,-0.2753191407812564,0.22346407592114123,0.06173424350668753,0.0135365052908956,-0.04275683104589873,-0.061818983795146346
107,18f395c093db6f2e8a01a40232f006df,ETH|Kraken|1778225340|1778234340,ETH,Kraken,buy,VOL_BREAKOUT|ETH|Kraken|buy,4,7,1778225340.0,150.0,51.3376554440086,1,-15.808642181867805,0.4742468893175594,-0.5280581125933611,0.7222600916407732,0.29245756500620446,0.04419200675131601,0.06383368131846855,-0.3010246501935207,-0.4313636496599645,-0.006514964644175985,-0.0882217048550206,-0.20830443389604186
108,cf5a62d0b6f1b7144b0ee2622982de8e,ETH|Kraken|1778225340|1778234340,ETH,Kraken,buy,VOL_BREAKOUT|ETH|Kraken|buy,5,7,1778225340.0,150.0,51.3376554440086,1,-14.571088434059417,1.0701509728188006,0.17486474087502382,-0.2414142132289429,-0.1881096099599252,0.20028674322408138,-0.22414197732568988,0.1331865596685651,0.055634307544001844,-0.08516369538322664,-0.2516986071320399,-0.17101558033468095
109,e52b25ccbf3b132b3a1f553dc5cd71b1,ETH|Kraken|1778225340|1778234340,ETH,Kraken,buy,VOL_BREAKOUT|ETH|Kraken|buy,6,7,1778225340.0,150.0,51.3376554440086,1,-15.079384125085877,-1.5786818212471645,-0.5530326478208184,-0.09031151325389895,0.021537624746878734,0.3288156558520659,-0.1523066548797405,-0.16131002697086255,0.24629810337435437,-0.2761689927655866,-0.009208994523446938,0.09378142911175977
110,b4d515a12c66aec922f938c5f94173ed,ETH|Kraken|1778247840|1778252340,ETH,Kraken,buy,BASIS_DISLOCATION|ETH|Kraken|buy,0,2,1778247840.0,75.0,50.15449057974237,1,-15.111868978531334,1.3634791460235143,-0.7288849264440566,0.9891872954016913,-0.939423368135212,0.08344533838125222,-0.09868554684665092,-0.018480600483687465,0.35745111452645545,-0.415260311066214,-0.027469362282599993,0.23317602060227888
111,f7a82d3f2b287f9e6ee7c7f029279968,ETH|Kraken|1778247840|1778252340,ETH,Kraken,buy,BASIS_DISLOCATION|ETH|Kraken|buy,1,2,1778247840.0,75.0,50.15449057974237,1,-15.319736511773186,1.6956343963085245,-0.7896853169775937,-0.4653210632721006,-1.154595257813629,-0.971007597252933,0.1700972062139745,-0.3573455118159836,0.45689913427181056,-0.14018073402906142,-0.3925736610807265,-0.02219953140504208
112,3535d3889c69d8229afa21df29979dcc,ETH|Kraken|1778248740|1778252340,ETH,Kraken,buy,BASIS_DISLOCATION|ETH|Kraken|buy,0,2,1778248740.0,60.0,32.520345477634635,1,-14.313315815765364,1.1656472892442016,-0.8065582593522737,1.07450271039858,0.59935779721605,-0.010820033822234846,0.2886928187550917,-0.06149444482793361,0.11949908521196126,0.5362715808829301,0.00845855461422168,0.3857689765269689
113,eca74294129378cd1773620053701c94,ETH|Kraken|1778248740|1778252340,ETH,Kraken,buy,BASIS_DISLOCATION|ETH|Kraken|buy,1,2,1778248740.0,60.0,32.520345477634635,1,-15.319736511773186,1.6956343963085245,-0.7896853169775937,-0.4653210632721006,-1.154595257813629,-0.971007597252933,0.1700972062139745,-0.3573455118159836,0.45689913427181056,-0.14018073402906142,-0.3925736610807265,-0.02219953140504208
114,f75b424b2ab45f087ccd85c3a56ddabe,ETH|Kraken|1778254140|1778257740,ETH,Kraken,buy,BASIS_DISLOCATION|ETH|Kraken|buy,0,3,1778254140.0,60.0,44.654648818855335,1,-16.02084970572531,-1.5375220855004685,0.3322011395383425,-0.37358236623199587,-0.7044456366219861,0.19387671045979146,0.30232157918483676,0.5541397453516853,-0.213287578323556,-0.30807853645205385,0.05801512116396875,0.2177595112256909
115,5ec53af09f7896fe8aae21d5e82c163a,ETH|Kraken|1778254140|1778257740,ETH,Kraken,buy,BASIS_DISLOCATION|ETH|Kraken|buy,1,3,1778254140.0,60.0,44.654648818855335,1,73.01318287886076,-0.9982242335460514,-0.3756797436635591,-0.23416805229402846,0.49418977911792267,-0.4029062451786188,-0.4431702247031344,-0.011148558065034488,-0.1185604158805722,-0.5076779088777583,0.20028728502846113,-0.29665284061678504
116,1162c608c9a6a2777b351e5ab88e710e,ETH|Kraken|1778254140|1778257740,ETH,Kraken,buy,BASIS_DISLOCATION|ETH|Kraken|buy,2,3,1778254140.0,60.0,44.654648818855335,1,-20.174844721956482,-1.11337844174389,-0.3859186520165612,0.6171198089392798,0.5115077590009864,-0.14572945454123373,0.6307261081763458,0.17174081197563382,0.4683399916176451,-0.20687698818177702,-0.2978212429199159,0.33141524552698853
117,b296b3ef70b8406615885212ad6fbaac,ETH|Kraken|1778259540|1778263140,ETH,Kraken,buy,BASIS_DISLOCATION|ETH|Kraken|buy,0,2,1778259540.0,60.0,52.30403439962256,4,-19.54548086916776,-0.020795836473818323,-0.4340770998223878,-0.7435709630100076,-0.023318891972600904,-0.18982635609573295,-0.397733860074251,0.4358461467356265,0.34220579603037093,-0.3239417970186829,-0.2542808178017572,0.2611394925384038
118,c88f7681e35d6e7fd6dd32f881d230ac,ETH|Kraken|1778259540|1778263140,ETH,Kraken,buy,BASIS_DISLOCATION|ETH|Kraken|buy,1,2,1778259540.0,60.0,52.30403439962256,4,-17.576519958380672,-0.25333124988120503,1.1794182084408948,-0.501101008091738,-0.23797894952633322,0.2057145025728555,-0.3964540206904717,0.29787083462946995,0.09556448140818581,0.40851439915799215,-0.27559338890967555,0.28750337958740196
119,ad1f85e017898cd4e229f7405ef23d79,ETH|Kraken|1778263140|1778266140,ETH,Kraken,buy,LIQUIDITY_SQUEEZE|ETH|Kraken|buy,0,3,1778263140.0,50.0,50.78739191957673,2,-19.32853373651557,1.2318633044423843,1.6888932237788288,1.7359597794808803,0.4827564708098521,-0.05889512800843756,-0.23073864456933807,-0.19858942197808438,-0.24394417285974035,-0.10885616493814029,-0.153063535878007,0.2555548730649179
120,4df43d9067fbfe0c2a01d8a8407eea50,ETH|Kraken|1778263140|1778266140,ETH,Kraken,buy,LIQUIDITY_SQUEEZE|ETH|Kraken|buy,1,3,1778263140.0,50.0,50.78739191957673,2,-17.00109601945846,-1.5958935967386056,-0.9008607629680533,-0.5268329737164863,0.6160957352282513,-0.33652912870392077,0.02717193796849393,0.39064370864845244,-0.23298475988636258,-0.10845526150322919,-0.6013226489132707,0.11707869197189097
121,5c43dc99e602aa6865d1c1b0d242377c,ETH|Kraken|1778263140|1778266140,ETH,Kraken,buy,LIQUIDITY_SQUEEZE|ETH|Kraken|buy,2,3,1778263140.0,50.0,50.78739191957673,2,-10.925214526685217,-1.073570743033201,-0.9741670864893217,0.13551157045566045,0.46917111103925335,-0.376535521445792,-0.1481550994071967,0.324046141701765,-0.5274964082591906,-0.4695643486630205,-0.013548391071701717,0.3654409764710753
122,d7e40babc52e8d37dbfa4050a42d24e4,ETH|Kraken|1778254140|1778256840,ETH,Kraken,buy,RELATIVE_STRENGTH|ETH|Kraken|buy,0,2,1778254140.0,45.0,47.85977786853856,1,-15.695583142911907,-1.5283358175850188,4.451052801013981,0.030666520429328024,-0.6101531199115673,0.059869873886816985,0.24080905384220092,0.580318232188528,-0.190919725343081,-0.6227671098267223,0.032458805724621086,0.20547862141974377
123,e315e511744981a6d8cfe2a06cdc0ca5,ETH|Kraken|1778254140|1778256840,ETH,Kraken,buy,RELATIVE_STRENGTH|ETH|Kraken|buy,1,2,1778254140.0,45.0,47.85977786853856,1,72.45166446746599,-0.7056898295088649,-0.39402082195033766,-0.11694690374493083,0.51656995409278,-0.39722154981364205,-0.33604090365372635,0.07306562455613873,-0.20573398836230264,-0.5045455296635436,0.1071142090521418,-0.2722083804598057
124,96392fe3705f31dfb67fe139d09441ed,ETH|Kraken|1778254140|1778263140,ETH,Kraken,buy,VOL_BREAKOUT|ETH|Kraken|buy,0,7,1778254140.0,150.0,107.65958287769473,1,-16.111908248220015,-1.5014718008591854,1.4190962958736315,-0.4021885634812985,-0.6088880666994609,0.345951962974524,-0.04806282607672878,-0.028747732580495178,-0.4544485085811253,-0.08222742659778884,0.38570417723428774,0.13686500635995524
125,cb7c6848da232b8032e63449cb89ea0b,ETH|Kraken|1778254140|1778263140,ETH,Kraken,buy,VOL_BREAKOUT|ETH|Kraken|buy,1,7,1778254140.0,150.0,107.65958287769473,1,73.17529141487611,-1.1241928232370466,0.15981928478317478,0.013237622621152434,0.41140939494906775,-0.39818417128095296,-0.35654939368103616,-0.058964131954381584,-0.27794807266936417,-0.6271263416248415,0.29798694372981516,-0.45250167185158907
126,44c11d9236510cb9a4669709c684ab45,ETH|Kraken|1778254140|1778263140,ETH,Kraken,buy,VOL_BREAKOUT|ETH|Kraken|buy,2,7,1778254140.0,150.0,107.65958287769473,1,-20.182976897567645,-1.1250152831164255,-0.47736939688866914,0.6047139353112005,0.5070351945706301,-0.1390993563316207,0.6560557430302094,0.1706880233299657,0.4640788123400708,-0.22353537362841333,-0.2875729400831573,0.3281795964464089
127,7124e99c50db3109878e483fb7075951,ETH|Kraken|1778254140|1778263140,ETH,Kraken,buy,VOL_BREAKOUT|ETH|Kraken|buy,3,7,1778254140.0,150.0,107.65958287769473,1,-16.508622099290125,-1.1209321152171399,0.15950870809604734,-0.2191705702652845,0.5344608773477855,-0.2655931854737566,-0.12332955979993246,-0.10823268040824394,0.33865124619564696,-0.46726163689190925,-0.16180817036971226,-0.06988709498639795
128,3778b4a0574f108cf493b7807a6bf74f,ETH|Kraken|1778254140|1778263140,ETH,Kraken,buy,VOL_BREAKOUT|ETH|Kraken|buy,4,7,1778254140.0,150.0,107.65958287769473,1,-15.924513096577837,0.3196190525830542,3.2095388982307003,-0.07843398673135521,0.15207661253448856,0.3182997648473442,-0.06886483884978903,-0.2943312392501018,0.19348641789671334,-0.07491218276473961,0.4068049812234473,-0.05075605395570074
129,3ec22ea591caa6af34ba08655bb6ddb1,ETH|Kraken|1778254140|1778263140,ETH,Kraken,buy,VOL_BREAKOUT|ETH|Kraken|buy,5,7,1778254140.0,150.0,107.65958287769473,1,-17.474079594430435,-0.3271645618161186,-0.5187752011155835,-1.1504792799455685,0.15247439596890688,0.17246133317237214,-0.5280272137518767,-0.08528165457045116,0.21936706908877712,-0.2805340416034736,-0.29805499101317423,0.04716399749081649
130,42f2c25ecdf9722687793eda75f9cbd8,ETH|Kraken|1778254140|1778263140,ETH,Kraken,buy,VOL_BREAKOUT|ETH|Kraken|buy,6,7,1778254140.0,150.0,107.65958287769473,1,-17.576519958380672,-0.25333124988120503,1.1794182084408948,-0.501101008091738,-0.23797894952633322,0.2057145025728555,-0.3964540206904717,0.29787083462946995,0.09556448140818581,0.40851439915799215,-0.27559338890967555,0.28750337958740196
131,4f663c372935da34c7394feb4b3f40b7,ETH|Kraken|1778255040|1778263140,ETH,Kraken,buy,VOL_BREAKOUT|ETH|Kraken|buy,0,6,1778255040.0,135.0,73.92257019674716,1,-15.959064748912512,-1.4298681345851463,-0.20511009013597045,-0.3212443839704184,0.5035686575730083,-0.29669779070765756,0.00908642614110644,0.3044317690207121,0.0643384027348711,-0.396183285307887,0.2673777338638752,0.434208001273519
132,af9050f00eeec9e3ef19e7b65a336412,ETH|Kraken|1778255040|1778263140,ETH,Kraken,buy,VOL_BREAKOUT|ETH|Kraken|buy,1,6,1778255040.0,135.0,73.92257019674716,1,35.706540781861875,-0.6652320555836402,0.001371851001119464,0.1749277994246152,-0.4326329173867546,0.26215824878155625,0.3416667211131289,0.7170492558172099,-0.25918610173754875,-0.2904184837178742,0.026780017847695178,0.004069052520190444
133,db6ceb73dce96e3272361c53842a13cb,ETH|Kraken|1778255040|1778263140,ETH,Kraken,buy,VOL_BREAKOUT|ETH|Kraken|buy,2,6,1778255040.0,135.0,73.92257019674716,1,-15.538174543337252,-0.9528390909617875,-0.5388593937536424,-0.00475190641641092,0.5244718352232595,-0.2284095414971307,0.3013315076519509,0.029638750110713877,0.2325556901245923,-0.44155970260646243,-0.19989932428100504,-0.1664889030207792
134,0a5e2209034a9ab6c2865ea310d681ba,ETH|Kraken|1778255040|1778263140,ETH,Kraken,buy,VOL_BREAKOUT|ETH|Kraken|buy,3,6,1778255040.0,135.0,73.92257019674716,1,-16.6203746874147,0.7120668162452198,3.348488263146506,-0.11592771054249602,-0.037369531180293146,0.49875949552089666,-0.21325347635104888,0.11283202085113944,0.12341593853545056,-0.14565805532631348,0.026372456920446714,-0.26235908647267847
135,b2f44559ea95d649db998158a847dbc3,ETH|Kraken|1778255040|1778263140,ETH,Kraken,buy,VOL_BREAKOUT|ETH|Kraken|buy,4,6,1778255040.0,135.0,73.92257019674716,1,-17.474079594430435,-0.3271645618161186,-0.5187752011155835,-1.1504792799455685,0.15247439596890688,0.17246133317237214,-0.5280272137518767,-0.08528165457045116,0.21936706908877712,-0.2805340416034736,-0.29805499101317423,0.04716399749081649
136,ae1c6361164085d6a77fc1c6ae15366c,ETH|Kraken|1778255040|1778263140,ETH,Kraken,buy,VOL_BREAKOUT|ETH|Kraken|buy,5,6,1778255040.0,135.0,73.92257019674716,1,-17.576519958380672,-0.25333124988120503,1.1794182084408948,-0.501101008091738,-0.23797894952633322,0.2057145025728555,-0.3964540206904717,0.29787083462946995,0.09556448140818581,0.40851439915799215,-0.27559338890967555,0.28750337958740196
137,46412ab550007b1941b03000ed3bc478,ETH|Kraken|1778278440|1778282940,ETH,Kraken,sell,BASIS_DISLOCATION|ETH|Kraken|sell,0,3,1778278440.0,75.0,30.920624544234677,2,-13.450461294449685,-1.357759381592265,-0.46548559510335175,0.15690824056089636,0.4813532710417171,-0.16928681680156926,0.11267406533434193,0.174026879865427,-0.4405342423321261,0.23305089724776,-0.21666885539317876,0.11843854856396505
138,3ef4aacc1d9491204e2c933a25e9346e,ETH|Kraken|1778278440|1778282940,ETH,Kraken,sell,BASIS_DISLOCATION|ETH|Kraken|sell,1,3,1778278440.0,75.0,30.920624544234677,2,-15.443082502204243,0.21517850059341564,-0.6094862732700354,-0.2826370756531004,0.3969388561138858,-0.07663930424767255,-0.6161191061862314,-0.3112886176234158,0.16228032179747579,-0.47076662247036016,0.0037645068055842234,-0.30474059500982
139,3c09b7c4bb9ca65597b2df835f03aeda,ETH|Kraken|1778278440|1778282940,ETH,Kraken,sell,BASIS_DISLOCATION|ETH|Kraken|sell,2,3,1778278440.0,75.0,30.920624544234677,2,-14.862467325863356,0.48910638363095843,-0.5640337648717959,-0.30587967249508835,-0.32549650951130416,-0.4834438777355877,-0.0626598720832517,0.010555398855799331,-0.05097107675387637,0.15939618338953518,0.09160247310145804,0.32499928743226003
140,d4670b37048cd70c7736d4103f98c4c0,ETH|Kraken|1778278440|1778284740,ETH,Kraken,sell,VOL_BREAKOUT|ETH|Kraken|sell,0,4,1778278440.0,105.0,34.93452080447851,1,-13.450461294449685,-1.357759381592265,-0.46548559510335175,0.15690824056089636,0.4813532710417171,-0.16928681680156926,0.11267406533434193,0.174026879865427,-0.4405342423321261,0.23305089724776,-0.21666885539317876,0.11843854856396505
141,53061e7467c1016547f5628b7f5ced8d,ETH|Kraken|1778278440|1778284740,ETH,Kraken,sell,VOL_BREAKOUT|ETH|Kraken|sell,1,4,1778278440.0,105.0,34.93452080447851,1,-15.443082502204243,0.21517850059341564,-0.6094862732700354,-0.2826370756531004,0.3969388561138858,-0.07663930424767255,-0.6161191061862314,-0.3112886176234158,0.16228032179747579,-0.47076662247036016,0.0037645068055842234,-0.30474059500982
142,c00fa3105fd6e2ba00b3a9cc5d3aea65,ETH|Kraken|1778278440|1778284740,ETH,Kraken,sell,VOL_BREAKOUT|ETH|Kraken|sell,2,4,1778278440.0,105.0,34.93452080447851,1,-14.741113774393886,0.5499889189190904,0.14259566760172354,-0.21027733603934787,-0.20173947447292842,-0.4284119561138445,-0.3710648436042077,0.38141110343365137,0.02361839779410746,0.31256261189907364,0.19464991321844133,-0.3039191216729884
143,50c089d9d8b416a04e42b743c7f5ade1,ETH|Kraken|1778278440|1778284740,ETH,Kraken,sell,VOL_BREAKOUT|ETH|Kraken|sell,3,4,1778278440.0,105.0,34.93452080447851,1,-15.525900047574346,-0.5759839578834498,-0.831807884427907,-0.5311432250568726,-1.4436362816843913,-0.6815952811005095,0.06540631502429568,-0.2511416902305177,0.062430453551552544,0.25790814830820813,-0.21880596402450536,-0.14744616643699252
144,8328200e71a28e5dab3e1b5a7a192c63,ETH|Kraken|1778339640|1778349540,ETH,Kraken,buy,BASIS_DISLOCATION|ETH|Kraken|buy,0,7,1778339640.0,165.0,104.08078544785118,1,-19.10240258625672,-0.059706319336782346,0.54922960131053,0.11791868267973855,-1.249490511745322,-0.03583269380531592,-0.2806441475869889,-0.25078138915688114,0.37156945299147026,0.00911447951577962,-0.09122334033127227,-0.35530255298707625
145,fc1cb8c067f99b60712342651ce83ce9,ETH|Kraken|1778339640|1778349540,ETH,Kraken,buy,BASIS_DISLOCATION|ETH|Kraken|buy,1,7,1778339640.0,165.0,104.08078544785118,1,-19.19172324696839,-0.6799179432916705,-0.5355385044175085,0.025516470140335798,-0.361326598859766,0.6150685655442955,0.3486381709036309,-0.0730030418850166,0.27638232626232523,-0.41418730070669385,-0.2484780476877425,-0.21113575171166635
146,c937357d4b039aa3f15aaec9c77ef394,ETH|Kraken|1778339640|1778349540,ETH,Kraken,buy,BASIS_DISLOCATION|ETH|Kraken|buy,2,7,1778339640.0,165.0,104.08078544785118,1,10.646886141084474,-1.162158260078049,0.23206836846580983,0.45194497706587017,0.5706159585318084,-0.33843675148203567,0.10447528982758222,0.3438068666865305,-0.23541486281566937,-0.028385589746354956,-0.39670197593870277,-0.18847198089705514
147,998c8c9532ff4528f101480da792be4d,ETH|Kraken|1778339640|1778349540,ETH,Kraken,buy,BASIS_DISLOCATION|ETH|Kraken|buy,3,7,1778339640.0,165.0,104.08078544785118,1,-13.193012645089459,-0.8349336601471915,-0.34321248305277113,-0.8527133629743887,0.3709062481151032,0.0893120898895008,-0.14382694683601074,-0.5737703801571953,-0.5399063108305571,-0.018181161556285824,-0.04515828855974514,0.1043143610213158
148,f01f5314612d1ae31e6b71eb13106ee6,ETH|Kraken|1778339640|1778349540,ETH,Kraken,buy,BASIS_DISLOCATION|ETH|Kraken|buy,4,7,1778339640.0,165.0,104.08078544785118,1,-20.626605918828464,-1.274489638267191,0.7528695366608494,0.2356205115238402,0.3284787709127041,-0.04633573009102258,0.3035189034259975,0.006861342087204465,-0.41756956686773367,-0.2780428949355556,0.18393671077720272,0.37570802636426814
149,e619f0e68d3c250972bf56f5a7fcf5a3,ETH|Kraken|1778339640|1778349540,ETH,Kraken,buy,BASIS_DISLOCATION|ETH|Kraken|buy,5,7,1778339640.0,165.0,104.08078544785118,1,-12.958951714879433,0.3165135405896345,0.7115042861728382,0.8536803882277193,-0.8014187817481592,0.1541894383781763,-0.5887896719513266,-0.45888579601243695,0.5279139867159804,0.3535906607995907,-0.035113316657170685,-0.09588639208010331
150,5a18921e944e32531be7853bb13fc495,ETH|Kraken|1778339640|1778349540,ETH,Kraken,buy,BASIS_DISLOCATION|ETH|Kraken|buy,6,7,1778339640.0,165.0,104.08078544785118,1,-12.4190121789963,-1.438496075966321,-0.31873893897353345,0.44011653533857414,0.06696734517378482,0.15159458163479267,0.11966459482711844,0.5529650329528703,-0.2546587390255198,0.1028513814825767,-0.10512960129310049,0.010033565579513385
151,02226203cd2cee577be6ceb757464929,ETH|Kraken|1778340540|1778349540,ETH,Kraken,buy,BASIS_DISLOCATION|ETH|Kraken|buy,0,7,1778340540.0,150.0,71.13221297426442,1,-18.77262718051661,-1.4211308127582214,0.4710522504287054,-0.49557006977117424,0.271405230572845,0.14303014255441188,-0.3588409465186169,0.04261187458207578,0.5870885259520785,-0.2709406579225411,0.11241168198004413,0.056490276332092845
152,9b6775b575150f4974a044f40957f6a6,ETH|Kraken|1778340540|1778349540,ETH,Kraken,buy,BASIS_DISLOCATION|ETH|Kraken|buy,1,7,1778340540.0,150.0,71.13221297426442,1,-19.19172324696839,-0.6799179432916705,-0.5355385044175085,0.025516470140335798,-0.361326598859766,0.6150685655442955,0.3486381709036309,-0.0730030418850166,0.27638232626232523,-0.41418730070669385,-0.2484780476877425,-0.21113575171166635
153,e310e7d07408313ae069ef3bec1853cf,ETH|Kraken|1778340540|1778349540,ETH,Kraken,buy,BASIS_DISLOCATION|ETH|Kraken|buy,2,7,1778340540.0,150.0,71.13221297426442,1,10.646886141084474,-1.162158260078049,0.23206836846580983,0.45194497706587017,0.5706159585318084,-0.33843675148203567,0.10447528982758222,0.3438068666865305,-0.23541486281566937,-0.028385589746354956,-0.39670197593870277,-0.18847198089705514
154,e3deae61046bc90d23d63f9bf05b98fb,ETH|Kraken|1778340540|1778349540,ETH,Kraken,buy,BASIS_DISLOCATION|ETH|Kraken|buy,3,7,1778340540.0,150.0,71.13221297426442,1,-13.193012645089459,-0.8349336601471915,-0.34321248305277113,-0.8527133629743887,0.3709062481151032,0.0893120898895008,-0.14382694683601074,-0.5737703801571953,-0.5399063108305571,-0.018181161556285824,-0.04515828855974514,0.1043143610213158
155,ba3dfcb56e63b96cfaf38455a4104493,ETH|Kraken|1778340540|1778349540,ETH,Kraken,buy,BASIS_DISLOCATION|ETH|Kraken|buy,4,7,1778340540.0,150.0,71.13221297426442,1,-20.626605918828464,-1.274489638267191,0.7528695366608494,0.2356205115238402,0.3284787709127041,-0.04633573009102258,0.3035189034259975,0.006861342087204465,-0.41756956686773367,-0.2780428949355556,0.18393671077720272,0.37570802636426814
156,9d718461428aaef604c4d86ac3bd6cec,ETH|Kraken|1778340540|1778349540,ETH,Kraken,buy,BASIS_DISLOCATION|ETH|Kraken|buy,5,7,1778340540.0,150.0,71.13221297426442,1,-12.958951714879433,0.3165135405896345,0.7115042861728382,0.8536803882277193,-0.8014187817481592,0.1541894383781763,-0.5887896719513266,-0.45888579601243695,0.5279139867159804,0.3535906607995907,-0.035113316657170685,-0.09588639208010331
157,149522472af1ff11ef73d302d492f941,ETH|Kraken|1778340540|1778349540,ETH,Kraken,buy,BASIS_DISLOCATION|ETH|Kraken|buy,6,7,1778340540.0,150.0,71.13221297426442,1,-12.4190121789963,-1.438496075966321,-0.31873893897353345,0.44011653533857414,0.06696734517378482,0.15159458163479267,0.11966459482711844,0.5529650329528703,-0.2546587390255198,0.1028513814825767,-0.10512960129310049,0.010033565579513385
158,e266f8a0420558f7bbc50927a6d81930,ETH|Kraken|1778341440|1778349540,ETH,Kraken,buy,BASIS_DISLOCATION|ETH|Kraken|buy,0,6,1778341440.0,135.0,58.10416225398965,1,-19.078678519426546,-0.8750404637388453,-0.49545231376315957,-0.17683374291729057,-1.0477930554079677,0.5520208621134034,-0.09977085798406363,0.264774822933764,-0.11012150817078274,0.34720793978672737,0.5751647595511444,0.016213386869798646
159,cc43d90d157017104b0df17148d0a2fe,ETH|Kraken|1778341440|1778349540,ETH,Kraken,buy,BASIS_DISLOCATION|ETH|Kraken|buy,1,6,1778341440.0,135.0,58.10416225398965,1,10.646886141084474,-1.162158260078049,0.23206836846580983,0.45194497706587017,0.5706159585318084,-0.33843675148203567,0.10447528982758222,0.3438068666865305,-0.23541486281566937,-0.028385589746354956,-0.39670197593870277,-0.18847198089705514
160,ed078cc45155a2c95041d71e7458883a,ETH|Kraken|1778341440|1778349540,ETH,Kraken,buy,BASIS_DISLOCATION|ETH|Kraken|buy,2,6,1778341440.0,135.0,58.10416225398965,1,-13.193012645089459,-0.8349336601471915,-0.34321248305277113,-0.8527133629743887,0.3709062481151032,0.0893120898895008,-0.14382694683601074,-0.5737703801571953,-0.5399063108305571,-0.018181161556285824,-0.04515828855974514,0.1043143610213158
161,cfbee724c5c32abc414e0c18a4a30d34,ETH|Kraken|1778341440|1778349540,ETH,Kraken,buy,BASIS_DISLOCATION|ETH|Kraken|buy,3,6,1778341440.0,135.0,58.10416225398965,1,-20.626605918828464,-1.274489638267191,0.7528695366608494,0.2356205115238402,0.3284787709127041,-0.04633573009102258,0.3035189034259975,0.006861342087204465,-0.41756956686773367,-0.2780428949355556,0.18393671077720272,0.37570802636426814
162,fd01a2ff154c66ece476b1d738afda5d,ETH|Kraken|1778341440|1778349540,ETH,Kraken,buy,BASIS_DISLOCATION|ETH|Kraken|buy,4,6,1778341440.0,135.0,58.10416225398965,1,-12.958951714879433,0.3165135405896345,0.7115042861728382,0.8536803882277193,-0.8014187817481592,0.1541894383781763,-0.5887896719513266,-0.45888579601243695,0.5279139867159804,0.3535906607995907,-0.035113316657170685,-0.09588639208010331
163,215b8fff1c34fdce80e86b5f9108f6a0,ETH|Kraken|1778341440|1778349540,ETH,Kraken,buy,BASIS_DISLOCATION|ETH|Kraken|buy,5,6,1778341440.0,135.0,58.10416225398965,1,-12.4190121789963,-1.438496075966321,-0.31873893897353345,0.44011653533857414,0.06696734517378482,0.15159458163479267,0.11966459482711844,0.5529650329528703,-0.2546587390255198,0.1028513814825767,-0.10512960129310049,0.010033565579513385
164,96c64e17fb86a96a48e37641e2e8b886,ETH|Kraken|1778342340|1778349540,ETH,Kraken,buy,BASIS_DISLOCATION|ETH|Kraken|buy,0,6,1778342340.0,120.0,42.50243040569734,1,-18.38152195627906,-1.183823679369179,-0.61295648746359,-0.05246006370019988,0.429594242331115,-0.013561962432917503,0.7180867031744257,0.1728316432306797,-0.21783994224538022,0.19523261277553836,0.09320210020441863,0.15068634720323645
165,b72d9353d2da1403a19e72af3f455a1d,ETH|Kraken|1778342340|1778349540,ETH,Kraken,buy,BASIS_DISLOCATION|ETH|Kraken|buy,1,6,1778342340.0,120.0,42.50243040569734,1,10.897765859203394,-1.0206798136435442,-0.44967422890751724,0.602845455446331,0.5403069703190594,-0.344698710500385,0.04836983410926589,0.3890305158338341,-0.33076803567662244,-0.036035962366627115,-0.06146070563346053,-0.007488160793834128
166,a844dbef305270d0a0814949dc6462e3,ETH|Kraken|1778342340|1778349540,ETH,Kraken,buy,BASIS_DISLOCATION|ETH|Kraken|buy,2,6,1778342340.0,120.0,42.50243040569734,1,-13.226144107125698,-0.9823608794516495,-0.34738001674839325,-0.7701902040462738,0.5666471343742633,-0.23904898166357944,-0.006993998131542644,-0.026411409876149802,0.46753103065164736,-0.09724933140229533,0.059018905225647664,0.22689431300360796
167,8057aecda449f6180a69791f1934ff5b,ETH|Kraken|1778342340|1778349540,ETH,Kraken,buy,BASIS_DISLOCATION|ETH|Kraken|buy,3,6,1778342340.0,120.0,42.50243040569734,1,-20.626605918828464,-1.274489638267191,0.7528695366608494,0.2356205115238402,0.3284787709127041,-0.04633573009102258,0.3035189034259975,0.006861342087204465,-0.41756956686773367,-0.2780428949355556,0.18393671077720272,0.37570802636426814
168,877f69f59f14f2b301d947086eb8f916,ETH|Kraken|1778342340|1778349540,ETH,Kraken,buy,BASIS_DISLOCATION|ETH|Kraken|buy,4,6,1778342340.0,120.0,42.50243040569734,1,-12.958951714879433,0.3165135405896345,0.7115042861728382,0.8536803882277193,-0.8014187817481592,0.1541894383781763,-0.5887896719513266,-0.45888579601243695,0.5279139867159804,0.3535906607995907,-0.035113316657170685,-0.09588639208010331
169,e6beff249d6bdd17785a4506372f3823,ETH|Kraken|1778342340|1778349540,ETH,Kraken,buy,BASIS_DISLOCATION|ETH|Kraken|buy,5,6,1778342340.0,120.0,42.50243040569734,1,-12.4190121789963,-1.438496075966321,-0.31873893897353345,0.44011653533857414,0.06696734517378482,0.15159458163479267,0.11966459482711844,0.5529650329528703,-0.2546587390255198,0.1028513814825767,-0.10512960129310049,0.010033565579513385
170,4d10c27e5e4f6dd860f7439963f62824,ETH|Kraken|1778340540|1778348640,ETH,Kraken,buy,RELATIVE_STRENGTH|ETH|Kraken|buy,0,6,1778340540.0,135.0,75.63271504748039,1,-18.77262718051661,-1.4211308127582214,0.4710522504287054,-0.49557006977117424,0.271405230572845,0.14303014255441188,-0.3588409465186169,0.04261187458207578,0.5870885259520785,-0.2709406579225411,0.11241168198004413,0.056490276332092845
171,50d8bb0d1b5c2f3b0f95cf89e8e672ec,ETH|Kraken|1778340540|1778348640,ETH,Kraken,buy,RELATIVE_STRENGTH|ETH|Kraken|buy,1,6,1778340540.0,135.0,75.63271504748039,1,-19.19172324696839,-0.6799179432916705,-0.5355385044175085,0.025516470140335798,-0.361326598859766,0.6150685655442955,0.3486381709036309,-0.0730030418850166,0.27638232626232523,-0.41418730070669385,-0.2484780476877425,-0.21113575171166635
172,a6d6e20ce28fc6b6976d0dde971d6a59,ETH|Kraken|1778340540|1778348640,ETH,Kraken,buy,RELATIVE_STRENGTH|ETH|Kraken|buy,2,6,1778340540.0,135.0,75.63271504748039,1,10.646886141084474,-1.162158260078049,0.23206836846580983,0.45194497706587017,0.5706159585318084,-0.33843675148203567,0.10447528982758222,0.3438068666865305,-0.23541486281566937,-0.028385589746354956,-0.39670197593870277,-0.18847198089705514
173,05cdf6645a97e47355aed88e1f61e025,ETH|Kraken|1778340540|1778348640,ETH,Kraken,buy,RELATIVE_STRENGTH|ETH|Kraken|buy,3,6,1778340540.0,135.0,75.63271504748039,1,-13.193012645089459,-0.8349336601471915,-0.34321248305277113,-0.8527133629743887,0.3709062481151032,0.0893120898895008,-0.14382694683601074,-0.5737703801571953,-0.5399063108305571,-0.018181161556285824,-0.04515828855974514,0.1043143610213158
174,52126d54d98a764abc56a53a6b158d86,ETH|Kraken|1778340540|1778348640,ETH,Kraken,buy,RELATIVE_STRENGTH|ETH|Kraken|buy,4,6,1778340540.0,135.0,75.63271504748039,1,-20.626605918828464,-1.274489638267191,0.7528695366608494,0.2356205115238402,0.3284787709127041,-0.04633573009102258,0.3035189034259975,0.006861342087204465,-0.41756956686773367,-0.2780428949355556,0.18393671077720272,0.37570802636426814
175,d12fa6fb0be2a805691a975a097546dd,ETH|Kraken|1778340540|1778348640,ETH,Kraken,buy,RELATIVE_STRENGTH|ETH|Kraken|buy,5,6,1778340540.0,135.0,75.63271504748039,1,-13.44623389944078,0.9617452247484604,-0.4932081398798128,0.9538003505992289,-1.1233818312289792,0.01886048129115288,-0.119465897618511,0.18793673460577912,0.12975977117202503,-0.30420812078819115,-0.5437619345596204,0.5333151913457896
176,4ef910101071a5e08886742faa98b85b,ETH|Kraken|1778341440|1778348640,ETH,Kraken,buy,RELATIVE_STRENGTH|ETH|Kraken|buy,0,5,1778341440.0,120.0,62.59884758862537,1,-19.078678519426546,-0.8750404637388453,-0.49545231376315957,-0.17683374291729057,-1.0477930554079677,0.5520208621134034,-0.09977085798406363,0.264774822933764,-0.11012150817078274,0.34720793978672737,0.5751647595511444,0.016213386869798646
177,73beed4d13fbff83335290422bb15d4c,ETH|Kraken|1778341440|1778348640,ETH,Kraken,buy,RELATIVE_STRENGTH|ETH|Kraken|buy,1,5,1778341440.0,120.0,62.59884758862537,1,10.646886141084474,-1.162158260078049,0.23206836846580983,0.45194497706587017,0.5706159585318084,-0.33843675148203567,0.10447528982758222,0.3438068666865305,-0.23541486281566937,-0.028385589746354956,-0.39670197593870277,-0.18847198089705514
178,39c1fcd81ef4954baeeb055cb6bd9bc1,ETH|Kraken|1778341440|1778348640,ETH,Kraken,buy,RELATIVE_STRENGTH|ETH|Kraken|buy,2,5,1778341440.0,120.0,62.59884758862537,1,-13.193012645089459,-0.8349336601471915,-0.34321248305277113,-0.8527133629743887,0.3709062481151032,0.0893120898895008,-0.14382694683601074,-0.5737703801571953,-0.5399063108305571,-0.018181161556285824,-0.04515828855974514,0.1043143610213158
179,6cb81cc6eb8e211d956a3333145951e5,ETH|Kraken|1778341440|1778348640,ETH,Kraken,buy,RELATIVE_STRENGTH|ETH|Kraken|buy,3,5,1778341440.0,120.0,62.59884758862537,1,-20.626605918828464,-1.274489638267191,0.7528695366608494,0.2356205115238402,0.3284787709127041,-0.04633573009102258,0.3035189034259975,0.006861342087204465,-0.41756956686773367,-0.2780428949355556,0.18393671077720272,0.37570802636426814
180,fcfc4f227ae094e525af71d6fef04518,ETH|Kraken|1778341440|1778348640,ETH,Kraken,buy,RELATIVE_STRENGTH|ETH|Kraken|buy,4,5,1778341440.0,120.0,62.59884758862537,1,-13.44623389944078,0.9617452247484604,-0.4932081398798128,0.9538003505992289,-1.1233818312289792,0.01886048129115288,-0.119465897618511,0.18793673460577912,0.12975977117202503,-0.30420812078819115,-0.5437619345596204,0.5333151913457896
181,abdab2f06258f742fda59448580c69fa,ETH|Kraken|1778342340|1778348640,ETH,Kraken,buy,RELATIVE_STRENGTH|ETH|Kraken|buy,0,5,1778342340.0,105.0,46.990151596892694,1,-18.38152195627906,-1.183823679369179,-0.61295648746359,-0.05246006370019988,0.429594242331115,-0.013561962432917503,0.7180867031744257,0.1728316432306797,-0.21783994224538022,0.19523261277553836,0.09320210020441863,0.15068634720323645
182,948b74711d86826da6a46eb897c345cd,ETH|Kraken|1778342340|1778348640,ETH,Kraken,buy,RELATIVE_STRENGTH|ETH|Kraken|buy,1,5,1778342340.0,105.0,46.990151596892694,1,10.897765859203394,-1.0206798136435442,-0.44967422890751724,0.602845455446331,0.5403069703190594,-0.344698710500385,0.04836983410926589,0.3890305158338341,-0.33076803567662244,-0.036035962366627115,-0.06146070563346053,-0.007488160793834128
183,1c4f95826e7d6400ad8d08a44fd6edc7,ETH|Kraken|1778342340|1778348640,ETH,Kraken,buy,RELATIVE_STRENGTH|ETH|Kraken|buy,2,5,1778342340.0,105.0,46.990151596892694,1,-13.226144107125698,-0.9823608794516495,-0.34738001674839325,-0.7701902040462738,0.5666471343742633,-0.23904898166357944,-0.006993998131542644,-0.026411409876149802,0.46753103065164736,-0.09724933140229533,0.059018905225647664,0.22689431300360796
184,5465516fef74042cf8b6651cda912f6c,ETH|Kraken|1778342340|1778348640,ETH,Kraken,buy,RELATIVE_STRENGTH|ETH|Kraken|buy,3,5,1778342340.0,105.0,46.990151596892694,1,-20.626605918828464,-1.274489638267191,0.7528695366608494,0.2356205115238402,0.3284787709127041,-0.04633573009102258,0.3035189034259975,0.006861342087204465,-0.41756956686773367,-0.2780428949355556,0.18393671077720272,0.37570802636426814
185,12696582b5d9d020447f6f99cfde7116,ETH|Kraken|1778342340|1778348640,ETH,Kraken,buy,RELATIVE_STRENGTH|ETH|Kraken|buy,4,5,1778342340.0,105.0,46.990151596892694,1,-13.44623389944078,0.9617452247484604,-0.4932081398798128,0.9538003505992289,-1.1233818312289792,0.01886048129115288,-0.119465897618511,0.18793673460577912,0.12975977117202503,-0.30420812078819115,-0.5437619345596204,0.5333151913457896
186,f01a9af7eab55a01a2e1f2cb324eef44,ETH|Kraken|1778345940|1778348640,ETH,Kraken,buy,RELATIVE_STRENGTH|ETH|Kraken|buy,0,1,1778345940.0,45.0,33.03472300040616,1,-14.11527524294098,5.541344040861343,-0.7036527453094886,2.1192018530075143,-0.44842307246816,-0.8497460398557424,-0.033831030436324606,-0.16293055040414534,-0.06265619069599496,-0.48220379944938513,-0.2968663685273514,0.2273334136047684
187,ac73889f96936c72e58b095fbfca28d6,ETH|Kraken|1778339640|1778352240,ETH,Kraken,buy,VOL_BREAKOUT|ETH|Kraken|buy,0,10,1778339640.0,210.0,111.7214456617553,1,-19.10240258625672,-0.059706319336782346,0.54922960131053,0.11791868267973855,-1.249490511745322,-0.03583269380531592,-0.2806441475869889,-0.25078138915688114,0.37156945299147026,0.00911447951577962,-0.09122334033127227,-0.35530255298707625
188,21e0b41b99dddad1ecdb53180ef1040c,ETH|Kraken|1778339640|1778352240,ETH,Kraken,buy,VOL_BREAKOUT|ETH|Kraken|buy,1,10,1778339640.0,210.0,111.7214456617553,1,-19.19172324696839,-0.6799179432916705,-0.5355385044175085,0.025516470140335798,-0.361326598859766,0.6150685655442955,0.3486381709036309,-0.0730030418850166,0.27638232626232523,-0.41418730070669385,-0.2484780476877425,-0.21113575171166635
189,94120230f45ef8f005c8a4c1e5a685e4,ETH|Kraken|1778339640|1778352240,ETH,Kraken,buy,VOL_BREAKOUT|ETH|Kraken|buy,2,10,1778339640.0,210.0,111.7214456617553,1,10.646886141084474,-1.162158260078049,0.23206836846580983,0.45194497706587017,0.5706159585318084,-0.33843675148203567,0.10447528982758222,0.3438068666865305,-0.23541486281566937,-0.028385589746354956,-0.39670197593870277,-0.18847198089705514
190,cb849a1a516be768732304daed907d71,ETH|Kraken|1778339640|1778352240,ETH,Kraken,buy,VOL_BREAKOUT|ETH|Kraken|buy,3,10,1778339640.0,210.0,111.7214456617553,1,-13.193012645089459,-0.8349336601471915,-0.34321248305277113,-0.8527133629743887,0.3709062481151032,0.0893120898895008,-0.14382694683601074,-0.5737703801571953,-0.5399063108305571,-0.018181161556285824,-0.04515828855974514,0.1043143610213158
191,dfdfd43e9e6c2836915cf64b87045610,ETH|Kraken|1778339640|1778352240,ETH,Kraken,buy,VOL_BREAKOUT|ETH|Kraken|buy,4,10,1778339640.0,210.0,111.7214456617553,1,-20.626605918828464,-1.274489638267191,0.7528695366608494,0.2356205115238402,0.3284787709127041,-0.04633573009102258,0.3035189034259975,0.006861342087204465,-0.41756956686773367,-0.2780428949355556,0.18393671077720272,0.37570802636426814
192,421d1b4818345307db31c4a4acbfea52,ETH|Kraken|1778339640|1778352240,ETH,Kraken,buy,VOL_BREAKOUT|ETH|Kraken|buy,5,10,1778339640.0,210.0,111.7214456617553,1,-12.958951714879433,0.3165135405896345,0.7115042861728382,0.8536803882277193,-0.8014187817481592,0.1541894383781763,-0.5887896719513266,-0.45888579601243695,0.5279139867159804,0.3535906607995907,-0.035113316657170685,-0.09588639208010331
193,ed7a6fe7eeac445b83e707f99c29e844,ETH|Kraken|1778339640|1778352240,ETH,Kraken,buy,VOL_BREAKOUT|ETH|Kraken|buy,6,10,1778339640.0,210.0,111.7214456617553,1,-15.23025801065379,-1.5711959235741502,-0.7038888817045189,0.18695422912935902,-0.052999560109114364,0.38728740839179543,0.4215481945186277,-0.039668903987946626,-0.09126454847350698,-0.39817516159356364,-0.05967357834066164,-0.3455304916840139
194,0b7ca3e9c9181c6ed6624f6d00eeabe2,ETH|Kraken|1778339640|1778352240,ETH,Kraken,buy,VOL_BREAKOUT|ETH|Kraken|buy,7,10,1778339640.0,210.0,111.7214456617553,1,-48.25994844165185,-1.7143086729558308,-0.38328874346671243,0.40360888344972884,0.5057250808387048,-0.27612437318672584,0.03157172590484903,0.1906909513680225,0.34127409003337966,-0.03330187289131514,0.42200408847353654,0.19651166775547685
195,800165ee50094d24f73ddeef70a2f5b0,ETH|Kraken|1778339640|1778352240,ETH,Kraken,buy,VOL_BREAKOUT|ETH|Kraken|buy,8,10,1778339640.0,210.0,111.7214456617553,1,-20.865989382454707,4.074690185476562,-0.7082983078499303,2.288233263832235,0.8476971294057535,-0.3048683179935692,-0.03178591466505712,0.09544867479592573,0.19326353006329544,0.17634389239717144,-0.22465536912696793,-0.12192915384596957
196,7392499de9adc09af0d42b5ac3149775,ETH|Kraken|1778339640|1778352240,ETH,Kraken,buy,VOL_BREAKOUT|ETH|Kraken|buy,9,10,1778339640.0,210.0,111.7214456617553,1,-13.923761508332435,-1.2005121933095837,-0.4526998019711873,-0.571386159969672,0.5248134267608526,-0.3618915686930195,-0.0022939527716226713,0.34661729459775215,-0.0925237915101191,-0.24887536653290077,0.33760634376924087,0.028704671222063535
197,258755a8e3281e60c93a3ec36e3326c5,ETH|Kraken|1778340540|1778352240,ETH,Kraken,buy,VOL_BREAKOUT|ETH|Kraken|buy,0,10,1778340540.0,195.0,78.74844725201378,1,-18.77262718051661,-1.4211308127582214,0.4710522504287054,-0.49557006977117424,0.271405230572845,0.14303014255441188,-0.3588409465186169,0.04261187458207578,0.5870885259520785,-0.2709406579225411,0.11241168198004413,0.056490276332092845
198,68b9b6dbecac8dc16cefb4b061476dd3,ETH|Kraken|1778340540|1778352240,ETH,Kraken,buy,VOL_BREAKOUT|ETH|Kraken|buy,1,10,1778340540.0,195.0,78.74844725201378,1,-19.19172324696839,-0.6799179432916705,-0.5355385044175085,0.025516470140335798,-0.361326598859766,0.6150685655442955,0.3486381709036309,-0.0730030418850166,0.27638232626232523,-0.41418730070669385,-0.2484780476877425,-0.21113575171166635
199,f802ed5585a359b421d10ad6d892c7b4,ETH|Kraken|1778340540|1778352240,ETH,Kraken,buy,VOL_BREAKOUT|ETH|Kraken|buy,2,10,1778340540.0,195.0,78.74844725201378,1,10.646886141084474,-1.162158260078049,0.23206836846580983,0.45194497706587017,0.5706159585318084,-0.33843675148203567,0.10447528982758222,0.3438068666865305,-0.23541486281566937,-0.028385589746354956,-0.39670197593870277,-0.18847198089705514
200,7d75a01ad69352ed1d67b4625f6c9358,ETH|Kraken|1778340540|1778352240,ETH,Kraken,buy,VOL_BREAKOUT|ETH|Kraken|buy,3,10,1778340540.0,195.0,78.74844725201378,1,-13.193012645089459,-0.8349336601471915,-0.34321248305277113,-0.8527133629743887,0.3709062481151032,0.0893120898895008,-0.14382694683601074,-0.5737703801571953,-0.5399063108305571,-0.018181161556285824,-0.04515828855974514,0.1043143610213158
201,015025c15e25b6c33fb743db67789bd6,ETH|Kraken|1778340540|1778352240,ETH,Kraken,buy,VOL_BREAKOUT|ETH|Kraken|buy,4,10,1778340540.0,195.0,78.74844725201378,1,-20.626605918828464,-1.274489638267191,0.7528695366608494,0.2356205115238402,0.3284787709127041,-0.04633573009102258,0.3035189034259975,0.006861342087204465,-0.41756956686773367,-0.2780428949355556,0.18393671077720272,0.37570802636426814
202,6dbd19222c0d93f3cfa710dd07e0f402,ETH|Kraken|1778340540|1778352240,ETH,Kraken,buy,VOL_BREAKOUT|ETH|Kraken|buy,5,10,1778340540.0,195.0,78.74844725201378,1,-12.958951714879433,0.3165135405896345,0.7115042861728382,0.8536803882277193,-0.8014187817481592,0.1541894383781763,-0.5887896719513266,-0.45888579601243695,0.5279139867159804,0.3535906607995907,-0.035113316657170685,-0.09588639208010331
203,ada2f98feb7af87fc5a81a1b2ef32304,ETH|Kraken|1778340540|1778352240,ETH,Kraken,buy,VOL_BREAKOUT|ETH|Kraken|buy,6,10,1778340540.0,195.0,78.74844725201378,1,-15.23025801065379,-1.5711959235741502,-0.7038888817045189,0.18695422912935902,-0.052999560109114364,0.38728740839179543,0.4215481945186277,-0.039668903987946626,-0.09126454847350698,-0.39817516159356364,-0.05967357834066164,-0.3455304916840139
204,230d1b0db443e1f384735c70d7d4a65a,ETH|Kraken|1778340540|1778352240,ETH,Kraken,buy,VOL_BREAKOUT|ETH|Kraken|buy,7,10,1778340540.0,195.0,78.74844725201378,1,-48.25994844165185,-1.7143086729558308,-0.38328874346671243,0.40360888344972884,0.5057250808387048,-0.27612437318672584,0.03157172590484903,0.1906909513680225,0.34127409003337966,-0.03330187289131514,0.42200408847353654,0.19651166775547685
205,b62166efcfda4fd042ed32c29a1eec01,ETH|Kraken|1778340540|1778352240,ETH,Kraken,buy,VOL_BREAKOUT|ETH|Kraken|buy,8,10,1778340540.0,195.0,78.74844725201378,1,-20.865989382454707,4.074690185476562,-0.7082983078499303,2.288233263832235,0.8476971294057535,-0.3048683179935692,-0.03178591466505712,0.09544867479592573,0.19326353006329544,0.17634389239717144,-0.22465536912696793,-0.12192915384596957
206,6a2a8dff660d9130e59c5ae61436c657,ETH|Kraken|1778340540|1778352240,ETH,Kraken,buy,VOL_BREAKOUT|ETH|Kraken|buy,9,10,1778340540.0,195.0,78.74844725201378,1,-13.923761508332435,-1.2005121933095837,-0.4526998019711873,-0.571386159969672,0.5248134267608526,-0.3618915686930195,-0.0022939527716226713,0.34661729459775215,-0.0925237915101191,-0.24887536653290077,0.33760634376924087,0.028704671222063535
207,38062f056766d11d390677e741fe5d88,ETH|Kraken|1778341440|1778352240,ETH,Kraken,buy,VOL_BREAKOUT|ETH|Kraken|buy,0,9,1778341440.0,180.0,65.7105528202955,1,-19.078678519426546,-0.8750404637388453,-0.49545231376315957,-0.17683374291729057,-1.0477930554079677,0.5520208621134034,-0.09977085798406363,0.264774822933764,-0.11012150817078274,0.34720793978672737,0.5751647595511444,0.016213386869798646
208,43ee428431f5126ab423fb413a688993,ETH|Kraken|1778341440|1778352240,ETH,Kraken,buy,VOL_BREAKOUT|ETH|Kraken|buy,1,9,1778341440.0,180.0,65.7105528202955,1,10.646886141084474,-1.162158260078049,0.23206836846580983,0.45194497706587017,0.5706159585318084,-0.33843675148203567,0.10447528982758222,0.3438068666865305,-0.23541486281566937,-0.028385589746354956,-0.39670197593870277,-0.18847198089705514
209,309cd0af8aadad2b231f1d519e499316,ETH|Kraken|1778341440|1778352240,ETH,Kraken,buy,VOL_BREAKOUT|ETH|Kraken|buy,2,9,1778341440.0,180.0,65.7105528202955,1,-13.193012645089459,-0.8349336601471915,-0.34321248305277113,-0.8527133629743887,0.3709062481151032,0.0893120898895008,-0.14382694683601074,-0.5737703801571953,-0.5399063108305571,-0.018181161556285824,-0.04515828855974514,0.1043143610213158
210,3a483e449c609bd7ee7f08ed9c589444,ETH|Kraken|1778341440|1778352240,ETH,Kraken,buy,VOL_BREAKOUT|ETH|Kraken|buy,3,9,1778341440.0,180.0,65.7105528202955,1,-20.626605918828464,-1.274489638267191,0.7528695366608494,0.2356205115238402,0.3284787709127041,-0.04633573009102258,0.3035189034259975,0.006861342087204465,-0.41756956686773367,-0.2780428949355556,0.18393671077720272,0.37570802636426814
211,5e407789179e5a92f62591f36c7e434e,ETH|Kraken|1778341440|1778352240,ETH,Kraken,buy,VOL_BREAKOUT|ETH|Kraken|buy,4,9,1778341440.0,180.0,65.7105528202955,1,-12.958951714879433,0.3165135405896345,0.7115042861728382,0.8536803882277193,-0.8014187817481592,0.1541894383781763,-0.5887896719513266,-0.45888579601243695,0.5279139867159804,0.3535906607995907,-0.035113316657170685,-0.09588639208010331
212,7690c988edb5ae0adcde210ce861faf7,ETH|Kraken|1778341440|1778352240,ETH,Kraken,buy,VOL_BREAKOUT|ETH|Kraken|buy,5,9,1778341440.0,180.0,65.7105528202955,1,-15.23025801065379,-1.5711959235741502,-0.7038888817045189,0.18695422912935902,-0.052999560109114364,0.38728740839179543,0.4215481945186277,-0.039668903987946626,-0.09126454847350698,-0.39817516159356364,-0.05967357834066164,-0.3455304916840139
213,68d911c7c67f960e13dde0d4b0055041,ETH|Kraken|1778341440|1778352240,ETH,Kraken,buy,VOL_BREAKOUT|ETH|Kraken|buy,6,9,1778341440.0,180.0,65.7105528202955,1,-48.25994844165185,-1.7143086729558308,-0.38328874346671243,0.40360888344972884,0.5057250808387048,-0.27612437318672584,0.03157172590484903,0.1906909513680225,0.34127409003337966,-0.03330187289131514,0.42200408847353654,0.19651166775547685
214,fd02a0e14dcfdad95e758a9fe861ab24,ETH|Kraken|1778341440|1778352240,ETH,Kraken,buy,VOL_BREAKOUT|ETH|Kraken|buy,7,9,1778341440.0,180.0,65.7105528202955,1,-20.865989382454707,4.074690185476562,-0.7082983078499303,2.288233263832235,0.8476971294057535,-0.3048683179935692,-0.03178591466505712,0.09544867479592573,0.19326353006329544,0.17634389239717144,-0.22465536912696793,-0.12192915384596957
215,068e1a6625382d1e7a121425f3ec5885,ETH|Kraken|1778341440|1778352240,ETH,Kraken,buy,VOL_BREAKOUT|ETH|Kraken|buy,8,9,1778341440.0,180.0,65.7105528202955,1,-13.923761508332435,-1.2005121933095837,-0.4526998019711873,-0.571386159969672,0.5248134267608526,-0.3618915686930195,-0.0022939527716226713,0.34661729459775215,-0.0925237915101191,-0.24887536653290077,0.33760634376924087,0.028704671222063535
216,5aaa50dbbb3e0689aead1bf8f7c8b2b7,ETH|Kraken|1778342340|1778352240,ETH,Kraken,buy,VOL_BREAKOUT|ETH|Kraken|buy,0,9,1778342340.0,165.0,50.09703549848872,1,-18.38152195627906,-1.183823679369179,-0.61295648746359,-0.05246006370019988,0.429594242331115,-0.013561962432917503,0.7180867031744257,0.1728316432306797,-0.21783994224538022,0.19523261277553836,0.09320210020441863,0.15068634720323645
217,a5f03a8509e3f6a1fcae47a1f7be27d6,ETH|Kraken|1778342340|1778352240,ETH,Kraken,buy,VOL_BREAKOUT|ETH|Kraken|buy,1,9,1778342340.0,165.0,50.09703549848872,1,10.897765859203394,-1.0206798136435442,-0.44967422890751724,0.602845455446331,0.5403069703190594,-0.344698710500385,0.04836983410926589,0.3890305158338341,-0.33076803567662244,-0.036035962366627115,-0.06146070563346053,-0.007488160793834128
218,d92e47b42013bb228ebd35c8f493f76f,ETH|Kraken|1778342340|1778352240,ETH,Kraken,buy,VOL_BREAKOUT|ETH|Kraken|buy,2,9,1778342340.0,165.0,50.09703549848872,1,-13.226144107125698,-0.9823608794516495,-0.34738001674839325,-0.7701902040462738,0.5666471343742633,-0.23904898166357944,-0.006993998131542644,-0.026411409876149802,0.46753103065164736,-0.09724933140229533,0.059018905225647664,0.22689431300360796
219,b649c81a73c911a9933a364b8d9da96a,ETH|Kraken|1778342340|1778352240,ETH,Kraken,buy,VOL_BREAKOUT|ETH|Kraken|buy,3,9,1778342340.0,165.0,50.09703549848872,1,-20.626605918828464,-1.274489638267191,0.7528695366608494,0.2356205115238402,0.3284787709127041,-0.04633573009102258,0.3035189034259975,0.006861342087204465,-0.41756956686773367,-0.2780428949355556,0.18393671077720272,0.37570802636426814
220,43dc0e1fdb733511f6ad5e0d6d5790e1,ETH|Kraken|1778342340|1778352240,ETH,Kraken,buy,VOL_BREAKOUT|ETH|Kraken|buy,4,9,1778342340.0,165.0,50.09703549848872,1,-12.958951714879433,0.3165135405896345,0.7115042861728382,0.8536803882277193,-0.8014187817481592,0.1541894383781763,-0.5887896719513266,-0.45888579601243695,0.5279139867159804,0.3535906607995907,-0.035113316657170685,-0.09588639208010331
221,a19cbe8f99ee9ea7e7b2aa11209102c4,ETH|Kraken|1778342340|1778352240,ETH,Kraken,buy,VOL_BREAKOUT|ETH|Kraken|buy,5,9,1778342340.0,165.0,50.09703549848872,1,-15.23025801065379,-1.5711959235741502,-0.7038888817045189,0.18695422912935902,-0.052999560109114364,0.38728740839179543,0.4215481945186277,-0.039668903987946626,-0.09126454847350698,-0.39817516159356364,-0.05967357834066164,-0.3455304916840139
222,ed1857b2b3fdc9d49deec4fe3c8860f7,ETH|Kraken|1778342340|1778352240,ETH,Kraken,buy,VOL_BREAKOUT|ETH|Kraken|buy,6,9,1778342340.0,165.0,50.09703549848872,1,-48.25994844165185,-1.7143086729558308,-0.38328874346671243,0.40360888344972884,0.5057250808387048,-0.27612437318672584,0.03157172590484903,0.1906909513680225,0.34127409003337966,-0.03330187289131514,0.42200408847353654,0.19651166775547685
223,85c5156a814eca6fad4703d923d4da20,ETH|Kraken|1778342340|1778352240,ETH,Kraken,buy,VOL_BREAKOUT|ETH|Kraken|buy,7,9,1778342340.0,165.0,50.09703549848872,1,-20.865989382454707,4.074690185476562,-0.7082983078499303,2.288233263832235,0.8476971294057535,-0.3048683179935692,-0.03178591466505712,0.09544867479592573,0.19326353006329544,0.17634389239717144,-0.22465536912696793,-0.12192915384596957
224,51efa8890c3beec15fbf1e45017b08bf,ETH|Kraken|1778342340|1778352240,ETH,Kraken,buy,VOL_BREAKOUT|ETH|Kraken|buy,8,9,1778342340.0,165.0,50.09703549848872,1,-13.923761508332435,-1.2005121933095837,-0.4526998019711873,-0.571386159969672,0.5248134267608526,-0.3618915686930195,-0.0022939527716226713,0.34661729459775215,-0.0925237915101191,-0.24887536653290077,0.33760634376924087,0.028704671222063535
225,1ee8692cd14796c590d8bdf484588a32,ETH|Kraken|1778345940|1778352240,ETH,Kraken,buy,VOL_BREAKOUT|ETH|Kraken|buy,0,6,1778345940.0,105.0,36.13710122316003,1,-20.944357005410726,1.1393654649520544,-0.5242979910340149,1.402012383174375,0.3604404363518078,0.05946485527241426,0.011797312696351677,-0.2093817406154401,-0.07673222601784875,0.10519106730888139,-0.07288042394920938,-0.21962345086007776
226,d95d5889b73ba73fa2bcf843ac9d556f,ETH|Kraken|1778345940|1778352240,ETH,Kraken,buy,VOL_BREAKOUT|ETH|Kraken|buy,1,6,1778345940.0,105.0,36.13710122316003,1,-7.0497501550600195,-0.5209341828512485,1.1480966893766897,-0.0852822469777294,0.19655905126586626,0.35012468117863194,-0.07913664242907575,-0.25154228962410324,-0.00981899262028211,-0.1625969103450556,-0.5300417041658385,0.48052241036482907
227,492f2fdc95fa59d4ba6acfd9e060650b,ETH|Kraken|1778345940|1778352240,ETH,Kraken,buy,VOL_BREAKOUT|ETH|Kraken|buy,2,6,1778345940.0,105.0,36.13710122316003,1,-15.23025801065379,-1.5711959235741502,-0.7038888817045189,0.18695422912935902,-0.052999560109114364,0.38728740839179543,0.4215481945186277,-0.039668903987946626,-0.09126454847350698,-0.39817516159356364,-0.05967357834066164,-0.3455304916840139
228,b16de783e3e9fc32b4246ed745c2b9aa,ETH|Kraken|1778345940|1778352240,ETH,Kraken,buy,VOL_BREAKOUT|ETH|Kraken|buy,3,6,1778345940.0,105.0,36.13710122316003,1,-48.25994844165185,-1.7143086729558308,-0.38328874346671243,0.40360888344972884,0.5057250808387048,-0.27612437318672584,0.03157172590484903,0.1906909513680225,0.34127409003337966,-0.03330187289131514,0.42200408847353654,0.19651166775547685
229,be28d2059b9be8bbbead330160b14f8d,ETH|Kraken|1778345940|1778352240,ETH,Kraken,buy,VOL_BREAKOUT|ETH|Kraken|buy,4,6,1778345940.0,105.0,36.13710122316003,1,-20.865989382454707,4.074690185476562,-0.7082983078499303,2.288233263832235,0.8476971294057535,-0.3048683179935692,-0.03178591466505712,0.09544867479592573,0.19326353006329544,0.17634389239717144,-0.22465536912696793,-0.12192915384596957
230,7e718239cd80064ccca65232b50dfe68,ETH|Kraken|1778345940|1778352240,ETH,Kraken,buy,VOL_BREAKOUT|ETH|Kraken|buy,5,6,1778345940.0,105.0,36.13710122316003,1,-13.923761508332435,-1.2005121933095837,-0.4526998019711873,-0.571386159969672,0.5248134267608526,-0.3618915686930195,-0.0022939527716226713,0.34661729459775215,-0.0925237915101191,-0.24887536653290077,0.33760634376924087,0.028704671222063535
231,de015d4cf720cd680051f1b45dfebe36,ETH|Kraken|1778423340|1778429640,ETH,Kraken,buy,BASIS_DISLOCATION|ETH|Kraken|buy,0,6,1778423340.0,105.0,69.46060271789099,1,-32.51405736089812,1.2776576776178745,-0.9485771056210993,1.079624066449427,0.5390512823356537,-0.028980904012930617,0.4653758923100342,-0.17729219394020165,0.05959239142059185,-0.2932971245319578,-0.45852468392281764,0.22309369761308365
232,551d89a284b4254dcd0593dade9ab988,ETH|Kraken|1778423340|1778429640,ETH,Kraken,buy,BASIS_DISLOCATION|ETH|Kraken|buy,1,6,1778423340.0,105.0,69.46060271789099,1,-15.417684022429114,0.5753490033013196,-0.5575730910372744,-0.4253322069916834,0.7148788884521043,-0.3661051076397105,-0.1482383708048054,0.18096354400577885,0.060325006845526885,-0.08323405032582341,-0.2485485942369028,-0.23084104132369807
233,d8b6e0b0ecd3493c89aba2c28473e296,ETH|Kraken|1778423340|1778429640,ETH,Kraken,buy,BASIS_DISLOCATION|ETH|Kraken|buy,2,6,1778423340.0,105.0,69.46060271789099,1,-17.49771542913797,-0.2993270064018443,0.057112316182448344,-0.6260890609229736,0.2359480515654171,0.18094908262650347,0.2640795601660457,-0.6235947856225641,-0.48411992039558,-0.4433558080122244,0.40346465191464603,0.2998012893484004
234,dee83856ba2866102858e7d180e7c0d6,ETH|Kraken|1778423340|1778429640,ETH,Kraken,buy,BASIS_DISLOCATION|ETH|Kraken|buy,3,6,1778423340.0,105.0,69.46060271789099,1,-14.581404846486949,-1.7680116736588751,-0.41826356900484474,-0.33000940342094087,0.6439740466084725,-0.3962353007744817,-0.18111973540281576,0.4231913170423915,-0.20487452321140634,0.17561114917864573,-0.42697063864384144,-0.10824358943840783
235,6067ec46422d69b421f246779dac0511,ETH|Kraken|1778423340|1778429640,ETH,Kraken,buy,BASIS_DISLOCATION|ETH|Kraken|buy,4,6,1778423340.0,105.0,69.46060271789099,1,-31.660800623022133,1.9604762355687855,-0.6830635978271828,1.584556840654181,0.7181902219373331,-0.2875975864186989,-0.0641035059591936,0.038762191592124316,0.4421179439514324,0.02478764201161577,0.23629876778144676,-0.06868960046310725
236,70c7cb5953c48af4209e77f7bacf3876,ETH|Kraken|1778423340|1778429640,ETH,Kraken,buy,BASIS_DISLOCATION|ETH|Kraken|buy,5,6,1778423340.0,105.0,69.46060271789099,1,-12.07967121203491,-1.1705706406966119,-0.7046279922177818,0.07532085369932917,0.05883920863603718,0.4227565906395378,0.235245500041732,-0.33550532259035476,-0.321201646011674,-0.04644100812550865,-0.1895519333723034,0.4159717748214339
237,830be72a398a18e913f9d2aac534c373,ETH|Kraken|1778425140|1778429640,ETH,Kraken,buy,BASIS_DISLOCATION|ETH|Kraken|buy,0,4,1778425140.0,75.0,57.738944319278886,2,-18.25020958991355,-0.26736429063537875,-0.6177346466568501,-0.2722415464359982,0.3957699013656942,0.10367207644186693,0.20441496592819783,-0.42889568552489077,-0.09066815328352892,0.1736637560918775,0.16901584166360928,0.3394755663941633
238,ec127fae7602d2641bd3cf453c93844f,ETH|Kraken|1778425140|1778429640,ETH,Kraken,buy,BASIS_DISLOCATION|ETH|Kraken|buy,1,4,1778425140.0,75.0,57.738944319278886,2,-14.21072813095491,-1.8249337136203077,-0.4993616217960958,-0.37105417296165927,0.227743759153274,0.08844086972852586,-0.21295502057593874,0.09953986319576914,-0.04822022181293317,0.13540995580105442,0.42886620593252966,0.16862261024579184
239,14eabdee3825fd9feef37e64aedeea13,ETH|Kraken|1778425140|1778429640,ETH,Kraken,buy,BASIS_DISLOCATION|ETH|Kraken|buy,2,4,1778425140.0,75.0,57.738944319278886,2,-31.660800623022133,1.9604762355687855,-0.6830635978271828,1.584556840654181,0.7181902219373331,-0.2875975864186989,-0.0641035059591936,0.038762191592124316,0.4421179439514324,0.02478764201161577,0.23629876778144676,-0.06868960046310725
240,9df82ed21c89ca787ee020045e2a3c90,ETH|Kraken|1778425140|1778429640,ETH,Kraken,buy,BASIS_DISLOCATION|ETH|Kraken|buy,3,4,1778425140.0,75.0,57.738944319278886,2,-12.07967121203491,-1.1705706406966119,-0.7046279922177818,0.07532085369932917,0.05883920863603718,0.4227565906395378,0.235245500041732,-0.33550532259035476,-0.321201646011674,-0.04644100812550865,-0.1895519333723034,0.4159717748214339
241,db9e201e11cea84af97ab4b4f1cab5ab,ETH|Kraken|1778426940|1778429640,ETH,Kraken,buy,BASIS_DISLOCATION|ETH|Kraken|buy,0,2,1778426940.0,45.0,39.28375304665077,2,-29.66316679225887,1.5249896949374275,3.328475013665576,1.7535847439427694,0.4992629750507474,0.007701451208172968,0.14106694496995437,-0.3687621785481645,0.1757860934328567,-0.07146313994960564,-0.009975502557988455,0.1800066156831056
242,ff07d5698a7b87398f44220b02a93029,ETH|Kraken|1778426940|1778429640,ETH,Kraken,buy,BASIS_DISLOCATION|ETH|Kraken|buy,1,2,1778426940.0,45.0,39.28375304665077,2,-12.549662067968697,-1.1159395214033407,-0.6743416563947785,0.03999993367653302,-0.5365154326923889,0.3500838149636137,0.02638183983476088,0.24991332330424001,0.5598640192863331,-0.18206087263497372,-0.02540635523462194,-0.323906703913731
243,fac8a59d7ee3d21c756561c9ef1abff4,ETH|Kraken|1778431440|1778437740,ETH,Kraken,buy,BASIS_DISLOCATION|ETH|Kraken|buy,0,5,1778431440.0,105.0,55.44775912632835,3,-18.123903252023084,-0.7438597477302649,1.8218646167325412,0.7031183877796321,0.3322017546972628,-0.06009407795885581,0.07280922182071815,-0.05639763992173387,0.08030436094506482,-0.17713657910859598,-0.13168179109455017,-0.5266244083007267
244,bf7805bbfa3d249b283697d822c13c60,ETH|Kraken|1778431440|1778437740,ETH,Kraken,buy,BASIS_DISLOCATION|ETH|Kraken|buy,1,5,1778431440.0,105.0,55.44775912632835,3,-21.823847556883482,-1.0360739556981493,0.02621707449066073,-0.4333765568827855,0.3729489381780543,0.14928507524738938,0.33902569750437744,-0.457754234281366,0.020727713652876827,0.08767776255710767,0.21875450261938373,0.18244684376091744
245,a6df11c635bfcbc2d96670a0eeee1893,ETH|Kraken|1778431440|1778437740,ETH,Kraken,buy,BASIS_DISLOCATION|ETH|Kraken|buy,2,5,1778431440.0,105.0,55.44775912632835,3,-14.443110236158844,0.7653931395066785,-0.9924393098316221,0.9848670745409844,0.16936831098359387,0.432122054360934,0.11750118151306499,-0.26384110529543925,0.6074340546825915,0.1106196669946748,0.13077024973077683,-0.022430052960696684
246,76be48b001cc425fc30e47c8737256a1,ETH|Kraken|1778431440|1778437740,ETH,Kraken,buy,BASIS_DISLOCATION|ETH|Kraken|buy,3,5,1778431440.0,105.0,55.44775912632835,3,-27.9099142250313,-1.103680423141014,-0.6896997754199929,0.4792810154410846,0.5738209376223069,-0.3555379167133659,-0.38435804081108305,0.15607390752130537,0.199813869465975,-0.17879244686745643,0.14267723270486535,0.3313301930698981
247,cd63c254c9ecbd6e94e538de86484f94,ETH|Kraken|1778431440|1778437740,ETH,Kraken,buy,BASIS_DISLOCATION|ETH|Kraken|buy,4,5,1778431440.0,105.0,55.44775912632835,3,-12.759028952862412,1.0158458919775741,-0.7142113324064353,0.5792524463557008,-1.0242678001954715,0.3399194067855719,-0.08844623097971124,0.13970664762692023,-0.17759937280420066,-0.207323840563487,0.03225208783263834,-0.5546103935384105
248,056bf9dca37764c9fd10e5477c585a29,ETH|Kraken|1778433240|1778437740,ETH,Kraken,buy,BASIS_DISLOCATION|ETH|Kraken|buy,0,3,1778433240.0,75.0,42.08282072130467,2,-18.407971721870272,-1.075758134461205,-0.6190695044293929,0.20255796097093004,-0.3700370366570938,0.5287381777487872,0.039434075462739755,-0.4740725834210742,-0.18083391137711136,0.03584622895837985,0.2271237972705221,-0.12014834290417414
249,8c238afa4757bc53bea7a8f280a86e17,ETH|Kraken|1778433240|1778437740,ETH,Kraken,buy,BASIS_DISLOCATION|ETH|Kraken|buy,1,3,1778433240.0,75.0,42.08282072130467,2,-28.009062507938427,-0.8409189937159721,-0.6368204251484685,0.5439142656565336,0.6139596906721343,-0.3623278804737109,-0.3129204331564677,0.2844042074096935,0.17684141019955502,-0.06813988847962985,0.12273249130410947,0.42141023809681966
250,ef7596e8402e3332d554bd56c4d2b4f8,ETH|Kraken|1778433240|1778437740,ETH,Kraken,buy,BASIS_DISLOCATION|ETH|Kraken|buy,2,3,1778433240.0,75.0,42.08282072130467,2,-12.821254235413711,1.1554527791514455,-0.7773920741331358,0.6463920552328047,-1.1566076450544065,-0.0378120214540778,-0.15510142484042047,0.05690830759932396,-0.18356893200811236,-0.11308610024121944,0.14269997246363508,-0.2617488612780634
251,146f837ac207709dbe52bfcbcf93bf31,ETH|Kraken|1778423340|1778430540,ETH,Kraken,buy,VOL_BREAKOUT|ETH|Kraken|buy,0,7,1778423340.0,120.0,65.16502670201157,1,-32.51405736089812,1.2776576776178745,-0.9485771056210993,1.079624066449427,0.5390512823356537,-0.028980904012930617,0.4653758923100342,-0.17729219394020165,0.05959239142059185,-0.2932971245319578,-0.45852468392281764,0.22309369761308365
252,e073e18396b6e9b04255e100fa3dba83,ETH|Kraken|1778423340|1778430540,ETH,Kraken,buy,VOL_BREAKOUT|ETH|Kraken|buy,1,7,1778423340.0,120.0,65.16502670201157,1,-15.417684022429114,0.5753490033013196,-0.5575730910372744,-0.4253322069916834,0.7148788884521043,-0.3661051076397105,-0.1482383708048054,0.18096354400577885,0.060325006845526885,-0.08323405032582341,-0.2485485942369028,-0.23084104132369807
253,65297fe51e91fe9e5bf1e34d84fadcc3,ETH|Kraken|1778423340|1778430540,ETH,Kraken,buy,VOL_BREAKOUT|ETH|Kraken|buy,2,7,1778423340.0,120.0,65.16502670201157,1,-17.49771542913797,-0.2993270064018443,0.057112316182448344,-0.6260890609229736,0.2359480515654171,0.18094908262650347,0.2640795601660457,-0.6235947856225641,-0.48411992039558,-0.4433558080122244,0.40346465191464603,0.2998012893484004
254,d9bc7a474183a8f8229d051407041906,ETH|Kraken|1778423340|1778430540,ETH,Kraken,buy,VOL_BREAKOUT|ETH|Kraken|buy,3,7,1778423340.0,120.0,65.16502670201157,1,-14.581404846486949,-1.7680116736588751,-0.41826356900484474,-0.33000940342094087,0.6439740466084725,-0.3962353007744817,-0.18111973540281576,0.4231913170423915,-0.20487452321140634,0.17561114917864573,-0.42697063864384144,-0.10824358943840783
255,f22203819cebae6d537855c59ba4ca31,ETH|Kraken|1778423340|1778430540,ETH,Kraken,buy,VOL_BREAKOUT|ETH|Kraken|buy,4,7,1778423340.0,120.0,65.16502670201157,1,-31.660800623022133,1.9604762355687855,-0.6830635978271828,1.584556840654181,0.7181902219373331,-0.2875975864186989,-0.0641035059591936,0.038762191592124316,0.4421179439514324,0.02478764201161577,0.23629876778144676,-0.06868960046310725
256,51afd150d6be0caa29ecc3e4a3dc6ad2,ETH|Kraken|1778423340|1778430540,ETH,Kraken,buy,VOL_BREAKOUT|ETH|Kraken|buy,5,7,1778423340.0,120.0,65.16502670201157,1,-11.456968606556327,-1.0494851345554717,1.9487483279322073,0.34268385036923893,0.41105683411525806,0.017172025092240084,0.45319453989905856,-0.09083666540607757,-0.20146583810469776,0.323209414958947,-0.016113618337297186,0.03830364890008981
257,003061529b3397bd9a2df9e680895590,ETH|Kraken|1778423340|1778430540,ETH,Kraken,buy,VOL_BREAKOUT|ETH|Kraken|buy,6,7,1778423340.0,120.0,65.16502670201157,1,-13.643879086261485,2.3193641490863754,-0.610241459003721,1.5053045951874102,0.4215307122132904,0.31810183527893493,-0.14616384921386907,-0.1492246413049902,0.388517605017507,0.46534929266333147,-0.523634662084383,-0.24049064495602746
258,b53bfa94d9e87b676edaf1d4556f3ec5,ETH|Kraken|1778425140|1778430540,ETH,Kraken,buy,VOL_BREAKOUT|ETH|Kraken|buy,0,5,1778425140.0,90.0,53.4486321210169,1,-18.25020958991355,-0.26736429063537875,-0.6177346466568501,-0.2722415464359982,0.3957699013656942,0.10367207644186693,0.20441496592819783,-0.42889568552489077,-0.09066815328352892,0.1736637560918775,0.16901584166360928,0.3394755663941633
259,ecef354b31d7f5f1fc54c32aa7a3ce22,ETH|Kraken|1778425140|1778430540,ETH,Kraken,buy,VOL_BREAKOUT|ETH|Kraken|buy,1,5,1778425140.0,90.0,53.4486321210169,1,-14.21072813095491,-1.8249337136203077,-0.4993616217960958,-0.37105417296165927,0.227743759153274,0.08844086972852586,-0.21295502057593874,0.09953986319576914,-0.04822022181293317,0.13540995580105442,0.42886620593252966,0.16862261024579184
260,997a0c7d63ffdd482ac0992eb4c9f2ad,ETH|Kraken|1778425140|1778430540,ETH,Kraken,buy,VOL_BREAKOUT|ETH|Kraken|buy,2,5,1778425140.0,90.0,53.4486321210169,1,-31.660800623022133,1.9604762355687855,-0.6830635978271828,1.584556840654181,0.7181902219373331,-0.2875975864186989,-0.0641035059591936,0.038762191592124316,0.4421179439514324,0.02478764201161577,0.23629876778144676,-0.06868960046310725
261,f70a46259128768326f591a3ef15380c,ETH|Kraken|1778425140|1778430540,ETH,Kraken,buy,VOL_BREAKOUT|ETH|Kraken|buy,3,5,1778425140.0,90.0,53.4486321210169,1,-11.456968606556327,-1.0494851345554717,1.9487483279322073,0.34268385036923893,0.41105683411525806,0.017172025092240084,0.45319453989905856,-0.09083666540607757,-0.20146583810469776,0.323209414958947,-0.016113618337297186,0.03830364890008981
262,6aec3334df246a3a62686f9f0867e9df,ETH|Kraken|1778425140|1778430540,ETH,Kraken,buy,VOL_BREAKOUT|ETH|Kraken|buy,4,5,1778425140.0,90.0,53.4486321210169,1,-13.643879086261485,2.3193641490863754,-0.610241459003721,1.5053045951874102,0.4215307122132904,0.31810183527893493,-0.14616384921386907,-0.1492246413049902,0.388517605017507,0.46534929266333147,-0.523634662084383,-0.24049064495602746
263,836567aab860d11de4434115539dd5d0,ETH|Kraken|1778426940|1778430540,ETH,Kraken,buy,VOL_BREAKOUT|ETH|Kraken|buy,0,3,1778426940.0,60.0,35.00130647282221,1,-29.66316679225887,1.5249896949374275,3.328475013665576,1.7535847439427694,0.4992629750507474,0.007701451208172968,0.14106694496995437,-0.3687621785481645,0.1757860934328567,-0.07146313994960564,-0.009975502557988455,0.1800066156831056
264,d87e10c50f80d67b2b5ed137690d43f9,ETH|Kraken|1778426940|1778430540,ETH,Kraken,buy,VOL_BREAKOUT|ETH|Kraken|buy,1,3,1778426940.0,60.0,35.00130647282221,1,-12.144211172509088,-0.9406457184606913,2.2539265988196298,0.27610483609256586,-0.3164464522367541,0.6728602978999996,0.2099893875539799,-0.22664153909017892,0.23117605023849433,0.19300086898195223,0.06569635567647103,0.2362193407589372
265,cafbca2a37378ba60eb58d3466514cde,ETH|Kraken|1778426940|1778430540,ETH,Kraken,buy,VOL_BREAKOUT|ETH|Kraken|buy,2,3,1778426940.0,60.0,35.00130647282221,1,-13.643879086261485,2.3193641490863754,-0.610241459003721,1.5053045951874102,0.4215307122132904,0.31810183527893493,-0.14616384921386907,-0.1492246413049902,0.388517605017507,0.46534929266333147,-0.523634662084383,-0.24049064495602746
266,524d61ee3201d82b4832592c55884a18,ETH|Kraken|1778427840|1778437740,ETH,Kraken,buy,VOL_BREAKOUT|ETH|Kraken|buy,0,7,1778427840.0,165.0,75.60195428122421,1,-18.958552544795065,2.1718079875824077,0.5514637539672731,1.4025876035641707,-0.32231865501799384,0.42015960191284807,0.12827815333013215,-0.10373947577445158,0.021756338066690434,-0.32317343328814624,-0.13181920357165583,0.19437274015114386
267,d09df61996e0cf4c71069011d1feded7,ETH|Kraken|1778427840|1778437740,ETH,Kraken,buy,VOL_BREAKOUT|ETH|Kraken|buy,1,7,1778427840.0,165.0,75.60195428122421,1,-14.141669717544604,0.9926434800969266,0.992606199834555,0.9146405664884559,-0.8981789054806749,-0.03490167572804074,-0.7420729687096763,-0.18326830582203665,-0.2745589768225375,0.5718245210994332,0.21982201485491953,0.022506716350011835
268,b74b5abcb865d14c2ca1f4e24c8a38f6,ETH|Kraken|1778427840|1778437740,ETH,Kraken,buy,VOL_BREAKOUT|ETH|Kraken|buy,2,7,1778427840.0,165.0,75.60195428122421,1,-18.123903252023084,-0.7438597477302649,1.8218646167325412,0.7031183877796321,0.3322017546972628,-0.06009407795885581,0.07280922182071815,-0.05639763992173387,0.08030436094506482,-0.17713657910859598,-0.13168179109455017,-0.5266244083007267
269,8963da5dcaa0cb7d22494fc52febd1c6,ETH|Kraken|1778427840|1778437740,ETH,Kraken,buy,VOL_BREAKOUT|ETH|Kraken|buy,3,7,1778427840.0,165.0,75.60195428122421,1,-21.823847556883482,-1.0360739556981493,0.02621707449066073,-0.4333765568827855,0.3729489381780543,0.14928507524738938,0.33902569750437744,-0.457754234281366,0.020727713652876827,0.08767776255710767,0.21875450261938373,0.18244684376091744
270,df01c1fb983b79c8bd2a36c8dd006165,ETH|Kraken|1778427840|1778437740,ETH,Kraken,buy,VOL_BREAKOUT|ETH|Kraken|buy,4,7,1778427840.0,165.0,75.60195428122421,1,-14.443110236158844,0.7653931395066785,-0.9924393098316221,0.9848670745409844,0.16936831098359387,0.432122054360934,0.11750118151306499,-0.26384110529543925,0.6074340546825915,0.1106196669946748,0.13077024973077683,-0.022430052960696684
271,9720f0a389cbdbc78b40d0f4267c98ab,ETH|Kraken|1778427840|1778437740,ETH,Kraken,buy,VOL_BREAKOUT|ETH|Kraken|buy,5,7,1778427840.0,165.0,75.60195428122421,1,-27.9099142250313,-1.103680423141014,-0.6896997754199929,0.4792810154410846,0.5738209376223069,-0.3555379167133659,-0.38435804081108305,0.15607390752130537,0.199813869465975,-0.17879244686745643,0.14267723270486535,0.3313301930698981
272,7da73de6cbc3dfde18497a65841c6e66,ETH|Kraken|1778427840|1778437740,ETH,Kraken,buy,VOL_BREAKOUT|ETH|Kraken|buy,6,7,1778427840.0,165.0,75.60195428122421,1,-12.759028952862412,1.0158458919775741,-0.7142113324064353,0.5792524463557008,-1.0242678001954715,0.3399194067855719,-0.08844623097971124,0.13970664762692023,-0.17759937280420066,-0.207323840563487,0.03225208783263834,-0.5546103935384105
273,726040fa8633b932ae51603bada367ee,ETH|Kraken|1778444940|1778448540,ETH,Kraken,sell,BASIS_DISLOCATION|ETH|Kraken|sell,0,3,1778444940.0,60.0,69.11323492544912,4,82.08283262961072,0.3892541140282303,1.9322155338965803,0.172345118244551,0.20541209056524243,0.2438940015594694,-0.11482426786199319,0.20993666346530954,0.432939476454577,0.31696330990288873,0.06312645250798424,0.17763883334092864
274,9db3e0616c8fb97b3715ceafe1037e0f,ETH|Kraken|1778444940|1778448540,ETH,Kraken,sell,BASIS_DISLOCATION|ETH|Kraken|sell,1,3,1778444940.0,60.0,69.11323492544912,4,-16.234024452821448,-1.6931712272890704,-0.7978676025698386,0.21673847317867076,0.3644465740408513,-0.12484870132839716,0.8315567933753306,0.09968573562955879,0.03430414945529994,-0.23880277472315722,0.11600391815019626,-0.3966288349227174
275,afdf67074fa911139ba3208387217907,ETH|Kraken|1778444940|1778448540,ETH,Kraken,sell,BASIS_DISLOCATION|ETH|Kraken|sell,2,3,1778444940.0,60.0,69.11323492544912,4,19.5683179665024,-1.4168886160652987,-0.27256678156677955,-0.2152740242961444,0.03733742638040443,0.3376999626390003,0.2830938893107078,0.11220901147992618,0.056097167702611854,-0.3388880976108321,-0.17887351906438223,-0.07478171833567056
276,14289152af57b8dda0c60533496996ec,ETH|Kraken|1778450340|1778455740,ETH,Kraken,buy,BASIS_DISLOCATION|ETH|Kraken|buy,0,5,1778450340.0,90.0,174.84938156669733,3,-18.847961231919196,-0.28902529887612594,-0.3029106543394384,0.28915245156487573,0.6110354040076642,-0.23684419627380937,-0.4155480460581322,0.05157882514924856,0.0037012973609972053,0.2794013783662214,0.09308683375570666,0.3809921725759236
277,477e0dd3e6339c711116a4f2f6d679f1,ETH|Kraken|1778450340|1778455740,ETH,Kraken,buy,BASIS_DISLOCATION|ETH|Kraken|buy,1,5,1778450340.0,90.0,174.84938156669733,3,-23.92686450086785,-0.039584336289559645,-0.8976647061326394,1.0735508124467497,0.26783626115408443,-0.10974237962324425,-0.24013503024814417,-0.015650689851373804,-0.4481852568946881,-0.1270535503713843,0.3155997423659196,-0.31280820239847634
278,c932a23ab55318ef5ec629792fc28081,ETH|Kraken|1778450340|1778455740,ETH,Kraken,buy,BASIS_DISLOCATION|ETH|Kraken|buy,2,5,1778450340.0,90.0,174.84938156669733,3,-58.881502163166644,-0.5290865048007971,3.5206513209851127,-0.026312922720873936,0.5683914438585059,-0.33867501677484396,0.2522952955419135,0.42130154909602346,0.05403622123359186,-0.38058101174107384,-0.014112518172550558,0.046837943107904956
279,6d854adabec0423cd06184e7a4ffb827,ETH|Kraken|1778450340|1778455740,ETH,Kraken,buy,BASIS_DISLOCATION|ETH|Kraken|buy,3,5,1778450340.0,90.0,174.84938156669733,3,-18.571233067772525,-0.5939352964590551,2.393310702473819,-0.3789228418836445,0.5603255129445209,-0.23806041152957164,0.17366141030120552,-0.031192948204058123,0.6626477476597015,-0.4097054117039519,0.031006141518235362,-0.04459364339897768
280,dbcd93b37d6298b32f9cdfba4e5f0f79,ETH|Kraken|1778450340|1778455740,ETH,Kraken,buy,BASIS_DISLOCATION|ETH|Kraken|buy,4,5,1778450340.0,90.0,174.84938156669733,3,5.685449729849335,-0.16682644450367956,3.174761990306359,-0.47622668310955957,0.467088345449698,-0.17201632536861985,-0.027881338953309465,-0.19459887716987495,-0.46698957768496313,0.16304324106567028,-0.03950803054097193,-0.5830082002821806
281,11b508c74b35f19f7a721609086a008c,ETH|Kraken|1778451240|1778455740,ETH,Kraken,buy,BASIS_DISLOCATION|ETH|Kraken|buy,0,4,1778451240.0,75.0,124.93412654704375,3,-22.409366175715142,-0.32617097621473523,-0.832712039459354,0.9479290705461347,0.005280398359513294,0.0897291885999301,-0.36730916855215695,0.15695502869054603,-0.2149570858768067,0.13182273793054136,0.5278209637992414,0.09637905694084059
282,6e2107f0995e86819caabf1a05eff1c0,ETH|Kraken|1778451240|1778455740,ETH,Kraken,buy,BASIS_DISLOCATION|ETH|Kraken|buy,1,4,1778451240.0,75.0,124.93412654704375,3,-58.881502163166644,-0.5290865048007971,3.5206513209851127,-0.026312922720873936,0.5683914438585059,-0.33867501677484396,0.2522952955419135,0.42130154909602346,0.05403622123359186,-0.38058101174107384,-0.014112518172550558,0.046837943107904956
283,e166517bd35c4616186bca5aaa1b0d09,ETH|Kraken|1778451240|1778455740,ETH,Kraken,buy,BASIS_DISLOCATION|ETH|Kraken|buy,2,4,1778451240.0,75.0,124.93412654704375,3,-18.571233067772525,-0.5939352964590551,2.393310702473819,-0.3789228418836445,0.5603255129445209,-0.23806041152957164,0.17366141030120552,-0.031192948204058123,0.6626477476597015,-0.4097054117039519,0.031006141518235362,-0.04459364339897768
284,68a59771ef56d20088b6492ab3524997,ETH|Kraken|1778451240|1778455740,ETH,Kraken,buy,BASIS_DISLOCATION|ETH|Kraken|buy,3,4,1778451240.0,75.0,124.93412654704375,3,5.685449729849335,-0.16682644450367956,3.174761990306359,-0.47622668310955957,0.467088345449698,-0.17201632536861985,-0.027881338953309465,-0.19459887716987495,-0.46698957768496313,0.16304324106567028,-0.03950803054097193,-0.5830082002821806
285,de9d035ab01be072cf5aebaa27f23bdc,ETH|Kraken|1778457540|1778460540,ETH,Kraken,sell,BASIS_DISLOCATION|ETH|Kraken|sell,0,2,1778457540.0,50.0,49.05316024659073,4,108.39974710618638,3.616472036416634,-0.038942072284294006,-1.7751027511391921,0.737635287112357,-0.15018609954234685,-0.21674495656479453,0.13679888011747848,0.3004548705976646,-0.18351473271160088,-0.27084325742290827,0.18852354462673973
286,ce0abbd57b0be90440700ca1d088a4f7,ETH|Kraken|1778457540|1778460540,ETH,Kraken,sell,BASIS_DISLOCATION|ETH|Kraken|sell,1,2,1778457540.0,50.0,49.05316024659073,4,-6.367977946630411,0.7812550951442683,-0.25634694109120515,-0.4369974114299037,-1.2315262245956873,0.05796935723860141,-0.15750210788729296,0.12509817490836214,-0.34776885930649754,0.0729658748197542,0.48626556753506545,0.3252751113912539
287,cf7f92e3d9ec0840dc35b1fca3f054e8,ETH|Kraken|1778443140|1778448540,ETH,Kraken,sell,LIQUIDITY_SQUEEZE|ETH|Kraken|sell,0,5,1778443140.0,90.0,119.3324392079272,3,-72.65730784323506,0.6101839257187321,-0.7903231780215064,-1.3988475658975799,0.544371460636249,-0.07190623807493361,-0.5796964638545244,-0.5954848509767138,-0.2118398114549345,-0.39999078863869314,-0.2430611124017994,0.29832112772232
288,5dfa37dddaeec44762e0cee6ee1d59db,ETH|Kraken|1778443140|1778448540,ETH,Kraken,sell,LIQUIDITY_SQUEEZE|ETH|Kraken|sell,1,5,1778443140.0,90.0,119.3324392079272,3,-9.137152360627072,-1.316982670098206,-0.37819401971509703,0.21156317929400179,0.38457614839700527,0.08315028122592778,-0.04361502104159643,-0.4901882051161134,0.2460630420988458,0.1387741955689779,0.3477262810295343,0.45998598178864897
289,421e1784b6f67b3c269b5db144f97aa9,ETH|Kraken|1778443140|1778448540,ETH,Kraken,sell,LIQUIDITY_SQUEEZE|ETH|Kraken|sell,2,5,1778443140.0,90.0,119.3324392079272,3,101.8233029513881,-0.22620713167716078,1.7531372389980724,0.04690254341504539,0.5217360975193021,-0.12644050810642765,0.04750232525326672,0.2151737844830606,-0.15821599153003726,0.3550765094268431,-0.328174677234103,0.271953379293344
290,13b687c6cfec0c4da3734cf52da18abb,ETH|Kraken|1778443140|1778448540,ETH,Kraken,sell,LIQUIDITY_SQUEEZE|ETH|Kraken|sell,3,5,1778443140.0,90.0,119.3324392079272,3,-16.234024452821448,-1.6931712272890704,-0.7978676025698386,0.21673847317867076,0.3644465740408513,-0.12484870132839716,0.8315567933753306,0.09968573562955879,0.03430414945529994,-0.23880277472315722,0.11600391815019626,-0.3966288349227174
291,a3711d9655c955ea9f436b8027334552,ETH|Kraken|1778443140|1778448540,ETH,Kraken,sell,LIQUIDITY_SQUEEZE|ETH|Kraken|sell,4,5,1778443140.0,90.0,119.3324392079272,3,19.5683179665024,-1.4168886160652987,-0.27256678156677955,-0.2152740242961444,0.03733742638040443,0.3376999626390003,0.2830938893107078,0.11220901147992618,0.056097167702611854,-0.3388880976108321,-0.17887351906438223,-0.07478171833567056
292,5fd6be365129ba6a36bb2751430ea746,ETH|Kraken|1778452140|1778455740,ETH,Kraken,buy,LIQUIDITY_SQUEEZE|ETH|Kraken|buy,0,3,1778452140.0,60.0,70.60519108280162,2,-45.04403619862444,0.8480789301001378,4.436238481147819,1.4098313413436694,-0.19413451576702456,0.3183194631219347,-0.011165283897028559,0.172781993036233,-0.005077785168605393,0.1888264697690568,-0.27268125883664257,0.1041233240270729
293,a9c7bb8c996cfb186d304e3e8c406ade,ETH|Kraken|1778452140|1778455740,ETH,Kraken,buy,LIQUIDITY_SQUEEZE|ETH|Kraken|buy,1,3,1778452140.0,60.0,70.60519108280162,2,-18.571233067772525,-0.5939352964590551,2.393310702473819,-0.3789228418836445,0.5603255129445209,-0.23806041152957164,0.17366141030120552,-0.031192948204058123,0.6626477476597015,-0.4097054117039519,0.031006141518235362,-0.04459364339897768
294,98a1c2e1928fe02c7020776485129160,ETH|Kraken|1778452140|1778455740,ETH,Kraken,buy,LIQUIDITY_SQUEEZE|ETH|Kraken|buy,2,3,1778452140.0,60.0,70.60519108280162,2,5.685449729849335,-0.16682644450367956,3.174761990306359,-0.47622668310955957,0.467088345449698,-0.17201632536861985,-0.027881338953309465,-0.19459887716987495,-0.46698957768496313,0.16304324106567028,-0.03950803054097193,-0.5830082002821806
295,e8830e23bb30c491310b98b4a0ceb252,ETH|Kraken|1778456640|1778460540,ETH,Kraken,sell,LIQUIDITY_SQUEEZE|ETH|Kraken|sell,0,3,1778456640.0,65.0,84.42311330869386,4,25.82931023128562,-1.1575933795324982,-0.7643801260331422,-0.13536058701917322,0.5613871965513016,-0.19564064655850913,-0.303581769602227,-0.07769406601073729,-0.06447234754435512,0.04709176114035162,-0.3634444584713535,0.19457627884629783
296,f9199ef7a5260f6c5e0023769fff7805,ETH|Kraken|1778456640|1778460540,ETH,Kraken,sell,LIQUIDITY_SQUEEZE|ETH|Kraken|sell,1,3,1778456640.0,65.0,84.42311330869386,4,132.8217291940342,2.6773019141641314,-0.15737773978242686,-1.6164942068364194,0.8688042901451433,-0.31596483846589063,-0.14724280727571082,0.21231342817440524,0.044940892397342606,0.05894699895969678,-0.29008744580094703,0.08859517401915673
297,16b47f104a68f6c1d26240666a1d5844,ETH|Kraken|1778456640|1778460540,ETH,Kraken,sell,LIQUIDITY_SQUEEZE|ETH|Kraken|sell,2,3,1778456640.0,65.0,84.42311330869386,4,-6.367977946630411,0.7812550951442683,-0.25634694109120515,-0.4369974114299037,-1.2315262245956873,0.05796935723860141,-0.15750210788729296,0.12509817490836214,-0.34776885930649754,0.0729658748197542,0.48626556753506545,0.3252751113912539
298,11a72dfbac297ab235f5ee669f5c7e95,ETH|Kraken|1778464740|1778469600,ETH,Kraken,sell,BASIS_DISLOCATION|ETH|Kraken|sell,0,4,1778464740.0,81.0,112.94871468729033,3,-7.893179033153981,-0.49940089146835676,0.8817630238979135,-0.7313240769476741,0.03513738065324213,0.2978324664186934,-0.09644875268135193,-0.002062687420970052,-0.36636546849397555,-0.32674575308587506,-0.09023764514640036,-0.4842643186264667
299,40b23eecc4a61b728fb7076af0d6a868,ETH|Kraken|1778464740|1778469600,ETH,Kraken,sell,BASIS_DISLOCATION|ETH|Kraken|sell,1,4,1778464740.0,81.0,112.94871468729033,3,-13.490996022986623,5.781226258738691,0.9854799852403296,-2.0247034985090386,-0.028675289863988537,0.6128911392558092,0.073359516108056,0.1379259097441248,0.18817886572744538,0.17831417243713746,0.37115916984602787,-0.2640857569021092
300,52c351c52ea131b7508340722864eb27,ETH|Kraken|1778464740|1778469600,ETH,Kraken,sell,BASIS_DISLOCATION|ETH|Kraken|sell,2,4,1778464740.0,81.0,112.94871468729033,3,-15.282016947048414,0.6544717579303021,0.6737396444023165,0.35219552644846885,0.5412756378974288,0.0032397925825173386,-0.07406042760205013,-0.21361886763287727,-0.08169255584544359,0.47084894819184747,0.2404353631222172,0.38034894206445663
301,0119ebc611a69227130af7102b30f78d,ETH|Kraken|1778464740|1778469600,ETH,Kraken,sell,BASIS_DISLOCATION|ETH|Kraken|sell,3,4,1778464740.0,81.0,112.94871468729033,3,4.657172574809213,0.9798043654434886,-0.1885108786365715,-1.4679858180450098,0.6604092405437703,-0.06197475660442062,-0.580175666071594,-0.46921708434977666,-0.0652956849271212,0.2102129201455294,-0.11746649017445211,0.16452167879013715
302,0ee309953a25018f3bb44e19ceb88a5c,ETH|Kraken|1778465640|1778469600,ETH,Kraken,sell,BASIS_DISLOCATION|ETH|Kraken|sell,0,3,1778465640.0,66.0,94.77792196207632,3,-12.342065654022234,2.5968074681957933,0.4009353397110813,-1.6702239481728434,-0.867926584479568,0.05917352317252051,0.15746964424377183,0.5819964619037462,0.6373675301463947,0.048152735480368476,0.4826912442676368,-0.33892033086364
303,a6ab8563b3c151bff75abf05b467cbc9,ETH|Kraken|1778465640|1778469600,ETH,Kraken,sell,BASIS_DISLOCATION|ETH|Kraken|sell,1,3,1778465640.0,66.0,94.77792196207632,3,-15.282016947048414,0.6544717579303021,0.6737396444023165,0.35219552644846885,0.5412756378974288,0.0032397925825173386,-0.07406042760205013,-0.21361886763287727,-0.08169255584544359,0.47084894819184747,0.2404353631222172,0.38034894206445663
304,faa78f10df7862b961b46a91bdcabdd2,ETH|Kraken|1778465640|1778469600,ETH,Kraken,sell,BASIS_DISLOCATION|ETH|Kraken|sell,2,3,1778465640.0,66.0,94.77792196207632,3,4.657172574809213,0.9798043654434886,-0.1885108786365715,-1.4679858180450098,0.6604092405437703,-0.06197475660442062,-0.580175666071594,-0.46921708434977666,-0.0652956849271212,0.2102129201455294,-0.11746649017445211,0.16452167879013715
305,52285b3989d9c9727b035510dc98f53f,ETH|Kraken|1778466540|1778469600,ETH,Kraken,sell,BASIS_DISLOCATION|ETH|Kraken|sell,0,3,1778466540.0,51.0,75.45170025322989,3,-13.205589839701883,4.2700653938737565,-0.9286984993631113,-2.182768446317741,0.6531677640305685,0.12059073647871883,0.31400330593462283,-0.3497198737086173,-0.3216818337572759,-0.18718500057350712,0.4286305431289312,0.38917134825833954
306,e37b5eb77705ea935d18a6321a318cf3,ETH|Kraken|1778466540|1778469600,ETH,Kraken,sell,BASIS_DISLOCATION|ETH|Kraken|sell,1,3,1778466540.0,51.0,75.45170025322989,3,-15.27228341452452,0.4725746513182855,0.6433897961753063,0.21984893006946338,0.38437264110286173,0.1265001608318792,0.08895270947705736,-0.513462285326109,-0.35254108224710434,0.08625095501682037,0.13848810168670767,0.25261924535427377
307,e63fe1897a5aef77d651fae98bac16ec,ETH|Kraken|1778466540|1778469600,ETH,Kraken,sell,BASIS_DISLOCATION|ETH|Kraken|sell,2,3,1778466540.0,51.0,75.45170025322989,3,4.657172574809213,0.9798043654434886,-0.1885108786365715,-1.4679858180450098,0.6604092405437703,-0.06197475660442062,-0.580175666071594,-0.46921708434977666,-0.0652956849271212,0.2102129201455294,-0.11746649017445211,0.16452167879013715
308,726a4e7f2cb213c419c805eeb46d5b91,ETH|Kraken|1778462940|1778469600,ETH,Kraken,sell,LIQUIDITY_SQUEEZE|ETH|Kraken|sell,0,6,1778462940.0,111.0,126.16216184745966,3,10.434615403775524,-1.084408588502186,-0.3186670183557451,-0.2323820866150218,0.5723076878135345,-0.19509058462616294,-0.07935938782739403,-0.157100302736558,0.47051810494422686,-0.013096779507333312,0.08741289435123603,-0.23856956638874494
309,757c3f873f6153803b217e9de77267f2,ETH|Kraken|1778462940|1778469600,ETH,Kraken,sell,LIQUIDITY_SQUEEZE|ETH|Kraken|sell,1,6,1778462940.0,111.0,126.16216184745966,3,-14.525142071861257,-1.5042426453215858,-0.32799056757391215,0.050114217345666234,0.1959364835996738,0.1996513984316101,0.27975118429292184,0.10626071734322631,-0.050939926131155853,0.00814049145267962,-0.4096836293673029,0.3940201711120653
310,f9ae5e43556307aacf3b4a424d6ba3f4,ETH|Kraken|1778462940|1778469600,ETH,Kraken,sell,LIQUIDITY_SQUEEZE|ETH|Kraken|sell,2,6,1778462940.0,111.0,126.16216184745966,3,-5.665840780651541,-0.19143489317575565,-0.5181330667387806,-0.9574240240146865,0.6733663628374662,-0.34417611548590804,-0.10035033438305606,0.10704939438006926,-0.01250651013582772,-0.23569795596523022,-0.41656526393430116,-0.27612329516452044
311,ed944b271b564167feaf8ae879ca1649,ETH|Kraken|1778462940|1778469600,ETH,Kraken,sell,LIQUIDITY_SQUEEZE|ETH|Kraken|sell,3,6,1778462940.0,111.0,126.16216184745966,3,-13.421808795791845,5.7012137825368585,0.9075043547071334,-2.158981630944916,0.29753068309638214,0.6566426194499753,0.15835502613889366,0.07690486504009998,0.3137301355064415,0.1669745955045633,0.009403054080173095,-0.48073523088855086
312,40df1e6f1d50b0fc09577468af93c540,ETH|Kraken|1778462940|1778469600,ETH,Kraken,sell,LIQUIDITY_SQUEEZE|ETH|Kraken|sell,4,6,1778462940.0,111.0,126.16216184745966,3,-15.282016947048414,0.6544717579303021,0.6737396444023165,0.35219552644846885,0.5412756378974288,0.0032397925825173386,-0.07406042760205013,-0.21361886763287727,-0.08169255584544359,0.47084894819184747,0.2404353631222172,0.38034894206445663
313,f131d71bcd8a913c7b486a08ee4275b3,ETH|Kraken|1778462940|1778469600,ETH,Kraken,sell,LIQUIDITY_SQUEEZE|ETH|Kraken|sell,5,6,1778462940.0,111.0,126.16216184745966,3,4.657172574809213,0.9798043654434886,-0.1885108786365715,-1.4679858180450098,0.6604092405437703,-0.06197475660442062,-0.580175666071594,-0.46921708434977666,-0.0652956849271212,0.2102129201455294,-0.11746649017445211,0.16452167879013715
314,8c77fe4fde49c6ecacab8c588d8e7804,ETH|Kraken|1778468340|1778469600,ETH,Kraken,sell,LIQUIDITY_SQUEEZE|ETH|Kraken|sell,0,1,1778468340.0,21.0,52.99465947772174,3,1.0788310351312975,2.1018813108106906,-0.11464394915095867,-1.591316328234187,0.1729076835760046,0.3938134654549978,-0.7158449272239061,0.21584430773008378,-0.31985377241190627,-0.16796337487116844,-0.21449137927946138,0.038729727613087454
315,0f6f6d097a715c8afacac3e9b946bbb0,ETH|Kraken|1778464740|1778473740,ETH,Kraken,sell,VOL_BREAKOUT|ETH|Kraken|sell,0,5,1778464740.0,150.0,106.20565639349303,1,-7.893179033153981,-0.49940089146835676,0.8817630238979135,-0.7313240769476741,0.03513738065324213,0.2978324664186934,-0.09644875268135193,-0.002062687420970052,-0.36636546849397555,-0.32674575308587506,-0.09023764514640036,-0.4842643186264667
316,92a2f91a309d4de26c8ac3c319f05de4,ETH|Kraken|1778464740|1778473740,ETH,Kraken,sell,VOL_BREAKOUT|ETH|Kraken|sell,1,5,1778464740.0,150.0,106.20565639349303,1,-13.490996022986623,5.781226258738691,0.9854799852403296,-2.0247034985090386,-0.028675289863988537,0.6128911392558092,0.073359516108056,0.1379259097441248,0.18817886572744538,0.17831417243713746,0.37115916984602787,-0.2640857569021092
317,004c20aa74674a6362611eafa5ccccea,ETH|Kraken|1778464740|1778473740,ETH,Kraken,sell,VOL_BREAKOUT|ETH|Kraken|sell,2,5,1778464740.0,150.0,106.20565639349303,1,-15.282016947048414,0.6544717579303021,0.6737396444023165,0.35219552644846885,0.5412756378974288,0.0032397925825173386,-0.07406042760205013,-0.21361886763287727,-0.08169255584544359,0.47084894819184747,0.2404353631222172,0.38034894206445663
318,af44e32aef97fc72014ebc75e75879da,ETH|Kraken|1778464740|1778473740,ETH,Kraken,sell,VOL_BREAKOUT|ETH|Kraken|sell,3,5,1778464740.0,150.0,106.20565639349303,1,2.670511436616754,0.5982317060608879,-0.3558904058863574,-1.3775044173680049,0.3345417718470396,0.2623561701436658,-0.6028929155052978,-0.32146958331862463,-0.17001787290024728,-0.0729093521900757,-0.12453117799256525,0.1670699885767616
319,e72fe5e06e22da57e2f351633ea747e4,ETH|Kraken|1778464740|1778473740,ETH,Kraken,sell,VOL_BREAKOUT|ETH|Kraken|sell,4,5,1778464740.0,150.0,106.20565639349303,1,-15.794645078347173,1.1038504433999763,-0.7888043824228109,0.7923928843560666,0.20874437506999377,0.36525225036944264,-0.1627359517668718,-0.46373742638662135,0.5043400865992523,-0.10646664235894979,0.39503942060430036,-0.28076249049319024
320,d83357cc23750c2ee6cc9c931580e11e,ETH|Kraken|1778465640|1778473740,ETH,Kraken,sell,VOL_BREAKOUT|ETH|Kraken|sell,0,4,1778465640.0,135.0,88.0224616011949,1,-12.342065654022234,2.5968074681957933,0.4009353397110813,-1.6702239481728434,-0.867926584479568,0.05917352317252051,0.15746964424377183,0.5819964619037462,0.6373675301463947,0.048152735480368476,0.4826912442676368,-0.33892033086364
321,1449a0ffe48b12adda28c3bed5cf52f9,ETH|Kraken|1778465640|1778473740,ETH,Kraken,sell,VOL_BREAKOUT|ETH|Kraken|sell,1,4,1778465640.0,135.0,88.0224616011949,1,-15.282016947048414,0.6544717579303021,0.6737396444023165,0.35219552644846885,0.5412756378974288,0.0032397925825173386,-0.07406042760205013,-0.21361886763287727,-0.08169255584544359,0.47084894819184747,0.2404353631222172,0.38034894206445663
322,9833f0d0049532afbebe28c0d3f9936a,ETH|Kraken|1778465640|1778473740,ETH,Kraken,sell,VOL_BREAKOUT|ETH|Kraken|sell,2,4,1778465640.0,135.0,88.0224616011949,1,2.670511436616754,0.5982317060608879,-0.3558904058863574,-1.3775044173680049,0.3345417718470396,0.2623561701436658,-0.6028929155052978,-0.32146958331862463,-0.17001787290024728,-0.0729093521900757,-0.12453117799256525,0.1670699885767616
323,8576d5f25fea07fb4a093bf2926fa560,ETH|Kraken|1778465640|1778473740,ETH,Kraken,sell,VOL_BREAKOUT|ETH|Kraken|sell,3,4,1778465640.0,135.0,88.0224616011949,1,-15.794645078347173,1.1038504433999763,-0.7888043824228109,0.7923928843560666,0.20874437506999377,0.36525225036944264,-0.1627359517668718,-0.46373742638662135,0.5043400865992523,-0.10646664235894979,0.39503942060430036,-0.28076249049319024
324,9a9bb7594b82917606a61162d2c374f4,ETH|Kraken|1778466540|1778473740,ETH,Kraken,sell,VOL_BREAKOUT|ETH|Kraken|sell,0,4,1778466540.0,120.0,68.68219734854134,1,-13.205589839701883,4.2700653938737565,-0.9286984993631113,-2.182768446317741,0.6531677640305685,0.12059073647871883,0.31400330593462283,-0.3497198737086173,-0.3216818337572759,-0.18718500057350712,0.4286305431289312,0.38917134825833954
325,a839177b4a7f21752f773864530eab35,ETH|Kraken|1778466540|1778473740,ETH,Kraken,sell,VOL_BREAKOUT|ETH|Kraken|sell,1,4,1778466540.0,120.0,68.68219734854134,1,-15.27228341452452,0.4725746513182855,0.6433897961753063,0.21984893006946338,0.38437264110286173,0.1265001608318792,0.08895270947705736,-0.513462285326109,-0.35254108224710434,0.08625095501682037,0.13848810168670767,0.25261924535427377
326,43618d2e3c02215ec10f939b395a1279,ETH|Kraken|1778466540|1778473740,ETH,Kraken,sell,VOL_BREAKOUT|ETH|Kraken|sell,2,4,1778466540.0,120.0,68.68219734854134,1,2.670511436616754,0.5982317060608879,-0.3558904058863574,-1.3775044173680049,0.3345417718470396,0.2623561701436658,-0.6028929155052978,-0.32146958331862463,-0.17001787290024728,-0.0729093521900757,-0.12453117799256525,0.1670699885767616
327,20b953a27ba04af4c93c06e3dd6232a8,ETH|Kraken|1778466540|1778473740,ETH,Kraken,sell,VOL_BREAKOUT|ETH|Kraken|sell,3,4,1778466540.0,120.0,68.68219734854134,1,-15.794645078347173,1.1038504433999763,-0.7888043824228109,0.7923928843560666,0.20874437506999377,0.36525225036944264,-0.1627359517668718,-0.46373742638662135,0.5043400865992523,-0.10646664235894979,0.39503942060430036,-0.28076249049319024
328,353c96eac5fa2a525b94ce5a08f1b930,ETH|Kraken|1777903740|1777905840,ETH,Kraken,buy,BASIS_DISLOCATION|ETH|Kraken|buy,0,1,1777903740.0,35.0,91.9243203920511,1,-16.87433743550805,-1.1877247026839919,0.20553709595699024,-0.11488633281524681,-0.5679985490838819,-0.715555858354762,-0.09901221053456355,-0.1835243307715989,0.08693192943653134,0.04879039466200369,0.5918426857389159,-0.36692946164904455
329,0b0465d467a3aa9e668dc1136f7cdec6,ETH|Kraken|1777904340|1777905840,ETH,Kraken,buy,BASIS_DISLOCATION|ETH|Kraken|buy,0,1,1777904340.0,25.0,38.07467261235556,1,-20.76572013023133,-1.5568055768142492,0.23199077373972646,-0.4379305014544579,-0.5545774596106644,0.43234720722414516,-0.16297548495867953,0.5467433059996869,0.42571381596723024,-0.55857450444167,0.010394767066318372,0.26147872420196655
330,4fb1a730804ce764eee4129508dd7b7e,ETH|Kraken|1777905840|1777906740,ETH,Kraken,buy,BASIS_DISLOCATION|ETH|Kraken|buy,0,1,1777905840.0,15.0,66.72486352617899,2,-23.418755751272702,-1.3756488442128316,-0.5562297656447442,0.1720350320778183,0.49786157252071994,-0.28535302925389927,0.3159628032607257,0.3701350120768286,-0.2895980603419503,0.20982938947396393,0.06047911419623855,-0.06449503217930357
331,2bec346c3302ef3cb2b3007c22a22f4f,ETH|Kraken|1777913940|1777916040,ETH,Kraken,buy,BASIS_DISLOCATION|ETH|Kraken|buy,0,2,1777913940.0,35.0,31.904871531553297,1,-12.855877222878682,-2.0507176605310122,-0.42757842937692075,-0.017919079154900538,0.3819410033053296,0.09898655235478086,0.18852995030736186,-0.23766878022180762,-0.0329735393705097,0.007260296853563195,-0.04423461054260194,0.5460087235175539
332,799dbecb7713e99cb86f16dd53331c46,ETH|Kraken|1777913940|1777916040,ETH,Kraken,buy,BASIS_DISLOCATION|ETH|Kraken|buy,1,2,1777913940.0,35.0,31.904871531553297,1,-17.832066965519903,-0.35720462385870866,0.5289768252846176,-0.4654585707202902,-0.01984936572903358,0.3396799012323905,0.3500713800560785,-0.10723041113510902,-0.038497559252732245,-0.71753529553713,0.1613007762164844,-0.4219747113133921
333,17403a5dc670eec35b54e813b01ee276,ETH|Kraken|1777906440|1777908540,ETH,Kraken,sell,LIQUIDITY_SQUEEZE|ETH|Kraken|sell,0,2,1777906440.0,35.0,118.15513888648896,2,-53.2528615565163,-0.2159047015122928,-0.9213321765343738,0.1746859365798533,0.5773529887370334,-0.23597312262072195,0.23155619033549213,0.278308589835233,-0.23797708721508645,-0.162709175456443,-0.2799137864206355,0.13957138884075715
334,be73a6abdde744a1bb47e2990f7823b0,ETH|Kraken|1777906440|1777908540,ETH,Kraken,sell,LIQUIDITY_SQUEEZE|ETH|Kraken|sell,1,2,1777906440.0,35.0,118.15513888648896,2,-12.267394417754264,1.43324642869802,0.21035120555738385,-1.369217526709514,0.10616169799027196,0.5167363684128923,0.023036182150557433,-0.47929035514262996,0.15469171334816992,-0.38716194643121415,0.11578921888059591,0.04365822221716428
335,a902739d7c4439d201df8ce25c114f24,ETH|Kraken|1777907340|1777908540,ETH,Kraken,sell,LIQUIDITY_SQUEEZE|ETH|Kraken|sell,0,1,1777907340.0,20.0,82.34100514348584,2,-10.147817579883103,1.8873694344175926,0.024242904001833356,-1.389958266460367,-0.15207907926594777,0.7313030345545317,-0.030194957314014937,-0.17132374889900007,-0.18610644951017685,-0.5480811603148222,-0.09578723238857863,0.04515936709632313
336,a9d5ae97c150f843dec16f66f4037774,ETH|Kraken|1777907640|1777908840,ETH,Kraken,sell,LIQUIDITY_SQUEEZE|ETH|Kraken|sell,0,1,1777907640.0,20.0,55.45227075678981,2,-12.033096017821483,1.590529177417666,-0.6344223688107085,-1.4910560210281856,-0.20958890903876787,0.8678345078308564,-0.18216175121583988,-0.28452480213049525,-0.118480859515315,-0.42875584409237855,-0.014350864157741049,0.10383330542600866
337,64aa6f897a784686fd6617a3c61de04a,ETH|Kraken|1777913940|1777915740,ETH,Kraken,buy,RELATIVE_STRENGTH|ETH|Kraken|buy,0,1,1777913940.0,30.0,39.20569764675295,1,-14.683978323271697,-1.3156331490095061,-0.7180901051220009,-0.25797209937368715,-0.7126803506423293,-0.032495762703802764,0.15890136989556758,-0.02827395810145496,-0.2952986217237446,-0.3386399828535809,0.2909049052949562,0.023822299580805915
338,23f90051774c713d6193cbbed22784dc,ETH|Kraken|1777928340|1777931940,ETH,Kraken,buy,BASIS_DISLOCATION|ETH|Kraken|buy,0,1,1777928340.0,60.0,34.15216000083462,1,-16.08290419582062,-0.5326441346335761,-0.832219917599012,0.23459570635918922,-0.858234503274686,-0.5338252136580133,0.24363769094055254,-0.07468538191869781,-0.12228332735942166,-0.14473348018477214,-0.19114821132696636,-0.2855668417642125
339,97d1a18b6b78e7d73dc9894a42824fdd,ETH|Kraken|1777928340|1777933440,ETH,Kraken,buy,VOL_BREAKOUT|ETH|Kraken|buy,0,3,1777928340.0,85.0,32.57811103628605,1,-15.977738873545054,-0.45599314409027836,-0.8675432231940404,0.12683682644682265,-1.296919517396158,-0.5758894193790048,0.025444741626512064,-0.19873898083497396,0.4308327122099009,0.07736935915883597,0.09353246059341179,-0.049719359095789
340,8c6c7bffdebed95d16510cf55fea34ee,ETH|Kraken|1777928340|1777933440,ETH,Kraken,buy,VOL_BREAKOUT|ETH|Kraken|buy,1,3,1777928340.0,85.0,32.57811103628605,1,-18.344421872833756,0.047734315808350594,2.984171818528242,0.9433521825534577,0.5982053761120734,-0.3356557990936425,0.12481905060757456,0.24287409546251748,0.025159879908808618,0.07600286034444555,0.18012177825369344,-0.5636058894052416
341,fb777492b12371af53c942b993201e09,ETH|Kraken|1777928340|1777933440,ETH,Kraken,buy,VOL_BREAKOUT|ETH|Kraken|buy,2,3,1777928340.0,85.0,32.57811103628605,1,-15.54597031246132,0.16892157080838108,-0.37825367047856456,-0.9790399308773285,0.4700999939906539,0.05799070344610107,-0.3564355841344638,-0.07700024458302486,0.07214073801950054,0.043621065728852305,-0.2590378632340485,-0.03562709652253272
342,fb6bfd4bf0f3bbaff45aedbc0e1d7046,ETH|Kraken|1777944840|1777952940,ETH,Kraken,buy,LIQUIDITY_SQUEEZE|ETH|Kraken|buy,0,1,1777944840.0,135.0,97.17227366350231,2,-18.14325343983094,9.500590206468434,-0.8884352202633474,3.244650064772052,0.3098219934500944,0.7410248971120871,0.4514810951537173,-0.31504507219752975,-0.21720340446367245,0.48848996576926595,-0.031372772497322225,-0.2707866612441459
343,9ced5d18b36903994f08eba498a91797,ETH|Kraken|1777945140|1777952940,ETH,Kraken,buy,LIQUIDITY_SQUEEZE|ETH|Kraken|buy,0,1,1777945140.0,130.0,82.5498614614584,2,-19.321053365505122,6.4128282465639455,-0.8533886951477944,2.845757231780102,0.8250645638082628,-0.19421950490235096,0.5345104398596655,0.019123401344023617,0.10551798127095678,-0.012023826013911923,0.012252056544125558,-0.2249475925087699
344,1358c18d521e56b4ab4ae15d31d08de1,ETH|Kraken|1777988940|1777991040,ETH,Kraken,sell,LIQUIDITY_SQUEEZE|ETH|Kraken|sell,0,2,1777988940.0,35.0,50.49865113137347,3,-26.04056748964222,-1.6863696992656416,-0.38774425796160833,-0.2044439133718683,0.4633363411235461,-0.17375354427437126,-0.6131987041489647,-0.4442916868524469,-0.051759417652766405,-0.10471507664632809,-0.09561163800585992,-0.18534893473265823
345,f8cd0682bf23f88490f58916ac88f418,ETH|Kraken|1777988940|1777991040,ETH,Kraken,sell,LIQUIDITY_SQUEEZE|ETH|Kraken|sell,1,2,1777988940.0,35.0,50.49865113137347,3,5.569868992408341,-0.5245404781338817,-0.5328297521072001,0.3535365370824911,0.20851018015103592,0.2661736163981861,0.02542741272977568,-0.3151393580801816,0.1184243780638196,0.28529189188687826,0.24776469434886014,-0.47316260677209093
346,7337c255112dc50ec381f488cb53bff7,ETH|Kraken|1777989840|1777991040,ETH,Kraken,sell,LIQUIDITY_SQUEEZE|ETH|Kraken|sell,0,1,1777989840.0,20.0,35.156069123194136,3,1.630969550696253,-0.22106288065397872,-0.5016035808565551,0.41544299883550717,-0.005649672012931953,0.5207974640542298,0.12289305986934575,0.13783479159606948,-0.07713040376141775,0.36162098896227884,-0.26587500263556957,-0.48023009118841326
347,11edcc4cfb0e07da47bf86d0dfccd292,ETH|Kraken|1778018700|1778021400,ETH,Kraken,sell,LIQUIDITY_SQUEEZE|ETH|Kraken|sell,0,2,1778018700.0,45.0,53.71727690388748,3,-15.21871125239531,-0.5215198817602607,1.4608820577524166,0.39479744116556437,-0.12198967702547302,-0.03652245348492364,-0.7360158016801429,0.5022427502629828,-0.15101607366237213,-0.02018286712390373,-0.28135977149384916,0.10151761511621697
348,4846942c5c474380c6d13f4ec059f08c,ETH|Kraken|1778018700|1778021400,ETH,Kraken,sell,LIQUIDITY_SQUEEZE|ETH|Kraken|sell,1,2,1778018700.0,45.0,53.71727690388748,3,2.329710921836867,1.417030377401087,-0.6059463558667448,-1.3464030413880919,0.3189283945909377,0.34340675060099096,0.6237207267003684,0.1749383447675682,0.11552032479016666,0.20610208807181793,-0.12421194711036214,-0.2865420366429818
349,075eb85c410940fbe3752bb576927cbd,ETH|Kraken|1778020200|1778021400,ETH,Kraken,sell,LIQUIDITY_SQUEEZE|ETH|Kraken|sell,0,1,1778020200.0,20.0,37.397450671762805,4,0.7327403907553984,1.0659161277789189,-0.5702331307553214,-1.1455049094411847,0.0873242373671743,0.5413348328856343,0.37860760722771714,0.12237434810719115,0.045155583801497284,0.32004550323104025,-0.09087160303782474,-0.2919723908205144
350,1469f3c57c2b15ee0ca0bb8748ae240a,ETH|Kraken|1778011200|1778015400,ETH,Kraken,buy,VOL_BREAKOUT|ETH|Kraken|buy,0,3,1778011200.0,70.0,30.91751546524316,1,-20.215727670010622,0.14443599213721975,-0.6513158641776229,0.3157472329070592,0.5156009145176068,-0.18398391207447756,0.35737849717068937,-0.07037110354129633,0.18589690627462677,-0.299644967669846,-0.045606791819497616,-0.2667420060264837
351,19139992a9381b71c732570184511a17,ETH|Kraken|1778011200|1778015400,ETH,Kraken,buy,VOL_BREAKOUT|ETH|Kraken|buy,1,3,1778011200.0,70.0,30.91751546524316,1,-25.393514880176674,-1.1605137754415475,0.8040880802207824,0.32289968004691494,-0.1989247159588078,0.5922201006853379,-0.026688680161558627,-0.0044175414904165195,0.30755704397307976,-0.048548164948225093,-0.0027151086766783253,0.2905148893578803
352,47b2a3cfa3e5b8d6eded581a78c959dd,ETH|Kraken|1778011200|1778015400,ETH,Kraken,buy,VOL_BREAKOUT|ETH|Kraken|buy,2,3,1778011200.0,70.0,30.91751546524316,1,-24.994109724648915,8.042263984442407,-0.7487320072369433,2.1516837275643566,-0.998810885506783,0.21534752227364495,0.4501248587479053,0.33084454911876243,0.2111944541362639,-0.2894418535539461,0.2861221002854116,-0.020988066902102705
353,5e32d87870ef7ef63b5af5520aae41aa,ETH|Kraken|1778056140|1778058240,ETH,Kraken,buy,BASIS_DISLOCATION|ETH|Kraken|buy,0,2,1778056140.0,35.0,45.70487657282272,1,-16.23120580584704,-0.7555056638380856,-0.30334078348508775,0.17780502320723954,0.4341781188335426,0.05314848203582332,-0.1552789232377069,-0.1747251266574408,0.34456265787155427,0.12144284093306203,-0.24596609946716255,0.29997634713263827
354,d9e04741d0e6c212829887790352d5d3,ETH|Kraken|1778056140|1778058240,ETH,Kraken,buy,BASIS_DISLOCATION|ETH|Kraken|buy,1,2,1778056140.0,35.0,45.70487657282272,1,-22.979373162553927,-0.8773867263850151,-0.4180724225881271,0.5837905012540578,0.37395706787863514,0.08046415674539517,0.3456722692655234,-0.14457764103291615,-0.5243264012816578,0.3169207779824873,-0.013051504751777293,0.15693240161096197
355,60ea5cdffe87b93b5a226ba82b342b3e,ETH|Kraken|1778057340|1778058240,ETH,Kraken,buy,BASIS_DISLOCATION|ETH|Kraken|buy,0,1,1778057340.0,15.0,32.81543398257222,2,-22.11448989341668,-1.0774007532440293,-0.40138394724105897,0.5612630888379051,0.6230678322001576,-0.3179486521824224,0.2898311543086013,0.44861113365583755,0.0019237784277688897,0.4244568558954209,-0.14233719747552773,-0.36621972065029457
356,70b3646affffd4b7f20c4135797ae936,ETH|Kraken|1778059740|1778060940,ETH,Kraken,buy,BASIS_DISLOCATION|ETH|Kraken|buy,0,1,1778059740.0,20.0,73.62886205677995,2,-28.82091244858835,-1.0240931387978442,-0.4360211577466432,-0.28656353585146516,0.29260097895087733,0.11773159495200389,0.13494034949173325,-0.2652440130754237,-0.01023171732399288,0.08677936283059992,0.09129010708882195,0.3790000214189825
357,1ec832d22f06915d9b151482a7ed91f0,ETH|Kraken|1778060040|1778060940,ETH,Kraken,buy,BASIS_DISLOCATION|ETH|Kraken|buy,0,1,1778060040.0,15.0,38.96593080272609,3,-17.897639189257532,-1.4012691164402906,-0.6368821063627098,-0.16082214270684728,0.5238581801413594,-0.26840354829409874,0.31709355334957884,0.2271137164983208,-0.1954139517932201,0.21485389734118257,0.07445839348316297,-0.45952151874119884
358,1d78ae062a613c266f7e7f1c80102dd3,ETH|Kraken|1778059440|1778060940,ETH,Kraken,buy,LIQUIDITY_SQUEEZE|ETH|Kraken|buy,0,1,1778059440.0,25.0,93.13727510309724,2,-26.466983581118477,-0.38336903003524025,-0.4057307531177289,-0.2562965944708613,-0.3389951910998939,0.64817367616993,-0.20481725208017776,0.035194751617759236,-0.03397778325930009,-0.22606397411364057,0.02345956537960944,-0.08865312948617368
359,2b11022abfc4bf58a26856468ddd8ecb,ETH|Kraken|1778072340|1778074440,ETH,Kraken,sell,BASIS_DISLOCATION|ETH|Kraken|sell,0,2,1778072340.0,35.0,70.04262863005287,4,-3.998853742003064,-1.0916939565733343,0.7466189980701463,0.029766138434948602,0.4985510619542136,-0.030446476643774936,0.26369675327191733,-0.11784183961981791,0.1288320155693505,0.38038074969364827,0.08444961074512221,-0.09510391140828207
360,4fd4af7d26c6bc2c01aac2288a695d50,ETH|Kraken|1778072340|1778074440,ETH,Kraken,sell,BASIS_DISLOCATION|ETH|Kraken|sell,1,2,1778072340.0,35.0,70.04262863005287,4,-12.737607214280024,0.8176237405647121,-0.3432067362458688,1.0489772988042192,0.5515217976368262,0.0049660913437652365,0.43816978562063547,-0.14591186669616643,0.060536591604405325,0.3767740883016701,-0.07226919812798878,-0.04076159686969392
361,335be8edcd1cf4a3c4226df535ff1b33,ETH|Kraken|1778072640|1778074440,ETH,Kraken,sell,BASIS_DISLOCATION|ETH|Kraken|sell,0,1,1778072640.0,30.0,33.36826730044021,4,-11.60367979666496,0.14708976675560512,-0.4792362320949233,0.35937010482324133,-0.7444070437517871,0.10243111902328504,0.17419373910038488,-0.1732054759106714,-0.3080026317338987,0.1251651520683151,0.4488875192939134,0.14293315608208151
362,249ff286aeb7430d1d6b764fc5eafd76,ETH|Kraken|1778075040|1778077440,ETH,Kraken,sell,BASIS_DISLOCATION|ETH|Kraken|sell,0,2,1778075040.0,40.0,47.44297769286183,4,57.59137238071184,-1.076100129430146,0.2218228218461199,-0.5989353269414446,0.0945644796480165,0.01174420153935342,-0.5244994639604088,-0.0068854328745328935,-0.7017144569907575,0.30568373753528505,0.127651568504156,-0.25381810374768604
363,7a4f4910aec1c0d223896729cdb2a300,ETH|Kraken|1778075040|1778077440,ETH,Kraken,sell,BASIS_DISLOCATION|ETH|Kraken|sell,1,2,1778075040.0,40.0,47.44297769286183,4,-18.835304218175867,-0.5710195257275665,0.0768016490588546,-0.4498225339575428,0.597781644243621,-0.23564946461218217,-0.1566544983432342,-0.06430301883409346,0.1367852205962204,0.012234223655039385,0.05107871118893369,-0.3244781422536477
364,56c5dde046e01c8d08feb70e85707beb,ETH|Kraken|1778077140|1778078940,ETH,Kraken,buy,BASIS_DISLOCATION|ETH|Kraken|buy,0,1,1778077140.0,30.0,30.01107019551505,1,-25.468495101239842,-0.9724774908771453,-0.4649228168054426,-0.1733369879858935,-0.6200812314594522,0.05461340703829611,-0.15415492958339597,0.3230093213466279,0.47541908124369814,0.5335463972288726,-0.008469288510217249,-0.25566354143894304
365,c82772020234eea8d3e1917e8ff73961,ETH|Kraken|1778074440|1778077440,ETH,Kraken,sell,LIQUIDITY_SQUEEZE|ETH|Kraken|sell,0,3,1778074440.0,50.0,79.50742563539514,3,79.67311431195971,-1.1096233091763348,0.053881057703164176,-0.41594644575551126,0.4710371065831034,-0.25102354567714913,-0.5360500951346171,-0.15446011091530915,-0.46380981299907015,-0.32999489802904014,-0.1912592302324805,0.06325540412366594
366,a54c956201c35f65d90fefa7041c84a5,ETH|Kraken|1778074440|1778077440,ETH,Kraken,sell,LIQUIDITY_SQUEEZE|ETH|Kraken|sell,1,3,1778074440.0,50.0,79.50742563539514,3,-0.36722730390067904,-0.9161372184564976,2.183849771225112,-0.5335320566095924,0.5263040173381097,-0.05698133277928773,-0.3446903894757679,-0.2686873112424,-0.1876879438915414,0.15643157064958105,-0.4028975925515935,0.3200931043578737
367,188e60dae41fe3bc7835f95c91b3dacd,ETH|Kraken|1778074440|1778077440,ETH,Kraken,sell,LIQUIDITY_SQUEEZE|ETH|Kraken|sell,2,3,1778074440.0,50.0,79.50742563539514,3,-20.566029452510115,-0.6000079129741717,0.797511011817945,-0.28791241251670496,0.605518077448567,-0.2594655315000076,-0.15560304970352962,-0.03926066592871292,0.3165339525336359,-0.06851051433819495,0.1986860196088255,-0.3101101780240821
368,ea471f382d28cbeb475eb19ca96351b2,ETH|Kraken|1778108640|1778113140,ETH,Kraken,buy,BASIS_DISLOCATION|ETH|Kraken|buy,0,4,1778108640.0,75.0,31.409178351573424,1,-16.870623932543918,0.25923588445362616,-0.17781266033144855,0.2106315686697042,-0.2715137506128326,0.6583737381785983,-0.13761521716153813,-0.133717334147868,-0.3198752461935944,-0.041404951768651624,-0.5953183170485696,0.12345060995533086
369,e757e3936b9fafa0f91865b453387cb5,ETH|Kraken|1778108640|1778113140,ETH,Kraken,buy,BASIS_DISLOCATION|ETH|Kraken|buy,1,4,1778108640.0,75.0,31.409178351573424,1,-15.394845973903458,-0.02022396866971059,-0.09757811113668584,-0.8033692274660056,0.42663354008711224,0.1282364609945612,0.10410987158345003,-0.40481747950615926,-0.11765836657992734,0.049730008912052794,0.3432145140615751,0.44759881098461873
370,56d1626551bfde9447c6139052c9d540,ETH|Kraken|1778108640|1778113140,ETH,Kraken,buy,BASIS_DISLOCATION|ETH|Kraken|buy,2,4,1778108640.0,75.0,31.409178351573424,1,-16.74675075597094,0.9762116070156367,-0.5770081383361806,0.8552074716172758,0.5437298611020466,-0.21551277788693077,0.38160382241477786,-0.06878418280591436,-0.09622221447923453,-0.2832420982167058,-0.19821711660374244,-0.4685602998782185
371,4abce546a1ce4f0b38baab8fe7c15dbb,ETH|Kraken|1778108640|1778113140,ETH,Kraken,buy,BASIS_DISLOCATION|ETH|Kraken|buy,3,4,1778108640.0,75.0,31.409178351573424,1,-15.536120018744555,-0.7506710435078694,-0.9125968384701645,-0.9568057732666125,0.3182533556092397,0.16515461057442515,0.2559890923253013,0.03767216042738093,-0.019156676324990456,-0.4528843900346356,-0.6328135931440522,0.3519609748289438
372,aac7e93be9ab331eb1480a5a598554cc,ETH|Kraken|1778113140|1778114940,ETH,Kraken,sell,BASIS_DISLOCATION|ETH|Kraken|sell,0,1,1778113140.0,30.0,36.67512101460706,4,-9.4665276010078,0.9791005530142839,-0.6879691053921352,0.9800696536479059,-0.7228330865565863,0.28267126142368254,-0.07146317379471451,0.12166769715706816,0.26621245911627023,0.34342293835957477,0.1291965195860596,0.1713805279646255
373,977f85a09716141bcd421afd7fa6d658,ETH|Kraken|1778135040|1778136540,ETH,Kraken,buy,BASIS_DISLOCATION|ETH|Kraken|buy,0,1,1778135040.0,25.0,49.92546716687559,2,-17.452407834365445,-0.1168308327041476,-0.6508746905831663,-0.19081693560175925,-0.11594257715051566,0.08964885065517757,-0.43593240613125844,0.31764728919519614,-0.16455757756351735,0.1735203854804915,-0.22754206099839172,-0.1614291728731232
374,f282a9bdb5b1e98268d65d35b9feff17,ETH|Kraken|1778118540|1778120640,ETH,Kraken,sell,LIQUIDITY_SQUEEZE|ETH|Kraken|sell,0,2,1778118540.0,35.0,61.32148939588634,3,-16.721205650342867,-2.0225639931665143,0.4580360305532481,-0.2156788522134556,-0.06623751167572764,0.4276267824697118,0.12816559551855525,-0.24490888333769034,-0.12131580091257128,-0.21265067700062615,-0.07117671537109906,-0.44293438333539326
375,f9c749e6159b2f3b3b6fca99eb81a1bf,ETH|Kraken|1778118540|1778120640,ETH,Kraken,sell,LIQUIDITY_SQUEEZE|ETH|Kraken|sell,1,2,1778118540.0,35.0,61.32148939588634,3,-3.8222227032271867,-1.0255793021832953,-0.4238998558654502,0.47960018283075134,0.39761532963430546,-0.14065380908218728,0.7815123907904716,0.0830959568306533,0.0343565939201677,-0.3656099511746517,-0.07519190938935058,-0.13920244673995635
376,0eb5f710d192f51ec8c38e9ffcc9c768,ETH|Kraken|1778119140|1778120640,ETH,Kraken,sell,LIQUIDITY_SQUEEZE|ETH|Kraken|sell,0,1,1778119140.0,25.0,31.316308063703758,3,-9.679515146580272,-0.5004470060107935,-0.44384438752315497,0.5056007217412672,-0.6362178621262273,0.5744131221869936,0.27459560030330726,0.37407397495751743,-0.3174851282071944,-0.559498666309643,-0.19536598242161884,-0.4719941552024724
377,bbe20a3af29faad155d42c373d8822cb,ETH|Kraken|1778149740|1778153340,ETH,Kraken,buy,BASIS_DISLOCATION|ETH|Kraken|buy,0,3,1778149740.0,60.0,33.55596586742094,1,-15.628056588145927,-2.1996634241074133,-0.3501117332887024,-0.45144475219056446,0.20532296475334688,0.22788214432266785,0.44065305960444495,-0.6117293034186745,-0.24869005857332518,-0.2728665656946981,0.20372230308068068,0.07444422982684674
378,a8236f710759f760e3ad0fdb3e0e5d20,ETH|Kraken|1778149740|1778153340,ETH,Kraken,buy,BASIS_DISLOCATION|ETH|Kraken|buy,1,3,1778149740.0,60.0,33.55596586742094,1,-15.575560843822004,1.505860334173694,-0.6224342370376041,1.0864749177256987,0.1789327312995205,0.5037678924177613,0.5302342286624514,-0.35719776448183443,0.47756499758019433,-0.15628839578139586,-0.07391280735210655,0.2083854066717718
379,04fd4a68b9bca72d8f9d4a7a01e6fcee,ETH|Kraken|1778149740|1778153340,ETH,Kraken,buy,BASIS_DISLOCATION|ETH|Kraken|buy,2,3,1778149740.0,60.0,33.55596586742094,1,-21.599556947019405,2.0401147145354757,-0.2993328513307884,-0.5482876483232288,-0.3050633453909272,0.7996333994460776,0.2876321510937169,0.040855428199194965,0.22827627710735754,0.0894986974522103,-0.03293254577259307,0.20995278292326802
380,7410f4ea7665d4c0a9255e5141ae5ec6,ETH|Kraken|1778149740|1778152740,ETH,Kraken,buy,RELATIVE_STRENGTH|ETH|Kraken|buy,0,2,1778149740.0,50.0,35.583178208126604,1,-15.595790420885038,-1.7246592565627286,-0.7272980184248947,0.08188297380570263,-1.0899478486300125,-0.17399709040797012,0.010889813174877881,0.4015260493882334,-0.3482051643566479,-0.09420521966543134,0.15606763587338912,0.04308732685830518
381,867bd78786ac5ee1f4c15817ea1298f5,ETH|Kraken|1778149740|1778152740,ETH,Kraken,buy,RELATIVE_STRENGTH|ETH|Kraken|buy,1,2,1778149740.0,50.0,35.583178208126604,1,-16.480502190329435,-0.011092230855580565,-0.36955788199833023,-0.24211566325057296,0.34549983402158735,0.09495449570913347,0.5584057271288276,-0.1962578649431826,-0.23247437017655564,-0.33466503289008565,-0.03948001920337277,-0.2602223121525603
382,d6c111b26e773a9ed84f6011eb945798,ETH|Kraken|1778150040|1778158140,ETH,Kraken,buy,VOL_BREAKOUT|ETH|Kraken|buy,0,6,1778150040.0,135.0,33.44687253672964,1,-15.431550685229153,-0.3073547986599199,-0.6141504915112576,0.4005664070251644,-0.6384089448859482,-0.21394622585049394,0.040408272370536506,-0.27975290081671317,-0.380015411981941,-0.32741069521650085,0.46496166265344385,-0.025257639032170563
383,4204e23ce4bde5efd86abac9f32facf9,ETH|Kraken|1778150040|1778158140,ETH,Kraken,buy,VOL_BREAKOUT|ETH|Kraken|buy,1,6,1778150040.0,135.0,33.44687253672964,1,-21.950849309678823,2.4669798845630173,4.228626898414844,-0.41857651961822967,0.1725594129036077,0.5010694460440038,0.41132063090502274,0.08119746858350306,0.42112657390818203,-0.06618216279661243,-0.008459094237062913,-0.3446990632815089
384,40b0e192c7fd1baa44207a0db6cfa7a3,ETH|Kraken|1778150040|1778158140,ETH,Kraken,buy,VOL_BREAKOUT|ETH|Kraken|buy,2,6,1778150040.0,135.0,33.44687253672964,1,-18.792864715118306,-1.2365436742021778,-1.4287491105626426,0.2558788596047395,0.02248421378609688,0.33419767890629026,-0.2551110978381771,-0.15941595481768242,0.024370976699081004,-0.3381957817658944,-0.23703438767641952,-0.44874927650056706
385,feac303195fecc0cae17d3d86aec2940,ETH|Kraken|1778150040|1778158140,ETH,Kraken,buy,VOL_BREAKOUT|ETH|Kraken|buy,3,6,1778150040.0,135.0,33.44687253672964,1,-13.735316688103152,-0.91429667273915,-0.28953271249503465,-0.7891316099868497,0.46097754010373215,-0.058326403357100064,-0.3600339330619059,-0.45062647541197376,0.05104815780693512,-0.1880440436899621,0.2929206706255901,0.21713076025466588
386,0ac4ff6a3943e6dc0a84f9651d99c945,ETH|Kraken|1778150040|1778158140,ETH,Kraken,buy,VOL_BREAKOUT|ETH|Kraken|buy,4,6,1778150040.0,135.0,33.44687253672964,1,-6.00133310325116,-0.03949104835158366,-0.45371180389775767,0.4590923515450492,0.5659910293541969,-0.10471380710617606,0.2374084028515481,0.1528294144914561,-0.05236489398380326,0.6725738252240595,0.25196177745365056,0.2222389509661446
387,87c71141553e9c1e2850a83b7ec2ac54,ETH|Kraken|1778150040|1778158140,ETH,Kraken,buy,VOL_BREAKOUT|ETH|Kraken|buy,5,6,1778150040.0,135.0,33.44687253672964,1,-29.33084341042568,6.131944330217468,-0.6811141471782264,2.322986627724725,-0.25356907206538454,0.4712966294239789,0.5699898438649597,0.10881470316778363,-0.2355787960508542,-0.27496682697514596,0.2584369066307594,0.3638982486682736
388,de6b100aee0036d6f1ff449e9c866b05,ETH|Kraken|1778163840|1778165040,ETH,Kraken,sell,BASIS_DISLOCATION|ETH|Kraken|sell,0,1,1778163840.0,20.0,59.17936923749,2,59.81907294939178,-0.9034675090518605,-0.34440177664771154,-0.03081151687719122,0.283924679885723,0.23453721201946579,-0.15660564910235117,-0.25103855166051214,-0.16390276538723553,0.5904504995876844,0.005990622516818762,-0.15027729820678426
389,7c2abdde8fad7f7e72cf0c7df9c1052c,ETH|Kraken|1778164140|1778165040,ETH,Kraken,sell,BASIS_DISLOCATION|ETH|Kraken|sell,0,1,1778164140.0,15.0,49.03364448051995,3,83.45570131088719,-1.2080589484277144,-0.42635422054399447,0.16483575206676665,0.6027432170588097,-0.329745539110757,-0.2963827453210339,0.11319690063337996,0.2086760518153073,0.018677470242751577,-0.053411835050249115,0.031595724795552685
390,1b68da288618c98513b8e5fe45598f1f,ETH|Kraken|1778160240|1778162040,ETH,Kraken,sell,LIQUIDITY_SQUEEZE|ETH|Kraken|sell,0,1,1778160240.0,30.0,48.13617586292694,4,-5.320666365651487,0.2212702216647393,-0.3786731241831521,-0.47218146169995934,-0.8843238649031305,-0.27199813997649736,-0.07123864991826344,0.10138879848123378,0.16600267926283696,-0.31621187718129157,0.2753640805332386,-0.14169019829157378
391,2e6f38add37eb152e08690820d5a4f3a,ETH|Kraken|1778160540|1778162040,ETH,Kraken,sell,LIQUIDITY_SQUEEZE|ETH|Kraken|sell,0,1,1778160540.0,25.0,32.77607462583857,3,-3.2574012987803105,0.09956103934406303,-0.4079587771560214,-0.5196341274425588,-0.5890675014490354,0.4560097757248389,-0.08108615794722814,0.10892099541909865,-0.14451112815193687,-0.3409606180956902,0.07436455365473886,-0.1584047726015404
392,0ff4ebbcfa444de0244d9177f9a2f695,ETH|Kraken|1778163840|1778165340,ETH,Kraken,sell,VOL_BREAKOUT|ETH|Kraken|sell,0,1,1778163840.0,25.0,55.156750030271866,1,28.90169599848954,-0.6774880454284958,2.5797120100022872,-0.054518750530308954,-0.26452001002405523,0.43637522265058876,-0.2545191062577212,0.15101865939572787,-0.5800079839939106,0.26753513057597955,-0.21244467050881005,-0.26547256821206755
393,23fd5f363bcb8a6dd123054d182ae02f,ETH|Kraken|1778164140|1778165340,ETH,Kraken,sell,VOL_BREAKOUT|ETH|Kraken|sell,0,1,1778164140.0,20.0,45.0069155844148,1,39.549422553182765,-0.9700961105521314,2.2802979180045875,-0.0020817145370233474,0.29127769921323426,0.11740111496380681,-0.2075530027764596,-0.17856220409892581,-0.15279519893849297,0.4509860831908466,-0.004690745028377581,-0.10810150882765586
394,b9020498466dd6252e2c40d41d5c1208,ETH|Kraken|1778184240|1778187840,ETH,Kraken,sell,LIQUIDITY_SQUEEZE|ETH|Kraken|sell,0,3,1778184240.0,60.0,33.020518534622774,3,-14.991330489694011,-1.420383211368221,-0.379862505745925,0.09451487402363996,0.37220625684113146,-0.05674351447925677,0.8840388193362485,0.02449338580078945,0.11435119892265568,-0.2048903809104817,-0.2077041013855201,0.003320969947605821
395,a589635a38283152c75a07d1fc2c0045,ETH|Kraken|1778184240|1778187840,ETH,Kraken,sell,LIQUIDITY_SQUEEZE|ETH|Kraken|sell,1,3,1778184240.0,60.0,33.020518534622774,3,-26.901893187808675,0.9808072994280458,-0.41619080641746936,-1.0105532432726705,-0.7264212948962561,0.8207624153906665,0.21367497634945906,0.3620054242575081,-0.1712343352675911,-0.1336289216307032,0.26201511366017255,-0.017494758283397555
396,d5988cfc2f8668534f38f7963ee39db6,ETH|Kraken|1778184240|1778187840,ETH,Kraken,sell,LIQUIDITY_SQUEEZE|ETH|Kraken|sell,2,3,1778184240.0,60.0,33.020518534622774,3,-26.831651263677575,-0.755324714738522,-0.44086169328760794,0.7645946828561612,0.5321740030735485,-0.3175897024812445,-0.06608260993818411,0.13494496038157955,0.023090552464502416,0.0748424517328352,0.037369417912158906,-0.11169242049422014
397,87a2363a50f78707d65ae3ebb5563935,ETH|Kraken|1778205540|1778207040,ETH,Kraken,sell,LIQUIDITY_SQUEEZE|ETH|Kraken|sell,0,1,1778205540.0,25.0,35.06287345692507,3,-7.886778546174251,4.4331976930908645,-0.44630022567586675,-2.218629095705119,-0.0009350653710821426,0.4329183363479422,-0.05485711438691758,0.05743395666726096,0.2541348742233823,-0.21851005060775097,0.19768372389034253,-0.3233515635402638
398,684378e52b6c5f88897a6e1db38c303a,ETH|Kraken|1778247840|1778250540,ETH,Kraken,buy,BASIS_DISLOCATION|ETH|Kraken|buy,0,2,1778247840.0,45.0,35.63093443236495,2,-14.931913087360448,1.0450015362334144,-0.7797471551798866,0.9542083639042123,-0.7693413809763497,0.2750653810681541,-0.1462181810683308,-0.001160546459718239,0.4632289344710872,-0.23954908764654984,0.06275480924218547,0.38146297492332903
399,b2b2ada001dd943c09527578d8ce9c1c,ETH|Kraken|1778247840|1778250540,ETH,Kraken,buy,BASIS_DISLOCATION|ETH|Kraken|buy,1,2,1778247840.0,45.0,35.63093443236495,2,-15.888131178881515,1.132466016698337,0.49183285243669417,1.3406327478522455,0.6161315047795024,-0.27538119826292995,-0.16364823964425443,-0.09082953354012371,0.3393805460689944,-0.09482762575541948,0.1291388169382992,0.08285358206759921
400,ca924bfbba2b937adc1474809708ff47,ETH|Kraken|1778254140|1778256240,ETH,Kraken,buy,BASIS_DISLOCATION|ETH|Kraken|buy,0,2,1778254140.0,35.0,45.36033780845958,2,-15.789800359385033,-1.6298044702832515,1.0321810508313654,-0.3401314977666721,0.22052884955572433,0.3115505933017375,0.23058388217180853,-0.28700282175341235,0.3690674069355908,0.08793633688375575,-0.30445682471726104,-0.2755619117211557
401,27655eb9c46b643da617d74a056bea16,ETH|Kraken|1778254140|1778256240,ETH,Kraken,buy,BASIS_DISLOCATION|ETH|Kraken|buy,1,2,1778254140.0,35.0,45.36033780845958,2,62.46246316502665,-1.4559165304605215,-0.3264888464032686,-0.5313436656431119,0.46825628866171326,-0.43471156478189454,-0.4926314361532553,0.03664058963910787,-0.39273222375857353,-0.2539070668010541,0.22552637276798448,-0.49490067523637715
402,d38980138a48e1bf312614d29cf249c5,ETH|Kraken|1778259540|1778261940,ETH,Kraken,buy,BASIS_DISLOCATION|ETH|Kraken|buy,0,1,1778259540.0,40.0,77.01987499781546,1,-21.198011645815114,2.9192939858307163,0.44671758867797806,1.0180780820556519,-0.6144293934975833,0.08652882772280392,-0.3183866431233953,-0.36945687917873327,-0.43633818017857995,-0.11322010681710372,-0.07386799214362579,-0.33639164198622223
403,f041d4bbeebd08729703e6f17ecb0c3a,ETH|Kraken|1778261040|1778261940,ETH,Kraken,buy,BASIS_DISLOCATION|ETH|Kraken|buy,0,1,1778261040.0,15.0,40.677027121120865,2,-22.612731962748885,0.3311707269713454,0.2286060386947637,0.8198766865674656,0.5581738858077134,-0.4433900985508651,-0.4052319930991165,0.18606948665314405,-0.4785161765789611,-0.06904637922647133,0.25475648787146504,-0.31928811766340176
404,8e035ad032d4d3517b2db7f0c81d83fd,ETH|Kraken|1778263140|1778265540,ETH,Kraken,buy,LIQUIDITY_SQUEEZE|ETH|Kraken|buy,0,1,1778263140.0,40.0,44.80030080213754,2,-16.633710102070594,1.955009622239708,1.798713805632214,1.1827412845486465,-0.8446690514581477,-0.6081548396260812,0.23835914158882487,-0.028025095616985463,0.21601682627550894,0.022524490220952143,0.2678640342164839,0.16954638585012996
405,3ec325e11beea319f2dcfa46c7ec0145,ETH|Kraken|1778254140|1778258040,ETH,Kraken,buy,VOL_BREAKOUT|ETH|Kraken|buy,0,3,1778254140.0,65.0,39.74038550216697,1,-15.63778604012503,-1.5492927410623094,-0.21543754068784987,-0.4646385261017038,-1.0817237364522891,0.19700181326181085,0.040528596923907936,0.41314618555765475,-0.4235422875395472,-0.10691022229375363,0.5324426451828799,0.5103539007160884
406,c3f0555c20c2f9f1da47c3396f321d92,ETH|Kraken|1778254140|1778258040,ETH,Kraken,buy,VOL_BREAKOUT|ETH|Kraken|buy,1,3,1778254140.0,65.0,39.74038550216697,1,72.37245581416924,-0.039826513831297095,-0.4243974424696755,-0.038295077506544664,0.5892738118675489,-0.3974722189160452,-0.5002159625354031,0.004238417168754202,-0.036930626737268955,-0.4447358756931954,0.05437744925276181,-0.13841799375648783
407,2dc1012836afc3f58a541b271f258fc5,ETH|Kraken|1778254140|1778258040,ETH,Kraken,buy,VOL_BREAKOUT|ETH|Kraken|buy,2,3,1778254140.0,65.0,39.74038550216697,1,-19.62763319605721,-1.4815028618989843,-0.37851495181848177,-0.14610846056733398,0.45951626159294534,-0.09473711954208337,-0.10288936395422359,-0.260570432220686,0.4450126637562728,-0.07865607286207299,0.10769773395168461,0.43485288008142525
408,b2818bd710433930c44375deddf617c2,ETH|Kraken|1778274840|1778278740,ETH,Kraken,buy,BASIS_DISLOCATION|ETH|Kraken|buy,0,4,1778274840.0,65.0,32.971923228738596,2,-15.644454813885236,-0.19451433108500887,-0.5554383827529024,-0.7959125986478135,0.5455575124042665,0.026537416444188448,0.305874896244645,-0.09940068080596165,-0.03866142441235668,0.6477075948222502,0.3822698984246593,-0.0842243176487435
409,20049b1f339b6865c74a459dd550530a,ETH|Kraken|1778274840|1778278740,ETH,Kraken,buy,BASIS_DISLOCATION|ETH|Kraken|buy,1,4,1778274840.0,65.0,32.971923228738596,2,-11.122589959757276,0.1088467014348305,1.3390617052145013,-0.24142060573689175,0.6345673790526924,-0.38297638103281645,-0.3613362708299023,0.29417700701889105,0.017950789709465127,-0.24820181124097654,0.25361367892762104,0.45392331852647044
410,696dd79e881e15b14ec429c13c1ae89b,ETH|Kraken|1778274840|1778278740,ETH,Kraken,buy,BASIS_DISLOCATION|ETH|Kraken|buy,2,4,1778274840.0,65.0,32.971923228738596,2,-16.14448229347914,0.19332900450133733,-0.41766192316725176,0.3403589626139904,0.5489924268788334,-0.16514016873722975,0.8797010811363188,0.3739068219868592,0.09824352069686684,0.041641340087096954,0.00861039939593081,0.06685562888225093
411,a493639d70fea354ebd3f8de5e79e9c3,ETH|Kraken|1778274840|1778278740,ETH,Kraken,buy,BASIS_DISLOCATION|ETH|Kraken|buy,3,4,1778274840.0,65.0,32.971923228738596,2,-3.7162321037886024,-1.4089742941801147,0.28879075665411,-0.0624426150967708,0.7166282448631723,-0.38729184938937744,-0.356037760302341,0.33091751065269337,0.10477308935366468,0.45874156694336793,-0.3527134293320608,-0.006488326677830884
412,c648c8721a5b9608b6bcdf3afdea0c94,ETH|Kraken|1778339640|1778344140,ETH,Kraken,buy,BASIS_DISLOCATION|ETH|Kraken|buy,0,4,1778339640.0,75.0,62.45482307014253,1,-20.706838515131654,0.5028718288755821,3.469149924871657,0.9555258909701365,0.17755752640886424,0.21942272411382874,0.5248029539706275,0.22599267843970605,0.3396685669670588,-0.3503141582462756,0.0847156408001946,-0.3041648683891435
413,3a3b733db60dbf8ba6898a237ebaec4e,ETH|Kraken|1778339640|1778344140,ETH,Kraken,buy,BASIS_DISLOCATION|ETH|Kraken|buy,1,4,1778339640.0,75.0,62.45482307014253,1,-17.19619600296948,-0.9177358135531919,2.62845022699736,-0.4191759278519031,0.5990033461123766,-0.5023987882956861,-0.5208145449927911,0.40343843572472976,-0.3531742515787819,-0.28437929186083016,-0.058505577372177084,-0.04551353309257482
414,fd8e83fb444cc748069d7e316649fb7a,ETH|Kraken|1778339640|1778344140,ETH,Kraken,buy,BASIS_DISLOCATION|ETH|Kraken|buy,2,4,1778339640.0,75.0,62.45482307014253,1,-19.19172324696839,-0.6799179432916705,-0.5355385044175085,0.025516470140335798,-0.361326598859766,0.6150685655442955,0.3486381709036309,-0.0730030418850166,0.27638232626232523,-0.41418730070669385,-0.2484780476877425,-0.21113575171166635
415,1e1131ab88654edb90aa1c5cd9394c3d,ETH|Kraken|1778339640|1778344140,ETH,Kraken,buy,BASIS_DISLOCATION|ETH|Kraken|buy,3,4,1778339640.0,75.0,62.45482307014253,1,10.646886141084474,-1.162158260078049,0.23206836846580983,0.45194497706587017,0.5706159585318084,-0.33843675148203567,0.10447528982758222,0.3438068666865305,-0.23541486281566937,-0.028385589746354956,-0.39670197593870277,-0.18847198089705514
416,0288dfa8871e96f24d210aa2ed864490,ETH|Kraken|1778340240|1778344140,ETH,Kraken,buy,BASIS_DISLOCATION|ETH|Kraken|buy,0,3,1778340240.0,65.0,41.94264633231979,2,-17.52680352070132,-1.2342394410900752,0.05546035214589699,-0.620791937178474,-0.26739521422500134,0.02174497455739157,-0.0883369041474017,0.4517619925778925,0.11643862799795252,-0.0021809340205061318,0.5409469630591562,-0.39576204715182933
417,c7e4085b71061893c41ed82d91426dc0,ETH|Kraken|1778340240|1778344140,ETH,Kraken,buy,BASIS_DISLOCATION|ETH|Kraken|buy,1,3,1778340240.0,65.0,41.94264633231979,2,-20.190247289551813,-0.7681179153874604,-0.497238729161525,0.01967314803548521,0.016933564556415114,0.5726198599716078,0.614052891819837,-0.38489627304507,0.011710106248592056,0.09405844233043711,0.012839042786977797,0.05462945771848654
418,3dd65d0d8394149f611e2dff48bea771,ETH|Kraken|1778340240|1778344140,ETH,Kraken,buy,BASIS_DISLOCATION|ETH|Kraken|buy,2,3,1778340240.0,65.0,41.94264633231979,2,10.646886141084474,-1.162158260078049,0.23206836846580983,0.45194497706587017,0.5706159585318084,-0.33843675148203567,0.10447528982758222,0.3438068666865305,-0.23541486281566937,-0.028385589746354956,-0.39670197593870277,-0.18847198089705514
419,c3cacfe42b2568f585754454707252e8,ETH|Kraken|1778339640|1778345640,ETH,Kraken,buy,VOL_BREAKOUT|ETH|Kraken|buy,0,4,1778339640.0,100.0,61.06552527476495,1,-19.10240258625672,-0.059706319336782346,0.54922960131053,0.11791868267973855,-1.249490511745322,-0.03583269380531592,-0.2806441475869889,-0.25078138915688114,0.37156945299147026,0.00911447951577962,-0.09122334033127227,-0.35530255298707625
420,832d59e81991dcfa8df1808db7a13a0a,ETH|Kraken|1778339640|1778345640,ETH,Kraken,buy,VOL_BREAKOUT|ETH|Kraken|buy,1,4,1778339640.0,100.0,61.06552527476495,1,-18.876676247593522,-0.6060926847325662,-0.49831923899221564,-0.008778410745474146,-0.6251137759408999,0.5932555837041583,0.23474495459790387,-0.12245619471637079,0.10846190721471723,-0.3113164347397243,0.08038140166612646,-0.11373644324917237
421,ddd4df8ecc3f64312b0f59c70232160c,ETH|Kraken|1778339640|1778345640,ETH,Kraken,buy,VOL_BREAKOUT|ETH|Kraken|buy,2,4,1778339640.0,100.0,61.06552527476495,1,10.897765859203394,-1.0206798136435442,-0.44967422890751724,0.602845455446331,0.5403069703190594,-0.344698710500385,0.04836983410926589,0.3890305158338341,-0.33076803567662244,-0.036035962366627115,-0.06146070563346053,-0.007488160793834128
422,953756766442b9d0cab93c69257569d0,ETH|Kraken|1778339640|1778345640,ETH,Kraken,buy,VOL_BREAKOUT|ETH|Kraken|buy,3,4,1778339640.0,100.0,61.06552527476495,1,-15.269899338364027,-1.1592179557392241,-0.5062470669749243,-0.5932887670639619,-0.24312636940325005,0.45835569153593264,-0.20439952546573037,0.258518103159794,-0.08766868585342762,0.022334781107375388,0.040483947486367515,0.1716606395897837
423,865e843b8248cf96c1708c67c0323448,ETH|Kraken|1778340240|1778345640,ETH,Kraken,buy,VOL_BREAKOUT|ETH|Kraken|buy,0,4,1778340240.0,90.0,40.55617819890047,1,-18.20583073084338,-1.3439410606525897,0.6328640507465898,-0.5971627811390849,-0.18286999177930938,0.2993575232558454,0.12113751815339109,0.4142144235384835,0.2955238801944158,-0.33830847117721646,-0.3413305437103438,0.08734465353420333
424,880c578b525d12fffad3d52061cf14bf,ETH|Kraken|1778340240|1778345640,ETH,Kraken,buy,VOL_BREAKOUT|ETH|Kraken|buy,1,4,1778340240.0,90.0,40.55617819890047,1,-19.19172324696839,-0.6799179432916705,-0.5355385044175085,0.025516470140335798,-0.361326598859766,0.6150685655442955,0.3486381709036309,-0.0730030418850166,0.27638232626232523,-0.41418730070669385,-0.2484780476877425,-0.21113575171166635
425,5c472ef4cd3c3544b785b78c2b67383e,ETH|Kraken|1778340240|1778345640,ETH,Kraken,buy,VOL_BREAKOUT|ETH|Kraken|buy,2,4,1778340240.0,90.0,40.55617819890047,1,10.646886141084474,-1.162158260078049,0.23206836846580983,0.45194497706587017,0.5706159585318084,-0.33843675148203567,0.10447528982758222,0.3438068666865305,-0.23541486281566937,-0.028385589746354956,-0.39670197593870277,-0.18847198089705514
426,dc829b7c066a8794f90dbd6df8157139,ETH|Kraken|1778340240|1778345640,ETH,Kraken,buy,VOL_BREAKOUT|ETH|Kraken|buy,3,4,1778340240.0,90.0,40.55617819890047,1,-15.082435969204488,-1.098073049002099,-0.5283828097898087,-0.6027805806263601,-0.41656822387875125,0.15439293067119864,-0.03387946109972289,0.5892897150786739,0.2982137678285084,-0.23620155903838136,-0.24852663676798253,-0.028150976911271497
427,003ddcc99843cb9b23b11ee1b3a875ce,ETH|Kraken|1778425140|1778429340,ETH,Kraken,buy,BASIS_DISLOCATION|ETH|Kraken|buy,0,4,1778425140.0,70.0,58.21442173586564,1,-18.25020958991355,-0.26736429063537875,-0.6177346466568501,-0.2722415464359982,0.3957699013656942,0.10367207644186693,0.20441496592819783,-0.42889568552489077,-0.09066815328352892,0.1736637560918775,0.16901584166360928,0.3394755663941633
428,a64bb530d5ebf48b730433066b016e3d,ETH|Kraken|1778425140|1778429340,ETH,Kraken,buy,BASIS_DISLOCATION|ETH|Kraken|buy,1,4,1778425140.0,70.0,58.21442173586564,1,-14.21072813095491,-1.8249337136203077,-0.4993616217960958,-0.37105417296165927,0.227743759153274,0.08844086972852586,-0.21295502057593874,0.09953986319576914,-0.04822022181293317,0.13540995580105442,0.42886620593252966,0.16862261024579184
429,06bdded973ceb710fea1583ded1801b7,ETH|Kraken|1778425140|1778429340,ETH,Kraken,buy,BASIS_DISLOCATION|ETH|Kraken|buy,2,4,1778425140.0,70.0,58.21442173586564,1,-31.660800623022133,1.9604762355687855,-0.6830635978271828,1.584556840654181,0.7181902219373331,-0.2875975864186989,-0.0641035059591936,0.038762191592124316,0.4421179439514324,0.02478764201161577,0.23629876778144676,-0.06868960046310725
430,958600168c53f53cdbd9fb005d38ce22,ETH|Kraken|1778425140|1778429340,ETH,Kraken,buy,BASIS_DISLOCATION|ETH|Kraken|buy,3,4,1778425140.0,70.0,58.21442173586564,1,-8.77337035175813,-1.2176288883377646,-0.8030128757798449,0.16709168179609837,0.38353788345438194,0.030154922059874478,0.4442872427006819,-0.22410365175301492,-0.33917984404647916,0.24081985666785855,-0.01027227324480358,-0.1948897621956698
431,6fb33532621695d17a9519b28ab7251f,ETH|Kraken|1778427240|1778429340,ETH,Kraken,buy,BASIS_DISLOCATION|ETH|Kraken|buy,0,2,1778427240.0,35.0,31.244765162570978,1,-30.726642839011504,0.7214427618555509,-0.5515342708771864,1.2284727907557977,0.5462802636299446,-0.1604251059870231,-0.05461096878151516,-0.2817443409807609,0.5826237201882766,-0.15902298269811233,0.573367293435004,-0.01925886896118328
432,b62740c3dcb77d85e6758d0c85dbdc70,ETH|Kraken|1778427240|1778429340,ETH,Kraken,buy,BASIS_DISLOCATION|ETH|Kraken|buy,1,2,1778427240.0,35.0,31.244765162570978,1,-9.137103526541816,-1.2360580506690129,-0.7705312557463098,0.25304630318126337,0.39190969170563017,0.005630036608580462,0.4420504163595834,-0.1329606854862034,-0.34329737855452963,0.15516768622924124,-0.15218475955041402,-0.020424331946732707
433,b4a08ade6b837f713016022851ea62b2,ETH|Kraken|1778434740|1778436540,ETH,Kraken,buy,LIQUIDITY_SQUEEZE|ETH|Kraken|buy,0,1,1778434740.0,30.0,35.931260759601045,3,-20.590051185900535,0.6511065217475047,-0.651953550314454,1.020955600161862,-0.7746073323468473,0.20984859897842112,-0.6001472393902546,0.23556795532144292,-0.030789887469080367,0.7028899830092656,0.02268670675434498,0.1232709678705707
434,86d1eb4a5a8cda769b5191e87d30a9b4,ETH|Kraken|1778425140|1778428440,ETH,Kraken,buy,RELATIVE_STRENGTH|ETH|Kraken|buy,0,3,1778425140.0,55.0,56.84143600472021,1,-18.25020958991355,-0.26736429063537875,-0.6177346466568501,-0.2722415464359982,0.3957699013656942,0.10367207644186693,0.20441496592819783,-0.42889568552489077,-0.09066815328352892,0.1736637560918775,0.16901584166360928,0.3394755663941633
435,98f3241269207c155f5403501f81418f,ETH|Kraken|1778425140|1778428440,ETH,Kraken,buy,RELATIVE_STRENGTH|ETH|Kraken|buy,1,3,1778425140.0,55.0,56.84143600472021,1,-14.21072813095491,-1.8249337136203077,-0.4993616217960958,-0.37105417296165927,0.227743759153274,0.08844086972852586,-0.21295502057593874,0.09953986319576914,-0.04822022181293317,0.13540995580105442,0.42886620593252966,0.16862261024579184
436,06e36d349c7bffc3a2366321319cb9e2,ETH|Kraken|1778425140|1778428440,ETH,Kraken,buy,RELATIVE_STRENGTH|ETH|Kraken|buy,2,3,1778425140.0,55.0,56.84143600472021,1,-29.846975411731346,2.258606565263863,-0.6398358811332456,1.6011699016247842,0.596154435364904,-0.0635498639602509,0.07514747354449632,-0.28685618089827447,-0.1935874278678543,0.2182384480807673,-0.030141437498744282,-0.2670285754392056
437,5dacfbb68579e9ea6c27a3e686ac3069,ETH|Kraken|1778425140|1778429940,ETH,Kraken,buy,VOL_BREAKOUT|ETH|Kraken|buy,0,4,1778425140.0,80.0,45.51430372277676,1,-18.25020958991355,-0.26736429063537875,-0.6177346466568501,-0.2722415464359982,0.3957699013656942,0.10367207644186693,0.20441496592819783,-0.42889568552489077,-0.09066815328352892,0.1736637560918775,0.16901584166360928,0.3394755663941633
438,9b7c7be188861e49b3ca3455f3694dba,ETH|Kraken|1778425140|1778429940,ETH,Kraken,buy,VOL_BREAKOUT|ETH|Kraken|buy,1,4,1778425140.0,80.0,45.51430372277676,1,-14.21072813095491,-1.8249337136203077,-0.4993616217960958,-0.37105417296165927,0.227743759153274,0.08844086972852586,-0.21295502057593874,0.09953986319576914,-0.04822022181293317,0.13540995580105442,0.42886620593252966,0.16862261024579184
439,40f4b10c68b1dc8510c98a2d695487c5,ETH|Kraken|1778425140|1778429940,ETH,Kraken,buy,VOL_BREAKOUT|ETH|Kraken|buy,2,4,1778425140.0,80.0,45.51430372277676,1,-31.660800623022133,1.9604762355687855,-0.6830635978271828,1.584556840654181,0.7181902219373331,-0.2875975864186989,-0.0641035059591936,0.038762191592124316,0.4421179439514324,0.02478764201161577,0.23629876778144676,-0.06868960046310725
440,3d877cb45046fbd63ea303db8ad37af3,ETH|Kraken|1778425140|1778429940,ETH,Kraken,buy,VOL_BREAKOUT|ETH|Kraken|buy,3,4,1778425140.0,80.0,45.51430372277676,1,-11.969311147776054,-0.8505153347764466,-0.70988736517375,0.26512341670809947,-0.5561282379529451,0.45356572661619,-0.06990438241450979,0.02234203450077064,0.3062891353163947,-0.15519244429836904,-0.03932030708045414,0.029845599037810592
441,030d811955d71e1740ab1f2f80f1720e,ETH|Kraken|1778439840|1778441940,ETH,Kraken,buy,BASIS_DISLOCATION|ETH|Kraken|buy,0,2,1778439840.0,35.0,30.182679274783542,1,-19.537471984227416,-1.4222535518188395,-0.4299833689466973,0.3374077379824315,0.306424782292183,-0.021359627318235395,-0.05540238704252671,-0.16290414209558732,-0.17346021490259103,-0.04844453838449757,0.28798269513439784,-0.3317437917774996
442,270d6e4f542afc662cb5ecfb7792e74d,ETH|Kraken|1778439840|1778441940,ETH,Kraken,buy,BASIS_DISLOCATION|ETH|Kraken|buy,1,2,1778439840.0,35.0,30.182679274783542,1,-33.57327645215104,-1.9376871222080945,-0.4470572069350796,-0.38626434456919106,0.5333375374648882,-0.25437136003286437,0.39233923404578447,0.3628765453966623,0.09031779916848529,0.1706497544334182,-0.012056200063544367,-0.06504204337151334
443,75ebaacffb9474ec7c5b009af1f0f372,ETH|Kraken|1778444940|1778446440,ETH,Kraken,sell,BASIS_DISLOCATION|ETH|Kraken|sell,0,1,1778444940.0,25.0,103.65528347503806,4,74.18542298718263,0.03598726284893019,-0.39565651771329896,-0.046682960380062075,-0.11316240406459342,0.5090664552772748,0.049722513729492455,-0.13702695354559744,0.2924090403782935,0.29097012746165885,-0.3238952487485762,0.05300280120536334
444,802fa0f1d4c68551578ac73604982d22,ETH|Kraken|1778445240|1778446440,ETH,Kraken,sell,BASIS_DISLOCATION|ETH|Kraken|sell,0,1,1778445240.0,20.0,74.19448493061948,4,46.29359392746061,-0.6035976842780343,-0.40753757902500126,-0.11768593812257569,0.39992997351006965,0.07232748408326775,0.2915585405730887,0.19733229350818837,-0.14803526842554104,0.37654483048494297,-0.2776532275726886,0.2568245904112056
445,14304a4052c47508a7490626c13ad537,ETH|Kraken|1778445540|1778446440,ETH,Kraken,sell,BASIS_DISLOCATION|ETH|Kraken|sell,0,1,1778445540.0,15.0,61.54331787206161,4,65.9281341958715,-1.0951697798323654,-0.4914464003749724,-0.0010062797396681018,0.5734819544098884,-0.4396201819253805,-0.2934018789134575,0.4339731266319958,-0.5347331739592014,0.4052984691060269,0.22638495731668723,-0.2528345173320191
446,01af8ad2db2ffa20bb64464c8c93706f,ETH|Kraken|1778450340|1778451840,ETH,Kraken,buy,BASIS_DISLOCATION|ETH|Kraken|buy,0,1,1778450340.0,25.0,67.5401241585829,1,-20.6082225052132,-0.4288676749061083,-0.747479177812099,0.511214958933016,-0.0817340085294298,-0.03224215808291066,-0.30627784399573366,0.1732283208331622,-0.2988191293549576,-0.218018579101766,-0.05477978583307578,-0.3345796600505613
447,e4234f4c40578420d91643710aefb57b,ETH|Kraken|1778450640|1778451840,ETH,Kraken,buy,BASIS_DISLOCATION|ETH|Kraken|buy,0,1,1778450640.0,20.0,37.28882848355987,1,-21.095375119083073,0.009781391603943732,-0.7017731871027996,0.6735664076146859,0.18013357221920198,0.2092779007835957,-0.31798596410061,-0.3115846379127481,0.04874313326027718,-0.4872831913876811,-0.15152094674052533,-0.050702033805045336
448,b922dac211be53f80d06cb10d471185d,ETH|Kraken|1778451840|1778452740,ETH,Kraken,buy,BASIS_DISLOCATION|ETH|Kraken|buy,0,1,1778451840.0,15.0,52.7557380503399,3,-23.085966292176593,-0.9222912767517811,-0.8860763798450898,0.9041066403032914,0.5076881944579457,-0.3716493657702153,-0.6111137225549741,-0.20325221739180116,0.1457080614319208,-0.49336907204243363,0.1728680415171301,-0.1605092114857418
449,6f1b7d7f3626ed7b6e67e497e715ef74,ETH|Kraken|1778458140|1778459040,ETH,Kraken,sell,BASIS_DISLOCATION|ETH|Kraken|sell,0,1,1778458140.0,15.0,30.047771574804557,4,68.48209978927503,-0.1811174596209981,-0.7556725303144864,-0.8830106468309394,0.6518016974262825,-0.2932374606856549,0.2791618658874419,0.44537178399593114,-0.23698494182810156,0.1050956946995916,-0.40100805941306095,0.2014316785552948
450,6e94889fb5db96b8640393e2fd900656,ETH|Kraken|1778443740|1778446440,ETH,Kraken,sell,LIQUIDITY_SQUEEZE|ETH|Kraken|sell,0,2,1778443740.0,45.0,172.1325183131639,3,-1.1874314644602715,-0.41581354540736337,-0.44370769884235695,-0.5802769354670916,-0.16058573043514626,0.32213787377368797,-0.569665548592574,0.02524024023518009,-0.1541496626881615,0.1963804606718467,0.09708362498273115,-0.0890449745455046
451,86610f512950e2c73abf4443a290cbf1,ETH|Kraken|1778443740|1778446440,ETH,Kraken,sell,LIQUIDITY_SQUEEZE|ETH|Kraken|sell,1,2,1778443740.0,45.0,172.1325183131639,3,90.69538356301638,-0.4698397946562124,-0.41541661241277417,-0.14536540988442503,0.26268352266967165,0.23112644110166775,0.2049798716453568,0.09929810396606978,-0.09159367935032502,0.3813065248460004,-0.12079331232059666,0.28320446248528097
452,bb82e3a3044eaa6e4a4778df8633bac4,ETH|Kraken|1778446140|1778447640,ETH,Kraken,buy,LIQUIDITY_SQUEEZE|ETH|Kraken|buy,0,1,1778446140.0,25.0,35.27780057093159,2,52.380320034906376,-1.420242183123564,-0.4935721748980404,0.3080974011330199,-0.31690545869096837,0.5194584053073205,-0.11947541543745976,0.02490211952474864,0.09148066207773645,-0.3193591035509455,0.0017124318459832654,-0.05714001009987494
453,1dafe3d979234646d20ad7095d731906,ETH|Kraken|1778456640|1778459040,ETH,Kraken,sell,LIQUIDITY_SQUEEZE|ETH|Kraken|sell,0,2,1778456640.0,40.0,73.31414739926902,4,25.82931023128562,-1.1575933795324982,-0.7643801260331422,-0.13536058701917322,0.5613871965513016,-0.19564064655850913,-0.303581769602227,-0.07769406601073729,-0.06447234754435512,0.04709176114035162,-0.3634444584713535,0.19457627884629783
454,763c33c7072fb511d49601ca6028c7b7,ETH|Kraken|1778456640|1778459040,ETH,Kraken,sell,LIQUIDITY_SQUEEZE|ETH|Kraken|sell,1,2,1778456640.0,40.0,73.31414739926902,4,99.50174298303459,0.8006661216343075,-0.8272890282161729,-0.9962314800905308,-0.11914091653858336,0.6864281438826946,-0.09997852500319389,0.02906606504344137,0.16269578120852643,0.4008257357248255,-0.4550866067080296,-0.09239218807306981
455,c758da16cb2695f4df2bef02ca360d19,ETH|Kraken|1778456940|1778459040,ETH,Kraken,sell,LIQUIDITY_SQUEEZE|ETH|Kraken|sell,0,1,1778456940.0,35.0,60.91154121411193,3,75.70870402966273,2.538066947533185,-0.794224107319623,-1.191429453925844,-1.0807728154807341,-0.35987217025980145,-0.33838213472356155,0.3662985705236321,-0.07555636621540557,0.018459341122878874,0.09765552809144946,0.05835358733363722
456,ba1717d7bb7fdebdf45039675fc930bb,ETH|Kraken|1778450340|1778451240,ETH,Kraken,buy,RELATIVE_STRENGTH|ETH|Kraken|buy,0,1,1778450340.0,15.0,39.18894714036379,1,-19.822519263742183,-0.2145882169392485,-0.5570757753157658,0.4137999166696858,0.6165810239117441,-0.3478991191255623,-0.46059920687331696,-0.18331915200044213,0.25270003936664226,-0.32724333139425343,-0.22014821251840608,-0.3016308448917327
457,7b2debab829d28ea72a7b3fbc6947deb,ETH|Kraken|1778450340|1778452740,ETH,Kraken,buy,VOL_BREAKOUT|ETH|Kraken|buy,0,2,1778450340.0,40.0,131.9200284011693,1,-18.847961231919196,-0.28902529887612594,-0.3029106543394384,0.28915245156487573,0.6110354040076642,-0.23684419627380937,-0.4155480460581322,0.05157882514924856,0.0037012973609972053,0.2794013783662214,0.09308683375570666,0.3809921725759236
458,bf1f92c2c2b763baffb52d4b2edb5ab4,ETH|Kraken|1778450340|1778452740,ETH,Kraken,buy,VOL_BREAKOUT|ETH|Kraken|buy,1,2,1778450340.0,40.0,131.9200284011693,1,-23.92686450086785,-0.039584336289559645,-0.8976647061326394,1.0735508124467497,0.26783626115408443,-0.10974237962324425,-0.24013503024814417,-0.015650689851373804,-0.4481852568946881,-0.1270535503713843,0.3155997423659196,-0.31280820239847634
459,4fe7c3e7b14a9837a184fc71fd14694c,ETH|Kraken|1778450640|1778452740,ETH,Kraken,buy,VOL_BREAKOUT|ETH|Kraken|buy,0,1,1778450640.0,35.0,101.47542035407764,1,-22.13317347312489,0.7348288605880976,-0.8454887141126135,1.1499385187018507,-0.3177820117738048,-0.22598448215957798,0.25438519194757697,0.08838016384204417,0.005037889231100221,0.3001862737267655,0.4594756937601763,-0.06420008549911439
460,831f5df38d1a81a9ec346eefa7e87d87,ETH|Kraken|1778451240|1778452740,ETH,Kraken,buy,VOL_BREAKOUT|ETH|Kraken|buy,0,1,1778451240.0,25.0,82.2242749864459,1,-22.409366175715142,-0.32617097621473523,-0.832712039459354,0.9479290705461347,0.005280398359513294,0.0897291885999301,-0.36730916855215695,0.15695502869054603,-0.2149570858768067,0.13182273793054136,0.5278209637992414,0.09637905694084059
461,985fc9a68c23d28004c97c1bc6a1f11c,ETH|Kraken|1778465040|1778468040,ETH,Kraken,sell,BASIS_DISLOCATION|ETH|Kraken|sell,0,2,1778465040.0,50.0,45.80508007562401,3,-6.380103137734475,-0.875852724313697,-0.47346676737469573,-0.8872409066034369,0.6023889092809009,-0.259143891159114,-0.10399261427345607,0.02699208572523051,0.20876041902892206,0.1062934428670493,0.09497021531056571,-0.07515383355871971
462,c49287040608e92634c4a83b1e176f92,ETH|Kraken|1778465040|1778468040,ETH,Kraken,sell,BASIS_DISLOCATION|ETH|Kraken|sell,1,2,1778465040.0,50.0,45.80508007562401,3,-14.012858001603314,6.445761004073026,-0.80838603524645,-2.1316135950904553,-0.9317109006022684,-0.2729117050733088,0.410654297186887,0.35239494336339605,-0.2824542808011168,0.006562682945798473,0.016745244768282187,0.34309448296595996
463,ebf85e562b6e320e6e283d886c5af990,ETH|Kraken|1778461740|1778462640,ETH,Kraken,buy,LIQUIDITY_SQUEEZE|ETH|Kraken|buy,0,1,1778461740.0,15.0,51.02757046945641,2,-20.12446974583492,-1.0614705565583908,1.043263754041108,0.22619577744278488,0.5892865748752589,-0.29579492440876926,0.19372666657712767,0.31287146819992623,0.2763484799446314,-0.3286542832340362,-0.3488475765804821,0.1657823217496162
464,83293648b0ed53731b5f885a40e1e52d,ETH|Kraken|1778468340|1778469540,ETH,Kraken,sell,LIQUIDITY_SQUEEZE|ETH|Kraken|sell,0,1,1778468340.0,20.0,48.072429233814745,3,2.489732754488924,1.8393229502708224,-0.3900684643182265,-1.5981727815764306,0.1273603700911171,0.47322544814579887,-0.7770918869564842,0.08117740609106001,-0.33748569008815105,-0.10146366187423804,-0.29698236435881753,0.11584531785267192
465,e5d78d9f9d826187cae2e556aa1c981f,ETH|Kraken|1778468640|1778469540,ETH,Kraken,sell,LIQUIDITY_SQUEEZE|ETH|Kraken|sell,0,1,1778468640.0,15.0,34.52972630971989,4,6.106221504689282,0.39496090992703475,-0.4450633985492982,-1.3752092941255236,0.740034644917939,-0.3480528368761068,-0.4101817176795824,-0.09271883078719781,0.19732921714255458,-0.14286563012191555,-0.488725106570193,-0.1936350429607698
466,94456c063a70c2dc569f3bbeb8d98ad7,ETH|Kraken|1778465040|1778469540,ETH,Kraken,sell,VOL_BREAKOUT|ETH|Kraken|sell,0,4,1778465040.0,75.0,109.95791684682607,1,-6.380103137734475,-0.875852724313697,-0.47346676737469573,-0.8872409066034369,0.6023889092809009,-0.259143891159114,-0.10399261427345607,0.02699208572523051,0.20876041902892206,0.1062934428670493,0.09497021531056571,-0.07515383355871971
467,f369a7794544e9ace1df6cdce21a8180,ETH|Kraken|1778465040|1778469540,ETH,Kraken,sell,VOL_BREAKOUT|ETH|Kraken|sell,1,4,1778465040.0,75.0,109.95791684682607,1,-13.498592898193705,5.525040091858176,0.9443329507370495,-2.0112263931353147,0.13425572777055242,0.44554434205720195,0.11351736881197837,0.22595624548660742,0.26852203742627573,-0.16753401855178976,0.31066742810157255,-0.38488828658426927
468,85448f90e7a737071687b6588558a2da,ETH|Kraken|1778465040|1778469540,ETH,Kraken,sell,VOL_BREAKOUT|ETH|Kraken|sell,2,4,1778465040.0,75.0,109.95791684682607,1,-15.282016947048414,0.6544717579303021,0.6737396444023165,0.35219552644846885,0.5412756378974288,0.0032397925825173386,-0.07406042760205013,-0.21361886763287727,-0.08169255584544359,0.47084894819184747,0.2404353631222172,0.38034894206445663
469,3cd9d2a3ea4bf73cc2d9f03152b95b37,ETH|Kraken|1778465040|1778469540,ETH,Kraken,sell,VOL_BREAKOUT|ETH|Kraken|sell,3,4,1778465040.0,75.0,109.95791684682607,1,6.6105274898047846,0.7093498129818067,-0.45083319421388024,-1.4691300720251521,0.6438558604190351,-0.036024244607829735,-0.4729694753603985,-0.5362473496811947,-0.026427302317413734,0.1993534572130996,-0.30870716088611433,0.05652832825231553
470,d06b7eecd74021188c5fde68cb49ee06,ETH|Kraken|1778465940|1778469540,ETH,Kraken,sell,VOL_BREAKOUT|ETH|Kraken|sell,0,3,1778465940.0,60.0,84.00198271025708,1,-12.912301333109044,4.4673642424136535,0.5896226612785119,-1.8590032289887983,-0.22161729695300478,0.5129124605040101,0.1828572988198167,0.06338633484863067,-0.32994350914264936,-0.31473959485046377,0.1990560379518441,0.09649510084462906
471,e8bee45cf21c67c3e7120c895ff3422b,ETH|Kraken|1778465940|1778469540,ETH,Kraken,sell,VOL_BREAKOUT|ETH|Kraken|sell,1,3,1778465940.0,60.0,84.00198271025708,1,-15.282016947048414,0.6544717579303021,0.6737396444023165,0.35219552644846885,0.5412756378974288,0.0032397925825173386,-0.07406042760205013,-0.21361886763287727,-0.08169255584544359,0.47084894819184747,0.2404353631222172,0.38034894206445663
472,6d7e665210dba424664b040de60e426d,ETH|Kraken|1778465940|1778469540,ETH,Kraken,sell,VOL_BREAKOUT|ETH|Kraken|sell,2,3,1778465940.0,60.0,84.00198271025708,1,6.6105274898047846,0.7093498129818067,-0.45083319421388024,-1.4691300720251521,0.6438558604190351,-0.036024244607829735,-0.4729694753603985,-0.5362473496811947,-0.026427302317413734,0.1993534572130996,-0.30870716088611433,0.05652832825231553
473,eccdf531087856da5973f0e9d82f1622,ETH|Kraken|1778466540|1778469540,ETH,Kraken,sell,VOL_BREAKOUT|ETH|Kraken|sell,0,3,1778466540.0,50.0,70.54919083693346,1,-13.205589839701883,4.2700653938737565,-0.9286984993631113,-2.182768446317741,0.6531677640305685,0.12059073647871883,0.31400330593462283,-0.3497198737086173,-0.3216818337572759,-0.18718500057350712,0.4286305431289312,0.38917134825833954
474,2dc4a9e9699783a5f97945eab1478956,ETH|Kraken|1778466540|1778469540,ETH,Kraken,sell,VOL_BREAKOUT|ETH|Kraken|sell,1,3,1778466540.0,50.0,70.54919083693346,1,-15.27228341452452,0.4725746513182855,0.6433897961753063,0.21984893006946338,0.38437264110286173,0.1265001608318792,0.08895270947705736,-0.513462285326109,-0.35254108224710434,0.08625095501682037,0.13848810168670767,0.25261924535427377
475,b950a6c763669de401f31454d81aff23,ETH|Kraken|1778466540|1778469540,ETH,Kraken,sell,VOL_BREAKOUT|ETH|Kraken|sell,2,3,1778466540.0,50.0,70.54919083693346,1,6.6105274898047846,0.7093498129818067,-0.45083319421388024,-1.4691300720251521,0.6438558604190351,-0.036024244607829735,-0.4729694753603985,-0.5362473496811947,-0.026427302317413734,0.1993534572130996,-0.30870716088611433,0.05652832825231553
476,5ddaeaf6a898ed12cf56c71e5a300e59,ETH|Coinbase|1777903140|1777907640,ETH,Coinbase,buy,MEAN_REVERSION_CHOP|ETH|Coinbase|buy,0,3,1777903140.0,75.0,117.69249064805658,1,43.1379975589378,-0.7533685349412409,-0.29143765843728847,0.34811611101673984,0.503941625503554,-0.16353562947030093,-0.03591079889852206,-0.09654187655453828,-0.17535636350757527,0.4813874950347037,-0.10318171183245287,-0.1963873614828169
477,ad7b53e761cd06c6917463fd3a4b476d,ETH|Coinbase|1777903140|1777907640,ETH,Coinbase,buy,MEAN_REVERSION_CHOP|ETH|Coinbase|buy,1,3,1777903140.0,75.0,117.69249064805658,1,7.3016841511404165,-1.395252560214162,0.05334552464570939,-0.3129436715862082,-0.9775010483812457,-0.4001486121078875,-0.1303204165237046,0.6147314769457456,0.10337175356074634,-0.06011884229005784,0.10660604627970775,-0.25234573225805934
478,d80a6ce9bf88fec7bd3d992e527c6603,ETH|Coinbase|1777903140|1777907640,ETH,Coinbase,buy,MEAN_REVERSION_CHOP|ETH|Coinbase|buy,2,3,1777903140.0,75.0,117.69249064805658,1,74.22242846732502,-0.6072991224679997,-0.2616084936587289,0.5167281347219114,-0.6383150511498852,0.26190825698527465,-0.39281964728125074,-0.11540506930123882,0.38977353778675794,0.11968963524770887,0.19930065627829813,0.10812583048847066
479,526bfabdd5a176b138b269069e155b10,ETH|Coinbase|1777904040|1777907640,ETH,Coinbase,buy,MEAN_REVERSION_CHOP|ETH|Coinbase|buy,0,2,1777904040.0,60.0,99.59085294288549,1,8.966661725294262,-1.3533249576339004,0.12137084400961745,-0.33325600386086207,-0.858494292881169,-0.7365841924014876,-0.08021388403139326,0.09363554883621425,0.205441435325947,0.010279923544654459,0.33120617961912113,-0.48554793992855044
480,5295384ee3d320af61aacec92d339d4d,ETH|Coinbase|1777904040|1777907640,ETH,Coinbase,buy,MEAN_REVERSION_CHOP|ETH|Coinbase|buy,1,2,1777904040.0,60.0,99.59085294288549,1,74.22242846732502,-0.6072991224679997,-0.2616084936587289,0.5167281347219114,-0.6383150511498852,0.26190825698527465,-0.39281964728125074,-0.11540506930123882,0.38977353778675794,0.11968963524770887,0.19930065627829813,0.10812583048847066
481,0f56674141953f4a43126bf4a922055e,ETH|Coinbase|1777904940|1777907640,ETH,Coinbase,buy,MEAN_REVERSION_CHOP|ETH|Coinbase|buy,0,2,1777904940.0,45.0,77.83306928514497,1,13.743984607943593,-1.7238909344445814,-0.08480165051108614,-0.4494080476451618,0.10581876067444888,0.5755420992130503,0.14144007111788398,-0.28298284664726814,0.18399624480178414,0.3121213451234568,-0.7242244745888878,0.1335001783286
482,540ae43659ec68cdb5ac9730924b8c8b,ETH|Coinbase|1777904940|1777907640,ETH,Coinbase,buy,MEAN_REVERSION_CHOP|ETH|Coinbase|buy,1,2,1777904940.0,45.0,77.83306928514497,1,74.22242846732502,-0.6072991224679997,-0.2616084936587289,0.5167281347219114,-0.6383150511498852,0.26190825698527465,-0.39281964728125074,-0.11540506930123882,0.38977353778675794,0.11968963524770887,0.19930065627829813,0.10812583048847066
483,f7c5e1a074cc2267c49b7a5b3b1bbe4d,ETH|Coinbase|1777905840|1777907640,ETH,Coinbase,buy,MEAN_REVERSION_CHOP|ETH|Coinbase|buy,0,1,1777905840.0,30.0,46.05083713142758,1,69.74017463605668,0.24424104458011756,-0.1332651565295906,0.8557151734949751,-0.9973045780302539,0.4751747244933926,-0.42670431150894234,0.0035578177033039966,-0.09183669856369218,-0.0952765963890522,-0.2854710146968947,0.20133503781987647
484,62b978a48924aa1406f88487d2a53c0a,ETH|Coinbase|1777911240|1777913940,ETH,Coinbase,buy,MEAN_REVERSION_CHOP|ETH|Coinbase|buy,0,2,1777911240.0,45.0,53.259054909562494,1,-35.467452344562474,-1.3630184903002032,-1.1967374431721052,0.11611271890067272,0.43812115764628806,-0.27488727232698024,-0.5402612880499249,-0.19954993122226888,-0.2659025035851247,-0.1265774712526564,0.002369262402340902,0.17928727235170935
485,e289a431baae878b86299eb2c934dfc8,ETH|Coinbase|1777911240|1777913940,ETH,Coinbase,buy,MEAN_REVERSION_CHOP|ETH|Coinbase|buy,1,2,1777911240.0,45.0,53.259054909562494,1,-27.85533751134935,-1.3229754932304034,0.40949389281902365,-0.2751042006626436,-0.9707885727359828,0.704469463639729,-0.35474178510497095,0.10278509246610057,-0.009180868637877813,0.07103460059662743,0.13806577308430168,0.07818095847936497
486,a267a003116eed462a7942b1ca26a492,ETH|Coinbase|1777906740|1777909440,ETH,Coinbase,sell,NEWS_BREAKOUT|ETH|Coinbase|sell,0,2,1777906740.0,45.0,64.83638323367497,2,84.04236393476116,-1.0810778419566491,-0.3686806413849001,0.12185169280343158,0.20439094496986807,-0.007967242130887542,0.21711029935414441,0.2856421473294501,-0.4515022582327437,-0.5711334315380916,-0.2738147732043973,0.15465425836613306
487,9a3b29ac1e1f97a0e6727a49d19bab33,ETH|Coinbase|1777906740|1777909440,ETH,Coinbase,sell,NEWS_BREAKOUT|ETH|Coinbase|sell,1,2,1777906740.0,45.0,64.83638323367497,2,52.14748584292617,1.213625975074256,-0.4531487963333822,-0.9296369154088016,-0.5370139361404012,0.6155703712997388,0.21635083385874054,-0.021893018895840822,-0.013526814111777512,-0.2391430877720801,0.23910224371547092,-0.13548939899009171
488,7f6ec49f3b5799ada9e327389d6631af,ETH|Coinbase|1777907640|1777909440,ETH,Coinbase,sell,NEWS_BREAKOUT|ETH|Coinbase|sell,0,1,1777907640.0,30.0,43.79363882815929,2,41.986844383200484,4.083084357156431,-0.583897784695815,-1.836462252510211,-0.6977659752271076,-0.5194620973658587,-0.17681172909832127,-0.056667177741469454,-0.19866983186223916,-0.24078979349373172,0.4051992092480779,0.09875303581200659
489,8410972fb6f188b744e57e8b3eddcbb9,ETH|Coinbase|1777928340|1777933740,ETH,Coinbase,buy,BASIS_DISLOCATION|ETH|Coinbase|buy,0,5,1777928340.0,90.0,30.915610728149822,3,-39.49671028652702,-0.5006795929878011,-0.4456925598066013,0.5863320908915273,0.42658109066248284,-0.16961598694430435,-0.2645795111439967,-0.08135965636328035,-0.5684742759936496,-0.28017792519814855,0.07299858713924144,0.2204216875987213
490,4f4c12b1055d08ad0b515d13cf4b0d77,ETH|Coinbase|1777928340|1777933740,ETH,Coinbase,buy,BASIS_DISLOCATION|ETH|Coinbase|buy,1,5,1777928340.0,90.0,30.915610728149822,3,6.8088697415469746,-1.6093018413487672,3.7835596318191893,0.5976054119852813,0.492350378337464,-0.36780349200180446,-0.2904914458955409,0.2104787337676939,0.11857340027390093,-0.3283169212768702,-0.07127516466737577,0.36677149475378
491,9a0f340cef4bee8e2ad23209b74a9c58,ETH|Coinbase|1777928340|1777933740,ETH,Coinbase,buy,BASIS_DISLOCATION|ETH|Coinbase|buy,2,5,1777928340.0,90.0,30.915610728149822,3,-16.322375674525635,0.24410945952866894,-1.0160822055735559,-1.2212076478158924,-0.12746836129022196,0.434459498623276,0.03645818895827563,0.3095983155160268,0.12153982322150328,0.10825593578411141,-0.1725096293348259,-0.3139566088206272
492,985c2680f527210bef924ef3e60fc309,ETH|Coinbase|1777928340|1777933740,ETH,Coinbase,buy,BASIS_DISLOCATION|ETH|Coinbase|buy,3,5,1777928340.0,90.0,30.915610728149822,3,-30.912418532402615,0.19729390282170145,-0.841849901117237,0.5307341525066301,0.7026792426216917,-0.29396687656949233,0.24670794018185968,0.35693379176045226,0.14382300867255063,0.14918664174766,-0.0643693803583234,-0.2024796801813223
493,698b4da3882607555f14e8eeb46f3e1d,ETH|Coinbase|1777928340|1777933740,ETH,Coinbase,buy,BASIS_DISLOCATION|ETH|Coinbase|buy,4,5,1777928340.0,90.0,30.915610728149822,3,-18.696098258065327,-1.14395790448244,-0.5070462399226403,-0.4773580027145421,0.4401220767909782,0.024014949427905594,0.07604448960069075,-0.374104265483692,-0.0887772256750822,0.2288972102794267,0.02202118403086275,-0.20583399977405903
494,b0086c55f6c3135a12b7a6167c733d28,ETH|Coinbase|1777932840|1777937340,ETH,Coinbase,sell,LIQUIDITY_SQUEEZE|ETH|Coinbase|sell,0,3,1777932840.0,75.0,35.537396185594346,3,-16.82269000358804,-1.0370887369276918,1.3281984186631977,-0.062353419815195724,-0.07380083158997464,0.28667011743267573,0.2212867547146144,0.3108651252277619,-0.29161884426630663,-0.2695289023365634,0.1524453031662188,-0.1591184889472668
495,d9d8ac2015f303f8fb26b7cba7d7dd99,ETH|Coinbase|1777932840|1777937340,ETH,Coinbase,sell,LIQUIDITY_SQUEEZE|ETH|Coinbase|sell,1,3,1777932840.0,75.0,35.537396185594346,3,-42.75160793672288,-1.500691861009131,0.2128168905011225,0.38882200084017704,0.5297320386872715,-0.2745764349027625,0.01767278811128298,0.22184727719256378,0.23383885897650264,-0.09657967784996854,-0.12127578519310037,0.5248544669899611
496,e0b9e502d6bb5ff3af13e79bd6fecc3f,ETH|Coinbase|1777932840|1777937340,ETH,Coinbase,sell,LIQUIDITY_SQUEEZE|ETH|Coinbase|sell,2,3,1777932840.0,75.0,35.537396185594346,3,-15.598260066881997,-0.6842045832979767,-0.37463239778562635,0.32523738712146344,-0.7023907726886985,-0.5491428140122429,0.18492417878542605,-0.014509559186174886,0.12840281022021463,0.21817825515626407,0.16838539338805156,0.2484010080560433
497,4400fa9543e74e573124577ae54a2427,ETH|Coinbase|1777945140|1777953540,ETH,Coinbase,buy,LIQUIDITY_SQUEEZE|ETH|Coinbase|buy,0,1,1777945140.0,140.0,75.36960670691168,2,-46.31087689627837,13.400411766491048,-1.4052836276239962,3.869316993178575,-0.3154364151341423,0.8825573012854063,0.007669990885741159,0.1557970861172695,-0.4705261066054519,-0.09397665917777848,-0.09684710061938515,-0.15435888458468752
498,99c84da81403a11d5c28aef6f1a8bf0c,ETH|Coinbase|1777976040|1777985340,ETH,Coinbase,buy,LIQUIDITY_SQUEEZE|ETH|Coinbase|buy,0,6,1777976040.0,155.0,62.72439825414156,2,-14.220239187116137,-0.7307313687983645,0.5383081904560212,0.27641297082920385,0.2663846871214906,0.1049448743435604,0.7471361684353309,0.09012783696282835,-0.004958266606875249,-0.05289229310621579,-0.10543669013585961,-0.14969273041426234
499,1bce0e1bdd1fa76af1ca34de02ed213e,ETH|Coinbase|1777976040|1777985340,ETH,Coinbase,buy,LIQUIDITY_SQUEEZE|ETH|Coinbase|buy,1,6,1777976040.0,155.0,62.72439825414156,2,-63.667730523068556,0.2649742954927505,-0.5288633242152698,1.047102566959681,0.5876742164696428,-0.37625686921074697,-0.24656793914922798,0.06117798340811877,-0.1685736925372083,-0.2413495563167794,-0.10685913236070872,-0.3627922839364837
500,cd1a27efcd6e152c8bea88c3fbd50464,ETH|Coinbase|1777976040|1777985340,ETH,Coinbase,buy,LIQUIDITY_SQUEEZE|ETH|Coinbase|buy,2,6,1777976040.0,155.0,62.72439825414156,2,-9.389823997163482,-1.2397235212359465,-0.17027891478902796,-0.45868787617283197,0.7166577205556885,-0.29924386871351444,0.014358791150437951,0.33069826634218025,0.3406461537236868,0.34486812361326113,-0.26587423246195696,0.061715608580899375
501,12e397107d25c0be1f509625fb2cb0b5,ETH|Coinbase|1777976040|1777985340,ETH,Coinbase,buy,LIQUIDITY_SQUEEZE|ETH|Coinbase|buy,3,6,1777976040.0,155.0,62.72439825414156,2,-14.555137245577857,-0.4154456716111045,-0.31305240664050565,-0.34547682031519295,-0.16998507163820684,0.6043191073553854,-0.253969301054332,0.32946325428893714,-0.14215974574981183,0.02579538771282816,0.15421231025366458,0.19031502712126486
502,ddd7d74d4acb9ecbecf086b3e6ee670f,ETH|Coinbase|1777976040|1777985340,ETH,Coinbase,buy,LIQUIDITY_SQUEEZE|ETH|Coinbase|buy,4,6,1777976040.0,155.0,62.72439825414156,2,-28.292087232660748,0.5601775349585275,-1.2468560312138572,-0.5974548566056289,-0.7641878432482174,-0.45567676758066966,0.14563780525701558,0.24434615131311355,0.33244196776101786,0.0803090636740402,-0.360398645741663,-0.08420425263497561
503,b8140507acf426f6eea0919fa7ab1eea,ETH|Coinbase|1777976040|1777985340,ETH,Coinbase,buy,LIQUIDITY_SQUEEZE|ETH|Coinbase|buy,5,6,1777976040.0,155.0,62.72439825414156,2,-31.35683485301703,-1.5736684359218225,1.1505818000284618,0.0028580342889440173,-1.3852174118548815,-0.9358589416337795,0.32944868057525056,-0.5185961799503833,-0.3580540436039326,-0.2859670004276166,0.03678204487473924,-0.02371754099231686
504,8705aca171b6510f0beeb9e9998bc5ce,ETH|Coinbase|1777986840|1777991340,ETH,Coinbase,sell,LIQUIDITY_SQUEEZE|ETH|Coinbase|sell,0,4,1777986840.0,75.0,38.07827269654378,3,-77.90145737272972,-1.5677838580752936,0.16764793837919714,-0.18403975627999206,0.5118132485181923,-0.19642200626213596,-0.09092720107930684,-0.025458341490764078,0.20906296161052002,-0.22397854911753193,-0.19741721796488662,0.3618906220927984
505,6abbf3881bf7acd60f9fe3ea8ca14370,ETH|Coinbase|1777986840|1777991340,ETH,Coinbase,sell,LIQUIDITY_SQUEEZE|ETH|Coinbase|sell,1,4,1777986840.0,75.0,38.07827269654378,3,-43.061234692380424,-1.296566851893799,-0.3553026206211652,0.16428088372321442,0.11267736137861006,0.35612309500655115,-0.21354262696234147,-0.240256885690278,0.43947111227739244,0.2941665213652095,-0.06664972839986306,-0.1886228993797517
506,5923b3fdc2036cb44e1a87c98a182e46,ETH|Coinbase|1777986840|1777991340,ETH,Coinbase,sell,LIQUIDITY_SQUEEZE|ETH|Coinbase|sell,2,4,1777986840.0,75.0,38.07827269654378,3,0.9044349819911878,-1.0370320451914201,0.04604725763252488,-0.5265555753125243,0.23733152904789243,-0.02250800111165293,-0.23923565570370253,0.2808119810069534,-0.19066310164530295,-0.16063236635330616,0.13855109831405668,-0.4067336887702589
507,54b249f646b7945644e8bf70900b0ce7,ETH|Coinbase|1777986840|1777991340,ETH,Coinbase,sell,LIQUIDITY_SQUEEZE|ETH|Coinbase|sell,3,4,1777986840.0,75.0,38.07827269654378,3,72.42154457280806,-0.5075820048125869,-0.8055753361063327,-0.23501465421954232,0.5866323962539043,-0.21514369476373246,-0.002527105178155738,-0.011197463586013956,0.05948976041706406,0.30456800533854783,0.12990262123326468,-0.3439341157738147
508,d50a5e1ef79141b3fb77ae9bae37c54f,ETH|Coinbase|1778010900|1778013600,ETH,Coinbase,buy,LIQUIDITY_SQUEEZE|ETH|Coinbase|buy,0,2,1778010900.0,45.0,38.100026279551464,2,-29.541717110473133,0.20898551360036915,0.9161916363201613,0.3890414881648769,0.35894264063185205,0.08227898142978897,-0.21874955180920003,-0.1658405012592454,0.19779871390265646,-0.1929325056112455,-0.30564545247142016,-0.19145527126676848
509,fc5946725459695ab19d7f15437fe8fa,ETH|Coinbase|1778010900|1778013600,ETH,Coinbase,buy,LIQUIDITY_SQUEEZE|ETH|Coinbase|buy,1,2,1778010900.0,45.0,38.100026279551464,2,-20.70663413357417,-0.20401838473996134,-0.5312416370749601,0.34362421465905535,-0.5438383487175242,0.534797284297926,-0.2865349551245091,-0.11891297361981293,0.39747308860536357,-0.12395664004414819,0.24246070804942524,0.45480380446861557
510,d9b6e34b0c02e87560e1726f43fec2af,ETH|Coinbase|1778040840|1778047140,ETH,Coinbase,sell,LIQUIDITY_SQUEEZE|ETH|Coinbase|sell,0,5,1778040840.0,105.0,40.49031387829161,3,-30.446800668939968,-0.9420281490351516,2.301857455134588,-0.40593751847000414,0.32228570470881196,0.13500660485805643,0.05322167128669224,-0.570003635461219,0.02264913281077837,0.05291993625235397,0.6236583754825736,0.12770109816459016
511,b38683a1c82997b81c82add6f5dc5b53,ETH|Coinbase|1778040840|1778047140,ETH,Coinbase,sell,LIQUIDITY_SQUEEZE|ETH|Coinbase|sell,1,5,1778040840.0,105.0,40.49031387829161,3,-12.45056183865339,-0.8520448491867625,-0.1611537131767594,-0.3866421490304018,0.38171115547183465,0.16399072262112763,0.12967165038904535,-0.09176523276881174,-0.6877365524459348,0.5517896829918364,-0.3438816140928476,-0.0028742882602949553
512,b49432d9228e0edecaa1e8d380ff11bb,ETH|Coinbase|1778040840|1778047140,ETH,Coinbase,sell,LIQUIDITY_SQUEEZE|ETH|Coinbase|sell,2,5,1778040840.0,105.0,40.49031387829161,3,15.248817030821657,0.0799034758281449,-0.5151719489537391,0.7898004658734741,0.46688733493408335,-0.3291182128770974,0.2511326030228246,0.21130317006996574,-0.45364915424591284,-0.379083875069528,0.14132591856815327,-0.46211871738498994
513,3e4f6c014710cd61de7f48cc0c5624ed,ETH|Coinbase|1778040840|1778047140,ETH,Coinbase,sell,LIQUIDITY_SQUEEZE|ETH|Coinbase|sell,3,5,1778040840.0,105.0,40.49031387829161,3,-4.2250887691018,-0.7724529702682058,0.827165743287087,0.3733034687318349,-0.36607560009539086,0.41546435577089036,-0.1834695933699988,0.09423705396209475,0.2586550354182547,0.2706041777792185,0.2247090077789826,0.14801782518568438
514,a509c01025c41a533f62b49b3b762fcf,ETH|Coinbase|1778040840|1778047140,ETH,Coinbase,sell,LIQUIDITY_SQUEEZE|ETH|Coinbase|sell,4,5,1778040840.0,105.0,40.49031387829161,3,36.3089399486989,2.703376721934294,-0.4175687864072526,-1.433930322609779,-0.023466711818405254,0.5680599287575652,-0.2606421798414054,0.12236888609559514,-0.20081179725166934,0.22210368159793628,-0.14132303543281471,0.1257731662753079
515,5b0410bd1f4663bc6a44be846f06ff97,ETH|Coinbase|1778054340|1778058840,ETH,Coinbase,buy,BASIS_DISLOCATION|ETH|Coinbase|buy,0,3,1778054340.0,75.0,74.14905499905137,3,-35.50553183386361,-0.6483645377875444,0.9677561820475482,0.2610388551473643,-0.9927580782334126,-0.05944341415048932,-0.08143343038969643,-0.12705921815809765,-0.244542834161964,-0.035553079013506024,0.05919990870283273,0.02437778640277282
516,7879530bc520d64e52d63d1aadf33b2b,ETH|Coinbase|1778054340|1778058840,ETH,Coinbase,buy,BASIS_DISLOCATION|ETH|Coinbase|buy,1,3,1778054340.0,75.0,74.14905499905137,3,-89.1511225369003,-0.9042884506288629,-1.2448782315601714,0.5943672412053026,0.560663028360553,-0.23450830516908341,0.0073141832031901445,-0.10008706399644839,0.5803767306346546,-0.24911825499393248,0.06383934391712458,-0.04968635538962876
517,f4b2d9a426cbe871e83dd6231f72fb5d,ETH|Coinbase|1778054340|1778058840,ETH,Coinbase,buy,BASIS_DISLOCATION|ETH|Coinbase|buy,2,3,1778054340.0,75.0,74.14905499905137,3,-100.5206091213398,-1.4863114904915855,-1.3962641282471278,0.10925861748200022,-0.15037097433088828,0.13094511816272603,0.27950811826902705,0.24235938685115813,0.4562825050353385,0.08403769903585326,-0.11036249768067553,-0.21432931835422156
518,f16fa708e2f484e071f634ff296d5080,ETH|Coinbase|1778056140|1778058840,ETH,Coinbase,buy,BASIS_DISLOCATION|ETH|Coinbase|buy,0,2,1778056140.0,45.0,48.1136139144644,3,-81.61666458652097,-1.2159617246774055,-1.1441376513450685,0.3356804053858761,0.33645320950639834,0.1640162309038139,-0.10467087725205125,-0.20438468465140888,0.18351394118902253,-0.06308510120571377,-0.4182664964561547,0.2251397694813186
519,e03b44ffc22bbc6446d089aa83c9342a,ETH|Coinbase|1778056140|1778058840,ETH,Coinbase,buy,BASIS_DISLOCATION|ETH|Coinbase|buy,1,2,1778056140.0,45.0,48.1136139144644,3,-100.5206091213398,-1.4863114904915855,-1.3962641282471278,0.10925861748200022,-0.15037097433088828,0.13094511816272603,0.27950811826902705,0.24235938685115813,0.4562825050353385,0.08403769903585326,-0.11036249768067553,-0.21432931835422156
520,ea3879f627a95e6d29cfe440f39e5c57,ETH|Coinbase|1778059740|1778061540,ETH,Coinbase,buy,LIQUIDITY_SQUEEZE|ETH|Coinbase|buy,0,1,1778059740.0,30.0,82.56519579401063,2,-16.225270034251807,-0.044317215597410003,-0.42991794155898133,0.024589522532572537,-0.7128737254874028,0.11579502362907387,-0.2220237993901889,0.09773639996572472,-0.37282961801299647,-0.16799245658235662,0.06909273301704062,-0.11845755941157816
521,19a65fec5d1e3cf5f05ca79b05044b61,ETH|Coinbase|1778072340|1778077740,ETH,Coinbase,sell,BASIS_DISLOCATION|ETH|Coinbase|sell,0,3,1778072340.0,90.0,164.9089652828232,4,42.656435187560476,0.09386908524222969,1.1858944146873847,-0.09272377703793838,-1.8543546922477934,-0.5496640170287908,0.11793301311821165,-0.5225928477264331,0.05959974379001964,0.2064122823327436,-0.022077661650382246,-0.09826635322508913
522,4aec1f71c694a88df44bb4ebf73c2f85,ETH|Coinbase|1778072340|1778077740,ETH,Coinbase,sell,BASIS_DISLOCATION|ETH|Coinbase|sell,1,3,1778072340.0,90.0,164.9089652828232,4,114.13773390916865,-0.16359532237868057,0.22777345373499144,-0.8308096554349292,0.31389492730643587,0.28819637265932324,-0.14005162718911252,-0.04901775594683547,-0.017213996811998318,0.44392904225956403,-0.32722385008012017,-0.2908845938488553
523,37545d2115c9e35cc3586d7be18766c0,ETH|Coinbase|1778072340|1778077740,ETH,Coinbase,sell,BASIS_DISLOCATION|ETH|Coinbase|sell,2,3,1778072340.0,90.0,164.9089652828232,4,24.648006605742943,-1.1579034671207333,-0.7065904409115839,-0.8114491546450812,0.22314825843908667,0.09834255216401745,-0.7298840867425528,-0.3202199866999903,-0.019921140838705092,-0.31666243111061504,-0.22068261471510592,0.03849780093672774
524,db6a174b52b8cafd1234bac9ba26b95a,ETH|Coinbase|1778073240|1778077740,ETH,Coinbase,sell,BASIS_DISLOCATION|ETH|Coinbase|sell,0,3,1778073240.0,75.0,102.12575116629328,4,28.853344851751064,0.26932243730783845,-0.7565793114819079,0.45815965439879547,-0.8203092210475899,0.21093924173500042,0.05025876891583993,-0.20044736335618057,0.08167218236440055,0.07833023369233247,0.10313182640310209,0.3435857806853115
525,b698eba325022b812290ef89921c0684,ETH|Coinbase|1778073240|1778077740,ETH,Coinbase,sell,BASIS_DISLOCATION|ETH|Coinbase|sell,1,3,1778073240.0,75.0,102.12575116629328,4,104.13712575577395,-0.8388755504758547,0.21703334965630777,-0.8386402826490714,-0.3406886204338683,0.5590158680584006,-0.2321106699298805,-0.30930646595632394,-0.4405448601647511,0.27363325724407866,0.2386645069117816,-0.3189743606844297
526,a5684697c602d98c3c76ce3685d25e85,ETH|Coinbase|1778073240|1778077740,ETH,Coinbase,sell,BASIS_DISLOCATION|ETH|Coinbase|sell,2,3,1778073240.0,75.0,102.12575116629328,4,24.648006605742943,-1.1579034671207333,-0.7065904409115839,-0.8114491546450812,0.22314825843908667,0.09834255216401745,-0.7298840867425528,-0.3202199866999903,-0.019921140838705092,-0.31666243111061504,-0.22068261471510592,0.03849780093672774
527,ff75a48018c61485b28b1df576a3cc9d,ETH|Coinbase|1778074140|1778077740,ETH,Coinbase,sell,BASIS_DISLOCATION|ETH|Coinbase|sell,0,3,1778074140.0,60.0,73.3606026101905,4,54.06330534203627,-0.2889638600011001,1.0535259253862155,0.1359307122014242,0.1460544262204031,0.3630862956634722,0.036896399338654,-0.11981815481460555,0.3256068925151503,-0.1227283229234164,-0.161549272206595,0.1973464999926757
528,e4abfad3bbc63260eeebd60a51ca9c1f,ETH|Coinbase|1778074140|1778077740,ETH,Coinbase,sell,BASIS_DISLOCATION|ETH|Coinbase|sell,1,3,1778074140.0,60.0,73.3606026101905,4,114.13773390916865,-0.16359532237868057,0.22777345373499144,-0.8308096554349292,0.31389492730643587,0.28819637265932324,-0.14005162718911252,-0.04901775594683547,-0.017213996811998318,0.44392904225956403,-0.32722385008012017,-0.2908845938488553
529,c6f205f4853dccbd0652804a2e3fbbee,ETH|Coinbase|1778074140|1778077740,ETH,Coinbase,sell,BASIS_DISLOCATION|ETH|Coinbase|sell,2,3,1778074140.0,60.0,73.3606026101905,4,24.648006605742943,-1.1579034671207333,-0.7065904409115839,-0.8114491546450812,0.22314825843908667,0.09834255216401745,-0.7298840867425528,-0.3202199866999903,-0.019921140838705092,-0.31666243111061504,-0.22068261471510592,0.03849780093672774
530,f512731dd90b2155732eb6b2829d7872,ETH|Coinbase|1778075040|1778077740,ETH,Coinbase,sell,BASIS_DISLOCATION|ETH|Coinbase|sell,0,2,1778075040.0,45.0,49.74733117955431,4,101.00264238440893,-1.1586761562524264,0.2444186224365232,-0.7061099778895633,-0.5739004987857207,0.7098293622063891,-0.08130408408103007,0.20759340895408046,0.06119870701201719,0.7154411703380688,-0.008814284828566195,-0.3453771011793907
531,3504201b3cfdf78d4a62901465183d23,ETH|Coinbase|1778075040|1778077740,ETH,Coinbase,sell,BASIS_DISLOCATION|ETH|Coinbase|sell,1,2,1778075040.0,45.0,49.74733117955431,4,24.648006605742943,-1.1579034671207333,-0.7065904409115839,-0.8114491546450812,0.22314825843908667,0.09834255216401745,-0.7298840867425528,-0.3202199866999903,-0.019921140838705092,-0.31666243111061504,-0.22068261471510592,0.03849780093672774
532,c5586275511e6458543ba4c2c707a395,ETH|Coinbase|1778087640|1778093340,ETH,Coinbase,sell,BASIS_DISLOCATION|ETH|Coinbase|sell,0,4,1778087640.0,95.0,51.44391660537329,2,11.275035825733749,1.1111276324088677,0.5353857925359417,-0.8955027497330345,-0.059638894342956675,0.01327234893889286,-0.6596776324964322,0.4057657047366077,-0.06837135161469735,-0.08939942302120339,0.09348503519441098,-0.13016784439171888
533,9d2350be2425c085ef0cc8d64fb1caf9,ETH|Coinbase|1778087640|1778093340,ETH,Coinbase,sell,BASIS_DISLOCATION|ETH|Coinbase|sell,1,4,1778087640.0,95.0,51.44391660537329,2,-13.757242343830555,-1.2771711671981945,0.4719888845381404,-0.2840580063267121,-1.1279186741654603,0.34957355110095695,0.2907879646848763,0.014725057604448734,0.31950235432556895,0.170323360152463,0.5930603813790772,-0.19569671492005755
534,365d5f75ed019d037096e94211e44792,ETH|Coinbase|1778087640|1778093340,ETH,Coinbase,sell,BASIS_DISLOCATION|ETH|Coinbase|sell,2,4,1778087640.0,95.0,51.44391660537329,2,23.420908574480176,3.5077829772200286,2.57597568840439,2.04757328775582,0.3958266684459279,0.3575491914510942,0.18267613000832308,-0.4122161506827664,-0.06141436832930321,0.4910020699989612,-0.3395496619482659,0.299300704203562
535,aafd536e01a39b2981a052ec641e8b06,ETH|Coinbase|1778087640|1778093340,ETH,Coinbase,sell,BASIS_DISLOCATION|ETH|Coinbase|sell,3,4,1778087640.0,95.0,51.44391660537329,2,-2.9772904233456496,-1.3238977403502143,-0.4940812431119084,0.4011928454529182,0.31332693852231597,-0.024004070534548054,0.45950077684167445,-0.23230012784128304,-0.5717930029018966,-0.1964090704801888,-0.3869259504696228,-0.14524360450716822
536,15942627eda49e2813730a3272f5865e,ETH|Coinbase|1778078640|1778081340,ETH,Coinbase,sell,LIQUIDITY_SQUEEZE|ETH|Coinbase|sell,0,2,1778078640.0,45.0,31.154850084115335,3,18.511181636815532,-0.8417748428225232,2.4746835606136277,0.45187000476214206,-1.0919134945631355,-0.0032893984197606423,0.2497328516959154,0.1749511619306789,-0.20401169394685212,0.46607989349356416,-0.09147293104311645,-0.19136295355836216
537,229584f2b9b2035c73116d92d2c82b99,ETH|Coinbase|1778078640|1778081340,ETH,Coinbase,sell,LIQUIDITY_SQUEEZE|ETH|Coinbase|sell,1,2,1778078640.0,45.0,31.154850084115335,3,121.98893719648646,-0.9776854608202579,-0.20462083856650112,0.41044051906915313,0.4560553441602914,-0.23851182208358498,-0.6932523315028808,-0.23394287257769142,-0.2989077848681383,0.05965016726572282,-0.09843289823871303,0.32651212732243956
538,50a23ac7310eb94189c7e68b4fab5ce7,ETH|Coinbase|1778087640|1778093040,ETH,Coinbase,sell,NEWS_BREAKOUT|ETH|Coinbase|sell,0,3,1778087640.0,90.0,44.259756867904656,3,11.275035825733749,1.1111276324088677,0.5353857925359417,-0.8955027497330345,-0.059638894342956675,0.01327234893889286,-0.6596776324964322,0.4057657047366077,-0.06837135161469735,-0.08939942302120339,0.09348503519441098,-0.13016784439171888
539,44076ed65b02a5ea963e62811d7747b4,ETH|Coinbase|1778087640|1778093040,ETH,Coinbase,sell,NEWS_BREAKOUT|ETH|Coinbase|sell,1,3,1778087640.0,90.0,44.259756867904656,3,-13.757242343830555,-1.2771711671981945,0.4719888845381404,-0.2840580063267121,-1.1279186741654603,0.34957355110095695,0.2907879646848763,0.014725057604448734,0.31950235432556895,0.170323360152463,0.5930603813790772,-0.19569671492005755
540,45319503f522a16e1ea1a249b617c945,ETH|Coinbase|1778087640|1778093040,ETH,Coinbase,sell,NEWS_BREAKOUT|ETH|Coinbase|sell,2,3,1778087640.0,90.0,44.259756867904656,3,15.147591617214488,3.6104068582748776,-0.759435259587256,1.7373207000745163,-0.6483031621495184,0.03138076010377444,-0.18086028057107922,-0.22426917945263497,-0.3982973005858487,-0.01858623526338431,0.06416431851874217,-0.09387649252939544
541,19258cc632ef3aae1d9c75b1ee0fa32f,ETH|Coinbase|1778112840|1778114940,ETH,Coinbase,sell,BASIS_DISLOCATION|ETH|Coinbase|sell,0,1,1778112840.0,35.0,39.26090661865972,4,2.7969044411636133,-0.9374501644348756,-0.22182108936038378,-0.061140067887499296,-1.0515110661349711,-0.05489339280932982,-0.03324646510366942,-0.2557566401579411,0.3739025101793541,-0.1759267558623272,0.1888172223603314,-0.04759217076363518
542,6ca5142a3d905b8e48c03325ac5ff8db,ETH|Coinbase|1778118240|1778120940,ETH,Coinbase,sell,BASIS_DISLOCATION|ETH|Coinbase|sell,0,2,1778118240.0,45.0,61.19392817665411,4,-16.287186395064197,-1.5233807696621997,-0.09380323163196301,-0.3708371166967112,-0.8305502882919629,-0.1080925666180824,0.17862005006986104,0.25317675028153624,0.06321935802527512,-0.019272375801897782,0.251981737477147,0.1614824248064178
543,b2649ee8de468c44171d750afc57cf6c,ETH|Coinbase|1778118240|1778120940,ETH,Coinbase,sell,BASIS_DISLOCATION|ETH|Coinbase|sell,1,2,1778118240.0,45.0,61.19392817665411,4,15.90969295541216,-1.5241907983936978,-1.8747780168968544,-0.3810928732663274,0.46165922794647346,-0.1525477489835338,0.7531426376833109,0.20292479455713003,0.09430602781347024,-0.07339717569158351,0.04791741818594068,-0.09668258428519963
544,7b5fffd03e1f64f5828fe22c17b5448c,ETH|Coinbase|1778135340|1778136540,ETH,Coinbase,buy,BASIS_DISLOCATION|ETH|Coinbase|buy,0,1,1778135340.0,20.0,35.46774332379208,6,-19.699628032133816,-1.1327426841071229,-0.7528188182615613,-0.12204291236716842,0.12923165406017445,0.3571562721427124,-0.34155464204143127,-0.4539149035173039,0.04628415936027689,-0.3161244497417434,-0.2599518685074038,0.22709382471509457
545,58fb9f0a62bc31ef2d2bef810a4ff68e,ETH|Coinbase|1778119140|1778120940,ETH,Coinbase,sell,LIQUIDITY_SQUEEZE|ETH|Coinbase|sell,0,1,1778119140.0,30.0,31.31833730114448,3,4.785861633255442,-1.397446265250265,-1.1155055999935135,-0.2511137627921526,-1.3842292716045375,-0.03072282505714573,0.18132974029471957,0.09022202501257738,-0.32713371138812236,0.20980295255303674,0.3126609567017576,0.18838999977690052
546,f5a7b4345db898799951215c596b4d2f,ETH|Coinbase|1778149740|1778153340,ETH,Coinbase,buy,LIQUIDITY_SQUEEZE|ETH|Coinbase|buy,0,2,1778149740.0,60.0,31.307759423990845,2,-9.53505592508798,-0.4661571609207835,-0.14198608979259097,-0.2494690863735738,-1.146239388798823,0.08594520420248364,-0.18053801994330115,0.4293290608772983,-0.3218825460161599,0.11551687787618872,-0.18794979050448637,-0.12509457035433083
547,08d88d3dbdcef3a35eaabf0ac1e7c570,ETH|Coinbase|1778149740|1778153340,ETH,Coinbase,buy,LIQUIDITY_SQUEEZE|ETH|Coinbase|buy,1,2,1778149740.0,60.0,31.307759423990845,2,-16.437256912386495,0.018159128101928348,-0.9274808093250262,0.14316341606881972,-0.5883171244157891,0.2057345263719821,-0.01767199375124825,0.01840541261146744,-0.26022524999356084,-0.19295482020692484,0.2084776538085182,-0.08629769709981813
548,5b60425397ff0feac85db2ab2aa18868,ETH|Coinbase|1778158740|1778163240,ETH,Coinbase,sell,BASIS_DISLOCATION|ETH|Coinbase|sell,0,3,1778158740.0,75.0,60.114508316188115,4,4.464017886244867,-1.2264089850179636,-0.8223667887275636,-0.30961726570478687,-0.9957191236893471,-0.03127783368747772,-0.5559706873067902,0.5394054442547329,-0.09823881332280932,0.4261562008849911,0.13704133548738387,0.49267537407669837
549,8947cf7677db7ee7c03cf51bab599fc9,ETH|Coinbase|1778158740|1778163240,ETH,Coinbase,sell,BASIS_DISLOCATION|ETH|Coinbase|sell,1,3,1778158740.0,75.0,60.114508316188115,4,95.92935180291335,-0.09474155167911559,0.8531644922666815,-0.564279490650631,0.3535574230929746,0.10536469588221654,0.726598606693264,-0.2613089747864575,-0.2793914093778997,-0.1553755750385048,-0.12828328333334768,0.09065503806983113
550,4495bbabfcd85347fed79b95f22149d3,ETH|Coinbase|1778158740|1778163240,ETH,Coinbase,sell,BASIS_DISLOCATION|ETH|Coinbase|sell,2,3,1778158740.0,75.0,60.114508316188115,4,-36.90589584215565,-0.20747488717056317,-1.539031321897722,0.3460664213483029,-0.3853785185967445,0.026178197385738632,-0.08849196152125426,-0.03617791590403596,0.016190684978258346,-0.2608435436218866,0.23736396158657,-0.05030030328279419
551,51f822fcc5e83d4d92af43c8caa0b43c,ETH|Coinbase|1778164140|1778165940,ETH,Coinbase,sell,BASIS_DISLOCATION|ETH|Coinbase|sell,0,1,1778164140.0,30.0,35.53252798164239,4,34.674531132107695,-1.0480236322033025,-0.15414664368995495,-0.5470694983383482,-0.5291278409917834,-0.17710833304915122,-0.18826027505648882,0.3998504356880355,-0.2898922636940246,0.263310191240816,-0.15634862123694457,0.18662760102349812
552,b86c3dc40232d73dc1f2f517c405ed38,ETH|Coinbase|1778163240|1778165940,ETH,Coinbase,sell,LIQUIDITY_SQUEEZE|ETH|Coinbase|sell,0,2,1778163240.0,45.0,64.75561767435813,3,56.79875012257824,-1.4038875577568075,0.13769079946309198,-0.47731621150314546,-0.545780250345663,0.23666430788952114,-0.2557907422020472,0.6840303296335871,-0.20614245264024006,0.1186008970517389,0.0922333418006873,-0.18002820100505007
553,cc5fd759e9a538de566dec7f35db37f3,ETH|Coinbase|1778163240|1778165940,ETH,Coinbase,sell,LIQUIDITY_SQUEEZE|ETH|Coinbase|sell,1,2,1778163240.0,45.0,64.75561767435813,3,-1.7183476224602123,-1.7868032148723187,0.9571633140405076,-0.2186962911697095,0.17978034328405443,0.3267528719303538,0.11764896982017506,0.02311860314274198,0.41246094105539555,-0.058932955826914796,-0.7236971851535341,0.21365830644324327
554,6ebfb534c15c3b0f7b02dfbd91159ce0,ETH|Coinbase|1778247840|1778252340,ETH,Coinbase,buy,BASIS_DISLOCATION|ETH|Coinbase|buy,0,3,1778247840.0,75.0,49.977373673344985,2,-15.159464176037732,-0.047995085977005435,0.29917282868071987,0.798244776655328,0.21329005804326756,0.17904019413180863,0.16612285222027298,0.5407324747486987,-0.07425605466761168,0.17579237054668775,-0.4630678285708588,-0.08754394046656316
555,4e9efcc704689725336c71a20b888520,ETH|Coinbase|1778247840|1778252340,ETH,Coinbase,buy,BASIS_DISLOCATION|ETH|Coinbase|buy,1,3,1778247840.0,75.0,49.977373673344985,2,-13.832642252554088,3.241056641127574,-0.2666948664756808,1.7876838866328941,0.736042185046191,-0.28918129695271255,0.019596047366485004,0.03190710591869948,0.06839626769146077,0.2242694734145802,-0.10278659447649749,-0.16767095186535036
556,7ac8c602c268a9cf739994f22cd5494a,ETH|Coinbase|1778247840|1778252340,ETH,Coinbase,buy,BASIS_DISLOCATION|ETH|Coinbase|buy,2,3,1778247840.0,75.0,49.977373673344985,2,-17.1838181181193,1.1727693355755227,-0.6009995254392632,-0.6611131390043993,-1.0783206529714675,-0.6432986691436827,-0.07692995402828616,0.12231625173544584,0.13462172795809224,-0.1322622503464745,-0.14337255295300735,0.022472573575871235
557,30c3fe8c2e7bbca28699d4948905e274,ETH|Coinbase|1778248740|1778252340,ETH,Coinbase,buy,BASIS_DISLOCATION|ETH|Coinbase|buy,0,2,1778248740.0,60.0,30.225527862717513,3,-12.598283792926596,0.985653197123986,1.9254543187601803,1.190735306278986,0.16799808020735088,0.3075134814985806,0.3764342523046054,-0.06060243551045053,-0.08579753381329258,0.03309454598830493,-0.44540118076537594,-0.42396217096452177
558,1addf111ce4967008dec9363b3a62df5,ETH|Coinbase|1778248740|1778252340,ETH,Coinbase,buy,BASIS_DISLOCATION|ETH|Coinbase|buy,1,2,1778248740.0,60.0,30.225527862717513,3,-17.158780204295436,1.2947224370456354,-0.6205659343589911,-0.6692215849842079,-1.239331217808497,-0.6440121424312971,-0.021822263690903024,0.06573970687340579,0.1540243806983124,-0.03487898468381807,-0.34435846508631335,0.07201551585120503
559,5cc6d75a369a7e9ba4a5b96846201bda,ETH|Coinbase|1778254140|1778256840,ETH,Coinbase,buy,BASIS_DISLOCATION|ETH|Coinbase|buy,0,1,1778254140.0,45.0,45.305153290183924,3,-15.987342086464855,-1.3231047229836583,0.66685859831266,-0.22549288625497338,-1.243278299695445,-0.47244923183987864,0.2891946942774678,-0.36319453577509714,0.258637904621516,0.3481884911395789,-0.2679031328604025,0.10784473069999181
560,7fa9ce27fbdb95e7bd4532d26fabb313,ETH|Coinbase|1778259540|1778263140,ETH,Coinbase,buy,BASIS_DISLOCATION|ETH|Coinbase|buy,0,2,1778259540.0,60.0,58.504160478728295,3,-5.484892815462144,0.3739764378511703,0.8317292686754877,-0.5506406587323217,-0.10911342860040041,0.08419059684677198,-0.3119487086150819,0.2196457685124868,0.20366729604748815,-0.21971124003056217,-0.23569646866664273,0.4530642968655005
561,da14725cdb98bd39bd473ee15ad931c4,ETH|Coinbase|1778259540|1778263140,ETH,Coinbase,buy,BASIS_DISLOCATION|ETH|Coinbase|buy,1,2,1778259540.0,60.0,58.504160478728295,3,15.870182344441792,0.8178460509538776,0.6024352392451546,0.27821374909815244,-0.09279959389684073,0.05944580313506906,-0.003372522565431105,0.04066253665910576,0.28229315595002424,0.1568442923605012,-0.314944620006118,0.2692072099371226
562,531ea44b1dac48923eb363d9f5aacb99,ETH|Coinbase|1778260440|1778263140,ETH,Coinbase,buy,LIQUIDITY_SQUEEZE|ETH|Coinbase|buy,0,2,1778260440.0,45.0,31.32138112040528,2,-19.31603858719709,4.645047865427176,3.1405771030672724,2.3926246598351057,0.6238163304736024,-0.22434560143479476,-0.056009613581030106,-0.09807161389489179,-0.7980850525921329,-0.03919428137251557,-0.2021563338388497,-0.24327185802201318
563,2a87d7c00b37d917dec0734af9ecba0c,ETH|Coinbase|1778260440|1778263140,ETH,Coinbase,buy,LIQUIDITY_SQUEEZE|ETH|Coinbase|buy,1,2,1778260440.0,45.0,31.32138112040528,2,25.383176099185615,-0.3245574807744439,0.8934655849940145,-0.5486136363779466,-0.21478758424501682,-0.02377141527749428,-0.31296977188016295,0.5762678584752593,-0.3706172696764753,0.3304647731897251,0.045173589729667604,0.21223944530727268
564,151eda21322e3c24902cd178a12a0597,ETH|Coinbase|1778263140|1778266140,ETH,Coinbase,buy,LIQUIDITY_SQUEEZE|ETH|Coinbase|buy,0,1,1778263140.0,50.0,47.977214558391225,3,-27.662385304295544,2.388100594108655,-0.847821195356718,0.8963557408596478,-0.8550705046782688,-1.1110828793752259,0.6770137415707814,-0.4941313100919079,0.13161505174891558,-0.06024313904375862,-0.17068015673769163,-0.10601436372243149
565,04e36ca8df4841243ce8b93c79725fe4,ETH|Coinbase|1778278440|1778284740,ETH,Coinbase,sell,LIQUIDITY_SQUEEZE|ETH|Coinbase|sell,0,4,1778278440.0,105.0,33.602870735969574,3,-17.05175875591297,-1.873627962318379,0.5883852856738584,0.24157969273148314,0.42919990105157696,-0.08527219356814167,-0.43254642016754563,-0.1078319269437027,0.07071571646847306,0.05690940673785125,-0.2996585327619846,0.2871846768611282
566,89483bab1470f7a9ab21ada05b0263f8,ETH|Coinbase|1778278440|1778284740,ETH,Coinbase,sell,LIQUIDITY_SQUEEZE|ETH|Coinbase|sell,1,4,1778278440.0,105.0,33.602870735969574,3,-19.18017085981511,-1.5907064829710786,1.7550801136732674,-0.3076824223104929,0.4297388655499971,-0.09579145844262786,-0.14882729938455166,-0.1413905782598103,-0.243736288920356,0.4828405946228669,0.4487982383234439,-0.2462690485462965
567,d4e62fdd14d352488e1f4d15deed36b3,ETH|Coinbase|1778278440|1778284740,ETH,Coinbase,sell,LIQUIDITY_SQUEEZE|ETH|Coinbase|sell,2,4,1778278440.0,105.0,33.602870735969574,3,-9.501813503353713,-0.6702287782165276,0.19992723332107915,-0.1117009734174719,-1.1188127651598192,-0.1415368204004748,0.04221752339607478,-0.21634297873288533,-0.20747567325856142,0.21268258488088262,0.0756629701097468,0.5681862157703391
568,0d05bbe6e97052b10d1911ce5ddff2da,ETH|Coinbase|1778278440|1778284740,ETH,Coinbase,sell,LIQUIDITY_SQUEEZE|ETH|Coinbase|sell,3,4,1778278440.0,105.0,33.602870735969574,3,-19.04807075094856,-1.3182715963332203,-0.3629437996004748,-0.06062387854474043,-0.6986549604549277,0.49590497908599546,0.09472082803428165,0.24262370626150784,-0.25113343023760176,-0.15306051507880294,-0.010147733632037118,-0.09992177805576512
569,92f0b5ceeb20b19a7b0221c2302adf61,ETH|Coinbase|1778339640|1778349540,ETH,Coinbase,buy,BASIS_DISLOCATION|ETH|Coinbase|buy,0,7,1778339640.0,165.0,98.67993802648274,1,-19.409077734764093,-1.2053538119931275,-0.15811395826894908,-0.5174790495747678,-0.013664008853437786,0.39462371470422486,0.45701480054671506,-0.5248149755658666,-0.603552591535776,-0.5301437114254116,0.24767019341732846,0.03285470395041185
570,ef24fafa46d6543238e7ec6ed80147f3,ETH|Coinbase|1778339640|1778349540,ETH,Coinbase,buy,BASIS_DISLOCATION|ETH|Coinbase|buy,1,7,1778339640.0,165.0,98.67993802648274,1,-18.310601750787146,-1.31290652730582,1.116273957300558,-0.08610696358167257,-1.2730636625377314,-0.5561291445631255,0.0474421528519049,0.02592721766447282,-0.33349750431777686,0.2297244386173976,-0.12151198321115694,0.1617918992434866
571,4dd627a35304ef2fd161f0ca549745f6,ETH|Coinbase|1778339640|1778349540,ETH,Coinbase,buy,BASIS_DISLOCATION|ETH|Coinbase|buy,2,7,1778339640.0,165.0,98.67993802648274,1,-7.208488531530985,-0.6800597090209753,-0.16028146464793744,0.2611729915378722,0.07338002290647869,0.34047617261403423,-0.13449528396417396,0.1267220696586608,-0.10467769028142397,-0.18542910772445773,-0.20986627928168833,0.6599987940022175
572,4fd368e4ba1900841b764b8af81b09c4,ETH|Coinbase|1778339640|1778349540,ETH,Coinbase,buy,BASIS_DISLOCATION|ETH|Coinbase|buy,3,7,1778339640.0,165.0,98.67993802648274,1,-19.312231039141306,-1.0595864696636403,1.030767603852192,-0.11387334160405028,-0.050418473152575874,0.019918224851981668,0.23128479593653098,0.1462752958030688,-0.1887204055619143,-0.27652090286083786,-0.2722771119252728,-0.18715483901918492
573,e5057ec10401da5c7e71161041232a95,ETH|Coinbase|1778339640|1778349540,ETH,Coinbase,buy,BASIS_DISLOCATION|ETH|Coinbase|buy,4,7,1778339640.0,165.0,98.67993802648274,1,-63.20182365368786,1.339426280632269,0.20936186302032658,1.1344440151192214,-0.0008637915626581926,0.31894977693418997,-0.03541608040836963,-0.1327281406524213,-0.23556280159719473,0.06601324125552302,-0.3208759656177932,-0.15871075966425616
574,4720a8db73361fe4fe8e6b5808042164,ETH|Coinbase|1778339640|1778349540,ETH,Coinbase,buy,BASIS_DISLOCATION|ETH|Coinbase|buy,5,7,1778339640.0,165.0,98.67993802648274,1,-14.857545011012965,-1.5569033843521665,-0.4523735235770503,-0.5638310679463125,0.4762978367859846,-0.12955483945904245,0.7898591845185432,0.09582404156492919,0.4205750924933559,-0.030167606225713465,0.13925728724792297,-0.29850201544653765
575,e553fc3f19eceaf5f512775c4adfe2a6,ETH|Coinbase|1778339640|1778349540,ETH,Coinbase,buy,BASIS_DISLOCATION|ETH|Coinbase|buy,6,7,1778339640.0,165.0,98.67993802648274,1,-21.579740162176247,-1.97190833597715,-0.6181093763718157,0.13431572006188516,0.5962843947200759,-0.36422232069200755,-0.33321320201818416,0.30030942751930634,0.08130344816836226,0.2972079551366735,-0.03864614104987184,0.2673818939395697
576,ff6fc32ac0937713f3e70e8e326f5274,ETH|Coinbase|1778340540|1778349540,ETH,Coinbase,buy,BASIS_DISLOCATION|ETH|Coinbase|buy,0,6,1778340540.0,150.0,70.69254439303947,1,-18.95503793523396,-1.2931360402893042,1.2188953991296017,-0.19036379421581906,-1.3807959071940943,-0.5913998819525565,0.33388142207469396,-0.4519119675607395,-0.04761396201493065,0.17929954409005933,-0.01578360009762797,0.03860651031061671
577,9fa9895c6d031362ed6a58091c09fec0,ETH|Coinbase|1778340540|1778349540,ETH,Coinbase,buy,BASIS_DISLOCATION|ETH|Coinbase|buy,1,6,1778340540.0,150.0,70.69254439303947,1,-7.208488531530985,-0.6800597090209753,-0.16028146464793744,0.2611729915378722,0.07338002290647869,0.34047617261403423,-0.13449528396417396,0.1267220696586608,-0.10467769028142397,-0.18542910772445773,-0.20986627928168833,0.6599987940022175
578,4f3399cd0a699981fbe3f7a1d913cf74,ETH|Coinbase|1778340540|1778349540,ETH,Coinbase,buy,BASIS_DISLOCATION|ETH|Coinbase|buy,2,6,1778340540.0,150.0,70.69254439303947,1,-19.312231039141306,-1.0595864696636403,1.030767603852192,-0.11387334160405028,-0.050418473152575874,0.019918224851981668,0.23128479593653098,0.1462752958030688,-0.1887204055619143,-0.27652090286083786,-0.2722771119252728,-0.18715483901918492
579,b0a0f39ca09d861b64ceab0d6b44bcd5,ETH|Coinbase|1778340540|1778349540,ETH,Coinbase,buy,BASIS_DISLOCATION|ETH|Coinbase|buy,3,6,1778340540.0,150.0,70.69254439303947,1,-63.20182365368786,1.339426280632269,0.20936186302032658,1.1344440151192214,-0.0008637915626581926,0.31894977693418997,-0.03541608040836963,-0.1327281406524213,-0.23556280159719473,0.06601324125552302,-0.3208759656177932,-0.15871075966425616
580,f74d559ca2d3cdcfc9f8708e69733a51,ETH|Coinbase|1778340540|1778349540,ETH,Coinbase,buy,BASIS_DISLOCATION|ETH|Coinbase|buy,4,6,1778340540.0,150.0,70.69254439303947,1,-14.857545011012965,-1.5569033843521665,-0.4523735235770503,-0.5638310679463125,0.4762978367859846,-0.12955483945904245,0.7898591845185432,0.09582404156492919,0.4205750924933559,-0.030167606225713465,0.13925728724792297,-0.29850201544653765
581,64d51ce8a6f28c6fa3719e235ee7a386,ETH|Coinbase|1778340540|1778349540,ETH,Coinbase,buy,BASIS_DISLOCATION|ETH|Coinbase|buy,5,6,1778340540.0,150.0,70.69254439303947,1,-21.579740162176247,-1.97190833597715,-0.6181093763718157,0.13431572006188516,0.5962843947200759,-0.36422232069200755,-0.33321320201818416,0.30030942751930634,0.08130344816836226,0.2972079551366735,-0.03864614104987184,0.2673818939395697
582,36d48a5f0330df3a264370d035e1210e,ETH|Coinbase|1778341440|1778349540,ETH,Coinbase,buy,BASIS_DISLOCATION|ETH|Coinbase|buy,0,4,1778341440.0,135.0,58.3587279657141,1,-13.231243263303753,-1.0414121161738212,-0.5305022912728221,-0.17182260351345682,-1.412254613319157,-0.9101484363986699,0.3752509707997,-0.7868364364013644,-0.2712115161694249,0.3284552338872713,-0.7086067433242259,0.06256600413888776
583,0f0228fa91a7c46f7c5b120e25f6f25a,ETH|Coinbase|1778341440|1778349540,ETH,Coinbase,buy,BASIS_DISLOCATION|ETH|Coinbase|buy,1,4,1778341440.0,135.0,58.3587279657141,1,-58.23410112166246,3.636275422168033,0.19492360987331617,1.9131500594801771,-0.2849166597421691,0.14449012288504337,-0.4436627115277782,-0.03922644182637676,-0.5101525958064419,-0.10819129055337115,0.17467829578229246,0.11769516208125272
584,76958027acd9edf510d1c3d9e155ccbf,ETH|Coinbase|1778341440|1778349540,ETH,Coinbase,buy,BASIS_DISLOCATION|ETH|Coinbase|buy,2,4,1778341440.0,135.0,58.3587279657141,1,-14.857545011012965,-1.5569033843521665,-0.4523735235770503,-0.5638310679463125,0.4762978367859846,-0.12955483945904245,0.7898591845185432,0.09582404156492919,0.4205750924933559,-0.030167606225713465,0.13925728724792297,-0.29850201544653765
585,0eb17cc3962c6e1f702a2c856cdc44ba,ETH|Coinbase|1778341440|1778349540,ETH,Coinbase,buy,BASIS_DISLOCATION|ETH|Coinbase|buy,3,4,1778341440.0,135.0,58.3587279657141,1,-21.579740162176247,-1.97190833597715,-0.6181093763718157,0.13431572006188516,0.5962843947200759,-0.36422232069200755,-0.33321320201818416,0.30030942751930634,0.08130344816836226,0.2972079551366735,-0.03864614104987184,0.2673818939395697
586,db0025a5ceef624eab034ef44c401b43,ETH|Coinbase|1778342340|1778349540,ETH,Coinbase,buy,BASIS_DISLOCATION|ETH|Coinbase|buy,0,6,1778342340.0,120.0,41.63288798553592,1,-20.084901984760908,-1.3257001509137745,-0.7340105297460915,-0.08410835648931006,-0.27966542453113696,0.4264545965696914,0.05110906724856243,0.2047675591892168,0.3471376970857754,-0.2315232484805053,-0.27963264952069516,-0.035181328269684044
587,4f0c729816cef0643fad858cd5513f40,ETH|Coinbase|1778342340|1778349540,ETH,Coinbase,buy,BASIS_DISLOCATION|ETH|Coinbase|buy,1,6,1778342340.0,120.0,41.63288798553592,1,-1.6682292779392167,-1.5673827748461993,1.407732733359123,-0.2189236116418648,0.4056783924349021,-0.28151049039770065,-0.6381829228731434,-0.2565338235052004,-0.5218782847930257,-0.10538312226546132,0.1343156316613651,-0.28835035560976663
588,cb0b467fc1df9a03982895d9e8f16729,ETH|Coinbase|1778342340|1778349540,ETH,Coinbase,buy,BASIS_DISLOCATION|ETH|Coinbase|buy,2,6,1778342340.0,120.0,41.63288798553592,1,-19.696987366777524,-0.9764580841266735,-0.5793723499121923,0.16310924996674847,0.27987270227198247,0.04004290695986684,0.26248349419492584,-0.1877852835270345,-0.5587914487572739,-0.24342375376994654,0.17704701653247948,0.5043563396009625
589,6544f25fc8fb7ad3e8ae876e7867a59c,ETH|Coinbase|1778342340|1778349540,ETH,Coinbase,buy,BASIS_DISLOCATION|ETH|Coinbase|buy,3,6,1778342340.0,120.0,41.63288798553592,1,-58.23410112166246,3.636275422168033,0.19492360987331617,1.9131500594801771,-0.2849166597421691,0.14449012288504337,-0.4436627115277782,-0.03922644182637676,-0.5101525958064419,-0.10819129055337115,0.17467829578229246,0.11769516208125272
590,cb98631622f44483dbf16c2f02866aa5,ETH|Coinbase|1778342340|1778349540,ETH,Coinbase,buy,BASIS_DISLOCATION|ETH|Coinbase|buy,4,6,1778342340.0,120.0,41.63288798553592,1,-14.857545011012965,-1.5569033843521665,-0.4523735235770503,-0.5638310679463125,0.4762978367859846,-0.12955483945904245,0.7898591845185432,0.09582404156492919,0.4205750924933559,-0.030167606225713465,0.13925728724792297,-0.29850201544653765
591,cbd445a2749c4de646a51f9599cf6f3f,ETH|Coinbase|1778342340|1778349540,ETH,Coinbase,buy,BASIS_DISLOCATION|ETH|Coinbase|buy,5,6,1778342340.0,120.0,41.63288798553592,1,-21.579740162176247,-1.97190833597715,-0.6181093763718157,0.13431572006188516,0.5962843947200759,-0.36422232069200755,-0.33321320201818416,0.30030942751930634,0.08130344816836226,0.2972079551366735,-0.03864614104987184,0.2673818939395697
592,23b5e4390bb44284884de76ab4bacb8e,ETH|Coinbase|1778345940|1778349540,ETH,Coinbase,buy,BASIS_DISLOCATION|ETH|Coinbase|buy,0,3,1778345940.0,60.0,30.5845877301886,1,-56.90509270218758,3.6382908794704836,0.22515580779822986,1.8681588911591676,-0.3511778250124544,-0.0184225630828275,-0.40534442032016305,-0.0010033872051543819,-0.6015627975647477,-0.11579720319489435,0.14411213789093022,0.062161147981440845
593,8749141b2c1a17019ef90425b30c8ae5,ETH|Coinbase|1778345940|1778349540,ETH,Coinbase,buy,BASIS_DISLOCATION|ETH|Coinbase|buy,1,3,1778345940.0,60.0,30.5845877301886,1,-14.857545011012965,-1.5569033843521665,-0.4523735235770503,-0.5638310679463125,0.4762978367859846,-0.12955483945904245,0.7898591845185432,0.09582404156492919,0.4205750924933559,-0.030167606225713465,0.13925728724792297,-0.29850201544653765
594,2fd0a36c4dbc8c64304d751b7d395202,ETH|Coinbase|1778345940|1778349540,ETH,Coinbase,buy,BASIS_DISLOCATION|ETH|Coinbase|buy,2,3,1778345940.0,60.0,30.5845877301886,1,-21.579740162176247,-1.97190833597715,-0.6181093763718157,0.13431572006188516,0.5962843947200759,-0.36422232069200755,-0.33321320201818416,0.30030942751930634,0.08130344816836226,0.2972079551366735,-0.03864614104987184,0.2673818939395697
595,b89f3f9c8a6bc4f826a63b843d94e749,ETH|Coinbase|1778339640|1778344140,ETH,Coinbase,buy,RELATIVE_STRENGTH|ETH|Coinbase|buy,0,3,1778339640.0,75.0,57.02748447407059,2,-19.409077734764093,-1.2053538119931275,-0.15811395826894908,-0.5174790495747678,-0.013664008853437786,0.39462371470422486,0.45701480054671506,-0.5248149755658666,-0.603552591535776,-0.5301437114254116,0.24767019341732846,0.03285470395041185
596,571930fa22ec1bd07e78525ace60b12e,ETH|Coinbase|1778339640|1778344140,ETH,Coinbase,buy,RELATIVE_STRENGTH|ETH|Coinbase|buy,1,3,1778339640.0,75.0,57.02748447407059,2,-18.260834535606346,-1.2093103264600469,2.8543056968926495,0.09535082453771836,-1.2213832615172024,-0.03855881587652034,0.12013629527816036,0.291043005185534,0.1855406991561047,0.07380147551753331,-0.2978466359611987,-0.01333300474052097
597,7aed5ef01d11d1acd025847661bfcd23,ETH|Coinbase|1778339640|1778344140,ETH,Coinbase,buy,RELATIVE_STRENGTH|ETH|Coinbase|buy,2,3,1778339640.0,75.0,57.02748447407059,2,-14.027605847371639,-1.4998961955471564,-0.6318168760890454,0.0516245072263269,0.48595332719707024,-0.061096713270468436,-0.20508094543341543,-0.10773239738206593,0.2750382403071266,0.4557875382742223,-0.08799067892278074,0.27925290074443687
598,79ee4231d6937531db2838de06098414,ETH|Coinbase|1778342340|1778348640,ETH,Coinbase,buy,RELATIVE_STRENGTH|ETH|Coinbase|buy,0,5,1778342340.0,105.0,45.73198650147402,2,-20.084901984760908,-1.3257001509137745,-0.7340105297460915,-0.08410835648931006,-0.27966542453113696,0.4264545965696914,0.05110906724856243,0.2047675591892168,0.3471376970857754,-0.2315232484805053,-0.27963264952069516,-0.035181328269684044
599,653a12b196587b9c4a39534fcedc598b,ETH|Coinbase|1778342340|1778348640,ETH,Coinbase,buy,RELATIVE_STRENGTH|ETH|Coinbase|buy,1,5,1778342340.0,105.0,45.73198650147402,2,-1.6682292779392167,-1.5673827748461993,1.407732733359123,-0.2189236116418648,0.4056783924349021,-0.28151049039770065,-0.6381829228731434,-0.2565338235052004,-0.5218782847930257,-0.10538312226546132,0.1343156316613651,-0.28835035560976663
600,8ef82a04aaf4e75bae514bd8af3fa2f0,ETH|Coinbase|1778342340|1778348640,ETH,Coinbase,buy,RELATIVE_STRENGTH|ETH|Coinbase|buy,2,5,1778342340.0,105.0,45.73198650147402,2,-19.696987366777524,-0.9764580841266735,-0.5793723499121923,0.16310924996674847,0.27987270227198247,0.04004290695986684,0.26248349419492584,-0.1877852835270345,-0.5587914487572739,-0.24342375376994654,0.17704701653247948,0.5043563396009625
601,7b5e460dd89b101282102f3d8a39766c,ETH|Coinbase|1778342340|1778348640,ETH,Coinbase,buy,RELATIVE_STRENGTH|ETH|Coinbase|buy,3,5,1778342340.0,105.0,45.73198650147402,2,-58.23410112166246,3.636275422168033,0.19492360987331617,1.9131500594801771,-0.2849166597421691,0.14449012288504337,-0.4436627115277782,-0.03922644182637676,-0.5101525958064419,-0.10819129055337115,0.17467829578229246,0.11769516208125272
602,7e973dafed301ee285ea0bcdbc146903,ETH|Coinbase|1778342340|1778348640,ETH,Coinbase,buy,RELATIVE_STRENGTH|ETH|Coinbase|buy,4,5,1778342340.0,105.0,45.73198650147402,2,-13.684132317433228,-1.6223364813957013,0.4421780438802278,-0.552727330771071,0.28676276271256224,0.18961614949483713,0.9042614509373236,-0.21817285335454828,-0.24880751994893002,0.25107655468112344,0.20681777608160634,-0.057510798878065074
603,52c367fcdc0b913380148c7bbc07a40e,ETH|Coinbase|1778345940|1778348640,ETH,Coinbase,buy,VOL_BREAKOUT|ETH|Coinbase|buy,0,2,1778345940.0,45.0,34.678673960272654,1,-56.90509270218758,3.6382908794704836,0.22515580779822986,1.8681588911591676,-0.3511778250124544,-0.0184225630828275,-0.40534442032016305,-0.0010033872051543819,-0.6015627975647477,-0.11579720319489435,0.14411213789093022,0.062161147981440845
604,8448f7820695da4c37b811bb8eaa8151,ETH|Coinbase|1778345940|1778348640,ETH,Coinbase,buy,VOL_BREAKOUT|ETH|Coinbase|buy,1,2,1778345940.0,45.0,34.678673960272654,1,-13.684132317433228,-1.6223364813957013,0.4421780438802278,-0.552727330771071,0.28676276271256224,0.18961614949483713,0.9042614509373236,-0.21817285335454828,-0.24880751994893002,0.25107655468112344,0.20681777608160634,-0.057510798878065074
605,2004ed1b9b1854a771ae7d8a7febecc2,ETH|Coinbase|1778417940|1778437740,ETH,Coinbase,buy,BASIS_DISLOCATION|ETH|Coinbase|buy,0,11,1778417940.0,330.0,151.5632004887554,1,-27.979230775399262,-1.1097864924718437,-0.9864317539358882,-0.6785414771394342,-0.9721572828598859,0.10622758409456838,-0.09131223399801047,0.7436733104545977,0.045510605978560034,0.2437146706334473,-0.10658548127091419,-0.19277270823872886
606,3c7f5a4cf28f462ac9dd1ac9ccc9f9d6,ETH|Coinbase|1778417940|1778437740,ETH,Coinbase,buy,BASIS_DISLOCATION|ETH|Coinbase|buy,1,11,1778417940.0,330.0,151.5632004887554,1,-29.376396869301836,-0.9414556593049891,0.09982804255194133,0.07837876477359279,-0.8652404967443624,-0.2306158541988994,0.04033529893576207,0.1304691569530839,0.3969100000281608,-0.25047173411004864,0.3728759982939476,0.40582776844414287
607,07923a30c19f97f796a53a8e67ae5875,ETH|Coinbase|1778417940|1778437740,ETH,Coinbase,buy,BASIS_DISLOCATION|ETH|Coinbase|buy,2,11,1778417940.0,330.0,151.5632004887554,1,-38.85882341961223,1.3449103739354211,-0.6544040933447813,1.3113279250775356,0.5749129290269601,-0.2391568591290156,-0.06644471290179468,-0.2671894463339235,0.45310510186259206,-0.3378777585059522,0.2470005643028142,-0.16816211908182485
608,d3ef79dc150b06a071e1261fc350fd16,ETH|Coinbase|1778417940|1778437740,ETH,Coinbase,buy,BASIS_DISLOCATION|ETH|Coinbase|buy,3,11,1778417940.0,330.0,151.5632004887554,1,-41.46891641755026,0.370412949620249,0.32235070490345435,0.35045220323074017,-0.8661334478520373,-0.6971120438174611,0.702907017203923,-0.8887314664317423,0.16174214713273688,0.1693348831529122,-0.4436927557086915,-0.13721315805363113
609,9546a5d1f7fc997c9f81b93e841c109a,ETH|Coinbase|1778417940|1778437740,ETH,Coinbase,buy,BASIS_DISLOCATION|ETH|Coinbase|buy,4,11,1778417940.0,330.0,151.5632004887554,1,-74.04413681750016,0.8480457516090525,-0.937740679304198,1.129033702659873,0.6448757103100029,-0.31915441326651656,-0.25544100560869065,-0.021689621092904746,0.29354455185196665,-0.2339378585288909,0.07895092183688218,0.02570902025169553
610,49a42705c7d87c9b32b72a307ee1a6a2,ETH|Coinbase|1778417940|1778437740,ETH,Coinbase,buy,BASIS_DISLOCATION|ETH|Coinbase|buy,5,11,1778417940.0,330.0,151.5632004887554,1,-21.97343589173541,-0.722932981315615,0.1707843810108967,-0.35214849521158803,-0.918857690800074,-0.382836275211017,-0.351129631137861,0.2531828844409099,0.4892820326963243,0.03935452503673037,0.19150879112915323,-0.5406927428338695
611,8afa942d1e4dfb60966201ee701a1beb,ETH|Coinbase|1778417940|1778437740,ETH,Coinbase,buy,BASIS_DISLOCATION|ETH|Coinbase|buy,6,11,1778417940.0,330.0,151.5632004887554,1,-40.969914641837825,-1.271324271385054,-0.4926315481378785,-0.5376748962116243,0.4365071621576485,-0.03819218612942618,0.050443735074354366,-0.2995744451775067,0.235528279337098,-0.1871832527832563,-0.12024271046651833,0.07086995530766564
612,f0d38f468f4d89ea4703a45660a2c2d2,ETH|Coinbase|1778417940|1778437740,ETH,Coinbase,buy,BASIS_DISLOCATION|ETH|Coinbase|buy,7,11,1778417940.0,330.0,151.5632004887554,1,-72.71272101986817,-0.10664202491086154,0.7471444196752488,-0.3493422388542436,-0.878838995722495,-0.6483534083419229,0.03685704383355017,0.3175472829699389,-0.09543793241928804,-0.2191812653528481,-0.1380270077547309,0.021135782869147333
613,47bcd3f3f6bf4aaa821dd9bb944734c9,ETH|Coinbase|1778417940|1778437740,ETH,Coinbase,buy,BASIS_DISLOCATION|ETH|Coinbase|buy,8,11,1778417940.0,330.0,151.5632004887554,1,-40.71609537956108,-1.0225508825367735,-0.43092927735061237,0.003624220935123729,-0.3047573190460406,0.42477490250355576,0.21537264981463433,0.10573377046883344,-0.09910779345954816,-0.9266903443830191,0.20251701229328042,-0.2699559071999446
614,05423783f902eae6a82bd0933d508c0c,ETH|Coinbase|1778417940|1778437740,ETH,Coinbase,buy,BASIS_DISLOCATION|ETH|Coinbase|buy,9,11,1778417940.0,330.0,151.5632004887554,1,-64.05573313566457,-0.21939194040639787,0.7822573214830784,1.0536945595877192,0.16333936775658417,0.14650922586970566,-0.4590323249481691,0.1531577989524246,0.40997050556688663,-0.24251443114323065,-0.11412644988403325,-0.0364493410557131
615,a22bda4efb3da69929f85b3c5d50615a,ETH|Coinbase|1778417940|1778437740,ETH,Coinbase,buy,BASIS_DISLOCATION|ETH|Coinbase|buy,10,11,1778417940.0,330.0,151.5632004887554,1,-15.989775972463192,-1.1478995574690256,0.38719604616574893,0.36309025645228366,0.19859866828898046,0.19364735851326698,0.32469130594791706,0.15768070063407186,0.54077711816909,-0.18774355626738198,-0.29477766328861665,0.04071713111658196
616,2c61925f2955e620cd5aa9d1151529d9,ETH|Coinbase|1778423340|1778437740,ETH,Coinbase,buy,BASIS_DISLOCATION|ETH|Coinbase|buy,0,9,1778423340.0,240.0,135.80609556764014,1,-42.789253155433244,0.17269005289264402,0.1944008321255172,0.3228630731940435,-0.6541250807181639,-0.8879842308186771,0.5690902043523638,-0.5336634543633181,0.5813532005219525,-0.13835819290431564,-0.1635910399762747,-0.2249168748327211
617,df6603149b4dc6c73947f823db8821b6,ETH|Coinbase|1778423340|1778437740,ETH,Coinbase,buy,BASIS_DISLOCATION|ETH|Coinbase|buy,1,9,1778423340.0,240.0,135.80609556764014,1,-74.04413681750016,0.8480457516090525,-0.937740679304198,1.129033702659873,0.6448757103100029,-0.31915441326651656,-0.25544100560869065,-0.021689621092904746,0.29354455185196665,-0.2339378585288909,0.07895092183688218,0.02570902025169553
618,42e68e9e9a21525fc6c478c565d078bc,ETH|Coinbase|1778423340|1778437740,ETH,Coinbase,buy,BASIS_DISLOCATION|ETH|Coinbase|buy,2,9,1778423340.0,240.0,135.80609556764014,1,-45.34353948662161,-1.2012079722529532,-0.46071078301665724,-0.6670939356947425,0.33166937514975126,0.08672642456907999,0.3723022595452802,0.24971067309122455,0.017534519438470727,-0.1283257188560423,-0.34803786326866726,-0.01623646892072474
619,e91f64096b00073aec1ca6148bbe85ff,ETH|Coinbase|1778423340|1778437740,ETH,Coinbase,buy,BASIS_DISLOCATION|ETH|Coinbase|buy,3,9,1778423340.0,240.0,135.80609556764014,1,1.1391999594999662,3.1701155597391164,0.1897602436170389,1.9117328489684513,0.699745898973625,-0.18327776149088026,0.7533055082393193,0.3410591291598864,0.33127448561351064,0.1949113310084883,0.10547928163133967,0.25678950176475457
620,207ed5a92b01489e0c1bb22a9df12385,ETH|Coinbase|1778423340|1778437740,ETH,Coinbase,buy,BASIS_DISLOCATION|ETH|Coinbase|buy,4,9,1778423340.0,240.0,135.80609556764014,1,-37.90375226487826,-1.2266950782699102,-0.43845792768562963,-0.4219895800671733,0.5737923292304558,-0.06877343673411314,0.11143237931626998,-0.0607086019548522,0.1389614101063374,0.23635923867492636,-0.26271067209259785,0.0810474003945158
621,606ba04e58edd55c396ca5042615c0bb,ETH|Coinbase|1778423340|1778437740,ETH,Coinbase,buy,BASIS_DISLOCATION|ETH|Coinbase|buy,5,9,1778423340.0,240.0,135.80609556764014,1,-72.71272101986817,-0.10664202491086154,0.7471444196752488,-0.3493422388542436,-0.878838995722495,-0.6483534083419229,0.03685704383355017,0.3175472829699389,-0.09543793241928804,-0.2191812653528481,-0.1380270077547309,0.021135782869147333
622,1fb6577c287f38fb39aebd5bf2250c18,ETH|Coinbase|1778423340|1778437740,ETH,Coinbase,buy,BASIS_DISLOCATION|ETH|Coinbase|buy,6,9,1778423340.0,240.0,135.80609556764014,1,-40.71609537956108,-1.0225508825367735,-0.43092927735061237,0.003624220935123729,-0.3047573190460406,0.42477490250355576,0.21537264981463433,0.10573377046883344,-0.09910779345954816,-0.9266903443830191,0.20251701229328042,-0.2699559071999446
623,2c9b83fa3de9bf8aa1f5fd054f608240,ETH|Coinbase|1778423340|1778437740,ETH,Coinbase,buy,BASIS_DISLOCATION|ETH|Coinbase|buy,7,9,1778423340.0,240.0,135.80609556764014,1,-64.05573313566457,-0.21939194040639787,0.7822573214830784,1.0536945595877192,0.16333936775658417,0.14650922586970566,-0.4590323249481691,0.1531577989524246,0.40997050556688663,-0.24251443114323065,-0.11412644988403325,-0.0364493410557131
624,57368d26b0f0a479c3e539b95be06e76,ETH|Coinbase|1778423340|1778437740,ETH,Coinbase,buy,BASIS_DISLOCATION|ETH|Coinbase|buy,8,9,1778423340.0,240.0,135.80609556764014,1,-15.989775972463192,-1.1478995574690256,0.38719604616574893,0.36309025645228366,0.19859866828898046,0.19364735851326698,0.32469130594791706,0.15768070063407186,0.54077711816909,-0.18774355626738198,-0.29477766328861665,0.04071713111658196
625,1a620b53020046bc24ab9333182af94e,ETH|Coinbase|1778425140|1778437740,ETH,Coinbase,buy,BASIS_DISLOCATION|ETH|Coinbase|buy,0,9,1778425140.0,210.0,122.23062794937765,1,-44.77042739852824,0.2898923452804108,0.24648972978948136,0.46799412745277513,-0.93151160259799,-0.36313160209740414,-0.1804337987330005,0.10380093418058466,-0.022544277668616344,-0.38812063390492935,-0.2360438197294721,0.15352840163000647
626,61fbdfa17474270fa0989c97696b3cc9,ETH|Coinbase|1778425140|1778437740,ETH,Coinbase,buy,BASIS_DISLOCATION|ETH|Coinbase|buy,1,9,1778425140.0,210.0,122.23062794937765,1,-74.04413681750016,0.8480457516090525,-0.937740679304198,1.129033702659873,0.6448757103100029,-0.31915441326651656,-0.25544100560869065,-0.021689621092904746,0.29354455185196665,-0.2339378585288909,0.07895092183688218,0.02570902025169553
627,bce7b5287e50ee03d1aad62364165770,ETH|Coinbase|1778425140|1778437740,ETH,Coinbase,buy,BASIS_DISLOCATION|ETH|Coinbase|buy,2,9,1778425140.0,210.0,122.23062794937765,1,-45.34353948662161,-1.2012079722529532,-0.46071078301665724,-0.6670939356947425,0.33166937514975126,0.08672642456907999,0.3723022595452802,0.24971067309122455,0.017534519438470727,-0.1283257188560423,-0.34803786326866726,-0.01623646892072474
628,9506b0cf981eccd55a2c713d66ec7b5e,ETH|Coinbase|1778425140|1778437740,ETH,Coinbase,buy,BASIS_DISLOCATION|ETH|Coinbase|buy,3,9,1778425140.0,210.0,122.23062794937765,1,1.1391999594999662,3.1701155597391164,0.1897602436170389,1.9117328489684513,0.699745898973625,-0.18327776149088026,0.7533055082393193,0.3410591291598864,0.33127448561351064,0.1949113310084883,0.10547928163133967,0.25678950176475457
629,b28125df279e7302c9f4ef5c3e79e7d4,ETH|Coinbase|1778425140|1778437740,ETH,Coinbase,buy,BASIS_DISLOCATION|ETH|Coinbase|buy,4,9,1778425140.0,210.0,122.23062794937765,1,-37.90375226487826,-1.2266950782699102,-0.43845792768562963,-0.4219895800671733,0.5737923292304558,-0.06877343673411314,0.11143237931626998,-0.0607086019548522,0.1389614101063374,0.23635923867492636,-0.26271067209259785,0.0810474003945158
630,50a83b3d281433a8b321a83d66096f84,ETH|Coinbase|1778425140|1778437740,ETH,Coinbase,buy,BASIS_DISLOCATION|ETH|Coinbase|buy,5,9,1778425140.0,210.0,122.23062794937765,1,-72.71272101986817,-0.10664202491086154,0.7471444196752488,-0.3493422388542436,-0.878838995722495,-0.6483534083419229,0.03685704383355017,0.3175472829699389,-0.09543793241928804,-0.2191812653528481,-0.1380270077547309,0.021135782869147333
631,8573694aead045b48e235517cceb7791,ETH|Coinbase|1778425140|1778437740,ETH,Coinbase,buy,BASIS_DISLOCATION|ETH|Coinbase|buy,6,9,1778425140.0,210.0,122.23062794937765,1,-40.71609537956108,-1.0225508825367735,-0.43092927735061237,0.003624220935123729,-0.3047573190460406,0.42477490250355576,0.21537264981463433,0.10573377046883344,-0.09910779345954816,-0.9266903443830191,0.20251701229328042,-0.2699559071999446
632,27117376f34bd272a05fca4eca3c104e,ETH|Coinbase|1778425140|1778437740,ETH,Coinbase,buy,BASIS_DISLOCATION|ETH|Coinbase|buy,7,9,1778425140.0,210.0,122.23062794937765,1,-64.05573313566457,-0.21939194040639787,0.7822573214830784,1.0536945595877192,0.16333936775658417,0.14650922586970566,-0.4590323249481691,0.1531577989524246,0.40997050556688663,-0.24251443114323065,-0.11412644988403325,-0.0364493410557131
633,ec840457802400f45868c2e31d7c10b9,ETH|Coinbase|1778425140|1778437740,ETH,Coinbase,buy,BASIS_DISLOCATION|ETH|Coinbase|buy,8,9,1778425140.0,210.0,122.23062794937765,1,-15.989775972463192,-1.1478995574690256,0.38719604616574893,0.36309025645228366,0.19859866828898046,0.19364735851326698,0.32469130594791706,0.15768070063407186,0.54077711816909,-0.18774355626738198,-0.29477766328861665,0.04071713111658196
634,b932d64ba4e281763c876cfd01f8d4c6,ETH|Coinbase|1778426940|1778437740,ETH,Coinbase,buy,BASIS_DISLOCATION|ETH|Coinbase|buy,0,8,1778426940.0,180.0,107.59623581523083,1,-71.88188787459181,0.02349200176173167,0.2319307380000993,0.7619630041976542,0.30796941211969586,0.18105960192713183,0.13225970664950726,0.2633861620921742,0.5095755428666325,-0.2670475513482141,-0.3754910696307738,0.2517545886594262
635,8ef27e9b42c5ca7fabbc20d98ac122a3,ETH|Coinbase|1778426940|1778437740,ETH,Coinbase,buy,BASIS_DISLOCATION|ETH|Coinbase|buy,1,8,1778426940.0,180.0,107.59623581523083,1,-44.7944003957743,-1.2104556889935885,0.6071385328332238,-0.4448729604661054,0.41765875959396154,-0.07926152005939346,0.5212926293094778,0.009682911663941592,-0.20043589762354483,-0.26062844334319935,-0.18416344538856974,-0.09483473723263158
636,6ff386b911d56b850b15aa2db0fe8693,ETH|Coinbase|1778426940|1778437740,ETH,Coinbase,buy,BASIS_DISLOCATION|ETH|Coinbase|buy,2,8,1778426940.0,180.0,107.59623581523083,1,-0.8598789484523138,-1.5773155944882404,0.22026197539962586,-0.16250135903282878,0.21250950264542093,0.19787948371153186,-0.10132364516256628,-0.2212512038229619,-0.4473974573361679,-0.20280679941489466,-0.31467457787457864,0.5607965488940733
637,f30cad71c01d75572ae9de72a09187f8,ETH|Coinbase|1778426940|1778437740,ETH,Coinbase,buy,BASIS_DISLOCATION|ETH|Coinbase|buy,3,8,1778426940.0,180.0,107.59623581523083,1,-40.969914641837825,-1.271324271385054,-0.4926315481378785,-0.5376748962116243,0.4365071621576485,-0.03819218612942618,0.050443735074354366,-0.2995744451775067,0.235528279337098,-0.1871832527832563,-0.12024271046651833,0.07086995530766564
638,18e806bf5dfa8103d9854b9fcc8a5819,ETH|Coinbase|1778426940|1778437740,ETH,Coinbase,buy,BASIS_DISLOCATION|ETH|Coinbase|buy,4,8,1778426940.0,180.0,107.59623581523083,1,-72.71272101986817,-0.10664202491086154,0.7471444196752488,-0.3493422388542436,-0.878838995722495,-0.6483534083419229,0.03685704383355017,0.3175472829699389,-0.09543793241928804,-0.2191812653528481,-0.1380270077547309,0.021135782869147333
639,7c7395e17d1de7d6050101bf3210dea9,ETH|Coinbase|1778426940|1778437740,ETH,Coinbase,buy,BASIS_DISLOCATION|ETH|Coinbase|buy,5,8,1778426940.0,180.0,107.59623581523083,1,-40.71609537956108,-1.0225508825367735,-0.43092927735061237,0.003624220935123729,-0.3047573190460406,0.42477490250355576,0.21537264981463433,0.10573377046883344,-0.09910779345954816,-0.9266903443830191,0.20251701229328042,-0.2699559071999446
640,e53733a9d7fb2b63974d8f7be2dd9085,ETH|Coinbase|1778426940|1778437740,ETH,Coinbase,buy,BASIS_DISLOCATION|ETH|Coinbase|buy,6,8,1778426940.0,180.0,107.59623581523083,1,-64.05573313566457,-0.21939194040639787,0.7822573214830784,1.0536945595877192,0.16333936775658417,0.14650922586970566,-0.4590323249481691,0.1531577989524246,0.40997050556688663,-0.24251443114323065,-0.11412644988403325,-0.0364493410557131
641,2116da3b5c48d58e239f9c987c00d283,ETH|Coinbase|1778426940|1778437740,ETH,Coinbase,buy,BASIS_DISLOCATION|ETH|Coinbase|buy,7,8,1778426940.0,180.0,107.59623581523083,1,-15.989775972463192,-1.1478995574690256,0.38719604616574893,0.36309025645228366,0.19859866828898046,0.19364735851326698,0.32469130594791706,0.15768070063407186,0.54077711816909,-0.18774355626738198,-0.29477766328861665,0.04071713111658196
642,83adeeea0fd41e4b9bf7907aec34e342,ETH|Coinbase|1778427840|1778437740,ETH,Coinbase,buy,BASIS_DISLOCATION|ETH|Coinbase|buy,0,7,1778427840.0,165.0,76.06920221465815,1,-74.08854567676762,-0.4775192361456272,0.672062848570341,0.1721296305468148,0.4813286587587736,-0.019149909534996117,-0.006154926654412268,-0.3369095248240085,-0.2817348094420488,0.11015679682490868,-0.1344660686024395,-0.3231644632938931
643,e98b9432411f58e86665ed4ed1004873,ETH|Coinbase|1778427840|1778437740,ETH,Coinbase,buy,BASIS_DISLOCATION|ETH|Coinbase|buy,1,7,1778427840.0,165.0,76.06920221465815,1,-10.979148755085237,-1.2219892551305767,0.12067034440991695,-0.30924523294647344,-0.5641768994779018,0.8078670853180435,0.009714822643972847,0.15004974610835217,0.4585978153768236,-0.16444857822973266,-0.32237800364808744,0.020656906606802986
644,c127604dc8f90614ba6e0a42cee6f143,ETH|Coinbase|1778427840|1778437740,ETH,Coinbase,buy,BASIS_DISLOCATION|ETH|Coinbase|buy,2,7,1778427840.0,165.0,76.06920221465815,1,-40.969914641837825,-1.271324271385054,-0.4926315481378785,-0.5376748962116243,0.4365071621576485,-0.03819218612942618,0.050443735074354366,-0.2995744451775067,0.235528279337098,-0.1871832527832563,-0.12024271046651833,0.07086995530766564
645,f148f127fa87f32a0d2905ba6adc7176,ETH|Coinbase|1778427840|1778437740,ETH,Coinbase,buy,BASIS_DISLOCATION|ETH|Coinbase|buy,3,7,1778427840.0,165.0,76.06920221465815,1,-72.71272101986817,-0.10664202491086154,0.7471444196752488,-0.3493422388542436,-0.878838995722495,-0.6483534083419229,0.03685704383355017,0.3175472829699389,-0.09543793241928804,-0.2191812653528481,-0.1380270077547309,0.021135782869147333
646,0d2d958baeeacd531716228cdb21d7cc,ETH|Coinbase|1778427840|1778437740,ETH,Coinbase,buy,BASIS_DISLOCATION|ETH|Coinbase|buy,4,7,1778427840.0,165.0,76.06920221465815,1,-40.71609537956108,-1.0225508825367735,-0.43092927735061237,0.003624220935123729,-0.3047573190460406,0.42477490250355576,0.21537264981463433,0.10573377046883344,-0.09910779345954816,-0.9266903443830191,0.20251701229328042,-0.2699559071999446
647,af34267da436b389492f4c1c8e29ca80,ETH|Coinbase|1778427840|1778437740,ETH,Coinbase,buy,BASIS_DISLOCATION|ETH|Coinbase|buy,5,7,1778427840.0,165.0,76.06920221465815,1,-64.05573313566457,-0.21939194040639787,0.7822573214830784,1.0536945595877192,0.16333936775658417,0.14650922586970566,-0.4590323249481691,0.1531577989524246,0.40997050556688663,-0.24251443114323065,-0.11412644988403325,-0.0364493410557131
648,66fc164a20efde17e04d1b7f1fbb88c9,ETH|Coinbase|1778427840|1778437740,ETH,Coinbase,buy,BASIS_DISLOCATION|ETH|Coinbase|buy,6,7,1778427840.0,165.0,76.06920221465815,1,-15.989775972463192,-1.1478995574690256,0.38719604616574893,0.36309025645228366,0.19859866828898046,0.19364735851326698,0.32469130594791706,0.15768070063407186,0.54077711816909,-0.18774355626738198,-0.29477766328861665,0.04071713111658196
649,b8ff2830d4dd4ffd21e8950dcee63ebd,ETH|Coinbase|1778431440|1778437740,ETH,Coinbase,buy,BASIS_DISLOCATION|ETH|Coinbase|buy,0,4,1778431440.0,105.0,55.91047143234542,3,-71.48615528525413,-0.023991984301078954,0.7627647120700713,-0.32823513738797233,-0.9195326917965423,-0.7722944937818051,0.045987868524926666,0.28681962306998166,0.09304427044945206,-0.08871657528564621,-0.05999852907472233,0.046720365578504224
650,be5a39cf7cafc812963c388f30255b86,ETH|Coinbase|1778431440|1778437740,ETH,Coinbase,buy,BASIS_DISLOCATION|ETH|Coinbase|buy,1,4,1778431440.0,105.0,55.91047143234542,3,-40.71609537956108,-1.0225508825367735,-0.43092927735061237,0.003624220935123729,-0.3047573190460406,0.42477490250355576,0.21537264981463433,0.10573377046883344,-0.09910779345954816,-0.9266903443830191,0.20251701229328042,-0.2699559071999446
651,651bb93b4b3e0f2daf7584fa7807c4a8,ETH|Coinbase|1778431440|1778437740,ETH,Coinbase,buy,BASIS_DISLOCATION|ETH|Coinbase|buy,2,4,1778431440.0,105.0,55.91047143234542,3,-64.05573313566457,-0.21939194040639787,0.7822573214830784,1.0536945595877192,0.16333936775658417,0.14650922586970566,-0.4590323249481691,0.1531577989524246,0.40997050556688663,-0.24251443114323065,-0.11412644988403325,-0.0364493410557131
652,e6dc11329f0e0037f7aa0440b07b4dd3,ETH|Coinbase|1778431440|1778437740,ETH,Coinbase,buy,BASIS_DISLOCATION|ETH|Coinbase|buy,3,4,1778431440.0,105.0,55.91047143234542,3,-15.989775972463192,-1.1478995574690256,0.38719604616574893,0.36309025645228366,0.19859866828898046,0.19364735851326698,0.32469130594791706,0.15768070063407186,0.54077711816909,-0.18774355626738198,-0.29477766328861665,0.04071713111658196
653,ade501f2d4e40edb0a89b05396bc72a2,ETH|Coinbase|1778433240|1778437740,ETH,Coinbase,buy,BASIS_DISLOCATION|ETH|Coinbase|buy,0,4,1778433240.0,75.0,43.52898797488529,3,-79.11021711543928,-0.9933011571634855,-0.16381414477368406,-0.4026338843039282,0.40813115323747473,0.0008337483547544825,0.6944346283927594,-0.03436089992569077,-0.04811383985657833,-0.33534217491661084,-0.18359283966668594,0.23654187949331076
654,2f8437b740236862acc2103a5a933908,ETH|Coinbase|1778433240|1778437740,ETH,Coinbase,buy,BASIS_DISLOCATION|ETH|Coinbase|buy,1,4,1778433240.0,75.0,43.52898797488529,3,-36.98332670760363,-0.4755293577938802,-0.1968380519740447,0.1039169610032662,0.3817852106533076,-0.1816619119508805,0.5058694447831316,-0.0845014862002595,0.040560686652594255,-0.3919854120342713,0.24739104175340523,-0.26365012406650845
655,47c6f2acb64617f66237e9d49ee59015,ETH|Coinbase|1778433240|1778437740,ETH,Coinbase,buy,BASIS_DISLOCATION|ETH|Coinbase|buy,2,4,1778433240.0,75.0,43.52898797488529,3,-64.05573313566457,-0.21939194040639787,0.7822573214830784,1.0536945595877192,0.16333936775658417,0.14650922586970566,-0.4590323249481691,0.1531577989524246,0.40997050556688663,-0.24251443114323065,-0.11412644988403325,-0.0364493410557131
656,70bf64ca81419e0aa42d531623e6205c,ETH|Coinbase|1778433240|1778437740,ETH,Coinbase,buy,BASIS_DISLOCATION|ETH|Coinbase|buy,3,4,1778433240.0,75.0,43.52898797488529,3,-15.989775972463192,-1.1478995574690256,0.38719604616574893,0.36309025645228366,0.19859866828898046,0.19364735851326698,0.32469130594791706,0.15768070063407186,0.54077711816909,-0.18774355626738198,-0.29477766328861665,0.04071713111658196
657,00233d1ee51331fd844893646ebd7007,ETH|Coinbase|1778425140|1778430540,ETH,Coinbase,buy,RELATIVE_STRENGTH|ETH|Coinbase|buy,0,4,1778425140.0,90.0,51.24436936937023,2,-44.77042739852824,0.2898923452804108,0.24648972978948136,0.46799412745277513,-0.93151160259799,-0.36313160209740414,-0.1804337987330005,0.10380093418058466,-0.022544277668616344,-0.38812063390492935,-0.2360438197294721,0.15352840163000647
658,3f89eb5d057285bb3d71578e7c9b59d9,ETH|Coinbase|1778425140|1778430540,ETH,Coinbase,buy,RELATIVE_STRENGTH|ETH|Coinbase|buy,1,4,1778425140.0,90.0,51.24436936937023,2,-74.04413681750016,0.8480457516090525,-0.937740679304198,1.129033702659873,0.6448757103100029,-0.31915441326651656,-0.25544100560869065,-0.021689621092904746,0.29354455185196665,-0.2339378585288909,0.07895092183688218,0.02570902025169553
659,a2a5f8c19cf3abe39760fe349b0c82a6,ETH|Coinbase|1778425140|1778430540,ETH,Coinbase,buy,RELATIVE_STRENGTH|ETH|Coinbase|buy,2,4,1778425140.0,90.0,51.24436936937023,2,-42.581831437732205,-1.119304366529283,-0.48987635743986513,-0.6195454690402582,0.07999890618149043,0.5144650292299147,-0.1031026861469851,-0.09005515358788338,0.3819883580517237,0.02524997899234613,-0.23954089035877624,0.3866181346126397
660,e6833cb6fde4d59d39e2b2f5e246c015,ETH|Coinbase|1778425140|1778430540,ETH,Coinbase,buy,RELATIVE_STRENGTH|ETH|Coinbase|buy,3,4,1778425140.0,90.0,51.24436936937023,2,-1.1934641978798248,1.5672356483575494,-0.593014180060169,1.406837531503481,0.6770131574551234,-0.30006667449527247,-0.05696100255184976,0.17626597501833996,0.14772311999652,0.010896815857309622,-0.08997065634073867,0.35379577824833064
661,2d24d7946136df4fbd20867abe4d4e62,ETH|Coinbase|1778426940|1778430540,ETH,Coinbase,buy,RELATIVE_STRENGTH|ETH|Coinbase|buy,0,3,1778426940.0,60.0,36.7168872115402,2,-71.88188787459181,0.02349200176173167,0.2319307380000993,0.7619630041976542,0.30796941211969586,0.18105960192713183,0.13225970664950726,0.2633861620921742,0.5095755428666325,-0.2670475513482141,-0.3754910696307738,0.2517545886594262
662,38c489f6e7b8a42c65bb01e57377deb8,ETH|Coinbase|1778426940|1778430540,ETH,Coinbase,buy,RELATIVE_STRENGTH|ETH|Coinbase|buy,1,3,1778426940.0,60.0,36.7168872115402,2,-44.7944003957743,-1.2104556889935885,0.6071385328332238,-0.4448729604661054,0.41765875959396154,-0.07926152005939346,0.5212926293094778,0.009682911663941592,-0.20043589762354483,-0.26062844334319935,-0.18416344538856974,-0.09483473723263158
663,f86ccf29d21947a3df5f72642c0292fd,ETH|Coinbase|1778426940|1778430540,ETH,Coinbase,buy,RELATIVE_STRENGTH|ETH|Coinbase|buy,2,3,1778426940.0,60.0,36.7168872115402,2,-9.789911907521324,1.6779699352984512,-0.32400034720167575,1.137423549796525,-0.014682032730050873,0.3267812048562341,-0.1604425906871889,0.4311485519978021,0.017640566338187787,0.46202836916902895,0.06355522668081272,-0.22997079251768354
664,8792d602a83537b0e09e07c0f1f65593,ETH|Coinbase|1778423340|1778430540,ETH,Coinbase,buy,VOL_BREAKOUT|ETH|Coinbase|buy,0,4,1778423340.0,120.0,64.72469586061176,1,-42.789253155433244,0.17269005289264402,0.1944008321255172,0.3228630731940435,-0.6541250807181639,-0.8879842308186771,0.5690902043523638,-0.5336634543633181,0.5813532005219525,-0.13835819290431564,-0.1635910399762747,-0.2249168748327211
665,0104efbec4a3c604b849e706264a0fd5,ETH|Coinbase|1778423340|1778430540,ETH,Coinbase,buy,VOL_BREAKOUT|ETH|Coinbase|buy,1,4,1778423340.0,120.0,64.72469586061176,1,-74.04413681750016,0.8480457516090525,-0.937740679304198,1.129033702659873,0.6448757103100029,-0.31915441326651656,-0.25544100560869065,-0.021689621092904746,0.29354455185196665,-0.2339378585288909,0.07895092183688218,0.02570902025169553
666,5d47c21feeeca2858c156c822768c81c,ETH|Coinbase|1778423340|1778430540,ETH,Coinbase,buy,VOL_BREAKOUT|ETH|Coinbase|buy,2,4,1778423340.0,120.0,64.72469586061176,1,-42.581831437732205,-1.119304366529283,-0.48987635743986513,-0.6195454690402582,0.07999890618149043,0.5144650292299147,-0.1031026861469851,-0.09005515358788338,0.3819883580517237,0.02524997899234613,-0.23954089035877624,0.3866181346126397
667,884d1d57fa5a9f31115f4e53f801af06,ETH|Coinbase|1778423340|1778430540,ETH,Coinbase,buy,VOL_BREAKOUT|ETH|Coinbase|buy,3,4,1778423340.0,120.0,64.72469586061176,1,-1.1934641978798248,1.5672356483575494,-0.593014180060169,1.406837531503481,0.6770131574551234,-0.30006667449527247,-0.05696100255184976,0.17626597501833996,0.14772311999652,0.010896815857309622,-0.08997065634073867,0.35379577824833064
668,6be0f6798d67f5aaf86052948d23507e,ETH|Coinbase|1778450340|1778455740,ETH,Coinbase,buy,BASIS_DISLOCATION|ETH|Coinbase|buy,0,3,1778450340.0,90.0,175.330180584099,3,-49.741942214356605,0.13882202913319724,1.8213044613693643,1.0030651986203927,-0.6552133271232354,-0.17088217851243448,0.39049695691488895,-0.10517846736256475,0.3084811335271348,-0.04318856475132189,-0.41008607584210716,-0.37155212988771735
669,8ddc07a0a4934865d7bfc3ae65249b4f,ETH|Coinbase|1778450340|1778455740,ETH,Coinbase,buy,BASIS_DISLOCATION|ETH|Coinbase|buy,1,3,1778450340.0,90.0,175.330180584099,3,-26.41670563488607,-1.0212850037337247,-0.7257761709827254,-0.5909445664515196,0.5959450971345863,-0.2651142870609282,0.4683833545726081,0.4058897453741613,0.22334546291341692,-0.09028557462045045,0.21654834619524918,-0.09945671017733401
670,638b4e45c82f250daf6da2cd06abfd88,ETH|Coinbase|1778450340|1778455740,ETH,Coinbase,buy,BASIS_DISLOCATION|ETH|Coinbase|buy,2,3,1778450340.0,90.0,175.330180584099,3,-2.9100156612103527,-0.13944774925397954,1.3089183240569564,-0.7138001770759407,-0.39209468004636633,0.1672090069982733,-0.35200826789147244,0.5307464469861973,-0.22404693385874164,-0.051789323004675064,0.28430090349811554,0.045013354908274815
671,1267b6053cb3bff98f4fa60f01c2497f,ETH|Coinbase|1778451240|1778455740,ETH,Coinbase,buy,BASIS_DISLOCATION|ETH|Coinbase|buy,0,3,1778451240.0,75.0,122.17777422108414,3,-19.89998448390457,-1.3231480602258199,-0.6593776914906877,0.6374524453142969,0.3716735641809183,-0.1583327505679216,-0.1830320227399129,-0.28709930727398947,0.18012600547238145,-0.5369095612321151,0.2083222717373818,0.35946555177565903
672,f4ef7ccad7716f07117441135d6ebe23,ETH|Coinbase|1778451240|1778455740,ETH,Coinbase,buy,BASIS_DISLOCATION|ETH|Coinbase|buy,1,3,1778451240.0,75.0,122.17777422108414,3,-55.528851729315626,-0.13729790493302346,-0.713778832964671,1.1034905124113707,0.5428097145291296,-0.35011666542086584,-0.30406505053011923,0.08760981892765347,-0.11330334338821307,-0.4200199342794838,-0.13499136704724787,0.3439472218241558
673,b17a05127c58bae268a79b90e1616087,ETH|Coinbase|1778451240|1778455740,ETH,Coinbase,buy,BASIS_DISLOCATION|ETH|Coinbase|buy,2,3,1778451240.0,75.0,122.17777422108414,3,-11.347653857970565,-0.44013656981146676,1.1689867296591188,-0.538821817382408,-1.3140760006793446,-0.7323100140751262,0.4241377010524731,-0.7087379000148455,0.07839169910206548,0.3015450196703653,-0.10191954523124389,-0.03683574763827216
674,edaddc0523a9cb378058a35c11d42bcb,ETH|Coinbase|1778452140|1778455740,ETH,Coinbase,buy,BASIS_DISLOCATION|ETH|Coinbase|buy,0,3,1778452140.0,60.0,70.47658830922894,3,-52.720421890574265,-0.021246620331311382,1.7830155634275917,1.293385163023557,0.5386342798630246,-0.3447701884096584,-0.504815818293666,0.059388434113928024,-0.07666764335456377,-0.2892605626831605,0.057395612189686966,0.3981055149300392
675,f086f596b9b3a8381c16f453fb7de256,ETH|Coinbase|1778452140|1778455740,ETH,Coinbase,buy,BASIS_DISLOCATION|ETH|Coinbase|buy,1,3,1778452140.0,60.0,70.47658830922894,3,-26.41670563488607,-1.0212850037337247,-0.7257761709827254,-0.5909445664515196,0.5959450971345863,-0.2651142870609282,0.4683833545726081,0.4058897453741613,0.22334546291341692,-0.09028557462045045,0.21654834619524918,-0.09945671017733401
676,af5061739ee12219a8cff0146abc39c4,ETH|Coinbase|1778452140|1778455740,ETH,Coinbase,buy,BASIS_DISLOCATION|ETH|Coinbase|buy,2,3,1778452140.0,60.0,70.47658830922894,3,-2.9100156612103527,-0.13944774925397954,1.3089183240569564,-0.7138001770759407,-0.39209468004636633,0.1672090069982733,-0.35200826789147244,0.5307464469861973,-0.22404693385874164,-0.051789323004675064,0.28430090349811554,0.045013354908274815
677,938fb3a94548676da07cfd00e5323402,ETH|Coinbase|1778456640|1778460540,ETH,Coinbase,sell,BASIS_DISLOCATION|ETH|Coinbase|sell,0,3,1778456640.0,65.0,87.78040074667025,4,-14.349157893662825,-1.368803852146016,-0.340608493367195,0.1181089245852237,0.020809887432490577,0.4286176856028584,-0.23941194395247684,-0.6315169671914552,-0.11462177337050146,0.005693900415280589,0.13632495331081596,0.1652468332359261
678,85282f587f9a182fa9db4140a331dea0,ETH|Coinbase|1778456640|1778460540,ETH,Coinbase,sell,BASIS_DISLOCATION|ETH|Coinbase|sell,1,3,1778456640.0,65.0,87.78040074667025,4,50.61178043100155,1.0027525754410387,0.7941831308119184,-1.0404432752320412,0.732335153072746,-0.19778788060805783,0.22044931884468694,0.2808314920260735,0.09384464283672835,0.2608260846738204,-0.23496708351668583,0.3408989167456748
679,bdcc8baddf0be80d859b5ec1dac3aa1b,ETH|Coinbase|1778456640|1778460540,ETH,Coinbase,sell,BASIS_DISLOCATION|ETH|Coinbase|sell,2,3,1778456640.0,65.0,87.78040074667025,4,-12.076060253139424,1.4545306884153941,-0.6515112654669333,-0.5078464399056226,-0.16069341039794482,0.28209692563593686,-0.20830032756452313,0.408553841224856,0.19909009339122416,-0.03841881866808389,-0.17026001910530814,0.4668655488813084
680,46c0cea2ff0873459f58103cd449dc7e,ETH|Coinbase|1778457540|1778460540,ETH,Coinbase,sell,BASIS_DISLOCATION|ETH|Coinbase|sell,0,2,1778457540.0,50.0,56.95368972410316,4,28.868084316536823,1.664510503851376,1.0849267800654974,-1.149331683846814,-0.13266100658439733,0.6606994505084731,-0.21492420690368996,0.16875777858853075,0.2806160414127147,-0.075315094204486,-0.46907285861613435,-0.2772672237373283
681,420d3a9b14c86cb3d6b354a4f9f220b7,ETH|Coinbase|1778457540|1778460540,ETH,Coinbase,sell,BASIS_DISLOCATION|ETH|Coinbase|sell,1,2,1778457540.0,50.0,56.95368972410316,4,-12.076060253139424,1.4545306884153941,-0.6515112654669333,-0.5078464399056226,-0.16069341039794482,0.28209692563593686,-0.20830032756452313,0.408553841224856,0.19909009339122416,-0.03841881866808389,-0.17026001910530814,0.4668655488813084
682,d96bb4a253075f860127cf51e182b801,ETH|Coinbase|1778443140|1778448540,ETH,Coinbase,sell,LIQUIDITY_SQUEEZE|ETH|Coinbase|sell,0,4,1778443140.0,90.0,121.37542375030712,4,0.06400173493032524,-0.3906058046516717,0.09825986249751474,-0.9937634741330303,0.11234233410175218,0.31038635424309663,-0.18010156100174282,-0.053652256557992654,-0.14861048816420905,-0.4503902796598912,-0.35605440036301417,0.21077983851072638
683,7169514593854c30d2469350902edb7a,ETH|Coinbase|1778443140|1778448540,ETH,Coinbase,sell,LIQUIDITY_SQUEEZE|ETH|Coinbase|sell,1,4,1778443140.0,90.0,121.37542375030712,4,-15.79166329088936,-0.32978104002591485,0.12445398316143241,0.7029927743148754,0.54896568295086,-0.2014972195618713,-0.38180917780119983,-0.21172739706424284,0.35840361557483374,0.04140832453183468,0.30400052151278256,0.18636114822980246
684,b27322eae2cc470f09fa529735913be5,ETH|Coinbase|1778443140|1778448540,ETH,Coinbase,sell,LIQUIDITY_SQUEEZE|ETH|Coinbase|sell,2,4,1778443140.0,90.0,121.37542375030712,4,51.28633965139088,-0.5555915166321096,0.5130345731733797,-0.594982929813753,0.5614499513057926,-0.3207928410968596,0.18601108846293682,0.18578747056494807,-0.3607996897255578,0.0700690926717432,-0.14237750187483766,-0.6759303320481356
685,54ff6041f47004365edb55fa4e1dcbfd,ETH|Coinbase|1778443140|1778448540,ETH,Coinbase,sell,LIQUIDITY_SQUEEZE|ETH|Coinbase|sell,3,4,1778443140.0,90.0,121.37542375030712,4,-26.486093233946164,-0.5850917409610455,-0.9578417778724513,0.06272185848870665,-1.148070231357693,-0.3122974625480532,0.056348970008899935,-0.20493211542601275,-0.016727862511640428,-0.07931510124970312,0.0766167463100281,0.03498960269003364
686,6c9b9e479d4be6d7e94f82c1e2dab353,ETH|Coinbase|1778444940|1778448540,ETH,Coinbase,sell,LIQUIDITY_SQUEEZE|ETH|Coinbase|sell,0,2,1778444940.0,60.0,70.42621397585887,4,43.37445260151016,0.7709973910744166,3.4564787831169435,-0.9758104957461163,0.3785976007494498,-0.014564876576721371,-0.2109819145707727,-0.0013800257760263118,-0.816798684361012,0.16110932880624976,-0.06568659562389101,-0.021895779300935555
687,0b21752865e18a840e9834a5ad03c08d,ETH|Coinbase|1778444940|1778448540,ETH,Coinbase,sell,LIQUIDITY_SQUEEZE|ETH|Coinbase|sell,1,2,1778444940.0,60.0,70.42621397585887,4,-29.746487533166054,-0.2503742554399316,-0.9573105597910556,0.34998935153402766,-0.9440852952193327,-0.5670395214113975,0.07538434380169329,-0.09106068598958071,-0.13498174248399847,-0.018597616425870284,0.30684060347631686,-0.26517547978863426
688,710a27a7f234d5279e7da0e523792d33,ETH|Coinbase|1778462940|1778469600,ETH,Coinbase,sell,BASIS_DISLOCATION|ETH|Coinbase|sell,0,6,1778462940.0,111.0,127.4258893489833,4,-8.517007941501774,-1.782466691177593,-0.3127652965223999,-0.32657300490582,0.5612978400362766,-0.26234957406031423,-0.24886599395976924,-0.05074082037311151,0.3435970353317435,-0.09511212719020867,-0.06031001343615962,-0.0413243257800954
689,0c2f342989e5b73b50e1c35d8c284857,ETH|Coinbase|1778462940|1778469600,ETH,Coinbase,sell,BASIS_DISLOCATION|ETH|Coinbase|sell,1,6,1778462940.0,111.0,127.4258893489833,4,-13.646967011456555,-1.872521780235249,-0.41986202943386947,-0.040214651356531295,0.04428373118933198,0.35933626335855223,0.4811084372393301,0.1789450789020452,-0.13003566688098595,-0.16073054156635772,-0.40304428048140756,0.10605052921385859
690,d638cde7881357672ba318c3d864a79d,ETH|Coinbase|1778462940|1778469600,ETH,Coinbase,sell,BASIS_DISLOCATION|ETH|Coinbase|sell,2,6,1778462940.0,111.0,127.4258893489833,4,-7.925538668525015,-0.8231204928244427,-0.08490802746544095,-0.46072310925457266,0.6060556729809106,-0.28731917303332805,0.009365328243230551,0.20479874780486002,0.4187875359711215,-0.1416818521567093,0.0698528982453347,0.34551357597984306
691,8374e086f287147b7a9de71a95878918,ETH|Coinbase|1778462940|1778469600,ETH,Coinbase,sell,BASIS_DISLOCATION|ETH|Coinbase|sell,3,6,1778462940.0,111.0,127.4258893489833,4,-9.018402337537175,-0.20513896897576298,2.7585090937814063,-0.9814684931706926,0.5355692530867543,-0.13400978122324247,-0.5171369604158129,-0.42134426724931395,0.22711834159409244,-0.05103157008565978,0.24982340027851044,0.16032510656845775
692,59ddc727313203458ec157e7de5f86d8,ETH|Coinbase|1778462940|1778469600,ETH,Coinbase,sell,BASIS_DISLOCATION|ETH|Coinbase|sell,4,6,1778462940.0,111.0,127.4258893489833,4,-16.509026147851205,-1.2782374286511964,-0.5151153782843454,0.1645919804078005,-0.5640639473783475,0.8264823807624065,-0.23699238245393453,0.08000410187701572,0.16158885765164457,0.17990610800471013,-0.12450920042036732,-0.2624727111933606
693,863f9b0cff11229c732bb7134676b705,ETH|Coinbase|1778462940|1778469600,ETH,Coinbase,sell,BASIS_DISLOCATION|ETH|Coinbase|sell,5,6,1778462940.0,111.0,127.4258893489833,4,-11.552799884442058,-0.13896179416910917,-0.08252304270348729,-0.6278672982971071,0.5856473429707826,-0.12337729761869794,-0.4126389304549324,-0.40643601531439194,0.34196570248445435,0.08789787304721876,0.10397889725279486,0.07385179926270538
694,38d62cb7fbae0b205abd8191fe4907de,ETH|Coinbase|1778464740|1778469600,ETH,Coinbase,sell,BASIS_DISLOCATION|ETH|Coinbase|sell,0,4,1778464740.0,81.0,113.37377781452524,4,-10.65985465024714,-0.6989617994067006,0.14038516692086245,-0.2946672816629859,-0.16008336119988653,0.3433922297472243,-0.08306464694578745,-0.12098915125478425,-0.4931188112458548,-0.1379387937041464,-0.08486623917067959,-0.44377179025626406
695,961be3e96dd481e07f053f5e38f8ba47,ETH|Coinbase|1778464740|1778469600,ETH,Coinbase,sell,BASIS_DISLOCATION|ETH|Coinbase|sell,1,4,1778464740.0,81.0,113.37377781452524,4,-9.018402337537175,-0.20513896897576298,2.7585090937814063,-0.9814684931706926,0.5355692530867543,-0.13400978122324247,-0.5171369604158129,-0.42134426724931395,0.22711834159409244,-0.05103157008565978,0.24982340027851044,0.16032510656845775
696,aa68e631167b8f10ec2b70d27970b843,ETH|Coinbase|1778464740|1778469600,ETH,Coinbase,sell,BASIS_DISLOCATION|ETH|Coinbase|sell,2,4,1778464740.0,81.0,113.37377781452524,4,-16.509026147851205,-1.2782374286511964,-0.5151153782843454,0.1645919804078005,-0.5640639473783475,0.8264823807624065,-0.23699238245393453,0.08000410187701572,0.16158885765164457,0.17990610800471013,-0.12450920042036732,-0.2624727111933606
697,cf938594c73fec230174fe56e63297f1,ETH|Coinbase|1778464740|1778469600,ETH,Coinbase,sell,BASIS_DISLOCATION|ETH|Coinbase|sell,3,4,1778464740.0,81.0,113.37377781452524,4,-11.552799884442058,-0.13896179416910917,-0.08252304270348729,-0.6278672982971071,0.5856473429707826,-0.12337729761869794,-0.4126389304549324,-0.40643601531439194,0.34196570248445435,0.08789787304721876,0.10397889725279486,0.07385179926270538
698,26387a5a786ea0359ad43289c983a140,ETH|Coinbase|1778465640|1778469600,ETH,Coinbase,sell,BASIS_DISLOCATION|ETH|Coinbase|sell,0,3,1778465640.0,66.0,98.86378884255807,4,-9.795576565295674,-0.08410736224211651,1.393904884350709,-0.9901752679427378,-0.5018859413269886,-0.06328632011062481,0.11619507612258058,0.3461433119617289,0.508576623546997,0.13642142869972818,0.11517264950394886,-0.33271150201214716
699,1e962efb6908e17fba23a15010580e41,ETH|Coinbase|1778465640|1778469600,ETH,Coinbase,sell,BASIS_DISLOCATION|ETH|Coinbase|sell,1,3,1778465640.0,66.0,98.86378884255807,4,-16.193799095215663,-1.1525391383645565,-0.43365394928100287,0.47852007564042504,0.5391325927850715,-0.1985317869954515,0.19325861020411156,0.1414146033268187,0.23762559821584392,0.3723855301981249,0.1079348079661944,0.1679205187243322
700,bbb0a34c0df7abaef1d0cb0facb849cf,ETH|Coinbase|1778465640|1778469600,ETH,Coinbase,sell,BASIS_DISLOCATION|ETH|Coinbase|sell,2,3,1778465640.0,66.0,98.86378884255807,4,-11.552799884442058,-0.13896179416910917,-0.08252304270348729,-0.6278672982971071,0.5856473429707826,-0.12337729761869794,-0.4126389304549324,-0.40643601531439194,0.34196570248445435,0.08789787304721876,0.10397889725279486,0.07385179926270538
701,2a336b3d7898b803179fc850e1ac667b,ETH|Coinbase|1778466540|1778469600,ETH,Coinbase,sell,BASIS_DISLOCATION|ETH|Coinbase|sell,0,3,1778466540.0,51.0,77.72958510638352,4,-6.911121709008545,-0.32557368977501694,-0.36729388802801427,-1.011412360753971,0.535051602062176,-0.17276630054716477,-0.41342709930652866,-0.20371993282239406,0.022516333926704265,-0.2596372816887985,0.18459458156096265,0.41590743066779634
702,556118a07492706f6bd5039c22deabdb,ETH|Coinbase|1778466540|1778469600,ETH,Coinbase,sell,BASIS_DISLOCATION|ETH|Coinbase|sell,1,3,1778466540.0,51.0,77.72958510638352,4,-15.31385182276296,-1.1524338469905508,-0.40139377372219,0.4679368865412158,0.500598300028372,-0.19066033384355685,0.16878283653464568,0.2001636166472851,-0.12095979263772162,0.2677619017591395,-0.0489630252354489,0.2739948470609987
703,d44b0af5895c848f3f14d1b0f2057796,ETH|Coinbase|1778466540|1778469600,ETH,Coinbase,sell,BASIS_DISLOCATION|ETH|Coinbase|sell,2,3,1778466540.0,51.0,77.72958510638352,4,-11.552799884442058,-0.13896179416910917,-0.08252304270348729,-0.6278672982971071,0.5856473429707826,-0.12337729761869794,-0.4126389304549324,-0.40643601531439194,0.34196570248445435,0.08789787304721876,0.10397889725279486,0.07385179926270538
704,e7ccfc13f70c72521b7cd43d3c05c5f3,ETH|Coinbase|1778468340|1778469600,ETH,Coinbase,sell,BASIS_DISLOCATION|ETH|Coinbase|sell,0,1,1778468340.0,21.0,56.94237510021004,4,-11.166843281345407,0.5456647606433243,0.14381179535451516,-0.6598640286434828,0.11685289826452094,0.39757379044881763,-0.4855089347807773,-0.14056331819061524,-0.20824841193599264,-0.2646178422022356,-0.3867826551111038,-0.23912858121969263
705,028dab96a9b2dde98f659dc9aff5cd30,ETH|Coinbase|1777906440|1777908540,ETH,Coinbase,sell,NEWS_BREAKOUT|ETH|Coinbase|sell,0,1,1777906440.0,35.0,112.36047146481792,2,71.7531058388725,5.507375756926615,-0.2551770803469365,-1.867976405200105,-0.558124781568728,-0.8137467462927033,0.14408737774911023,0.04794758419342547,-0.14047966187235977,-0.361149309571167,0.12167347603694378,-0.0456152870640651
706,c07fb4d328288a00c6c4a39be95596d3,ETH|Coinbase|1777906740|1777908540,ETH,Coinbase,sell,NEWS_BREAKOUT|ETH|Coinbase|sell,0,1,1777906740.0,30.0,86.02675102009313,2,81.15517180127212,4.763260377010514,-0.1801306099664036,-1.8316312973627573,-0.6192767943391104,-0.6380301262936893,0.003779529736696093,0.23675786810079422,-0.17055175525383187,-0.3729361410129348,0.25176011735678605,-0.0649460371709473
707,5de9004b5e42998b7f7198b7c05baa75,ETH|Coinbase|1777907640|1777908540,ETH,Coinbase,sell,NEWS_BREAKOUT|ETH|Coinbase|sell,0,1,1777907640.0,15.0,65.03559960968371,2,48.80011192365756,1.1111172153758033,0.18316035288871077,-1.4145530672649071,0.6556466246545992,-0.2169800804021046,0.44765740860745845,0.09275348383875957,0.11682332357742459,-0.02723880818933139,-0.22525294932948828,-0.22507917182037182
708,783868e2c3562e6ac67fd489f2a9b9a0,ETH|Coinbase|1777944840|1777952940,ETH,Coinbase,buy,LIQUIDITY_SQUEEZE|ETH|Coinbase|buy,0,1,1777944840.0,135.0,96.46832410277271,3,-46.181075246268364,9.422207669737011,-1.4405500442450172,3.190092909557579,0.3460901211297986,0.708434687397139,0.29514366825904953,-0.3148150745247507,-0.19649681505136815,0.48224908260932997,-0.12053721410705055,-0.22152794155867087
709,4e8f42ca4b4d36251f71f61f0f4a9bfe,ETH|Coinbase|1777945140|1777952940,ETH,Coinbase,buy,LIQUIDITY_SQUEEZE|ETH|Coinbase|buy,0,1,1777945140.0,130.0,79.52023946120468,2,-51.717849308853694,6.252459820584497,-1.3092863163914399,2.755207135379602,0.8457478689000193,-0.18991913947577474,0.4881557982209714,-0.024408707544634395,0.20011661039050035,0.05572037356033978,-0.02003868488465802,-0.24298829283809256
710,1550f29a45dc7b181cada90404818e7c,ETH|Coinbase|1777988940|1777991040,ETH,Coinbase,sell,LIQUIDITY_SQUEEZE|ETH|Coinbase|sell,0,2,1777988940.0,35.0,55.704527980229855,3,-5.821614215905187,-1.2515360336567722,0.7876661301257554,-0.3038568667496143,0.28386521935848036,-0.11932104200790958,-0.5397518567750863,-0.18178801133978878,-0.46487005282181604,-0.25791899405304153,0.061190872540463154,-0.3894960676078084
711,e79801bb44ce233eaa181de1c02b618b,ETH|Coinbase|1777988940|1777991040,ETH,Coinbase,sell,LIQUIDITY_SQUEEZE|ETH|Coinbase|sell,1,2,1777988940.0,35.0,55.704527980229855,3,93.2216276687877,-0.8688480220427438,-1.0293280781747893,0.06425317090642936,0.6871209939267859,-0.347288605489709,-0.07328075660310837,0.4267359458868478,-0.05971099431335878,0.28273612018370353,-0.13117613203647524,-0.02323608557552017
712,b8afbcf080f0b7b69d181b83d773826d,ETH|Coinbase|1777989840|1777991040,ETH,Coinbase,sell,NEWS_BREAKOUT|ETH|Coinbase|sell,0,1,1777989840.0,20.0,37.489824289423765,3,74.0391676281428,-0.2711937057403204,-0.9055450061243372,0.06459614409292264,0.16974669833739348,0.38314338843535056,0.06338922169823853,-0.011255762776279238,-0.06209370563485438,0.33470930885203953,-0.3462380881734699,-0.3184772055122397
713,a87c548ab708d7f977c6a064b4fa3828,ETH|Coinbase|1778020200|1778021400,ETH,Coinbase,sell,BASIS_DISLOCATION|ETH|Coinbase|sell,0,1,1778020200.0,20.0,38.61325849314295,4,12.589497469935113,0.11789992254269727,-0.5349064392479695,-0.8968610770019425,0.2527370729416042,0.34295414586685447,0.32457418193677834,0.07880176840097478,0.10023271240777962,0.5479412070098713,0.07721485297839471,-0.20869906773730132
714,4c3993e18ff9f871cd587f97ac42c772,ETH|Coinbase|1778018700|1778021400,ETH,Coinbase,sell,LIQUIDITY_SQUEEZE|ETH|Coinbase|sell,0,2,1778018700.0,45.0,56.280176888732605,3,-9.55539356115271,-1.2672150503453852,0.4080195201868493,0.07567987194071062,0.04894628162418769,0.0034492365398162304,-0.6713070876296259,0.4505637907976076,0.18632776233565287,0.39836799101697334,-0.09560179524127622,0.0493206780770847
715,e02c03a628fd957ab5a98f5dc66fd880,ETH|Coinbase|1778018700|1778021400,ETH,Coinbase,sell,LIQUIDITY_SQUEEZE|ETH|Coinbase|sell,1,2,1778018700.0,45.0,56.280176888732605,3,15.66661405484772,0.3532215528144159,-0.5914855380302967,-1.0845335682102606,0.454196372774428,0.093576290188805,0.594413020226312,0.39385494748805333,0.023450365992934805,0.4322509819130502,-0.04066846859669246,-0.07960270573392367
716,bc7a8e37370f470b5a3d76141389eacb,ETH|Coinbase|1778042940|1778046240,ETH,Coinbase,sell,LIQUIDITY_SQUEEZE|ETH|Coinbase|sell,0,3,1778042940.0,55.0,42.1854541956387,3,12.496171666618615,4.4469296014282165,-0.29143477398651596,-1.8795681339235497,0.828811183909178,-0.26129270129708365,-0.08278877922080413,0.04836358068139027,-0.3722077541075573,-0.25414467897110493,0.07272962729030304,-0.2091556589366283
717,0523c83b856cf0adfc346364d336bbdd,ETH|Coinbase|1778042940|1778046240,ETH,Coinbase,sell,LIQUIDITY_SQUEEZE|ETH|Coinbase|sell,1,3,1778042940.0,55.0,42.1854541956387,3,-4.517359921801582,-0.965074037254712,-1.2639335553698823,0.16685298157303785,0.01021545249041156,0.4630888435012931,0.039563952142600084,-0.0017341749097294296,0.19961369338954332,0.4478331757869387,-0.3300732110025949,0.28436280877212317
718,ca67f39ae08d7058485e4f5f76bd5acb,ETH|Coinbase|1778042940|1778046240,ETH,Coinbase,sell,LIQUIDITY_SQUEEZE|ETH|Coinbase|sell,2,3,1778042940.0,55.0,42.1854541956387,3,33.56172311534415,-0.07012164900786551,-0.6275361521923201,-0.8972474697697883,0.6687773990603613,-0.4182981330668791,-0.29322157199747445,0.39945448612389545,-0.3225842706819818,0.20131580263742274,0.03081622419037297,0.10257391599314417
719,756d6f9dbf2661149a75d3bb2fe3f1af,ETH|Coinbase|1778057340|1778058240,ETH,Coinbase,buy,BASIS_DISLOCATION|ETH|Coinbase|buy,0,1,1778057340.0,15.0,34.51296635142367,3,-118.04867345077463,-1.6782830446367298,-0.5101407379540687,0.16709165986133737,0.5301552759688395,-0.37419471617626276,0.05092373125725458,0.42425109051303833,-0.3257743367574489,0.07857907337147658,0.008080787634234149,-0.1445024217749708
720,f3db81490ba9499f47966dcc8646fde4,ETH|Coinbase|1778059440|1778060940,ETH,Coinbase,buy,LIQUIDITY_SQUEEZE|ETH|Coinbase|buy,0,1,1778059440.0,25.0,91.28547700751089,2,-14.63621850610402,-0.31240370919599564,-0.7298209129329996,-0.17821040665247379,-0.3620114387994218,0.678908480474288,-0.3010519897352369,0.03015087638264001,-0.028005462406204537,-0.11191166228686697,-0.04737720377694152,-0.2284784721882991
721,76759c4511f5eb18f020758002ea306d,ETH|Coinbase|1778059740|1778060940,ETH,Coinbase,buy,LIQUIDITY_SQUEEZE|ETH|Coinbase|buy,0,1,1778059740.0,20.0,74.25867890166566,2,-23.34803942148813,-0.9184958368413542,-0.8412044072567012,-0.23938290568103365,0.22732413469049942,0.2583480222550228,0.1262835180001543,-0.31140053683791524,-0.02012869918828825,0.21173043281812695,0.048895989011505846,0.521913768613202
722,d510e29cc5124c1428be5ce1c06f57de,ETH|Coinbase|1778060040|1778060940,ETH,Coinbase,buy,LIQUIDITY_SQUEEZE|ETH|Coinbase|buy,0,1,1778060040.0,15.0,41.13276706996243,3,25.077923878198984,-1.2528366596436957,-1.047606709132924,-0.12009883397446665,0.5339457883583955,-0.2671190982515309,0.284230937114507,0.22590676313529215,-0.22686951748304887,0.1534811216140937,-0.012064307510306248,-0.3888955948481081
723,897339ecd8f43e858bc79d2a749dd50e,ETH|Coinbase|1778072340|1778077440,ETH,Coinbase,sell,BASIS_DISLOCATION|ETH|Coinbase|sell,0,3,1778072340.0,85.0,161.53340562013156,1,42.656435187560476,0.09386908524222969,1.1858944146873847,-0.09272377703793838,-1.8543546922477934,-0.5496640170287908,0.11793301311821165,-0.5225928477264331,0.05959974379001964,0.2064122823327436,-0.022077661650382246,-0.09826635322508913
724,cd6b533b3fe16bf30422e39b0e248f0f,ETH|Coinbase|1778072340|1778077440,ETH,Coinbase,sell,BASIS_DISLOCATION|ETH|Coinbase|sell,1,3,1778072340.0,85.0,161.53340562013156,1,114.13773390916865,-0.16359532237868057,0.22777345373499144,-0.8308096554349292,0.31389492730643587,0.28819637265932324,-0.14005162718911252,-0.04901775594683547,-0.017213996811998318,0.44392904225956403,-0.32722385008012017,-0.2908845938488553
725,06f59b0527183344749d899c2edcb5d7,ETH|Coinbase|1778072340|1778077440,ETH,Coinbase,sell,BASIS_DISLOCATION|ETH|Coinbase|sell,2,3,1778072340.0,85.0,161.53340562013156,1,31.671377458849733,-0.9832894967924555,-1.0770424054860597,-0.8363247719894819,0.5799813951883482,-0.32741586526266375,-0.20966962305115183,0.057362823121019264,0.2583625482089126,-0.37304893012915286,0.0653515382215738,0.09351958005657889
726,6e8395107c2725a3e4f447d3872eab0f,ETH|Coinbase|1778072640|1778077440,ETH,Coinbase,sell,BASIS_DISLOCATION|ETH|Coinbase|sell,0,3,1778072640.0,80.0,123.13266880496798,1,42.269837095164895,0.5702900325533145,1.1078620730444735,-0.009148517059038843,-1.2385652344170668,-0.5380567938612614,0.37662026023217826,-0.49130874151852827,-0.05735204309309649,0.27985046814351217,-0.08339844498728484,0.2993435228978259
727,f4845e14ed30106c453ca8a1aec24c02,ETH|Coinbase|1778072640|1778077440,ETH,Coinbase,sell,BASIS_DISLOCATION|ETH|Coinbase|sell,1,3,1778072640.0,80.0,123.13266880496798,1,114.13773390916865,-0.16359532237868057,0.22777345373499144,-0.8308096554349292,0.31389492730643587,0.28819637265932324,-0.14005162718911252,-0.04901775594683547,-0.017213996811998318,0.44392904225956403,-0.32722385008012017,-0.2908845938488553
728,f652820157d4b1cf6521e3abce25fe91,ETH|Coinbase|1778072640|1778077440,ETH,Coinbase,sell,BASIS_DISLOCATION|ETH|Coinbase|sell,2,3,1778072640.0,80.0,123.13266880496798,1,31.671377458849733,-0.9832894967924555,-1.0770424054860597,-0.8363247719894819,0.5799813951883482,-0.32741586526266375,-0.20966962305115183,0.057362823121019264,0.2583625482089126,-0.37304893012915286,0.0653515382215738,0.09351958005657889
729,3f59c2f76974fd72d055cc826ecbbefc,ETH|Coinbase|1778074440|1778077440,ETH,Coinbase,sell,BASIS_DISLOCATION|ETH|Coinbase|sell,0,2,1778074440.0,50.0,79.11506266357257,4,83.31088138391935,-0.746615091696543,0.41777180890401805,-0.772652873816208,-1.2362203637678741,-0.4042040609084061,-0.33129834073464276,-0.33220769055680655,0.4880193031272139,0.5246138143945945,0.5397833172151831,0.3320042781589307
730,ece3d7113f7861db7d83f3635cf06059,ETH|Coinbase|1778074440|1778077440,ETH,Coinbase,sell,BASIS_DISLOCATION|ETH|Coinbase|sell,1,2,1778074440.0,50.0,79.11506266357257,4,31.671377458849733,-0.9832894967924555,-1.0770424054860597,-0.8363247719894819,0.5799813951883482,-0.32741586526266375,-0.20966962305115183,0.057362823121019264,0.2583625482089126,-0.37304893012915286,0.0653515382215738,0.09351958005657889
731,137243bae7dc321660f2800aef5f6690,ETH|Coinbase|1778075040|1778077440,ETH,Coinbase,sell,BASIS_DISLOCATION|ETH|Coinbase|sell,0,2,1778075040.0,40.0,46.336146971769836,4,101.00264238440893,-1.1586761562524264,0.2444186224365232,-0.7061099778895633,-0.5739004987857207,0.7098293622063891,-0.08130408408103007,0.20759340895408046,0.06119870701201719,0.7154411703380688,-0.008814284828566195,-0.3453771011793907
732,c5a9badab7fabf335533a074f8871503,ETH|Coinbase|1778075040|1778077440,ETH,Coinbase,sell,BASIS_DISLOCATION|ETH|Coinbase|sell,1,2,1778075040.0,40.0,46.336146971769836,4,31.671377458849733,-0.9832894967924555,-1.0770424054860597,-0.8363247719894819,0.5799813951883482,-0.32741586526266375,-0.20966962305115183,0.057362823121019264,0.2583625482089126,-0.37304893012915286,0.0653515382215738,0.09351958005657889
733,6c39c3835363224a9dc65359301ea4da,ETH|Coinbase|1778072340|1778074440,ETH,Coinbase,sell,NEWS_BREAKOUT|ETH|Coinbase|sell,0,2,1778072340.0,35.0,71.18316271329424,3,46.587030379098955,-0.8721782580561446,0.05374522333464371,-0.15333833448254983,0.44211328947034256,-0.016683002619382117,0.27424160123828856,-0.2448249039117743,0.07065190992601,0.1872673761503441,0.23368027459189758,-0.19345164319475852
734,a97745e1603000262345f13ed405b30f,ETH|Coinbase|1778072340|1778074440,ETH,Coinbase,sell,NEWS_BREAKOUT|ETH|Coinbase|sell,1,2,1778072340.0,35.0,71.18316271329424,3,30.781651760671856,0.43592152565636016,-0.6794148931791109,0.8471360443644655,0.6243708943298817,-0.06365522325537677,0.29477146710702856,-0.030439487952392805,0.24734803322961885,0.5455646745141247,-0.1350029858558757,0.058635439313816415
735,5a0f401264fd0d7b3ab56712acf6746f,ETH|Coinbase|1778072640|1778074440,ETH,Coinbase,sell,NEWS_BREAKOUT|ETH|Coinbase|sell,0,1,1778072640.0,30.0,32.43528432305274,3,37.46983417025163,0.5806238012515534,-0.6552095211048257,0.021435771725129532,-0.682962380441633,0.0813801257310535,0.19647135274868302,-0.24243886299607093,-0.27900354336960215,0.16236028711706782,0.43719008543872484,0.1274650027590655
736,343c83d1c4c9c9d5cffe741acdc5d5e4,ETH|Coinbase|1778113140|1778114940,ETH,Coinbase,sell,BASIS_DISLOCATION|ETH|Coinbase|sell,0,1,1778113140.0,30.0,40.01974153155453,4,-3.990710725753178,-0.7939881436670564,-0.16467243181158836,0.015600985905936358,-0.6186648492972906,0.1867848045541922,0.09325323575841811,-0.11486401823885417,0.008028595234144842,0.005892628188780691,0.15426966541787557,0.18752321176686476
737,894b6a0daa39333de70bf4fa33d26a3c,ETH|Coinbase|1778096040|1778098740,ETH,Coinbase,buy,LIQUIDITY_SQUEEZE|ETH|Coinbase|buy,0,2,1778096040.0,45.0,32.724160304111585,2,-24.174864542526404,-1.126903392834341,0.6601896459517487,-0.40073468007932356,-0.887987654241576,0.18994150801528442,0.08686295213412112,0.2043812387830581,0.5574316306561201,0.16317816511176586,0.22953504307356623,-0.21443399359793275
738,48a13d99bde3da444999a6433618f770,ETH|Coinbase|1778096040|1778098740,ETH,Coinbase,buy,LIQUIDITY_SQUEEZE|ETH|Coinbase|buy,1,2,1778096040.0,45.0,32.724160304111585,2,-30.04317445105265,1.1331645677978694,-1.2199664514708533,0.9510729642383338,0.5046940974554335,0.0021903066002743328,0.649890407089805,0.03477353288905707,-0.15662665295323788,0.0827146916150114,0.025968255654849986,0.29969808457147457
739,45f53e7ed9a86db7b6703ca7403ca280,ETH|Coinbase|1778135040|1778136540,ETH,Coinbase,buy,BASIS_DISLOCATION|ETH|Coinbase|buy,0,1,1778135040.0,25.0,47.37240660547961,2,-22.598458404321764,-0.6666556548859648,-0.7678326451301197,-0.07852534466276588,-0.29341138780653175,0.22351452538543276,-0.668189985668757,0.2837808990243126,-0.27525396343129205,0.03363877680478177,-0.1837266261858441,-0.11371411665528953
740,bd55dcb29fbd1afc0fa3a454bf35f01d,ETH|Coinbase|1778118540|1778120640,ETH,Coinbase,sell,LIQUIDITY_SQUEEZE|ETH|Coinbase|sell,0,1,1778118540.0,35.0,62.552432517531244,3,-3.579409302949327,-1.1942442769780737,0.2872876345255003,0.004672163393285593,-1.241866405608588,-0.4769894714720215,0.20745413962948409,-0.18939298440549113,0.25822718978979986,0.0960882158541917,0.14443572092945484,0.15273982230267513
741,9ff36aac8c05a87b3bce17a2754bba08,ETH|Coinbase|1778119140|1778120640,ETH,Coinbase,sell,LIQUIDITY_SQUEEZE|ETH|Coinbase|sell,0,1,1778119140.0,25.0,31.61449694034462,3,3.489459495473332,-1.56599243925429,0.08381826183600136,-0.023652045316661034,-0.6953318967225812,0.511040246509905,0.2220809048002155,0.5992280801606163,-0.2648009721569701,-0.32344554647141716,-0.21064154994435524,-0.3981525489096338
742,3aa7cba435c8a9767e41b47dcaf52a61,ETH|Coinbase|1778160240|1778162040,ETH,Coinbase,sell,BASIS_DISLOCATION|ETH|Coinbase|sell,0,1,1778160240.0,30.0,48.862686786732496,4,49.86943543552971,0.6758553895927057,-1.1373773006370402,0.16319194434007875,-0.705451899451345,-0.3908143556475482,0.16818863514480392,-0.044304103980296355,-0.20487486247665562,-0.553456821373307,0.359674727133562,-0.1484672832585448
743,7e117ff62a0d1aac724eb41e3c3b35b9,ETH|Coinbase|1778160540|1778162040,ETH,Coinbase,sell,BASIS_DISLOCATION|ETH|Coinbase|sell,0,1,1778160540.0,25.0,33.93460446509243,4,56.360969583972796,0.33243248946292875,-1.2822853014205513,0.12686631164785114,-0.4757654600033511,0.17320875934774466,0.018631812958728424,0.11550159032225034,-0.24646186165376135,-0.5935071534832556,0.3502397367328708,-0.09942525648912927
744,dff8ded6ffc604746c71ca8c1e11b6c5,ETH|Coinbase|1778163840|1778165040,ETH,Coinbase,sell,BASIS_DISLOCATION|ETH|Coinbase|sell,0,1,1778163840.0,20.0,58.36348399654058,3,69.69324808048577,-1.42016019999564,-0.6326365021175714,-0.4135887825340126,0.10269962646562411,0.2838337708624445,-0.40074299387956136,-0.20270250004127438,-0.48676630062028226,0.3722976998957183,0.06346334513565778,-0.10090717573609824
745,42b3da8162c432929d146bed5ec8bf69,ETH|Coinbase|1778164140|1778165040,ETH,Coinbase,sell,BASIS_DISLOCATION|ETH|Coinbase|sell,0,1,1778164140.0,15.0,47.828971011670504,4,74.27693343676317,-1.5992510965798716,-0.7740173725047008,-0.2077769871287771,0.6145506969650424,-0.3651663296144144,-0.4187235966355917,0.1517685141534718,-0.006921702699494072,0.01961541476761619,-0.3632971466871171,0.07849861096261616
746,8e439588ead4a5d2e14d9b883933f8a2,ETH|Coinbase|1778163240|1778165040,ETH,Coinbase,sell,LIQUIDITY_SQUEEZE|ETH|Coinbase|sell,0,1,1778163240.0,30.0,77.01317536210024,3,50.190700199924805,-1.1452428879540133,-0.5482764184640819,-0.6325430760334484,-0.7915949419585044,-0.30209147135636955,-0.3032119315638157,0.3622972221539751,0.19904966196179041,0.4850068457313798,-0.047419385945322995,0.582422595130568
747,562a1cf0862b0fdaffca5afa53352534,ETH|Coinbase|1778247840|1778250240,ETH,Coinbase,buy,BASIS_DISLOCATION|ETH|Coinbase|buy,0,2,1778247840.0,40.0,64.10832285104986,2,-15.159464176037732,-0.047995085977005435,0.29917282868071987,0.798244776655328,0.21329005804326756,0.17904019413180863,0.16612285222027298,0.5407324747486987,-0.07425605466761168,0.17579237054668775,-0.4630678285708588,-0.08754394046656316
748,bbca9aede57ffa5c063f1c0a001254ce,ETH|Coinbase|1778247840|1778250240,ETH,Coinbase,buy,BASIS_DISLOCATION|ETH|Coinbase|buy,1,2,1778247840.0,40.0,64.10832285104986,2,-12.993535988076202,2.92499710760495,-1.0445242998306266,1.4277192229726055,0.3821870585742339,0.25230669270545264,0.0318777614763099,-0.13131032092487996,0.051172866455359914,0.2551511717189344,-0.42109916574697676,-0.03704168037514895
749,6c3ed1bcc57baef6f7a0a2e53f55855f,ETH|Coinbase|1778248740|1778250240,ETH,Coinbase,buy,BASIS_DISLOCATION|ETH|Coinbase|buy,0,1,1778248740.0,25.0,44.32942982918752,3,-12.280752075752861,1.1294642889436433,-0.892158626008728,0.8869885337159007,-0.44508190178633245,0.5490758827863916,-0.3485771981136424,-0.22362461493167946,0.21112348315975282,-0.33934904764093615,0.10023601267211263,0.18004067047926695
750,c6c71cf9f35487777fb332f2164533fe,ETH|Coinbase|1778254140|1778256240,ETH,Coinbase,buy,BASIS_DISLOCATION|ETH|Coinbase|buy,0,1,1778254140.0,35.0,42.93761910616561,3,-16.097504782121128,-1.5173904157298015,-0.8861302564847089,-0.4315966435147596,-1.1676672041979215,-0.2357575087986684,-0.08085765518878389,0.34608528179362197,0.4157474806210725,0.21580371567469606,0.1697654881172426,0.07241995855303741
751,b61b5debbac4ee136a51d943b17346dd,ETH|Coinbase|1778261040|1778261940,ETH,Coinbase,buy,LIQUIDITY_SQUEEZE|ETH|Coinbase|buy,0,1,1778261040.0,15.0,42.28951142234149,3,-1.9571247814889845,0.3200147240268081,-0.8359293482982131,0.5968303773907673,0.5816173074455911,-0.44144225992183905,-0.4493317216610104,0.15912335854381662,-0.5413680181883471,0.015387132033384926,0.07736012918558627,-0.3236369947551474
752,d2efa2967ef1da75d5db25ee5f2b6c4f,ETH|Coinbase|1778263140|1778265540,ETH,Coinbase,buy,LIQUIDITY_SQUEEZE|ETH|Coinbase|buy,0,1,1778263140.0,40.0,42.55770648967702,3,-29.549508198427606,3.195133274647013,-0.8226362197142498,1.0122809637862777,-0.993354892655725,-0.6961574818704721,0.2338112558482404,0.0828800751934123,0.19051126719926675,-0.021204767252680234,0.31118574170525576,0.12905067339737206
753,c76d74e6b04001bda96a3574e01a9601,ETH|Coinbase|1778274840|1778278140,ETH,Coinbase,buy,LIQUIDITY_SQUEEZE|ETH|Coinbase|buy,0,1,1778274840.0,55.0,32.57848045402568,2,-17.154818407042004,1.1164271146079179,-0.23363222085617583,-0.0057969391145628,-1.1356397512214835,-1.1381122201324614,0.6271276507834571,-0.26082898176842234,-0.0024459009490987622,-0.14079718381300949,-0.0863921411875117,-0.033593911589803384
754,f17a71b574dae62364260b0e987d605a,ETH|Coinbase|1778340240|1778344140,ETH,Coinbase,buy,LIQUIDITY_SQUEEZE|ETH|Coinbase|buy,0,1,1778340240.0,65.0,40.634889643279834,2,-17.085412075094947,-1.3995943121901508,-0.6649228724275439,-0.28013281730340434,-1.3754655809221799,-1.0248161409679553,0.2672673559995066,-0.6528627414982444,0.3433044186767067,0.03831754257083227,-0.25556379068706886,0.15681831640650168
755,5b9995726da26d32f7d0d34d6dc568ca,ETH|Coinbase|1778345940|1778347140,ETH,Coinbase,buy,VOL_BREAKOUT|ETH|Coinbase|buy,0,1,1778345940.0,20.0,31.880452962272386,1,-62.90785885955767,2.4110883214383088,-0.8243411056868026,1.6911839050879738,0.20861439104850965,0.22622239966054727,-0.14331463898843472,-0.13419743404622855,-0.32286056862212836,-0.003280677737723941,-0.17745677942789215,-0.09737392439283345
756,3a15e188ed878f3a79b615dd2b415f99,ETH|Coinbase|1778424540|1778429940,ETH,Coinbase,buy,BASIS_DISLOCATION|ETH|Coinbase|buy,0,3,1778424540.0,90.0,52.63636622276675,1,-43.95941089640476,0.24200373294870559,0.389747442993573,0.517787472537979,-1.201895422333815,-0.8450799464523857,-0.13144504962638018,-0.05850291443828404,-0.17396761514651987,0.28964153267208503,0.22529887065198997,-0.23755763953885248
757,81e24f460d9bf0c71b021bdb04072bbd,ETH|Coinbase|1778424540|1778429940,ETH,Coinbase,buy,BASIS_DISLOCATION|ETH|Coinbase|buy,1,3,1778424540.0,90.0,52.63636622276675,1,-74.04413681750016,0.8480457516090525,-0.937740679304198,1.129033702659873,0.6448757103100029,-0.31915441326651656,-0.25544100560869065,-0.021689621092904746,0.29354455185196665,-0.2339378585288909,0.07895092183688218,0.02570902025169553
758,a11f0c22f9e9232779906a8915ec50f9,ETH|Coinbase|1778424540|1778429940,ETH,Coinbase,buy,BASIS_DISLOCATION|ETH|Coinbase|buy,2,3,1778424540.0,90.0,52.63636622276675,1,-24.554974126437834,-0.9458738223533487,0.20983820842957618,-0.45161124784819767,-0.6090798838384487,0.6147213977412899,-0.07404014654633223,0.3354542409467545,0.458001446263302,-0.16461644840415254,-0.48594822575959457,-0.08841330679963157
759,8f955df9cb5b86e7d4f25f0e6bf0d0ba,ETH|Coinbase|1778425140|1778429940,ETH,Coinbase,buy,BASIS_DISLOCATION|ETH|Coinbase|buy,0,3,1778425140.0,80.0,42.32267803517726,1,-44.77042739852824,0.2898923452804108,0.24648972978948136,0.46799412745277513,-0.93151160259799,-0.36313160209740414,-0.1804337987330005,0.10380093418058466,-0.022544277668616344,-0.38812063390492935,-0.2360438197294721,0.15352840163000647
760,90009fbd29803157c62b331a21593ca5,ETH|Coinbase|1778425140|1778429940,ETH,Coinbase,buy,BASIS_DISLOCATION|ETH|Coinbase|buy,1,3,1778425140.0,80.0,42.32267803517726,1,-74.04413681750016,0.8480457516090525,-0.937740679304198,1.129033702659873,0.6448757103100029,-0.31915441326651656,-0.25544100560869065,-0.021689621092904746,0.29354455185196665,-0.2339378585288909,0.07895092183688218,0.02570902025169553
761,168a1e40db4e1e240c9ffcad61136b0e,ETH|Coinbase|1778425140|1778429940,ETH,Coinbase,buy,BASIS_DISLOCATION|ETH|Coinbase|buy,2,3,1778425140.0,80.0,42.32267803517726,1,-24.554974126437834,-0.9458738223533487,0.20983820842957618,-0.45161124784819767,-0.6090798838384487,0.6147213977412899,-0.07404014654633223,0.3354542409467545,0.458001446263302,-0.16461644840415254,-0.48594822575959457,-0.08841330679963157
762,58c5dcf484ac191c2ed02d68e19f4178,ETH|Coinbase|1778426940|1778428440,ETH,Coinbase,buy,RELATIVE_STRENGTH|ETH|Coinbase|buy,0,1,1778426940.0,25.0,38.26324661471824,2,-61.809977116343525,0.13579566239097013,-0.6464797264275989,0.27330521560376037,-0.33850157055277963,0.4231419310025784,-0.1088413325523128,0.012408530295093007,0.07909001014313477,-0.253289688539594,0.3839307687881873,-0.1023300175323319
763,0d9100212b57a8f4aa1b746c453493a3,ETH|Coinbase|1778434740|1778436540,ETH,Coinbase,buy,RELATIVE_STRENGTH|ETH|Coinbase|buy,0,1,1778434740.0,30.0,38.183243146738576,2,-54.397729408775795,-0.387833051271997,-0.3838862146173023,0.6246610324957846,-0.9787514774523849,0.13757829753630207,-0.2753722220701949,-0.12914824140437817,-0.041564106583592275,0.484739843806002,0.11516929225620916,-0.06438783221647845
764,a62c7ffc73a575a4aecb9208ad842459,ETH|Coinbase|1778439840|1778441940,ETH,Coinbase,buy,BASIS_DISLOCATION|ETH|Coinbase|buy,0,1,1778439840.0,35.0,31.41028085328756,2,-43.43345285982749,-1.778776517415033,0.15387519108053094,-0.3443524655090921,-0.7681193979985905,-0.3567900351081403,0.2817173293508868,0.286067058462298,0.052730400062033216,-0.26596367541729,-0.08888695631598166,0.17021193202560436
765,36940f834d68b82c52aef74975af538a,ETH|Coinbase|1778445540|1778446440,ETH,Coinbase,sell,BASIS_DISLOCATION|ETH|Coinbase|sell,0,1,1778445540.0,15.0,62.13864199796078,4,24.635428229925544,-0.9763556758719636,-1.0269046793837044,-0.20342088129978306,0.6055573979816227,-0.441445990529019,-0.2572889117293091,0.4624675768823641,-0.5306093331284909,0.3481377059615338,0.18279065483024526,-0.28833101606636014
766,e79438cdd5cae86b3f58c0cc851c6572,ETH|Coinbase|1778450340|1778451840,ETH,Coinbase,buy,BASIS_DISLOCATION|ETH|Coinbase|buy,0,1,1778450340.0,25.0,69.04433942430971,3,-55.903093268331595,-0.907135809798809,-0.7378508792850066,0.376680493002057,-0.08540800021707808,0.08665316152430257,-0.2675444911019305,0.2181284409342654,-0.18515043882591037,-0.06845027741859579,0.002040194551830921,-0.348911254736411
767,10a8bd50cf243595862daa13ae4383e1,ETH|Coinbase|1778450640|1778451840,ETH,Coinbase,buy,BASIS_DISLOCATION|ETH|Coinbase|buy,0,1,1778450640.0,20.0,34.45391600393208,3,-50.74964987192905,-0.38384342677633576,-0.6698918996799857,0.5819142287423966,0.08526548034187928,0.3952966501010322,-0.19250692001468384,-0.2783091402575074,0.31808700432780956,-0.37454006556532765,-0.24070818082752915,-0.23337185858666712
768,d87e19ccc171c8fb852ae0fedb711a6f,ETH|Coinbase|1778451840|1778452740,ETH,Coinbase,buy,BASIS_DISLOCATION|ETH|Coinbase|buy,0,1,1778451840.0,15.0,53.104618495264134,3,-31.326268031072388,-1.1770005294158183,-0.6322178367851284,0.8316402628421072,0.4838089487717236,-0.3748967243499976,-0.6631849349183027,-0.2468362426087038,0.16297475132291656,-0.5401324065289104,0.21992574318563582,-0.15659683421947937
769,23d9146e034bdb120f865c7b3898ac6b,ETH|Coinbase|1778456640|1778459040,ETH,Coinbase,sell,BASIS_DISLOCATION|ETH|Coinbase|sell,0,2,1778456640.0,40.0,76.0412550030272,4,-11.485141540747847,-0.8894209893401654,-0.3311776120473398,-0.26795125288926797,-0.27891808682504454,0.5308420562009037,-0.12493254857519107,-0.24279896064027537,-0.09209848910016225,-0.49547305281031695,-0.11366015050484247,-0.2823430203271246
770,20333b856c7163dbb640b279247356bb,ETH|Coinbase|1778456640|1778459040,ETH,Coinbase,sell,BASIS_DISLOCATION|ETH|Coinbase|sell,1,2,1778456640.0,40.0,76.0412550030272,4,50.43664450742983,0.2944317931654652,-1.0732563657613634,-0.9931700535473267,0.737769988866459,-0.32149527469947653,0.12566683191397246,0.4491421151704155,-0.13699227610515557,0.2531880367139907,-0.5216093304342577,0.20563440137572195
771,30bf9f03e5bb438de3a728bbd0402618,ETH|Coinbase|1778456940|1778459040,ETH,Coinbase,sell,BASIS_DISLOCATION|ETH|Coinbase|sell,0,2,1778456940.0,35.0,62.01246210845365,4,-10.529511336415768,-1.192696300248347,-0.45362739336450597,-0.3466531763759732,0.33642249224822385,0.0054053491542660585,0.2266132306494983,-0.16531978784300214,0.3834939265364131,-0.171585685485776,0.06796795174751613,0.23171510829064512
772,a22d86b54ff0ac1f1ae1222561e29181,ETH|Coinbase|1778456940|1778459040,ETH,Coinbase,sell,BASIS_DISLOCATION|ETH|Coinbase|sell,1,2,1778456940.0,35.0,62.01246210845365,4,50.43664450742983,0.2944317931654652,-1.0732563657613634,-0.9931700535473267,0.737769988866459,-0.32149527469947653,0.12566683191397246,0.4491421151704155,-0.13699227610515557,0.2531880367139907,-0.5216093304342577,0.20563440137572195
773,2d3d74aeaa19e16284642a48432ee9b1,ETH|Coinbase|1778458140|1778459040,ETH,Coinbase,sell,BASIS_DISLOCATION|ETH|Coinbase|sell,0,1,1778458140.0,15.0,31.86486754701335,4,50.43664450742983,0.2944317931654652,-1.0732563657613634,-0.9931700535473267,0.737769988866459,-0.32149527469947653,0.12566683191397246,0.4491421151704155,-0.13699227610515557,0.2531880367139907,-0.5216093304342577,0.20563440137572195
774,697125df3eaaa657b761a623ce7d23a4,ETH|Coinbase|1778443740|1778444940,ETH,Coinbase,sell,LIQUIDITY_SQUEEZE|ETH|Coinbase|sell,0,1,1778443740.0,20.0,59.020997978894044,3,0.6207756174251197,-0.5078453957142673,-0.7538060432219517,-0.529174565363251,-0.07765571524168738,0.5754363308507684,-0.30754091537311185,0.1659343858476739,-0.08522291081667431,0.014164329535863395,-0.6882744460863578,0.16140013439702325
775,66416f9187ecd22078e4b19c99a68a71,ETH|Coinbase|1778444940|1778446440,ETH,Coinbase,sell,LIQUIDITY_SQUEEZE|ETH|Coinbase|sell,0,1,1778444940.0,25.0,104.49486537816077,4,24.404779819048148,0.2760519537031713,-0.991498587290979,-0.2963705933081413,-0.0929578424625129,0.5464696525725886,0.071649703821269,-0.0256533377649222,0.27579819728230776,0.3264468178022629,-0.30532377408095407,0.1173096986158232
776,2bfba202859a824f515e0be833530092,ETH|Coinbase|1778445240|1778446440,ETH,Coinbase,sell,LIQUIDITY_SQUEEZE|ETH|Coinbase|sell,0,1,1778445240.0,20.0,72.88549654111262,3,34.129198135070205,-0.3856847767980466,-1.0230507718211044,-0.34832401079985864,0.43671118825735683,0.11074507037417493,0.2937500204214724,0.20656488960805533,-0.19553278503036756,0.5495871940817648,-0.2307240391391792,0.31739174206048165
777,31f5ba517ca6c04e821231cb566e70cf,ETH|Coinbase|1778446140|1778447640,ETH,Coinbase,buy,LIQUIDITY_SQUEEZE|ETH|Coinbase|buy,0,1,1778446140.0,25.0,31.641126246708218,2,-25.61630709843326,-1.1158577158066323,-0.4886578206196635,0.38791066701385835,-0.3089051260509786,0.5072788280754865,-0.041529873953805516,0.07937246041366733,0.22940077306166887,-0.31599764285139614,-0.04071237101187984,-0.044283370535872696
778,10e0d5adba687de056e1ae85803e9111,ETH|Coinbase|1778461740|1778462940,ETH,Coinbase,buy,BASIS_DISLOCATION|ETH|Coinbase|buy,0,1,1778461740.0,20.0,44.76890935175991,3,-9.98929045470905,-0.8196085422482604,-1.2641665981252739,0.44897976563364517,0.2717831898303868,0.273665802438182,0.05175821319453573,0.14139330460018218,0.3471226229538159,0.5843803884830009,-0.1541084592481616,-0.23539154419039343
779,9c12de45f8113fb2051cbf01d349843e,ETH|Coinbase|1778468340|1778469540,ETH,Coinbase,sell,BASIS_DISLOCATION|ETH|Coinbase|sell,0,1,1778468340.0,20.0,54.28209405435937,4,-8.669852954013738,0.31547684743604565,-0.6792304016218493,-0.7113463092670965,0.2402144924130349,0.3479674472314264,-0.39343536399188744,-0.3516450183769919,-0.1511133833608117,-0.05124729372941324,-0.43275127668765667,-0.1597147630751227
780,31a3bb67b83bd70be7cf2510e95d0515,ETH|Coinbase|1778468640|1778469540,ETH,Coinbase,sell,BASIS_DISLOCATION|ETH|Coinbase|sell,0,1,1778468640.0,15.0,38.62297209136305,4,-16.56572803275911,-0.6040221719401885,-0.9108797242746416,-0.6245675139623746,0.6274940603371435,-0.299429548054148,-0.10340498494805375,0.054356445288311434,0.11820006828481676,-0.291518665027458,-0.5345499283780033,0.09745424840283548
781,c184f0843fcf1de11a12f518fac6fe2e,BTC|Coinbase|1778087640|1778093340,BTC,Coinbase,sell,LIQUIDITY_SQUEEZE|BTC|Coinbase|sell,0,4,1778087640.0,95.0,30.420410957331736,2,-14.846407378202185,3.721937418324138,-0.7534339435616833,-1.7206471442563647,0.28618102508666443,-0.29317091186229693,-0.5267635272150983,0.27329147621700656,0.06526103113825309,0.14262315645843576,0.19824407165701693,-0.04865650907621325
782,eefc7ae1572bb8a212f303ebbe40344a,BTC|Coinbase|1778087640|1778093340,BTC,Coinbase,sell,LIQUIDITY_SQUEEZE|BTC|Coinbase|sell,1,4,1778087640.0,95.0,30.420410957331736,2,-17.014709550278674,-0.9314658256341428,0.08810582389372433,0.17961319867157458,-0.902893610115185,0.09108866909497199,0.08352047684456185,0.4080774541114122,0.14152123730916907,-0.27418564037571475,0.5820034118735692,-0.1433000629411422
783,d0a14e7f1a6a72b5bdd97f6221eb0386,BTC|Coinbase|1778087640|1778093340,BTC,Coinbase,sell,LIQUIDITY_SQUEEZE|BTC|Coinbase|sell,2,4,1778087640.0,95.0,30.420410957331736,2,-15.12011931955349,-0.227204574839771,0.16426295932479898,0.13870527845329925,0.37622328000234395,0.2790157041155943,0.07575234089211995,-0.5604725699059165,0.3576424786832091,0.31293208476011675,-0.1942568642800229,0.09842874128666292
784,92b3a1b6c669f122cb3d69af968e6d70,BTC|Coinbase|1778087640|1778093340,BTC,Coinbase,sell,LIQUIDITY_SQUEEZE|BTC|Coinbase|sell,3,4,1778087640.0,95.0,30.420410957331736,2,-16.924951488614397,-1.7036131815860134,-0.006951806678384869,0.08674554976164013,0.43218375069463083,-0.1645128015962397,0.07376727154478173,-0.12854299955915743,-0.20370393729604405,0.2556229759036704,-0.24612232681558166,-0.31922626178702934
785,cf7895851443afdaa00dd19ab6963b21,BTC|Coinbase|1778112840|1778114940,BTC,Coinbase,sell,LIQUIDITY_SQUEEZE|BTC|Coinbase|sell,0,2,1778112840.0,35.0,30.21353408026639,2,-14.927970963972601,-1.7694841955317677,0.26345202732319334,-0.32457659716186826,0.10683473279765353,0.47306660658507216,0.48285900112795727,-0.35477569588276064,0.3253341259155978,0.20774794087848578,0.049073369224832006,0.1002139220876844
786,45324679c291a4352f4b2965b7568e3b,BTC|Coinbase|1778112840|1778114940,BTC,Coinbase,sell,LIQUIDITY_SQUEEZE|BTC|Coinbase|sell,1,2,1778112840.0,35.0,30.21353408026639,2,-16.51594790371892,-0.8072553301665313,-0.7723828267340846,-0.20198828445165248,0.6141667220734218,-0.32071048583575623,-0.13602956051486645,0.08651544717235171,0.2713668391743943,0.27491549779949814,0.37894893268490265,-0.39166684809988084
787,da8ad48cb6ce061a1042578f213c9d1b,BTC|Coinbase|1778134440|1778136540,BTC,Coinbase,buy,NEWS_BREAKOUT|BTC|Coinbase|buy,0,1,1778134440.0,35.0,40.45810935001317,2,-16.017747986206135,0.6437971464236791,-0.8601213087513189,0.3604077090593707,-0.8920192380921843,-0.631853049708721,0.09157373372700198,0.17616026100625412,-0.2039911244110555,-0.23885216674195678,0.09994044375811946,0.046326236371150624
788,ef37bed419fd8248a0d09809e628d6eb,BTC|Coinbase|1778141640|1778150640,BTC,Coinbase,sell,LIQUIDITY_SQUEEZE|BTC|Coinbase|sell,0,4,1778141640.0,150.0,66.97690492129647,3,-15.075112457136308,-0.49036933556068035,-1.1654500957002325,-0.23880720535570618,-1.2334451598682554,-0.8807735062357906,0.47081555627506727,0.01881649837823406,-0.17019887552480809,-0.08313030158889738,-0.5055061283679753,-0.2365141780186503
789,04edd9b7a3543e8548214ff80cb17c1c,BTC|Coinbase|1778141640|1778150640,BTC,Coinbase,sell,LIQUIDITY_SQUEEZE|BTC|Coinbase|sell,1,4,1778141640.0,150.0,66.97690492129647,3,-14.555358996892805,-1.5971971581027073,0.4910563467633452,-0.38262176192124325,0.5241855893111714,-0.07403864084747852,-0.08932360639011148,-0.12199045607476208,-0.08920269841041067,0.706231649403716,0.06430643638425089,-0.15296930582068105
790,1e72011dc07619b605e8af0b1d03c4f7,BTC|Coinbase|1778141640|1778150640,BTC,Coinbase,sell,LIQUIDITY_SQUEEZE|BTC|Coinbase|sell,2,4,1778141640.0,150.0,66.97690492129647,3,-15.201389712445877,-1.0747898200079407,1.3854131054012238,0.3916903167612174,-0.781217813308311,-0.30598885692527844,-0.5331642571961702,-0.39397547030546687,0.2723645071553232,0.19959570391070397,0.4783523944541257,0.0260689442783958
791,ca984b39613a064f3e2855e69904e8ed,BTC|Coinbase|1778141640|1778150640,BTC,Coinbase,sell,LIQUIDITY_SQUEEZE|BTC|Coinbase|sell,3,4,1778141640.0,150.0,66.97690492129647,3,-13.410702552886343,3.6570202630127797,-0.7057989997567344,-2.018345716010759,0.778505104624061,0.0068669920370949085,0.3205061069890975,-0.13938646723749507,-0.15967333585849353,0.14667552862256236,0.04461968500924758,0.026682642103511477
792,456ecdc40a3fc07e41fdc39ff6401117,BTC|Coinbase|1778142540|1778150640,BTC,Coinbase,sell,LIQUIDITY_SQUEEZE|BTC|Coinbase|sell,0,4,1778142540.0,135.0,56.62650389593928,2,-15.00417169789207,-1.2116319400758377,-1.0176712937559553,-0.35390104879191947,-1.0199974329738875,-1.044843406647954,0.23094191568387112,-1.0258666290856786,-0.07988772853634045,0.29796201352114704,-0.07614638599908259,-0.5610373881409285
793,4cd05f13dcfdfe5209ef71dcd9ac716b,BTC|Coinbase|1778142540|1778150640,BTC,Coinbase,sell,LIQUIDITY_SQUEEZE|BTC|Coinbase|sell,1,4,1778142540.0,135.0,56.62650389593928,2,-14.555358996892805,-1.5971971581027073,0.4910563467633452,-0.38262176192124325,0.5241855893111714,-0.07403864084747852,-0.08932360639011148,-0.12199045607476208,-0.08920269841041067,0.706231649403716,0.06430643638425089,-0.15296930582068105
794,ac84db074972457941ca6da1552ab361,BTC|Coinbase|1778142540|1778150640,BTC,Coinbase,sell,LIQUIDITY_SQUEEZE|BTC|Coinbase|sell,2,4,1778142540.0,135.0,56.62650389593928,2,-15.201389712445877,-1.0747898200079407,1.3854131054012238,0.3916903167612174,-0.781217813308311,-0.30598885692527844,-0.5331642571961702,-0.39397547030546687,0.2723645071553232,0.19959570391070397,0.4783523944541257,0.0260689442783958
795,ee07bbe5568481c21105656dd974c321,BTC|Coinbase|1778142540|1778150640,BTC,Coinbase,sell,LIQUIDITY_SQUEEZE|BTC|Coinbase|sell,3,4,1778142540.0,135.0,56.62650389593928,2,-13.410702552886343,3.6570202630127797,-0.7057989997567344,-2.018345716010759,0.778505104624061,0.0068669920370949085,0.3205061069890975,-0.13938646723749507,-0.15967333585849353,0.14667552862256236,0.04461968500924758,0.026682642103511477
796,77ac1acfcd418667f86989bc4603ac72,BTC|Coinbase|1778158740|1778163240,BTC,Coinbase,sell,LIQUIDITY_SQUEEZE|BTC|Coinbase|sell,0,4,1778158740.0,75.0,51.73469712613972,2,-15.055022463154542,-1.4319796385011154,1.6226517550185686,0.07520639150128892,-0.007069554029090946,0.2374804159547704,-0.3879293800465448,-0.0508299309239101,0.061412670343452574,0.4699243862995329,-0.184567323319623,-0.3532715375395083
797,a6ad89a0979698385dad4c722981e5b4,BTC|Coinbase|1778158740|1778163240,BTC,Coinbase,sell,LIQUIDITY_SQUEEZE|BTC|Coinbase|sell,1,4,1778158740.0,75.0,51.73469712613972,2,-13.522671446034042,-0.9909598715853976,0.05278528146635938,-1.033409520392118,0.4963747075965132,0.04632357524519641,0.17397627095641627,-0.361770533659645,0.11369773987456754,0.1571143907183811,-0.2181564686638405,0.044354063037889226
798,2d8331d8ca445ff851d73d6a0989d735,BTC|Coinbase|1778158740|1778163240,BTC,Coinbase,sell,LIQUIDITY_SQUEEZE|BTC|Coinbase|sell,2,4,1778158740.0,75.0,51.73469712613972,2,-11.196760684999218,-0.40111453042336953,-0.21507928237684373,0.2950251762432044,0.17176003733299308,0.196319663584826,0.3018024041854252,-0.7394652417242034,-0.7177062658528023,-0.09151330639273983,0.38905179314468313,-0.038989723405535706
799,f49e6b3a13c615237ee6ec4e626f8469,BTC|Coinbase|1778158740|1778163240,BTC,Coinbase,sell,LIQUIDITY_SQUEEZE|BTC|Coinbase|sell,3,4,1778158740.0,75.0,51.73469712613972,2,-15.087921801413012,-0.8134149181660045,-1.2700791604277606,-0.7282582981850497,0.526698765541539,-0.08473799873285495,-0.32775949319496483,-0.2428978963958883,-0.5290362010379878,0.16146504345313134,-0.3474632717880072,0.08479114634810118
800,4025639790d58dadf0390f376acea173,BTC|Coinbase|1778163240|1778175840,BTC,Coinbase,sell,LIQUIDITY_SQUEEZE|BTC|Coinbase|sell,0,6,1778163240.0,210.0,88.80630579671526,1,-13.145448194470609,-1.1502496626769567,1.5355144126673805,-0.08486700209983285,-1.034918189509758,-0.29663844614677337,-0.20814979063831948,-0.09835315980618183,0.03343178204196463,-0.4199691186430466,0.04204254837573541,0.18948526510951005
801,88d111c3b944ebcd5636fca4b63e5a87,BTC|Coinbase|1778163240|1778175840,BTC,Coinbase,sell,LIQUIDITY_SQUEEZE|BTC|Coinbase|sell,1,6,1778163240.0,210.0,88.80630579671526,1,-11.923445070087316,-1.6880330798778729,0.6124894323641373,0.0021576639802781423,-0.39471591960738633,-0.059070788196729555,0.05010239513002063,0.4475426048021604,-0.2472225248643097,0.20140579097476882,-0.04022466236330335,0.21750969780731488
802,e69a795373cbda96eb17046fa88c069a,BTC|Coinbase|1778163240|1778175840,BTC,Coinbase,sell,LIQUIDITY_SQUEEZE|BTC|Coinbase|sell,2,6,1778163240.0,210.0,88.80630579671526,1,-0.287442913051765,-0.40775802870702815,0.3721072653495092,-0.8488771092863319,0.2477012332399625,0.3882431486713837,0.4722589334836735,-0.4550651770051993,-0.19121111482349168,0.4008149698238562,-0.10451926208248309,-0.1950925998825745
803,25e6d7c80172c6a40bfd642eeedca4bc,BTC|Coinbase|1778163240|1778175840,BTC,Coinbase,sell,LIQUIDITY_SQUEEZE|BTC|Coinbase|sell,3,6,1778163240.0,210.0,88.80630579671526,1,-13.087377111370582,-1.0203919879892276,0.0003671975762353994,-0.1022449700648433,-1.170076616982774,-0.957252390558239,0.13099033132266885,-0.3154490521383832,-0.25168924725871716,-0.2041875397408772,-0.20755305587602801,-0.01794217222040307
804,85da1637cb1c74e5fd8d45afd284fd83,BTC|Coinbase|1778163240|1778175840,BTC,Coinbase,sell,LIQUIDITY_SQUEEZE|BTC|Coinbase|sell,4,6,1778163240.0,210.0,88.80630579671526,1,-15.54990347970682,-1.2067262439037678,-0.18190226302920964,-0.36408073624007004,0.07141885623056221,0.3257027862148047,-0.6059303454697286,-0.29274246746045357,-0.20122780759049166,-0.13329402764533899,-0.07089422225845965,-0.19751856789279165
805,7986ecff50459b3154f4c6f1e0bb31ec,BTC|Coinbase|1778163240|1778175840,BTC,Coinbase,sell,LIQUIDITY_SQUEEZE|BTC|Coinbase|sell,5,6,1778163240.0,210.0,88.80630579671526,1,-13.274011682051604,1.2363659806865062,-0.7159492111052322,-1.4805650254799128,0.40988989239030627,0.32586681012402313,0.3415192965633186,-0.33097825810631715,0.02644868397837537,0.18416997275136104,-0.001303167398056038,-0.28568320950464865
806,764ba5f2fa54d1341f2db8c7bff2dc98,BTC|Coinbase|1778164140|1778175840,BTC,Coinbase,sell,LIQUIDITY_SQUEEZE|BTC|Coinbase|sell,0,6,1778164140.0,195.0,56.45268754993086,1,-12.873029329448798,-1.482548697995504,1.3410025685661358,0.16717903275795276,0.22927842602174198,0.181171208586227,0.26348322815774416,0.003314593754019267,-0.3852794046894498,0.376811517827449,-0.360195111040403,0.023535975743331147
807,2b122741def71a5c627e8e96745bb1ca,BTC|Coinbase|1778164140|1778175840,BTC,Coinbase,sell,LIQUIDITY_SQUEEZE|BTC|Coinbase|sell,1,6,1778164140.0,195.0,56.45268754993086,1,-11.923445070087316,-1.6880330798778729,0.6124894323641373,0.0021576639802781423,-0.39471591960738633,-0.059070788196729555,0.05010239513002063,0.4475426048021604,-0.2472225248643097,0.20140579097476882,-0.04022466236330335,0.21750969780731488
808,7328f01d38d6d544350459c90c343fdc,BTC|Coinbase|1778164140|1778175840,BTC,Coinbase,sell,LIQUIDITY_SQUEEZE|BTC|Coinbase|sell,2,6,1778164140.0,195.0,56.45268754993086,1,-0.287442913051765,-0.40775802870702815,0.3721072653495092,-0.8488771092863319,0.2477012332399625,0.3882431486713837,0.4722589334836735,-0.4550651770051993,-0.19121111482349168,0.4008149698238562,-0.10451926208248309,-0.1950925998825745
809,ded4148811fc4fb2afcd0e242cca1c51,BTC|Coinbase|1778164140|1778175840,BTC,Coinbase,sell,LIQUIDITY_SQUEEZE|BTC|Coinbase|sell,3,6,1778164140.0,195.0,56.45268754993086,1,-13.046621622568225,-1.0589762150256175,0.11875264362264491,-0.06194822822405427,-1.163676236793186,-1.0737648340787693,0.16611613438741737,-0.5326662391215435,-0.37166458662080115,-0.050873265008540045,-0.4065510961478648,0.0008628554631231219
810,f082cb7609c0be991d3e2d9c945440d1,BTC|Coinbase|1778164140|1778175840,BTC,Coinbase,sell,LIQUIDITY_SQUEEZE|BTC|Coinbase|sell,4,6,1778164140.0,195.0,56.45268754993086,1,-15.299487372259719,-0.9025443595416531,-0.20689357591015387,-0.5201943356292374,-0.21202059224776,0.20282859179169302,-0.5722769594905814,0.43409882710864617,-0.050985734151391494,0.0869920325930996,-0.22499648163361535,-0.29148740659366357
811,09b7d1b2ec648a19eb040f881aceebb7,BTC|Coinbase|1778164140|1778175840,BTC,Coinbase,sell,LIQUIDITY_SQUEEZE|BTC|Coinbase|sell,5,6,1778164140.0,195.0,56.45268754993086,1,-13.274011682051604,1.2363659806865062,-0.7159492111052322,-1.4805650254799128,0.40988989239030627,0.32586681012402313,0.3415192965633186,-0.33097825810631715,0.02644868397837537,0.18416997275136104,-0.001303167398056038,-0.28568320950464865
812,6d7f05686e87ac67ade3308930e29707,BTC|Coinbase|1778174940|1778179740,BTC,Coinbase,buy,LIQUIDITY_SQUEEZE|BTC|Coinbase|buy,0,3,1778174940.0,80.0,37.948371441021486,3,-15.80570279773032,0.6297337079636848,-0.8973422202706983,-1.0993837672338955,-1.003952603594397,-0.49947928222948423,0.1596710114133121,-0.48916199432962953,0.13591647479611357,-0.23749748508357518,-0.11466695173228617,0.32182624085528555
813,3c84e1a1d2ca945570d5528b789dbaae,BTC|Coinbase|1778174940|1778179740,BTC,Coinbase,buy,LIQUIDITY_SQUEEZE|BTC|Coinbase|buy,1,3,1778174940.0,80.0,37.948371441021486,3,-18.523301182690332,1.5141970750572789,-1.8011010066879984,0.8355937913183926,-0.048250071756592364,0.6531122592108135,0.13257567191442796,-0.05895007556374421,-0.1073636673054236,-0.020609960356484144,-0.1300500211976319,-0.49101284074815466
814,ffb731f15b40bd38be02ff59521e521d,BTC|Coinbase|1778174940|1778179740,BTC,Coinbase,buy,LIQUIDITY_SQUEEZE|BTC|Coinbase|buy,2,3,1778174940.0,80.0,37.948371441021486,3,-14.284685070270918,-1.6333880320252716,-1.183805326444458,-0.6241522446795554,0.48675290602792226,-0.3727948649071669,0.032431230287094555,0.45175067581190814,-0.4199956325894651,-0.02824034573982647,0.4537149643089933,0.01639173523324354
815,397069bde66f171f86e70768ec81f0a1,BTC|Coinbase|1778163240|1778168640,BTC,Coinbase,sell,MEAN_REVERSION_CHOP|BTC|Coinbase|sell,0,3,1778163240.0,90.0,76.33696349950029,1,-13.145448194470609,-1.1502496626769567,1.5355144126673805,-0.08486700209983285,-1.034918189509758,-0.29663844614677337,-0.20814979063831948,-0.09835315980618183,0.03343178204196463,-0.4199691186430466,0.04204254837573541,0.18948526510951005
816,2cf70dbc550a2ae6a4e16910d9610ba8,BTC|Coinbase|1778163240|1778168640,BTC,Coinbase,sell,MEAN_REVERSION_CHOP|BTC|Coinbase|sell,1,3,1778163240.0,90.0,76.33696349950029,1,-11.923445070087316,-1.6880330798778729,0.6124894323641373,0.0021576639802781423,-0.39471591960738633,-0.059070788196729555,0.05010239513002063,0.4475426048021604,-0.2472225248643097,0.20140579097476882,-0.04022466236330335,0.21750969780731488
817,068075a42dbf4430b4f99c7355a698af,BTC|Coinbase|1778163240|1778168640,BTC,Coinbase,sell,MEAN_REVERSION_CHOP|BTC|Coinbase|sell,2,3,1778163240.0,90.0,76.33696349950029,1,-4.509941970123371,-0.40763035243412377,-0.5518255939046419,-0.5483783029816514,-0.7444676133202132,0.5625359511700568,-0.02643521389430778,0.2820093602161976,-0.13607140039426782,-0.332290855599214,0.016237948775018864,0.11380191712428472
818,fdf27c346057225ec1667c2cd868bdf4,BTC|Coinbase|1778164140|1778168640,BTC,Coinbase,sell,MEAN_REVERSION_CHOP|BTC|Coinbase|sell,0,3,1778164140.0,75.0,43.941312336134295,1,-12.873029329448798,-1.482548697995504,1.3410025685661358,0.16717903275795276,0.22927842602174198,0.181171208586227,0.26348322815774416,0.003314593754019267,-0.3852794046894498,0.376811517827449,-0.360195111040403,0.023535975743331147
819,a922e6ed6915f35e22e28b6efda57c2c,BTC|Coinbase|1778164140|1778168640,BTC,Coinbase,sell,MEAN_REVERSION_CHOP|BTC|Coinbase|sell,1,3,1778164140.0,75.0,43.941312336134295,1,-11.923445070087316,-1.6880330798778729,0.6124894323641373,0.0021576639802781423,-0.39471591960738633,-0.059070788196729555,0.05010239513002063,0.4475426048021604,-0.2472225248643097,0.20140579097476882,-0.04022466236330335,0.21750969780731488
820,c547ca4768536e6a8ce61c19af297c83,BTC|Coinbase|1778164140|1778168640,BTC,Coinbase,sell,MEAN_REVERSION_CHOP|BTC|Coinbase|sell,2,3,1778164140.0,75.0,43.941312336134295,1,-4.509941970123371,-0.40763035243412377,-0.5518255939046419,-0.5483783029816514,-0.7444676133202132,0.5625359511700568,-0.02643521389430778,0.2820093602161976,-0.13607140039426782,-0.332290855599214,0.016237948775018864,0.11380191712428472
821,ce756614f0feac0a22d013ba46e1e673,BTC|Coinbase|1778235240|1778240640,BTC,Coinbase,buy,BASIS_DISLOCATION|BTC|Coinbase|buy,0,4,1778235240.0,90.0,31.534801592919337,3,-15.744754895493662,-1.589808827058477,1.077099767637279,-0.013172815359648152,0.379899283282877,-0.23289709449951992,0.319201451845966,0.2567419220027261,-0.11106737454764493,-0.5131502501629058,0.09517267565160438,0.37935735678128857
822,8e8e81224c64983226e9de6d1e69e214,BTC|Coinbase|1778235240|1778240640,BTC,Coinbase,buy,BASIS_DISLOCATION|BTC|Coinbase|buy,1,4,1778235240.0,90.0,31.534801592919337,3,-16.688167407479032,-1.420872864833897,-0.6458156724626896,0.031067605793998945,0.2776498108437551,0.09580683726095669,0.2292315391949804,0.07733115638569774,0.4369704783936722,-0.044465882573267564,0.14748748470280754,-0.2828722728077329
823,583b3e8dda57b0b7e334af203e9f129c,BTC|Coinbase|1778235240|1778240640,BTC,Coinbase,buy,BASIS_DISLOCATION|BTC|Coinbase|buy,2,4,1778235240.0,90.0,31.534801592919337,3,-20.19818031823322,1.5333844711209592,1.534797324958571,0.8700509131778899,-0.732507993063265,0.924981723380009,0.5036052199803198,0.3206174506379964,0.25564577548075645,0.3564193679208103,0.011743270487337984,0.231658828983646
824,285b8a24b2126a8650cc13315f7c1b91,BTC|Coinbase|1778235240|1778240640,BTC,Coinbase,buy,BASIS_DISLOCATION|BTC|Coinbase|buy,3,4,1778235240.0,90.0,31.534801592919337,3,-16.874241816209075,-0.046055724478042376,-0.9679025528570667,0.2544834188033137,-0.8418743836310005,0.5776336325029269,-0.024026054875616522,0.10843666095143688,-0.16944994343595107,0.4266317615448211,-0.022398967322660147,-0.02012608392485499
825,108030c905955448c14ebc5a70e111f6,BTC|Coinbase|1778252340|1778254620,BTC,Coinbase,sell,BASIS_DISLOCATION|BTC|Coinbase|sell,0,2,1778252340.0,38.0,31.68238230445936,3,-13.819144675485783,-0.8581889479144789,0.10758074446352694,0.01904653919085596,0.2608548510440543,0.11587256394157433,0.2861474311820254,-0.0036643984567597625,-0.5690302086956085,-0.06716838171044788,-0.13416776640743405,0.20193426250757948
826,851c4a5d5b3ddd75663e65257c0ef351,BTC|Coinbase|1778252340|1778254620,BTC,Coinbase,sell,BASIS_DISLOCATION|BTC|Coinbase|sell,1,2,1778252340.0,38.0,31.68238230445936,3,-13.210450937347384,-1.1812956980715907,0.9923254040789888,-0.3319953629693,0.41255503190592074,-0.07367033222615067,-0.127726951597334,-0.3662993414004482,0.01591499799556056,0.45694133477095483,0.5891004053806762,-0.1804569814702636
827,b96f68096d453dcaa912488e18e319d0,BTC|Coinbase|1778248740|1778252340,BTC,Coinbase,buy,MEAN_REVERSION_CHOP|BTC|Coinbase|buy,0,3,1778248740.0,60.0,54.81530772500234,2,-15.669324772604531,0.5822173496290617,-0.8421142698289845,0.778564866127657,0.6480466211047763,-0.2469517426344511,0.025933691999084973,0.17426597526018084,-0.056114821567339664,0.49570747676362337,0.01733886052377669,-0.0691977981073938
828,f7376594078b2616e1fdcb54d04ab053,BTC|Coinbase|1778248740|1778252340,BTC,Coinbase,buy,MEAN_REVERSION_CHOP|BTC|Coinbase|buy,1,3,1778248740.0,60.0,54.81530772500234,2,-16.40122123879035,1.3055606305812488,-0.6788692607088557,0.8575192088556137,0.651153588004362,-0.25614313222306634,-0.010200295642090412,-0.06336106724564222,0.35838880501111203,-0.16081671392253233,-0.12490321237411076,0.052069107413224264
829,32d3102bdcc2f25d611d22dc6c7103ed,BTC|Coinbase|1778248740|1778252340,BTC,Coinbase,buy,MEAN_REVERSION_CHOP|BTC|Coinbase|buy,2,3,1778248740.0,60.0,54.81530772500234,2,-15.086268351636496,-0.7301418446390817,-0.2209128801694757,0.4051067189368171,-0.672598007824049,0.33650027155900314,-0.2742731161473252,0.01879429363530679,-0.16534112254505143,0.5849703198558124,0.04406030187404246,0.2498771505196567
830,dbd9ad732d2ba8f91dc7ebaed8020916,BTC|Coinbase|1778245140|1778248740,BTC,Coinbase,sell,RELATIVE_STRENGTH|BTC|Coinbase|sell,0,3,1778245140.0,60.0,40.31407479629944,2,-15.162476769129814,-0.8205514153027982,-0.289444539791306,-0.404540663432869,-0.14156566366496692,-0.019823259449669454,0.21448428473469594,0.4015736447259861,-0.3566744163062072,0.11755567175987246,-0.10340705653812686,-0.1540346119482425
831,b11f23d0945907f1ea4a7cf1042ac5f7,BTC|Coinbase|1778245140|1778248740,BTC,Coinbase,sell,RELATIVE_STRENGTH|BTC|Coinbase|sell,1,3,1778245140.0,60.0,40.31407479629944,2,-14.99121077864925,-1.0291525380180684,1.4771670314557885,-0.6639798473807604,0.2168014768204963,0.2848478788993176,-0.05170821263991705,-0.4602819500114776,-0.36435823340238344,0.23157090879254147,-0.11220881431001883,0.010389278586957743
832,f18c17a2d17193490ef703fac807455a,BTC|Coinbase|1778245140|1778248740,BTC,Coinbase,sell,RELATIVE_STRENGTH|BTC|Coinbase|sell,2,3,1778245140.0,60.0,40.31407479629944,2,-12.039329961710472,0.814280793636675,-1.5606259572837118,-0.4707784795812062,0.6090706238696962,-0.3308642830891493,0.15721574645672146,0.35193766802269916,-0.36696463727710515,-0.09796796126534722,0.030236904056260734,0.1455855609934338
833,5e5966c8c6ccf60b6f2c1f769183c7f1,BTC|Coinbase|1778339640|1778352240,BTC,Coinbase,buy,LIQUIDITY_SQUEEZE|BTC|Coinbase|buy,0,9,1778339640.0,210.0,64.2827955488397,1,-15.414535316160237,-0.8011870185647182,-1.3060361176803983,0.5773470657822779,-0.319898241717151,0.5586190446329453,0.19946867180069258,0.41969973650752923,0.016045473794437253,-0.30629589363392296,0.17494345276706094,-0.0346352124514646
834,a2785a3aee082ae660493757bf5aaf76,BTC|Coinbase|1778339640|1778352240,BTC,Coinbase,buy,LIQUIDITY_SQUEEZE|BTC|Coinbase|buy,1,9,1778339640.0,210.0,64.2827955488397,1,-14.71370641104801,0.1528360633719629,0.9540241124227206,0.39088190358104596,-0.6221843213134286,0.6132336545093842,-0.12763682584886976,0.2348230142366666,-0.44906020448450723,-0.45297962357409793,0.12393111214710123,-0.11390182206289448
835,7efc2df3ffb53cd88bf2253e7fdd9173,BTC|Coinbase|1778339640|1778352240,BTC,Coinbase,buy,LIQUIDITY_SQUEEZE|BTC|Coinbase|buy,2,9,1778339640.0,210.0,64.2827955488397,1,-15.606052569247987,-1.1550867885512217,3.198152881829252,-0.19560193482982607,0.5343118418400771,-0.369093254097993,0.02663766423726029,0.37437871253346666,-0.09834527007069967,-0.6697040073531821,-0.31551798339623927,0.2476227248931368
836,d46034c413ed5c36263a5c41992469ca,BTC|Coinbase|1778339640|1778352240,BTC,Coinbase,buy,LIQUIDITY_SQUEEZE|BTC|Coinbase|buy,3,9,1778339640.0,210.0,64.2827955488397,1,-15.207307104840421,0.6733217605752302,2.0268377719978954,-0.026190664762144326,-1.0710618523023725,-0.5893004162946629,0.014078888801732626,-0.008294490703442795,-0.26096638140365175,-0.43090773060029597,-0.07401893480559904,0.09838971734479919
837,22f33628026f2b16f5c1e1a4dc8d0974,BTC|Coinbase|1778339640|1778352240,BTC,Coinbase,buy,LIQUIDITY_SQUEEZE|BTC|Coinbase|buy,4,9,1778339640.0,210.0,64.2827955488397,1,-15.306679570218613,-0.7879794408651338,-0.3946218984339464,0.5224848239186853,-0.006003174086237044,0.24111206744255367,0.0697873193975391,0.16489097228977043,-0.06904355980181975,-0.10041932714443055,-0.1641207350015952,-0.378467290053339
838,e8bb265c096b4782124d8465b3c06f9b,BTC|Coinbase|1778339640|1778352240,BTC,Coinbase,buy,LIQUIDITY_SQUEEZE|BTC|Coinbase|buy,5,9,1778339640.0,210.0,64.2827955488397,1,-17.894919099163477,-0.47681670421820205,0.013829488160473052,0.331020749573515,0.3855114509951297,0.08256164849061327,0.6260962714892814,-0.2200739170197147,-0.25932827528737906,0.13464300624996695,0.21202827494696344,-0.3362175601063148
839,e2d8f7ddbfa800b560f6655ddc2b196e,BTC|Coinbase|1778339640|1778352240,BTC,Coinbase,buy,LIQUIDITY_SQUEEZE|BTC|Coinbase|buy,6,9,1778339640.0,210.0,64.2827955488397,1,-15.396692555786418,-1.0197562820240598,1.3259923115110803,-0.30069889195032096,0.5064112559676284,-0.3407911623586026,0.17920802107550585,0.2192304628845095,-0.2145226269706391,-0.23477341098782142,-0.007809839084987866,-0.550938500932053
840,a5970f1e87c5c169d434fc7705449bfa,BTC|Coinbase|1778339640|1778352240,BTC,Coinbase,buy,LIQUIDITY_SQUEEZE|BTC|Coinbase|buy,7,9,1778339640.0,210.0,64.2827955488397,1,-15.206168047617934,2.0297853477879015,2.661287667461736,1.7951247885409145,-0.8536880356339218,0.18148241543208013,-0.31335988982986124,0.03536166662631208,-0.1315869752645757,0.5729967906177819,0.07266547320190951,0.2165503058991648
841,2127c93120574922a4e9de7cbc61038a,BTC|Coinbase|1778339640|1778352240,BTC,Coinbase,buy,LIQUIDITY_SQUEEZE|BTC|Coinbase|buy,8,9,1778339640.0,210.0,64.2827955488397,1,-15.204398709817125,0.008987080189693825,0.20297949651539202,-0.18053693470796955,0.32153460742584156,0.08146876716004978,0.09795973801620875,-0.3095318794834523,-0.770514394418822,-0.004546186298563025,0.3986572713726619,0.3986683415627877
842,29091aaf22d39db7d151b3369eae6a00,BTC|Coinbase|1778451240|1778455740,BTC,Coinbase,buy,BASIS_DISLOCATION|BTC|Coinbase|buy,0,3,1778451240.0,75.0,101.97923965097283,4,-17.086616732238618,0.7288046388251763,0.11664729114208557,1.3245402723911228,0.14108008589423304,0.11936140504209101,-0.23097356523601445,0.05977140954575851,-0.41793542417708973,-0.11459027107788572,0.022241971385398338,-0.36921414460239216
843,c38323a75ffdd8b6d40ea68aa6adbf43,BTC|Coinbase|1778451240|1778455740,BTC,Coinbase,buy,BASIS_DISLOCATION|BTC|Coinbase|buy,1,3,1778451240.0,75.0,101.97923965097283,4,-14.99668813903268,-0.7858185408555918,2.804388751607412,0.15039599992683284,0.08052715847912441,0.2630296971717854,0.17194200457155445,-0.25313179081723725,0.06656304871991547,0.24278018458570028,0.032229134224519035,-0.3403827578895522
844,ff33b956a6e1dade60ccd25b34efcac7,BTC|Coinbase|1778451240|1778455740,BTC,Coinbase,buy,BASIS_DISLOCATION|BTC|Coinbase|buy,2,3,1778451240.0,75.0,101.97923965097283,4,-14.804413243321575,-0.4047220370103814,-0.014262237745072983,-0.38154461245316384,-0.9072458558969452,0.43466160822868777,0.21864536626493,0.4501777000063102,0.29955351810730213,0.2608850107932377,0.29817759139507627,-0.19775303722306042
845,6bcd5899d5a83fa32cfd34d424e67213,BTC|Coinbase|1778456640|1778460540,BTC,Coinbase,sell,BASIS_DISLOCATION|BTC|Coinbase|sell,0,3,1778456640.0,65.0,88.51694937373529,3,-14.22484414664084,-1.3372575621992384,-0.24336241485927804,0.09657403308619521,-0.39884060294887225,0.3352121092539564,-0.3655604751431492,0.16156131778944827,0.0021269482985107092,-0.45695410453735885,0.06021591882872791,-0.02686148148100628
846,b7d1c00299a73dcd1c7d86fc85b0d3b6,BTC|Coinbase|1778456640|1778460540,BTC,Coinbase,sell,BASIS_DISLOCATION|BTC|Coinbase|sell,1,3,1778456640.0,65.0,88.51694937373529,3,-10.130573496001777,-1.535877992374187,-0.737772005171999,0.17039962443682113,0.48922566771653514,-0.2468928294236693,0.16948659627874194,0.05195442705339678,-0.19995416068899077,-0.0804225536833448,-0.5192229574796771,-0.09282704579043442
847,8d6931ca29a04ed66d06f576f4bef9f3,BTC|Coinbase|1778456640|1778460540,BTC,Coinbase,sell,BASIS_DISLOCATION|BTC|Coinbase|sell,2,3,1778456640.0,65.0,88.51694937373529,3,-14.605019252325661,0.2697352102089206,0.6727408451339342,-0.5061887700693546,0.2833894146691744,0.2609801403461265,-0.03251343687161627,-0.09914433860857717,0.07602172098015426,0.4883790515679399,0.026639953784675676,-0.29422446318260775
848,0083fffb8c348dbf6b4a58932b53f345,BTC|Coinbase|1778457540|1778460540,BTC,Coinbase,sell,BASIS_DISLOCATION|BTC|Coinbase|sell,0,2,1778457540.0,50.0,67.64654533413074,3,-11.495161803247635,-1.1031754405427354,0.07472581907570228,0.33487292212743996,-0.42345149827311973,0.678562179052201,-0.22804308534168247,-0.08367671181513509,-0.05374182557096443,-0.3754658739037144,0.04904381467656759,0.026922332095019614
849,a80fca7383ebf2b78d60e7bc79a72751,BTC|Coinbase|1778457540|1778460540,BTC,Coinbase,sell,BASIS_DISLOCATION|BTC|Coinbase|sell,1,2,1778457540.0,50.0,67.64654533413074,3,-14.672874158250208,0.14243578334695903,0.7562045100517989,-0.49508693405458876,-0.4656315881593576,0.29892180070719254,-0.08576409291890871,0.45470452117035626,0.06978737390533954,-0.1440019372946671,-0.1568550298849252,0.5020418580765819
850,c5ebebbdd30e0317148cb9ffb0e4ee40,BTC|Coinbase|1778443140|1778448540,BTC,Coinbase,sell,LIQUIDITY_SQUEEZE|BTC|Coinbase|sell,0,4,1778443140.0,90.0,63.16836629551639,2,-14.891626437771357,1.344473897752807,1.4519298550602546,-1.4745430732183893,0.5334075337260696,0.028150868076338906,-0.44583603219161355,-0.6035045223652403,-0.4764261297014928,-0.13813519202067645,-0.17937175609810646,0.3493148486784539
851,803fe2c86a52721023c40a763b3e7c03,BTC|Coinbase|1778443140|1778448540,BTC,Coinbase,sell,LIQUIDITY_SQUEEZE|BTC|Coinbase|sell,1,4,1778443140.0,90.0,63.16836629551639,2,-15.18086623678779,0.6233573612927775,-0.5886520688813264,0.35672835039126854,-0.4739811822547294,0.4396292391162952,-0.3347895092861727,-0.22894747670479246,-0.013062267726075855,0.04250320007669049,0.2227149280397939,-0.11664790537199025
852,596918b0019bf4854b735667aa5f5222,BTC|Coinbase|1778443140|1778448540,BTC,Coinbase,sell,LIQUIDITY_SQUEEZE|BTC|Coinbase|sell,2,4,1778443140.0,90.0,63.16836629551639,2,-11.896718745901621,-0.24292327287393273,-0.8927737636486986,-0.3765096094225946,0.6387896940577609,-0.4048110380575451,-0.3390446798921263,0.35743202819375774,-0.15760986902154103,-0.021378164235748676,0.2155832787017406,0.3038686880553686
853,05737f1060b1cae52ea13324c6224ab3,BTC|Coinbase|1778443140|1778448540,BTC,Coinbase,sell,LIQUIDITY_SQUEEZE|BTC|Coinbase|sell,3,4,1778443140.0,90.0,63.16836629551639,2,-15.5246034296331,-0.04505573108065308,-0.1860965208966079,0.1584060284289253,-0.6848859430617901,0.3704622995854912,-0.16577356419277767,0.2560207659149068,0.54887047663794,0.26789867354218366,0.06560490949413735,0.0773615326861041
854,f15d286cc03ba5031d387505240d53bc,BTC|Coinbase|1778450340|1778455740,BTC,Coinbase,buy,LIQUIDITY_SQUEEZE|BTC|Coinbase|buy,0,3,1778450340.0,90.0,178.1002913040858,3,-18.726958541902132,-0.03835930228864145,0.1345016320998377,0.5448464457011237,-1.0749293080092692,-0.39597184281180875,0.09737446051148332,-0.13831341785149484,-0.2458593394652749,0.5868859993464891,0.23867307666515222,0.21561739205668065
855,371c556e3383bc3107b6b3800b44daa8,BTC|Coinbase|1778450340|1778455740,BTC,Coinbase,buy,LIQUIDITY_SQUEEZE|BTC|Coinbase|buy,1,3,1778450340.0,90.0,178.1002913040858,3,-14.99668813903268,-0.7858185408555918,2.804388751607412,0.15039599992683284,0.08052715847912441,0.2630296971717854,0.17194200457155445,-0.25313179081723725,0.06656304871991547,0.24278018458570028,0.032229134224519035,-0.3403827578895522
856,08a8efe7091e1a513f010b2ca7a44dad,BTC|Coinbase|1778450340|1778455740,BTC,Coinbase,buy,LIQUIDITY_SQUEEZE|BTC|Coinbase|buy,2,3,1778450340.0,90.0,178.1002913040858,3,-14.804413243321575,-0.4047220370103814,-0.014262237745072983,-0.38154461245316384,-0.9072458558969452,0.43466160822868777,0.21864536626493,0.4501777000063102,0.29955351810730213,0.2608850107932377,0.29817759139507627,-0.19775303722306042
857,4885353495ee5757cee7881787f7726b,BTC|Coinbase|1778452140|1778455740,BTC,Coinbase,buy,LIQUIDITY_SQUEEZE|BTC|Coinbase|buy,0,2,1778452140.0,60.0,80.16331276255221,3,-16.363773678043884,2.405050440476044,-0.7889565561220042,1.774274372376812,0.5528205771066677,-0.026328152365798194,-0.4559164294417928,-0.5759518519656234,-0.46566291647501407,0.175388388213773,-0.18811352204529652,0.126168727927611
858,6afd67d0ab4754af470011dd6bcd5c30,BTC|Coinbase|1778452140|1778455740,BTC,Coinbase,buy,LIQUIDITY_SQUEEZE|BTC|Coinbase|buy,1,2,1778452140.0,60.0,80.16331276255221,3,-15.035457866752296,-0.8300076739507634,0.22134717228902512,-0.2470203497065231,-1.6331795369908075,-0.569657065512038,0.5862201039485392,-0.2871664222410984,-0.0910923205647346,0.5945858316450161,-0.4256111505422835,0.13806818488118094
859,f60c79d503f2c1e860c2616fc01b2692,BTC|Coinbase|1778453040|1778455740,BTC,Coinbase,buy,LIQUIDITY_SQUEEZE|BTC|Coinbase|buy,0,2,1778453040.0,45.0,32.44337164120712,4,-15.70748327425033,-1.2954729273473897,0.17008230039876934,-0.17349216574440196,-0.20674777067317313,0.4474911668635848,0.15315077735482638,0.21083439004310348,0.03173928106822357,0.11953449222582298,-0.05678667872839348,-0.22781944435384427
860,73d349c3246408037fea6f83eda5d991,BTC|Coinbase|1778453040|1778455740,BTC,Coinbase,buy,LIQUIDITY_SQUEEZE|BTC|Coinbase|buy,1,2,1778453040.0,45.0,32.44337164120712,4,-14.245156341789865,-0.6478096112709253,0.13990265530784352,-0.6564268506833211,0.2129309172287722,0.08997511428197182,0.0820917591992461,0.30646082367524796,-0.12317069270094355,-0.09904292337178128,0.10217636178817195,0.223429977458135
861,9bdbe677df54b482f4665a68d1a73c86,BTC|Coinbase|1778462940|1778473740,BTC,Coinbase,sell,BASIS_DISLOCATION|BTC|Coinbase|sell,0,5,1778462940.0,180.0,97.58288951371216,2,-14.986280791906173,-1.0355476878063006,-0.8143858081185651,-0.4806037977459408,-0.8660305846198285,0.162588273428041,0.32419601432504486,0.2954349697912955,-0.3691896427353112,-0.023802466975724912,-0.3035714985316331,-0.1644019626251802
862,07e76a9057cc4f74f3e38b66d31df0e5,BTC|Coinbase|1778462940|1778473740,BTC,Coinbase,sell,BASIS_DISLOCATION|BTC|Coinbase|sell,1,5,1778462940.0,180.0,97.58288951371216,2,-14.068545001533774,2.45562689347386,0.4314162229880866,-1.7379202507067042,0.7847931006789209,-0.27906938936375486,0.22317653258731868,0.25866778580328537,0.5032085665643297,-0.36988076547606125,0.2493124738346497,0.39613699181430473
863,64c4dc605cea179f3a399bbdb4c7642e,BTC|Coinbase|1778462940|1778473740,BTC,Coinbase,sell,BASIS_DISLOCATION|BTC|Coinbase|sell,2,5,1778462940.0,180.0,97.58288951371216,2,-14.16587289842157,-1.4233194501975257,2.658968986000469,-0.493110535737905,0.6217821578876769,-0.36153678887958607,-0.18615850262461808,0.2944210878480072,0.2791704982656868,0.3809816173991882,0.3425225414816599,-0.07466599244652648
864,5a89bc151bb631b2e5eac52785447ce8,BTC|Coinbase|1778462940|1778473740,BTC,Coinbase,sell,BASIS_DISLOCATION|BTC|Coinbase|sell,3,5,1778462940.0,180.0,97.58288951371216,2,-15.160657615014435,-1.3706389290525007,-0.4862991753006861,-0.35782316190123686,-0.2972540537837213,0.6767804229004513,0.4502052192468374,0.0576085534502313,-0.33098119459947134,0.09068723650652412,0.01647047542776276,-0.102025628652519
865,94ea0716db55be747cb860ed2dc1ff85,BTC|Coinbase|1778462940|1778473740,BTC,Coinbase,sell,BASIS_DISLOCATION|BTC|Coinbase|sell,4,5,1778462940.0,180.0,97.58288951371216,2,-14.61303510577179,-1.3876607071369749,-0.9713515361872593,-0.2645220221719043,-1.461599973189434,-0.6140451115956077,0.2669447054362754,-0.01739491489109753,0.05955545737665902,0.11884673139070352,0.0036240637646625224,0.333866555439702
866,0c35ca2dee2bda7786584f3864493460,BTC|Coinbase|1778464740|1778473740,BTC,Coinbase,sell,BASIS_DISLOCATION|BTC|Coinbase|sell,0,4,1778464740.0,150.0,82.56980805857734,3,-14.303879489725468,3.342220586469321,0.5121153185634519,-1.914564430075447,0.7041696828856459,0.029804840750973883,0.4436425593536013,-0.24807770282278166,0.13464659100751414,-0.356393529157858,-0.2947559020997027,0.3487390842402086
867,25c4195e5c37616c76413159681efc75,BTC|Coinbase|1778464740|1778473740,BTC,Coinbase,sell,BASIS_DISLOCATION|BTC|Coinbase|sell,1,4,1778464740.0,150.0,82.56980805857734,3,-14.16587289842157,-1.4233194501975257,2.658968986000469,-0.493110535737905,0.6217821578876769,-0.36153678887958607,-0.18615850262461808,0.2944210878480072,0.2791704982656868,0.3809816173991882,0.3425225414816599,-0.07466599244652648
868,c8b6772af2890f54f748bd0b8789d4cf,BTC|Coinbase|1778464740|1778473740,BTC,Coinbase,sell,BASIS_DISLOCATION|BTC|Coinbase|sell,2,4,1778464740.0,150.0,82.56980805857734,3,-15.160657615014435,-1.3706389290525007,-0.4862991753006861,-0.35782316190123686,-0.2972540537837213,0.6767804229004513,0.4502052192468374,0.0576085534502313,-0.33098119459947134,0.09068723650652412,0.01647047542776276,-0.102025628652519
869,8396d59ca0285a208d46381d7b34e2cf,BTC|Coinbase|1778464740|1778473740,BTC,Coinbase,sell,BASIS_DISLOCATION|BTC|Coinbase|sell,3,4,1778464740.0,150.0,82.56980805857734,3,-14.61303510577179,-1.3876607071369749,-0.9713515361872593,-0.2645220221719043,-1.461599973189434,-0.6140451115956077,0.2669447054362754,-0.01739491489109753,0.05955545737665902,0.11884673139070352,0.0036240637646625224,0.333866555439702
870,bfebd663b931fef6727bb6c75c2baf25,BTC|Coinbase|1778468100|1778473740,BTC,Coinbase,sell,BASIS_DISLOCATION|BTC|Coinbase|sell,0,2,1778468100.0,94.0,45.79801596955181,3,-14.208120831384182,13.354126408283328,-0.7821583504639446,-3.508272876155483,0.7741000253720404,0.38816954108338614,-0.3451227130589647,0.2541176728498907,0.17018136212587448,0.16628476054643376,-0.09537647966531339,-0.008365560162160442
871,63a8a17d55654ada1e36f215c5520f66,BTC|Coinbase|1778468100|1778473740,BTC,Coinbase,sell,BASIS_DISLOCATION|BTC|Coinbase|sell,1,2,1778468100.0,94.0,45.79801596955181,3,-15.06149159863863,-1.541251666298116,-0.8032523617020263,-0.06935793476857521,0.2037957690688465,0.2115254400598957,0.2315212420542526,-0.21978599625155107,0.01056791979099669,-0.1545282188191153,-0.2991363850887542,-0.49526444507451617
872,fc6deed63fd7f79d32bab317f8804e77,BTC|Coinbase|1778465640|1778474640,BTC,Coinbase,sell,LIQUIDITY_SQUEEZE|BTC|Coinbase|sell,0,3,1778465640.0,150.0,62.35687059899084,2,-13.768070474299067,2.397004122389506,1.8067399839590004,-1.6461644369438713,0.4714705271667085,0.2741868948034317,-0.41319507901064745,-0.5196199330808787,0.03849595280361818,0.10652378706975117,0.20126964325238234,0.11538391285099756
873,ea722ed569a728c65ed0fecd327e8e8b,BTC|Coinbase|1778465640|1778474640,BTC,Coinbase,sell,LIQUIDITY_SQUEEZE|BTC|Coinbase|sell,1,3,1778465640.0,150.0,62.35687059899084,2,-15.160657615014435,-1.3706389290525007,-0.4862991753006861,-0.35782316190123686,-0.2972540537837213,0.6767804229004513,0.4502052192468374,0.0576085534502313,-0.33098119459947134,0.09068723650652412,0.01647047542776276,-0.102025628652519
874,1b6aff52cce41e7642bff10f40cfd3d0,BTC|Coinbase|1778465640|1778474640,BTC,Coinbase,sell,LIQUIDITY_SQUEEZE|BTC|Coinbase|sell,2,3,1778465640.0,150.0,62.35687059899084,2,-14.604576771447372,-1.197611853333786,-0.8951563381581042,-0.26965798645313993,-1.3532437329182854,-0.8976111581099511,0.5842851169126511,-0.20145667778889717,-0.1860766328652156,-0.28447486781716885,-0.642788355422972,-0.3453859461579526
875,7044e6b0374add20e33ac9417c167bd6,BTC|Coinbase|1778465640|1778473740,BTC,Coinbase,sell,MEAN_REVERSION_CHOP|BTC|Coinbase|sell,0,3,1778465640.0,135.0,70.62971923359173,1,-13.768070474299067,2.397004122389506,1.8067399839590004,-1.6461644369438713,0.4714705271667085,0.2741868948034317,-0.41319507901064745,-0.5196199330808787,0.03849595280361818,0.10652378706975117,0.20126964325238234,0.11538391285099756
876,90f8a0649c938dc6cd48b5f83ba819dc,BTC|Coinbase|1778465640|1778473740,BTC,Coinbase,sell,MEAN_REVERSION_CHOP|BTC|Coinbase|sell,1,3,1778465640.0,135.0,70.62971923359173,1,-15.160657615014435,-1.3706389290525007,-0.4862991753006861,-0.35782316190123686,-0.2972540537837213,0.6767804229004513,0.4502052192468374,0.0576085534502313,-0.33098119459947134,0.09068723650652412,0.01647047542776276,-0.102025628652519
877,a66588276a569a3e77bea29ac9a67dc1,BTC|Coinbase|1778465640|1778473740,BTC,Coinbase,sell,MEAN_REVERSION_CHOP|BTC|Coinbase|sell,2,3,1778465640.0,135.0,70.62971923359173,1,-14.61303510577179,-1.3876607071369749,-0.9713515361872593,-0.2645220221719043,-1.461599973189434,-0.6140451115956077,0.2669447054362754,-0.01739491489109753,0.05955545737665902,0.11884673139070352,0.0036240637646625224,0.333866555439702
878,25c8b551eab18fe0852825c247663920,BTC|Coinbase|1778134740|1778136540,BTC,Coinbase,buy,BASIS_DISLOCATION|BTC|Coinbase|buy,0,1,1778134740.0,30.0,33.14046758290722,4,-15.887665909207302,0.5525114910231519,-0.8587405554237255,0.29697588287795146,-0.9476045126678697,-0.19593535558468123,-0.22910813485314466,0.028816239830399746,-0.3222781752639444,-0.1194277261631542,0.3787706230885025,-0.055133414242767874
879,37b0da6bf6224b43304dd4bbef00641c,BTC|Coinbase|1778141340|1778150340,BTC,Coinbase,sell,LIQUIDITY_SQUEEZE|BTC|Coinbase|sell,0,5,1778141340.0,150.0,87.9080641237683,1,-15.593952280281574,-0.372475448079436,0.19536767291512233,-0.46353979235038856,-0.14139808374439733,0.7179326422541352,0.03398512577772269,0.00822261350836893,-0.27996224204737696,0.12162389396449308,-0.16821631382352195,0.17243548985322657
880,bfad62566ca8ec6bf8852b3b86daf75c,BTC|Coinbase|1778141340|1778150340,BTC,Coinbase,sell,LIQUIDITY_SQUEEZE|BTC|Coinbase|sell,1,5,1778141340.0,150.0,87.9080641237683,1,-14.940044561967342,-1.1518891728912526,-1.0211673236392171,-0.2937153509244032,-1.2110499383281546,-0.701129783281375,0.08286090663700975,-0.9664005406007884,0.11990478535038866,0.30153623889175235,-0.29324556227675697,-0.5303596580644138
881,2d420e49ccfc380e94ac9d52064d6885,BTC|Coinbase|1778141340|1778150340,BTC,Coinbase,sell,LIQUIDITY_SQUEEZE|BTC|Coinbase|sell,2,5,1778141340.0,150.0,87.9080641237683,1,-14.555358996892805,-1.5971971581027073,0.4910563467633452,-0.38262176192124325,0.5241855893111714,-0.07403864084747852,-0.08932360639011148,-0.12199045607476208,-0.08920269841041067,0.706231649403716,0.06430643638425089,-0.15296930582068105
882,afb6adb1df4312576ca8a85fa0cb7bb7,BTC|Coinbase|1778141340|1778150340,BTC,Coinbase,sell,LIQUIDITY_SQUEEZE|BTC|Coinbase|sell,3,5,1778141340.0,150.0,87.9080641237683,1,-15.254560901352482,-1.203262607156136,0.09337926406885522,0.2729747787693669,-0.8400299543650591,-0.24244823647136768,-0.2121412853581027,0.15048018176924363,0.2564473090112485,0.42585918392460587,0.43270217138504247,0.16182146107278136
883,d52b1edae4acc60b4fc0feaf2125731b,BTC|Coinbase|1778141340|1778150340,BTC,Coinbase,sell,LIQUIDITY_SQUEEZE|BTC|Coinbase|sell,4,5,1778141340.0,150.0,87.9080641237683,1,-13.3226280143475,1.764970206496086,-0.5958839601444281,-1.433211165222816,0.8370308966505281,-0.3919033153223255,-0.441627325862465,0.17252477032013627,0.2926058763267806,0.03707540819176107,0.2409318764441045,0.14127919729279362
884,cd272ba9ca5758c72a4a97506284d2e5,BTC|Coinbase|1778141640|1778150340,BTC,Coinbase,sell,LIQUIDITY_SQUEEZE|BTC|Coinbase|sell,0,5,1778141640.0,145.0,77.22413575815729,1,-15.169437976081339,-0.37641029970614054,-0.05172977149328129,-0.0017349957814425667,-0.8970709639520322,-0.8198362107911007,0.1502654608253642,-0.5189608346229391,0.2524596317840448,-0.019064868515806216,-0.17512787447437902,0.4986244677030165
885,0916661bc0c4827a96d966351e431d75,BTC|Coinbase|1778141640|1778150340,BTC,Coinbase,sell,LIQUIDITY_SQUEEZE|BTC|Coinbase|sell,1,5,1778141640.0,145.0,77.22413575815729,1,-15.145535062192861,-1.7396478255993408,-0.4985331260359439,-0.6300641857990641,0.5159842206411172,-0.20549773607239558,0.29947870582815134,0.034681711501615184,0.4506972217090251,-0.20065143812171088,0.1082977280615012,-0.0641434045735283
886,d135bf1f2866759dcb89b066a27ad4a9,BTC|Coinbase|1778141640|1778150340,BTC,Coinbase,sell,LIQUIDITY_SQUEEZE|BTC|Coinbase|sell,2,5,1778141640.0,145.0,77.22413575815729,1,-14.801651559159014,-0.6745634108367641,2.10832765243197,-0.3179425980215365,-1.4287344563872624,-0.642239899944242,0.16845126290456003,-0.7128131700883031,0.02337599535981962,0.31096598802227443,-0.5044445193345753,-0.20930706788431663
887,d3828a92a47f78157c22da51813fa526,BTC|Coinbase|1778141640|1778150340,BTC,Coinbase,sell,LIQUIDITY_SQUEEZE|BTC|Coinbase|sell,3,5,1778141640.0,145.0,77.22413575815729,1,-15.326653329529233,-1.4998217041949353,1.7197362584527673,0.5167961285806776,0.4643773661711088,-0.39578667806572754,-0.6199689718548019,-0.05642313642810872,0.05946774652866843,-0.49571933992725675,0.2631831713229766,0.12490024019907357
888,0b3ab3aba088a4ed633573eb48164187,BTC|Coinbase|1778141640|1778150340,BTC,Coinbase,sell,LIQUIDITY_SQUEEZE|BTC|Coinbase|sell,4,5,1778141640.0,145.0,77.22413575815729,1,-13.609209131369287,1.7182775042900797,-0.5217493290245172,-1.1748413373472875,0.591725355559265,0.006501283600216275,-0.2738086794545827,0.4749029677971025,0.043977784996169104,0.3388279989013418,-0.41956199318344656,-0.024901382635646424
889,abacb948426305c934f5f8fcbce31f78,BTC|Coinbase|1778141340|1778147340,BTC,Coinbase,sell,MEAN_REVERSION_CHOP|BTC|Coinbase|sell,0,3,1778141340.0,100.0,67.52042524064977,2,-15.593952280281574,-0.372475448079436,0.19536767291512233,-0.46353979235038856,-0.14139808374439733,0.7179326422541352,0.03398512577772269,0.00822261350836893,-0.27996224204737696,0.12162389396449308,-0.16821631382352195,0.17243548985322657
890,2250ddc9861967a53a4fa70cf7a318be,BTC|Coinbase|1778141340|1778147340,BTC,Coinbase,sell,MEAN_REVERSION_CHOP|BTC|Coinbase|sell,1,3,1778141340.0,100.0,67.52042524064977,2,-14.940044561967342,-1.1518891728912526,-1.0211673236392171,-0.2937153509244032,-1.2110499383281546,-0.701129783281375,0.08286090663700975,-0.9664005406007884,0.11990478535038866,0.30153623889175235,-0.29324556227675697,-0.5303596580644138
891,34f17408da1e3bbb35954113d65fff6b,BTC|Coinbase|1778141340|1778147340,BTC,Coinbase,sell,MEAN_REVERSION_CHOP|BTC|Coinbase|sell,2,3,1778141340.0,100.0,67.52042524064977,2,-14.78264708804211,-1.3917822718150454,-0.41528103528827665,-0.5646987504655853,0.5011732269581515,-0.11619591088408611,-0.6171724591922194,-0.4559743526526386,-0.11405311900157893,0.28268930050138646,0.2833834852298463,-0.17252709410966513
892,be9787fa9cd0118b57539fc0eaa6138c,BTC|Coinbase|1778141640|1778147340,BTC,Coinbase,sell,MEAN_REVERSION_CHOP|BTC|Coinbase|sell,0,3,1778141640.0,95.0,56.81481906609558,2,-15.565990481357245,-0.7397897188923712,-0.03308089772887205,-0.17482415891345587,0.3847096571669369,0.21781361316572853,0.3933139079349137,-0.5230703155221602,-0.05513360448426865,0.4662117203660533,0.07018780109487438,0.1324108631985457
893,39873e128b9746b901b78e5bdf117db1,BTC|Coinbase|1778141640|1778147340,BTC,Coinbase,sell,MEAN_REVERSION_CHOP|BTC|Coinbase|sell,1,3,1778141640.0,95.0,56.81481906609558,2,-14.940044561967342,-1.1518891728912526,-1.0211673236392171,-0.2937153509244032,-1.2110499383281546,-0.701129783281375,0.08286090663700975,-0.9664005406007884,0.11990478535038866,0.30153623889175235,-0.29324556227675697,-0.5303596580644138
894,ead8c7b6a26060157b4255a53ce4a237,BTC|Coinbase|1778141640|1778147340,BTC,Coinbase,sell,MEAN_REVERSION_CHOP|BTC|Coinbase|sell,2,3,1778141640.0,95.0,56.81481906609558,2,-14.78264708804211,-1.3917822718150454,-0.41528103528827665,-0.5646987504655853,0.5011732269581515,-0.11619591088408611,-0.6171724591922194,-0.4559743526526386,-0.11405311900157893,0.28268930050138646,0.2833834852298463,-0.17252709410966513
895,9793e5cfbfc7f9df7995a6118623e219,BTC|Coinbase|1778160240|1778162040,BTC,Coinbase,sell,BASIS_DISLOCATION|BTC|Coinbase|sell,0,1,1778160240.0,30.0,66.57170925377676,3,-12.569939674596368,2.041879976121793,-0.5708052545329407,0.8862870789943552,-0.38667507888510333,-0.485449886509303,0.4128937832316647,-0.0737232100836395,-0.2842264838268706,-0.38734616191760346,0.48332588008246363,-0.032183787428553746
896,90182ae88ea0252aeb69c8ed050edecd,BTC|Coinbase|1778160540|1778162040,BTC,Coinbase,sell,BASIS_DISLOCATION|BTC|Coinbase|sell,0,1,1778160540.0,25.0,48.07208644698555,3,-12.058242046996085,1.7025745604682647,-0.6330226298054571,0.8988616015237568,-0.3586561566091818,0.19676623775110455,0.17539822369391922,0.019208897998238016,-0.25503528475384535,-0.4136568826917507,0.19384506521487307,-0.09592559611723274
897,cd25a3d575fa79c426fc7cbb2d51e21b,BTC|Coinbase|1778160840|1778162040,BTC,Coinbase,sell,BASIS_DISLOCATION|BTC|Coinbase|sell,0,1,1778160840.0,20.0,30.437663569438385,3,-11.83464297767474,0.8135274757721132,-0.682312391314377,0.7372320469707601,-0.175150811152969,0.4312137723013572,0.15083444811592162,0.2193978547240309,-0.242990785335794,-0.48638427324031785,-0.002054383255678211,-0.15304047447287422
898,6e1f5035e0f14be0f43a7bb6842b4fef,BTC|Coinbase|1778163240|1778168040,BTC,Coinbase,sell,LIQUIDITY_SQUEEZE|BTC|Coinbase|sell,0,3,1778163240.0,80.0,76.56417601682203,1,-13.145448194470609,-1.1502496626769567,1.5355144126673805,-0.08486700209983285,-1.034918189509758,-0.29663844614677337,-0.20814979063831948,-0.09835315980618183,0.03343178204196463,-0.4199691186430466,0.04204254837573541,0.18948526510951005
899,4955a280c7079f07e1b35f2c9481d3a1,BTC|Coinbase|1778163240|1778168040,BTC,Coinbase,sell,LIQUIDITY_SQUEEZE|BTC|Coinbase|sell,1,3,1778163240.0,80.0,76.56417601682203,1,-11.923445070087316,-1.6880330798778729,0.6124894323641373,0.0021576639802781423,-0.39471591960738633,-0.059070788196729555,0.05010239513002063,0.4475426048021604,-0.2472225248643097,0.20140579097476882,-0.04022466236330335,0.21750969780731488
900,f10504b1fe8a33742df9d6b536084570,BTC|Coinbase|1778163240|1778168040,BTC,Coinbase,sell,LIQUIDITY_SQUEEZE|BTC|Coinbase|sell,2,3,1778163240.0,80.0,76.56417601682203,1,4.920902369923985,-0.5334703775240395,-0.46390044831256233,-0.8670098410620954,0.44576003379385754,0.11722753701593717,0.6623900232790911,-0.285702810442593,0.012016931195040872,0.4827689735372202,0.0650754065850051,-0.09598866135963918
901,00b396d25b32022fca8c444fc69b6dd5,BTC|Coinbase|1778163840|1778168040,BTC,Coinbase,sell,LIQUIDITY_SQUEEZE|BTC|Coinbase|sell,0,3,1778163840.0,70.0,56.75041003533562,1,-12.506829322940792,-1.4784060757735675,1.2776345209326767,0.1182372459367827,-0.27616324934507824,0.4931288190796718,0.06358899882351442,-0.3566622536591704,-0.5031531155973841,0.08515942068542966,0.14747617902743587,0.11413267753422518
902,f0fb657ed8909dadf3cf2dc14be86804,BTC|Coinbase|1778163840|1778168040,BTC,Coinbase,sell,LIQUIDITY_SQUEEZE|BTC|Coinbase|sell,1,3,1778163840.0,70.0,56.75041003533562,1,-11.923445070087316,-1.6880330798778729,0.6124894323641373,0.0021576639802781423,-0.39471591960738633,-0.059070788196729555,0.05010239513002063,0.4475426048021604,-0.2472225248643097,0.20140579097476882,-0.04022466236330335,0.21750969780731488
903,499662da38bec12dfc6bbac46a356641,BTC|Coinbase|1778163840|1778168040,BTC,Coinbase,sell,LIQUIDITY_SQUEEZE|BTC|Coinbase|sell,2,3,1778163840.0,70.0,56.75041003533562,1,4.920902369923985,-0.5334703775240395,-0.46390044831256233,-0.8670098410620954,0.44576003379385754,0.11722753701593717,0.6623900232790911,-0.285702810442593,0.012016931195040872,0.4827689735372202,0.0650754065850051,-0.09598866135963918
904,7ebb5fade7fa6cce438d96a17ae8bbe3,BTC|Coinbase|1778164140|1778168040,BTC,Coinbase,sell,LIQUIDITY_SQUEEZE|BTC|Coinbase|sell,0,3,1778164140.0,65.0,44.17272049658635,1,-12.873029329448798,-1.482548697995504,1.3410025685661358,0.16717903275795276,0.22927842602174198,0.181171208586227,0.26348322815774416,0.003314593754019267,-0.3852794046894498,0.376811517827449,-0.360195111040403,0.023535975743331147
905,1b1d76b969d99d41053e51ad544894f9,BTC|Coinbase|1778164140|1778168040,BTC,Coinbase,sell,LIQUIDITY_SQUEEZE|BTC|Coinbase|sell,1,3,1778164140.0,65.0,44.17272049658635,1,-11.923445070087316,-1.6880330798778729,0.6124894323641373,0.0021576639802781423,-0.39471591960738633,-0.059070788196729555,0.05010239513002063,0.4475426048021604,-0.2472225248643097,0.20140579097476882,-0.04022466236330335,0.21750969780731488
906,daa143318b953e0d14d54d4cdecccd47,BTC|Coinbase|1778164140|1778168040,BTC,Coinbase,sell,LIQUIDITY_SQUEEZE|BTC|Coinbase|sell,2,3,1778164140.0,65.0,44.17272049658635,1,4.920902369923985,-0.5334703775240395,-0.46390044831256233,-0.8670098410620954,0.44576003379385754,0.11722753701593717,0.6623900232790911,-0.285702810442593,0.012016931195040872,0.4827689735372202,0.0650754065850051,-0.09598866135963918
907,1d5021044efd2bae1fc7293f677f76f8,BTC|Coinbase|1778163240|1778165340,BTC,Coinbase,sell,MEAN_REVERSION_CHOP|BTC|Coinbase|sell,0,1,1778163240.0,35.0,45.775698862596734,1,-13.145448194470609,-1.1502496626769567,1.5355144126673805,-0.08486700209983285,-1.034918189509758,-0.29663844614677337,-0.20814979063831948,-0.09835315980618183,0.03343178204196463,-0.4199691186430466,0.04204254837573541,0.18948526510951005
908,a99c8741de4cc58068507bb1013c27f6,BTC|Coinbase|1778175240|1778178540,BTC,Coinbase,buy,MEAN_REVERSION_CHOP|BTC|Coinbase|buy,0,2,1778175240.0,55.0,36.00165495914425,2,-15.743263589136257,-0.5443996061333354,-0.805803240653993,-0.8145742554273611,-0.9367905785643774,-0.4901814842446722,-0.2445659038181403,-0.19397403909403765,0.31038656816252846,-0.0792590738665976,-0.33225791473702404,0.6006398041061141
909,8818b0a6952883a874bdd8233882d93a,BTC|Coinbase|1778175240|1778178540,BTC,Coinbase,buy,MEAN_REVERSION_CHOP|BTC|Coinbase|buy,1,2,1778175240.0,55.0,36.00165495914425,2,-18.557808710264467,-0.6970652027040223,-0.07341287536961909,-0.44748191180362534,0.5509976457985156,-0.06596263357367127,-0.010086000971046873,-0.34088725225747624,0.3634278800762448,-0.1491897011285773,-0.21592795607072907,-0.104539010042564
910,95d451b29fc46d3bbab0abce3b798b69,BTC|Coinbase|1778185740|1778188440,BTC,Coinbase,sell,LIQUIDITY_SQUEEZE|BTC|Coinbase|sell,0,2,1778185740.0,45.0,39.59099323116232,1,-16.43341953807357,0.06672297149468766,-0.5581949001532811,-0.7584537856185252,0.4069712763292217,0.11636028909691078,0.565503445628258,-0.22923573506705083,-0.0954440977920321,0.1182626630352131,0.534823857810291,0.20374861769212063
911,a532ab307625961daad5662462721ec6,BTC|Coinbase|1778185740|1778188440,BTC,Coinbase,sell,LIQUIDITY_SQUEEZE|BTC|Coinbase|sell,1,2,1778185740.0,45.0,39.59099323116232,1,-14.978225260071017,-0.9214450441958464,-0.31496264374028754,-0.6733480609327455,-0.16568836389397731,-0.4318897993073329,-0.5455062772317738,0.12538654119099177,0.21387060189904364,0.028879590839997967,-0.0736299547508506,0.16026671528953726
912,4921cc2c2110dd61159eac3b9649d94f,BTC|Coinbase|1778235840|1778240340,BTC,Coinbase,buy,BASIS_DISLOCATION|BTC|Coinbase|buy,0,3,1778235840.0,75.0,32.643565217349064,4,-16.402610058487564,-1.5145778520023827,-0.5780562746631108,0.08503697165000793,-0.34928487492021326,0.23753334853593666,0.3024019078841754,0.20446158013221433,-0.03459006763653388,-0.14964071708259064,0.21470156435513021,-0.017804787316182263
913,0a4e73a4de6bc1c9cc987538aef481e9,BTC|Coinbase|1778235840|1778240340,BTC,Coinbase,buy,BASIS_DISLOCATION|BTC|Coinbase|buy,1,3,1778235840.0,75.0,32.643565217349064,4,-20.19818031823322,1.5333844711209592,1.534797324958571,0.8700509131778899,-0.732507993063265,0.924981723380009,0.5036052199803198,0.3206174506379964,0.25564577548075645,0.3564193679208103,0.011743270487337984,0.231658828983646
914,4abd57cc448ae18e675a72773a624511,BTC|Coinbase|1778235840|1778240340,BTC,Coinbase,buy,BASIS_DISLOCATION|BTC|Coinbase|buy,2,3,1778235840.0,75.0,32.643565217349064,4,-16.890666302143718,-0.22498739458047634,1.830248435790234,0.20871247033495474,-0.2952630023263345,0.4932069966037502,0.18334998674482397,0.1254569415408711,-0.3696341088166531,0.2080819633773233,-0.14624498167016908,-0.48458900399358706
915,979286691edeeb5178ea2763dcce2337,BTC|Coinbase|1778236140|1778240340,BTC,Coinbase,buy,BASIS_DISLOCATION|BTC|Coinbase|buy,0,3,1778236140.0,70.0,30.98493027643938,4,-16.636032197598325,-1.5824403861339766,-0.611190389571002,0.0636858462150298,0.17014224731123714,0.0647185806605945,0.47677177196787757,-0.054526173968236315,-0.19790988566429488,-0.42278185803149426,-0.1885855633125794,-0.6022123531551988
916,f8b91d8f8660b856c853a04609409c58,BTC|Coinbase|1778236140|1778240340,BTC,Coinbase,buy,BASIS_DISLOCATION|BTC|Coinbase|buy,1,3,1778236140.0,70.0,30.98493027643938,4,-20.19818031823322,1.5333844711209592,1.534797324958571,0.8700509131778899,-0.732507993063265,0.924981723380009,0.5036052199803198,0.3206174506379964,0.25564577548075645,0.3564193679208103,0.011743270487337984,0.231658828983646
917,4c152a437888d118728eaaa482c54091,BTC|Coinbase|1778236140|1778240340,BTC,Coinbase,buy,BASIS_DISLOCATION|BTC|Coinbase|buy,2,3,1778236140.0,70.0,30.98493027643938,4,-16.890666302143718,-0.22498739458047634,1.830248435790234,0.20871247033495474,-0.2952630023263345,0.4932069966037502,0.18334998674482397,0.1254569415408711,-0.3696341088166531,0.2080819633773233,-0.14624498167016908,-0.48458900399358706
918,c7a75d1756ebb3d3f06506c3d1bea775,BTC|Coinbase|1778249340|1778250240,BTC,Coinbase,buy,BASIS_DISLOCATION|BTC|Coinbase|buy,0,1,1778249340.0,15.0,40.92332182159551,4,-17.876932159950915,4.216822883703968,-0.9804196774992238,2.1706721172926198,0.8019823055664492,-0.21457176972331196,0.15794955584464906,-0.08659590945332381,0.46379091185381155,0.18902679115513146,-0.016154319358755387,-0.08567896918846304
919,66ec27d97b62163678df53b4f58dc5be,BTC|Coinbase|1778248740|1778250540,BTC,Coinbase,buy,LIQUIDITY_SQUEEZE|BTC|Coinbase|buy,0,1,1778248740.0,30.0,44.56799637022431,1,-16.219976875590937,5.439781403400335,0.02485081568873565,2.026124392673428,-0.7792222452734366,-0.07122125623376317,-0.12725246016725103,0.39690172913618105,0.22352948759021168,-0.15497862036286164,0.10738071186958212,0.449735751537449
920,460616d1ecc0be39484adb5af55ef720,BTC|Coinbase|1778248740|1778250240,BTC,Coinbase,buy,MEAN_REVERSION_CHOP|BTC|Coinbase|buy,0,1,1778248740.0,25.0,68.81726224926554,2,-16.904741517812486,5.419520749862595,-0.9570988929901114,2.1364105814161536,-0.34928363278980223,0.5162487123512279,-0.2155237304856719,0.1156926645100855,-0.010563278954121947,-0.3490824354215984,-0.04448587819541036,0.051818173628967706
921,e40d93b2a35bb8e13f630bbeb9d661d7,BTC|Coinbase|1778249040|1778250240,BTC,Coinbase,buy,MEAN_REVERSION_CHOP|BTC|Coinbase|buy,0,1,1778249040.0,20.0,43.45183424099394,3,-17.33746433091969,4.257741114626389,-0.95559244772071,2.051027096775134,0.10427244638459728,0.595779512816398,-0.09552625303626333,-0.1983399082282524,-0.1356179444595118,0.005920100508949535,-0.3987710248952716,-0.3663205836601761
922,cd155cce7c75dcf888e8f51d2ee6342a,BTC|Coinbase|1778427240|1778429940,BTC,Coinbase,buy,BASIS_DISLOCATION|BTC|Coinbase|buy,0,2,1778427240.0,45.0,36.403015730281325,3,-16.525759411926195,0.11601820228875809,-0.5471011728539676,-0.015622248429337264,-0.3875754918770135,0.3835800156294954,-0.06592315826225384,-0.16444743310856744,-0.2125770793406429,-0.15923999561702154,0.4322339748364186,0.36554864275567184
923,2dad69f639f3a3de5520ec854dee9fcf,BTC|Coinbase|1778427240|1778429940,BTC,Coinbase,buy,BASIS_DISLOCATION|BTC|Coinbase|buy,1,2,1778427240.0,45.0,36.403015730281325,3,-12.007143103370522,-1.431389421430189,-1.0218668081504716,-0.44884381611487595,0.3417523726358308,0.26242221236454893,0.13622636269877644,-0.1887443232252237,0.054846221488591855,0.5885197278226432,-0.21538275275877378,0.3990251348106109
924,872675f86e2ccf297aead190a7f07671,BTC|Coinbase|1778424540|1778429940,BTC,Coinbase,buy,LIQUIDITY_SQUEEZE|BTC|Coinbase|buy,0,3,1778424540.0,90.0,56.27013352014815,1,-18.441977530866087,-1.134570850877359,-0.7122474186643855,0.5084285729435749,0.5099941579811268,-0.1212969105529164,0.2272170883439969,0.20027653731411046,0.1090297343508019,0.2376830078033264,0.09524620058486226,0.627568776135997
925,0537da6bb5d945c59b125f7e044705cf,BTC|Coinbase|1778424540|1778429940,BTC,Coinbase,buy,LIQUIDITY_SQUEEZE|BTC|Coinbase|buy,1,3,1778424540.0,90.0,56.27013352014815,1,-15.75599660289803,-0.28969864034904697,0.3137924035614416,-0.022845665177668454,-1.0864019296890397,0.03633020521973235,0.26496960179378615,-0.3514757680294116,0.11340934338669678,0.18302562345258824,-0.30556042372453057,0.009497615564401438
926,9824d4d478bde971b3b822b68311bd9e,BTC|Coinbase|1778424540|1778429940,BTC,Coinbase,buy,LIQUIDITY_SQUEEZE|BTC|Coinbase|buy,2,3,1778424540.0,90.0,56.27013352014815,1,-14.12851357701638,-0.870276273734632,-0.8260781133138504,-0.6267284606926541,-0.9979733228771552,-0.22688412430391777,-0.485370968466483,0.3247819772958454,0.3932236464888192,-0.08123230341654475,0.1686023790080204,-0.19380687149616624
927,c680fb35ec5cfed1c7184ae0cc5b339e,BTC|Coinbase|1778450940|1778452740,BTC,Coinbase,buy,BASIS_DISLOCATION|BTC|Coinbase|buy,0,1,1778450940.0,30.0,82.67332475020493,4,-16.71165520373407,1.5265913983775674,-0.5316073653585777,1.4702676128612244,-0.33990073587634084,-0.22136805422044292,0.24320888355461723,0.48652857205995037,-0.35432738728935415,-0.06996652125927444,0.19654893968611237,0.17348669892236684
928,10d7878cca6156272bc16077543aefcf,BTC|Coinbase|1778456940|1778459040,BTC,Coinbase,sell,BASIS_DISLOCATION|BTC|Coinbase|sell,0,2,1778456940.0,35.0,55.231398168544985,3,-13.885493660519773,-1.529649715239866,-0.2914269485102413,0.2910143362987827,0.48450328518959745,-0.17252448768057924,-0.14257857772701246,-0.18956702099954617,0.48944354399575746,0.09590870826501699,0.13899045564125026,0.25889340378288156
929,280a2078f5bd3cf8476713206218c561,BTC|Coinbase|1778456940|1778459040,BTC,Coinbase,sell,BASIS_DISLOCATION|BTC|Coinbase|sell,1,2,1778456940.0,35.0,55.231398168544985,3,-10.378377066561404,-1.6854197948175513,-0.6662974088083196,0.028173663252528174,0.4901723468062601,-0.2551669253103092,0.16037824855485713,0.07249239947351548,-0.22837360259049488,-0.042268459619167156,-0.5192589706435097,-0.13825838934176965
930,7899386de541e694557205e40c4f6766,BTC|Coinbase|1778457540|1778459040,BTC,Coinbase,sell,BASIS_DISLOCATION|BTC|Coinbase|sell,0,1,1778457540.0,25.0,43.05746265905935,3,-11.919765581564263,-1.4337538052865242,-0.5154143419874059,0.16882797634460225,-0.6298987818138423,0.5765680096857168,-0.6424314666787021,0.23346595290961938,0.0901424584568931,-0.3097980808307868,-0.31112830170696437,-0.020192375024016638
931,e873b0395ccf5297e3e3774c19a94ebe,BTC|Coinbase|1778443740|1778446440,BTC,Coinbase,sell,LIQUIDITY_SQUEEZE|BTC|Coinbase|sell,0,2,1778443740.0,45.0,93.04955859629959,1,-14.965753286684881,0.35918070502083943,-0.7993096598512482,-0.19041576884965533,-0.5696090863764751,0.02423815670181991,-0.6281218740640218,0.2972607190195051,0.2672362349494747,-0.12479037816123366,-0.2872849021824022,-0.19704848830235075
932,aaa7a4e0e4c8fff2779ab5a91e287bd2,BTC|Coinbase|1778443740|1778446440,BTC,Coinbase,sell,LIQUIDITY_SQUEEZE|BTC|Coinbase|sell,1,2,1778443740.0,45.0,93.04955859629959,1,-10.93215756659923,-0.4727121845577398,-0.7963440899924206,0.10570213929128955,0.6137670450181201,-0.44377068435300715,-0.35403268597376925,0.3743542506227873,-0.5240221554922831,0.2547234540664622,0.11612690452818995,-0.19529678413181076
933,f65ade0ceef59f50c0c7e916451ad6a0,BTC|Coinbase|1778444940|1778446440,BTC,Coinbase,sell,LIQUIDITY_SQUEEZE|BTC|Coinbase|sell,0,1,1778444940.0,25.0,54.70616522519202,3,-12.336658290091389,0.29535667353299094,-0.5740338947242384,-0.06154593214055516,0.009886703760661907,0.36661712063835905,-0.3462302146528147,-0.08216691389985169,0.4941613794492843,0.47356362983791406,-0.20748409285888378,-0.14093867153592182
934,e208a62d539e70401cff9688caf6aa49,BTC|Coinbase|1778445540|1778446440,BTC,Coinbase,sell,LIQUIDITY_SQUEEZE|BTC|Coinbase|sell,0,1,1778445540.0,15.0,38.23700907936098,2,-10.93215756659923,-0.4727121845577398,-0.7963440899924206,0.10570213929128955,0.6137670450181201,-0.44377068435300715,-0.35403268597376925,0.3743542506227873,-0.5240221554922831,0.2547234540664622,0.11612690452818995,-0.19529678413181076
935,4faa5f7642a201e562aa651735507be4,BTC|Coinbase|1778450340|1778455140,BTC,Coinbase,buy,LIQUIDITY_SQUEEZE|BTC|Coinbase|buy,0,3,1778450340.0,80.0,182.5687049526648,1,-18.726958541902132,-0.03835930228864145,0.1345016320998377,0.5448464457011237,-1.0749293080092692,-0.39597184281180875,0.09737446051148332,-0.13831341785149484,-0.2458593394652749,0.5868859993464891,0.23867307666515222,0.21561739205668065
936,1505ba5fa72336cec4d08fdff43f5942,BTC|Coinbase|1778450340|1778455140,BTC,Coinbase,buy,LIQUIDITY_SQUEEZE|BTC|Coinbase|buy,1,3,1778450340.0,80.0,182.5687049526648,1,-14.99668813903268,-0.7858185408555918,2.804388751607412,0.15039599992683284,0.08052715847912441,0.2630296971717854,0.17194200457155445,-0.25313179081723725,0.06656304871991547,0.24278018458570028,0.032229134224519035,-0.3403827578895522
937,0b966d20529cd1d8d5080078dfca8116,BTC|Coinbase|1778450340|1778455140,BTC,Coinbase,buy,LIQUIDITY_SQUEEZE|BTC|Coinbase|buy,2,3,1778450340.0,80.0,182.5687049526648,1,-15.788453828552816,-0.9262491845648506,-0.7198095929871763,-0.39994453180380535,0.2996455977937052,0.035538759591991806,0.23314929069444199,0.09323796194625215,0.11874058225426314,-0.015750994409742657,0.15841545270051363,-0.23123772313499127
938,09793240bdd87846b0c5436b3d464910,BTC|Coinbase|1778450640|1778455140,BTC,Coinbase,buy,LIQUIDITY_SQUEEZE|BTC|Coinbase|buy,0,3,1778450640.0,75.0,151.30203851863808,1,-17.28221387619308,0.8108363779520956,0.208405206628029,1.1820847896512032,-0.6362418615176053,-0.07570586443448339,0.3786417595631105,0.633223367640339,-0.2404003354580696,0.4577651698781071,-0.010674292820826178,0.23715326521655142
939,7fc1ccc03fd8a49e4e8e1ced0df916d8,BTC|Coinbase|1778450640|1778455140,BTC,Coinbase,buy,LIQUIDITY_SQUEEZE|BTC|Coinbase|buy,1,3,1778450640.0,75.0,151.30203851863808,1,-14.99668813903268,-0.7858185408555918,2.804388751607412,0.15039599992683284,0.08052715847912441,0.2630296971717854,0.17194200457155445,-0.25313179081723725,0.06656304871991547,0.24278018458570028,0.032229134224519035,-0.3403827578895522
940,ed6cb19b05e79920ecda999abcfccd88,BTC|Coinbase|1778450640|1778455140,BTC,Coinbase,buy,LIQUIDITY_SQUEEZE|BTC|Coinbase|buy,2,3,1778450640.0,75.0,151.30203851863808,1,-15.788453828552816,-0.9262491845648506,-0.7198095929871763,-0.39994453180380535,0.2996455977937052,0.035538759591991806,0.23314929069444199,0.09323796194625215,0.11874058225426314,-0.015750994409742657,0.15841545270051363,-0.23123772313499127
941,d2cd8daf9787843e525595d42158ac51,BTC|Coinbase|1778451840|1778455140,BTC,Coinbase,buy,LIQUIDITY_SQUEEZE|BTC|Coinbase|buy,0,3,1778451840.0,55.0,107.98597976176954,1,-17.962420618806327,-0.24384728483425716,-0.7842754579568482,1.0096135201120875,0.4077896103004301,0.07609388695232386,-0.3654867681521701,-0.7568465007655117,-0.05349554101497924,0.0063789384014540295,0.1556860115968051,0.01893689422266408
942,3f490577d4b4b3ef09f63364e3917df6,BTC|Coinbase|1778451840|1778455140,BTC,Coinbase,buy,LIQUIDITY_SQUEEZE|BTC|Coinbase|buy,1,3,1778451840.0,55.0,107.98597976176954,1,-15.162998124067418,-1.203566322601103,3.3034754582568744,0.11182573007918464,0.35389840800538513,-0.004789234124407149,0.2991966617687326,0.08227910981496384,0.2775572668800372,-0.04683975947913179,-0.06151355422473683,-0.17456873076001636
943,e654737e8f96f7e11377aea5ebc788b2,BTC|Coinbase|1778451840|1778455140,BTC,Coinbase,buy,LIQUIDITY_SQUEEZE|BTC|Coinbase|buy,2,3,1778451840.0,55.0,107.98597976176954,1,-15.788453828552816,-0.9262491845648506,-0.7198095929871763,-0.39994453180380535,0.2996455977937052,0.035538759591991806,0.23314929069444199,0.09323796194625215,0.11874058225426314,-0.015750994409742657,0.15841545270051363,-0.23123772313499127
944,3d223e213c185bd0e9fe7e1acbeed0bc,BTC|Coinbase|1778452140|1778455140,BTC,Coinbase,buy,LIQUIDITY_SQUEEZE|BTC|Coinbase|buy,0,2,1778452140.0,50.0,84.58342426649708,1,-16.363773678043884,2.405050440476044,-0.7889565561220042,1.774274372376812,0.5528205771066677,-0.026328152365798194,-0.4559164294417928,-0.5759518519656234,-0.46566291647501407,0.175388388213773,-0.18811352204529652,0.126168727927611
945,bcf0849c9ad73a1dff3f235a7b2d0102,BTC|Coinbase|1778452140|1778455140,BTC,Coinbase,buy,LIQUIDITY_SQUEEZE|BTC|Coinbase|buy,1,2,1778452140.0,50.0,84.58342426649708,1,-15.682249260747803,-1.1905865464084444,-0.4100356057045233,-0.29460306168824413,-0.9868685760210927,0.0042264567552277015,0.050810307841921275,0.07896932057987335,0.07368937236323533,0.2856216863661751,0.5211053006245878,-0.11394285714035628
946,b96623e5cf7b25821a34244bbff5c9e1,BTC|Coinbase|1778453040|1778455140,BTC,Coinbase,buy,LIQUIDITY_SQUEEZE|BTC|Coinbase|buy,0,1,1778453040.0,35.0,36.843506602441195,4,-15.611930315778446,-1.0737928061882451,-0.3554296704818564,-0.30719823866405804,-1.1280001083250546,-0.12791502203570723,0.08545696398350601,-0.11096979960459744,0.06707296409233583,0.32278380317221833,0.6704905544511823,0.022451515607282032
947,cb10f2c39e0b2808f97914b66d82a384,BTC|Coinbase|1778443740|1778444640,BTC,Coinbase,sell,MEAN_REVERSION_CHOP|BTC|Coinbase|sell,0,1,1778443740.0,15.0,31.77553299638869,1,-14.593708732383988,0.032832576926588496,-0.8883463655236566,0.2636798325274612,0.6215535513275283,-0.2933989179679121,0.006123155390576155,0.03482298040809992,0.07912549692399393,0.42498479971589775,0.2938880810315367,-0.5882690235882042
948,3ba35cfefcfb8aab96fbe8d67cfc9d4f,BTC|Coinbase|1778450340|1778452740,BTC,Coinbase,buy,MEAN_REVERSION_CHOP|BTC|Coinbase|buy,0,1,1778450340.0,40.0,141.9430521670851,2,-18.302052071057847,0.2493986083360333,-0.5822350778229557,0.6384197857395336,-0.8152684467317072,-0.43062096474137807,0.6047939968744229,-0.10790614381926773,0.3455092212415543,0.1512317367085999,-0.19489621214885322,-0.16220548890185524
949,e382d147934d81e36522134f60475d89,BTC|Coinbase|1778450640|1778452740,BTC,Coinbase,buy,MEAN_REVERSION_CHOP|BTC|Coinbase|buy,0,2,1778450640.0,35.0,110.8063800741524,2,-15.972632516594468,-1.095964815130846,-1.2729531000174934,0.3512735906051016,0.16945264441554916,0.47370869954169736,-0.13637028091764933,-0.6040123963377259,0.026401739771327964,0.3749997631823434,-0.2149322436045236,-0.0736962415810968
950,c2ddc6d382d90b8af97164dfbaf1d97d,BTC|Coinbase|1778450640|1778452740,BTC,Coinbase,buy,MEAN_REVERSION_CHOP|BTC|Coinbase|buy,1,2,1778450640.0,35.0,110.8063800741524,2,-18.188634819878136,-0.5157864497304134,-0.5865036166459162,0.9769213054302825,0.5063592871821336,-0.2989764744597615,-0.34738992867327884,-0.20908830836344677,0.38499204103019624,-0.3683134226878086,0.29618577352419867,-0.019057643822332975
951,cc31fb540af28f0484bf40f3087e5f1a,BTC|Coinbase|1778451840|1778452740,BTC,Coinbase,buy,MEAN_REVERSION_CHOP|BTC|Coinbase|buy,0,1,1778451840.0,15.0,67.65117501287217,2,-18.188634819878136,-0.5157864497304134,-0.5865036166459162,0.9769213054302825,0.5063592871821336,-0.2989764744597615,-0.34738992867327884,-0.20908830836344677,0.38499204103019624,-0.3683134226878086,0.29618577352419867,-0.019057643822332975
952,446d3e8a0efcd7c348b0e9f688b31818,BTC|Coinbase|1778465040|1778473440,BTC,Coinbase,sell,BASIS_DISLOCATION|BTC|Coinbase|sell,0,3,1778465040.0,140.0,83.14036666012282,1,-13.826904801697696,3.1583095723783545,2.184914257308311,-1.645233932098564,-0.7119864157729717,0.27949040354904053,-0.24649178575576156,0.33183057993862564,0.032143155191003255,-0.0365927180998234,0.3182006238261518,-0.2748823043723855
953,2a155fda508f61e2326014242fef735d,BTC|Coinbase|1778465040|1778473440,BTC,Coinbase,sell,BASIS_DISLOCATION|BTC|Coinbase|sell,1,3,1778465040.0,140.0,83.14036666012282,1,-15.160657615014435,-1.3706389290525007,-0.4862991753006861,-0.35782316190123686,-0.2972540537837213,0.6767804229004513,0.4502052192468374,0.0576085534502313,-0.33098119459947134,0.09068723650652412,0.01647047542776276,-0.102025628652519
954,621a9dc259b9604ac33f11e8ecd35b53,BTC|Coinbase|1778465040|1778473440,BTC,Coinbase,sell,BASIS_DISLOCATION|BTC|Coinbase|sell,2,3,1778465040.0,140.0,83.14036666012282,1,-14.587758401043562,-1.305223097140472,2.1073257314248965,-0.05724075012296526,-1.6823936615480521,-0.41442534676090076,0.3927273327014206,0.17765985729255562,-0.06238228073199953,0.306782182197567,-0.4776202298754057,-0.011879608532195067
955,70c13de396d3d0b6083299cd2755c565,BTC|Coinbase|1778468100|1778473440,BTC,Coinbase,sell,BASIS_DISLOCATION|BTC|Coinbase|sell,0,1,1778468100.0,89.0,44.06552566183069,1,-14.586236523964265,23.544754054942633,1.7272599044708914,-3.9846393976283063,-0.057201320015640045,-0.6157507295445646,0.42827162978364686,0.3838727677780392,0.1677778114812792,-0.05912199755147837,0.037354116205520614,0.011315977892019005
956,64b0702e9a9485cf76029a608836c227,BTC|Coinbase|1778468100|1778473140,BTC,Coinbase,sell,RELATIVE_STRENGTH|BTC|Coinbase|sell,0,1,1778468100.0,84.0,53.43281086890198,2,-14.58584046801662,20.059727459262618,-1.617147377963789,-4.046526557184112,0.012721776388691975,0.09168289600932669,-0.04122814213437158,0.2932540940877159,-0.21989575540244205,0.10850668322593386,0.22547294863220257,-0.13346869124041502
957,28dd65bef35c77dd2facd303dbcf235d,BTC|Kraken|1778087640|1778093340,BTC,Kraken,sell,LIQUIDITY_SQUEEZE|BTC|Kraken|sell,0,3,1778087640.0,95.0,31.022600404614543,1,-12.612181215781634,5.002250657876169,1.123960541738867,-1.8404774073037926,0.5880492647407333,-0.3045469144678096,-0.6227283135594522,0.2955356268993215,-0.011353448305145496,-0.13424618848954234,-0.07627185645112922,-0.03221153096409508
958,4028dc72e96182f01e08b90af5b40129,BTC|Kraken|1778087640|1778093340,BTC,Kraken,sell,LIQUIDITY_SQUEEZE|BTC|Kraken|sell,1,3,1778087640.0,95.0,31.022600404614543,1,-15.615954885986733,0.8014832757573883,0.42757901918947705,0.8512707643442411,-0.44445135659834395,0.2759187567450029,0.251533962521631,0.3233479366629619,0.2079836436605767,-0.03740068550882186,0.09756198421848378,0.1965891202646875
959,0cad0c0a30a59299226112c45da603f1,BTC|Kraken|1778087640|1778093340,BTC,Kraken,sell,LIQUIDITY_SQUEEZE|BTC|Kraken|sell,2,3,1778087640.0,95.0,31.022600404614543,1,-15.251624836586558,5.979442789170685,0.5547216612006926,1.116129521593638,-0.877684027310952,-0.8554481840373365,0.28615409833972205,-0.2104345138344554,0.18154687118436041,0.11688854180257464,-0.0641618915401257,-0.23032529090299217
960,f0298dd1e151bb383a7ea44b4b626c69,BTC|Kraken|1778112840|1778114940,BTC,Kraken,sell,LIQUIDITY_SQUEEZE|BTC|Kraken|sell,0,1,1778112840.0,35.0,30.58843857962858,2,-15.126076756157847,0.5578670292438938,-0.6132836355888416,0.5261626596324833,-1.1381919591489436,-0.13529225925543556,0.10987000540979075,0.05058212410338494,-0.016771488739156716,-0.005512991263465596,0.37293347119963294,-0.14336913324859266
961,ed432faaee21a7fa766cf647119b9308,BTC|Kraken|1778134440|1778136540,BTC,Kraken,buy,BASIS_DISLOCATION|BTC|Kraken|buy,0,2,1778134440.0,35.0,39.877051125811434,4,-15.390668446713956,0.9494650723269112,-0.4044424287803822,1.1380695445854503,0.32238808798257934,0.08211750615949032,-0.4164938730552715,-0.27356342220280205,-0.34552501864980484,-0.23251543299802044,-0.41397330649810504,0.1723800588353371
962,3b755b97742ba671de16c46d7458888b,BTC|Kraken|1778134440|1778136540,BTC,Kraken,buy,BASIS_DISLOCATION|BTC|Kraken|buy,1,2,1778134440.0,35.0,39.877051125811434,4,-16.323392607350293,-1.0013319266344347,-0.38609707848102487,-0.33242735353687336,0.472475281158217,-0.024007206383540786,0.24490719000282643,-0.20327419391745738,0.13059089532024296,-0.07916797172872903,-0.2008029675819999,0.15405155091320347
963,f346c7d6e87e7d1955a19e7a70c65077,BTC|Kraken|1778141640|1778147940,BTC,Kraken,sell,LIQUIDITY_SQUEEZE|BTC|Kraken|sell,0,4,1778141640.0,105.0,58.11743764891084,2,-15.354517698871048,-0.8343219588848312,0.2436500742748943,-0.12073639378819384,-0.9616709334521486,-0.46752848517264717,-0.1283806373420169,0.054309133084015436,0.3908278658826329,-0.3681500446244943,-0.8253062571668703,-0.27284909965429144
964,c9956c4e6f07f3db003203292aec0070,BTC|Kraken|1778141640|1778147940,BTC,Kraken,sell,LIQUIDITY_SQUEEZE|BTC|Kraken|sell,1,4,1778141640.0,105.0,58.11743764891084,2,-15.118776887263934,-0.1977921394882917,0.38440951551591945,-1.23603632011472,-0.6525759227635389,-0.3057460453044457,-0.15165032906582077,0.5420408721448282,-0.3702962290760944,0.3698337000058603,-0.0007071107250381314,0.28515249055275765
965,c599e991e69063d0a1d46d75c1a74992,BTC|Kraken|1778141640|1778147940,BTC,Kraken,sell,LIQUIDITY_SQUEEZE|BTC|Kraken|sell,2,4,1778141640.0,105.0,58.11743764891084,2,-13.276052964800076,-1.792810839419302,-0.3261386609268966,-0.36649305845241026,0.502123911090173,-0.3423831367557493,-0.1292545384788577,0.06167419250717758,-0.011675255586157384,-0.041095103133559026,0.22830852023565842,-0.49605260602353823
966,5ead02b99877ba40bf2374cca2a78185,BTC|Kraken|1778141640|1778147940,BTC,Kraken,sell,LIQUIDITY_SQUEEZE|BTC|Kraken|sell,3,4,1778141640.0,105.0,58.11743764891084,2,-15.31560254990522,-0.012934578133074979,-0.720996774381306,-0.5253242671189938,0.5461740376445517,-0.1956257208375433,0.19134944268631357,-0.1786326595487737,0.5280600176440509,-0.4247599362784348,0.10680966158694408,-0.04859479466786421
967,94c625c13f19f3588a57459a3d91f568,BTC|Kraken|1778142540|1778147940,BTC,Kraken,sell,LIQUIDITY_SQUEEZE|BTC|Kraken|sell,0,4,1778142540.0,90.0,44.79794229721621,2,-15.374936908760697,-1.1018658027156882,0.2153581217429718,-0.16510790672784528,-0.5960953448326817,0.42607920676862643,-0.14810506381495395,0.39885844829552436,0.026037736546473737,0.28531494985561356,-0.3220228510389726,0.4035127355793196
968,0f055fb3239a8253ee39696a075c0772,BTC|Kraken|1778142540|1778147940,BTC,Kraken,sell,LIQUIDITY_SQUEEZE|BTC|Kraken|sell,1,4,1778142540.0,90.0,44.79794229721621,2,-15.118776887263934,-0.1977921394882917,0.38440951551591945,-1.23603632011472,-0.6525759227635389,-0.3057460453044457,-0.15165032906582077,0.5420408721448282,-0.3702962290760944,0.3698337000058603,-0.0007071107250381314,0.28515249055275765
969,df5ab54817d4c2671a5e063ee0918ea4,BTC|Kraken|1778142540|1778147940,BTC,Kraken,sell,LIQUIDITY_SQUEEZE|BTC|Kraken|sell,2,4,1778142540.0,90.0,44.79794229721621,2,-13.276052964800076,-1.792810839419302,-0.3261386609268966,-0.36649305845241026,0.502123911090173,-0.3423831367557493,-0.1292545384788577,0.06167419250717758,-0.011675255586157384,-0.041095103133559026,0.22830852023565842,-0.49605260602353823
970,33603a5db93eaf1f98898e260176f500,BTC|Kraken|1778142540|1778147940,BTC,Kraken,sell,LIQUIDITY_SQUEEZE|BTC|Kraken|sell,3,4,1778142540.0,90.0,44.79794229721621,2,-15.31560254990522,-0.012934578133074979,-0.720996774381306,-0.5253242671189938,0.5461740376445517,-0.1956257208375433,0.19134944268631357,-0.1786326595487737,0.5280600176440509,-0.4247599362784348,0.10680966158694408,-0.04859479466786421
971,b8d9a01cce89db8396ba9586ad862aa4,BTC|Kraken|1778158740|1778163240,BTC,Kraken,sell,LIQUIDITY_SQUEEZE|BTC|Kraken|sell,0,3,1778158740.0,75.0,50.88643657486402,1,-15.055111204547426,0.01539492877841724,-0.4286277468260356,-0.4141689648249141,-0.606904295990418,-0.11544467983540968,-0.6262062362113888,0.2973115693566347,0.42264792209669755,0.3520871710927263,0.1151636102835955,0.030842069454590844
972,5c7a80c822658c44a4de58f8e36dc6c8,BTC|Kraken|1778158740|1778163240,BTC,Kraken,sell,LIQUIDITY_SQUEEZE|BTC|Kraken|sell,1,3,1778158740.0,75.0,50.88643657486402,1,-13.123703435097164,-0.5445461074119825,0.5325428308528312,-0.4634777905804713,-0.20155812612375426,0.5651516148884292,0.2950165566000037,0.05321036012867841,0.08146456900708199,-0.38911504924741036,0.13386627878882054,-0.14966308429789316
973,f761b780a4adbd08cd80f28efd8e6a9b,BTC|Kraken|1778158740|1778163240,BTC,Kraken,sell,LIQUIDITY_SQUEEZE|BTC|Kraken|sell,2,3,1778158740.0,75.0,50.88643657486402,1,-20.73473803140633,-1.0862978171135231,-0.3970409759228118,-0.49879656875201395,-0.13627631430436754,0.43092734868130494,-0.5773190430143933,0.31413631494604544,-0.007476248542186456,0.10944726014752242,-0.20716464818118357,0.05418634070764402
974,6b94f707745e585fd74c614c48a68ad9,BTC|Kraken|1778163240|1778171340,BTC,Kraken,sell,LIQUIDITY_SQUEEZE|BTC|Kraken|sell,0,4,1778163240.0,135.0,77.04880248428654,1,-13.778462185583365,-1.0829665215968798,0.9347983788584152,0.2624141255762806,-1.3314139494149364,-0.40464074965613117,-0.6557700825121486,0.20468166272908464,0.23927250953523924,0.1892656032242961,0.1256258089921207,0.2486567412035933
975,cfe1c2d10b0f74e076de6e018fe93c82,BTC|Kraken|1778163240|1778171340,BTC,Kraken,sell,LIQUIDITY_SQUEEZE|BTC|Kraken|sell,1,4,1778163240.0,135.0,77.04880248428654,1,-15.423234015120723,-1.111202495676101,-0.6325110820287598,0.3463659030726278,0.5703568171807203,-0.31898147085735357,-0.45834118051825273,-0.14579986518494525,0.4601890744159193,-0.10842954819238983,0.13783874325229772,-0.035706131194443325
976,75f33e6dc62563cc0c056bd84ff7e448,BTC|Kraken|1778163240|1778171340,BTC,Kraken,sell,LIQUIDITY_SQUEEZE|BTC|Kraken|sell,2,4,1778163240.0,135.0,77.04880248428654,1,-13.880881409736574,0.6143774698511696,-0.35513414883969363,-0.9042154449905824,-1.2406852781249895,-0.660426510085907,-0.09945646716707728,-0.6883274214455922,-0.2227407264130165,0.0982565530448412,-0.6326765372158555,-0.1327236625388631
977,1e86938facdbad00de219a07f59a3ce7,BTC|Kraken|1778163240|1778171340,BTC,Kraken,sell,LIQUIDITY_SQUEEZE|BTC|Kraken|sell,3,4,1778163240.0,135.0,77.04880248428654,1,-15.366866077797967,-0.8142244014481901,-0.8672721230908452,-0.5825952693347258,0.4209836576648323,0.016844218061506225,0.32191784149767816,0.39826601638617487,0.03261822561502662,0.20453739924945472,-0.35262048924679174,-0.044193409190986174
978,4858f39302dcfdd4467a6d22aa8ee002,BTC|Kraken|1778164140|1778171340,BTC,Kraken,sell,LIQUIDITY_SQUEEZE|BTC|Kraken|sell,0,4,1778164140.0,120.0,44.1153733208948,1,-12.83234542924036,-0.6236216236174206,-0.8236694427654406,0.5770772625313539,0.5519305558095305,-0.23113054259838894,0.05599345615461358,0.20738405576022834,-0.26146006057580995,0.5242424746275532,0.16774823457117014,0.06944593930718287
979,059ece2da53a01c61ce26eb670c168fb,BTC|Kraken|1778164140|1778171340,BTC,Kraken,sell,LIQUIDITY_SQUEEZE|BTC|Kraken|sell,1,4,1778164140.0,120.0,44.1153733208948,1,-15.288896745151066,-1.3725149551561555,-0.5718370806794145,0.13610919354472656,-0.07167332532759642,0.06398303365075074,-0.08341180305016312,0.440696185109057,-0.037617558847142456,0.20984262532041772,0.36939630563452497,-0.14703318303030505
980,af96031609144622a024a954320eb19f,BTC|Kraken|1778164140|1778171340,BTC,Kraken,sell,LIQUIDITY_SQUEEZE|BTC|Kraken|sell,2,4,1778164140.0,120.0,44.1153733208948,1,-13.880881409736574,0.6143774698511696,-0.35513414883969363,-0.9042154449905824,-1.2406852781249895,-0.660426510085907,-0.09945646716707728,-0.6883274214455922,-0.2227407264130165,0.0982565530448412,-0.6326765372158555,-0.1327236625388631
981,0049697d0f761fea9616b39ebcc22c65,BTC|Kraken|1778164140|1778171340,BTC,Kraken,sell,LIQUIDITY_SQUEEZE|BTC|Kraken|sell,3,4,1778164140.0,120.0,44.1153733208948,1,-15.366866077797967,-0.8142244014481901,-0.8672721230908452,-0.5825952693347258,0.4209836576648323,0.016844218061506225,0.32191784149767816,0.39826601638617487,0.03261822561502662,0.20453739924945472,-0.35262048924679174,-0.044193409190986174
982,96a909e1acdeab6ed290bb9f5d5f3a86,BTC|Kraken|1778174940|1778179740,BTC,Kraken,buy,LIQUIDITY_SQUEEZE|BTC|Kraken|buy,0,3,1778174940.0,80.0,38.22316458206372,1,-15.03392662682919,2.1113494611225008,-0.30057860481541787,-1.510848569008586,-0.39187522220475596,0.6415181725677693,-0.03652943449680059,0.3791471706623985,-0.04414445245828345,-0.27051354570924274,0.33783691599383997,-0.3301987537449669
983,2d025b0e0be6bf362606f92396489a18,BTC|Kraken|1778174940|1778179740,BTC,Kraken,buy,LIQUIDITY_SQUEEZE|BTC|Kraken|buy,1,3,1778174940.0,80.0,38.22316458206372,1,-16.892931811839745,0.6344783497528548,1.2421472170455037,-0.4151525028056647,-0.3598783305785283,-0.006509456307410851,-0.5404375376453991,-0.04663899271934701,-0.19339749404329973,0.122352838975427,0.29019927201764245,-0.3851266776967201
984,76e0db41bedc732d98b8e6efbbfeeecf,BTC|Kraken|1778174940|1778179740,BTC,Kraken,buy,LIQUIDITY_SQUEEZE|BTC|Kraken|buy,2,3,1778174940.0,80.0,38.22316458206372,1,-15.221615345503885,1.0489072854738826,-0.8090383418165076,-0.7082456274900205,-0.4573040085231093,0.32003852877542344,0.051724260351460286,0.12739596393689226,0.16728754708462382,0.19819600792166453,0.5648643397661955,-0.18724371481572905
985,c4357780fba2b7e71215b0dcd54350bc,BTC|Kraken|1778163240|1778168640,BTC,Kraken,sell,MEAN_REVERSION_CHOP|BTC|Kraken|sell,0,4,1778163240.0,90.0,75.6970616856955,2,-13.778462185583365,-1.0829665215968798,0.9347983788584152,0.2624141255762806,-1.3314139494149364,-0.40464074965613117,-0.6557700825121486,0.20468166272908464,0.23927250953523924,0.1892656032242961,0.1256258089921207,0.2486567412035933
986,0880c03d2e7238a005c784b40f372c9b,BTC|Kraken|1778163240|1778168640,BTC,Kraken,sell,MEAN_REVERSION_CHOP|BTC|Kraken|sell,1,4,1778163240.0,90.0,75.6970616856955,2,-15.423234015120723,-1.111202495676101,-0.6325110820287598,0.3463659030726278,0.5703568171807203,-0.31898147085735357,-0.45834118051825273,-0.14579986518494525,0.4601890744159193,-0.10842954819238983,0.13783874325229772,-0.035706131194443325
987,85abfbda2f725fe1376fcc2a49e33a11,BTC|Kraken|1778163240|1778168640,BTC,Kraken,sell,MEAN_REVERSION_CHOP|BTC|Kraken|sell,2,4,1778163240.0,90.0,75.6970616856955,2,-12.336857081197628,0.2507315988632659,1.6813799164983327,-0.941453137128943,0.46577673052769686,0.09409897671958206,0.3852011362163161,-0.20001683125208378,-0.4599255417617558,-0.03831539199508613,-0.36584360110079883,0.3422288515118263
988,72896f5e4bcc895c28269ec19f853741,BTC|Kraken|1778163240|1778168640,BTC,Kraken,sell,MEAN_REVERSION_CHOP|BTC|Kraken|sell,3,4,1778163240.0,90.0,75.6970616856955,2,-13.99227318249634,-2.018181464768368,-0.3133541512284169,-0.030246840150070408,0.29363588300775106,-0.1290029210215409,-0.36482361780280925,-0.46682845682162455,-0.5572271699036251,-0.12715643539187285,0.2454185425391997,-0.4233821354994068
989,7aacbd83fc28b41c64a43c70afd8ca34,BTC|Kraken|1778164140|1778168640,BTC,Kraken,sell,MEAN_REVERSION_CHOP|BTC|Kraken|sell,0,4,1778164140.0,75.0,42.757400497512435,1,-12.83234542924036,-0.6236216236174206,-0.8236694427654406,0.5770772625313539,0.5519305558095305,-0.23113054259838894,0.05599345615461358,0.20738405576022834,-0.26146006057580995,0.5242424746275532,0.16774823457117014,0.06944593930718287
990,4a5c920e3da68b1449931781f834d399,BTC|Kraken|1778164140|1778168640,BTC,Kraken,sell,MEAN_REVERSION_CHOP|BTC|Kraken|sell,1,4,1778164140.0,75.0,42.757400497512435,1,-15.288896745151066,-1.3725149551561555,-0.5718370806794145,0.13610919354472656,-0.07167332532759642,0.06398303365075074,-0.08341180305016312,0.440696185109057,-0.037617558847142456,0.20984262532041772,0.36939630563452497,-0.14703318303030505
991,3318ded891eb40960895b0436ce62be4,BTC|Kraken|1778164140|1778168640,BTC,Kraken,sell,MEAN_REVERSION_CHOP|BTC|Kraken|sell,2,4,1778164140.0,75.0,42.757400497512435,1,-12.336857081197628,0.2507315988632659,1.6813799164983327,-0.941453137128943,0.46577673052769686,0.09409897671958206,0.3852011362163161,-0.20001683125208378,-0.4599255417617558,-0.03831539199508613,-0.36584360110079883,0.3422288515118263
992,1d21af68ed5d1246e5099100f49097a4,BTC|Kraken|1778164140|1778168640,BTC,Kraken,sell,MEAN_REVERSION_CHOP|BTC|Kraken|sell,3,4,1778164140.0,75.0,42.757400497512435,1,-13.99227318249634,-2.018181464768368,-0.3133541512284169,-0.030246840150070408,0.29363588300775106,-0.1290029210215409,-0.36482361780280925,-0.46682845682162455,-0.5572271699036251,-0.12715643539187285,0.2454185425391997,-0.4233821354994068
993,2ad9c23639cad04cd23b12e87067e8ab,BTC|Kraken|1778174940|1778179440,BTC,Kraken,buy,MEAN_REVERSION_CHOP|BTC|Kraken|buy,0,3,1778174940.0,75.0,44.28547717477939,2,-15.03392662682919,2.1113494611225008,-0.30057860481541787,-1.510848569008586,-0.39187522220475596,0.6415181725677693,-0.03652943449680059,0.3791471706623985,-0.04414445245828345,-0.27051354570924274,0.33783691599383997,-0.3301987537449669
994,4c02a5db3c6937243f13518728b5e20b,BTC|Kraken|1778174940|1778179440,BTC,Kraken,buy,MEAN_REVERSION_CHOP|BTC|Kraken|buy,1,3,1778174940.0,75.0,44.28547717477939,2,-16.892931811839745,0.6344783497528548,1.2421472170455037,-0.4151525028056647,-0.3598783305785283,-0.006509456307410851,-0.5404375376453991,-0.04663899271934701,-0.19339749404329973,0.122352838975427,0.29019927201764245,-0.3851266776967201
995,52561144d1776edd8707f7d7658c82ee,BTC|Kraken|1778174940|1778179440,BTC,Kraken,buy,MEAN_REVERSION_CHOP|BTC|Kraken|buy,2,3,1778174940.0,75.0,44.28547717477939,2,-15.23872969233604,1.4162577711737894,2.3414945626446646,-0.6144472024182178,0.1857953967521668,0.254851365865739,0.24539639981899083,0.385296440401436,-0.13133635631842333,0.00965429457701427,-0.03984240861606856,0.10123447011677834
996,09644c9145c7e623090b0514e9c8cd41,BTC|Kraken|1778225340|1778232540,BTC,Kraken,buy,BASIS_DISLOCATION|BTC|Kraken|buy,0,4,1778225340.0,120.0,61.801208745219725,3,-15.325080355472226,0.010127352060146082,0.19045237134145615,1.18867485368885,0.5516920039482514,-0.2717073998944324,-0.4153984866823017,-0.21215375590109695,0.31515565607393464,-0.19029822326950857,-0.020629984903469335,0.0870164829960591
997,c247559f927b46718fa062f4c5121c37,BTC|Kraken|1778225340|1778232540,BTC,Kraken,buy,BASIS_DISLOCATION|BTC|Kraken|buy,1,4,1778225340.0,120.0,61.801208745219725,3,-15.50968165698802,2.3686965006088023,-0.8276610716528628,1.1231770409377975,0.3289336716031593,-0.022121339686804957,-0.09040951887570303,0.04963582814434789,0.14550922600797983,0.21161833078308936,0.46457332204024687,0.48243907530149954
998,08cd266a26270975d479203f31203daa,BTC|Kraken|1778225340|1778232540,BTC,Kraken,buy,BASIS_DISLOCATION|BTC|Kraken|buy,2,4,1778225340.0,120.0,61.801208745219725,3,-15.475898408744563,3.55320738847713,0.05321667468084613,1.688506313386557,-1.2083173465900419,-0.6950643515247172,0.2322498829137082,0.2589103591489002,0.0754106476288484,0.28638449036190167,-0.5866761703569906,-0.008073279235442953
999,2f7c42e6267645dfff8e1a91a04169e4,BTC|Kraken|1778225340|1778232540,BTC,Kraken,buy,BASIS_DISLOCATION|BTC|Kraken|buy,3,4,1778225340.0,120.0,61.801208745219725,3,-15.278080385603925,5.830204730252306,1.0652674735808179,-1.8455783155760468,-0.2164120933965698,0.1004368915247408,-0.20363965739764212,0.16949966018392984,0.54653707182002,0.009922664391222078,0.1690117229292641,0.3263915419557675
1000,1ecfb658acef49380186ee6777cd2365,BTC|Kraken|1778226240|1778232540,BTC,Kraken,buy,BASIS_DISLOCATION|BTC|Kraken|buy,0,2,1778226240.0,105.0,32.87115944433514,4,-15.480042738242622,3.601850827315367,0.015560029886144277,1.4318537816384629,-0.9591025531617745,-0.9401085759232165,0.4651650172323048,-0.2047129115363119,-0.3862311260370629,-0.09825748401350336,-0.37730721484933855,-0.24211521369026712
1001,077c7c1400bd58f24d94b7e0c0a6aa22,BTC|Kraken|1778226240|1778232540,BTC,Kraken,buy,BASIS_DISLOCATION|BTC|Kraken|buy,1,2,1778226240.0,105.0,32.87115944433514,4,-15.278080385603925,5.830204730252306,1.0652674735808179,-1.8455783155760468,-0.2164120933965698,0.1004368915247408,-0.20363965739764212,0.16949966018392984,0.54653707182002,0.009922664391222078,0.1690117229292641,0.3263915419557675
1002,7e17adde24e03e8af93e36f6a175d0f5,BTC|Kraken|1778245140|1778248740,BTC,Kraken,sell,BASIS_DISLOCATION|BTC|Kraken|sell,0,2,1778245140.0,60.0,36.908330416740306,3,-15.175170586127278,0.16970756038429363,0.21628341311099805,-0.7963260603638463,-0.7914266997328075,-0.2616815857488102,-0.17655981794329223,0.13518111269011435,-0.28805983785494843,0.5071418910269584,-0.286136130854481,-0.39627367762396654
1003,fbf24ca413fa79d92f8ebccae4751024,BTC|Kraken|1778245140|1778248740,BTC,Kraken,sell,BASIS_DISLOCATION|BTC|Kraken|sell,1,2,1778245140.0,60.0,36.908330416740306,3,-14.023286472248659,-0.2893151113072691,3.7370041205320446,-0.07341962419623908,0.3997642841124061,0.01810589222123703,0.5472674871024809,-0.08836484809529402,0.017435241789787177,-0.0668150548360516,0.028962743644521508,0.31956977826156474
1004,50aca5ae9a550c0c859d91a89901b89b,BTC|Kraken|1778260440|1778265840,BTC,Kraken,buy,BASIS_DISLOCATION|BTC|Kraken|buy,0,3,1778260440.0,90.0,30.63420323114445,1,-17.20936239391429,0.2066815411269039,2.456498158065002,0.883758019622551,0.20837447622942096,0.060893361349210605,-0.09055945936703302,0.24301007186262344,0.1582959277781666,-0.13949404305779656,0.40492499536867554,-0.11755048040535047
1005,5a7af375e9d5d4b054eda833f8cccc3d,BTC|Kraken|1778260440|1778265840,BTC,Kraken,buy,BASIS_DISLOCATION|BTC|Kraken|buy,1,3,1778260440.0,90.0,30.63420323114445,1,-15.318745315241838,4.007694153481298,-0.5342541152970383,1.1810735154024485,-0.840576500870927,-0.1967443757490878,0.07206472408223694,-0.5249298367347107,0.22861325237435282,0.09508309559090765,-0.13140738942239377,-0.40429543209719665
1006,700319fed969c8a0ece1e4ac4c694d10,BTC|Kraken|1778260440|1778265840,BTC,Kraken,buy,BASIS_DISLOCATION|BTC|Kraken|buy,2,3,1778260440.0,90.0,30.63420323114445,1,-22.06127928815407,-0.8185617143450516,-0.5457935531781472,-0.25145787722521185,0.05941766966935237,0.359811096955382,0.29562888568298534,0.24429888610920344,0.4053212381685759,0.007117410621874498,-0.20613791889861835,-0.10683163042438254
1007,15064f96c684c4c5cb27667558c32fe9,BTC|Kraken|1778248740|1778252340,BTC,Kraken,buy,MEAN_REVERSION_CHOP|BTC|Kraken|buy,0,2,1778248740.0,60.0,51.81417335096666,2,-15.283140647678106,4.956271198733086,0.37230741099102865,2.2535751736310647,-0.24425324151500344,0.6482694665423009,-0.4458894337368389,0.0986008886439663,0.40966297317656675,-0.07946253340086303,0.26064343900430526,-0.23369304763053445
1008,96eba670d51a220a76cdb33cf966bb47,BTC|Kraken|1778248740|1778252340,BTC,Kraken,buy,MEAN_REVERSION_CHOP|BTC|Kraken|buy,1,2,1778248740.0,60.0,51.81417335096666,2,-15.574784042714969,3.8967961473458472,-0.6687285946429087,-1.2117916662120116,-1.0499441855814864,-0.7919941011022911,-0.3527413316088829,-0.1761352038907967,0.030102839491249287,0.19521536964978817,0.34789565659994737,0.0671330423108576
1009,c148fb2fa8abe8c15a5d2ce4428100b1,BTC|Kraken|1778339640|1778352240,BTC,Kraken,buy,BASIS_DISLOCATION|BTC|Kraken|buy,0,9,1778339640.0,210.0,66.95116662701122,1,-15.418027664930106,-0.5697872511332824,-0.6898413124897298,0.9724353239527518,-0.36943595115523764,0.4394208901796648,-0.06075384977407663,0.41530796622770455,0.4262945220944799,0.05365093667927312,0.31553536792941433,-0.2630124537574673
1010,ce1984421d93318cc1cdf4bbfdada497,BTC|Kraken|1778339640|1778352240,BTC,Kraken,buy,BASIS_DISLOCATION|BTC|Kraken|buy,1,9,1778339640.0,210.0,66.95116662701122,1,-15.358434413937488,0.3469359320807311,-0.15133578954373136,0.017333434978845385,-1.6338000810083506,-0.5232552602577786,0.19139906812718843,-0.21279970951020882,0.05099460102844569,0.058236116119692885,0.3475449099726471,0.4922171085307691
1011,84319a045f1ebb211250893ad9ba6dec,BTC|Kraken|1778339640|1778352240,BTC,Kraken,buy,BASIS_DISLOCATION|BTC|Kraken|buy,2,9,1778339640.0,210.0,66.95116662701122,1,-15.899086113865835,-0.1996632203635323,-0.5200512200108,-0.03673615179542577,0.6314084826770655,-0.36589741226188266,-0.08669201289142597,0.31113434879660984,-0.2678255768440138,0.11454362647049773,-0.27936975642287276,-0.05487559883980927
1012,bdb07e9ca3be2dffd2689b59d49ea97e,BTC|Kraken|1778339640|1778352240,BTC,Kraken,buy,BASIS_DISLOCATION|BTC|Kraken|buy,3,9,1778339640.0,210.0,66.95116662701122,1,-15.335495085690251,-0.7000732548723433,-0.3576713089732853,-0.12259971689084138,0.0034373374234252054,0.282527205779767,-0.23223116175137634,0.15322579683148654,-0.2709775166302597,-0.012609761696448006,0.36140616033362705,-0.2083381622209944
1013,073648289a3c5afdd3e24c92704473de,BTC|Kraken|1778339640|1778352240,BTC,Kraken,buy,BASIS_DISLOCATION|BTC|Kraken|buy,4,9,1778339640.0,210.0,66.95116662701122,1,-15.571183337310133,-0.09866242709274559,-0.5406958953940457,0.46130917925429354,0.6335273399159569,-0.24416112998520778,0.5162587732263445,0.4273454387146712,0.015351699433153674,0.4342895357790851,-0.055579930535319025,-0.08708214480990698
1014,c0a7c9787c77737bd00e4d85d06a8c01,BTC|Kraken|1778339640|1778352240,BTC,Kraken,buy,BASIS_DISLOCATION|BTC|Kraken|buy,5,9,1778339640.0,210.0,66.95116662701122,1,-15.437277293845064,1.7696052473754311,-0.5154605192773798,-0.18854780713431638,-0.9439134021735904,-0.5752223265611606,-0.36517516249260357,-0.5262874397153232,-0.1682719804305855,0.26205579330004247,-0.32615944004508934,-0.3395020515580009
1015,327652320dcf0914dd57184563e64ad1,BTC|Kraken|1778339640|1778352240,BTC,Kraken,buy,BASIS_DISLOCATION|BTC|Kraken|buy,6,9,1778339640.0,210.0,66.95116662701122,1,-14.63595400807144,0.4775856308080959,-0.5563562517851703,0.6855523988015019,0.537105865643524,-0.05480355888981608,0.5196032131035511,-0.06954506152338912,0.37463355064767917,0.03271021907170932,0.12335668908907935,0.16658960398822004
1016,c4cd15a71f3d840a86c7d1fe135a7265,BTC|Kraken|1778339640|1778352240,BTC,Kraken,buy,BASIS_DISLOCATION|BTC|Kraken|buy,7,9,1778339640.0,210.0,66.95116662701122,1,-17.485581134208957,3.4507259981165754,2.7364172551105623,2.4585308670957957,0.7216062868062523,-0.34112483005557204,0.03649110288201884,0.2622638799084331,-0.002605031380950494,0.03325864860224828,0.1720565528974524,0.018415140707202984
1017,c3bbd48925383d79354f45be45dc0254,BTC|Kraken|1778339640|1778352240,BTC,Kraken,buy,BASIS_DISLOCATION|BTC|Kraken|buy,8,9,1778339640.0,210.0,66.95116662701122,1,-15.257473205199748,-0.7103151359141694,-0.6306590572761075,-0.45785972413023746,0.5077772319708244,-0.09670825792928087,0.20485503915221276,0.13882219186626557,-0.28082562090594076,0.24609712410689488,0.14785037096653225,0.34044764096720176
1018,13754a5d20f37313f84d048fe13d1d0a,BTC|Kraken|1778339640|1778345940,BTC,Kraken,buy,NEWS_BREAKOUT|BTC|Kraken|buy,0,4,1778339640.0,105.0,31.252547451738916,3,-15.418027664930106,-0.5697872511332824,-0.6898413124897298,0.9724353239527518,-0.36943595115523764,0.4394208901796648,-0.06075384977407663,0.41530796622770455,0.4262945220944799,0.05365093667927312,0.31553536792941433,-0.2630124537574673
1019,9774e16ee13ec4c0deb377f7eb17e5a7,BTC|Kraken|1778339640|1778345940,BTC,Kraken,buy,NEWS_BREAKOUT|BTC|Kraken|buy,1,4,1778339640.0,105.0,31.252547451738916,3,-15.358434413937488,0.3469359320807311,-0.15133578954373136,0.017333434978845385,-1.6338000810083506,-0.5232552602577786,0.19139906812718843,-0.21279970951020882,0.05099460102844569,0.058236116119692885,0.3475449099726471,0.4922171085307691
1020,000503ef1d18cf46d96c50d5cbe48afb,BTC|Kraken|1778339640|1778345940,BTC,Kraken,buy,NEWS_BREAKOUT|BTC|Kraken|buy,2,4,1778339640.0,105.0,31.252547451738916,3,-15.828276435613228,0.17255175278478496,-0.42470146127632485,0.03518811295640588,0.5353394055480368,-0.11771514439159698,-0.16137164602214651,-0.10988060855061688,-0.3565327065258488,0.3978015807600842,0.08185306303853858,0.08210261451810401
1021,1b5006cfaffd7c989558517469497862,BTC|Kraken|1778339640|1778345940,BTC,Kraken,buy,NEWS_BREAKOUT|BTC|Kraken|buy,3,4,1778339640.0,105.0,31.252547451738916,3,-15.484890091292222,-0.7291368526283414,2.641239181229019,0.25625906374390295,-0.13810735509236297,0.15800191212386813,0.2911224699619067,0.14341630912207906,0.009047236128015463,-0.21669045808881077,-0.18030563471631364,-0.2594027730961874
1022,c8eca683ec00f0c0ad9414b02bc2abe5,BTC|Kraken|1778450340|1778455740,BTC,Kraken,buy,BASIS_DISLOCATION|BTC|Kraken|buy,0,5,1778450340.0,90.0,174.05789632771436,3,-15.570362973550681,-0.27145028638682633,-0.8601601233327254,0.5747365958146284,-0.10567115829489433,0.28860456062699397,-0.1745803904331472,0.6034295056611052,0.14973782047900638,0.23192347310122027,0.43029704007936914,-0.03705422933513812
1023,17809d14c3c07d005b5d03f90190df22,BTC|Kraken|1778450340|1778455740,BTC,Kraken,buy,BASIS_DISLOCATION|BTC|Kraken|buy,1,5,1778450340.0,90.0,174.05789632771436,3,-18.6130694151478,-0.5348362147189745,-0.5018184330843074,1.0434769771188632,0.5040247350612905,-0.33560108410625766,-0.49885499748673934,-0.2346074863687075,0.2816888452443057,-0.4426255442683767,0.2673140354474537,-0.09037568201209308
1024,0787230035dcfb104a2876527966b1d4,BTC|Kraken|1778450340|1778455740,BTC,Kraken,buy,BASIS_DISLOCATION|BTC|Kraken|buy,2,5,1778450340.0,90.0,174.05789632771436,3,-15.406989273445935,-1.0289468619729132,0.8624549469359338,0.2601990671653858,0.4824847410464992,-0.10577089032971838,0.3673041478391594,0.18723166642884284,-0.15950419361248944,0.08880984885546223,0.0008529570049373045,0.23820480689530796
1025,fcb0b6835c267f6c90a2999a36b8f11e,BTC|Kraken|1778450340|1778455740,BTC,Kraken,buy,BASIS_DISLOCATION|BTC|Kraken|buy,3,5,1778450340.0,90.0,174.05789632771436,3,-15.064063033423798,-1.009514714820411,0.9125093690897843,0.5735855980489417,0.21429696508154275,0.19925034261182695,0.25802025487695457,-0.703826056568409,-0.36718266074378625,-0.3396550209995697,-0.013206658545576745,0.19640825314836152
1026,f3c3d5183e189a899de502c1455a8e24,BTC|Kraken|1778450340|1778455740,BTC,Kraken,buy,BASIS_DISLOCATION|BTC|Kraken|buy,4,5,1778450340.0,90.0,174.05789632771436,3,-15.261856824067863,-0.44600974713074276,0.4257259464310801,-1.042808357849872,0.4935680603872661,-0.18965913636323772,-0.0011385562505765127,-0.12532596051715397,-0.23653447414074272,-0.048274506772075385,0.39387296341797207,-0.5289124816318511
1027,ee5b7ffb1606d2e3f469bd03de83f254,BTC|Kraken|1778451240|1778455740,BTC,Kraken,buy,BASIS_DISLOCATION|BTC|Kraken|buy,0,4,1778451240.0,75.0,100.5063444675375,4,-18.08757713128914,0.33672065817523733,3.3770933993944654,1.5028946210661225,0.34013422248859454,-0.05179790812095417,-0.20723055080327538,0.1458859241662596,-0.2526055967551972,-0.16611401573317305,-0.44843288509041906,-0.21086737781543802
1028,6c99fb04878531f9017fe98b817db36e,BTC|Kraken|1778451240|1778455740,BTC,Kraken,buy,BASIS_DISLOCATION|BTC|Kraken|buy,1,4,1778451240.0,75.0,100.5063444675375,4,-15.24160881821168,-0.21164870456368934,-0.7174684350772994,-0.03634267598830648,0.191449585179906,0.35897987795856945,0.5563319885031532,0.015346944743925948,-0.08837957340838938,0.27278226045690435,0.20209958447479925,0.40114517949750833
1029,44d9014274a2970a90953141c1afb125,BTC|Kraken|1778451240|1778455740,BTC,Kraken,buy,BASIS_DISLOCATION|BTC|Kraken|buy,2,4,1778451240.0,75.0,100.5063444675375,4,-15.14439787973955,-1.1307385179169205,1.0141386887875707,0.48455923945287466,-0.007746028290299323,0.44155982209032074,0.13354999836150985,-0.04889856755037157,-0.28664033995816957,-0.20982958249757427,-0.277836223005145,0.10267615695649013
1030,68a5228b4b93712ac16304fd7ead0994,BTC|Kraken|1778451240|1778455740,BTC,Kraken,buy,BASIS_DISLOCATION|BTC|Kraken|buy,3,4,1778451240.0,75.0,100.5063444675375,4,-15.261856824067863,-0.44600974713074276,0.4257259464310801,-1.042808357849872,0.4935680603872661,-0.18965913636323772,-0.0011385562505765127,-0.12532596051715397,-0.23653447414074272,-0.048274506772075385,0.39387296341797207,-0.5289124816318511
1031,001375d9327f2636041386f113be755c,BTC|Kraken|1778456640|1778460540,BTC,Kraken,sell,BASIS_DISLOCATION|BTC|Kraken|sell,0,2,1778456640.0,65.0,83.27884960974426,3,-14.849380268361225,-0.2568572323592507,1.4841548785645469,-0.22649159370840444,-0.8450729937637543,-0.7815376017451545,0.026716858680632536,0.19641498893622222,-0.2371268203696359,0.379453860133695,-0.2840050204160156,-0.2837658459115427
1032,9cd37ce7af3ff925bdca946ca0e6166a,BTC|Kraken|1778456640|1778460540,BTC,Kraken,sell,BASIS_DISLOCATION|BTC|Kraken|sell,1,2,1778456640.0,65.0,83.27884960974426,3,-15.29004367191761,-0.31885215294974373,-0.5411634231203688,0.22168718926578887,-0.25918890398452515,0.10038757602019796,-0.25965347225838614,0.5061447070160988,-0.20863621446912967,0.007258985133534626,0.1443370462369047,0.2280648247843342
1033,53ceee5fcf03ad4f00e56bcae09ee53d,BTC|Kraken|1778443140|1778448540,BTC,Kraken,sell,LIQUIDITY_SQUEEZE|BTC|Kraken|sell,0,5,1778443140.0,90.0,62.14317655239176,3,-15.60749387507329,0.4759030441248328,-0.25474190720115397,-1.512502571593204,0.33111764953190415,0.21763881455708411,-0.2974329347253041,0.06227145760009379,-0.019479024112540967,-0.04741729538247216,-0.09046798978621162,0.47184987009896096
1034,6de78683040b215b22c233169b9f3b5b,BTC|Kraken|1778443140|1778448540,BTC,Kraken,sell,LIQUIDITY_SQUEEZE|BTC|Kraken|sell,1,5,1778443140.0,90.0,62.14317655239176,3,-11.424037684606697,-0.1130545656385265,-0.18272688451378669,-0.08950751122667666,0.456964404391341,-0.06381188041479217,-0.18108470778120817,0.10723923157016037,0.3949429052640171,-0.14999647739929625,-0.3215076974302614,0.3397150362643547
1035,a68a9a524776f3b1766a2d57bf68c3da,BTC|Kraken|1778443140|1778448540,BTC,Kraken,sell,LIQUIDITY_SQUEEZE|BTC|Kraken|sell,2,5,1778443140.0,90.0,62.14317655239176,3,-12.69940967043132,0.020718365030438102,1.4037710162188723,0.8302605962848577,0.6161052933429171,-0.47017938040612245,-0.4877410056298006,0.3613057831773363,-0.5578834687610146,0.2770701611640656,0.1237409232945864,-0.10099023107828417
1036,b8b317a102647dd9b12161f0d7417027,BTC|Kraken|1778443140|1778448540,BTC,Kraken,sell,LIQUIDITY_SQUEEZE|BTC|Kraken|sell,3,5,1778443140.0,90.0,62.14317655239176,3,-15.735322174083384,-0.408992683074684,0.9426374099752606,0.6429429741405392,0.5712724832689076,-0.31868995956588164,-0.0017891977274652096,0.06286657693884126,0.1464402558335105,-0.14881054643682373,0.030243118886471215,-0.5163149282094833
1037,a3bff3b424ee53233bac7b232d6ab656,BTC|Kraken|1778443140|1778448540,BTC,Kraken,sell,LIQUIDITY_SQUEEZE|BTC|Kraken|sell,4,5,1778443140.0,90.0,62.14317655239176,3,-14.902909733498275,-0.9597621638862469,-0.7431647156763431,-0.15797994897269563,0.03791136069666899,0.28548005890948325,0.29537939233071564,0.19219380592965324,-0.17756595730432315,-0.49794607485874465,-0.2807382620106999,0.02923370559566256
1038,794c16f04d9c6568ab1b5a91a2767553,BTC|Kraken|1778452140|1778455740,BTC,Kraken,buy,LIQUIDITY_SQUEEZE|BTC|Kraken|buy,0,3,1778452140.0,60.0,75.91575439857675,3,-16.991519088429577,2.639507781042783,-0.562814868349999,1.968054680967268,0.6417794484571197,-0.20965544798369723,-0.6005322023605877,-0.3211695159696466,-0.22264904279338846,0.10718194626882878,-0.03324411184788808,0.14221594181790304
1039,fbc8a87aedb962b55f440e307884109f,BTC|Kraken|1778452140|1778455740,BTC,Kraken,buy,LIQUIDITY_SQUEEZE|BTC|Kraken|buy,1,3,1778452140.0,60.0,75.91575439857675,3,-15.248395760888823,-1.239453844194284,1.3345408424302572,0.244946422512437,-1.055965749538785,0.4568781895739745,0.24704362247397063,0.458861376409475,-0.27868750526979374,0.3044220709753361,0.02211094478030117,-0.13501944211177855
1040,da2b1421f4630f01ab9e94b07b9b59e7,BTC|Kraken|1778452140|1778455740,BTC,Kraken,buy,LIQUIDITY_SQUEEZE|BTC|Kraken|buy,2,3,1778452140.0,60.0,75.91575439857675,3,-15.261856824067863,-0.44600974713074276,0.4257259464310801,-1.042808357849872,0.4935680603872661,-0.18965913636323772,-0.0011385562505765127,-0.12532596051715397,-0.23653447414074272,-0.048274506772075385,0.39387296341797207,-0.5289124816318511
1041,a4da2f993cb761afdd7408ba087d5506,BTC|Kraken|1778457540|1778460540,BTC,Kraken,sell,LIQUIDITY_SQUEEZE|BTC|Kraken|sell,0,2,1778457540.0,50.0,61.01198342983881,2,-14.701760221144761,-0.5956026245960392,1.8156884487910234,0.07579350193720516,-0.12957740335409396,0.5762719191072598,0.1977114976182426,-0.3033192299053379,-0.4398728477010336,-0.0797121524562813,0.10758390158581835,0.049710900622810104
1042,bf9aac9d6f8ebf34ad1e4d46f3e28678,BTC|Kraken|1778457540|1778460540,BTC,Kraken,sell,LIQUIDITY_SQUEEZE|BTC|Kraken|sell,1,2,1778457540.0,50.0,61.01198342983881,2,-15.29004367191761,-0.31885215294974373,-0.5411634231203688,0.22168718926578887,-0.25918890398452515,0.10038757602019796,-0.25965347225838614,0.5061447070160988,-0.20863621446912967,0.007258985133534626,0.1443370462369047,0.2280648247843342
1043,c2d392b6c154f46ffce44424186378bd,BTC|Kraken|1778464740|1778473740,BTC,Kraken,sell,BASIS_DISLOCATION|BTC|Kraken|sell,0,3,1778464740.0,150.0,85.07420610236676,3,-15.095514364914731,6.943462438560214,-0.5108275204653857,-2.316772146817925,-0.9706570277061224,-0.7455322629224259,0.3324927467646272,-0.3858428503042642,0.009199616002152147,-0.04491224265220108,-0.32758123249506044,-0.2626684130063985
1044,b2130a9f0b4b81fba36db8a89565707f,BTC|Kraken|1778464740|1778473740,BTC,Kraken,sell,BASIS_DISLOCATION|BTC|Kraken|sell,1,3,1778464740.0,150.0,85.07420610236676,3,-15.363254896758047,-1.161505102570091,-0.32017644591689454,-0.5658388588079808,0.16768763511372092,0.29213451443932675,-0.48624502282563825,-0.4870428464991643,0.15355326676390652,-0.20548170435799848,-0.13093315702825048,-0.05745981258784164
1045,9ab53c24d116df416206d6fe8ca0e632,BTC|Kraken|1778464740|1778473740,BTC,Kraken,sell,BASIS_DISLOCATION|BTC|Kraken|sell,2,3,1778464740.0,150.0,85.07420610236676,3,-15.579472952697754,-0.16344941598055832,-0.32484454798051676,0.0060341456026499025,0.2660726237577907,0.4099628176151755,0.22540875700006674,-0.4407067322887201,0.49805560170552854,0.26824406546941193,-0.011034594809137807,-0.3838107037115531
1046,2a90b95d19328d687c995f0820607a33,BTC|Kraken|1778465640|1778473740,BTC,Kraken,sell,BASIS_DISLOCATION|BTC|Kraken|sell,0,2,1778465640.0,135.0,68.81748748041485,3,-15.255178661796087,7.36909267035475,0.18710141079427403,-2.493101197597191,-0.29507159395086663,-0.33228106773635746,0.5845866791291505,0.25313176122858577,-0.32996906146496024,-0.2880147971593806,-0.12471238168684415,0.28698913202706006
1047,be4db36643a729982080f6fb62f6f23a,BTC|Kraken|1778465640|1778473740,BTC,Kraken,sell,BASIS_DISLOCATION|BTC|Kraken|sell,1,2,1778465640.0,135.0,68.81748748041485,3,-15.365368870860403,34.45598118073647,-0.9528561987830657,-4.812022293643971,0.21654671281670965,-0.9428152905630643,0.5912003720291833,-0.13977925124238696,-0.03135109588808037,-0.219221218949673,0.1733658226201979,-0.07898913491808267
1048,b2260088cc86ccd08f0c45c096990681,BTC|Kraken|1778462940|1778473740,BTC,Kraken,sell,LIQUIDITY_SQUEEZE|BTC|Kraken|sell,0,4,1778462940.0,180.0,99.94491207738606,2,-15.235910427346372,-0.8546534433676218,0.006689849910035508,-0.15946489180503323,0.11435521491301456,0.4144379581329472,0.012972358914115302,-0.007763464518310111,-0.27908617259103563,0.1937005881986003,-0.09371948256389917,-0.05303101207058589
1049,63846393abb93746dd6ef8a83a5f232b,BTC|Kraken|1778462940|1778473740,BTC,Kraken,sell,LIQUIDITY_SQUEEZE|BTC|Kraken|sell,1,4,1778462940.0,180.0,99.94491207738606,2,-15.09018149363499,6.982912513643103,-0.516555456522318,-2.2442797342922494,-1.1673204900232472,-0.8379807908145182,0.18465846532776284,-0.7281290162390737,-0.1646109855483775,0.12215451111200025,-0.16465061485063,-0.11571001314311036
1050,39b0dcd0272c9baa54e4336ee5e97be8,BTC|Kraken|1778462940|1778473740,BTC,Kraken,sell,LIQUIDITY_SQUEEZE|BTC|Kraken|sell,2,4,1778462940.0,180.0,99.94491207738606,2,-15.363254896758047,-1.161505102570091,-0.32017644591689454,-0.5658388588079808,0.16768763511372092,0.29213451443932675,-0.48624502282563825,-0.4870428464991643,0.15355326676390652,-0.20548170435799848,-0.13093315702825048,-0.05745981258784164
1051,ef4438dbc4d15388a7f324ed90a4e28e,BTC|Kraken|1778462940|1778473740,BTC,Kraken,sell,LIQUIDITY_SQUEEZE|BTC|Kraken|sell,3,4,1778462940.0,180.0,99.94491207738606,2,-15.579472952697754,-0.16344941598055832,-0.32484454798051676,0.0060341456026499025,0.2660726237577907,0.4099628176151755,0.22540875700006674,-0.4407067322887201,0.49805560170552854,0.26824406546941193,-0.011034594809137807,-0.3838107037115531
1052,da7731af3eba3b523ed96fc8247bc1ef,BTC|Kraken|1778468160|1778473740,BTC,Kraken,sell,LIQUIDITY_SQUEEZE|BTC|Kraken|sell,0,2,1778468160.0,93.0,47.19974666115055,3,-15.366852680625675,15.827698753722286,-0.5285335076952414,-3.7797576393363546,0.7529194140913722,0.5462915292935234,-0.3156921295726628,0.22047020469601739,0.09046618169550856,0.049581472124873634,-0.18946354206637883,-0.041785443914171466
1053,8511b0660f84811b0ee4fa7f3520beb1,BTC|Kraken|1778468160|1778473740,BTC,Kraken,sell,LIQUIDITY_SQUEEZE|BTC|Kraken|sell,1,2,1778468160.0,93.0,47.19974666115055,3,-15.579472952697754,-0.16344941598055832,-0.32484454798051676,0.0060341456026499025,0.2660726237577907,0.4099628176151755,0.22540875700006674,-0.4407067322887201,0.49805560170552854,0.26824406546941193,-0.011034594809137807,-0.3838107037115531
1054,204af8a49005986167272506ad3d1950,BTC|Kraken|1778160240|1778162040,BTC,Kraken,sell,BASIS_DISLOCATION|BTC|Kraken|sell,0,1,1778160240.0,30.0,64.10366482204896,3,-13.822637562465516,0.8626911779079783,-0.7378237596824734,0.6018317868791924,-0.6462588194112701,-0.3958590302644715,0.10136905617599375,-0.005481100285759994,-0.0739030582704209,-0.26211920159582675,0.42714437410064005,-0.03147335697534287
1055,4dd61033554e4fcf54608a3f68d89847,BTC|Kraken|1778160540|1778162040,BTC,Kraken,sell,BASIS_DISLOCATION|BTC|Kraken|sell,0,1,1778160540.0,25.0,46.210217046774716,3,-13.588812352144705,0.6068230258756202,-0.8230370731112315,0.6097766288456115,-0.41186525592508383,0.333469103202517,-0.00218711805751708,-0.08994445732969895,-0.28761675916237267,-0.30414714576277735,-0.10754400628689324,0.03802327366192094
1056,29a221c9238a168e7c17eed32a6c986b,BTC|Kraken|1778163240|1778166540,BTC,Kraken,sell,LIQUIDITY_SQUEEZE|BTC|Kraken|sell,0,2,1778163240.0,55.0,42.37194965103486,1,-13.473771930173461,-0.8583995544967171,0.964142315153722,0.2669346818185483,-0.9672327834568774,0.320429657313603,-0.44145183318568015,0.03833253549761573,0.3215170219866155,-0.06026738769820381,-0.16737727398581428,0.20454643173122378
1057,8823ab65161857cdfb09691b6a6ac652,BTC|Kraken|1778163240|1778166540,BTC,Kraken,sell,LIQUIDITY_SQUEEZE|BTC|Kraken|sell,1,2,1778163240.0,55.0,42.37194965103486,1,-15.1485716060427,-1.3208545877302258,4.003557809732753,0.3623960827911718,-0.37359791147539856,0.15202160683336088,-0.3276239072197374,0.3167419028945749,-0.4333756597664251,0.5729713803567378,0.21582682564888675,-0.16921458524316624
1058,37b78d17539b759f8c97e1b2240f1c47,BTC|Kraken|1778175240|1778179740,BTC,Kraken,buy,LIQUIDITY_SQUEEZE|BTC|Kraken|buy,0,3,1778175240.0,75.0,30.52914138674863,1,-15.24157608705141,-1.87518188073613,-0.3578919210389052,-0.5704904822246588,0.21269479980434572,0.08080885471862476,0.09172352964336167,0.2839350431651071,-0.24800848887294027,0.10818627931261271,-0.11185043368370443,0.24521429205236667
1059,1412cbbb188bb8bc56878b34d954b5d5,BTC|Kraken|1778175240|1778179740,BTC,Kraken,buy,LIQUIDITY_SQUEEZE|BTC|Kraken|buy,1,3,1778175240.0,75.0,30.52914138674863,1,-16.892931811839745,0.6344783497528548,1.2421472170455037,-0.4151525028056647,-0.3598783305785283,-0.006509456307410851,-0.5404375376453991,-0.04663899271934701,-0.19339749404329973,0.122352838975427,0.29019927201764245,-0.3851266776967201
1060,a3105b02a59d98a4d65700e77daa1ea5,BTC|Kraken|1778175240|1778179740,BTC,Kraken,buy,LIQUIDITY_SQUEEZE|BTC|Kraken|buy,2,3,1778175240.0,75.0,30.52914138674863,1,-15.221615345503885,1.0489072854738826,-0.8090383418165076,-0.7082456274900205,-0.4573040085231093,0.32003852877542344,0.051724260351460286,0.12739596393689226,0.16728754708462382,0.19819600792166453,0.5648643397661955,-0.18724371481572905
1061,6e502852abdcef3af33fc09a726a2cdc,BTC|Kraken|1778163240|1778165340,BTC,Kraken,sell,MEAN_REVERSION_CHOP|BTC|Kraken|sell,0,1,1778163240.0,35.0,49.15482051210532,2,-13.791956888395276,-1.0186689678332836,0.04775378103299386,0.24556596494084815,-1.1877743578679916,-0.22610886630771718,-0.34811474874868115,0.01317617371803302,0.1530624297688384,-0.2915767941477045,-0.041692052317990884,0.07024205436292302
1062,38d0521bd1b08c87aae7013eca518db7,BTC|Kraken|1778163840|1778165340,BTC,Kraken,sell,MEAN_REVERSION_CHOP|BTC|Kraken|sell,0,1,1778163840.0,25.0,31.347007462483035,1,-13.140685560405664,-1.1184791213423086,-0.13688667953888747,0.40935219501022746,-0.241069885591939,0.5384689385469215,0.15459306370495504,-0.35436250411365927,-0.633637472802763,0.19591571948861572,0.02616507685087536,0.05402127966634455
1063,d45fac253d38960c9e58c6de9d556d5b,BTC|Kraken|1778175240|1778178540,BTC,Kraken,buy,MEAN_REVERSION_CHOP|BTC|Kraken|buy,0,2,1778175240.0,55.0,39.559204544742364,2,-15.24157608705141,-1.87518188073613,-0.3578919210389052,-0.5704904822246588,0.21269479980434572,0.08080885471862476,0.09172352964336167,0.2839350431651071,-0.24800848887294027,0.10818627931261271,-0.11185043368370443,0.24521429205236667
1064,bf491c989f5ee33b2a0bfcb639b1b28f,BTC|Kraken|1778175240|1778178540,BTC,Kraken,buy,MEAN_REVERSION_CHOP|BTC|Kraken|buy,1,2,1778175240.0,55.0,39.559204544742364,2,-16.6054586807983,0.4716208650724761,-0.7026145319309487,-0.34389209091877815,-0.6037597685989157,-0.3676949360324029,-0.013389941756270141,0.3034362261018899,0.036726635887571434,-0.2374978526076763,-0.16764810516695014,0.6504856674361924
1065,2b7a9c7aa98ccaa4977335ccc74d8361,BTC|Kraken|1778225040|1778230740,BTC,Kraken,buy,BASIS_DISLOCATION|BTC|Kraken|buy,0,3,1778225040.0,95.0,64.71258832908245,4,-15.272038735132536,-0.4218333558200735,0.15345761187525303,0.5701157568335342,0.3143069472641631,-0.0958700750690124,-0.5917710087335805,-0.09997526992516594,-0.11353514855327225,-0.46994507491223236,-0.23265745957147746,0.35032096231639426
1066,04b904e435379014b60dba77834c4227,BTC|Kraken|1778225040|1778230740,BTC,Kraken,buy,BASIS_DISLOCATION|BTC|Kraken|buy,1,3,1778225040.0,95.0,64.71258832908245,4,-15.50968165698802,2.3686965006088023,-0.8276610716528628,1.1231770409377975,0.3289336716031593,-0.022121339686804957,-0.09040951887570303,0.04963582814434789,0.14550922600797983,0.21161833078308936,0.46457332204024687,0.48243907530149954
1067,342ce752cc0d76f66402e4d92e33ff67,BTC|Kraken|1778225040|1778230740,BTC,Kraken,buy,BASIS_DISLOCATION|BTC|Kraken|buy,2,3,1778225040.0,95.0,64.71258832908245,4,-15.441876229987372,3.498064553835034,-0.35598819372565793,0.6461646646499064,-0.8454302380856749,-0.831423868045844,0.31774324991007613,0.19903029625475976,0.03260451928412038,0.1994131781606907,-0.5463414694684755,0.13875165119071817
1068,a32a22cc7e57d4bf47c688e9abb69e29,BTC|Kraken|1778225340|1778230740,BTC,Kraken,buy,BASIS_DISLOCATION|BTC|Kraken|buy,0,3,1778225340.0,90.0,58.01046448893323,3,-15.325080355472226,0.010127352060146082,0.19045237134145615,1.18867485368885,0.5516920039482514,-0.2717073998944324,-0.4153984866823017,-0.21215375590109695,0.31515565607393464,-0.19029822326950857,-0.020629984903469335,0.0870164829960591
1069,a87e1261af00ad8326e1c620443af8a8,BTC|Kraken|1778225340|1778230740,BTC,Kraken,buy,BASIS_DISLOCATION|BTC|Kraken|buy,1,3,1778225340.0,90.0,58.01046448893323,3,-15.50968165698802,2.3686965006088023,-0.8276610716528628,1.1231770409377975,0.3289336716031593,-0.022121339686804957,-0.09040951887570303,0.04963582814434789,0.14550922600797983,0.21161833078308936,0.46457332204024687,0.48243907530149954
1070,c7e13118e8042d2e0bc0ca847c9f7c71,BTC|Kraken|1778225340|1778230740,BTC,Kraken,buy,BASIS_DISLOCATION|BTC|Kraken|buy,2,3,1778225340.0,90.0,58.01046448893323,3,-15.441876229987372,3.498064553835034,-0.35598819372565793,0.6461646646499064,-0.8454302380856749,-0.831423868045844,0.31774324991007613,0.19903029625475976,0.03260451928412038,0.1994131781606907,-0.5463414694684755,0.13875165119071817
1071,74304d07175aa81b9902c521a3400530,BTC|Kraken|1778225640|1778230740,BTC,Kraken,buy,BASIS_DISLOCATION|BTC|Kraken|buy,0,3,1778225640.0,85.0,39.40433470773196,4,-15.56964893767269,2.258490973643517,-0.5459752366316922,1.6994353990732478,0.44775911547760044,-0.03045104948659915,0.06600113876117779,0.0037604168409318545,0.10123845291326594,-0.06210199007125707,0.2625246809190697,-0.43954451120406673
1072,2ea7fb68ef047a427f6a6e1574c5da4a,BTC|Kraken|1778225640|1778230740,BTC,Kraken,buy,BASIS_DISLOCATION|BTC|Kraken|buy,1,3,1778225640.0,85.0,39.40433470773196,4,-15.239258329971623,3.0959893067550723,-0.8845433038616398,-1.4606370671428683,0.8791324796173904,-0.4033333602921707,-0.03731140555571605,0.5097297975539947,-0.2942176986231705,0.24680131666911295,0.2111273981033705,0.04102892789381377
1073,2fbdf2d1f8af38c8010c6b1e8b332814,BTC|Kraken|1778225640|1778230740,BTC,Kraken,buy,BASIS_DISLOCATION|BTC|Kraken|buy,2,3,1778225640.0,85.0,39.40433470773196,4,-15.441876229987372,3.498064553835034,-0.35598819372565793,0.6461646646499064,-0.8454302380856749,-0.831423868045844,0.31774324991007613,0.19903029625475976,0.03260451928412038,0.1994131781606907,-0.5463414694684755,0.13875165119071817
1074,ebef0140c8fb5733188217f9acfde707,BTC|Kraken|1778249340|1778250240,BTC,Kraken,buy,BASIS_DISLOCATION|BTC|Kraken|buy,0,1,1778249340.0,15.0,38.739819707219446,4,-15.704884843501082,4.064260447259964,-1.1471397251028748,2.0911510169399894,0.7787123115683655,-0.23572358047502698,0.0470765533122258,-0.07492510343338893,0.3669431175966426,0.20706904357430708,0.07683887175555718,0.028588941712278344
1075,3068f82309cd9a3b0be45ed877ced952,BTC|Kraken|1778248740|1778250540,BTC,Kraken,buy,LIQUIDITY_SQUEEZE|BTC|Kraken|buy,0,1,1778248740.0,30.0,46.1794794535515,1,-15.276674435238776,5.212070513817251,-0.8334141179753084,2.028013451031212,-0.6440017770029407,-0.05967031292964653,-0.14404452855625136,0.3912325058859354,0.1589465832028779,-0.2805121349325584,0.0209785959430476,0.3724867009235679
1076,d5be7647bc81336540ba15db0946860c,BTC|Kraken|1778248740|1778250240,BTC,Kraken,buy,MEAN_REVERSION_CHOP|BTC|Kraken|buy,0,1,1778248740.0,25.0,66.63536835541869,2,-15.262772482847938,4.872301111660639,-0.9041832014133873,2.0456083248674592,-0.26769552792630363,0.4316562550711734,-0.21982123793496722,-0.07669834504756186,-0.08880690698289406,-0.30821436219375165,0.04974504508775715,0.16849537935797843
1077,015ff705544f3c4791b3c24f28f566ad,BTC|Kraken|1778255940|1778258640,BTC,Kraken,sell,MEAN_REVERSION_CHOP|BTC|Kraken|sell,0,2,1778255940.0,45.0,30.532259254845023,1,-15.234293436733722,0.23581498055430647,-0.6246477271437453,0.07442821346235981,-0.1964637725984624,0.34213266517968266,0.3433197358419299,0.6414120048796146,-0.10920440661770787,-0.07687998752149233,0.011474066707621543,0.05742410027812248
1078,ada26c0052596fa684cb891e577af542,BTC|Kraken|1778255940|1778258640,BTC,Kraken,sell,MEAN_REVERSION_CHOP|BTC|Kraken|sell,1,2,1778255940.0,45.0,30.532259254845023,1,-14.77720750952318,1.8639586701208435,4.30591490412773,-0.5862697056157377,0.5285607276036847,-0.0702861112451312,-0.3417679535564741,-0.009671008296277527,0.16217235847229072,-0.260819858953476,-0.11426845475539418,0.38785531557581804
1079,969ebb45aadfe726337a590ec478d5c8,BTC|Kraken|1778426940|1778429940,BTC,Kraken,buy,BASIS_DISLOCATION|BTC|Kraken|buy,0,1,1778426940.0,50.0,37.72260481242273,2,-16.969474613831935,2.8136822256598615,-0.7388982674881875,0.7275060584245796,-0.8759658262207911,-0.8439300353206687,0.48604547330297965,-0.3108310714071654,-0.3163319285630288,-0.08783924993054579,-0.2727575287273677,-0.041182090075910505
1080,93878ec396a3ec0aac9978fbae12c1fa,BTC|Kraken|1778427240|1778429940,BTC,Kraken,buy,BASIS_DISLOCATION|BTC|Kraken|buy,0,1,1778427240.0,45.0,34.147574827046405,2,-17.232064955500984,2.2591982026748942,-0.7137744577412022,0.6693597798106552,-0.9097431179716287,-0.8774786615220812,0.41781612605643265,-0.36142360167310855,-0.3051709604274947,-0.010974026694346094,-0.1833814118309653,0.5625192150280809
1081,eb994722ea548b4abfd8cf30491f2d21,BTC|Kraken|1778450340|1778452740,BTC,Kraken,buy,BASIS_DISLOCATION|BTC|Kraken|buy,0,2,1778450340.0,40.0,135.986393694036,1,-15.570362973550681,-0.27145028638682633,-0.8601601233327254,0.5747365958146284,-0.10567115829489433,0.28860456062699397,-0.1745803904331472,0.6034295056611052,0.14973782047900638,0.23192347310122027,0.43029704007936914,-0.03705422933513812
1082,98e0cfb6eb2da5d48249ab19a5a893dd,BTC|Kraken|1778450340|1778452740,BTC,Kraken,buy,BASIS_DISLOCATION|BTC|Kraken|buy,1,2,1778450340.0,40.0,135.986393694036,1,-18.416221746506178,-0.2602799822909437,-0.595832449145836,1.094571912489029,0.45272000418130415,-0.09041145913741043,-0.4436450090608799,-0.589690761303628,0.022696954948402175,-0.15911968413678115,0.11170802524284013,-0.16489870451171576
1083,b96bc973207bbafbe5359ef24b345fad,BTC|Kraken|1778450640|1778452740,BTC,Kraken,buy,BASIS_DISLOCATION|BTC|Kraken|buy,0,2,1778450640.0,35.0,110.19011323449821,1,-15.59914357709327,-0.5577178193436323,-0.7846987266096951,0.6894738361511377,0.5315821565466993,0.019427961474045217,-0.1493271080143387,-0.14880179424025405,-0.2302956619804435,0.5647980076149807,-0.3705056371326021,0.23581130380909546
1084,48b8ea7287a4b56e044bd81f6beca553,BTC|Kraken|1778450640|1778452740,BTC,Kraken,buy,BASIS_DISLOCATION|BTC|Kraken|buy,1,2,1778450640.0,35.0,110.19011323449821,1,-18.416221746506178,-0.2602799822909437,-0.595832449145836,1.094571912489029,0.45272000418130415,-0.09041145913741043,-0.4436450090608799,-0.589690761303628,0.022696954948402175,-0.15911968413678115,0.11170802524284013,-0.16489870451171576
1085,d834d278c5ad2f68bffecf2463ecc59b,BTC|Kraken|1778450940|1778452740,BTC,Kraken,buy,BASIS_DISLOCATION|BTC|Kraken|buy,0,1,1778450940.0,30.0,77.58999765983843,1,-17.052777350696314,1.566391241930176,-0.6089828102595639,1.5737449312566456,-0.2631586696088205,-0.1841246134519286,0.2666202246845589,0.470562811413022,-0.28510566597086856,0.010030325779509798,0.1699559491499143,0.20247962343535728
1086,a3508808919285f033cf8c93228c951c,BTC|Kraken|1778451540|1778452740,BTC,Kraken,buy,BASIS_DISLOCATION|BTC|Kraken|buy,0,1,1778451540.0,20.0,58.00995695700864,4,-17.86754264058991,0.7399571766933595,-0.622063285572856,1.4420943115485214,0.24368744040387638,-0.008773873506311276,-0.34805860492100543,0.25873936114417817,-0.2935158812131853,-0.15148512674102121,-0.22018724075640075,-0.3454773440176934
1087,c5f15e07f6873724207cc18c7661f49e,BTC|Kraken|1778451840|1778452740,BTC,Kraken,buy,BASIS_DISLOCATION|BTC|Kraken|buy,0,1,1778451840.0,15.0,64.63236157888392,4,-18.297137102720317,-0.5260995325781094,-0.5795596854810657,1.05053616070514,0.5108832330567219,-0.3391430466349882,-0.5178264920250595,-0.23129092211875157,0.25742631100324564,-0.40131953491942124,0.24241050760350705,-0.0943532795819627
1088,cf5f6d72241fb9047b87f4b0fcea2556,BTC|Kraken|1778443740|1778445540,BTC,Kraken,sell,LIQUIDITY_SQUEEZE|BTC|Kraken|sell,0,1,1778443740.0,30.0,41.2234940435846,2,-12.809896478015538,-0.0664384242036354,-0.392628091846527,-0.6677395976802506,-0.5771970069451604,0.01613106579284671,-0.6123538678623907,0.28631885231262355,0.274526126785167,-0.1978762681396453,-0.4988009819591845,0.05082187733192585
1089,b062cb50acb35931ac3651f3e841aea6,BTC|Kraken|1778444940|1778446440,BTC,Kraken,sell,LIQUIDITY_SQUEEZE|BTC|Kraken|sell,0,1,1778444940.0,25.0,56.19680077452331,2,-14.028295363834566,0.6371050151293488,1.7308065577226193,0.6448424539183284,0.13715705284657626,0.2950334238259486,-0.27266787346070526,-0.2011720128368718,0.5115406932423604,0.3620708775669198,-0.35073514087743685,-0.2710694567727517
1090,6c5300caee629a0308a9d40b68592778,BTC|Kraken|1778445540|1778446440,BTC,Kraken,sell,LIQUIDITY_SQUEEZE|BTC|Kraken|sell,0,1,1778445540.0,15.0,40.471616124830675,3,-12.69940967043132,0.020718365030438102,1.4037710162188723,0.8302605962848577,0.6161052933429171,-0.47017938040612245,-0.4877410056298006,0.3613057831773363,-0.5578834687610146,0.2770701611640656,0.1237409232945864,-0.10099023107828417
1091,812e83bf448b371f1bbec8e3db2c5761,BTC|Kraken|1778456940|1778459040,BTC,Kraken,sell,LIQUIDITY_SQUEEZE|BTC|Kraken|sell,0,1,1778456940.0,35.0,55.48703827460545,2,-14.840022630061481,-0.6594533494536378,-0.04997419768019448,-0.038870346776917634,-0.7462766876042277,-0.5870464493060117,-0.033523147305885084,0.06237305305934,-0.27194478385316573,0.1826265451177412,0.027667050928606746,-0.3661899373727652
1092,613d8df89b1545dac5f8c6e9b1db1d0d,BTC|Kraken|1778457540|1778459040,BTC,Kraken,sell,LIQUIDITY_SQUEEZE|BTC|Kraken|sell,0,1,1778457540.0,25.0,39.98362348762055,2,-14.898009828858891,-0.939012862704229,-0.07404383897076296,0.07115417967221237,-0.44791829427002666,0.39618063802762754,-0.5569107900307058,0.2995996664643701,0.15133325963892585,-0.16563802146685233,-0.3803275162285967,-0.10119810051578122
1093,514638c07bf3ef8245941e2254cf498b,BTC|Kraken|1778450340|1778451840,BTC,Kraken,buy,NEWS_BREAKOUT|BTC|Kraken|buy,0,1,1778450340.0,25.0,60.79794508669052,2,-15.743097167686479,0.058390257957494925,-0.8713996110120572,0.5840031470002482,-0.40293465377340754,0.4352746244595668,-0.10264393780294345,0.32638257534712056,-0.3344938670886665,0.5156763185713539,0.13157125342729256,-0.28209708357850627
1094,87c55eba4f39c56f6105dcbf138b3d68,BTC|Kraken|1778450640|1778451840,BTC,Kraken,buy,NEWS_BREAKOUT|BTC|Kraken|buy,0,1,1778450640.0,20.0,35.192865633503864,3,-15.810262810913084,-0.19902481298885372,-0.8372568796093491,0.7458194447867122,0.27883192649595295,0.2752446149586389,-0.3613056937841515,-0.3294344253432681,0.09905256921688443,0.3480686822983363,-0.2083044613409972,-0.12280021591189917
1095,13fba8c0e78fa80355db40ccc4b922f1,ETH|Bybit|1778135340|1778136540,ETH,Bybit,buy,BASIS_DISLOCATION|ETH|Bybit|buy,0,1,1778135340.0,20.0,35.65699796009622,4,-568.3272532137346,-1.1067982086574049,-0.44256225548722017,-0.7685125806294552,0.33054566353360754,0.15004766869677783,-0.5050710127023547,-0.3101970685407819,-0.025528604321496035,-0.3000496092642125,-0.24101162686203018,0.26769734189241123
1096,9ad058c7ff1e79db1ea51decbe0210e1,ETH|Bybit|1778149740|1778156940,ETH,Bybit,buy,BASIS_DISLOCATION|ETH|Bybit|buy,0,6,1778149740.0,120.0,52.177800028242466,1,-181.0967761901797,-1.4259735249945789,-0.4613575321598332,-0.8146905852841734,0.2571473199050209,0.20116267479753713,0.39677053358835435,-0.6505870278595589,-0.5609749711867864,-0.4136145189868329,-0.11364999774179445,0.015399614143101906
1097,835dae9af604b933baefbbf5324a32f0,ETH|Bybit|1778149740|1778156940,ETH,Bybit,buy,BASIS_DISLOCATION|ETH|Bybit|buy,1,6,1778149740.0,120.0,52.177800028242466,1,-80.86014931876846,2.1126803907304814,0.40393629227207906,1.448971012138207,0.523278505148593,0.12325988801429429,0.3703742288946235,-0.33318943086780506,0.18475767132704446,0.15687598105598777,0.4606972417107934,0.39796064259661224
1098,c54cb8443229cd948f58662bf52d10d2,ETH|Bybit|1778149740|1778156940,ETH,Bybit,buy,BASIS_DISLOCATION|ETH|Bybit|buy,2,6,1778149740.0,120.0,52.177800028242466,1,-7.998187550743046,-0.8512247875845261,-0.2143323270777704,-0.16041670948023062,0.6001456894046895,-0.27387271937312396,0.27222977869925624,0.3288470443223976,0.3847929490598541,-0.18162847814158903,0.027311512211975943,0.19124639302883922
1099,e422fa5303a142bfec5bfcced20051df,ETH|Bybit|1778149740|1778156940,ETH,Bybit,buy,BASIS_DISLOCATION|ETH|Bybit|buy,3,6,1778149740.0,120.0,52.177800028242466,1,-19.567741246398253,-1.6938774931213794,-0.6847540467337595,0.06256988950897213,0.38058781111386475,0.09171366446095405,0.08733833230446168,-0.4988799451709497,0.36795995269476056,0.049157508196327276,-0.06652807511635445,0.2910211385925531
1100,94b45511287e8596830d4f43ba7500fe,ETH|Bybit|1778149740|1778156940,ETH,Bybit,buy,BASIS_DISLOCATION|ETH|Bybit|buy,4,6,1778149740.0,120.0,52.177800028242466,1,-184.63801161489914,-0.8681146691932401,-0.6716413998812956,-0.6238986201720019,-0.46906834959378363,0.2943000382984146,-0.6360714346852747,0.2185617735575976,-0.11027101463135831,0.4255753526819093,0.3752691795311321,-0.2321654249939565
1101,cb9672af30e090e51f7cd1da2542769e,ETH|Bybit|1778149740|1778156940,ETH,Bybit,buy,BASIS_DISLOCATION|ETH|Bybit|buy,5,6,1778149740.0,120.0,52.177800028242466,1,-196.77770466485103,-0.027960530100100262,0.7309336664333745,0.08933830726418186,-0.12460285877821023,0.613694311729251,-0.020691320725146334,-0.03036198605155786,-0.07653011752459289,-0.0617551911780153,-0.02342058115170046,-0.35538815206240376
1102,28a6738b48c16a8b9c85b2ca4673afd8,ETH|Bybit|1778140740|1778150640,ETH,Bybit,sell,LIQUIDITY_SQUEEZE|ETH|Bybit|sell,0,6,1778140740.0,165.0,60.06172531674699,1,-2.2586543252754407,-0.6960022135597281,-0.7099618157683413,-0.56171232197934,-1.2207011983451261,-0.657075688516844,0.32718937607334736,-0.4201723078556643,0.2053900931363805,-0.058821886818937866,-0.08802689069785755,-0.06255825808103876
1103,e32e425264882f33f2394a44bdd92418,ETH|Bybit|1778140740|1778150640,ETH,Bybit,sell,LIQUIDITY_SQUEEZE|ETH|Bybit|sell,1,6,1778140740.0,165.0,60.06172531674699,1,-322.88590440886844,-0.46212485609667986,-0.4152663139396502,0.7709335414805873,0.7004570128966506,-0.35993219301949236,-0.057201523168482676,0.33778742912195703,-0.12213935565432464,0.33927508773588655,-0.3862598635685966,-0.028242151154205725
1104,f0007eb247641c781dbf5aadad48a487,ETH|Bybit|1778140740|1778150640,ETH,Bybit,sell,LIQUIDITY_SQUEEZE|ETH|Bybit|sell,2,6,1778140740.0,165.0,60.06172531674699,1,40.54717894013734,-1.7881514615252045,-0.7575370630696288,-0.4789436349982561,-0.0860398409466592,0.5231336124390837,0.08965881443129037,-0.4873138184284745,-0.26336455946153653,0.06546877564359581,0.22659887816095606,-0.08828316997636487
1105,ceef44aabc0c91415f0c66f95a9a1d65,ETH|Bybit|1778140740|1778150640,ETH,Bybit,sell,LIQUIDITY_SQUEEZE|ETH|Bybit|sell,3,6,1778140740.0,165.0,60.06172531674699,1,-79.0719101855204,-0.6098758471886662,3.0358399942900074,0.10419650137141388,0.6425192841589068,-0.3525539290689248,-0.004644485408437714,0.21922343699734262,0.34157232891507683,0.07848932724839267,0.09623550722829789,-0.38608519987092516
1106,2c4e7acc3eaac2298df55402dc2da9fc,ETH|Bybit|1778140740|1778150640,ETH,Bybit,sell,LIQUIDITY_SQUEEZE|ETH|Bybit|sell,4,6,1778140740.0,165.0,60.06172531674699,1,-82.46242375826664,-0.4645486250824258,0.3127390879333233,-0.9387179294800647,-0.8059755951129185,-0.7974712327227303,0.11281001326823234,-0.3955859000046556,0.015531080160351436,0.006698996185277604,-0.11506464726112316,-0.38111465794325916
1107,78c4d16f4f80168dcf6593939c874d8c,ETH|Bybit|1778140740|1778150640,ETH,Bybit,sell,LIQUIDITY_SQUEEZE|ETH|Bybit|sell,5,6,1778140740.0,165.0,60.06172531674699,1,46.20972636715807,2.7027743205378583,-0.8710494240115536,-1.68040596432245,0.3853375760374908,0.16639539837375428,0.10371719882433651,0.3224523857534206,0.06202181228329671,-0.41236701562120043,-0.030119264657607385,-0.22177474518251944
1108,deb243d78d654dff64feb1d620d749ee,ETH|Bybit|1778141640|1778150640,ETH,Bybit,sell,LIQUIDITY_SQUEEZE|ETH|Bybit|sell,0,4,1778141640.0,150.0,47.97186454440629,1,-44.25448569574782,-0.5804444421604618,-0.3975991303838101,-0.222778371706835,-1.0422971246751331,-0.8522745328768364,0.4171765222526055,-0.07170310103647048,-0.09286604813417679,-0.24579749840310441,-0.17361191699579767,0.218374506296417
1109,2373960b22ca6693abec0a41ded7af1a,ETH|Bybit|1778141640|1778150640,ETH,Bybit,sell,LIQUIDITY_SQUEEZE|ETH|Bybit|sell,1,4,1778141640.0,150.0,47.97186454440629,1,-79.16070922503158,-1.1200479038952011,4.200298514219454,-0.064740424609201,-1.7140181807869788,-0.8597609551998278,0.06998567006121462,-0.3245442337978096,0.366042634008693,0.10598848174246567,0.01698545671514511,0.3390743018595659
1110,51fc377cc67980d130986f6f34bea69b,ETH|Bybit|1778141640|1778150640,ETH,Bybit,sell,LIQUIDITY_SQUEEZE|ETH|Bybit|sell,2,4,1778141640.0,150.0,47.97186454440629,1,-82.46242375826664,-0.4645486250824258,0.3127390879333233,-0.9387179294800647,-0.8059755951129185,-0.7974712327227303,0.11281001326823234,-0.3955859000046556,0.015531080160351436,0.006698996185277604,-0.11506464726112316,-0.38111465794325916
1111,1373a09ddf516a847caa6052261e42b0,ETH|Bybit|1778141640|1778150640,ETH,Bybit,sell,LIQUIDITY_SQUEEZE|ETH|Bybit|sell,3,4,1778141640.0,150.0,47.97186454440629,1,46.20972636715807,2.7027743205378583,-0.8710494240115536,-1.68040596432245,0.3853375760374908,0.16639539837375428,0.10371719882433651,0.3224523857534206,0.06202181228329671,-0.41236701562120043,-0.030119264657607385,-0.22177474518251944
1112,294f088b096c86fbb9eafb5b603c062d,ETH|Bybit|1778158740|1778163240,ETH,Bybit,sell,LIQUIDITY_SQUEEZE|ETH|Bybit|sell,0,3,1778158740.0,75.0,57.59983934768873,3,27.425916284629928,-1.1996707231348092,0.2732853885939284,0.06039111314521825,-0.579509321808446,-0.45110398745342906,-0.17228871905774829,0.31818638352405154,0.101516441461729,0.4453385562276428,0.3234830946183539,0.3853717635608531
1113,fbd578979d49fe1b0c781b13ad150ed4,ETH|Bybit|1778158740|1778163240,ETH,Bybit,sell,LIQUIDITY_SQUEEZE|ETH|Bybit|sell,1,3,1778158740.0,75.0,57.59983934768873,3,1604.586283958151,0.6319839628263757,2.0257559627013553,0.6314120658357959,0.18462813205070122,-0.07756383504060883,0.686846452562557,0.0041879371227514645,0.45527498930569915,-0.3060956271058595,0.531385646623095,-0.026706358285976194
1114,95e7c1467b3a70581fe5f208d1cdedf1,ETH|Bybit|1778158740|1778163240,ETH,Bybit,sell,LIQUIDITY_SQUEEZE|ETH|Bybit|sell,2,3,1778158740.0,75.0,57.59983934768873,3,-173.8573982519078,-0.06456729332109128,-1.1999829102942283,0.28922497106213857,-0.25716639511949174,0.014290358898226337,-0.11654276833428649,-0.011303736011249966,0.12519992271507038,-0.18987709645759435,0.22831520921618947,-0.08169639008791567
1115,7da4ac6da3be6bd70983b86569b35d60,ETH|Bybit|1778163240|1778168640,ETH,Bybit,sell,LIQUIDITY_SQUEEZE|ETH|Bybit|sell,0,4,1778163240.0,90.0,76.02245426328399,1,133.74416471030875,-1.19761656806068,1.7675268707294987,-0.6917656198047571,0.46254526739842505,-0.0501475550370492,0.5194973720044854,-0.09526163632100926,0.1925464164173586,0.39664848604113595,-0.017410167721057336,-0.2818082305082656
1116,4bc0b55e2482e3dad3acaf639700508e,ETH|Bybit|1778163240|1778168640,ETH,Bybit,sell,LIQUIDITY_SQUEEZE|ETH|Bybit|sell,1,4,1778163240.0,90.0,76.02245426328399,1,1297.5299897898155,-0.24963886565737445,-0.43138424710594914,0.17146045062111542,0.2759968934533395,-0.07575787013774156,0.1563092321628279,0.2205737876357081,-0.0036506433184970567,0.25644920197106846,-0.1950937727366271,-0.16088617214803314
1117,0056ce6dbe8078da6c3cf4c767faa0f4,ETH|Bybit|1778163240|1778168640,ETH,Bybit,sell,LIQUIDITY_SQUEEZE|ETH|Bybit|sell,2,4,1778163240.0,90.0,76.02245426328399,1,-154.34295768678192,-0.953786148117564,1.9214487595574663,-0.36102439118262286,-0.5756103061996789,-0.022041456265139474,-0.00912090055185791,0.21852612727744336,-0.11747254990794231,0.40547232779822895,0.08835921440830585,0.3900825818958941
1118,ea20db42e1af968666ef26790f8f9846,ETH|Bybit|1778163240|1778168640,ETH,Bybit,sell,LIQUIDITY_SQUEEZE|ETH|Bybit|sell,3,4,1778163240.0,90.0,76.02245426328399,1,-390.14520243457486,1.7819580031571025,-0.8207617996842549,-1.6953147961544617,-0.02500844690992878,0.6402109360315055,-0.2654411704041827,0.3574194575334347,-0.11716638027965447,-0.11851613941884873,-0.1688325476316444,0.181070056949501
1119,ae5f1ccfaf4b17b396e4f771d3636f04,ETH|Bybit|1778164140|1778168640,ETH,Bybit,sell,LIQUIDITY_SQUEEZE|ETH|Bybit|sell,0,3,1778164140.0,75.0,47.76370912217447,1,1824.6936760971232,-0.4486507530266439,-0.6809770022557675,0.9595862023532994,0.2722938439002697,-0.23004420070764994,-0.11400581542592925,0.08891664945303113,0.014063159785119943,-0.16454960421442358,-0.4093127643122927,0.09823690279818212
1120,573d2ab28c6848abfed064f30b016a12,ETH|Bybit|1778164140|1778168640,ETH,Bybit,sell,LIQUIDITY_SQUEEZE|ETH|Bybit|sell,1,3,1778164140.0,75.0,47.76370912217447,1,-284.10472440018464,-0.9260884871923151,1.6976678120805186,-0.5683866329055343,-0.906146973779405,-0.0022158554940321434,-0.26601741786606375,0.09354530525013163,0.027536933848258897,0.4959474661958573,-0.37239074705635244,0.33716342780595804
1121,9972a5ffac510d958e4a23feebc4e6e2,ETH|Bybit|1778164140|1778168640,ETH,Bybit,sell,LIQUIDITY_SQUEEZE|ETH|Bybit|sell,2,3,1778164140.0,75.0,47.76370912217447,1,-390.14520243457486,1.7819580031571025,-0.8207617996842549,-1.6953147961544617,-0.02500844690992878,0.6402109360315055,-0.2654411704041827,0.3574194575334347,-0.11716638027965447,-0.11851613941884873,-0.1688325476316444,0.181070056949501
1122,032998c8cf84b863abad0dbbea46021d,ETH|Bybit|1778163240|1778165940,ETH,Bybit,sell,MEAN_REVERSION_CHOP|ETH|Bybit|sell,0,2,1778163240.0,45.0,64.70126298714392,2,133.74416471030875,-1.19761656806068,1.7675268707294987,-0.6917656198047571,0.46254526739842505,-0.0501475550370492,0.5194973720044854,-0.09526163632100926,0.1925464164173586,0.39664848604113595,-0.017410167721057336,-0.2818082305082656
1123,58ffb5441abf49a68358caaea7fdca31,ETH|Bybit|1778163240|1778165940,ETH,Bybit,sell,MEAN_REVERSION_CHOP|ETH|Bybit|sell,1,2,1778163240.0,45.0,64.70126298714392,2,829.9336190247792,0.042105953523522616,-0.5600518578855131,-0.2999221731778788,-0.7689512501826368,0.39344574687195016,-0.35772266048610346,0.30147245628356506,-0.13267029856243118,0.12021272523773437,-0.06421551209630413,-0.0537065030289052
1124,ec1e548b5d3cde042494a1625c0c61ff,ETH|Bybit|1778164140|1778165940,ETH,Bybit,sell,MEAN_REVERSION_CHOP|ETH|Bybit|sell,0,1,1778164140.0,30.0,36.41174785756405,2,811.1616569416956,-0.2881874062949277,-0.5473258177057495,-0.14858141201834074,-0.6763621088266902,-0.10701151275675941,-0.17778804528910544,0.38206372562423924,-0.23954085879634882,0.03069842741739844,-0.04081338169492607,0.1619951130794491
1125,2ebacaaccc3ddd30f0a9efed81d49290,ETH|Bybit|1778225340|1778230740,ETH,Bybit,buy,BASIS_DISLOCATION|ETH|Bybit|buy,0,5,1778225340.0,90.0,42.94745462510709,3,0.7912056001227061,-1.4672184318602155,0.6844038866398316,0.23730715188714865,0.16652925817687086,0.3177536062236789,-0.10286872255661551,-0.10102474730004735,0.27245334349025113,0.11830347024544088,0.2673431633559668,0.09488274132330049
1126,58dc78d31febd76658532fb5c182bffd,ETH|Bybit|1778225340|1778230740,ETH,Bybit,buy,BASIS_DISLOCATION|ETH|Bybit|buy,1,5,1778225340.0,90.0,42.94745462510709,3,-126.75328536957939,0.25665131797960644,-0.7415203677497519,-0.9641161963871324,0.585628326082661,-0.2568182340147097,0.16799896965456418,0.18343381931434558,-0.2782035480555344,-0.13589625343185194,0.2429826843172378,-0.28719577603903795
1127,309b01746452595235fc225402bbba49,ETH|Bybit|1778225340|1778230740,ETH,Bybit,buy,BASIS_DISLOCATION|ETH|Bybit|buy,2,5,1778225340.0,90.0,42.94745462510709,3,11.158486751221494,-1.730201803776263,2.6588181647460845,0.22430138825449467,0.4088387198326334,-0.38769592008481013,-0.22696892582803674,-0.03638909975294557,-0.18121565271131868,-0.25967098721284687,0.19726416204926225,-0.7622453014390485
1128,855b69a62f58b469cf788f94851da410,ETH|Bybit|1778225340|1778230740,ETH,Bybit,buy,BASIS_DISLOCATION|ETH|Bybit|buy,3,5,1778225340.0,90.0,42.94745462510709,3,-132.32309203490018,-1.1043246880760142,0.30070473951658677,-0.8138591836502854,0.7321614056528261,-0.3326427653503734,-0.053403508891499425,0.2368906921480561,0.4133048024442053,0.0955898023548258,-0.253743983880044,-0.22237550775017426
1129,0df43f4039e2f8fab7872d99fb6d65a6,ETH|Bybit|1778225340|1778230740,ETH,Bybit,buy,BASIS_DISLOCATION|ETH|Bybit|buy,4,5,1778225340.0,90.0,42.94745462510709,3,-206.53051693596763,1.073881676839843,-0.564290101338713,0.03401009376991954,0.13717341372435127,0.4809914211760663,-0.24285091229826658,0.2485730539930245,0.24045877725563167,0.45634932420358054,0.05039910675265119,0.04041166481311785
1130,5952c3e8bb32dabdacda2792be4f5d29,ETH|Bybit|1778254140|1778256840,ETH,Bybit,buy,BASIS_DISLOCATION|ETH|Bybit|buy,0,2,1778254140.0,45.0,44.45054226225442,3,3.3971543644899973,-1.512520835642035,-1.0487668315416392,-0.37843676775729024,0.3731514107164595,0.20029073746159476,0.27816351341526363,-0.4744584118153515,0.04231096885154887,0.1698465491858971,0.06867776963817226,0.3842574144402151
1131,6b6dc1e975f790246f9e4b75317e2365,ETH|Bybit|1778254140|1778256840,ETH,Bybit,buy,BASIS_DISLOCATION|ETH|Bybit|buy,1,2,1778254140.0,45.0,44.45054226225442,3,14.417213754033542,-1.0464054032448409,-0.820694957631965,-0.13134456045915704,-0.4141023299415994,0.37215049190514576,0.06212225574949961,0.17820467175080715,0.11569778508725688,0.0697686676291726,0.25979659311100917,-0.13174568886368263
1132,31ab1df17f000f3093d042c077bb3720,ETH|Bybit|1778259540|1778263140,ETH,Bybit,buy,BASIS_DISLOCATION|ETH|Bybit|buy,0,2,1778259540.0,60.0,53.45219647969213,3,-41.11923524975846,0.45509551765670764,-0.12044882021909227,-0.8201049011760921,0.13137083420229112,0.22413959475393275,-0.18775068703319808,-0.0031608981047879935,-0.029417380194467675,-0.21124490645526575,-0.21208506513229894,0.4295375007746573
1133,f924df2edeb883be8011060fab9d4132,ETH|Bybit|1778259540|1778263140,ETH,Bybit,buy,BASIS_DISLOCATION|ETH|Bybit|buy,1,2,1778259540.0,60.0,53.45219647969213,3,61.82445741452721,1.056278283393423,1.7323259232273536,0.1580897454935851,-0.3514844462629916,-0.05303725146063225,-0.40510793265651446,-0.2605281790300055,0.2688908332587211,-0.2060860460024861,-0.14601073486783384,0.2778166047273381
1134,846fb3e0b9af24cb6389fc7beda60291,ETH|Bybit|1778255040|1778263140,ETH,Bybit,buy,LIQUIDITY_SQUEEZE|ETH|Bybit|buy,0,5,1778255040.0,135.0,75.11696245394837,1,12.6049080431768,-0.995572881729884,3.442505175814069,0.12890169173551486,-0.34300070849957326,0.18007265106548118,-0.013887560174211794,0.08228191409731143,0.03531403226946534,0.12408447570847426,0.49821894905563113,-0.4651203670345942
1135,4cf5272eef87f753ea16e75b8144abb5,ETH|Bybit|1778255040|1778263140,ETH,Bybit,buy,LIQUIDITY_SQUEEZE|ETH|Bybit|buy,1,5,1778255040.0,135.0,75.11696245394837,1,-77.44001876936315,-1.1637144774554953,-0.8773085154021966,0.13929396097129493,-0.45490378487778543,0.48232629939528293,-0.10939373601905295,0.16199652862393898,-0.238658226963405,-0.5826952974490168,-0.24724568569292465,-0.24131296565846583
1136,b725c237bd568963c66c5100413b35e4,ETH|Bybit|1778255040|1778263140,ETH,Bybit,buy,LIQUIDITY_SQUEEZE|ETH|Bybit|buy,2,5,1778255040.0,135.0,75.11696245394837,1,9.568080647485186,0.812447544442158,0.8177354822338242,-0.6930058246604028,-0.5802743742231817,-0.11009555366583677,-0.37611183628326733,0.7598806042122466,0.1954314354402181,0.4496947853272919,0.19075556638894622,-0.07257863046669835
1137,6e0582775c0108598cb19b91e614e6f6,ETH|Bybit|1778255040|1778263140,ETH,Bybit,buy,LIQUIDITY_SQUEEZE|ETH|Bybit|buy,3,5,1778255040.0,135.0,75.11696245394837,1,-60.46410312741681,-1.033835486462077,0.4943249625264138,-0.9461658090581576,0.5180702329876388,-0.2469688606753858,0.0229441268421866,0.04870532450236471,-0.02028830707305561,0.09124550324719613,0.42431693778267876,-0.257683510869045
1138,c288bc9ece58c2ba9b61e177c40ab711,ETH|Bybit|1778255040|1778263140,ETH,Bybit,buy,LIQUIDITY_SQUEEZE|ETH|Bybit|buy,4,5,1778255040.0,135.0,75.11696245394837,1,61.82445741452721,1.056278283393423,1.7323259232273536,0.1580897454935851,-0.3514844462629916,-0.05303725146063225,-0.40510793265651446,-0.2605281790300055,0.2688908332587211,-0.2060860460024861,-0.14601073486783384,0.2778166047273381
1139,b76ef2b07537b7cd637f12fd8167f5eb,ETH|Bybit|1778263140|1778266140,ETH,Bybit,buy,LIQUIDITY_SQUEEZE|ETH|Bybit|buy,0,3,1778263140.0,50.0,49.12771596728909,3,-130.66123020950684,0.4352754044955369,-0.1907253015599971,1.0867998395991298,0.5258962760405566,-0.04238164136870659,-0.319470130416638,-0.3330475601408963,-0.19677714407062696,0.18479782436055078,-0.08643834817272766,0.49814604235271337
1140,bea196366ba7395edad3b84163b78a9d,ETH|Bybit|1778263140|1778266140,ETH,Bybit,buy,LIQUIDITY_SQUEEZE|ETH|Bybit|buy,1,3,1778263140.0,50.0,49.12771596728909,3,-436.64635115284904,2.7783357897813725,-0.5428047576216294,1.250983106548983,0.6217577584167632,0.1319861024529695,0.13667974875051442,-0.39861280842339364,-0.2622977363619516,0.3355355873317114,-0.1088690460762697,0.729784867926321
1141,5ea6242446a579bc7710fc11a54df047,ETH|Bybit|1778263140|1778266140,ETH,Bybit,buy,LIQUIDITY_SQUEEZE|ETH|Bybit|buy,2,3,1778263140.0,50.0,49.12771596728909,3,228.00509729974885,-1.176259905295544,-0.614879574185271,0.023857922872890024,0.3785882873792485,-0.3362013330560688,0.039608836063864526,0.3462219971288296,-0.42582448513427473,-0.43097064350658537,0.36302215782266334,0.3238878493357178
1142,3e9466881fd89600cd8ac0e0b1410ee2,ETH|Bybit|1778247840|1778252340,ETH,Bybit,buy,MEAN_REVERSION_CHOP|ETH|Bybit|buy,0,3,1778247840.0,75.0,49.75377096499463,1,-87.97573082384794,0.17825786022643442,0.24643522510512897,0.4431151178818161,0.061178429453203634,0.3050086317040095,-0.05723007046418458,-0.2850441655143442,0.10495027831628777,0.19673744909131186,0.14574462217981293,0.0907272230883741
1143,84993fa53277a1871fe64a7cd2974fbf,ETH|Bybit|1778247840|1778252340,ETH,Bybit,buy,MEAN_REVERSION_CHOP|ETH|Bybit|buy,1,3,1778247840.0,75.0,49.75377096499463,1,425.2368561188304,2.8122297566819685,-0.6720872189540636,1.8783107721775778,0.5652663684588467,-0.2299810145616243,0.13698814332325487,-0.08416461971440435,-0.027387749869611504,-0.0397124012444727,-0.14065515695187739,-0.19162770270219354
1144,ecb8f570eb12389dbe7f10f5ec58d022,ETH|Bybit|1778247840|1778252340,ETH,Bybit,buy,MEAN_REVERSION_CHOP|ETH|Bybit|buy,2,3,1778247840.0,75.0,49.75377096499463,1,-44.57650691004423,1.4470689688327847,-0.8845750127866971,-0.7355284002989315,-1.19385740022446,-0.48739464458176995,-0.2624948877941754,-0.08994651650560918,0.23376333125179197,0.2239755120151668,0.1100330017472996,0.04070701633853168
1145,9f8b229a0065d0b4f36650809e22a182,ETH|Bybit|1778278440|1778284740,ETH,Bybit,sell,LIQUIDITY_SQUEEZE|ETH|Bybit|sell,0,4,1778278440.0,105.0,34.08033557082096,1,3.031836842585018,-1.377537200944562,-0.8622725485500913,-0.36623371802516996,-1.1384651130814651,-0.7500549244019452,-0.1718645496729193,0.137674386720669,0.4921315363892909,0.29858140262037747,-0.2250240062018237,-0.07000895416029011
1146,f7d22f48e4e501e0f858dd537d2cac52,ETH|Bybit|1778278440|1778284740,ETH,Bybit,sell,LIQUIDITY_SQUEEZE|ETH|Bybit|sell,1,4,1778278440.0,105.0,34.08033557082096,1,-5.847460344998409,-1.4153399283211054,-0.4231298770002149,0.1801163229070938,0.5587113359271949,-0.3618988299280933,-0.2810445098787462,0.0478514995905181,0.007051033499074186,-0.3169104988714342,-0.1898007882322243,-0.3227151796845031
1147,2565c1650deab66e45a2c044db9c5612,ETH|Bybit|1778278440|1778284740,ETH,Bybit,sell,LIQUIDITY_SQUEEZE|ETH|Bybit|sell,2,4,1778278440.0,105.0,34.08033557082096,1,18.004474550542433,-1.7664465808003869,-0.31058357860096064,-0.36823200510480103,0.4495708119818091,-0.14844078682490452,0.6399853866214875,0.04799838746520653,0.29115941631901365,0.17674618952772628,0.279701133624526,-0.4284152906115326
1148,0094cddf99df3ea8702deea352cd29e8,ETH|Bybit|1778278440|1778284740,ETH,Bybit,sell,LIQUIDITY_SQUEEZE|ETH|Bybit|sell,3,4,1778278440.0,105.0,34.08033557082096,1,-122.9144023997602,-1.086598916301957,-0.7604229091863587,-0.21109465078684816,-0.5080186623810321,0.8415233327213367,0.4174991586829507,0.06860713728007276,0.25188438668343693,0.05164356622245462,0.25978332276486793,0.07854294407290638
1149,248360c41ba83d244f430e7a0faae264,ETH|Bybit|1778278440|1778282940,ETH,Bybit,sell,MEAN_REVERSION_CHOP|ETH|Bybit|sell,0,2,1778278440.0,75.0,31.1005248502862,2,3.2157003379637095,-1.5329198228231822,-0.5775051624575495,-0.23954366887794862,-1.0643131783928819,-0.7692953860013438,0.009137501554762057,-0.33283413434153775,0.00046203270824249603,0.20056847168481992,0.04598505121543179,0.1134872528279498
1150,85c8badb5e4633000ec613a6cc815b7f,ETH|Bybit|1778278440|1778282940,ETH,Bybit,sell,MEAN_REVERSION_CHOP|ETH|Bybit|sell,1,2,1778278440.0,75.0,31.1005248502862,2,-2.628890544968154,-1.2499885917749907,-0.652306437039673,-0.10609117877301767,0.4602883125691897,0.006992098195028594,-0.025801707146277768,-0.3300627866952212,0.3699623901375184,0.07428094376671553,-0.1598766080732415,0.11666968154350943
1151,3b8ee5adc025114b7fdbc9df2306c07a,ETH|Bybit|1778340540|1778349540,ETH,Bybit,buy,BASIS_DISLOCATION|ETH|Bybit|buy,0,6,1778340540.0,150.0,72.18269283854401,1,-37.22602366552908,-1.0169310959322588,-0.4777479335293232,-0.13962899383185856,-1.0231219194838272,-0.6782051025298512,0.49559285698398203,-0.292792872812695,-0.14666492137833997,-0.4458846146112492,-0.11609907488215691,0.005423311933516074
1152,6395e4296714a6304e451a6ac9fcdb83,ETH|Bybit|1778340540|1778349540,ETH,Bybit,buy,BASIS_DISLOCATION|ETH|Bybit|buy,1,6,1778340540.0,150.0,72.18269283854401,1,364.932010543421,-1.0373797978271169,-0.18619915773568507,0.25692103585723036,0.4373395243904777,-0.42006451299258757,-0.36886322044022263,0.16410578794222716,-0.6189647951882816,0.03765316262868852,0.0427208763062886,-0.46202079722589673
1153,cc766718642535bb97327ff0cbe96225,ETH|Bybit|1778340540|1778349540,ETH,Bybit,buy,BASIS_DISLOCATION|ETH|Bybit|buy,2,6,1778340540.0,150.0,72.18269283854401,1,63.84851587784298,-1.2978475887829632,-1.1086909614925977,0.010869296579469159,0.3503933052263122,-0.11842817074220485,0.06704402192517014,0.0017691729164442838,-0.5352783866815782,-0.18340106733601483,0.0774232739782316,0.3699444631460079
1154,6dd4490f408cf9c5ba1cf505dc08a538,ETH|Bybit|1778340540|1778349540,ETH,Bybit,buy,BASIS_DISLOCATION|ETH|Bybit|buy,3,6,1778340540.0,150.0,72.18269283854401,1,-589.798390533734,4.0934592901080045,1.6433619211824353,1.7649440239548422,-0.25440177961355237,0.16934645893639091,-0.45207035558147535,-0.004270209026847337,-0.4467487356292383,-0.07328115845611449,0.17680735675533027,0.08380552629439916
1155,e06dfc05049203db50a2aef75ab17ada,ETH|Bybit|1778340540|1778349540,ETH,Bybit,buy,BASIS_DISLOCATION|ETH|Bybit|buy,4,6,1778340540.0,150.0,72.18269283854401,1,-214.0769205956052,-1.7551517930438068,-0.8490091131003775,-0.6729020858172924,0.4832455308439029,-0.14679311039838558,0.8350664650439905,0.17294195324257175,0.3937167383956785,-0.17501074012685305,0.18959610403407906,-0.18882032629199114
1156,cc4d9f1fb54c653818959cdfa6ff852d,ETH|Bybit|1778340540|1778349540,ETH,Bybit,buy,BASIS_DISLOCATION|ETH|Bybit|buy,5,6,1778340540.0,150.0,72.18269283854401,1,99.75656189369784,-1.6381976517415746,-0.4426013512553503,0.2280613532748707,0.5926625508427652,-0.3505361811083051,-0.2492875503316612,0.3623113695745975,0.09198387264063096,0.34698544522707,-0.0049049971809460476,0.3489696271071538
1157,58877506ccaf017d6f41f0ab4ea64f18,ETH|Bybit|1778341440|1778349540,ETH,Bybit,buy,BASIS_DISLOCATION|ETH|Bybit|buy,0,6,1778341440.0,135.0,57.885477534884004,1,-8.801649485752806,-0.7211995786305253,-0.5678284545401237,-0.03441294128472778,-1.1649975201157938,-0.5831580132027148,0.2924988298381222,0.3134538581847793,0.20609482437969812,-0.225616239663677,-0.013218682022014086,0.14450696286044287
1158,8558af07be1c22659e35e6aa946d697b,ETH|Bybit|1778341440|1778349540,ETH,Bybit,buy,BASIS_DISLOCATION|ETH|Bybit|buy,1,6,1778341440.0,135.0,57.885477534884004,1,364.932010543421,-1.0373797978271169,-0.18619915773568507,0.25692103585723036,0.4373395243904777,-0.42006451299258757,-0.36886322044022263,0.16410578794222716,-0.6189647951882816,0.03765316262868852,0.0427208763062886,-0.46202079722589673
1159,91f9f03ff575e1266a45cf56d20e7b8c,ETH|Bybit|1778341440|1778349540,ETH,Bybit,buy,BASIS_DISLOCATION|ETH|Bybit|buy,2,6,1778341440.0,135.0,57.885477534884004,1,63.84851587784298,-1.2978475887829632,-1.1086909614925977,0.010869296579469159,0.3503933052263122,-0.11842817074220485,0.06704402192517014,0.0017691729164442838,-0.5352783866815782,-0.18340106733601483,0.0774232739782316,0.3699444631460079
1160,e9c516ea08bf8f8df063b6014081e596,ETH|Bybit|1778341440|1778349540,ETH,Bybit,buy,BASIS_DISLOCATION|ETH|Bybit|buy,3,6,1778341440.0,135.0,57.885477534884004,1,-589.798390533734,4.0934592901080045,1.6433619211824353,1.7649440239548422,-0.25440177961355237,0.16934645893639091,-0.45207035558147535,-0.004270209026847337,-0.4467487356292383,-0.07328115845611449,0.17680735675533027,0.08380552629439916
1161,2993e12cb1990e977efd41f21cfacef4,ETH|Bybit|1778341440|1778349540,ETH,Bybit,buy,BASIS_DISLOCATION|ETH|Bybit|buy,4,6,1778341440.0,135.0,57.885477534884004,1,-214.0769205956052,-1.7551517930438068,-0.8490091131003775,-0.6729020858172924,0.4832455308439029,-0.14679311039838558,0.8350664650439905,0.17294195324257175,0.3937167383956785,-0.17501074012685305,0.18959610403407906,-0.18882032629199114
1162,a2642004ad5e1d5a2050e28584e0c1bb,ETH|Bybit|1778341440|1778349540,ETH,Bybit,buy,BASIS_DISLOCATION|ETH|Bybit|buy,5,6,1778341440.0,135.0,57.885477534884004,1,99.75656189369784,-1.6381976517415746,-0.4426013512553503,0.2280613532748707,0.5926625508427652,-0.3505361811083051,-0.2492875503316612,0.3623113695745975,0.09198387264063096,0.34698544522707,-0.0049049971809460476,0.3489696271071538
1163,9ffaa389756742801dd13af9b0f89f35,ETH|Bybit|1778339640|1778352240,ETH,Bybit,buy,LIQUIDITY_SQUEEZE|ETH|Bybit|buy,0,9,1778339640.0,210.0,106.73387830490405,1,-139.65907999920717,-1.3753259608071693,-0.3008255113026199,-0.5000956358517754,-0.6732489159143596,0.45312379138463366,0.2057455084464842,0.2299240259749526,-0.18896967578966517,-0.5015503641331374,0.5109352160300134,0.03815764631400283
1164,56062227ae8f3093a7a5c6fe024da9f0,ETH|Bybit|1778339640|1778352240,ETH,Bybit,buy,LIQUIDITY_SQUEEZE|ETH|Bybit|buy,1,9,1778339640.0,210.0,106.73387830490405,1,-16.321957302536187,-0.7335548788309347,-0.5275401622758064,-0.036651948119343726,-1.3890303007092697,-0.4342483172980666,0.33327773454606274,-0.33050022864330286,-0.43298008445150976,0.031224360434834408,-0.04568356927482597,0.30982912253392203
1165,e8de2de0e3cab9d849116437db66cd6c,ETH|Bybit|1778339640|1778352240,ETH,Bybit,buy,LIQUIDITY_SQUEEZE|ETH|Bybit|buy,2,9,1778339640.0,210.0,106.73387830490405,1,364.932010543421,-1.0373797978271169,-0.18619915773568507,0.25692103585723036,0.4373395243904777,-0.42006451299258757,-0.36886322044022263,0.16410578794222716,-0.6189647951882816,0.03765316262868852,0.0427208763062886,-0.46202079722589673
1166,757fa64a2e621ac1c9934ece4b568074,ETH|Bybit|1778339640|1778352240,ETH,Bybit,buy,LIQUIDITY_SQUEEZE|ETH|Bybit|buy,3,9,1778339640.0,210.0,106.73387830490405,1,63.84851587784298,-1.2978475887829632,-1.1086909614925977,0.010869296579469159,0.3503933052263122,-0.11842817074220485,0.06704402192517014,0.0017691729164442838,-0.5352783866815782,-0.18340106733601483,0.0774232739782316,0.3699444631460079
1167,3791ea60f5e6bbb04a12a15f01f4612f,ETH|Bybit|1778339640|1778352240,ETH,Bybit,buy,LIQUIDITY_SQUEEZE|ETH|Bybit|buy,4,9,1778339640.0,210.0,106.73387830490405,1,-589.798390533734,4.0934592901080045,1.6433619211824353,1.7649440239548422,-0.25440177961355237,0.16934645893639091,-0.45207035558147535,-0.004270209026847337,-0.4467487356292383,-0.07328115845611449,0.17680735675533027,0.08380552629439916
1168,14dea2e260ae583ad0ffcdf562243d9e,ETH|Bybit|1778339640|1778352240,ETH,Bybit,buy,LIQUIDITY_SQUEEZE|ETH|Bybit|buy,5,9,1778339640.0,210.0,106.73387830490405,1,-214.0769205956052,-1.7551517930438068,-0.8490091131003775,-0.6729020858172924,0.4832455308439029,-0.14679311039838558,0.8350664650439905,0.17294195324257175,0.3937167383956785,-0.17501074012685305,0.18959610403407906,-0.18882032629199114
1169,39ac72b63bc38d80fdec15d00851adf4,ETH|Bybit|1778339640|1778352240,ETH,Bybit,buy,LIQUIDITY_SQUEEZE|ETH|Bybit|buy,6,9,1778339640.0,210.0,106.73387830490405,1,55.0610125176155,-1.3840273544165422,-0.3736655640361948,0.3099086720866968,0.27055977805866505,0.159380022529088,0.18592934312060025,-0.17385104537271637,-0.12020025180957415,0.3633741608089172,-0.0248960152816461,-0.11404856054726185
1170,eeb3959aac11a546d6076b55d936fd96,ETH|Bybit|1778339640|1778352240,ETH,Bybit,buy,LIQUIDITY_SQUEEZE|ETH|Bybit|buy,7,9,1778339640.0,210.0,106.73387830490405,1,-2.1343413721159084,-0.6322109042393772,-0.34724779269996997,0.19433022002959516,-0.06891160180798801,0.6521753328530695,0.33318825258004436,-0.522410083127793,0.24658906237735811,-0.25310008977739895,0.06394096873141565,0.13544723530161154
1171,7c56116080aa164bad26830d0895b8ac,ETH|Bybit|1778339640|1778352240,ETH,Bybit,buy,LIQUIDITY_SQUEEZE|ETH|Bybit|buy,8,9,1778339640.0,210.0,106.73387830490405,1,36.21733752497495,4.935498055443861,-0.9421328244958299,2.2630863256480547,0.3089668615927428,0.3768520941169629,-0.24511236665199299,-0.09891683823195961,-0.2923778259737701,0.16443011931807588,-0.4285561897987412,-0.23455765905665868
1172,caf17142b564c760cdbefb2d00733e9d,ETH|Bybit|1778345940|1778352240,ETH,Bybit,buy,LIQUIDITY_SQUEEZE|ETH|Bybit|buy,0,5,1778345940.0,105.0,37.38693046826277,1,-570.350534376038,4.269280746161885,1.6773805995798285,1.7782444297171447,-0.34257110180628697,0.0039010172216286452,-0.4329308094692089,0.033974336569546904,-0.5508439580296443,-0.08852178985853947,0.1681937510244297,0.05212220341800211
1173,bc19f9688995c5ad471cd2a3e249e966,ETH|Bybit|1778345940|1778352240,ETH,Bybit,buy,LIQUIDITY_SQUEEZE|ETH|Bybit|buy,1,5,1778345940.0,105.0,37.38693046826277,1,-214.0769205956052,-1.7551517930438068,-0.8490091131003775,-0.6729020858172924,0.4832455308439029,-0.14679311039838558,0.8350664650439905,0.17294195324257175,0.3937167383956785,-0.17501074012685305,0.18959610403407906,-0.18882032629199114
1174,396da78e79e8adbb36c67c7607bc9854,ETH|Bybit|1778345940|1778352240,ETH,Bybit,buy,LIQUIDITY_SQUEEZE|ETH|Bybit|buy,2,5,1778345940.0,105.0,37.38693046826277,1,55.0610125176155,-1.3840273544165422,-0.3736655640361948,0.3099086720866968,0.27055977805866505,0.159380022529088,0.18592934312060025,-0.17385104537271637,-0.12020025180957415,0.3633741608089172,-0.0248960152816461,-0.11404856054726185
1175,0b80c243d1bacaec4e5250fe1d3aec57,ETH|Bybit|1778345940|1778352240,ETH,Bybit,buy,LIQUIDITY_SQUEEZE|ETH|Bybit|buy,3,5,1778345940.0,105.0,37.38693046826277,1,-2.1343413721159084,-0.6322109042393772,-0.34724779269996997,0.19433022002959516,-0.06891160180798801,0.6521753328530695,0.33318825258004436,-0.522410083127793,0.24658906237735811,-0.25310008977739895,0.06394096873141565,0.13544723530161154
1176,6a18fb3fbe196aba651017eb42a9b04a,ETH|Bybit|1778345940|1778352240,ETH,Bybit,buy,LIQUIDITY_SQUEEZE|ETH|Bybit|buy,4,5,1778345940.0,105.0,37.38693046826277,1,36.21733752497495,4.935498055443861,-0.9421328244958299,2.2630863256480547,0.3089668615927428,0.3768520941169629,-0.24511236665199299,-0.09891683823195961,-0.2923778259737701,0.16443011931807588,-0.4285561897987412,-0.23455765905665868
1177,bd1da5a5b65f0db1bd5815b5ff579aa4,ETH|Bybit|1778339640|1778344140,ETH,Bybit,buy,MEAN_REVERSION_CHOP|ETH|Bybit|buy,0,2,1778339640.0,75.0,55.52749435728886,1,-150.69125155303246,-1.4561266096928802,-0.6331466184429734,-0.5762572353534923,-0.7066431519830914,0.9049839051269996,0.08632400595147965,-0.032867837395803,0.06217909849088553,-0.319509069014954,0.393528306794349,-0.030956006633299362
1178,0640ee368aed63e25ddc3e2a7fbaab8d,ETH|Bybit|1778339640|1778344140,ETH,Bybit,buy,MEAN_REVERSION_CHOP|ETH|Bybit|buy,1,2,1778339640.0,75.0,55.52749435728886,1,0.5428180495121849,-0.7996987518272678,-0.4661925143228396,0.021574627961331427,-1.383102305680946,-0.7351226900097594,-0.07860128447892964,-0.12093459051594839,0.15203742093422362,0.18063436621938056,-0.08917056759087175,-0.1272504825324855
1179,07b09659f22e6d4c669daac3d9287dc9,ETH|Bybit|1778345940|1778348640,ETH,Bybit,buy,MEAN_REVERSION_CHOP|ETH|Bybit|buy,0,2,1778345940.0,45.0,34.671702183766875,1,-570.350534376038,4.269280746161885,1.6773805995798285,1.7782444297171447,-0.34257110180628697,0.0039010172216286452,-0.4329308094692089,0.033974336569546904,-0.5508439580296443,-0.08852178985853947,0.1681937510244297,0.05212220341800211
1180,8caaf748d7a617214b06879f205fe6ba,ETH|Bybit|1778345940|1778348640,ETH,Bybit,buy,MEAN_REVERSION_CHOP|ETH|Bybit|buy,1,2,1778345940.0,45.0,34.671702183766875,1,-197.25259996942796,-1.9354039935440497,-0.8332175366467134,-0.5835735257522614,0.33638813684192576,0.15625784998392622,0.7519081495777644,-0.2289227198167442,-0.10332759542269535,0.2834479201336996,0.28021793234114756,-0.0158790929071423
1181,9dae7c39a828e012f03c81b3c4462b50,ETH|Bybit|1778425140|1778430540,ETH,Bybit,buy,BASIS_DISLOCATION|ETH|Bybit|buy,0,3,1778425140.0,90.0,51.141769329792666,1,-82.84395744006346,-0.2739837172314742,-0.5844205083114269,0.3596034496616926,-1.0487412366001254,-0.28450153495265285,-0.21179608301296168,0.08577238210144222,-0.19107751969309916,-0.07427073087475336,-0.33214203328787195,0.14624147406755922
1182,8481c69b3ad9170eb878e52e7b909a07,ETH|Bybit|1778425140|1778430540,ETH,Bybit,buy,BASIS_DISLOCATION|ETH|Bybit|buy,1,3,1778425140.0,90.0,51.141769329792666,1,-458.60845824838174,-0.12388947815163158,0.18443677811374154,-0.08000945879600439,-0.5372997495502231,0.25663821023242545,-0.06972984741190003,0.6093729421710409,0.1928682400061805,0.3976391351190915,-0.1404529033582432,0.02981702054197108
1183,f32ae9ae1a39f847860568bd7b979e4f,ETH|Bybit|1778425140|1778430540,ETH,Bybit,buy,BASIS_DISLOCATION|ETH|Bybit|buy,2,3,1778425140.0,90.0,51.141769329792666,1,0.5394038493577332,1.321985683667344,0.920149333707582,1.0080507633531772,-0.03285392937701037,0.35120856527887195,-0.15629647505425837,0.3529819228174513,-0.20912422830646957,0.6369101429824617,-0.22586776765409547,-0.39448799022074044
1184,1a1e79dfbbf4f9ac82b7fc8abc948bed,ETH|Bybit|1778426940|1778430540,ETH,Bybit,buy,BASIS_DISLOCATION|ETH|Bybit|buy,0,2,1778426940.0,60.0,36.5273332462708,1,-547.697710234892,0.05300877578878055,-0.5081521758503299,-0.3073765732328474,-0.5729881092885063,-0.3537307678127988,0.18310968241051445,-0.0668410404396731,-0.029802338493707687,0.3964186975913989,0.21771074685683392,-0.08176184797985342
1185,9f6cdf069a2de881ab607a9d638bf9ad,ETH|Bybit|1778426940|1778430540,ETH,Bybit,buy,BASIS_DISLOCATION|ETH|Bybit|buy,1,2,1778426940.0,60.0,36.5273332462708,1,135.09145354169087,0.5433599528989613,0.48960239793118404,0.6608205191760553,-0.4933216411297796,0.4538394250805909,-0.11715093674389576,0.3906553503308923,-0.6860562915070701,-0.010757631594230066,-0.4020320573405083,-0.4234763447600647
1186,1eb37262e6aeed133bc0531d33b06158,ETH|Bybit|1778433240|1778437740,ETH,Bybit,buy,BASIS_DISLOCATION|ETH|Bybit|buy,0,4,1778433240.0,75.0,39.74244661330187,2,-192.7301174721006,-0.6631462781660592,1.624070582356041,-0.6246792434607494,0.4818571902311203,-0.1128142573642256,0.4892973972620626,0.04157977136472828,-0.13352766479181208,-0.4388947043515909,-0.19413500058207214,0.1355172349179845
1187,0676f43322603dd3f706611b0b98218b,ETH|Bybit|1778433240|1778437740,ETH,Bybit,buy,BASIS_DISLOCATION|ETH|Bybit|buy,1,4,1778433240.0,75.0,39.74244661330187,2,-1.3772166288832883,-1.1405693828044434,-1.2449797651943295,0.07513957054593724,0.2552837328634303,0.2300602563619382,0.5209849431870653,-0.4851298387835938,-0.5154953385758199,0.21966225990479094,0.12243286055129393,0.2272225081129745
1188,a94ddfe0e78c1f8baba6552fb23a8e3d,ETH|Bybit|1778433240|1778437740,ETH,Bybit,buy,BASIS_DISLOCATION|ETH|Bybit|buy,2,4,1778433240.0,75.0,39.74244661330187,2,-356.69949589495616,-1.5358532346818474,-0.39070156062663836,0.3496616579619945,0.6515733049543881,-0.3013797830906527,0.09278684053971795,0.19610327259180227,0.13406153976920082,0.10568157841557735,-0.4029147925674091,-0.17827568470167707
1189,14d762d72f735bf3f4209bc2bc6568a6,ETH|Bybit|1778433240|1778437740,ETH,Bybit,buy,BASIS_DISLOCATION|ETH|Bybit|buy,3,4,1778433240.0,75.0,39.74244661330187,2,149.306399355634,-1.2013967843287372,0.2842036125097203,0.4540168332370098,-0.09910036613143867,0.4321362380757187,0.30375202778997956,-0.3016744422433328,0.2967086296990574,-0.08547478968158416,-0.21353972540997485,-0.048316091833164904
1190,8c3c79ef4a7b9346bfc94b4316ac413b,ETH|Bybit|1778431440|1778437740,ETH,Bybit,buy,LIQUIDITY_SQUEEZE|ETH|Bybit|buy,0,6,1778431440.0,105.0,53.492688134592406,2,-138.9878473789787,-0.6692106400508175,-1.0610084734529932,0.32302171934335694,0.3467846542643244,0.06821286805916317,0.07818611588505317,-0.15325495622860055,-0.012191172987105944,0.14331444896870196,-0.09278950691391896,-0.4455219848663664
1191,16fb223400413ada662b405ed6f8f7bd,ETH|Bybit|1778431440|1778437740,ETH,Bybit,buy,LIQUIDITY_SQUEEZE|ETH|Bybit|buy,1,6,1778431440.0,105.0,53.492688134592406,2,-698.585103168236,-1.0862192172281675,1.8367719426418585,-1.0368651151207173,0.4468658451829333,0.13376556940061923,0.15760713212953978,-0.010217856835660568,0.3526292009262659,-0.2247292304418542,-0.6044204568892292,0.12626879730520388
1192,6b85626351567ca674dde8b894571688,ETH|Bybit|1778431440|1778437740,ETH,Bybit,buy,LIQUIDITY_SQUEEZE|ETH|Bybit|buy,2,6,1778431440.0,105.0,53.492688134592406,2,250.64797691525652,-1.0157460544573034,-0.42067610774350755,0.07601309229945959,0.2451655812077822,0.03865806669645962,0.5284133160892416,-0.33272873218853855,-0.09028704151333083,-0.13657241827900365,0.1999150100469777,0.0896892237595842
1193,562869aa8df5ad1c158e9fdfca86c8bb,ETH|Bybit|1778431440|1778437740,ETH,Bybit,buy,LIQUIDITY_SQUEEZE|ETH|Bybit|buy,3,6,1778431440.0,105.0,53.492688134592406,2,-369.8619887727254,-1.3112304011287834,-0.3222656445735711,0.15710652337911005,0.7097821827405597,-0.32760102840657435,-0.2221279666955024,0.22736184571651488,0.48016879027429066,0.36861241429259317,0.29146615686811145,0.21437485444105228
1194,eff4de9a2b1e448273b507dc1baf7dec,ETH|Bybit|1778431440|1778437740,ETH,Bybit,buy,LIQUIDITY_SQUEEZE|ETH|Bybit|buy,4,6,1778431440.0,105.0,53.492688134592406,2,12.36901107384199,-0.6627266895117825,-0.5481274165411983,0.6764197699975018,0.3058143293623182,0.12749530318830543,0.8322319747806173,-0.335139167927462,-0.08157630361702331,-0.05828356884332328,0.03211965310555148,-0.01056994349344922
1195,a6f717764741f75b821c4d131e451008,ETH|Bybit|1778431440|1778437740,ETH,Bybit,buy,LIQUIDITY_SQUEEZE|ETH|Bybit|buy,5,6,1778431440.0,105.0,53.492688134592406,2,170.3727138486012,-1.1085009198849853,0.025268127994100394,0.7584054597835285,0.3960516875472297,-0.3542710385339871,0.010694501454498132,0.3665952565629193,-0.5018984118946092,-0.24923198245372116,0.277701863496616,0.18789023690090406
1196,efe906ae971e543201785c77a60cd87b,ETH|Bybit|1778426940|1778429640,ETH,Bybit,buy,RELATIVE_STRENGTH|ETH|Bybit|buy,0,2,1778426940.0,45.0,40.596839849310136,2,-752.5770860162465,-0.06638500192731443,-0.3659055338615641,0.038418117402514516,0.5047932310599431,0.11084311185366102,0.06613513519745609,-0.6346976648252838,-0.4085460998490904,-0.15231998409959216,-0.23879015096633763,0.08830550725328168
1197,7f0e7c0c0064245e322bb824d577daa9,ETH|Bybit|1778426940|1778429640,ETH,Bybit,buy,RELATIVE_STRENGTH|ETH|Bybit|buy,1,2,1778426940.0,45.0,40.596839849310136,2,-86.66739963203251,-1.1569954359450751,-0.7055763991121304,-0.47756860711145044,-0.5080147053146451,0.31767227044751045,0.31106457056747705,0.16521836201402046,-0.0771615797065532,-0.19561576788861534,-0.19172791635307376,-0.1955852273986987
1198,31ccef71a01cc556656b1e421009367b,ETH|Bybit|1778425140|1778429640,ETH,Bybit,buy,VOL_BREAKOUT|ETH|Bybit|buy,0,3,1778425140.0,75.0,55.213646016123526,1,-82.84395744006346,-0.2739837172314742,-0.5844205083114269,0.3596034496616926,-1.0487412366001254,-0.28450153495265285,-0.21179608301296168,0.08577238210144222,-0.19107751969309916,-0.07427073087475336,-0.33214203328787195,0.14624147406755922
1199,a9dff282e2eb1dc381c2f71c735857a8,ETH|Bybit|1778425140|1778429640,ETH,Bybit,buy,VOL_BREAKOUT|ETH|Bybit|buy,1,3,1778425140.0,75.0,55.213646016123526,1,-784.8755399291564,0.2963100152333243,-0.2557231050696959,0.31286985814325324,0.7856338365227341,-0.36718330226084445,-0.21603905448749755,0.09136132871569293,0.1650762205081497,-0.1170016607274201,-0.09860860713018965,0.015580373681950324
1200,1426019c8732ad77d447029dd3b5188a,ETH|Bybit|1778425140|1778429640,ETH,Bybit,buy,VOL_BREAKOUT|ETH|Bybit|buy,2,3,1778425140.0,75.0,55.213646016123526,1,-36.409356824920636,-1.2513913965711556,-0.599339139798646,-0.6896494535541632,-0.015894240388709492,0.5645711309692883,0.22321512327096274,-0.41431579917321454,0.18959673499492438,0.0776096491422612,-0.14424075451316,0.25912550211909735
1201,ef867e1aaead8d8645b38843eea64fc2,ETH|Bybit|1778443140|1778448540,ETH,Bybit,sell,BASIS_DISLOCATION|ETH|Bybit|sell,0,4,1778443140.0,90.0,116.85018986786224,4,107.41540474966766,0.11777172416791465,0.44539545504411143,-0.9737165234830681,0.010585051388791344,0.27078534043471614,-0.3380024477615076,0.2415889802148043,-0.1242930462632207,-0.3770859557006533,-0.16221903249531885,-0.031224431983262663
1202,425f4c9ff9776e51c9433c5c868848e0,ETH|Bybit|1778443140|1778448540,ETH,Bybit,sell,BASIS_DISLOCATION|ETH|Bybit|sell,1,4,1778443140.0,90.0,116.85018986786224,4,290.62105318330384,-1.3923533090270384,-0.06219035567073922,-0.1156681617637129,-0.18382642764702725,0.37751935716972135,-0.2273585984622771,-0.13095729699747757,0.24390043152457758,-0.20965686988994559,-0.15134927476767052,0.18083546066508868
1203,92be1650aabd9126bae8f0656af02879,ETH|Bybit|1778443140|1778448540,ETH,Bybit,sell,BASIS_DISLOCATION|ETH|Bybit|sell,2,4,1778443140.0,90.0,116.85018986786224,4,1672.830658870393,0.6777676378535897,-0.44516305043575977,0.8276098012808967,0.25875638316744665,-0.24099941506564207,-0.03157400920800298,0.2046222308149684,-0.05337227321992266,-0.19379923357072013,0.6316066784563255,0.20882314540214786
1204,bee5adabc5127e2017f451f88653b054,ETH|Bybit|1778443140|1778448540,ETH,Bybit,sell,BASIS_DISLOCATION|ETH|Bybit|sell,3,4,1778443140.0,90.0,116.85018986786224,4,-842.3050442455954,-0.9745005637692323,-0.23747998249264,-0.5375629351329766,-0.563945639032414,0.5089719937061595,-0.2123070825779547,0.13884418921023917,-0.13296897786824025,0.33543718016598073,0.06530290413511781,0.32880095796443115
1205,559ef334ba150629220c761ba025765d,ETH|Bybit|1778451240|1778455740,ETH,Bybit,buy,BASIS_DISLOCATION|ETH|Bybit|buy,0,4,1778451240.0,75.0,121.08901090459739,3,-266.1356013397195,-1.1494488842152648,2.0816823856124658,0.6538012747069946,0.5150416492327209,-0.2763616302936927,-0.33035302191156984,0.10108269801921675,-0.43070166075567523,-0.0019719486961031125,-0.1726170401541453,-0.09640203498172426
1206,9835f6c9503caf936bd2f7911d5fc5f4,ETH|Bybit|1778451240|1778455740,ETH,Bybit,buy,BASIS_DISLOCATION|ETH|Bybit|buy,1,4,1778451240.0,75.0,121.08901090459739,3,351.1257178567453,-1.0394231879083506,2.0441806389393777,0.4079530871740129,0.5703805046857621,-0.40184723236476744,-0.47792138383033794,0.2335612507878192,0.1697512195597864,-0.047923208215089885,-0.1760502632865694,0.15862851702528544
1207,f4ad5ff5124cfa938c3e8da8408fc8ea,ETH|Bybit|1778451240|1778455740,ETH,Bybit,buy,BASIS_DISLOCATION|ETH|Bybit|buy,2,4,1778451240.0,75.0,121.08901090459739,3,12.394979326739223,-1.0274369743993172,-0.4111448974464958,-0.6342152922729977,0.43419766260050174,0.001425264369214045,0.415019464513414,-0.26851114435067364,0.09531435181757393,0.15322042614417794,0.11658704206355174,-0.30324080971065187
1208,e175948425d6796467de16735c7d12b1,ETH|Bybit|1778451240|1778455740,ETH,Bybit,buy,BASIS_DISLOCATION|ETH|Bybit|buy,3,4,1778451240.0,75.0,121.08901090459739,3,56.765745005521744,-0.8398618712208766,-0.7683259285483695,-0.2160752610626483,0.055093674634937764,0.2105283266148728,-0.1282055488313693,0.3052164888548897,-0.3315159972883904,-0.09530311091721562,0.18575680268399106,0.3142399993052669
1209,981ca72a6b339de83924326e45a06d68,ETH|Bybit|1778457540|1778460540,ETH,Bybit,sell,BASIS_DISLOCATION|ETH|Bybit|sell,0,2,1778457540.0,50.0,55.35668832344183,4,-44.02020242980906,0.9833037657518621,-0.42414062424865473,-1.0763862024420663,-0.2574676572401842,0.6229135852955034,-0.1808802189256803,-0.012683752957336007,0.12993285825031065,-0.11365924927818986,-0.24908191139167032,-0.11554329950722222
1210,e8e24a22faf890ec2ffa7659d5447eff,ETH|Bybit|1778457540|1778460540,ETH,Bybit,sell,BASIS_DISLOCATION|ETH|Bybit|sell,1,2,1778457540.0,50.0,55.35668832344183,4,-281.05476413161534,1.2003520326362382,2.3691378762883715,-0.308163011852867,0.08453619702766889,0.3509024498479627,-0.22855619987969844,0.30233328947194116,0.4442632215211144,-0.1403359701018648,-0.36025134785445895,0.17448157765787056
1211,7856e1c507071118d32233050b0c50eb,ETH|Bybit|1778444940|1778448540,ETH,Bybit,sell,LIQUIDITY_SQUEEZE|ETH|Bybit|sell,0,2,1778444940.0,60.0,64.70895276318205,3,1916.7169153774703,1.9651709209045252,3.376628082967435,0.35281595806775734,-0.017736497952749185,0.16348091229312658,-0.049809516558348886,-0.19143928430879242,-0.7360709698400207,-0.11978171235248512,0.04868990595051334,0.0581029034800654
1212,838518f9b8b7559c68167233a8142d31,ETH|Bybit|1778444940|1778448540,ETH,Bybit,sell,LIQUIDITY_SQUEEZE|ETH|Bybit|sell,1,2,1778444940.0,60.0,64.70895276318205,3,-737.7039932078233,-0.8810042228285493,-0.4618228843391463,-0.24154973764644894,-0.7945069994411568,-0.579304371280246,0.05346106552927262,-0.06498917937038645,-0.17277034599601782,0.032929718118561074,0.2125884091740334,-0.2977800705467338
1213,ba4659fbcc29453e75099e452431794d,ETH|Bybit|1778450340|1778455740,ETH,Bybit,buy,LIQUIDITY_SQUEEZE|ETH|Bybit|buy,0,3,1778450340.0,90.0,175.09065130121746,2,-266.79629463184835,-1.564698102844442,-0.8964769272528401,-0.3577160147084941,0.6113587816753976,-0.09283841674554458,-0.22125108613693328,-0.3013476719900984,0.3487883277630232,0.298738304071685,-0.16175138014397258,-0.046841910244909066
1214,73c69c0982bbf93b632fbdc66c1a47a4,ETH|Bybit|1778450340|1778455740,ETH,Bybit,buy,LIQUIDITY_SQUEEZE|ETH|Bybit|buy,1,3,1778450340.0,90.0,175.09065130121746,2,-0.603478848992498,0.405908959776982,-0.4366167797600094,0.5909634237983135,-0.7758778616418346,-0.2712490520509612,0.350689655242082,-0.2782145833771683,0.024691090203420963,-0.05171065998125861,-0.27116713619842636,-0.13185807252513018
1215,9cf9af6f4ce7a534790ebcf417f0ea69,ETH|Bybit|1778450340|1778455740,ETH,Bybit,buy,LIQUIDITY_SQUEEZE|ETH|Bybit|buy,2,3,1778450340.0,90.0,175.09065130121746,2,56.765745005521744,-0.8398618712208766,-0.7683259285483695,-0.2160752610626483,0.055093674634937764,0.2105283266148728,-0.1282055488313693,0.3052164888548897,-0.3315159972883904,-0.09530311091721562,0.18575680268399106,0.3142399993052669
1216,ac120d9ddfbacd42c31007cd47993158,ETH|Bybit|1778452140|1778455740,ETH,Bybit,buy,LIQUIDITY_SQUEEZE|ETH|Bybit|buy,0,2,1778452140.0,60.0,69.25140581734287,2,5.623044685824434,1.0949545424436153,-0.4477821260898732,0.6977942149408393,-1.0261630366411958,-0.18272640287661554,0.2173767215515251,-0.004755197377914646,0.39652995670197444,0.4478442883855505,0.16226404179761048,-0.035328482182330326
1217,63588a7cf9df9f12b826571bfe6133bd,ETH|Bybit|1778452140|1778455740,ETH,Bybit,buy,LIQUIDITY_SQUEEZE|ETH|Bybit|buy,1,2,1778452140.0,60.0,69.25140581734287,2,56.765745005521744,-0.8398618712208766,-0.7683259285483695,-0.2160752610626483,0.055093674634937764,0.2105283266148728,-0.1282055488313693,0.3052164888548897,-0.3315159972883904,-0.09530311091721562,0.18575680268399106,0.3142399993052669
1218,8f661d2f6102ee7ee4f7bc010358617d,ETH|Bybit|1778456640|1778460540,ETH,Bybit,sell,LIQUIDITY_SQUEEZE|ETH|Bybit|sell,0,3,1778456640.0,65.0,86.44591973176115,3,35.08726395721427,-0.25153584935669765,2.4855068108027885,-0.2374369609554643,-0.47547440579143846,0.7576169512502156,-0.31844438612928266,-0.20084732939029967,-0.1256099969653395,-0.4282282307802832,-0.3615340717333179,0.11998043730824398
1219,55bdc18e3d2881fd1b0344904e7dd570,ETH|Bybit|1778456640|1778460540,ETH,Bybit,sell,LIQUIDITY_SQUEEZE|ETH|Bybit|sell,1,3,1778456640.0,65.0,86.44591973176115,3,-39.454919152711405,0.1913442912336692,-0.5936075367033132,-0.8675861919167915,0.724585597985899,-0.27703444489340856,0.3222013284829925,0.4125196448566177,0.07467271121896535,0.22394502424431503,-0.3651123566692365,0.13327943148866114
1220,547373dcdb2c341e4c1d45db6aefdd72,ETH|Bybit|1778456640|1778460540,ETH,Bybit,sell,LIQUIDITY_SQUEEZE|ETH|Bybit|sell,2,3,1778456640.0,65.0,86.44591973176115,3,-281.05476413161534,1.2003520326362382,2.3691378762883715,-0.308163011852867,0.08453619702766889,0.3509024498479627,-0.22855619987969844,0.30233328947194116,0.4442632215211144,-0.1403359701018648,-0.36025134785445895,0.17448157765787056
1221,511b4ae4e22c1042e423b7544ef550e1,ETH|Bybit|1778462940|1778469600,ETH,Bybit,sell,BASIS_DISLOCATION|ETH|Bybit|sell,0,4,1778462940.0,111.0,124.11366337066437,4,18.410552314288676,-1.351721765739024,-0.39188075155169017,-0.4196824209571625,-1.4067839532984143,-0.4987440982704751,0.5863956751677785,-0.24758485011781228,-0.2506832154501828,0.10597414729013231,-0.30166041133789195,-0.018322944397286833
1222,879649f0ffca19d0005bdd4956efdb8c,ETH|Bybit|1778462940|1778469600,ETH,Bybit,sell,BASIS_DISLOCATION|ETH|Bybit|sell,1,4,1778462940.0,111.0,124.11366337066437,4,516.5033845256289,-1.0184123664212847,-0.3442978638530042,-0.2867761435917277,-0.8307534440994297,-0.2135625380377455,-0.31563666964360176,0.42156696937703697,0.08890646004320123,-0.0064444827137557815,0.11293533765054287,-0.5059653395106327
1223,727ca34cc76e5cd77f6a036cd2105a04,ETH|Bybit|1778462940|1778469600,ETH,Bybit,sell,BASIS_DISLOCATION|ETH|Bybit|sell,2,4,1778462940.0,111.0,124.11366337066437,4,-53.420723595012724,-1.396261455562088,3.34014344443135,0.7162009459137326,0.5459931465063234,-0.3189789727839919,0.214219831040844,0.4350390010212921,0.008293968061217726,0.0007618406955216743,-0.24823415725077583,0.12654619404214007
1224,b62364ece347124af2194978d2951a8c,ETH|Bybit|1778462940|1778469600,ETH,Bybit,sell,BASIS_DISLOCATION|ETH|Bybit|sell,3,4,1778462940.0,111.0,124.11366337066437,4,383.2611252043797,0.16957386068062996,-0.28060156995326624,-0.4046915110931774,0.527216984579101,-0.064324900315852,-0.3349632968451582,-0.44793194718507223,0.3767553005753246,0.16200151678402855,0.12066639811208912,0.05289692408930333
1225,c4c05853b45cf69ccb35145e860c37da,ETH|Bybit|1778466540|1778469600,ETH,Bybit,sell,BASIS_DISLOCATION|ETH|Bybit|sell,0,3,1778466540.0,51.0,74.83678546890367,4,504.04885550812924,-0.8584071873016584,-0.34012260036168807,-0.4251727321564684,0.3271099533576183,0.13072250708378702,-0.04759735048195478,-0.498717314696313,-0.18764711256398167,-0.10505372374912958,-0.24643213305622785,0.4492644870322956
1226,c11db91e9d399ec81f94b84de50c2612,ETH|Bybit|1778466540|1778469600,ETH,Bybit,sell,BASIS_DISLOCATION|ETH|Bybit|sell,1,3,1778466540.0,51.0,74.83678546890367,4,-53.420723595012724,-1.396261455562088,3.34014344443135,0.7162009459137326,0.5459931465063234,-0.3189789727839919,0.214219831040844,0.4350390010212921,0.008293968061217726,0.0007618406955216743,-0.24823415725077583,0.12654619404214007
1227,39e3b19407a8de3c069147aa4dc1b65e,ETH|Bybit|1778466540|1778469600,ETH,Bybit,sell,BASIS_DISLOCATION|ETH|Bybit|sell,2,3,1778466540.0,51.0,74.83678546890367,4,383.2611252043797,0.16957386068062996,-0.28060156995326624,-0.4046915110931774,0.527216984579101,-0.064324900315852,-0.3349632968451582,-0.44793194718507223,0.3767553005753246,0.16200151678402855,0.12066639811208912,0.05289692408930333
1228,43fb969b1dd8bbc6acf4cca7c1db3a32,ETH|Bybit|1778464740|1778473740,ETH,Bybit,sell,LIQUIDITY_SQUEEZE|ETH|Bybit|sell,0,5,1778464740.0,150.0,102.44903953242928,1,489.14660379814677,0.31597906049033425,3.9419677321059914,-0.09819687774958075,0.30491119866182137,0.1612113871968816,0.32712140176324095,-0.4545131545427419,0.16555843756061203,-0.2990068760162118,-0.02504930329500876,0.5696386296779203
1229,14b434c114229937dbf749e716531eb4,ETH|Bybit|1778464740|1778473740,ETH,Bybit,sell,LIQUIDITY_SQUEEZE|ETH|Bybit|sell,1,5,1778464740.0,150.0,102.44903953242928,1,291.044595132254,-1.1362637293789875,-0.2835054941723888,-0.4462556447866543,-0.8932192529204417,-0.19496146319805102,-0.26031357543441525,0.3086386546626476,0.08739518080535207,-0.09126410651886538,0.17131335547133142,-0.49790313662184427
1230,abf4a470176c9b27cf67ccaa3efa3cab,ETH|Bybit|1778464740|1778473740,ETH,Bybit,sell,LIQUIDITY_SQUEEZE|ETH|Bybit|sell,2,5,1778464740.0,150.0,102.44903953242928,1,-53.420723595012724,-1.396261455562088,3.34014344443135,0.7162009459137326,0.5459931465063234,-0.3189789727839919,0.214219831040844,0.4350390010212921,0.008293968061217726,0.0007618406955216743,-0.24823415725077583,0.12654619404214007
1231,1c284bfac80d037999a04ce57a461628,ETH|Bybit|1778464740|1778473740,ETH,Bybit,sell,LIQUIDITY_SQUEEZE|ETH|Bybit|sell,3,5,1778464740.0,150.0,102.44903953242928,1,444.6113597218481,-0.10883314008997325,-0.7475223613569787,-0.4078276343666418,0.5829532968188866,-0.3018499432242969,-0.1481818567850211,0.10487079706363121,0.01251733306167814,-0.269054669131988,-0.59936454948743,0.13979537082671847
1232,4ca81409f08787e437791d0e2abb5c04,ETH|Bybit|1778464740|1778473740,ETH,Bybit,sell,LIQUIDITY_SQUEEZE|ETH|Bybit|sell,4,5,1778464740.0,150.0,102.44903953242928,1,-48.781838411433625,0.5348873911647194,-0.6426281802345717,-0.9041764055574432,0.09067371741003238,0.2923642657181837,0.3017404308041217,0.4443407201222168,-0.25946614336531726,-0.1932240239718237,-0.2733325175573071,-0.0955667853914136
1233,2c1c0839b5c8190fabf4ece1e013bbcf,ETH|Bybit|1778465640|1778473740,ETH,Bybit,sell,LIQUIDITY_SQUEEZE|ETH|Bybit|sell,0,4,1778465640.0,135.0,87.91914895291114,1,528.4145963997503,0.09531852754619431,-0.05525902410657993,-0.6753170538444667,-1.208755838083667,-0.09661526530039574,0.15392956805179425,0.5818938083855818,0.23076535280034619,0.033610227303771244,0.07642981167648598,-0.23665867424084824
1234,46c06393aaf3205b62921c52f91b7b19,ETH|Bybit|1778465640|1778473740,ETH,Bybit,sell,LIQUIDITY_SQUEEZE|ETH|Bybit|sell,1,4,1778465640.0,135.0,87.91914895291114,1,-87.02757187240074,-1.476529376033577,1.6209222129059258,0.536427542229248,0.5544658501916065,-0.3078660253099804,0.24338865563507553,0.4348393445567675,-0.026174934887497673,0.00586512805054213,-0.23582332648421314,0.14402632480751779
1235,056e7cb1745c5c66574218aa8360392a,ETH|Bybit|1778465640|1778473740,ETH,Bybit,sell,LIQUIDITY_SQUEEZE|ETH|Bybit|sell,2,4,1778465640.0,135.0,87.91914895291114,1,466.03931405742475,0.27131384651222956,-1.0699865837592069,-0.5158086784578177,0.6099984839430591,-0.3243444943385431,-0.2785747012542396,0.05356927830342451,0.21563241486012183,-0.2408828339228258,-0.16928243355367062,-0.002286459518503061
1236,4fa6c42585c3835d7dcdece93bc29e2f,ETH|Bybit|1778465640|1778473740,ETH,Bybit,sell,LIQUIDITY_SQUEEZE|ETH|Bybit|sell,3,4,1778465640.0,135.0,87.91914895291114,1,-53.46429017531851,0.029633136255834254,-0.6773408579589453,-0.7812237158496003,-0.040967247045311087,0.5565228763787273,-0.08152894083935869,0.45627448659204006,0.09034727088213429,0.36490106487464774,-0.24677235214713905,0.09445632693590976
1237,7fd4b73aafdc3360b69fc10fdc7bf6ac,ETH|Bybit|1778468340|1778473740,ETH,Bybit,sell,LIQUIDITY_SQUEEZE|ETH|Bybit|sell,0,2,1778468340.0,90.0,47.03174850093731,1,550.4417192751699,1.0420491528606728,1.2194048354588336,-0.4760270290384316,0.4625989358544946,0.15091039369421463,-0.13163687807224841,-0.6617079606832876,0.23106408409979975,0.2787333654738586,0.19584777346550383,0.11685553321623089
1238,4fb82ea3b83fbda6d889a7cec6271a76,ETH|Bybit|1778468340|1778473740,ETH,Bybit,sell,LIQUIDITY_SQUEEZE|ETH|Bybit|sell,1,2,1778468340.0,90.0,47.03174850093731,1,-123.80057179996852,-0.30155641115331067,-0.4869336304004189,-0.5395119459402938,-0.5263117498374198,0.4478728760755654,-0.033593659633250054,0.4518181184914193,0.1771599068428282,0.2701247627894198,0.35035704528638706,-0.4257388504299737
1239,0747df29e93f4f1b7bb55d1fbd5c4b9e,ETH|Bybit|1778464740|1778469600,ETH,Bybit,sell,MEAN_REVERSION_CHOP|ETH|Bybit|sell,0,3,1778464740.0,81.0,110.25134607075438,2,489.14660379814677,0.31597906049033425,3.9419677321059914,-0.09819687774958075,0.30491119866182137,0.1612113871968816,0.32712140176324095,-0.4545131545427419,0.16555843756061203,-0.2990068760162118,-0.02504930329500876,0.5696386296779203
1240,5cf9a6ef2800a2d508af4cc74c084780,ETH|Bybit|1778464740|1778469600,ETH,Bybit,sell,MEAN_REVERSION_CHOP|ETH|Bybit|sell,1,3,1778464740.0,81.0,110.25134607075438,2,-2.5336946473530157,-1.5627698376334043,-0.5121046691863121,-0.5884588767555817,0.5033019701466991,-0.2782938160597349,-0.048184757881761915,-0.051140898385860105,0.3630804492281604,0.10775071240834642,0.5794250509125636,-0.3705284877619587
1241,4ec812a284fbd3ee75bc6fd6b5946d9c,ETH|Bybit|1778464740|1778469600,ETH,Bybit,sell,MEAN_REVERSION_CHOP|ETH|Bybit|sell,2,3,1778464740.0,81.0,110.25134607075438,2,308.302745959887,2.6422682959212445,0.2554637461123878,-0.8011856933417598,-0.7454384455856526,-0.7101650167766429,0.4503999962547712,-0.4510344236838317,-0.020202008370209534,0.3922606605172882,-0.6857671898689693,0.015356385378858658
1242,a6ef1b067a233b1b9b67596146f44262,ETH|Bybit|1778465640|1778469600,ETH,Bybit,sell,MEAN_REVERSION_CHOP|ETH|Bybit|sell,0,3,1778465640.0,66.0,95.73173643294793,2,501.6134280049108,0.05221588266257213,-0.3124701200318255,-0.6690755974368175,-0.9908503535345251,0.09557593844280148,0.25975962521450735,0.5138524660874723,-0.01887056289665634,-0.03626998666427687,-0.07417436511705935,0.0045922639059642134
1243,bbaac2cd3d03b80e1f58ea94615d01c3,ETH|Bybit|1778465640|1778469600,ETH,Bybit,sell,MEAN_REVERSION_CHOP|ETH|Bybit|sell,1,3,1778465640.0,66.0,95.73173643294793,2,-53.420723595012724,-1.396261455562088,3.34014344443135,0.7162009459137326,0.5459931465063234,-0.3189789727839919,0.214219831040844,0.4350390010212921,0.008293968061217726,0.0007618406955216743,-0.24823415725077583,0.12654619404214007
1244,702403740c15567230d2a0c22f92412e,ETH|Bybit|1778465640|1778469600,ETH,Bybit,sell,MEAN_REVERSION_CHOP|ETH|Bybit|sell,2,3,1778465640.0,66.0,95.73173643294793,2,383.2611252043797,0.16957386068062996,-0.28060156995326624,-0.4046915110931774,0.527216984579101,-0.064324900315852,-0.3349632968451582,-0.44793194718507223,0.3767553005753246,0.16200151678402855,0.12066639811208912,0.05289692408930333
1245,4dd835d13cfc3510f87f4b969af7ce4a,ETH|Bybit|1778468340|1778469600,ETH,Bybit,sell,MEAN_REVERSION_CHOP|ETH|Bybit|sell,0,1,1778468340.0,21.0,54.88507383453756,2,320.2543502072808,0.7775402770847014,-0.07691782568840617,-0.4580064711203331,0.024569421317232814,0.49525510844894577,-0.3879696790606087,-0.17436895758537893,-0.1733819326910565,-0.25883435306871433,-0.38344973000642785,-0.21903630417306888
1246,9067c1bd6a376dad46b4ae7907ae5204,ETH|Bybit|1778135040|1778136540,ETH,Bybit,buy,BASIS_DISLOCATION|ETH|Bybit|buy,0,1,1778135040.0,25.0,47.88688001723412,3,-604.7867930728123,-0.6002961570755457,-0.4314065950612037,-0.7764853517640858,0.01877405526955504,0.05039198766903001,-0.8102078968783324,0.34399779937285857,-0.2627847159715801,0.049794710500323726,-0.25302928590178736,-0.20802992643328813
1247,62873bc2b09345df70435c3590489640,ETH|Bybit|1778149740|1778153340,ETH,Bybit,buy,BASIS_DISLOCATION|ETH|Bybit|buy,0,3,1778149740.0,60.0,30.095547103474537,1,-181.0967761901797,-1.4259735249945789,-0.4613575321598332,-0.8146905852841734,0.2571473199050209,0.20116267479753713,0.39677053358835435,-0.6505870278595589,-0.5609749711867864,-0.4136145189868329,-0.11364999774179445,0.015399614143101906
1248,6ac9ad18ca4a6977e75f42384a07d843,ETH|Bybit|1778149740|1778153340,ETH,Bybit,buy,BASIS_DISLOCATION|ETH|Bybit|buy,1,3,1778149740.0,60.0,30.095547103474537,1,-82.51538735018872,1.0565891820158329,-0.9701058266385929,1.0476609254591673,0.06084321466537213,0.6876134895602,0.4408004760007741,-0.5572644027150819,0.14598635793577053,-0.25972295390088135,-0.4777517078160404,0.03395482911710906
1249,1f3b83adbd9b901bc6db848311cd0404,ETH|Bybit|1778149740|1778153340,ETH,Bybit,buy,BASIS_DISLOCATION|ETH|Bybit|buy,2,3,1778149740.0,60.0,30.095547103474537,1,-0.47335085237667174,0.38467120136707156,-0.6667175925676394,0.19592154494201827,-0.5563010443617313,0.7276960400598926,0.09371664806897005,-0.04292805477071101,-0.09015741361833052,-0.0963289734244884,-0.2568358883833011,0.31511183457452757
1250,da8e7363874f34c21619d08665bc0047,ETH|Bybit|1778150040|1778156640,ETH,Bybit,buy,LIQUIDITY_SQUEEZE|ETH|Bybit|buy,0,5,1778150040.0,110.0,38.22686310283984,1,-298.684608066869,-0.5718969243327902,-0.6565386583231435,-1.155732304605144,0.41881764819465683,0.1549644321530523,0.15705055301019036,-0.5360906360872456,-0.18413412139835622,0.1659094230587947,0.42280126357916487,0.24909585212919566
1251,6f7613eca48092dab1861c4e4fc98bf2,ETH|Bybit|1778150040|1778156640,ETH,Bybit,buy,LIQUIDITY_SQUEEZE|ETH|Bybit|buy,1,5,1778150040.0,110.0,38.22686310283984,1,-39.478501101785675,-0.7362115603242594,1.2088477019614297,0.20680216616005087,-0.0069515536588846075,0.45805505924188317,0.29668936305694615,-0.15107838587650668,0.31136253510914974,-0.46977064041777633,-0.16042712376375284,-0.1237493381571763
1252,6e1595e0fe148c14d217b95c2577327a,ETH|Bybit|1778150040|1778156640,ETH,Bybit,buy,LIQUIDITY_SQUEEZE|ETH|Bybit|buy,2,5,1778150040.0,110.0,38.22686310283984,1,-22.771807594548754,-1.189715576931629,-0.8203945099967532,0.12342029411320656,-0.31322535561221676,0.47852270602001956,-0.2863223101141282,-0.4480920892837348,0.09922604043690185,-0.055120782577916944,0.08312518498568897,0.02927828637525128
1253,0517a846ac411e2e5e7906c6dde66031,ETH|Bybit|1778150040|1778156640,ETH,Bybit,buy,LIQUIDITY_SQUEEZE|ETH|Bybit|buy,3,5,1778150040.0,110.0,38.22686310283984,1,-184.63801161489914,-0.8681146691932401,-0.6716413998812956,-0.6238986201720019,-0.46906834959378363,0.2943000382984146,-0.6360714346852747,0.2185617735575976,-0.11027101463135831,0.4255753526819093,0.3752691795311321,-0.2321654249939565
1254,05c4fc73feadd8b4d2ff34d1f056ad38,ETH|Bybit|1778150040|1778156640,ETH,Bybit,buy,LIQUIDITY_SQUEEZE|ETH|Bybit|buy,4,5,1778150040.0,110.0,38.22686310283984,1,-193.15456131041424,-0.7899581089821966,-0.5357194359579761,-0.03453386482727934,0.475383903364317,-0.02072096233502461,0.3375966783464666,-0.1411175229437924,-0.10428709246800409,0.34247644419994455,0.021421493587088995,0.08943363097091794
1255,c632882d9754c3542490e6b0a15839f3,ETH|Bybit|1778160240|1778162040,ETH,Bybit,sell,LIQUIDITY_SQUEEZE|ETH|Bybit|sell,0,1,1778160240.0,30.0,46.429971582077805,3,665.5123288144064,1.655413423059281,-0.4889507431515508,0.7502126740223202,-0.8721676620097261,-0.3424593725353778,0.16771073370605463,-0.07377674737192301,-0.14387547547651672,-0.607656532014409,0.39347554346044444,-0.1372296151300523
1256,3ecc4b956012f58bde6cee0848eb4d24,ETH|Bybit|1778160540|1778162040,ETH,Bybit,sell,LIQUIDITY_SQUEEZE|ETH|Bybit|sell,0,1,1778160540.0,25.0,32.34924603988742,3,883.6079495988732,1.2734449774184513,-0.582509406580588,0.8647518026474019,-0.6528237998558922,0.25877598134471613,-0.013282244596135874,0.06018979071064991,-0.16821900247667587,-0.7128865103023523,0.43856089597086245,-0.1044517301584792
1257,c1e71f884b4f7ccbd11ee1795a9f1796,ETH|Bybit|1778163240|1778165340,ETH,Bybit,sell,LIQUIDITY_SQUEEZE|ETH|Bybit|sell,0,2,1778163240.0,35.0,69.53551763965348,1,133.74416471030875,-1.19761656806068,1.7675268707294987,-0.6917656198047571,0.46254526739842505,-0.0501475550370492,0.5194973720044854,-0.09526163632100926,0.1925464164173586,0.39664848604113595,-0.017410167721057336,-0.2818082305082656
1258,2e4fdf06cde1883aefd4e74c6e0e4a64,ETH|Bybit|1778163240|1778165340,ETH,Bybit,sell,LIQUIDITY_SQUEEZE|ETH|Bybit|sell,1,2,1778163240.0,35.0,69.53551763965348,1,1297.5299897898155,-0.24963886565737445,-0.43138424710594914,0.17146045062111542,0.2759968934533395,-0.07575787013774156,0.1563092321628279,0.2205737876357081,-0.0036506433184970567,0.25644920197106846,-0.1950937727366271,-0.16088617214803314
1259,de6a219b63b18596b90d449c4d00876e,ETH|Bybit|1778164140|1778165340,ETH,Bybit,sell,LIQUIDITY_SQUEEZE|ETH|Bybit|sell,0,1,1778164140.0,20.0,41.26139146295699,1,1225.2857213482146,-0.5015303256298109,-0.38447475202340786,0.27710886142364727,0.058951366047474946,0.15705495083514884,-0.20953306602029687,-0.31767020999888607,-0.3986015875623897,0.21410259139659388,0.12939518567619715,-0.008424588141687072
1260,a5c193ad519906ac3aebb6260c0e8434,ETH|Bybit|1778163240|1778165040,ETH,Bybit,sell,MEAN_REVERSION_CHOP|ETH|Bybit|sell,0,1,1778163240.0,30.0,76.88064036138601,2,1025.9441307411066,-0.3813383269133924,-0.4698350435669064,0.049128641107011664,-1.0157008237185792,-0.1871736501797668,-0.24436051285933622,0.26073598044811175,0.22722704089351353,0.1635362065639377,0.10496523115749545,0.49286517020490567
1261,9364f35f7dbf04e156155458fa289613,ETH|Bybit|1778164140|1778165040,ETH,Bybit,sell,MEAN_REVERSION_CHOP|ETH|Bybit|sell,0,1,1778164140.0,15.0,48.62654919711598,2,1913.0353435090267,-0.5069300984660088,-0.8045625522774156,1.113549230680618,0.280902801799246,-0.22591420581703925,-0.19055952062733789,0.0760470317376076,0.1548758509605223,-0.1301217374534461,-0.20523259705420382,0.10215526226168711
1262,5fc6764fd5b59782cd9bd26b06a07666,ETH|Bybit|1778205540|1778207040,ETH,Bybit,sell,MEAN_REVERSION_CHOP|ETH|Bybit|sell,0,1,1778205540.0,25.0,32.684616689655115,2,914.4230278496931,3.3826044817067444,-0.35258791406868056,-1.085102939120567,-0.2671467113497834,0.6580669346581769,-0.052272085667931,-0.07496207443084489,0.16798661059281367,-0.15798890788578096,0.04710247139163565,-0.38574507601525027
1263,6b2f10b9316677e83285a1942d8135ee,ETH|Bybit|1778225640|1778230740,ETH,Bybit,buy,BASIS_DISLOCATION|ETH|Bybit|buy,0,4,1778225640.0,85.0,31.18909785451182,1,-8.407579956623607,-1.0994581726742432,0.8468749683472011,0.535521924083837,0.4467944587534552,-0.13161800498868392,0.6152126521349058,0.2991645145444712,-0.12874542688131746,0.10322334950848039,-0.020032385951246328,0.21062698748824646
1264,2bc6f5c2356fcceba1fb16eca4f1d4da,ETH|Bybit|1778225640|1778230740,ETH,Bybit,buy,BASIS_DISLOCATION|ETH|Bybit|buy,1,4,1778225640.0,85.0,31.18909785451182,1,-37.58710550892064,0.07769015756953439,-0.7389410441623027,-0.917491153799535,0.2718272234118346,0.14627564230617934,0.17828064110933017,0.33767730107891986,0.02102877081760101,0.14083720457566665,0.30011720642506545,-0.20060703412514277
1265,a5ebc43d09da19cd7e1ebb65470d76ac,ETH|Bybit|1778225640|1778230740,ETH,Bybit,buy,BASIS_DISLOCATION|ETH|Bybit|buy,2,4,1778225640.0,85.0,31.18909785451182,1,-199.95485118902047,-0.01886790217227781,0.4057896382253566,-0.4797312829048351,-0.5274624723475633,0.155377368820032,0.06998008357003246,0.25836766290265345,-0.24722980843769096,0.6369607891220026,0.20522268015451958,0.2857040029913928
1266,18c149574261d85f188a786ba3181fda,ETH|Bybit|1778225640|1778230740,ETH,Bybit,buy,BASIS_DISLOCATION|ETH|Bybit|buy,3,4,1778225640.0,85.0,31.18909785451182,1,-68.6792823703345,2.618447242678304,-0.5509932762921026,0.6781058299247257,0.6273993415091619,0.0456987057632723,-0.23368284771689365,-0.05452242547377374,-0.06399425161629878,0.3139286357961741,-0.14377183029091747,0.2701395033051513
1267,93167871291409ec88c42c0cbbbb49eb,ETH|Bybit|1778254140|1778256240,ETH,Bybit,buy,BASIS_DISLOCATION|ETH|Bybit|buy,0,2,1778254140.0,35.0,42.52471379960799,3,3.3971543644899973,-1.512520835642035,-1.0487668315416392,-0.37843676775729024,0.3731514107164595,0.20029073746159476,0.27816351341526363,-0.4744584118153515,0.04231096885154887,0.1698465491858971,0.06867776963817226,0.3842574144402151
1268,5d4ec1e9d49a18bb21324421c08b78c1,ETH|Bybit|1778254140|1778256240,ETH,Bybit,buy,BASIS_DISLOCATION|ETH|Bybit|buy,1,2,1778254140.0,35.0,42.52471379960799,3,-99.45105859256081,-1.5554923958230011,-0.90163063256624,-0.35538911430500564,0.5199032746585104,-0.16537640245090623,0.14549663894969792,0.14819248208451824,-0.4691181281663581,0.3007095259630651,-0.16065693202435893,-0.24252568440011818
1269,302a29b1640de414cbb2d709ad4def9c,ETH|Bybit|1778261040|1778261940,ETH,Bybit,buy,BASIS_DISLOCATION|ETH|Bybit|buy,0,1,1778261040.0,15.0,40.51919764755949,3,-136.15082616381324,-0.027809823779389294,-0.9681964072683856,0.3591245923948853,0.5969505208199037,-0.448785184999455,-0.469430999625768,0.1484700190962186,-0.5207833962104725,-0.04358213521245776,0.03531435081994855,-0.33833174767471097
1270,eb86c36e2bf93d618a10c41d3d4164e4,ETH|Bybit|1778247840|1778250540,ETH,Bybit,buy,LIQUIDITY_SQUEEZE|ETH|Bybit|buy,0,2,1778247840.0,45.0,31.08982632922746,1,-81.75935615168997,0.35079387380412314,-1.1426364882103228,0.42838547229640384,-0.3450508421315191,0.7559398952908367,-0.12090942098842095,-0.20577314779998207,0.24768205707113725,-0.01867626652087388,-0.5080565786870226,-0.038535652082753453
1271,cac5a51909b9987da63337a192ce7df0,ETH|Bybit|1778247840|1778250540,ETH,Bybit,buy,LIQUIDITY_SQUEEZE|ETH|Bybit|buy,1,2,1778247840.0,45.0,31.08982632922746,1,319.59776249130965,1.3319333039869408,-0.37513233557268777,1.2175839564322353,0.32062114579506473,0.12416043875127306,-0.1469330373135322,-0.29203603635920633,-0.33385160563635147,0.15977847204145282,-0.34538730592454353,-0.2746515868037994
1272,80fb119bb50ddfb8721cb10b31776579,ETH|Bybit|1778247840|1778250240,ETH,Bybit,buy,MEAN_REVERSION_CHOP|ETH|Bybit|buy,0,2,1778247840.0,40.0,63.84359605640867,1,-84.56145445154807,0.34064609665552925,-0.8516715933879357,0.40782825727787303,-0.23669138714258875,0.44074613420569075,-0.04842632169547404,-0.04215314944092034,0.21606407805573266,0.09986645240802455,-0.27045707740950004,-0.03453109189394263
1273,0fff3e1acee0a18d2be27a2fc35fb20c,ETH|Bybit|1778247840|1778250240,ETH,Bybit,buy,MEAN_REVERSION_CHOP|ETH|Bybit|buy,1,2,1778247840.0,40.0,63.84359605640867,1,419.27515643988164,1.7988899087358237,-0.6939343772646738,1.5034655013457392,0.6517946313465972,-0.22228959472477236,-0.0013688550351125155,-0.12372711596524114,0.4682112074387323,0.24629288597025462,0.03248948947277056,-0.35315137938540575
1274,9205b69b63657a2dae1575a719c6807e,ETH|Bybit|1778263140|1778265540,ETH,Bybit,buy,MEAN_REVERSION_CHOP|ETH|Bybit|buy,0,2,1778263140.0,40.0,44.219406566999425,1,-130.66123020950684,0.4352754044955369,-0.1907253015599971,1.0867998395991298,0.5258962760405566,-0.04238164136870659,-0.319470130416638,-0.3330475601408963,-0.19677714407062696,0.18479782436055078,-0.08643834817272766,0.49814604235271337
1275,43ce989adb1532c71db46c8ac8054612,ETH|Bybit|1778263140|1778265540,ETH,Bybit,buy,MEAN_REVERSION_CHOP|ETH|Bybit|buy,1,2,1778263140.0,40.0,44.219406566999425,1,-192.45488012453984,1.4931106119290047,-0.9295351883857528,0.5750180084731603,0.02490981443413564,0.4001707117807338,-0.12968154609883184,0.1130882809782276,0.1353697788270669,0.1147839719721128,-0.04761857222243226,-0.5400158415970611
1276,20456ee8c5dab2178189a21d7e6a73ce,ETH|Bybit|1778248740|1778250240,ETH,Bybit,buy,VOL_BREAKOUT|ETH|Bybit|buy,0,1,1778248740.0,25.0,43.83224572740393,1,215.03524196121916,0.64779162707032,-0.5932401367553245,0.9183071297191016,-0.45951612407395914,0.5738412396465654,-0.3881183621395666,-0.24290272985317904,0.23245983011647678,-0.43231964117579047,0.13308582522361778,0.24537527060872213
1277,9025c1da2efe0c4eace64ae9f8b813ee,ETH|Bybit|1778345940|1778351940,ETH,Bybit,buy,LIQUIDITY_SQUEEZE|ETH|Bybit|buy,0,5,1778345940.0,100.0,40.838889306799686,1,-570.350534376038,4.269280746161885,1.6773805995798285,1.7782444297171447,-0.34257110180628697,0.0039010172216286452,-0.4329308094692089,0.033974336569546904,-0.5508439580296443,-0.08852178985853947,0.1681937510244297,0.05212220341800211
1278,e72ec6173d80f451fb9eefc4d85334b3,ETH|Bybit|1778345940|1778351940,ETH,Bybit,buy,LIQUIDITY_SQUEEZE|ETH|Bybit|buy,1,5,1778345940.0,100.0,40.838889306799686,1,-214.0769205956052,-1.7551517930438068,-0.8490091131003775,-0.6729020858172924,0.4832455308439029,-0.14679311039838558,0.8350664650439905,0.17294195324257175,0.3937167383956785,-0.17501074012685305,0.18959610403407906,-0.18882032629199114
1279,5ae1065670a15c0074237af3a9ce17d8,ETH|Bybit|1778345940|1778351940,ETH,Bybit,buy,LIQUIDITY_SQUEEZE|ETH|Bybit|buy,2,5,1778345940.0,100.0,40.838889306799686,1,55.0610125176155,-1.3840273544165422,-0.3736655640361948,0.3099086720866968,0.27055977805866505,0.159380022529088,0.18592934312060025,-0.17385104537271637,-0.12020025180957415,0.3633741608089172,-0.0248960152816461,-0.11404856054726185
1280,ed99da55f775d4d787234507f6dbb575,ETH|Bybit|1778345940|1778351940,ETH,Bybit,buy,LIQUIDITY_SQUEEZE|ETH|Bybit|buy,3,5,1778345940.0,100.0,40.838889306799686,1,-2.1343413721159084,-0.6322109042393772,-0.34724779269996997,0.19433022002959516,-0.06891160180798801,0.6521753328530695,0.33318825258004436,-0.522410083127793,0.24658906237735811,-0.25310008977739895,0.06394096873141565,0.13544723530161154
1281,d941d7a5ac8fc293cb5bb2ad8eba140d,ETH|Bybit|1778345940|1778351940,ETH,Bybit,buy,LIQUIDITY_SQUEEZE|ETH|Bybit|buy,4,5,1778345940.0,100.0,40.838889306799686,1,29.103968518534195,2.8934020035065657,-0.959124323050997,1.893073899669448,0.6263930053294083,-0.018131216449766004,-0.17487155934388665,-0.38416507404215894,-0.19976118403290932,0.2425685030714809,-0.19062205820514402,0.23393739389741003
1282,24afd98fb21f9b2d94cd4341961dda10,ETH|Bybit|1778345940|1778346840,ETH,Bybit,buy,MEAN_REVERSION_CHOP|ETH|Bybit|buy,0,1,1778345940.0,15.0,33.42464954046648,1,-661.8320625494513,1.078351178943379,-0.837112183756928,0.9864066285647386,0.7091932314245586,-0.3090247933195683,0.17614383232242267,0.1630968083650706,-0.14847928197305596,0.19709609077998907,-0.042394530485175365,-0.1328644135774187
1283,8f21f1a7147c6033e008f0904962e948,ETH|Bybit|1778434740|1778436540,ETH,Bybit,buy,MEAN_REVERSION_CHOP|ETH|Bybit|buy,0,1,1778434740.0,30.0,35.171503917211275,1,-181.4958786611656,0.11676891682242788,-0.6195677579277491,0.6816138451214382,-0.8999568142374745,-0.03277713122225441,-0.21853323647419926,-0.0359661806036697,-0.25850716391556966,0.2235626516637386,0.20454640378311084,-0.053850885299603184
1284,09afde28fae4aebb20bfdf5134a6aee2,ETH|Bybit|1778427240|1778429640,ETH,Bybit,buy,RELATIVE_STRENGTH|ETH|Bybit|buy,0,2,1778427240.0,40.0,30.877890655460924,2,-794.5701668345959,-0.607101034164909,-0.46821428439079266,-0.05328150240441862,0.6677165380283323,-0.11694472138253995,-0.16521509788602518,-0.3603297490539438,0.09272637141208462,-0.04190338888317406,-0.18761010168012357,-0.15617489122494627
1285,1e65ca51f4e90bc4f1f95c06fac55d25,ETH|Bybit|1778427240|1778429640,ETH,Bybit,buy,RELATIVE_STRENGTH|ETH|Bybit|buy,1,2,1778427240.0,40.0,30.877890655460924,2,1.2987581456878363,-1.2551593425771876,-0.6331803830282813,-0.6371555069833272,-0.19969544599925929,0.6336388917637773,0.26234260582058444,-0.2570918643814682,-0.02448640396080711,0.16639077333884886,0.11049056963750904,0.06722761480494999
1286,311804175bffde8b0ce3368113e6505e,ETH|Bybit|1778439840|1778441940,ETH,Bybit,buy,BASIS_DISLOCATION|ETH|Bybit|buy,0,2,1778439840.0,35.0,30.060650204706228,3,-106.74470743649559,-1.629444049231553,0.06529461254624043,-0.7188862065001577,0.18190656388107326,0.23471239309247952,0.014560441633543924,-0.6636347193749469,-0.20320128844272803,-0.19073067591794027,0.426686853822494,-0.20478954874550195
1287,c8494cf65236a1d10c938b44cb570110,ETH|Bybit|1778439840|1778441940,ETH,Bybit,buy,BASIS_DISLOCATION|ETH|Bybit|buy,1,2,1778439840.0,35.0,30.060650204706228,3,164.01331160139077,-1.806426638935556,0.5854682525866571,-0.320228899659572,0.46177300113029895,-0.23191324012703793,0.5673868076677745,0.43165442680366317,-0.07078015237003074,-0.10376424523594367,-0.10950440555828493,0.10544795648910305
1288,d15ebf93b95362dbd82c946d691abd4c,ETH|Bybit|1778445540|1778446440,ETH,Bybit,sell,BASIS_DISLOCATION|ETH|Bybit|sell,0,1,1778445540.0,15.0,61.88857555710485,4,1879.8899905624105,0.0011240832569725681,-0.945163652840344,1.1948015561203325,0.21685492145218582,-0.3032438058282835,-0.07652269207694935,0.3055795317962102,-0.45743091273844566,0.12700010300917977,0.3593573968820467,-0.2745829312779473
1289,6b54ebf17e62286735108d06e41d4a54,ETH|Bybit|1778456940|1778459040,ETH,Bybit,sell,BASIS_DISLOCATION|ETH|Bybit|sell,0,2,1778456940.0,35.0,59.585072438436924,4,25.995941732714737,-0.6843501031669779,2.23107507128609,-0.3018119167172421,0.2107949309440564,0.265827141514574,0.15744829934547697,-0.3029695923605809,0.36551900586386954,-0.03718078746489228,-0.3305120233381042,-0.11174973172145461
1290,988d03d29dc7e234154ecafb12c543fa,ETH|Bybit|1778456940|1778459040,ETH,Bybit,sell,BASIS_DISLOCATION|ETH|Bybit|sell,1,2,1778456940.0,35.0,59.585072438436924,4,-77.3259896650117,0.3325630651025557,-0.6743818011036111,-0.9862203234643394,0.7636295498936346,-0.2649922665896691,0.13331105291204906,0.2834383540330758,0.27012249934031884,0.4817630004760167,-0.02597412629162113,-0.03713799569301538
1291,4faa4c4cc0ff43adfbf2b5834b802386,ETH|Bybit|1778443740|1778446440,ETH,Bybit,sell,LIQUIDITY_SQUEEZE|ETH|Bybit|sell,0,2,1778443740.0,45.0,171.06753252826007,1,150.6317263666772,-0.4030351014795444,-0.4116370711375833,-0.3582636578581137,0.24098745503774405,0.28764340516439973,-0.1580933883417782,-0.29860236400851303,-0.2922141356905853,-0.0374586544191431,-0.7173752646281613,0.17713639632209124
1292,5d0581d12c1023c97042dadee5354b58,ETH|Bybit|1778443740|1778446440,ETH,Bybit,sell,LIQUIDITY_SQUEEZE|ETH|Bybit|sell,1,2,1778443740.0,45.0,171.06753252826007,1,1344.0769946409805,1.0614508712207638,-0.685595976335689,0.6811099217453861,-0.4299616235060201,0.6936080492098616,0.05017389146104691,-0.12515199899839635,0.39859340241211577,0.2181608612538158,-0.20071480762653154,0.10783795952502381
1293,fe63369d1c935b0f5968f385f62f1481,ETH|Bybit|1778444940|1778446440,ETH,Bybit,sell,LIQUIDITY_SQUEEZE|ETH|Bybit|sell,0,1,1778444940.0,25.0,101.49029646411452,3,1344.0769946409805,1.0614508712207638,-0.685595976335689,0.6811099217453861,-0.4299616235060201,0.6936080492098616,0.05017389146104691,-0.12515199899839635,0.39859340241211577,0.2181608612538158,-0.20071480762653154,0.10783795952502381
1294,d7005c7b76bae33f1a6357775c3aab72,ETH|Bybit|1778446140|1778447640,ETH,Bybit,buy,LIQUIDITY_SQUEEZE|ETH|Bybit|buy,0,1,1778446140.0,25.0,32.167044969259585,2,-402.1674269010941,-1.5021048120329388,-0.6795821153170399,0.009615843942671225,-0.25119582696939685,0.4711216222219139,-0.07656425240528852,0.11965203211809411,0.17172818020275224,-0.30144143997124706,-0.03325378241575553,-0.04400195801181774
1295,00dfad67f5af24b9eefe73a478c712e4,ETH|Bybit|1778450340|1778452740,ETH,Bybit,buy,LIQUIDITY_SQUEEZE|ETH|Bybit|buy,0,2,1778450340.0,40.0,133.00929130986668,1,-266.79629463184835,-1.564698102844442,-0.8964769272528401,-0.3577160147084941,0.6113587816753976,-0.09283841674554458,-0.22125108613693328,-0.3013476719900984,0.3487883277630232,0.298738304071685,-0.16175138014397258,-0.046841910244909066
1296,c36e1d42c96a65024ce30176b5ec921e,ETH|Bybit|1778450340|1778452740,ETH,Bybit,buy,LIQUIDITY_SQUEEZE|ETH|Bybit|buy,1,2,1778450340.0,40.0,133.00929130986668,1,-122.65552395602246,-0.6687354698288303,-0.47008366329636436,0.7907453709759664,0.2311923552521788,-0.1216636893889543,-0.3015230393610358,0.10573526749725488,-0.25609342426281,-0.21620057629415437,0.279457686577127,-0.3578167686682563
1297,b50e0ef76d8b528ce0a8c0aa6cb8fbff,ETH|Bybit|1778450640|1778452740,ETH,Bybit,buy,LIQUIDITY_SQUEEZE|ETH|Bybit|buy,0,1,1778450640.0,35.0,98.1787896791693,1,-159.46668112348226,0.22450881550828627,-0.2920207027094915,0.8982904466125796,-0.34785972194509235,-0.21308460968777973,0.26013243653502516,0.09593226975170682,0.010753794210511014,0.30537345524029996,0.4068721855716089,-0.03999164751804281
1298,b879a273beb6234a8fb51d26b481b2ce,ETH|Bybit|1778451840|1778452740,ETH,Bybit,buy,LIQUIDITY_SQUEEZE|ETH|Bybit|buy,0,1,1778451840.0,15.0,54.01336974548438,2,-210.47123245373854,-1.1223429762762545,-0.534876269885935,0.7021958208921272,0.5232405869833044,-0.39371724937274866,-0.6670686682247001,-0.20057756229413987,0.08691330299583329,-0.5139678986490829,0.17683074252694422,-0.1111567867396181
1299,dacb6111b613861f46380ca2ecbde98b,ETH|Bybit|1778456640|1778459040,ETH,Bybit,sell,LIQUIDITY_SQUEEZE|ETH|Bybit|sell,0,2,1778456640.0,40.0,73.12042704829943,3,35.08726395721427,-0.25153584935669765,2.4855068108027885,-0.2374369609554643,-0.47547440579143846,0.7576169512502156,-0.31844438612928266,-0.20084732939029967,-0.1256099969653395,-0.4282282307802832,-0.3615340717333179,0.11998043730824398
1300,b4c5ccdf32bdee7c5426230652b8c0b6,ETH|Bybit|1778456640|1778459040,ETH,Bybit,sell,LIQUIDITY_SQUEEZE|ETH|Bybit|sell,1,2,1778456640.0,40.0,73.12042704829943,3,-77.3259896650117,0.3325630651025557,-0.6743818011036111,-0.9862203234643394,0.7636295498936346,-0.2649922665896691,0.13331105291204906,0.2834383540330758,0.27012249934031884,0.4817630004760167,-0.02597412629162113,-0.03713799569301538
1301,ec24a621aee660eddec2a54d439994c9,ETH|Bybit|1778443740|1778444940,ETH,Bybit,sell,MEAN_REVERSION_CHOP|ETH|Bybit|sell,0,1,1778443740.0,20.0,58.380694503926954,2,145.73943129927486,-0.22665196079670807,-0.6785496255953393,-0.41489647244731415,-0.04083923786029534,0.5107436830758871,-0.27307164397148703,0.15715675168077614,-0.14352978704019018,0.012007138296127184,-0.6309503173308303,0.15593940669813947
1302,2895e8cf1d1bb0677230604c1e25dc0b,ETH|Bybit|1778450340|1778451840,ETH,Bybit,buy,MEAN_REVERSION_CHOP|ETH|Bybit|buy,0,1,1778450340.0,25.0,66.4656486590601,1,-160.66726725348536,-0.9354588465879974,-0.7665900041304823,0.12917596493748087,-0.17912724521282877,0.2196581013089663,-0.27230395368187066,0.20353142792352036,-0.1585575736074622,-0.011595031813365402,-0.04446623544668115,-0.3461798944866971
1303,c18784ff1c99b865e6ab81c3834d434f,ETH|Bybit|1778450640|1778451840,ETH,Bybit,buy,MEAN_REVERSION_CHOP|ETH|Bybit|buy,0,1,1778450640.0,20.0,31.867804523823807,1,-116.13548129726131,-0.43792970350489063,-0.6943623154086864,0.3284383296106366,0.07984678137901297,0.4752069255059095,-0.06697154707021713,-0.32303167419817974,0.4451630586584224,-0.3002723864582544,-0.3042476614929628,-0.24252204462361732
1304,08311499e179928c0f3f9bee36b09e51,ETH|Bybit|1778458140|1778459340,ETH,Bybit,sell,MEAN_REVERSION_CHOP|ETH|Bybit|sell,0,1,1778458140.0,20.0,40.32796456823013,3,58.397317896634384,1.1109304172710701,-0.6836874552641835,-1.0604819885147283,0.2738382477540725,0.49272027573710725,-0.07419178659855832,-0.34801134548312673,-0.1253447189105213,0.26231457134058744,-0.22946996336589,-0.1434261291417041
1305,6ae0ceb672b72ffc5343b5d116b065f7,ETH|Bybit|1778461740|1778462940,ETH,Bybit,buy,BASIS_DISLOCATION|ETH|Bybit|buy,0,1,1778461740.0,20.0,42.008546668533654,2,20.883093317369767,-0.5065950261006603,-0.7663726839109087,0.6439273926302275,0.312276475802779,0.23214571373003523,0.08807717717011267,0.02754887849468579,0.278549011062317,0.5875843201844069,-0.061671462520898085,-0.2018393161351928
1306,190b386e21bd36e6bc0b71f0c78de613,ETH|Bybit|1778464140|1778468040,ETH,Bybit,sell,BASIS_DISLOCATION|ETH|Bybit|sell,0,3,1778464140.0,65.0,52.198333377342394,4,-17.335790896210657,-1.8831691720408168,-0.27419601092909,-0.11088459674386754,-0.2056906389684428,0.31856085247485594,0.06365308994388885,-0.36402754732615183,-0.3226806168034176,-0.11865487918369043,0.09263294167661658,0.19694525817932937
1307,c6f62ea4645c3f316e450957d0092ff5,ETH|Bybit|1778464140|1778468040,ETH,Bybit,sell,BASIS_DISLOCATION|ETH|Bybit|sell,1,3,1778464140.0,65.0,52.198333377342394,4,587.5725964752226,-0.9500572170534164,2.0867048121837537,-0.039338653982965384,-0.05670355765700392,0.14654345689214582,-0.2146919629273488,0.27905320324889354,0.1910870541351567,-0.5939787133967162,-0.13757855531681837,0.561289115665921
1308,ca510d145e51082908559278f9083a04,ETH|Bybit|1778464140|1778468040,ETH,Bybit,sell,BASIS_DISLOCATION|ETH|Bybit|sell,2,3,1778464140.0,65.0,52.198333377342394,4,138.9166252477288,-1.8483727746324585,-0.43730351298005377,-0.03273747858244214,0.3959296083730904,-0.09669190269544523,-0.07210071057120172,-0.03222157767055351,0.03533829871610843,0.022693153388008723,0.44405942253753405,0.4639502688947709
1309,ea28414c0f3f0e6ed4c50b9cf617f7d5,ETH|Bybit|1778465040|1778473440,ETH,Bybit,sell,LIQUIDITY_SQUEEZE|ETH|Bybit|sell,0,5,1778465040.0,140.0,100.34962435838173,1,455.41526524420374,-0.5087395859043332,0.24099242851123226,-0.3543319290066269,0.4770031361133046,0.030117927636440032,0.18432740458692173,-0.16092165353114748,0.2982934282531835,0.14622405207530265,-0.07306844945523773,0.3270193948249227
1310,1a749d2ae8bff2622bde6231e697fdae,ETH|Bybit|1778465040|1778473440,ETH,Bybit,sell,LIQUIDITY_SQUEEZE|ETH|Bybit|sell,1,5,1778465040.0,140.0,100.34962435838173,1,359.29104146478943,-0.9895774611403776,0.03589617365747019,-0.6374916688190712,-0.49185763334570537,0.4271446815529884,-0.34873276559298344,-0.12228403162008862,-0.1258698341864129,0.0005833553305022256,0.3928758543252695,-0.2565056327930385
1311,e6fa7b1940b94fbaf93a5ed30e78ed7c,ETH|Bybit|1778465040|1778473440,ETH,Bybit,sell,LIQUIDITY_SQUEEZE|ETH|Bybit|sell,2,5,1778465040.0,140.0,100.34962435838173,1,-87.02757187240074,-1.476529376033577,1.6209222129059258,0.536427542229248,0.5544658501916065,-0.3078660253099804,0.24338865563507553,0.4348393445567675,-0.026174934887497673,0.00586512805054213,-0.23582332648421314,0.14402632480751779
1312,f9d37328d933d701c2e44bda7363d9f4,ETH|Bybit|1778465040|1778473440,ETH,Bybit,sell,LIQUIDITY_SQUEEZE|ETH|Bybit|sell,3,5,1778465040.0,140.0,100.34962435838173,1,466.03931405742475,0.27131384651222956,-1.0699865837592069,-0.5158086784578177,0.6099984839430591,-0.3243444943385431,-0.2785747012542396,0.05356927830342451,0.21563241486012183,-0.2408828339228258,-0.16928243355367062,-0.002286459518503061
1313,c93ce2de8a4737eeb1055e7fed8ecb86,ETH|Bybit|1778465040|1778473440,ETH,Bybit,sell,LIQUIDITY_SQUEEZE|ETH|Bybit|sell,4,5,1778465040.0,140.0,100.34962435838173,1,-55.36689746514612,-0.0943804954312457,0.032988334048913305,-0.711411615003977,0.46012436664262524,0.17413455892051197,-0.39289455996565065,-0.442384470674255,0.2916525887913457,0.28596066513056034,0.15277168162629584,0.06378959489291924
1314,a0223b20dc35752beceba69df824cb2f,ETH|Bybit|1778468340|1778473440,ETH,Bybit,sell,LIQUIDITY_SQUEEZE|ETH|Bybit|sell,0,2,1778468340.0,85.0,47.0195297224171,1,550.4417192751699,1.0420491528606728,1.2194048354588336,-0.4760270290384316,0.4625989358544946,0.15091039369421463,-0.13163687807224841,-0.6617079606832876,0.23106408409979975,0.2787333654738586,0.19584777346550383,0.11685553321623089
1315,fd37499eb2587638f70bc1f15d49612b,ETH|Bybit|1778468340|1778473440,ETH,Bybit,sell,LIQUIDITY_SQUEEZE|ETH|Bybit|sell,1,2,1778468340.0,85.0,47.0195297224171,1,-142.26864285353085,-0.4967805984064869,-0.20321559474600256,-0.48909637390455896,-0.06528966892945637,0.5185403818418903,0.1005991841459749,0.41096666409805516,0.058230923769993004,-0.12727702933018578,0.0507117004818524,0.4024862847164933
1316,37178e9e506cddc492e1d6d3c069efc8,ETH|Bybit|1778468640|1778473440,ETH,Bybit,sell,LIQUIDITY_SQUEEZE|ETH|Bybit|sell,0,2,1778468640.0,80.0,30.92021746693569,1,235.77337864234778,-0.13562070703148363,-0.21323500589054203,-0.4588181344727955,0.5861353749675999,-0.17898995091313868,-0.1157942646912489,-0.15383789881502885,0.32534470784550995,-0.019715496807131548,-0.24154016753073448,0.0283516438366126
1317,4e8031846ec1b1a7cf1fce8fe735c5ac,ETH|Bybit|1778468640|1778473440,ETH,Bybit,sell,LIQUIDITY_SQUEEZE|ETH|Bybit|sell,1,2,1778468640.0,80.0,30.92021746693569,1,-42.232995053182805,-1.455211368117393,0.9005247860844042,0.19250522238234427,0.5377253248965917,-0.3384278547847026,0.2632431407746073,0.4418611888380127,-0.16493635026743336,-0.03353137361817927,0.0044517046145430405,-0.2511234793150714
1318,f6fa28af55fc3edf5e6973ad1e817b82,ETH|Bybit|1778465040|1778468040,ETH,Bybit,sell,MEAN_REVERSION_CHOP|ETH|Bybit|sell,0,3,1778465040.0,50.0,35.87728549812633,2,455.41526524420374,-0.5087395859043332,0.24099242851123226,-0.3543319290066269,0.4770031361133046,0.030117927636440032,0.18432740458692173,-0.16092165353114748,0.2982934282531835,0.14622405207530265,-0.07306844945523773,0.3270193948249227
1319,bea9324a21754f0d04c47e0ada843c55,ETH|Bybit|1778465040|1778468040,ETH,Bybit,sell,MEAN_REVERSION_CHOP|ETH|Bybit|sell,1,3,1778465040.0,50.0,35.87728549812633,2,76.41899691524533,-1.383811057049636,-0.14255322765405817,-0.7130722548384821,0.7090667562430296,-0.36464856616076796,-0.3588654652693612,0.245770342820216,0.41581329493509256,0.2982992115780924,-0.04355300727050973,-0.008727047143985294
1320,36905c4ee8cf0347e1cbb96f17971c85,ETH|Bybit|1778465040|1778468040,ETH,Bybit,sell,MEAN_REVERSION_CHOP|ETH|Bybit|sell,2,3,1778465040.0,50.0,35.87728549812633,2,375.06647857026724,-1.7604423781856149,-0.48978397144233754,0.12555328606970634,0.20279072702484124,0.1999288246995827,0.26514559090635426,-0.5487716104873991,-0.23272037200549722,-0.20556494523871607,-0.07485694049068745,0.3115201232258826
1321,2f82654017d617e817048be09b6f6cc0,ETH|Bybit|1778468340|1778469540,ETH,Bybit,sell,MEAN_REVERSION_CHOP|ETH|Bybit|sell,0,1,1778468340.0,20.0,52.60737573158911,2,341.6920236442667,0.5562000052651179,-0.687763120957268,-0.4697963294711882,0.16717703519527777,0.40605061146011795,-0.284548536386855,-0.36348678747442015,-0.046970491518127835,-0.07334820211100097,-0.40762621079488887,-0.16605054623851825
1322,f195d4251e1ead96712919875795f25e,ETH|Bybit|1778468640|1778469540,ETH,Bybit,sell,MEAN_REVERSION_CHOP|ETH|Bybit|sell,0,1,1778468640.0,15.0,36.52021367347862,2,258.6301674366299,-0.37040424094768326,-0.8445945568431551,-0.4478756506728946,0.5837250930281457,-0.2796082524457595,-0.046814839206327855,0.06284235065275857,0.10422513815951732,-0.30350099127207153,-0.5588668183688085,0.10780222751416468
1323,32eb73eb300e5728943b61d867d5b169,BTC|Bybit|1778134440|1778136540,BTC,Bybit,buy,LIQUIDITY_SQUEEZE|BTC|Bybit|buy,0,2,1778134440.0,35.0,38.817086058830846,3,-18.594983031293577,1.1470324134963477,-0.17675444747086272,1.2856660129638984,0.49229779533459345,0.11465934118207295,0.03490621923797172,-0.6383876797885518,0.1151825443667361,0.32327100447187046,0.14969921877601727,-0.15119845226215417
1324,3a863ee0be120de0020225fcce0c29dc,BTC|Bybit|1778134440|1778136540,BTC,Bybit,buy,LIQUIDITY_SQUEEZE|BTC|Bybit|buy,1,2,1778134440.0,35.0,38.817086058830846,3,-49.47146930713635,-0.38164451232808166,-1.319457094369111,0.07596494437105426,0.17739918200749386,0.49190166221879955,0.12025795588502114,-0.5425483022641628,0.532685731993222,0.1162209771136045,0.12765460836974993,0.16566575273277298
1325,ef6d777b0494ebb1dacbe926ff1a0000,BTC|Bybit|1778142540|1778147940,BTC,Bybit,sell,BASIS_DISLOCATION|BTC|Bybit|sell,0,3,1778142540.0,90.0,48.29097249233979,3,-9.42024988803452,-1.2912776922779006,-1.0217997295453771,0.15801129983845077,0.3308375299011151,0.015795618722271282,0.1457944037693251,-0.059841208054919395,-0.014614643365569746,0.060619939067640995,0.29186575027536443,-0.10375929250943138
1326,8cea4284fe04edb62b5f3535e4ba16e4,BTC|Bybit|1778142540|1778147940,BTC,Bybit,sell,BASIS_DISLOCATION|BTC|Bybit|sell,1,3,1778142540.0,90.0,48.29097249233979,3,-16.530956850650043,-1.1702413825701137,0.3806654615789759,-0.4484703594464755,-1.0583126404048382,-0.9945942815010461,0.4650365388315957,-0.8176707694023784,0.31863200109138623,-0.06524318909336342,-0.31857329948537694,0.3700939353379842
1327,8a6eeea3774336e08875ccbdebdc132b,BTC|Bybit|1778142540|1778147940,BTC,Bybit,sell,BASIS_DISLOCATION|BTC|Bybit|sell,2,3,1778142540.0,90.0,48.29097249233979,3,-38.08071616478457,-1.046267968482132,-0.471885345882914,-0.757393627257402,-0.5021233693504356,0.33946287267708236,-0.1301336079945628,0.581489384131791,0.10203533187979198,0.19351884640445446,0.1009901540172693,0.09940062376578672
1328,958a32489da9da96dec3f271ccd2827a,BTC|Bybit|1778149740|1778158140,BTC,Bybit,buy,LIQUIDITY_SQUEEZE|BTC|Bybit|buy,0,7,1778149740.0,140.0,42.66692706040892,1,-29.07823461228649,-0.01157552807203567,0.511314627251605,-0.7697077391473265,0.35697965314953933,0.19279011678255978,0.6421837557707895,-0.35073353892757203,-0.24159605669936685,-0.02066539326053531,0.21733721745831175,0.20582375881039844
1329,7a87f5b487d06ff41ee17a0fa2d712e1,BTC|Bybit|1778149740|1778158140,BTC,Bybit,buy,LIQUIDITY_SQUEEZE|BTC|Bybit|buy,1,7,1778149740.0,140.0,42.66692706040892,1,-14.525442433404264,2.4886174247761157,1.965329497213345,1.8118092930944094,0.5358476677548734,-0.2299123419101436,0.4647154653206354,0.12579420948837056,0.20381534388645192,-0.16654745299503723,0.6785064178434361,0.04767511686452496
1330,831274ec755450034d17b65e74f5a149,BTC|Bybit|1778149740|1778158140,BTC,Bybit,buy,LIQUIDITY_SQUEEZE|BTC|Bybit|buy,2,7,1778149740.0,140.0,42.66692706040892,1,9.842653598441826,-0.599022210994317,-0.4941839415678149,-0.3129829950649256,0.6543698203157973,-0.318998277649376,0.12490562871146593,0.3834999285553683,0.2045561023062524,0.05343747774076671,0.11707562206553343,0.005321861693995426
1331,442b4369f1b7dd9776f4d5984c4e4bff,BTC|Bybit|1778149740|1778158140,BTC,Bybit,buy,LIQUIDITY_SQUEEZE|BTC|Bybit|buy,3,7,1778149740.0,140.0,42.66692706040892,1,-16.59919551401284,-0.9630279056584172,-1.2426835305713044,-0.21054436995409256,-0.06808657741786565,0.36214486800431545,-0.42275076978421927,-0.018931004908153543,0.05207675727877824,-0.12245034692161108,-0.32478448037744173,-0.3181114616649616
1332,196e77fc2d72cfe681dcf635decb8a2a,BTC|Bybit|1778149740|1778158140,BTC,Bybit,buy,LIQUIDITY_SQUEEZE|BTC|Bybit|buy,4,7,1778149740.0,140.0,42.66692706040892,1,-10.618138763335738,-0.9307479699880784,-0.8251157225729304,-0.06646458934941525,-0.12437883409931014,0.31264264309869283,-0.6111167920632463,0.07103274096500253,-0.10645921146165852,0.31766548634248515,-0.27749729200491696,-0.2812935065000976
1333,f83b1122d814acab366c078b8331c55a,BTC|Bybit|1778149740|1778158140,BTC,Bybit,buy,LIQUIDITY_SQUEEZE|BTC|Bybit|buy,5,7,1778149740.0,140.0,42.66692706040892,1,-30.651119351085715,-0.9649561082278797,0.32503259103351806,-0.6830089238137802,0.061864530912149385,0.17293805909943527,-0.6084299675436836,0.2899593442611533,-0.21064533903161756,-0.4607758283729762,-0.3226914211966297,0.12080903049259963
1334,c2f388ff6c67fa4681774035ed0cd556,BTC|Bybit|1778149740|1778158140,BTC,Bybit,buy,LIQUIDITY_SQUEEZE|BTC|Bybit|buy,6,7,1778149740.0,140.0,42.66692706040892,1,-15.063695479367098,-1.3712064360543574,0.6576917729078695,0.13961683025052096,0.22701863595966634,0.055151628262145806,-0.040599506494918954,-0.2445212012170541,0.10616711209428414,-0.2771046110502303,-0.08517459936978494,-0.5721758927541867
1335,b285bdd72a129d06db3134a09b8feebd,BTC|Bybit|1778174940|1778179740,BTC,Bybit,buy,BASIS_DISLOCATION|BTC|Bybit|buy,0,3,1778174940.0,80.0,35.591709382917564,4,-21.830275392540496,1.0113467617734262,0.303938805590957,-1.1024210229316358,-0.5641243642866444,0.46230402262461884,0.13972190802899973,-0.0051748820760295355,-0.06575173567396447,-0.056439760212328605,0.6573254278057569,-0.015231584542197588
1336,aae35791bf62cd0c2833a97c65313ff2,BTC|Bybit|1778174940|1778179740,BTC,Bybit,buy,BASIS_DISLOCATION|BTC|Bybit|buy,1,3,1778174940.0,80.0,35.591709382917564,4,-52.71510456426999,0.009392664538219474,-1.1634836810863078,-0.5171510813772182,-0.36938228220098757,0.15988627909475053,-0.4808350767067531,-0.021578410220539117,0.013286465063982667,0.41084845907221645,-0.06965856958890773,-0.24105042549575845
1337,efb344319bed5c3ac28c288c99ef2544,BTC|Bybit|1778174940|1778179740,BTC,Bybit,buy,BASIS_DISLOCATION|BTC|Bybit|buy,2,3,1778174940.0,80.0,35.591709382917564,4,7.391619770810292,-0.6007483161693211,0.28930782310470476,0.021850040009760163,-0.32999655133804046,0.53120494393639,0.16244334113663128,-0.313070655591376,0.1121731842194833,0.49073997016060183,0.3131615674484107,-0.06390091908738024
1338,8ac2ce18213d4c2c8a2df34571244df5,BTC|Bybit|1778158740|1778163240,BTC,Bybit,sell,LIQUIDITY_SQUEEZE|BTC|Bybit|sell,0,3,1778158740.0,75.0,48.50352645152181,2,-5.318798140491094,-0.40261584156637914,2.6161431754866014,0.8229957346660749,0.3462951449154429,0.01955578640746901,-0.11281328421890681,-0.4230171101468156,-0.1560592614510376,-0.21150843286578802,0.18288565795160217,0.512213018718743
1339,3ab97598e3cc2f530fd336f3dba488fd,BTC|Bybit|1778158740|1778163240,BTC,Bybit,sell,LIQUIDITY_SQUEEZE|BTC|Bybit|sell,1,3,1778158740.0,75.0,48.50352645152181,2,14.253855776494643,-0.6146854332863197,0.7289367067177581,-0.6070733414308772,-0.6499710314075625,-0.5581930842782316,-0.08287454315347172,-0.43703138225015264,-0.03416460483291382,-0.03731701137940354,-0.27859280849370166,0.0566906885823692
1340,843095d4bcd3801ec926ab0d9f60006a,BTC|Bybit|1778158740|1778163240,BTC,Bybit,sell,LIQUIDITY_SQUEEZE|BTC|Bybit|sell,2,3,1778158740.0,75.0,48.50352645152181,2,-42.2129710885054,-1.0622549130583379,-0.9075146271703733,-0.6825238114628582,0.02046676724804957,0.21596493680312948,-0.40793245093888497,0.5308168677636662,-0.10853109644527083,-0.00010592911852510196,-0.149063673215042,0.21061803388438533
1341,e05603be074a2fa41f61b1dd542c9cf7,BTC|Bybit|1778163240|1778174040,BTC,Bybit,sell,LIQUIDITY_SQUEEZE|BTC|Bybit|sell,0,7,1778163240.0,180.0,83.3753184592761,1,8.310883622391316,-1.0098759323860758,0.5827051780772134,0.08660244196412681,-0.9554069506420608,0.20353979485901097,-0.2534410633476781,0.35845196405555646,0.5644487598738875,-0.019472931128826414,0.10021625227478391,-0.04742816210022856
1342,a760bbb0b33335956555cfdc03b1260e,BTC|Bybit|1778163240|1778174040,BTC,Bybit,sell,LIQUIDITY_SQUEEZE|BTC|Bybit|sell,1,7,1778163240.0,180.0,83.3753184592761,1,-11.81293313780226,-1.709913761223722,-0.5260603539120432,-0.20170875947774597,-0.6502123302979574,0.03533049004436831,0.19166590715525395,-0.4387987962764747,-0.030485481089112466,-0.048134833386982497,-0.0704698891841846,0.5032846387480048
1343,571020675eac7ce1e5a11df65db2e2d8,BTC|Bybit|1778163240|1778174040,BTC,Bybit,sell,LIQUIDITY_SQUEEZE|BTC|Bybit|sell,2,7,1778163240.0,180.0,83.3753184592761,1,5.124703608106988,-0.17757604052748116,0.1938698578229341,-0.8870564992500404,0.3186575483582586,0.3144310758340618,0.4684641951295625,-0.4444044648219127,-0.20395152637713562,0.39574948853688824,-0.05739572500620228,-0.14545009804662096
1344,cd580f8f83ddc266b3625e5f459129ab,BTC|Bybit|1778163240|1778174040,BTC,Bybit,sell,LIQUIDITY_SQUEEZE|BTC|Bybit|sell,3,7,1778163240.0,180.0,83.3753184592761,1,-14.132204737375906,-1.161298814532617,-0.3684076339718633,0.25383783301582585,0.2559289404064805,-0.049439841200060994,0.14176077226142902,-0.07609483380446441,-0.005166801676785227,-0.1739595547679129,0.5832198244695149,-0.1980941446455824
1345,4c3d0de1ec3e29db2c6d6e825211ef76,BTC|Bybit|1778163240|1778174040,BTC,Bybit,sell,LIQUIDITY_SQUEEZE|BTC|Bybit|sell,4,7,1778163240.0,180.0,83.3753184592761,1,-5.8301525208892375,-1.3406411695032563,1.3941139659741597,-0.1241864017271057,0.2380971056192528,0.09074213055714994,0.18652343329576537,0.14313963624913248,0.36578493618652586,-0.06718794597570661,0.11526426449857378,0.03540855778818723
1346,706c7f1766674a3be4b42d1c24776c63,BTC|Bybit|1778163240|1778174040,BTC,Bybit,sell,LIQUIDITY_SQUEEZE|BTC|Bybit|sell,5,7,1778163240.0,180.0,83.3753184592761,1,-19.982234692063216,-1.02401384808915,-0.8139481822296503,-0.10903603937087335,-0.5560389900322797,0.12469459142127899,-0.3271013783073344,0.010391066417306603,-0.17975827443526773,0.15898469055933154,0.05896591950147053,-0.03360032352972818
1347,24803e5acfbca37c15cee281560a929a,BTC|Bybit|1778163240|1778174040,BTC,Bybit,sell,LIQUIDITY_SQUEEZE|BTC|Bybit|sell,6,7,1778163240.0,180.0,83.3753184592761,1,-14.012250689643471,-0.6059153547320995,-1.0255372446633733,-0.44293419631772857,-0.5299233367849919,0.21435671143229795,0.2617977811525307,0.5732595764912478,-0.26439008992554197,0.008158640091827247,-0.4010295872513807,0.3903928416943736
1348,0d88f8a086c4aab49ffb3206b046330f,BTC|Bybit|1778164140|1778174040,BTC,Bybit,sell,LIQUIDITY_SQUEEZE|BTC|Bybit|sell,0,7,1778164140.0,165.0,53.05593723860618,1,23.489334969167746,-1.0132920303945299,-0.6618386654226888,0.21673568747579328,0.5818791676380891,-0.30956590720734145,0.0035022955631143706,0.33984779412386773,-0.22566791467933192,0.4852154362370487,0.05264788468486873,-0.10426347170840175
1349,3083a0969656b7e18288915295cdc947,BTC|Bybit|1778164140|1778174040,BTC,Bybit,sell,LIQUIDITY_SQUEEZE|BTC|Bybit|sell,1,7,1778164140.0,165.0,53.05593723860618,1,-11.22682100162225,-1.6967548698777395,-0.4521167785235259,-0.08838424326085559,-0.3292844936719018,-0.26551474222976174,-0.041240868932751536,0.1736063129091599,0.49621245960041876,0.20969588062771014,0.4860365014435807,0.406135721648957
1350,13a6d185e9c83009bf27602a224651a9,BTC|Bybit|1778164140|1778174040,BTC,Bybit,sell,LIQUIDITY_SQUEEZE|BTC|Bybit|sell,2,7,1778164140.0,165.0,53.05593723860618,1,5.124703608106988,-0.17757604052748116,0.1938698578229341,-0.8870564992500404,0.3186575483582586,0.3144310758340618,0.4684641951295625,-0.4444044648219127,-0.20395152637713562,0.39574948853688824,-0.05739572500620228,-0.14545009804662096
1351,13691b4454a490f596b2ad1dd0db7a46,BTC|Bybit|1778164140|1778174040,BTC,Bybit,sell,LIQUIDITY_SQUEEZE|BTC|Bybit|sell,3,7,1778164140.0,165.0,53.05593723860618,1,-14.132204737375906,-1.161298814532617,-0.3684076339718633,0.25383783301582585,0.2559289404064805,-0.049439841200060994,0.14176077226142902,-0.07609483380446441,-0.005166801676785227,-0.1739595547679129,0.5832198244695149,-0.1980941446455824
1352,f1cee74d5470864ffac3393664ffc82d,BTC|Bybit|1778164140|1778174040,BTC,Bybit,sell,LIQUIDITY_SQUEEZE|BTC|Bybit|sell,4,7,1778164140.0,165.0,53.05593723860618,1,-5.8301525208892375,-1.3406411695032563,1.3941139659741597,-0.1241864017271057,0.2380971056192528,0.09074213055714994,0.18652343329576537,0.14313963624913248,0.36578493618652586,-0.06718794597570661,0.11526426449857378,0.03540855778818723
1353,d16ba46c19fafb92e0f51167a5b9e64f,BTC|Bybit|1778164140|1778174040,BTC,Bybit,sell,LIQUIDITY_SQUEEZE|BTC|Bybit|sell,5,7,1778164140.0,165.0,53.05593723860618,1,-19.982234692063216,-1.02401384808915,-0.8139481822296503,-0.10903603937087335,-0.5560389900322797,0.12469459142127899,-0.3271013783073344,0.010391066417306603,-0.17975827443526773,0.15898469055933154,0.05896591950147053,-0.03360032352972818
1354,7db02fe60eb32e79b12c123e313fb1f0,BTC|Bybit|1778164140|1778174040,BTC,Bybit,sell,LIQUIDITY_SQUEEZE|BTC|Bybit|sell,6,7,1778164140.0,165.0,53.05593723860618,1,-14.012250689643471,-0.6059153547320995,-1.0255372446633733,-0.44293419631772857,-0.5299233367849919,0.21435671143229795,0.2617977811525307,0.5732595764912478,-0.26439008992554197,0.008158640091827247,-0.4010295872513807,0.3903928416943736
1355,d26db569c15b66af07e9d846e865b2e3,BTC|Bybit|1778163240|1778168640,BTC,Bybit,sell,MEAN_REVERSION_CHOP|BTC|Bybit|sell,0,3,1778163240.0,90.0,73.58363796877453,1,8.310883622391316,-1.0098759323860758,0.5827051780772134,0.08660244196412681,-0.9554069506420608,0.20353979485901097,-0.2534410633476781,0.35845196405555646,0.5644487598738875,-0.019472931128826414,0.10021625227478391,-0.04742816210022856
1356,892d209aaa2dac3e53768ecfef40f499,BTC|Bybit|1778163240|1778168640,BTC,Bybit,sell,MEAN_REVERSION_CHOP|BTC|Bybit|sell,1,3,1778163240.0,90.0,73.58363796877453,1,-11.81293313780226,-1.709913761223722,-0.5260603539120432,-0.20170875947774597,-0.6502123302979574,0.03533049004436831,0.19166590715525395,-0.4387987962764747,-0.030485481089112466,-0.048134833386982497,-0.0704698891841846,0.5032846387480048
1357,ee133cd8161db973c84b6a65139c25be,BTC|Bybit|1778163240|1778168640,BTC,Bybit,sell,MEAN_REVERSION_CHOP|BTC|Bybit|sell,2,3,1778163240.0,90.0,73.58363796877453,1,0.10981500241541417,-0.256571862085167,-0.8193282403572244,-0.581234499563465,-0.7383506673145405,0.5937768072127555,-0.01671753833294517,0.3994701043785643,-0.11732452542118786,-0.2647968356616352,-0.06831016497825694,0.15819524180987896
1358,7f2cc3938beaa7fb13fd2b121a46f8c5,BTC|Bybit|1778164140|1778168640,BTC,Bybit,sell,MEAN_REVERSION_CHOP|BTC|Bybit|sell,0,3,1778164140.0,75.0,43.232786127450964,1,23.489334969167746,-1.0132920303945299,-0.6618386654226888,0.21673568747579328,0.5818791676380891,-0.30956590720734145,0.0035022955631143706,0.33984779412386773,-0.22566791467933192,0.4852154362370487,0.05264788468486873,-0.10426347170840175
1359,9f99a7a461b7f587eb83984ecfac101d,BTC|Bybit|1778164140|1778168640,BTC,Bybit,sell,MEAN_REVERSION_CHOP|BTC|Bybit|sell,1,3,1778164140.0,75.0,43.232786127450964,1,-11.22682100162225,-1.6967548698777395,-0.4521167785235259,-0.08838424326085559,-0.3292844936719018,-0.26551474222976174,-0.041240868932751536,0.1736063129091599,0.49621245960041876,0.20969588062771014,0.4860365014435807,0.406135721648957
1360,33bf820ead2ace9766ff739147f113e0,BTC|Bybit|1778164140|1778168640,BTC,Bybit,sell,MEAN_REVERSION_CHOP|BTC|Bybit|sell,2,3,1778164140.0,75.0,43.232786127450964,1,0.10981500241541417,-0.256571862085167,-0.8193282403572244,-0.581234499563465,-0.7383506673145405,0.5937768072127555,-0.01671753833294517,0.3994701043785643,-0.11732452542118786,-0.2647968356616352,-0.06831016497825694,0.15819524180987896
1361,9308af6d7c0d1afe859097a2181e2c73,BTC|Bybit|1778225340|1778233440,BTC,Bybit,buy,LIQUIDITY_SQUEEZE|BTC|Bybit|buy,0,5,1778225340.0,135.0,51.000988227402985,1,-25.70330687008167,0.25130887839854305,1.3758686119052794,0.39881277906057877,-0.404038470369751,-0.013880303775987911,-0.04099629790743451,-0.057945558313577776,0.3841935833807759,-0.11323373224294096,-0.17288555443824347,0.07651477482877664
1362,42895d36082b7368deceb2047c757904,BTC|Bybit|1778225340|1778233440,BTC,Bybit,buy,LIQUIDITY_SQUEEZE|BTC|Bybit|buy,1,5,1778225340.0,135.0,51.000988227402985,1,-18.928401960320667,-1.4333126588559162,-0.9369623284129538,-0.5071625866846914,-1.424123165844792,0.09688430696759764,-0.03660364564360326,-0.33328230788722474,0.20950830325836323,0.027842372112613673,0.24060490399500994,0.012158091795224991
1363,571662e82b7b5e8fce429cbcba0bc15d,BTC|Bybit|1778225340|1778233440,BTC,Bybit,buy,LIQUIDITY_SQUEEZE|BTC|Bybit|buy,2,5,1778225340.0,135.0,51.000988227402985,1,-40.532018338559716,-0.7434511144008219,-0.6867204183132817,-0.18207578787954865,0.5852191563486676,-0.3856480921799609,-0.4153071925572986,0.03892161097031879,0.10658169583550918,-0.20177775617268928,0.4163798663796238,-0.3066188966843017
1364,eb2b86a52a458941236eba32d60ee7bd,BTC|Bybit|1778225340|1778233440,BTC,Bybit,buy,LIQUIDITY_SQUEEZE|BTC|Bybit|buy,3,5,1778225340.0,135.0,51.000988227402985,1,-12.673737783374731,-1.0060231773682002,-0.7731860882948745,-0.3029835746671694,-0.6614141794510529,-0.15324057025761498,-0.6044413568817397,0.20457774034794568,0.14637473655921465,-0.23936378692727825,-0.09068659448819613,0.08846222472827897
1365,5549ad6c90e0ba72caf09c05e39cd498,BTC|Bybit|1778225340|1778233440,BTC,Bybit,buy,LIQUIDITY_SQUEEZE|BTC|Bybit|buy,4,5,1778225340.0,135.0,51.000988227402985,1,-15.721255362510199,3.15108279484302,-0.13655768333313534,-1.7167438471430954,0.6056525896450241,0.09734086311388293,0.4466938046626516,-0.3410272328257946,0.03147740808233196,-0.041411763726075565,0.4439482045049702,0.34146185500155873
1366,a53f287159265c18eca5c019b198b753,BTC|Bybit|1778225340|1778232540,BTC,Bybit,buy,MEAN_REVERSION_CHOP|BTC|Bybit|buy,0,5,1778225340.0,120.0,58.25011199864011,2,-25.70330687008167,0.25130887839854305,1.3758686119052794,0.39881277906057877,-0.404038470369751,-0.013880303775987911,-0.04099629790743451,-0.057945558313577776,0.3841935833807759,-0.11323373224294096,-0.17288555443824347,0.07651477482877664
1367,3b68dde2e475e440dc804023f298f526,BTC|Bybit|1778225340|1778232540,BTC,Bybit,buy,MEAN_REVERSION_CHOP|BTC|Bybit|buy,1,5,1778225340.0,120.0,58.25011199864011,2,-18.928401960320667,-1.4333126588559162,-0.9369623284129538,-0.5071625866846914,-1.424123165844792,0.09688430696759764,-0.03660364564360326,-0.33328230788722474,0.20950830325836323,0.027842372112613673,0.24060490399500994,0.012158091795224991
1368,6a68fe83a6b972d018e692bf7cc8da6d,BTC|Bybit|1778225340|1778232540,BTC,Bybit,buy,MEAN_REVERSION_CHOP|BTC|Bybit|buy,2,5,1778225340.0,120.0,58.25011199864011,2,-40.532018338559716,-0.7434511144008219,-0.6867204183132817,-0.18207578787954865,0.5852191563486676,-0.3856480921799609,-0.4153071925572986,0.03892161097031879,0.10658169583550918,-0.20177775617268928,0.4163798663796238,-0.3066188966843017
1369,7d054b3da694380551515a22a1121eff,BTC|Bybit|1778225340|1778232540,BTC,Bybit,buy,MEAN_REVERSION_CHOP|BTC|Bybit|buy,3,5,1778225340.0,120.0,58.25011199864011,2,-12.235988778577255,-1.2269888243361264,0.5034636212920425,-0.37443061509945735,0.17558035191838153,0.17795697388105558,-0.29056077429013094,-0.5896384875740002,-0.34575280221092414,0.038257328323722826,-0.03572054471928264,0.10958470466189005
1370,447155ac1dbad261e6777fe2c9c67ece,BTC|Bybit|1778225340|1778232540,BTC,Bybit,buy,MEAN_REVERSION_CHOP|BTC|Bybit|buy,4,5,1778225340.0,120.0,58.25011199864011,2,-21.96590626438086,1.2612454489543337,1.1822620779434518,-1.0609077060529375,0.7860410098381878,-0.3128405698095835,0.0719496439586477,0.20731204286001645,0.15465319034510233,0.0748666872181424,-0.44649106531210825,-0.14508770135992313
1371,fd46a675462cf16a09b94b9271a43c92,BTC|Bybit|1778226240|1778232540,BTC,Bybit,buy,NEWS_BREAKOUT|BTC|Bybit|buy,0,5,1778226240.0,105.0,30.50075988755593,3,-26.792512279578855,0.8153980207555614,0.9109008029686885,0.7434939594754361,0.5438488413613393,-0.28521627655652043,-0.014687070733049198,0.30996294882577546,-0.32892554267853724,-0.057790348330932946,0.11177915854288144,0.10301431576463858
1372,045283c6e12800694f0c0a86e7755e0f,BTC|Bybit|1778226240|1778232540,BTC,Bybit,buy,NEWS_BREAKOUT|BTC|Bybit|buy,1,5,1778226240.0,105.0,30.50075988755593,3,-18.928401960320667,-1.4333126588559162,-0.9369623284129538,-0.5071625866846914,-1.424123165844792,0.09688430696759764,-0.03660364564360326,-0.33328230788722474,0.20950830325836323,0.027842372112613673,0.24060490399500994,0.012158091795224991
1373,2be52c8f17650dfa85d5429ba4dead6d,BTC|Bybit|1778226240|1778232540,BTC,Bybit,buy,NEWS_BREAKOUT|BTC|Bybit|buy,2,5,1778226240.0,105.0,30.50075988755593,3,-40.532018338559716,-0.7434511144008219,-0.6867204183132817,-0.18207578787954865,0.5852191563486676,-0.3856480921799609,-0.4153071925572986,0.03892161097031879,0.10658169583550918,-0.20177775617268928,0.4163798663796238,-0.3066188966843017
1374,234591d2c55d375d331aa75b0234b53e,BTC|Bybit|1778226240|1778232540,BTC,Bybit,buy,NEWS_BREAKOUT|BTC|Bybit|buy,3,5,1778226240.0,105.0,30.50075988755593,3,-12.235988778577255,-1.2269888243361264,0.5034636212920425,-0.37443061509945735,0.17558035191838153,0.17795697388105558,-0.29056077429013094,-0.5896384875740002,-0.34575280221092414,0.038257328323722826,-0.03572054471928264,0.10958470466189005
1375,00210587e26d0fc7d58761df7ee00fa6,BTC|Bybit|1778226240|1778232540,BTC,Bybit,buy,NEWS_BREAKOUT|BTC|Bybit|buy,4,5,1778226240.0,105.0,30.50075988755593,3,-21.96590626438086,1.2612454489543337,1.1822620779434518,-1.0609077060529375,0.7860410098381878,-0.3128405698095835,0.0719496439586477,0.20731204286001645,0.15465319034510233,0.0748666872181424,-0.44649106531210825,-0.14508770135992313
1376,da71bf06e1dc8ebf3fc044682386b4a0,BTC|Bybit|1778245140|1778248740,BTC,Bybit,sell,BASIS_DISLOCATION|BTC|Bybit|sell,0,2,1778245140.0,60.0,35.86747130840918,3,-23.610650771511605,-1.0061697332243744,0.03946026740544586,0.07901669001709825,0.2126481971316133,0.14680302838373321,0.0901548711739195,-0.5867391873850175,-0.5865110598068108,-0.3397832324018477,0.22969655955807075,0.431524214588128
1377,159213c974b5499f04025bddf4a9a22a,BTC|Bybit|1778245140|1778248740,BTC,Bybit,sell,BASIS_DISLOCATION|BTC|Bybit|sell,1,2,1778245140.0,60.0,35.86747130840918,3,-19.311025712492427,0.21613913449264244,-0.8510007608041746,-0.9748571146692966,-1.2305091573731022,-0.7340984055050416,-0.07855961674760943,-0.36607614902420466,0.022221470136600124,-0.3176428776677449,-0.4834000720103966,-0.2904873931866059
1378,096d6492e8490ed6ae923c06b98b46a1,BTC|Bybit|1778248740|1778252340,BTC,Bybit,buy,BASIS_DISLOCATION|BTC|Bybit|buy,0,3,1778248740.0,60.0,51.10417106253075,4,-26.94662522183541,0.1284299167204056,-0.4231101206924484,0.6393487757627996,0.39498053921632104,0.16352590159443528,0.22890701060095195,-0.35418609732255407,-0.21256027179996206,0.5131066918007609,0.24721181166555536,-0.006616015214451618
1379,d4a562b1de663c99f4e5ee3758661557,BTC|Bybit|1778248740|1778252340,BTC,Bybit,buy,BASIS_DISLOCATION|BTC|Bybit|buy,1,3,1778248740.0,60.0,51.10417106253075,4,-20.98655079560143,0.09914517631155315,-0.39463946147222795,-0.659654691228355,0.10491474911360267,0.6115905198892114,-0.03570642920316504,-0.4436358250247571,0.08736976494396473,0.2386782105009826,-0.2602217763158852,-0.0630382198155219
1380,70ae7c8aa4a27870e9e4b31f0aabab90,BTC|Bybit|1778248740|1778252340,BTC,Bybit,buy,BASIS_DISLOCATION|BTC|Bybit|buy,2,3,1778248740.0,60.0,51.10417106253075,4,-14.702277007485922,-1.9060096843869863,-1.030943442331852,-0.062174805620617626,0.23130647064607662,0.03804496656123271,0.33426595025077505,0.02733314310608981,0.1770818457431822,-0.02551713575623544,0.2980945242245212,-0.2090164114840953
1381,aebcbb99b9340742ef0887c4ded5a226,BTC|Bybit|1778255940|1778259540,BTC,Bybit,sell,MEAN_REVERSION_CHOP|BTC|Bybit|sell,0,3,1778255940.0,60.0,32.485226413016825,1,-32.63293243882524,-0.6895362111939453,-1.3154315735131012,0.14301030306185514,-0.6861249560352034,0.08518690515980741,-0.05466677515845814,0.4553715718201046,0.1483570852257319,0.061134275064709837,0.4600771889826876,-0.018914158766168226
1382,c5972e2895cd4dbaf40775791451becf,BTC|Bybit|1778255940|1778259540,BTC,Bybit,sell,MEAN_REVERSION_CHOP|BTC|Bybit|sell,1,3,1778255940.0,60.0,32.485226413016825,1,-43.29235662725721,-0.025885324937888293,-0.5285554667014833,-1.0210026958053076,0.6767764236938161,-0.364274107363349,-0.24481747605780782,0.08675144524105133,0.10207955613923933,-0.513201574108666,-0.35570164216987266,-0.05954599069240575
1383,4357acf77489391e2ccd45dbccca04d0,BTC|Bybit|1778255940|1778259540,BTC,Bybit,sell,MEAN_REVERSION_CHOP|BTC|Bybit|sell,2,3,1778255940.0,60.0,32.485226413016825,1,-9.978375215671573,-0.4686521286037193,-0.5778026152730674,-1.045990015082865,0.6231807753476962,-0.2822444176378753,0.4974956513468224,0.4354471616926012,-0.04380588816347821,-0.04027783981458999,-0.03591418722677844,-0.20825087754217647
1384,872b3b10fed08c656c8cb33fbf5b5d9b,BTC|Bybit|1778339640|1778352540,BTC,Bybit,buy,LIQUIDITY_SQUEEZE|BTC|Bybit|buy,0,9,1778339640.0,215.0,62.8383677356194,1,-21.129988371890825,-0.5717917966364254,0.5465233533648479,0.7033861686672299,-0.8496365077523369,0.3939685356928712,0.30270335477176075,0.5290206099351505,0.13360252269320172,-0.041253266754054344,0.340916863839934,-0.0713073776381661
1385,d48386668cd05891cff9cb59879182af,BTC|Bybit|1778339640|1778352540,BTC,Bybit,buy,LIQUIDITY_SQUEEZE|BTC|Bybit|buy,1,9,1778339640.0,215.0,62.8383677356194,1,-33.05696273534444,-0.12128744333295904,-0.21643118991600763,0.9546802762442324,0.5021977862640293,-0.1668041797014387,0.3371607909043041,-0.1972732389714844,0.2586254551483785,-0.4191029939902325,-0.4250683763846208,-0.13056875892215933
1386,2fe11740ec237255d54f7c0fe5f4f261,BTC|Bybit|1778339640|1778352540,BTC,Bybit,buy,LIQUIDITY_SQUEEZE|BTC|Bybit|buy,2,9,1778339640.0,215.0,62.8383677356194,1,-18.987687254928254,-1.2368839708865862,0.13151233462194845,-0.30727476721165836,0.5163697161487928,-0.06438909837525421,0.14638776576221418,-0.06392508830128422,0.2735923477346074,0.34568318066384607,0.2363319593589297,-0.19027341552147856
1387,57f40dcf9052c69c46a0492f45cf0943,BTC|Bybit|1778339640|1778352540,BTC,Bybit,buy,LIQUIDITY_SQUEEZE|BTC|Bybit|buy,3,9,1778339640.0,215.0,62.8383677356194,1,-26.193577743708776,0.11074017893596479,-0.23196276710803934,-0.4222736218184579,0.561053625642521,-0.02375308818416273,0.3496055211705844,0.0656561342598333,-0.20816711091109721,0.690218911840987,0.07114278963069937,0.2186581628033657
1388,f19f7921eb468eddb993e0abfc5b1b2c,BTC|Bybit|1778339640|1778352540,BTC,Bybit,buy,LIQUIDITY_SQUEEZE|BTC|Bybit|buy,4,9,1778339640.0,215.0,62.8383677356194,1,-17.011111176660382,0.32609380424892576,-0.8212145848662794,0.37757757614815346,-1.1453035297767327,-1.1409500874337086,0.14367536801868408,-0.04340170498542958,-0.0804491810280872,-0.25172705454961175,-0.21135370170719336,-0.0988023132892099
1389,d5163c636f2a00050c3e9c262bf37273,BTC|Bybit|1778339640|1778352540,BTC,Bybit,buy,LIQUIDITY_SQUEEZE|BTC|Bybit|buy,5,9,1778339640.0,215.0,62.8383677356194,1,-22.6810843229141,-0.7458270693664656,-0.8767270043835848,-0.5825770301042181,0.5095796471027254,-0.10613620703527978,-0.015864423155524165,-0.1808441702926065,0.20411004702017,0.1043496008317727,0.29106722089628423,0.13121735620782252
1390,b5ff9ac9816f4eceea5cc02a6a5c577a,BTC|Bybit|1778339640|1778352540,BTC,Bybit,buy,LIQUIDITY_SQUEEZE|BTC|Bybit|buy,6,9,1778339640.0,215.0,62.8383677356194,1,-5.394964998226989,0.5787558610636447,-0.567241164955735,0.7916172877871738,-1.1439805108816743,0.30156877839349905,-0.10676382114258938,0.3489381596097072,-0.2870351547060691,0.5726795283972107,-0.15677361556925223,-0.04049889058310813
1391,95a7b4a79fbc48659cc8be1d49af94e5,BTC|Bybit|1778339640|1778352540,BTC,Bybit,buy,LIQUIDITY_SQUEEZE|BTC|Bybit|buy,7,9,1778339640.0,215.0,62.8383677356194,1,-37.75196913125424,0.9603410431407021,-0.17852567520321538,1.2364125239347972,0.5949255366959298,-0.28786422149119945,0.18377698863366124,0.2335820338738807,-0.1428032389825676,0.22699906906525547,0.07673976686608928,-0.016832366812668247
1392,6aa1dc3c556e43d779e5d00c2ea2e598,BTC|Bybit|1778339640|1778352540,BTC,Bybit,buy,LIQUIDITY_SQUEEZE|BTC|Bybit|buy,8,9,1778339640.0,215.0,62.8383677356194,1,-10.68723361992895,-0.48418686337063244,-0.8049575354634345,-0.5159875786562029,0.12216417689936451,0.3695627920391566,0.4159203464484797,0.20260969744959165,0.058061567904517254,-0.008694844452071587,-0.40383545769220763,-0.12525325894935987
1393,76c62afa378d4b2e40b424b2da269fff,BTC|Bybit|1778339640|1778352240,BTC,Bybit,buy,MEAN_REVERSION_CHOP|BTC|Bybit|buy,0,9,1778339640.0,210.0,61.47349220149534,3,-21.129988371890825,-0.5717917966364254,0.5465233533648479,0.7033861686672299,-0.8496365077523369,0.3939685356928712,0.30270335477176075,0.5290206099351505,0.13360252269320172,-0.041253266754054344,0.340916863839934,-0.0713073776381661
1394,80920f7f85487a0cdc9a8388a80776cc,BTC|Bybit|1778339640|1778352240,BTC,Bybit,buy,MEAN_REVERSION_CHOP|BTC|Bybit|buy,1,9,1778339640.0,210.0,61.47349220149534,3,-33.05696273534444,-0.12128744333295904,-0.21643118991600763,0.9546802762442324,0.5021977862640293,-0.1668041797014387,0.3371607909043041,-0.1972732389714844,0.2586254551483785,-0.4191029939902325,-0.4250683763846208,-0.13056875892215933
1395,53eebefb597a5dded83e9e94b8249d60,BTC|Bybit|1778339640|1778352240,BTC,Bybit,buy,MEAN_REVERSION_CHOP|BTC|Bybit|buy,2,9,1778339640.0,210.0,61.47349220149534,3,-18.987687254928254,-1.2368839708865862,0.13151233462194845,-0.30727476721165836,0.5163697161487928,-0.06438909837525421,0.14638776576221418,-0.06392508830128422,0.2735923477346074,0.34568318066384607,0.2363319593589297,-0.19027341552147856
1396,7f21d45227079c93f59c3651df8b382d,BTC|Bybit|1778339640|1778352240,BTC,Bybit,buy,MEAN_REVERSION_CHOP|BTC|Bybit|buy,3,9,1778339640.0,210.0,61.47349220149534,3,-26.193577743708776,0.11074017893596479,-0.23196276710803934,-0.4222736218184579,0.561053625642521,-0.02375308818416273,0.3496055211705844,0.0656561342598333,-0.20816711091109721,0.690218911840987,0.07114278963069937,0.2186581628033657
1397,309890d41b34782b451357d13fd4cb4a,BTC|Bybit|1778339640|1778352240,BTC,Bybit,buy,MEAN_REVERSION_CHOP|BTC|Bybit|buy,4,9,1778339640.0,210.0,61.47349220149534,3,-17.011111176660382,0.32609380424892576,-0.8212145848662794,0.37757757614815346,-1.1453035297767327,-1.1409500874337086,0.14367536801868408,-0.04340170498542958,-0.0804491810280872,-0.25172705454961175,-0.21135370170719336,-0.0988023132892099
1398,8b2535d198aeaf6de32da8a6278d6595,BTC|Bybit|1778339640|1778352240,BTC,Bybit,buy,MEAN_REVERSION_CHOP|BTC|Bybit|buy,5,9,1778339640.0,210.0,61.47349220149534,3,-22.6810843229141,-0.7458270693664656,-0.8767270043835848,-0.5825770301042181,0.5095796471027254,-0.10613620703527978,-0.015864423155524165,-0.1808441702926065,0.20411004702017,0.1043496008317727,0.29106722089628423,0.13121735620782252
1399,3d63d64ee24af7e76ba0a81b4b98d23e,BTC|Bybit|1778339640|1778352240,BTC,Bybit,buy,MEAN_REVERSION_CHOP|BTC|Bybit|buy,6,9,1778339640.0,210.0,61.47349220149534,3,-5.394964998226989,0.5787558610636447,-0.567241164955735,0.7916172877871738,-1.1439805108816743,0.30156877839349905,-0.10676382114258938,0.3489381596097072,-0.2870351547060691,0.5726795283972107,-0.15677361556925223,-0.04049889058310813
1400,33d890cd72fb91726ca4b5d349461fad,BTC|Bybit|1778339640|1778352240,BTC,Bybit,buy,MEAN_REVERSION_CHOP|BTC|Bybit|buy,7,9,1778339640.0,210.0,61.47349220149534,3,-37.75196913125424,0.9603410431407021,-0.17852567520321538,1.2364125239347972,0.5949255366959298,-0.28786422149119945,0.18377698863366124,0.2335820338738807,-0.1428032389825676,0.22699906906525547,0.07673976686608928,-0.016832366812668247
1401,c8d858acace1525fca451bb2be4df758,BTC|Bybit|1778339640|1778352240,BTC,Bybit,buy,MEAN_REVERSION_CHOP|BTC|Bybit|buy,8,9,1778339640.0,210.0,61.47349220149534,3,-10.39011476456888,-0.14568504533941157,-0.568179688292512,-0.5701947201698578,0.5840374830511974,-0.2917038153686079,0.17479766094984514,0.23353766155061842,0.06941433620895948,-0.14621756741722627,0.10479322252595805,0.07724045388940055
1402,fa78e2c02ee2f76d3ae3e4c6bd70172d,BTC|Bybit|1778443140|1778448540,BTC,Bybit,sell,BASIS_DISLOCATION|BTC|Bybit|sell,0,3,1778443140.0,90.0,61.87643783712852,3,30.66618851831666,1.6665143989997133,3.7835406089794064,-0.6868143057002066,-0.5466895274900808,-0.5864804238927981,-0.41229497027546036,-0.36312791223516805,-0.12286474415732507,-0.27153978810586715,-0.35276260043436164,-0.7076973983156551
1403,cdc21dee57063ec4f0021b1972f7890f,BTC|Bybit|1778443140|1778448540,BTC,Bybit,sell,BASIS_DISLOCATION|BTC|Bybit|sell,1,3,1778443140.0,90.0,61.87643783712852,3,-54.385133134779686,-0.2795586814584893,-0.5854497922469623,0.4124812627802709,0.27798360416437035,0.2659121206612161,0.42764724706051194,-0.2665082210078077,0.3225763377986146,0.013338995029947728,0.14326185357005233,-0.2120173888317963
1404,debeb513a7bd772d109e9690d16092ad,BTC|Bybit|1778443140|1778448540,BTC,Bybit,sell,BASIS_DISLOCATION|BTC|Bybit|sell,2,3,1778443140.0,90.0,61.87643783712852,3,-15.358219204128797,-1.259649033796608,-0.7097097372312343,-0.514388994377595,0.18251831969306742,0.11461019905900288,-0.027343799114365224,0.4648735998366575,-0.06305073019112745,-0.1397185406788551,-0.21253460883625386,0.36288579940512444
1405,69bea9e0b9e41c7e010998e0f5b18b20,BTC|Bybit|1778451240|1778455740,BTC,Bybit,buy,BASIS_DISLOCATION|BTC|Bybit|buy,0,3,1778451240.0,75.0,100.10216025666018,4,-76.07552078902852,0.3913427188205715,0.7156462639373155,1.1976412389059161,0.14867127001334005,0.10203316850560654,-0.27089843898940885,0.2601408335797845,-0.32060107310172553,-0.18329591560433178,-0.2218852237307357,-0.3536097732148842
1406,42664f864fa1cea17bcb1619b86a8da8,BTC|Bybit|1778451240|1778455740,BTC,Bybit,buy,BASIS_DISLOCATION|BTC|Bybit|buy,1,3,1778451240.0,75.0,100.10216025666018,4,-6.769658976196314,-0.9072383826484776,-0.6330727321258023,-0.2445538328407784,0.5117078745636545,-0.3087161410385221,-0.09650929970289973,-0.09895549814094229,0.016787659280657032,-0.1764685893445726,0.039435250682499486,-0.5420451339715192
1407,1b97b67b97d0fe96d7a3545e9f40549e,BTC|Bybit|1778451240|1778455740,BTC,Bybit,buy,BASIS_DISLOCATION|BTC|Bybit|buy,2,3,1778451240.0,75.0,100.10216025666018,4,-15.972875908177365,-0.9313411519248532,-0.12026137648812991,-0.2803275499789128,-1.4005721711354446,-0.5001283674501594,0.5659051280209759,-0.151055056977037,0.09786340245971603,0.5212198881142832,-0.26415245740401483,0.15220880910563372
1408,d8facc489e3ce90792ca1c96ad5bafb7,BTC|Bybit|1778452140|1778455740,BTC,Bybit,buy,BASIS_DISLOCATION|BTC|Bybit|buy,0,3,1778452140.0,60.0,78.85711106069559,4,-63.71542375893706,2.122421529445931,-0.6549629136462755,1.669502749370401,0.5471351771057903,-0.046898808109697265,-0.4545564048842453,-0.5344296110303189,-0.49992215241714927,0.09806864849226204,-0.19160187262570422,0.10979205315675235
1409,084e9f1f822e22b31b98219c6d741229,BTC|Bybit|1778452140|1778455740,BTC,Bybit,buy,BASIS_DISLOCATION|BTC|Bybit|buy,1,3,1778452140.0,60.0,78.85711106069559,4,-30.215239607058383,-1.5686759835316164,1.9901457512127443,-0.12533352551052865,0.4199024761248909,-0.08372298334390972,0.12695927540736968,-0.11723101505100775,0.2999562163740693,-0.10499895116929531,0.3421345131006124,0.3346944847751734
1410,b1e15a9689ee0a981f84e5a37285f813,BTC|Bybit|1778452140|1778455740,BTC,Bybit,buy,BASIS_DISLOCATION|BTC|Bybit|buy,2,3,1778452140.0,60.0,78.85711106069559,4,-4.646680766541303,-0.6384877681091902,0.34917803677023407,-0.5765807553654301,-0.4849240324624122,0.22765838658253992,0.06632129258850923,0.4678279898500026,-0.07794363410903576,0.004269241494025855,0.31834006697774947,-0.01938680197687609
1411,da0ea056070ce7706e563a58313f35db,BTC|Bybit|1778457540|1778460540,BTC,Bybit,sell,BASIS_DISLOCATION|BTC|Bybit|sell,0,2,1778457540.0,50.0,66.87643481347769,3,-22.51393385065797,-1.2300194600558365,-0.8345537963949395,0.07767760784561054,-0.5663734071751088,-0.6330575105969958,-0.09234570320200963,0.06359374878377168,-0.29944612164449697,-0.03378197147103479,0.3822798159219333,-0.015247817981859438
1412,dcff5db9d3545e5edaa8008ad988b9dc,BTC|Bybit|1778457540|1778460540,BTC,Bybit,sell,BASIS_DISLOCATION|BTC|Bybit|sell,1,2,1778457540.0,50.0,66.87643481347769,3,-30.95707372203264,-0.013902344142869956,1.203429438516758,-0.7174718647660678,0.5619334079297288,-0.2691763117570164,0.37024869268558136,0.29771289577729143,0.10509083771710331,-0.2803403346526886,0.3350265667892158,0.06117100498999912
1413,b9ecf555819696ef72e322c3301252ca,BTC|Bybit|1778450340|1778455740,BTC,Bybit,buy,LIQUIDITY_SQUEEZE|BTC|Bybit|buy,0,4,1778450340.0,90.0,176.077997478497,3,-37.51555353126147,-0.8552369373798274,-0.9578342873415729,-0.18683582181436623,0.2391180512877335,0.3264574508709233,0.16377075125011475,-0.5124293698197502,-0.15520020830760645,-0.0948517284623123,-0.20677888709417364,0.1758096711610107
1414,477d42844e0843140190b189913b9c92,BTC|Bybit|1778450340|1778455740,BTC,Bybit,buy,LIQUIDITY_SQUEEZE|BTC|Bybit|buy,1,4,1778450340.0,90.0,176.077997478497,3,-94.31056855947591,-0.5617207137486333,0.5372235346551867,0.931950462305666,0.5232013895910881,-0.3243900052222713,-0.3525385787312258,-0.15142821327744915,0.34688991541582537,-0.4191867449838017,0.18557123838256565,-0.027124784922489792
1415,f3926d8bb902a9806035c93f9b6de44b,BTC|Bybit|1778450340|1778455740,BTC,Bybit,buy,LIQUIDITY_SQUEEZE|BTC|Bybit|buy,2,4,1778450340.0,90.0,176.077997478497,3,-6.769658976196314,-0.9072383826484776,-0.6330727321258023,-0.2445538328407784,0.5117078745636545,-0.3087161410385221,-0.09650929970289973,-0.09895549814094229,0.016787659280657032,-0.1764685893445726,0.039435250682499486,-0.5420451339715192
1416,e6d1fe60c558bbf8e3e3ea3655e5d0f9,BTC|Bybit|1778450340|1778455740,BTC,Bybit,buy,LIQUIDITY_SQUEEZE|BTC|Bybit|buy,3,4,1778450340.0,90.0,176.077997478497,3,-15.972875908177365,-0.9313411519248532,-0.12026137648812991,-0.2803275499789128,-1.4005721711354446,-0.5001283674501594,0.5659051280209759,-0.151055056977037,0.09786340245971603,0.5212198881142832,-0.26415245740401483,0.15220880910563372
1417,e9a0ab6e7f770496a56830801d03a6c2,BTC|Bybit|1778456640|1778460540,BTC,Bybit,sell,LIQUIDITY_SQUEEZE|BTC|Bybit|sell,0,3,1778456640.0,65.0,86.4993651891566,2,-14.095628191541172,-0.8193804621692126,1.1669437021365519,0.54643481025018,-0.15548551247382986,0.3850702229412497,-0.542709286105501,-0.02989210638355467,-0.162831974790553,-0.313903094213674,-0.34083793275511515,0.25465242951921796
1418,64ba4c728c6c2db1cc8fb9088924009a,BTC|Bybit|1778456640|1778460540,BTC,Bybit,sell,LIQUIDITY_SQUEEZE|BTC|Bybit|sell,1,3,1778456640.0,65.0,86.4993651891566,2,-25.109838036496317,-1.2677618644410682,-0.8630072348522436,0.035844893138506854,-0.3485222866459071,0.25923879617308226,-0.5361189059339607,0.4558921923962073,-0.19914894042943238,-0.1575224973905635,0.216187385191392,-0.20090951420584943
1419,cc2e62e890f90b619aacc550d50b3248,BTC|Bybit|1778456640|1778460540,BTC,Bybit,sell,LIQUIDITY_SQUEEZE|BTC|Bybit|sell,2,3,1778456640.0,65.0,86.4993651891566,2,-30.95707372203264,-0.013902344142869956,1.203429438516758,-0.7174718647660678,0.5619334079297288,-0.2691763117570164,0.37024869268558136,0.29771289577729143,0.10509083771710331,-0.2803403346526886,0.3350265667892158,0.06117100498999912
1420,cb95e335b2f084f0eb4d4e2b08471cb0,BTC|Bybit|1778462940|1778473740,BTC,Bybit,sell,BASIS_DISLOCATION|BTC|Bybit|sell,0,6,1778462940.0,180.0,94.47529661266336,3,0.6362123122328557,-1.5614643295225064,-0.14145174950984843,-0.40056483267223714,0.5927657525780429,-0.22446139027018797,-0.2934737183620257,-0.13714256060030494,0.4718046214927263,0.09927387777762056,0.038605893271447145,-0.12520482840038102
1421,2331b142abac30d896eaa5287d3784a7,BTC|Bybit|1778462940|1778473740,BTC,Bybit,sell,BASIS_DISLOCATION|BTC|Bybit|sell,1,6,1778462940.0,180.0,94.47529661266336,3,-14.938557038106477,-0.816688632913548,-0.4156106856720536,-0.23790129515648573,-0.39800896460648316,0.38867899634335623,0.05947258152666784,0.14153910645845988,0.12842372263008106,-0.256679799779415,0.18029206004871498,0.15964330094250292
1422,3f38a166657b05e584175bda2abff3fc,BTC|Bybit|1778462940|1778473740,BTC,Bybit,sell,BASIS_DISLOCATION|BTC|Bybit|sell,2,6,1778462940.0,180.0,94.47529661266336,3,-1.33156631288775,-1.4435207584637553,0.6145575289419611,-0.7263670586282082,0.45444802553813834,-0.06153635473805293,-0.026777254161947966,-0.38092501380841504,0.28049756816548593,0.02036060257736229,0.3756922295195905,-0.3367818757571428
1423,49e500d2e29c93bc8e397cd10a361a0f,BTC|Bybit|1778462940|1778473740,BTC,Bybit,sell,BASIS_DISLOCATION|BTC|Bybit|sell,3,6,1778462940.0,180.0,94.47529661266336,3,-15.039080758320324,-1.4460685355624214,-0.5530391122278886,-0.1846117400064269,-0.3598513578568017,0.6188096944803545,0.4208941867554001,0.055760921487381265,-0.42883549103710084,-0.2725358310648789,0.07604841974557354,-0.1719368700991675
1424,89f463dc1c6fe119d1f04ba6445f57a2,BTC|Bybit|1778462940|1778473740,BTC,Bybit,sell,BASIS_DISLOCATION|BTC|Bybit|sell,4,6,1778462940.0,180.0,94.47529661266336,3,-4.473827503207643,-1.461645186578113,3.8894951967704054,0.508045320680643,0.16328018691472662,0.22955919045900108,0.4626145197054927,-0.6042553711878578,0.046265493571643945,0.07131675862000952,0.8229956604095094,0.19252573816082533
1425,cc67c89d556c2fdd0b6416ab375e8bbf,BTC|Bybit|1778462940|1778473740,BTC,Bybit,sell,BASIS_DISLOCATION|BTC|Bybit|sell,5,6,1778462940.0,180.0,94.47529661266336,3,-18.221812498602393,-1.001451732823114,0.10383483090235938,-0.1760472981693046,-0.2985556539625766,0.47235818009858704,0.051137744148014926,0.4127930889389614,0.13167760319788308,0.2725286388547704,0.06142192072141585,0.12482995522910308
1426,0727dd8f6f80a8a1a16f6d229a5d95c7,BTC|Bybit|1778465640|1778473740,BTC,Bybit,sell,BASIS_DISLOCATION|BTC|Bybit|sell,0,4,1778465640.0,135.0,68.35915602948913,3,-2.0122382373022676,2.1372060407776874,0.622710163727627,-1.6302455177380673,0.45770814678181077,0.32919556814862244,-0.33113181179705414,-0.47450367604115395,0.13787860274595473,0.128607351636985,0.1650347505847139,0.05521188233621759
1427,a89e7caa651dcfad2d9c58f717ae569e,BTC|Bybit|1778465640|1778473740,BTC,Bybit,sell,BASIS_DISLOCATION|BTC|Bybit|sell,1,4,1778465640.0,135.0,68.35915602948913,3,-15.039080758320324,-1.4460685355624214,-0.5530391122278886,-0.1846117400064269,-0.3598513578568017,0.6188096944803545,0.4208941867554001,0.055760921487381265,-0.42883549103710084,-0.2725358310648789,0.07604841974557354,-0.1719368700991675
1428,75391656452993a7af8e03265b15d204,BTC|Bybit|1778465640|1778473740,BTC,Bybit,sell,BASIS_DISLOCATION|BTC|Bybit|sell,2,4,1778465640.0,135.0,68.35915602948913,3,-4.473827503207643,-1.461645186578113,3.8894951967704054,0.508045320680643,0.16328018691472662,0.22955919045900108,0.4626145197054927,-0.6042553711878578,0.046265493571643945,0.07131675862000952,0.8229956604095094,0.19252573816082533
1429,f8f0726d4ae7f61c522c08872170cb83,BTC|Bybit|1778465640|1778473740,BTC,Bybit,sell,BASIS_DISLOCATION|BTC|Bybit|sell,3,4,1778465640.0,135.0,68.35915602948913,3,-18.221812498602393,-1.001451732823114,0.10383483090235938,-0.1760472981693046,-0.2985556539625766,0.47235818009858704,0.051137744148014926,0.4127930889389614,0.13167760319788308,0.2725286388547704,0.06142192072141585,0.12482995522910308
1430,361a85850b73722abc16032c3b391b0b,BTC|Bybit|1778468100|1778473740,BTC,Bybit,sell,LIQUIDITY_SQUEEZE|BTC|Bybit|sell,0,2,1778468100.0,94.0,43.99401032641089,2,-5.059449628738505,10.049582969101214,3.9556164670595453,-2.8307807063210966,1.2633177694010806,-0.12138001482441403,-0.07621233265819244,0.011064388981348478,0.09997891855996406,0.38154563237663,-0.02494918555839138,0.2204299587266482
1431,dd42fc777ced5f04f438fab2455ab55c,BTC|Bybit|1778468100|1778473740,BTC,Bybit,sell,LIQUIDITY_SQUEEZE|BTC|Bybit|sell,1,2,1778468100.0,94.0,43.99401032641089,2,-18.221812498602393,-1.001451732823114,0.10383483090235938,-0.1760472981693046,-0.2985556539625766,0.47235818009858704,0.051137744148014926,0.4127930889389614,0.13167760319788308,0.2725286388547704,0.06142192072141585,0.12482995522910308
1432,16bf23547358f77c1503af4724ec2b8d,BTC|Bybit|1778145540|1778150340,BTC,Bybit,sell,LIQUIDITY_SQUEEZE|BTC|Bybit|sell,0,3,1778145540.0,80.0,32.281683956931744,1,-45.216648400820354,-1.1185057392624258,-0.2778268888866521,0.4390781483666858,0.5077512503633915,-0.2687961913358124,0.04232170609790776,0.14672042264313617,-0.24320103595299863,0.17017949107305852,0.2870215015855547,-0.4477939632584473
1433,4d8e5e23c7e87caba4db6c61e2609178,BTC|Bybit|1778145540|1778150340,BTC,Bybit,sell,LIQUIDITY_SQUEEZE|BTC|Bybit|sell,1,3,1778145540.0,80.0,32.281683956931744,1,-17.14587344077456,-0.5954275175935726,-0.22234383767778956,-0.5163197032151612,-1.2253601262544107,-0.8129010406037571,-0.0963572878268011,-0.3168615413847916,0.2746445438454527,0.23499229433855143,-0.11541239621332967,-0.23793689769636855
1434,448452d8be18eb8340cb3384dbc43dc7,BTC|Bybit|1778145540|1778150340,BTC,Bybit,sell,LIQUIDITY_SQUEEZE|BTC|Bybit|sell,2,3,1778145540.0,80.0,32.281683956931744,1,28.339358026010242,2.1215751676038686,-0.47314436744799315,-1.4450175378318013,0.8240475948866144,-0.3847895748738908,-0.4005587335687773,0.10278838769578429,0.2968325821645707,-0.1844789784580211,0.12774725841798204,0.02724920444710964
1435,c7df433e2f0dd0b37eea74ce11796305,BTC|Bybit|1778160540|1778162040,BTC,Bybit,sell,BASIS_DISLOCATION|BTC|Bybit|sell,0,1,1778160540.0,25.0,46.369323447730494,3,31.629691861744604,2.1444692576476214,-0.4874519230294245,1.131112312604749,-0.3454737586340017,0.20728721484965373,0.20877121325365486,0.019476365660825078,-0.18762991379303748,-0.48227650764636676,0.2032419171795847,-0.12869943106582116
1436,9aaa96036805ca7e75b3f719bac83405,BTC|Bybit|1778160240|1778162040,BTC,Bybit,sell,LIQUIDITY_SQUEEZE|BTC|Bybit|sell,0,1,1778160240.0,30.0,63.24089842493092,2,20.828668664356343,2.5449371976768767,-0.4082576977046677,1.1219773635457775,-0.458690642831026,-0.47998715631969024,0.41245166685256507,-0.04949718170083041,-0.22413607981677294,-0.3833473144332018,0.5172732395263453,-0.029254746586458755
1437,9981bf3ad5580196ca7eb7309a1df26b,BTC|Bybit|1778163240|1778166540,BTC,Bybit,sell,LIQUIDITY_SQUEEZE|BTC|Bybit|sell,0,2,1778163240.0,55.0,37.26864581581005,1,8.310883622391316,-1.0098759323860758,0.5827051780772134,0.08660244196412681,-0.9554069506420608,0.20353979485901097,-0.2534410633476781,0.35845196405555646,0.5644487598738875,-0.019472931128826414,0.10021625227478391,-0.04742816210022856
1438,6b5fd24787b5ca0c542fb9157150f4ca,BTC|Bybit|1778163240|1778166540,BTC,Bybit,sell,LIQUIDITY_SQUEEZE|BTC|Bybit|sell,1,2,1778163240.0,55.0,37.26864581581005,1,-11.010369672328379,-1.8823334352070744,0.15706700840119583,-0.17790402739447778,-0.38158206306596043,-0.023492540850036832,0.039339041912519766,0.27391032107508645,-0.40111159307759475,0.22849984513841867,-0.2791469085904091,-0.18273447764339804
1439,0eadfab670ea00d8aae45c64b02aeb04,BTC|Bybit|1778163240|1778165340,BTC,Bybit,sell,MEAN_REVERSION_CHOP|BTC|Bybit|sell,0,2,1778163240.0,35.0,42.29432257138474,1,-14.647750308945565,-1.4236197672189028,-0.08996622947286664,-0.5004857468445346,0.48937114114354513,-0.04187027610223649,0.5234426905505712,0.05573756614011538,0.031046194990778295,0.5337198008628753,0.07720152370854998,-0.04711255377054842
1440,6f8b8b11c043daf5b592bf825682ac2c,BTC|Bybit|1778163240|1778165340,BTC,Bybit,sell,MEAN_REVERSION_CHOP|BTC|Bybit|sell,1,2,1778163240.0,35.0,42.29432257138474,1,18.709944861005223,-1.6264588874605743,-0.7763150849281153,-0.09700357066366733,0.3980163979179921,-0.0829100051448342,0.5111856261047977,0.25546966548825734,-0.06801038247256258,0.3294936281422181,0.0840804863159485,-0.04924861663939034
1441,ed10b954744ed92f6d73f7c00a64812f,BTC|Bybit|1778225940|1778230740,BTC,Bybit,buy,BASIS_DISLOCATION|BTC|Bybit|buy,0,3,1778225940.0,80.0,33.024370478454316,4,-25.640035842713427,0.34934399116669385,1.110227153506841,0.4748592788314945,0.14530614869477415,0.11613798558636855,-0.0061208532799807,0.05029682150951296,0.17410509427885287,-0.14178770317906614,0.3394819575784187,-0.020656559406767073
1442,aead20b8615873fb43c6ceb47a03659c,BTC|Bybit|1778225940|1778230740,BTC,Bybit,buy,BASIS_DISLOCATION|BTC|Bybit|buy,1,3,1778225940.0,80.0,33.024370478454316,4,-19.2517064777283,-1.1531693875797608,0.7266715232192069,-0.17028847944094025,-1.4453608046427673,-0.28526954271622373,-0.0066577260318193615,-0.25077729241196445,-0.12745503807129588,0.12990822980991196,0.32963516205803767,-0.14846864528529852
1443,b950a84ca74c4f1ab176679f27427370,BTC|Bybit|1778225940|1778230740,BTC,Bybit,buy,BASIS_DISLOCATION|BTC|Bybit|buy,2,3,1778225940.0,80.0,33.024370478454316,4,-31.068102556065742,-0.049786537832110754,-0.9921571665093972,-0.4795421027717207,0.29924947065935886,0.20090640689206216,-0.20056801668239474,0.02911392546794103,0.08605761409261467,0.45389403803821615,-0.0033062433412667605,-0.1282240528030525
1444,8bf4d28be297e31e75cefdd04d109519,BTC|Bybit|1778235840|1778240040,BTC,Bybit,buy,BASIS_DISLOCATION|BTC|Bybit|buy,0,3,1778235840.0,70.0,34.439545758114086,3,-28.019877970665068,-1.4629623431594942,1.0827703352806233,0.13208882223264992,-0.68111102344776,0.2767508434436444,0.2783260078244205,-0.0927196839570222,-0.4016571227304952,-0.14907662231063373,0.32278685921277084,0.2890753852457887
1445,1473929aa381910e29852836bbb185e6,BTC|Bybit|1778235840|1778240040,BTC,Bybit,buy,BASIS_DISLOCATION|BTC|Bybit|buy,1,3,1778235840.0,70.0,34.439545758114086,3,-10.401460616467407,1.8838361428804646,-0.44024365072996385,0.894067326305016,-0.7317119790387773,0.4909234626662502,0.649874244031057,0.13801774497924552,0.032178519693052694,0.15606382514480646,-0.04013873120641654,0.14841330982472828
1446,3157d2fbdc27d0bfff8bcc80bf89cb4e,BTC|Bybit|1778235840|1778240040,BTC,Bybit,buy,BASIS_DISLOCATION|BTC|Bybit|buy,2,3,1778235840.0,70.0,34.439545758114086,3,-17.919501920994136,0.26772020567508875,-0.9676506997642853,0.84244926984411,0.43625581441441397,0.03345687374676302,0.3160516269286039,-0.11997222064477005,-0.4616395448106817,0.3793194611860681,0.19406984039775108,0.15810892016590677
1447,ada6c8d1ec4b703b12c99c59bcaf310f,BTC|Bybit|1778236140|1778240040,BTC,Bybit,buy,BASIS_DISLOCATION|BTC|Bybit|buy,0,3,1778236140.0,65.0,32.754977953426575,3,-29.809108109916266,-1.5534771506764884,0.8853451510063067,0.14959139886715953,0.2437775426235455,-0.045727166451026285,0.327774141223301,-0.11924818292537334,-0.2972870299448375,-0.3502325852666796,-0.09254362767843526,-0.6886752138736405
1448,690461829d0033f636ee5fd0a6693f20,BTC|Bybit|1778236140|1778240040,BTC,Bybit,buy,BASIS_DISLOCATION|BTC|Bybit|buy,1,3,1778236140.0,65.0,32.754977953426575,3,-10.401460616467407,1.8838361428804646,-0.44024365072996385,0.894067326305016,-0.7317119790387773,0.4909234626662502,0.649874244031057,0.13801774497924552,0.032178519693052694,0.15606382514480646,-0.04013873120641654,0.14841330982472828
1449,c63f4d7b7432fe33c435aaa8f0114c51,BTC|Bybit|1778236140|1778240040,BTC,Bybit,buy,BASIS_DISLOCATION|BTC|Bybit|buy,2,3,1778236140.0,65.0,32.754977953426575,3,-17.919501920994136,0.26772020567508875,-0.9676506997642853,0.84244926984411,0.43625581441441397,0.03345687374676302,0.3160516269286039,-0.11997222064477005,-0.4616395448106817,0.3793194611860681,0.19406984039775108,0.15810892016590677
1450,4591c45d26098464ff4a2c4c0ec2149a,BTC|Bybit|1778225340|1778232840,BTC,Bybit,buy,LIQUIDITY_SQUEEZE|BTC|Bybit|buy,0,5,1778225340.0,125.0,57.848849469497225,1,-25.70330687008167,0.25130887839854305,1.3758686119052794,0.39881277906057877,-0.404038470369751,-0.013880303775987911,-0.04099629790743451,-0.057945558313577776,0.3841935833807759,-0.11323373224294096,-0.17288555443824347,0.07651477482877664
1451,7003354d3e426e02047375d9dbf1bcf4,BTC|Bybit|1778225340|1778232840,BTC,Bybit,buy,LIQUIDITY_SQUEEZE|BTC|Bybit|buy,1,5,1778225340.0,125.0,57.848849469497225,1,-18.928401960320667,-1.4333126588559162,-0.9369623284129538,-0.5071625866846914,-1.424123165844792,0.09688430696759764,-0.03660364564360326,-0.33328230788722474,0.20950830325836323,0.027842372112613673,0.24060490399500994,0.012158091795224991
1452,a55fce21cfa4a77f789f1e96652dcdad,BTC|Bybit|1778225340|1778232840,BTC,Bybit,buy,LIQUIDITY_SQUEEZE|BTC|Bybit|buy,2,5,1778225340.0,125.0,57.848849469497225,1,-40.532018338559716,-0.7434511144008219,-0.6867204183132817,-0.18207578787954865,0.5852191563486676,-0.3856480921799609,-0.4153071925572986,0.03892161097031879,0.10658169583550918,-0.20177775617268928,0.4163798663796238,-0.3066188966843017
1453,3ea868236b9c01916831750f080aca6b,BTC|Bybit|1778225340|1778232840,BTC,Bybit,buy,LIQUIDITY_SQUEEZE|BTC|Bybit|buy,3,5,1778225340.0,125.0,57.848849469497225,1,-11.484674966053161,-1.0587613079799143,-0.7443609592005708,-0.34674752586665386,-0.3074770750684464,0.5085753518314171,-0.6905714525254484,-0.2814170235111793,-0.23233449249871674,-0.07861418971596733,-0.1671364009667856,0.3978147806671603
1454,4fdc3e2e58f8814db5b01e51502ea2d7,BTC|Bybit|1778225340|1778232840,BTC,Bybit,buy,LIQUIDITY_SQUEEZE|BTC|Bybit|buy,4,5,1778225340.0,125.0,57.848849469497225,1,-21.068745455215897,0.6805437163056351,-0.5950267466791952,-1.1197907451323887,0.7371963897624281,-0.28453182021108026,0.2368958601900772,0.2866601041579283,0.11504289963281095,0.1483101852384989,-0.22489637964079354,-0.10147757249486668
1455,b40f8af978ad41e2aa306e91c913c85c,BTC|Bybit|1778225340|1778230740,BTC,Bybit,buy,MEAN_REVERSION_CHOP|BTC|Bybit|buy,0,3,1778225340.0,90.0,55.18011885077706,2,-25.70330687008167,0.25130887839854305,1.3758686119052794,0.39881277906057877,-0.404038470369751,-0.013880303775987911,-0.04099629790743451,-0.057945558313577776,0.3841935833807759,-0.11323373224294096,-0.17288555443824347,0.07651477482877664
1456,c02627ca96e7f68979f8d73c818ccf2b,BTC|Bybit|1778225340|1778230740,BTC,Bybit,buy,MEAN_REVERSION_CHOP|BTC|Bybit|buy,1,3,1778225340.0,90.0,55.18011885077706,2,-19.2517064777283,-1.1531693875797608,0.7266715232192069,-0.17028847944094025,-1.4453608046427673,-0.28526954271622373,-0.0066577260318193615,-0.25077729241196445,-0.12745503807129588,0.12990822980991196,0.32963516205803767,-0.14846864528529852
1457,b6c0ee897f04ad7ef67f78adf2f1e0fc,BTC|Bybit|1778225340|1778230740,BTC,Bybit,buy,MEAN_REVERSION_CHOP|BTC|Bybit|buy,2,3,1778225340.0,90.0,55.18011885077706,2,-31.068102556065742,-0.049786537832110754,-0.9921571665093972,-0.4795421027717207,0.29924947065935886,0.20090640689206216,-0.20056801668239474,0.02911392546794103,0.08605761409261467,0.45389403803821615,-0.0033062433412667605,-0.1282240528030525
1458,387113e2368b32efd9fce5aefd34d1af,BTC|Bybit|1778248440|1778250240,BTC,Bybit,buy,BASIS_DISLOCATION|BTC|Bybit|buy,0,1,1778248440.0,30.0,72.37155636091951,4,-24.59631627063497,5.927335346387026,-0.904855640235594,2.1340828831620784,-0.5646446076988955,-0.15381359891466495,0.01015017362049688,0.3202499219397471,0.2536115667764607,-0.4110181624441514,0.15263846941475367,0.1934216858426217
1459,199c568195d7128979fc23c2f3e30e84,BTC|Bybit|1778248740|1778250240,BTC,Bybit,buy,BASIS_DISLOCATION|BTC|Bybit|buy,0,1,1778248740.0,25.0,64.50420732792645,4,-25.254957595695647,4.370096439919755,-0.8929851142756426,1.8609308495494161,-0.33722010484943,0.5089356869065111,-0.25419154093877716,0.046076747486009866,0.030637338964447095,-0.30195751657581515,-0.045951852560824645,0.08031620185875434
1460,d67bbe68cf8c788a3b5cb3084611b158,BTC|Bybit|1778427240|1778429940,BTC,Bybit,buy,BASIS_DISLOCATION|BTC|Bybit|buy,0,2,1778427240.0,45.0,32.66546370735213,4,-54.393931011914674,0.4924889661214855,1.2436598795160196,0.17093023879686986,-0.43076465586064716,0.06649587464920156,0.028062956661639365,-0.15058814322835193,-0.23156702104466517,-0.46474790067654725,0.5215178269836775,0.18309155067784907
1461,95735a85b679dbfe44fd6529302834fb,BTC|Bybit|1778427240|1778429940,BTC,Bybit,buy,BASIS_DISLOCATION|BTC|Bybit|buy,1,2,1778427240.0,45.0,32.66546370735213,4,-5.263101837573715,-1.8733466390510516,-1.1271557937337697,-0.37772139370710106,0.3247499096831072,0.004867144645743099,0.25407019583154994,-0.059523017500990184,0.024875379904035683,0.317103240460958,0.18956184904869175,0.09970177200695793
1462,07bb5ed04d0c09d9ed4c24a9f8ec156c,BTC|Bybit|1778424540|1778429940,BTC,Bybit,buy,LIQUIDITY_SQUEEZE|BTC|Bybit|buy,0,4,1778424540.0,90.0,52.49971842384042,1,-36.05971160932986,-0.7526423498402169,-0.2928935987491369,0.714344648190403,0.5377922654828087,-0.27011554085865924,-0.04229315310781439,0.27875237733029745,-0.019054729608384103,0.13704387643694405,0.16991702059755986,0.5518788063292442
1463,98997d2349f3e1bab6169671bb9d9c34,BTC|Bybit|1778424540|1778429940,BTC,Bybit,buy,LIQUIDITY_SQUEEZE|BTC|Bybit|buy,1,4,1778424540.0,90.0,52.49971842384042,1,-16.768703950936484,-0.798986631848976,-0.006678839147679248,-0.036979154201021915,-0.5431255247498911,-0.3147734621389165,-0.4033748360769851,-0.062358330067775254,-0.3147569130791395,0.23541353967235074,0.2646800007755119,0.3096067405797081
1464,34fb3b9f5b869a9fc89025c88471b76b,BTC|Bybit|1778424540|1778429940,BTC,Bybit,buy,LIQUIDITY_SQUEEZE|BTC|Bybit|buy,2,4,1778424540.0,90.0,52.49971842384042,1,-64.37581957792823,0.22145267400283178,0.9893971015230875,0.313967614245328,0.038255203509686406,0.28124203646408324,0.0011320017127510983,0.2651909276319634,-0.07697665776076996,-0.2825029418621784,-0.31592623365467315,-0.25769692377884035
1465,1f37354ef92eb8a61e6e995479e8c403,BTC|Bybit|1778424540|1778429940,BTC,Bybit,buy,LIQUIDITY_SQUEEZE|BTC|Bybit|buy,3,4,1778424540.0,90.0,52.49971842384042,1,-5.263101837573715,-1.8733466390510516,-1.1271557937337697,-0.37772139370710106,0.3247499096831072,0.004867144645743099,0.25407019583154994,-0.059523017500990184,0.024875379904035683,0.317103240460958,0.18956184904869175,0.09970177200695793
1466,102756b04dee5720166dbb381fae9ce7,BTC|Bybit|1778444940|1778446440,BTC,Bybit,sell,BASIS_DISLOCATION|BTC|Bybit|sell,0,1,1778444940.0,25.0,52.84734463604026,1,43.9599799739702,0.21792255535152855,-0.43796656392167266,-0.23251118335697224,-0.15530885878575024,0.44548189111209985,-0.4111638352723064,-0.09568658974368609,0.49156871077742686,0.413945143213315,-0.09598043118199365,-0.08144369390777677
1467,61fd1ed5c90b427fc4e58f91cb96a4b1,BTC|Bybit|1778450940|1778452740,BTC,Bybit,buy,BASIS_DISLOCATION|BTC|Bybit|buy,0,1,1778450940.0,30.0,82.91681145165624,1,-59.483317647596024,1.2287073391506804,-0.6651453573484646,1.3510663638096343,-0.2796187472526477,-0.18871109371236108,0.21642178847068322,0.4970958617517282,-0.3471550694575051,-0.1043596363326155,0.18014606823807255,0.1719253604144985
1468,c87c2694a536d19c847e46afd2e6d1f6,BTC|Bybit|1778451840|1778452740,BTC,Bybit,buy,BASIS_DISLOCATION|BTC|Bybit|buy,0,1,1778451840.0,15.0,67.57655747490973,4,-94.32846011547788,-0.6866422676019305,-0.7635000776084021,0.8239769337264661,0.512686185432851,-0.3120623048376122,-0.37770962213566783,-0.20086636184638068,0.35372455108013834,-0.4302051965614328,0.2823722347252109,-0.01223414782971928
1469,47ccd6eeb970d52ed65c2c08b936a4a8,BTC|Bybit|1778457540|1778459040,BTC,Bybit,sell,BASIS_DISLOCATION|BTC|Bybit|sell,0,1,1778457540.0,25.0,40.79987178548933,3,-23.99215282081947,-1.3434080653864522,-0.7795576495296724,0.24016643923452832,-0.6609789146860471,0.5685300166729211,-0.6392238927254029,0.32457339004430896,0.10175568859574868,-0.38966035464508664,-0.2845989288193555,-0.05474506924634864
1470,1e8abf68b1e47dd8579c542cf2c4a63f,BTC|Bybit|1778445540|1778446440,BTC,Bybit,sell,LIQUIDITY_SQUEEZE|BTC|Bybit|sell,0,1,1778445540.0,15.0,35.54196391699278,2,70.88329734952708,-0.5075078259638396,-0.6332453647896983,-0.07923776626216518,0.602112519125141,-0.4044736044533855,-0.203810576227732,0.3621539567335063,-0.3971421088601617,0.34634709439162414,0.12420658370578289,-0.2371593267440675
1471,73e50cc425856f63c45fdd1d4cd0e303,BTC|Bybit|1778450340|1778455140,BTC,Bybit,buy,LIQUIDITY_SQUEEZE|BTC|Bybit|buy,0,4,1778450340.0,80.0,181.27710562040596,1,-37.51555353126147,-0.8552369373798274,-0.9578342873415729,-0.18683582181436623,0.23911805128773347,0.3264574508709233,0.16377075125011475,-0.5124293698197502,-0.15520020830760645,-0.0948517284623123,-0.20677888709417364,0.17580967116101073
1472,0810a250b116ef390ed3295b13062590,BTC|Bybit|1778450340|1778455140,BTC,Bybit,buy,LIQUIDITY_SQUEEZE|BTC|Bybit|buy,1,4,1778450340.0,80.0,181.27710562040596,1,-94.3105685594759,-0.5617207137486334,0.5372235346551867,0.9319504623056661,0.5232013895910881,-0.32439000522227124,-0.3525385787312258,-0.15142821327744915,0.34688991541582537,-0.41918674498380165,0.18557123838256565,-0.027124784922489792
1473,f5893dc8500c6b72bec2e8bc573fb031,BTC|Bybit|1778450340|1778455140,BTC,Bybit,buy,LIQUIDITY_SQUEEZE|BTC|Bybit|buy,2,4,1778450340.0,80.0,181.27710562040596,1,-6.769658976196314,-0.9072383826484766,-0.633072732125803,-0.24455383284077853,0.5117078745636544,-0.3087161410385221,-0.09650929970289981,-0.0989554981409424,0.01678765928065705,-0.17646858934457252,0.039435250682499444,-0.5420451339715193
1474,1b301b2ae25b29b9d200c8cc0112af56,BTC|Bybit|1778450340|1778455140,BTC,Bybit,buy,LIQUIDITY_SQUEEZE|BTC|Bybit|buy,3,4,1778450340.0,80.0,181.27710562040596,1,-23.947908124563092,-1.3166131167982225,-0.6611601393293486,-0.38442356166769925,-0.8204839577853233,0.07191107513237902,0.1990078736468569,0.692922830673929,-0.48490900671730064,-0.09963088425595047,-0.19276250887151042,-0.057758387807031346
1475,a3b70a7521a7691cbd294fb5e22a68b2,BTC|Bybit|1778450640|1778455140,BTC,Bybit,buy,LIQUIDITY_SQUEEZE|BTC|Bybit|buy,0,4,1778450640.0,75.0,150.73439039523802,1,-39.14883964595897,-1.2614992218905767,0.03975322999110005,0.3603884781311036,0.40500489345198376,0.04525789166284338,0.38391198768883245,-0.18783264775071729,-0.0975610829828908,0.46970259671939335,0.0349788098225521,0.08434375045619676
1476,2eff5fd829bf5e02bc87c11d4808cba1,BTC|Bybit|1778450640|1778455140,BTC,Bybit,buy,LIQUIDITY_SQUEEZE|BTC|Bybit|buy,1,4,1778450640.0,75.0,150.73439039523802,1,-93.79707970208358,-0.5803303497665196,-0.4536395755165045,0.8662257509344456,0.5317859640489473,-0.3216693954289234,-0.3898395546985375,-0.17782478921637265,0.3565111093525765,-0.3898469198225121,0.2662202448151083,-0.05541511306314192
1477,c8412d3f15fb7b09a05e996cd47a8de8,BTC|Bybit|1778450640|1778455140,BTC,Bybit,buy,LIQUIDITY_SQUEEZE|BTC|Bybit|buy,2,4,1778450640.0,75.0,150.73439039523802,1,-4.496609952845126,-0.3379673262283677,-0.06165878753057321,-0.25155095372297925,0.5605275429778046,-0.23131506998025533,0.4118212938840521,0.15835051165648303,0.3310552076117663,-0.028109865305296064,0.2684089801677052,-0.18569842958024105
1478,cf7d9834ea35e2f7fb36d4d85419d47a,BTC|Bybit|1778450640|1778455140,BTC,Bybit,buy,LIQUIDITY_SQUEEZE|BTC|Bybit|buy,3,4,1778450640.0,75.0,150.73439039523802,1,-26.836005271771516,-1.1263049566449712,-0.6692250877691504,-0.2790752243127756,-0.6986578090255534,0.3382677248942086,0.24259868131875603,0.5979027546411306,-0.21905248225987173,0.04987097374919264,-0.08396195891655173,0.3915118314394826
1479,aab4648da3fcc96a44146afa2b169cad,BTC|Bybit|1778450340|1778451840,BTC,Bybit,buy,MEAN_REVERSION_CHOP|BTC|Bybit|buy,0,1,1778450340.0,25.0,61.279168171369356,2,-32.31794091618133,-0.2093797128847708,-1.009084039498824,0.09288429281526892,-0.5446893531547159,0.5662085621090028,-0.12343701954469068,0.38601562468510525,-0.23221482263065932,0.3241812806981815,0.17522384853011774,-0.16626257670749645
1480,9a85f24786132837af667334df8a54f7,BTC|Bybit|1778450640|1778451840,BTC,Bybit,buy,MEAN_REVERSION_CHOP|BTC|Bybit|buy,0,1,1778450640.0,20.0,31.106429333511254,3,-35.28419471133016,-0.7875012609671947,-1.0059019334554111,0.4538561322021758,-0.22871713660336468,0.790312824117262,-0.27369682159479075,-0.22645754058536324,0.3009285616315807,0.18332743390782458,-0.22419594277252727,-0.3640610438542567
1481,a2534d5593009eab02f38de0e8b32fae,BTC|Bybit|1778443740|1778444640,BTC,Bybit,sell,RELATIVE_STRENGTH|BTC|Bybit|sell,0,1,1778443740.0,15.0,31.649792513531562,2,29.09850430693779,-0.21707557582204745,-0.7523489641109746,0.19555287820974232,0.5895765655722507,-0.3212621712974335,-0.17362623569657148,-0.005260180985849657,0.06446545107554146,0.4228751675484956,0.3614316106885945,-0.5380057483198114
1482,78b5579f8144615394ff4b960dd6f4d9,BTC|Bybit|1778468100|1778473440,BTC,Bybit,sell,LIQUIDITY_SQUEEZE|BTC|Bybit|sell,0,2,1778468100.0,89.0,42.971456201587905,1,-5.0594496287385,10.049582969101216,3.955616467059546,-2.830780706321097,1.26331776940108,-0.1213800148244142,-0.07621233265819241,0.011064388981348476,0.09997891855996396,0.3815456323766298,-0.02494918555839142,0.22042995872664828
1483,0e3f50abf94bb45c5b8e57a86733b70a,BTC|Bybit|1778468100|1778473440,BTC,Bybit,sell,LIQUIDITY_SQUEEZE|BTC|Bybit|sell,1,2,1778468100.0,89.0,42.971456201587905,1,-18.748877506199122,-1.045116948148292,1.3820660171006447,-0.08180158677744694,0.25797262596878184,0.24878834474948955,0.002974039752480303,-0.13385152215391646,0.38344808596442215,0.1606597074226803,0.19307444233681073,0.061701976930911735
