theta,registry,side,kind,grid_s,gross_bp,net_real_bp,peak_fav_bp,t_peak_c,giveback_bp,max_adv_bp,dur_c,frac_peak,clmx60_pk,er600_pk,slean_pk,hod_pk,slmax,t_slmax_c,slmax60,r8_a05x0_trig,r8_a05x0_t_c,r8_a05x0_gx,r8_a10x0_trig,r8_a10x0_t_c,r8_a10x0_gx,r8_a20x0_trig,r8_a20x0_t_c,r8_a20x0_gx,r8_a10xm10_trig,r8_a10xm10_t_c,r8_a10xm10_gx,dive_depth,lag_bp,hod_entry,entry_idx
80.0,0,1,fallback,1.0,20.09,4.09,61.6,494,41.52,4.02,781,0.633,0.416,0.144,0.2956,0,0.3298,579,0.8275,0,-1,,0,-1,,0,-1,,0,-1,,0.0376,90.54,0,634
80.0,0,-1,confirm,1.0,49.45,33.45,89.55,4850,40.1,41.43,5159,0.94,2.086,0.183,0.2152,1,0.4356,3650,0.8625,1,699,-28.07,1,699,-28.07,1,699,-28.07,1,1976,-21.38,0.3682,41.26,0,1415
80.0,0,1,confirm,1.0,21.49,5.49,61.79,269,40.3,6.72,712,0.378,1.644,0.201,-0.0005,1,0.1856,137,0.7966,1,212,29.55,1,212,29.55,0,-1,,1,356,44.33,0.4179,40.46,1,6574
80.0,0,-1,confirm,1.0,9.38,-6.62,49.59,1374,40.21,26.81,2299,0.598,2.071,0.143,0.3041,2,0.3342,1004,0.8319,1,113,-2.68,1,113,-2.68,1,113,-2.68,1,122,-6.7,0.3144,40.05,2,7286
80.0,0,1,confirm,1.0,-79.15,-95.15,1.34,78,80.49,79.15,2807,0.028,0.16,0.054,0.0034,2,0.1818,1712,0.897,1,1805,-41.59,1,1805,-41.59,0,-1,,1,1805,-41.59,0.3182,40.41,2,9585
80.0,0,-1,fallback,1.0,-16.23,-32.23,24.34,191,40.57,16.23,270,0.707,1.762,0.11,0.2847,3,0.3004,137,0.774,0,-1,,0,-1,,0,-1,,0,-1,,0.8917,80.48,3,12392
80.0,0,1,confirm,1.0,-78.3,-94.3,4.05,10,82.35,78.3,309,0.032,4.179,0.02,0.0206,3,0.0251,41,0.4926,0,-1,,0,-1,,0,-1,,0,-1,,0.4331,40.67,3,12662
80.0,0,-1,fallback,1.0,114.3,98.3,164.65,879,50.35,6.8,900,0.977,5.109,0.127,0.3133,3,0.3743,848,0.6499,0,-1,,0,-1,,0,-1,,0,-1,,0.3527,82.32,3,12971
80.0,0,1,confirm,1.0,9.64,-6.36,50.93,275,41.29,24.78,415,0.663,0.25,0.003,-0.21,3,-0.1836,389,0.5611,0,-1,,0,-1,,0,-1,,0,-1,,0.3266,51.19,3,13871
80.0,0,-1,confirm,1.0,-77.01,-93.01,5.5,46,82.51,77.01,297,0.155,0.44,0.027,0.208,3,0.2089,52,0.4157,1,129,-9.63,1,129,-9.63,1,129,-9.63,1,185,-33.0,0.0211,41.08,3,14286
80.0,0,1,fallback,1.0,28.66,12.66,69.6,204,40.94,12.28,239,0.854,2.803,0.148,0.0948,4,0.2118,29,0.5591,0,-1,,0,-1,,0,-1,,0,-1,,0.3565,82.55,4,14583
80.0,0,-1,confirm,1.0,-53.07,-69.07,28.58,193,81.64,53.07,2328,0.083,0.323,0.086,-0.053,4,0.1322,1491,0.7556,1,684,19.05,1,684,19.05,0,-1,,1,1822,2.72,0.047,40.66,4,14822
80.0,0,1,fallback,1.0,-24.36,-40.36,16.24,151,40.61,24.36,487,0.31,0.995,0.207,0.4062,4,0.4272,132,0.9308,0,-1,,0,-1,,0,-1,,0,-1,,0.2168,81.88,4,17150
80.0,0,-1,confirm,1.0,-80.05,-96.05,2.71,1,82.77,80.05,502,0.002,2.614,0.016,-0.0957,4,-0.0358,28,0.0987,0,-1,,0,-1,,0,-1,,0,-1,,0.6292,40.54,4,17637
80.0,0,1,fallback,1.0,44.42,28.42,84.8,856,40.38,8.08,1252,0.684,0.759,0.061,0.1153,5,0.4789,114,0.9164,1,980,60.57,1,980,60.57,1,980,60.57,1,1108,60.57,0.018,82.79,5,18139
80.0,0,-1,confirm,1.0,12.06,-3.94,52.26,546,40.2,6.7,718,0.76,1.03,0.17,-0.0636,5,0.2468,34,0.742,1,299,6.7,1,299,6.7,1,299,6.7,1,625,26.8,0.4485,40.04,5,19391
80.0,0,1,confirm,1.0,64.4,48.4,107.34,3590,42.94,22.81,4492,0.799,2.799,0.096,0.5389,6,0.6817,2783,0.9659,1,110,-13.42,1,110,-13.42,1,2211,40.25,1,217,-10.73,0.1568,40.41,5,20109
80.0,0,-1,confirm,1.0,-51.99,-67.99,33.33,687,85.32,51.99,1715,0.401,1.687,0.103,0.1443,7,0.2442,1213,0.893,1,715,24.0,1,715,24.0,1,1627,-41.33,1,1697,-41.33,0.8733,42.48,6,24601
80.0,0,1,fallback,1.0,-41.11,-57.11,0.0,0,41.11,41.11,3003,0.0,1.681,0.138,0.2085,7,0.67,2022,0.9798,1,2359,-18.57,1,2359,-18.57,1,2359,-18.57,1,2362,-19.89,0.8584,85.61,7,26316
80.0,0,-1,confirm,1.0,7.99,-8.01,47.94,5998,39.95,17.31,6057,0.99,1.047,0.11,0.0382,9,0.5373,5669,0.868,1,614,9.32,1,614,9.32,1,614,9.32,1,894,19.98,0.9047,41.11,8,29319
80.0,0,1,confirm,1.0,8.0,-8.0,49.31,193,41.32,10.66,544,0.355,0.261,0.159,0.4083,9,0.4334,209,0.8344,0,-1,,0,-1,,0,-1,,0,-1,,0.454,40.14,9,35376
80.0,0,-1,confirm,1.0,-65.26,-81.26,15.98,125,81.24,65.26,549,0.228,0.41,0.085,-0.2409,10,0.155,479,0.7511,1,320,6.66,1,320,6.66,0,-1,,1,376,-6.66,0.4461,41.11,9,35920
80.0,0,1,fallback,1.0,-41.02,-57.02,0.0,0,41.02,41.02,288,0.0,4.508,0.138,-0.0856,10,-0.0294,63,0.4346,0,-1,,0,-1,,0,-1,,0,-1,,0.4011,81.37,10,36469
80.0,0,-1,confirm,1.0,37.2,21.2,77.06,7396,39.86,58.46,8017,0.923,2.569,0.167,0.6108,12,0.7327,7331,0.9863,1,856,-9.3,1,856,-9.3,1,856,-9.3,1,1668,-30.56,0.0588,41.02,10,36757
80.0,0,1,confirm,1.0,2.67,-13.33,45.34,2115,42.67,18.67,2517,0.84,3.088,0.056,0.2095,13,0.4378,518,0.9507,1,660,14.67,1,660,14.67,1,660,14.67,1,862,-14.67,0.2939,40.17,12,44774
80.0,0,-1,confirm,1.0,-2.67,-18.67,37.33,1175,39.99,47.99,1450,0.81,0.8,0.159,0.1907,13,0.2805,897,0.8874,1,138,-17.33,0,-1,,0,-1,,0,-1,,0.2,42.48,13,47291
80.0,0,1,confirm,1.0,-66.64,-82.64,14.66,36,81.3,66.64,639,0.056,0.892,0.015,-0.0673,13,0.2003,209,0.7958,1,88,2.67,1,580,-43.98,1,580,-43.98,0,-1,,0.402,40.14,13,48741
80.0,0,-1,fallback,1.0,-22.81,-38.81,18.78,362,41.59,22.81,488,0.742,0.47,0.1,0.366,13,0.3844,435,0.669,0,-1,,0,-1,,0,-1,,0,-1,,0.5351,81.18,13,49380
80.0,0,1,confirm,1.0,-64.26,-80.26,16.06,14,80.32,64.26,878,0.016,0.581,0.011,-0.3376,13,0.0418,585,0.7841,0,-1,,0,-1,,0,-1,,0,-1,,0.0718,41.67,13,49868
80.0,0,-1,fallback,1.0,-40.42,-56.42,-0.0,0,40.42,40.42,315,0.0,1.063,0.104,0.1943,14,0.1977,1,0.7568,1,76,-12.13,1,76,-12.13,0,-1,,1,76,-12.13,0.5034,80.19,14,50746
80.0,0,1,confirm,1.0,-75.15,-91.15,5.37,254,80.52,75.15,629,0.404,0.378,0.062,0.3677,14,0.4123,350,0.5313,1,430,-13.42,1,430,-13.42,1,430,-13.42,1,430,-13.42,0.2192,40.42,14,51061
80.0,0,-1,fallback,1.0,-25.69,-41.69,14.87,426,40.56,28.39,513,0.83,0.413,0.092,0.309,14,0.3376,391,0.6957,0,-1,,0,-1,,0,-1,,0,-1,,0.0961,80.47,14,51690
80.0,0,1,confirm,1.0,0.0,-16.0,40.46,571,40.46,40.46,748,0.763,0.463,0.101,0.346,14,0.3965,460,0.8336,1,264,-39.11,1,264,-39.11,0,-1,,0,-1,,0.0761,40.62,14,52203
80.0,0,-1,confirm,1.0,12.14,-3.86,55.29,2321,43.16,44.5,2664,0.871,2.052,0.101,0.247,15,0.3465,509,0.8628,1,2071,21.58,1,2071,21.58,1,2071,21.58,0,-1,,0.1412,40.3,14,52951
80.0,0,1,confirm,1.0,-4.05,-20.05,36.46,205,40.51,4.05,316,0.649,0.257,0.115,-0.0237,15,0.1051,273,0.7959,1,312,2.7,1,312,2.7,0,-1,,0,-1,,0.8178,43.4,15,55615
80.0,0,-1,confirm,1.0,49.98,33.98,90.5,568,40.52,0.0,678,0.838,0.791,0.195,0.078,15,0.0845,577,0.6557,1,621,68.89,0,-1,,0,-1,,0,-1,,0.1914,40.36,15,55931
80.0,0,1,confirm,1.0,-73.31,-89.31,6.79,31,80.1,73.31,1107,0.028,0.731,0.01,-0.1965,15,0.0764,6,0.628,1,13,-1.36,0,-1,,0,-1,,0,-1,,0.3532,40.89,15,56609
80.0,0,-1,fallback,1.0,-32.82,-48.82,10.94,33,43.76,32.82,189,0.175,1.505,0.093,0.2819,16,0.2959,100,0.438,0,-1,,0,-1,,0,-1,,0,-1,,0.3958,80.04,16,57716
80.0,0,1,confirm,1.0,-64.07,-80.07,16.36,25,80.43,64.07,825,0.03,0.942,0.004,-0.1854,16,0.1179,784,0.7396,1,825,-64.07,1,825,-64.07,0,-1,,0,-1,,0.288,43.81,16,57905
80.0,0,-1,fallback,1.0,69.97,53.97,112.5,489,42.53,10.98,564,0.867,1.334,0.153,0.1654,16,0.3062,181,0.767,0,-1,,0,-1,,0,-1,,0,-1,,0.6165,80.29,16,58730
80.0,0,1,confirm,1.0,62.17,46.17,105.0,1961,42.83,-0.0,2069,0.948,0.744,0.119,0.1001,17,0.3357,599,0.8798,1,654,34.54,1,654,34.54,1,654,34.54,1,659,29.01,0.2064,43.01,16,59294
80.0,0,-1,confirm,1.0,19.22,3.22,59.04,278,39.82,5.49,492,0.565,0.456,0.127,0.0046,17,0.1845,492,0.6895,0,-1,,0,-1,,0,-1,,0,-1,,0.4681,42.38,17,61363
80.0,0,1,confirm,1.0,151.33,135.33,192.6,1440,41.27,2.75,1801,0.8,1.074,0.202,0.15,17,0.2326,1111,0.8868,1,577,50.9,1,577,50.9,0,-1,,0,-1,,0.2936,40.06,17,61855
80.0,0,-1,confirm,1.0,67.76,51.76,108.42,761,40.66,8.13,1260,0.604,0.628,0.215,0.0234,17,0.1348,357,0.7684,1,413,40.66,1,413,40.66,0,-1,,1,438,39.3,0.1742,40.49,17,63656
80.0,0,1,confirm,1.0,-55.94,-71.94,25.92,448,81.87,55.94,887,0.505,1.478,0.092,0.1601,18,0.2731,297,0.8803,0,-1,,0,-1,,0,-1,,0,-1,,0.6345,41.1,18,64916
80.0,0,-1,fallback,1.0,17.84,1.84,57.63,1162,39.79,13.72,1287,0.903,2.27,0.079,0.0919,18,0.2134,1111,0.5782,1,99,-5.49,1,99,-5.49,0,-1,,0,-1,,0.2254,81.65,18,65803
80.0,0,1,confirm,1.0,23.37,7.37,64.6,1089,41.24,-0.0,1815,0.6,1.36,0.057,0.41,18,0.446,1135,0.8781,1,1814,27.49,1,1814,27.49,1,1814,27.49,0,-1,,0.2407,40.02,18,67090
80.0,0,-1,confirm,1.0,111.08,95.08,150.85,1385,39.77,0.0,1549,0.894,4.367,0.106,0.3001,19,0.4054,1363,0.859,1,544,32.91,1,544,32.91,0,-1,,1,544,32.91,0.878,40.97,19,68905
80.0,0,1,confirm,1.0,29.12,13.12,70.73,779,41.6,4.16,956,0.815,0.586,0.135,0.1191,19,0.4472,420,0.8199,1,819,61.02,1,819,61.02,1,819,61.02,1,873,54.08,0.3369,40.38,19,70454
80.0,0,-1,confirm,1.0,42.87,26.87,82.96,306,40.1,2.77,386,0.793,2.055,0.16,0.5009,19,0.5066,309,0.7688,0,-1,,0,-1,,0,-1,,0,-1,,0.2347,41.31,19,71410
80.0,0,1,confirm,1.0,8.33,-7.67,48.6,1064,40.27,54.16,1109,0.959,0.806,0.173,0.5539,20,0.5878,1092,0.9502,0,-1,,0,-1,,0,-1,,0,-1,,0.6125,40.44,19,71796
80.0,0,-1,confirm,1.0,4.16,-11.84,44.4,177,40.24,6.94,270,0.656,2.505,0.04,0.1752,20,0.1826,230,0.9019,0,-1,,0,-1,,0,-1,,0,-1,,0.1109,40.08,20,72905
80.0,0,1,confirm,1.0,6.94,-9.06,54.14,524,47.2,9.72,818,0.641,0.216,0.212,-0.1559,20,0.2891,780,0.8311,0,-1,,0,-1,,0,-1,,0,-1,,0.6785,40.42,20,73175
80.0,0,-1,confirm,1.0,108.2,92.2,151.2,1314,43.0,23.58,1335,0.984,2.066,0.117,0.3623,20,0.5896,759,0.8522,1,337,33.29,0,-1,,0,-1,,0,-1,,0.6867,46.94,20,73993
80.0,0,1,confirm,1.0,54.69,38.69,96.76,774,42.07,51.89,917,0.844,0.988,0.147,0.1664,21,0.1958,791,0.7389,0,-1,,0,-1,,0,-1,,0,-1,,0.4937,43.66,20,75328
80.0,0,-1,confirm,1.0,-75.31,-91.31,18.13,14,93.44,75.31,1362,0.01,0.909,0.086,-0.087,21,0.1816,913,0.7155,1,1216,-34.87,1,1216,-34.87,0,-1,,1,1314,-43.24,0.2637,41.67,21,76245
80.0,0,1,fallback,1.0,-26.3,-42.3,13.84,171,40.14,26.3,334,0.512,0.663,0.169,0.4674,21,0.4674,171,0.7904,0,-1,,0,-1,,0,-1,,0,-1,,0.7155,93.61,21,77607
80.0,0,-1,confirm,1.0,-48.58,-64.58,31.92,75,80.5,48.58,528,0.142,2.899,0.002,-0.1102,21,0.2725,433,0.8348,0,-1,,0,-1,,0,-1,,0,-1,,0.6079,40.09,21,77941
80.0,0,1,fallback,1.0,60.77,44.77,103.59,891,42.82,2.76,914,0.975,0.851,0.096,0.3655,22,0.484,730,0.8518,0,-1,,0,-1,,0,-1,,0,-1,,0.7724,80.76,21,78469
80.0,0,-1,confirm,1.0,53.54,37.54,96.1,1114,42.56,19.22,1262,0.883,0.984,0.115,0.0387,22,0.1018,645,0.6403,1,728,59.03,1,728,59.03,0,-1,,0,-1,,0.0525,42.38,22,79383
80.0,0,1,confirm,1.0,-64.87,-80.87,17.94,74,82.82,64.87,830,0.089,1.164,0.044,0.0753,22,0.0767,83,0.5324,1,190,-6.9,0,-1,,0,-1,,0,-1,,0.1037,42.97,22,80645
80.0,0,-1,fallback,1.0,-40.29,-56.29,-0.0,0,40.29,40.29,146,0.0,4.153,0.112,0.3845,22,0.3845,0,0.7509,0,-1,,0,-1,,0,-1,,0,-1,,0.4471,82.67,22,81475
80.0,0,1,confirm,1.0,-60.88,-76.88,19.37,56,80.25,60.88,1382,0.041,2.71,0.023,-0.2099,22,0.085,1087,0.8769,1,1132,-20.76,0,-1,,0,-1,,0,-1,,0.7509,40.29,22,81621
80.0,0,-1,fallback,1.0,-6.96,-22.96,34.8,455,41.77,23.67,521,0.873,1.281,0.132,0.2684,23,0.2785,318,0.8248,0,-1,,0,-1,,0,-1,,0,-1,,0.1084,80.1,23,83003
80.0,0,1,confirm,1.0,-51.47,-67.47,29.22,3962,80.69,51.47,4400,0.9,1.47,0.089,0.064,0,0.2506,1319,0.9406,1,1586,-36.17,1,1586,-36.17,1,1586,-36.17,1,2094,-25.04,0.5785,41.91,23,83524
80.0,0,-1,fallback,1.0,15.38,-0.62,55.94,96,40.55,6.99,108,0.889,2.47,0.157,0.1075,0,0.2325,21,0.4735,0,-1,,0,-1,,0,-1,,0,-1,,0.477,80.45,0,87924
80.0,0,1,confirm,1.0,-82.63,-98.63,2.8,1,85.43,82.63,145,0.007,1.935,0.098,-0.096,0,-0.096,1,-0.051,0,-1,,0,-1,,0,-1,,0,-1,,0.1226,40.78,0,88032
80.0,0,-1,fallback,1.0,8.47,-7.53,52.25,23,43.78,0.0,32,0.719,4.682,0.225,0.3179,0,0.3256,15,0.6124,0,-1,,0,-1,,0,-1,,0,-1,,0.1665,85.41,0,88177
80.0,0,1,confirm,1.0,19.79,3.79,62.19,78,42.4,28.27,190,0.411,1.115,0.093,-0.206,0,-0.206,78,0.2082,0,-1,,0,-1,,0,-1,,0,-1,,0.4794,44.01,0,88209
80.0,0,-1,confirm,1.0,36.68,20.68,77.58,368,40.91,43.73,414,0.889,0.897,0.058,0.1295,0,0.2159,1,0.5647,1,402,59.25,1,402,59.25,1,402,59.25,1,409,45.14,0.1292,42.14,0,88399
80.0,0,1,confirm,1.0,46.72,30.72,90.61,274,43.89,24.07,314,0.873,0.747,0.028,0.088,0,0.1327,116,0.732,0,-1,,0,-1,,0,-1,,0,-1,,0.2788,41.23,0,88813
80.0,0,-1,confirm,1.0,29.59,13.59,71.87,514,42.28,5.64,549,0.936,2.35,0.083,0.1421,0,0.1752,513,0.6682,0,-1,,0,-1,,0,-1,,0,-1,,0.262,43.5,0,89127
80.0,0,1,confirm,1.0,-52.3,-68.3,28.27,507,80.57,52.3,882,0.575,1.862,0.043,-0.0959,1,0.1563,859,0.5873,0,-1,,0,-1,,0,-1,,0,-1,,0.4455,42.58,0,89676
80.0,0,-1,fallback,1.0,-24.15,-40.15,17.05,5,41.2,24.15,44,0.114,1.306,0.059,-0.0561,1,-0.0411,24,0.4895,0,-1,,0,-1,,0,-1,,0,-1,,0.1724,80.34,1,90558
80.0,0,1,confirm,1.0,-77.96,-93.96,2.83,1,80.79,77.96,365,0.003,3.256,0.025,0.0448,1,0.1854,69,0.6987,1,275,-59.53,1,275,-59.53,0,-1,,0,-1,,0.488,41.28,1,90602
80.0,0,-1,fallback,1.0,-21.43,-37.43,18.57,6,40.0,21.43,30,0.2,5.244,0.124,0.3361,1,0.3592,1,0.7338,0,-1,,0,-1,,0,-1,,0,-1,,0.1389,80.77,1,90967
80.0,0,1,confirm,1.0,-74.13,-90.13,9.98,3,84.11,74.13,271,0.011,4.987,0.079,-0.2772,1,-0.2548,166,0.1124,0,-1,,0,-1,,0,-1,,0,-1,,0.6344,40.07,1,90997
80.0,0,-1,fallback,1.0,40.21,24.21,86.17,139,45.96,24.41,152,0.914,1.392,0.12,0.2979,1,0.3409,5,0.363,0,-1,,0,-1,,0,-1,,0,-1,,0.5039,84.02,1,91268
80.0,0,1,confirm,1.0,17.3,1.3,57.68,176,40.37,31.72,235,0.749,0.479,0.033,-0.1815,1,-0.1292,148,0.1547,0,-1,,0,-1,,0,-1,,0,-1,,0.2498,46.36,1,91420
80.0,0,-1,confirm,1.0,-43.18,-59.18,38.87,128,82.05,43.18,455,0.281,0.486,0.053,0.1836,1,0.1886,129,0.4484,0,-1,,0,-1,,0,-1,,0,-1,,0.0859,40.14,1,91655
80.0,0,1,fallback,1.0,-8.6,-24.6,31.53,13,40.13,8.6,93,0.14,1.806,0.071,-0.033,1,0.0279,47,0.3952,0,-1,,0,-1,,0,-1,,0,-1,,0.3737,82.37,1,92110
80.0,0,-1,confirm,1.0,120.5,104.5,160.67,886,40.17,12.91,898,0.987,2.511,0.152,0.248,1,0.2517,896,0.5618,0,-1,,0,-1,,0,-1,,0,-1,,0.0926,40.01,1,92203
80.0,0,1,confirm,1.0,-71.15,-87.15,8.71,3,79.86,71.15,563,0.005,2.845,0.099,-0.231,1,-0.0688,503,0.6196,0,-1,,0,-1,,0,-1,,0,-1,,0.5207,40.82,1,93101
80.0,0,-1,confirm,1.0,62.88,46.88,105.29,142,42.41,5.85,152,0.934,4.582,0.09,0.2784,2,0.3054,118,0.6834,1,27,2.92,0,-1,,0,-1,,0,-1,,0.4363,79.79,2,93664
80.0,0,1,confirm,1.0,-79.47,-95.47,0.0,0,79.47,79.47,49,0.0,3.728,0.055,-0.2522,2,-0.2255,29,0.0252,0,-1,,0,-1,,0,-1,,0,-1,,0.5815,42.86,2,93816
80.0,0,-1,confirm,1.0,31.15,15.15,75.66,25,44.5,0.0,47,0.532,2.738,0.136,0.2428,2,0.2516,22,0.2768,0,-1,,0,-1,,0,-1,,0,-1,,0.4024,79.47,2,93865
80.0,0,1,confirm,1.0,151.79,135.79,193.45,183,41.67,4.46,209,0.876,0.438,0.016,-0.2055,2,-0.1937,131,0.458,0,-1,,0,-1,,0,-1,,0,-1,,0.2071,44.84,2,93912
80.0,0,-1,confirm,1.0,23.45,7.45,70.36,94,46.91,0.0,112,0.839,0.349,0.057,0.2161,2,0.2183,75,0.4943,0,-1,,0,-1,,0,-1,,0,-1,,0.1757,40.88,2,94121
80.0,0,1,confirm,1.0,10.29,-5.71,51.43,227,41.14,17.63,276,0.822,0.2,0.063,-0.048,2,0.037,274,0.4521,0,-1,,0,-1,,0,-1,,0,-1,,0.3606,47.24,2,94233
80.0,0,-1,confirm,1.0,-1.47,-17.47,41.1,30,42.57,1.47,52,0.577,0.427,0.002,-0.0278,2,0.0023,52,0.3779,0,-1,,0,-1,,0,-1,,0,-1,,0.2732,40.93,2,94509
80.0,0,1,confirm,1.0,174.64,158.64,215.73,537,41.09,5.87,573,0.937,2.293,0.133,0.0871,2,0.1227,567,0.4653,0,-1,,0,-1,,0,-1,,0,-1,,0.1854,42.74,2,94561
80.0,0,-1,confirm,1.0,-69.23,-85.23,21.64,289,90.87,69.23,461,0.627,0.445,0.072,-0.0591,2,-0.0242,454,0.5346,0,-1,,0,-1,,0,-1,,0,-1,,0.0733,40.22,2,95134
80.0,0,1,fallback,1.0,-28.65,-44.65,11.46,14,40.11,28.65,128,0.109,0.704,0.099,0.0341,2,0.0477,79,0.355,0,-1,,0,-1,,0,-1,,0,-1,,0.0848,91.07,2,95595
80.0,0,-1,confirm,1.0,-70.39,-86.39,11.49,37,81.88,70.39,397,0.093,0.745,0.027,-0.0036,2,0.0205,81,0.3948,0,-1,,0,-1,,0,-1,,0,-1,,0.3137,40.06,2,95723
80.0,0,1,fallback,1.0,11.41,-4.59,52.78,579,41.37,12.84,756,0.766,0.368,0.073,0.1979,2,0.2831,422,0.5765,1,742,18.54,1,742,18.54,1,742,18.54,0,-1,,0.337,81.98,2,96120
80.0,0,-1,confirm,1.0,-59.85,-75.85,25.65,243,85.49,59.85,564,0.431,0.772,0.057,0.0525,2,0.1636,398,0.5935,1,561,-49.87,1,561,-49.87,0,-1,,1,561,-49.87,0.3167,41.15,2,96876
80.0,0,1,fallback,1.0,19.83,3.83,60.91,208,41.08,-0.0,472,0.441,1.706,0.144,0.3378,3,0.4075,5,0.9217,0,-1,,0,-1,,0,-1,,0,-1,,0.5702,85.71,3,97440
80.0,0,-1,confirm,1.0,-73.51,-89.51,8.48,11,81.99,73.51,280,0.039,0.315,0.053,-0.3318,3,-0.1029,130,0.4407,0,-1,,0,-1,,0,-1,,0,-1,,0.5308,40.83,3,97912
80.0,0,1,fallback,1.0,-37.89,-53.89,2.81,23,40.7,37.89,328,0.07,1.728,0.088,0.208,3,0.2105,22,0.4798,0,-1,,0,-1,,0,-1,,0,-1,,0.0972,82.06,3,98192
80.0,0,-1,confirm,1.0,-71.84,-87.84,9.86,26,81.7,71.84,618,0.042,1.454,0.02,-0.0507,3,-0.0498,31,0.8043,0,-1,,0,-1,,0,-1,,0,-1,,0.4156,40.68,3,98520
80.0,0,1,fallback,1.0,-19.58,-35.58,20.98,733,40.56,32.17,1165,0.629,0.308,0.047,-0.1858,3,0.4801,48,0.8078,1,276,-22.38,1,276,-22.38,1,276,-22.38,1,279,-23.78,0.7288,81.78,3,99138
80.0,0,-1,confirm,1.0,159.75,143.75,198.99,4779,39.24,60.26,4979,0.96,2.308,0.156,0.4418,5,0.489,4772,0.8343,1,532,-25.22,0,-1,,0,-1,,0,-1,,0.1674,40.47,3,100303
80.0,0,1,confirm,1.0,21.36,5.36,62.66,1249,41.3,35.6,1391,0.898,0.697,0.088,0.0895,5,0.1971,638,0.8437,1,930,-21.36,1,930,-21.36,0,-1,,0,-1,,0.4988,40.03,5,105282
80.0,0,-1,confirm,1.0,-56.84,-72.84,25.58,796,82.42,56.84,1930,0.412,1.35,0.089,0.0101,5,0.185,1874,0.8228,1,602,-17.05,1,800,15.63,0,-1,,1,1671,-35.53,0.3742,41.04,5,106673
80.0,0,1,fallback,1.0,21.2,5.2,62.17,526,40.98,16.96,796,0.661,2.782,0.163,0.3122,6,0.3385,546,0.7848,0,-1,,0,-1,,0,-1,,0,-1,,0.1912,82.63,6,108603
80.0,0,-1,confirm,1.0,11.28,-4.72,53.58,537,42.3,5.64,761,0.706,1.777,0.151,0.0367,6,0.2116,707,0.7568,0,-1,,0,-1,,0,-1,,0,-1,,0.4361,40.72,6,109399
80.0,0,1,confirm,1.0,-45.17,-61.17,35.29,60,80.46,45.17,1075,0.056,2.117,0.063,-0.1075,6,0.0822,536,0.7366,1,579,-4.23,0,-1,,0,-1,,0,-1,,0.4171,42.53,6,110160
80.0,0,-1,fallback,1.0,112.02,96.02,151.73,1962,39.71,11.34,2180,0.9,0.262,0.104,0.1758,7,0.1791,1973,0.7652,1,179,11.34,0,-1,,0,-1,,0,-1,,0.0102,80.18,6,111235
80.0,0,1,confirm,1.0,-43.02,-59.02,37.29,625,80.31,43.02,1667,0.375,1.182,0.076,0.0157,7,0.153,1149,0.8125,1,1464,-22.95,1,1464,-22.95,0,-1,,0,-1,,0.1236,40.32,7,113415
80.0,0,-1,fallback,1.0,15.84,-0.16,56.17,205,40.33,5.76,261,0.785,1.375,0.136,0.1588,8,0.1868,34,0.6769,0,-1,,0,-1,,0,-1,,0,-1,,0.2413,80.01,7,115082
80.0,0,1,confirm,1.0,-64.92,-80.92,17.31,101,82.23,64.92,531,0.19,0.467,0.034,-0.147,8,-0.1152,125,0.7824,0,-1,,0,-1,,0,-1,,0,-1,,0.2762,40.56,8,115343
80.0,0,-1,fallback,1.0,36.3,20.3,76.96,268,40.66,0.0,438,0.612,1.059,0.197,0.0435,8,0.2224,2,0.4461,1,220,50.82,1,220,50.82,1,220,50.82,0,-1,,0.1335,82.09,8,115874
80.0,0,1,confirm,1.0,2.91,-13.09,45.18,77,42.26,-0.0,211,0.365,0.486,0.003,-0.0203,8,0.0753,107,0.5014,0,-1,,0,-1,,0,-1,,0,-1,,0.2575,40.97,8,116312
80.0,0,-1,confirm,1.0,-74.3,-90.3,7.28,4,81.59,74.3,497,0.008,0.831,0.009,-0.0315,8,0.3313,496,0.7578,0,-1,,0,-1,,0,-1,,0,-1,,0.1952,42.07,8,116523
80.0,0,1,fallback,1.0,-8.68,-24.68,31.81,25,40.49,8.68,75,0.333,1.344,0.084,-0.3323,8,-0.291,19,0.4047,0,-1,,0,-1,,0,-1,,0,-1,,0.1369,81.64,8,117020
80.0,0,-1,confirm,1.0,-1.45,-17.45,41.97,735,43.42,18.82,921,0.798,0.831,0.048,0.2253,8,0.3911,236,0.7632,0,-1,,0,-1,,0,-1,,0,-1,,0.3089,40.36,8,117095
80.0,0,1,confirm,1.0,2.89,-13.11,43.42,709,40.52,15.92,797,0.89,1.712,0.109,0.0747,8,0.1155,658,0.7028,1,729,18.81,1,729,18.81,0,-1,,0,-1,,0.279,43.6,8,118016
80.0,0,-1,confirm,1.0,57.87,41.87,99.83,519,41.96,14.47,595,0.872,1.977,0.171,0.2151,9,0.2248,463,0.619,0,-1,,0,-1,,0,-1,,0,-1,,0.2941,40.35,9,118813
80.0,0,1,confirm,1.0,-80.03,-96.03,1.46,5,81.49,80.03,578,0.009,0.667,0.071,-0.1895,9,-0.1454,513,0.5835,0,-1,,0,-1,,0,-1,,0,-1,,0.3966,42.38,9,119408
80.0,0,-1,fallback,1.0,20.54,4.54,61.61,638,41.07,22.0,753,0.847,1.484,0.084,0.3683,9,0.4314,476,0.7773,0,-1,,0,-1,,0,-1,,0,-1,,0.4094,81.48,9,119986
80.0,0,1,confirm,1.0,36.75,20.75,77.91,853,41.16,33.81,971,0.878,3.114,0.095,-0.0245,9,-0.0035,931,0.5732,0,-1,,0,-1,,0,-1,,0,-1,,0.225,41.33,9,120739
80.0,0,-1,confirm,1.0,-79.09,-95.09,4.39,18,83.48,79.09,675,0.027,0.746,0.048,-0.02,9,0.013,2,0.4449,0,-1,,0,-1,,0,-1,,0,-1,,0.071,40.84,9,121710
80.0,0,1,fallback,1.0,-26.16,-42.16,15.98,192,42.14,26.16,273,0.703,0.857,0.114,0.0363,10,0.212,10,0.5404,1,234,-7.27,1,234,-7.27,1,234,-7.27,0,-1,,0.0264,83.52,9,122385
80.0,0,-1,confirm,1.0,7.28,-8.72,48.08,171,40.79,1.46,513,0.333,1.038,0.05,0.109,10,0.1763,341,0.7471,1,423,39.34,1,423,39.34,0,-1,,0,-1,,0.04,42.07,10,122658
80.0,0,1,confirm,1.0,-55.4,-71.4,24.78,411,80.19,55.4,1037,0.396,0.807,0.079,-0.0249,10,0.0218,824,0.6466,0,-1,,0,-1,,0,-1,,0,-1,,0.0674,40.99,10,123171
80.0,0,-1,fallback,1.0,-82.1,-98.1,-0.0,0,82.1,82.1,232,0.0,0.796,0.09,0.1217,10,0.1242,1,0.3626,0,-1,,0,-1,,0,-1,,0,-1,,0.0172,79.99,10,124208
80.0,0,1,fallback,1.0,-37.81,-53.81,2.91,19,40.72,37.81,167,0.114,0.945,0.024,-0.066,10,-0.0369,71,0.3953,0,-1,,0,-1,,0,-1,,0,-1,,0.2532,82.1,10,124440
80.0,0,-1,confirm,1.0,72.98,56.98,118.23,772,45.25,14.6,818,0.944,2.359,0.134,-0.1037,10,0.1155,14,0.648,1,224,-8.76,1,224,-8.76,0,-1,,1,499,17.52,0.0698,40.7,10,124607
80.0,0,1,confirm,1.0,-22.06,-38.06,19.11,921,41.17,66.17,981,0.939,0.868,0.105,-0.0743,11,0.1363,0,0.3855,1,281,-61.76,1,281,-61.76,0,-1,,1,600,-10.29,0.0853,45.79,10,125425
80.0,0,-1,confirm,1.0,22.1,6.1,61.89,249,39.79,0.0,313,0.796,1.912,0.092,0.461,11,0.5978,43,0.9436,0,-1,,0,-1,,0,-1,,0,-1,,0.3416,41.09,11,126406
80.0,0,1,confirm,1.0,26.58,10.58,67.94,569,41.35,22.15,629,0.905,0.58,0.145,0.0661,11,0.1371,566,0.637,0,-1,,0,-1,,0,-1,,0,-1,,0.8739,40.04,11,126719
80.0,0,-1,confirm,1.0,-79.54,-95.54,1.47,1,81.01,79.54,162,0.006,1.037,0.031,-0.0355,11,-0.0258,13,0.3798,0,-1,,0,-1,,0,-1,,0,-1,,0.362,41.07,11,127348
80.0,0,1,fallback,1.0,-26.3,-42.3,19.0,382,45.3,39.46,692,0.552,1.939,0.091,-0.0643,11,0.0786,138,0.6965,1,230,-24.84,0,-1,,0,-1,,0,-1,,0.3545,81.03,11,127510
80.0,0,-1,confirm,1.0,1.47,-14.53,43.96,451,42.49,2.93,644,0.7,0.446,0.112,-0.1902,11,0.0813,73,0.6052,1,138,5.86,0,-1,,0,-1,,0,-1,,0.046,45.22,11,128202
80.0,0,1,confirm,1.0,79.13,63.13,120.16,1020,41.03,-0.0,1089,0.937,0.947,0.101,0.2262,12,0.2856,29,0.8499,1,356,43.96,1,356,43.96,1,356,43.96,0,-1,,0.1661,42.68,11,128846
80.0,0,-1,confirm,1.0,26.17,10.17,66.88,380,40.71,17.45,617,0.616,0.804,0.086,-0.017,12,-0.017,380,0.526,0,-1,,0,-1,,0,-1,,0,-1,,0.2657,40.54,12,129935
80.0,0,1,confirm,1.0,56.85,40.85,97.67,501,40.82,26.24,658,0.761,3.255,0.142,0.1251,12,0.1824,617,0.7737,1,44,8.75,1,335,2.92,0,-1,,0,-1,,0.2248,40.98,12,130552
80.0,0,-1,confirm,1.0,-76.82,-92.82,5.8,10,82.62,76.82,212,0.047,0.608,0.035,-0.1625,12,-0.0764,199,0.3853,0,-1,,0,-1,,0,-1,,0,-1,,0.5607,40.42,12,131210
80.0,0,1,fallback,1.0,20.14,4.14,60.41,196,40.28,31.65,216,0.907,0.944,0.111,0.2215,12,0.2417,134,0.4582,0,-1,,0,-1,,0,-1,,0,-1,,0.1553,82.67,12,131422
80.0,0,-1,confirm,1.0,-74.65,-90.65,7.18,92,81.83,74.65,867,0.106,1.291,0.062,-0.0902,12,0.2585,844,0.893,0,-1,,0,-1,,0,-1,,0,-1,,0.2323,40.03,12,131638
80.0,0,1,fallback,1.0,-17.1,-33.1,27.07,13,44.17,17.1,191,0.068,1.331,0.049,-0.1914,12,-0.1706,111,0.5977,0,-1,,0,-1,,0,-1,,0,-1,,0.2435,81.88,12,132505
80.0,0,-1,confirm,1.0,108.48,92.48,148.44,2013,39.97,28.55,2148,0.937,0.497,0.142,0.0873,13,0.1982,85,0.7874,1,152,-21.41,1,152,-21.41,0,-1,,1,264,-11.42,0.5333,44.05,12,132696
80.0,0,1,confirm,1.0,139.97,123.97,184.7,732,44.73,8.66,917,0.798,0.969,0.116,0.1453,13,0.2019,644,0.8532,0,-1,,0,-1,,0,-1,,0,-1,,0.1758,40.57,13,134844
80.0,0,-1,confirm,1.0,17.08,1.08,58.35,164,41.27,1.42,239,0.686,0.539,0.007,-0.0771,13,-0.0615,107,0.4468,0,-1,,0,-1,,0,-1,,0,-1,,0.0481,43.92,13,135761
80.0,0,1,confirm,1.0,19.96,3.96,61.3,962,41.34,42.77,1054,0.913,1.133,0.073,0.0668,14,0.2236,55,0.7692,1,563,-29.94,1,563,-29.94,1,563,-29.94,1,602,-9.98,0.0774,41.51,13,136000
80.0,0,-1,confirm,1.0,34.14,18.14,73.98,1705,39.83,48.37,1838,0.928,1.246,0.075,0.1416,14,0.3627,733,0.8712,1,774,-19.92,1,774,-19.92,1,774,-19.92,0,-1,,0.4361,41.09,14,137054
80.0,0,1,confirm,1.0,22.84,6.84,64.24,2139,41.4,69.95,2191,0.976,0.754,0.119,0.2098,15,0.2816,1897,0.7343,1,437,-34.26,1,2167,44.25,1,2167,44.25,1,2188,25.7,0.1892,40.13,14,138892
80.0,0,-1,confirm,1.0,74.06,58.06,116.79,716,42.73,18.52,820,0.873,2.664,0.169,-0.0067,15,0.3089,559,0.594,1,602,82.61,1,602,82.61,1,602,82.61,0,-1,,0.2903,41.13,15,141083
80.0,0,1,confirm,1.0,-44.48,-60.48,35.87,649,80.36,44.48,2397,0.271,0.548,0.042,0.1394,15,0.2994,1716,0.7915,1,870,15.78,1,870,15.78,1,870,15.78,0,-1,,0.1694,43.23,15,141903
80.0,0,-1,fallback,1.0,-27.39,-43.39,15.85,484,43.24,27.39,1208,0.401,1.075,0.091,-0.059,16,0.0172,201,0.7372,0,-1,,0,-1,,0,-1,,0,-1,,0.2145,80.07,16,144300
80.0,0,1,confirm,1.0,-79.06,-95.06,1.44,13,80.49,79.06,309,0.042,1.365,0.062,0.1181,16,0.1304,20,0.6325,1,130,-48.87,1,130,-48.87,0,-1,,0,-1,,0.0059,43.31,16,145508
80.0,0,-1,fallback,1.0,-36.22,-52.22,5.8,13,42.02,36.22,482,0.027,2.806,0.112,0.1341,16,0.19,138,0.6954,0,-1,,0,-1,,0,-1,,0,-1,,0.6224,80.48,16,145817
80.0,0,1,confirm,1.0,11.55,-4.45,51.97,627,40.42,-0.0,1032,0.608,0.56,0.065,0.402,16,0.4856,946,0.8943,0,-1,,0,-1,,0,-1,,0,-1,,0.2687,42.04,16,146299
80.0,0,-1,confirm,1.0,62.0,46.0,119.68,3016,57.68,56.24,3340,0.903,2.567,0.073,0.0182,17,0.1895,1702,0.6511,1,272,-8.65,1,2760,106.71,0,-1,,1,2882,103.82,0.2477,40.21,16,147331
80.0,0,1,confirm,1.0,52.23,36.23,92.86,95,40.63,-0.0,137,0.693,1.959,0.21,0.2247,17,0.2451,110,0.8387,0,-1,,0,-1,,0,-1,,0,-1,,0.3277,58.38,17,150671
80.0,0,-1,confirm,1.0,49.08,33.08,90.94,1284,41.86,21.65,1409,0.911,0.344,0.097,0.309,18,0.3399,1182,0.7418,0,-1,,0,-1,,0,-1,,0,-1,,0.3544,40.25,17,150808
80.0,0,1,confirm,1.0,92.83,76.83,136.35,819,43.52,-0.0,881,0.93,3.201,0.222,0.3749,18,0.5447,744,0.9104,0,-1,,0,-1,,0,-1,,0,-1,,0.0473,42.24,18,152217
80.0,0,-1,confirm,1.0,28.74,12.74,68.99,2360,40.24,38.8,2575,0.917,0.308,0.108,0.0347,19,0.1748,1985,0.8093,1,2483,51.74,1,2483,51.74,0,-1,,1,2498,54.61,0.2323,42.93,18,153098
80.0,0,1,confirm,1.0,5.77,-10.23,46.12,867,40.36,15.85,998,0.869,1.325,0.106,0.5705,19,0.582,866,0.8145,0,-1,,0,-1,,0,-1,,0,-1,,0.4736,40.52,19,155673
80.0,0,-1,confirm,1.0,96.51,80.51,141.17,2167,44.66,21.61,2468,0.878,2.058,0.187,0.2223,20,0.4141,2384,0.9311,1,594,2.88,1,1030,25.93,1,1030,25.93,1,1030,25.93,0.5791,40.17,19,156671
80.0,0,1,confirm,1.0,0.0,-16.0,42.18,475,42.18,-0.0,827,0.574,0.505,0.125,0.3397,20,0.4501,371,0.8352,1,617,30.55,1,617,30.55,1,617,30.55,0,-1,,0.5256,45.3,20,159139
80.0,0,-1,confirm,1.0,122.18,106.18,162.91,4519,40.73,45.09,4650,0.972,1.456,0.146,0.2386,21,0.3997,4237,0.8465,1,626,-7.27,1,626,-7.27,1,626,-7.27,1,2493,-32.0,0.1626,42.0,20,159966
80.0,0,1,confirm,1.0,-45.65,-61.65,35.34,639,80.99,45.65,1356,0.471,1.855,0.071,-0.1599,21,0.0682,1233,0.7312,1,1261,-13.25,0,-1,,0,-1,,0,-1,,0.0921,41.4,21,164616
80.0,0,-1,fallback,1.0,-39.94,-55.94,2.96,56,42.9,39.94,180,0.311,1.601,0.045,0.0253,22,0.0846,172,0.3095,0,-1,,0,-1,,0,-1,,0,-1,,0.7051,80.7,22,165972
80.0,0,1,confirm,1.0,106.09,90.09,148.81,3559,42.73,36.84,3685,0.966,0.823,0.09,-0.0769,23,0.2077,1079,0.8493,1,213,-4.42,1,213,-4.42,1,1102,19.15,1,1353,-2.95,0.1825,42.91,22,166152
80.0,0,-1,confirm,1.0,42.28,26.28,84.56,568,42.28,5.83,999,0.569,3.085,0.214,0.0493,23,0.2236,962,0.8133,1,498,62.69,1,498,62.69,0,-1,,0,-1,,0.2311,42.1,23,169837
80.0,0,1,confirm,1.0,49.78,33.78,92.24,1729,42.46,10.25,2026,0.853,1.192,0.088,0.0274,23,0.1847,544,0.719,1,621,48.32,1,621,48.32,0,-1,,1,692,35.14,0.2756,42.64,23,170836
80.0,0,-1,confirm,1.0,-2.91,-18.91,42.25,1055,45.16,24.77,1155,0.913,0.517,0.061,-0.0537,0,0.2212,4,0.6987,1,505,-8.74,1,505,-8.74,1,505,-8.74,1,550,-11.66,0.1046,42.07,0,172862
80.0,0,1,confirm,1.0,21.85,5.85,64.08,626,42.24,2.91,1025,0.611,1.363,0.075,0.351,0,0.3796,866,0.8285,1,220,32.04,0,-1,,0,-1,,0,-1,,0.4338,45.35,0,174017
80.0,0,-1,confirm,1.0,135.15,119.15,177.3,1650,42.15,34.88,1723,0.958,1.906,0.227,0.2579,1,0.322,1589,0.8257,1,520,-7.27,1,520,-7.27,0,-1,,1,598,-27.61,0.3048,41.97,0,175042
80.0,0,1,confirm,1.0,8.84,-7.16,50.09,94,41.25,2.95,153,0.614,0.472,0.064,-0.2282,1,-0.2222,7,0.3234,0,-1,,0,-1,,0,-1,,0,-1,,0.0301,42.91,1,176765
80.0,0,-1,confirm,1.0,-72.12,-88.12,8.83,131,80.95,72.12,563,0.233,0.522,0.061,0.1722,1,0.2385,0,0.6041,1,286,-17.66,1,286,-17.66,1,286,-17.66,1,313,-22.08,0.2509,41.04,1,176918
80.0,0,1,fallback,1.0,-36.53,-52.53,5.85,52,42.38,36.53,241,0.216,1.344,0.104,0.0818,1,0.1408,142,0.4809,0,-1,,0,-1,,0,-1,,0,-1,,0.2035,81.03,1,177481
80.0,0,-1,confirm,1.0,-55.73,-71.73,24.93,59,80.67,55.73,481,0.123,0.627,0.025,-0.0714,1,0.0651,135,0.5648,1,138,-17.6,0,-1,,0,-1,,0,-1,,0.041,42.35,1,177722
80.0,0,1,fallback,1.0,-2.92,-18.92,37.92,372,40.84,8.75,491,0.758,1.027,0.116,0.066,1,0.0682,7,0.5431,1,11,-2.92,0,-1,,0,-1,,0,-1,,0.2255,80.87,1,178203
80.0,0,-1,confirm,1.0,74.41,58.41,115.26,2659,40.85,26.26,2772,0.959,0.602,0.097,0.2541,2,0.2689,2579,0.6568,1,737,21.89,1,737,21.89,0,-1,,1,739,21.89,0.1526,40.69,1,178694
80.0,0,1,confirm,1.0,-76.44,-92.44,13.23,39,89.67,76.44,1133,0.034,0.681,0.031,-0.2164,2,0.0578,725,0.7991,1,726,-1.47,0,-1,,0,-1,,0,-1,,0.426,41.33,2,181466
80.0,0,-1,fallback,1.0,-32.59,-48.59,10.37,9,42.96,32.59,40,0.225,3.669,0.086,0.2859,2,0.3076,8,0.5355,0,-1,,0,-1,,0,-1,,0,-1,,0.0692,89.55,2,182599
80.0,0,1,confirm,1.0,-2.95,-18.95,38.39,137,41.34,2.95,501,0.273,0.403,0.002,-0.1648,2,-0.0627,156,0.5093,0,-1,,0,-1,,0,-1,,0,-1,,0.4904,43.0,2,182639
80.0,0,-1,confirm,1.0,48.74,32.74,88.61,626,39.88,8.86,751,0.834,0.781,0.104,0.2285,3,0.2821,365,0.6837,0,-1,,0,-1,,0,-1,,0,-1,,0.1899,41.18,2,183140
80.0,0,1,confirm,1.0,31.17,15.17,72.72,828,41.56,50.46,925,0.895,1.166,0.127,0.1908,3,0.2013,923,0.6223,0,-1,,0,-1,,0,-1,,0,-1,,0.2819,40.23,3,183891
80.0,0,-1,confirm,1.0,26.63,10.63,66.58,505,39.95,0.0,594,0.85,1.682,0.145,0.0657,3,0.1149,588,0.7393,0,-1,,0,-1,,0,-1,,0,-1,,0.3318,41.26,3,184816
80.0,0,1,confirm,1.0,-45.99,-61.99,37.09,125,83.07,45.99,718,0.174,1.034,0.058,-0.1829,3,-0.0679,578,0.6469,0,-1,,0,-1,,0,-1,,0,-1,,0.465,40.21,3,185410
80.0,0,-1,fallback,1.0,-20.86,-36.86,20.86,78,41.73,20.86,234,0.333,5.621,0.128,0.4956,3,0.5089,77,0.8006,0,-1,,0,-1,,0,-1,,0,-1,,0.1488,82.77,3,186128
80.0,0,1,confirm,1.0,-78.82,-94.82,1.49,3,80.31,78.82,1062,0.003,0.817,0.059,-0.4536,3,0.124,607,0.5582,1,628,-7.44,1,628,-7.44,0,-1,,1,888,-32.72,0.754,41.82,3,186362
80.0,0,-1,fallback,1.0,-17.99,-33.99,26.98,26,44.97,17.99,44,0.591,2.181,0.094,0.2869,4,0.2869,26,0.6839,0,-1,,0,-1,,0,-1,,0,-1,,0.3224,80.3,4,187424
80.0,0,1,confirm,1.0,95.77,79.77,137.66,218,41.9,-0.0,272,0.801,1.415,0.095,-0.0159,4,-0.014,217,0.4274,0,-1,,0,-1,,0,-1,,0,-1,,0.6839,45.09,4,187468
80.0,0,-1,confirm,1.0,25.2,9.2,65.21,697,40.02,17.79,800,0.871,0.741,0.104,0.1884,4,0.3511,796,0.7024,0,-1,,0,-1,,0,-1,,0,-1,,0.3631,41.33,4,187740
80.0,0,1,confirm,1.0,44.58,28.58,86.18,458,41.6,16.34,500,0.916,1.938,0.145,0.0116,4,0.0236,452,0.4282,0,-1,,0,-1,,0,-1,,0,-1,,0.4464,40.28,4,188540
80.0,0,-1,confirm,1.0,59.17,43.17,99.11,1099,39.94,4.44,1189,0.924,1.062,0.153,0.386,4,0.3903,1090,0.7983,0,-1,,0,-1,,0,-1,,0,-1,,0.105,41.25,4,189040
80.0,0,1,confirm,1.0,38.69,22.69,81.85,267,43.15,1.49,362,0.738,1.017,0.138,-0.2455,4,-0.1408,278,0.782,0,-1,,0,-1,,0,-1,,0,-1,,0.6001,40.34,4,190229
80.0,0,-1,confirm,1.0,-80.05,-96.05,1.48,4,81.53,80.05,155,0.026,0.877,0.103,0.2294,4,0.2307,5,0.6938,1,139,-37.06,1,139,-37.06,1,139,-37.06,1,147,-59.29,0.7729,42.8,4,190591
80.0,0,1,fallback,1.0,-29.41,-45.41,11.76,70,41.18,29.41,138,0.507,1.384,0.204,0.2517,5,0.2571,0,0.6328,0,-1,,0,-1,,0,-1,,0,-1,,0.47,81.54,4,190746
80.0,0,-1,confirm,1.0,2.95,-13.05,44.25,1020,41.3,30.97,1181,0.864,0.689,0.057,0.0227,5,0.1795,752,0.789,1,841,10.32,1,841,10.32,0,-1,,0,-1,,0.0891,41.13,5,190884
80.0,0,1,confirm,1.0,-53.11,-69.11,28.03,607,81.14,53.11,896,0.677,2.192,0.037,0.0098,5,0.1024,171,0.6844,1,218,-23.61,1,218,-23.61,0,-1,,1,364,10.33,0.5415,41.48,5,192065
80.0,0,-1,fallback,1.0,137.94,121.94,177.99,691,40.05,5.93,737,0.938,2.321,0.136,0.2075,5,0.2982,429,0.7183,0,-1,,0,-1,,0,-1,,0,-1,,0.1516,80.92,5,192961
80.0,0,1,confirm,1.0,12.03,-3.97,52.64,243,40.61,9.02,322,0.755,0.491,0.004,-0.197,5,-0.1567,292,0.2011,0,-1,,0,-1,,0,-1,,0,-1,,0.1206,40.77,5,193698
80.0,0,-1,confirm,1.0,42.06,26.06,93.14,460,51.07,3.0,468,0.983,3.099,0.093,0.2595,6,0.2851,443,0.6013,0,-1,,0,-1,,0,-1,,0,-1,,0.1282,40.39,5,194020
80.0,0,1,confirm,1.0,-72.41,-88.41,9.05,2,81.46,72.41,102,0.02,3.227,0.038,-0.2497,6,-0.2492,3,-0.0889,0,-1,,0,-1,,0,-1,,0,-1,,0.595,51.55,6,194488
80.0,0,-1,fallback,1.0,-25.83,-41.83,16.71,43,42.55,25.83,60,0.717,2.703,0.078,0.2622,6,0.2963,1,0.5045,0,-1,,0,-1,,0,-1,,0,-1,,0.5461,81.39,6,194590
80.0,0,1,confirm,1.0,45.47,29.47,87.91,179,42.44,27.28,327,0.547,0.504,0.017,-0.2096,6,-0.1639,300,0.2185,0,-1,,0,-1,,0,-1,,0,-1,,0.1969,42.62,6,194650
80.0,0,-1,confirm,1.0,238.38,222.38,286.66,862,48.28,6.04,867,0.994,1.938,0.104,0.3017,6,0.3571,694,0.6552,0,-1,,0,-1,,0,-1,,0,-1,,0.1042,42.07,6,194977
80.0,0,1,confirm,1.0,-94.28,-110.28,0.0,0,94.28,94.28,15,0.0,1.931,0.085,-0.2734,6,-0.2687,15,0.0723,0,-1,,0,-1,,0,-1,,0,-1,,0.0991,49.7,6,195844
80.0,0,-1,fallback,1.0,-9.36,-25.36,32.77,3,42.13,9.36,20,0.15,2.185,0.131,0.2816,6,0.2868,18,0.2195,0,-1,,0,-1,,0,-1,,0,-1,,0.0289,94.28,6,195859
80.0,0,1,confirm,1.0,24.94,8.94,65.47,24,40.53,17.15,47,0.511,1.811,0.078,-0.2805,6,-0.2779,21,-0.1613,0,-1,,0,-1,,0,-1,,0,-1,,0.0719,42.27,6,195879
80.0,0,-1,confirm,1.0,-3.11,-19.11,40.43,4,43.54,3.11,18,0.222,0.928,0.105,0.2821,6,0.2832,5,0.2174,0,-1,,0,-1,,0,-1,,0,-1,,0.2439,40.27,6,195926
80.0,0,1,confirm,1.0,51.3,35.3,91.71,157,40.42,27.98,212,0.741,0.324,0.038,-0.2339,6,-0.2315,140,0.065,0,-1,,0,-1,,0,-1,,0,-1,,0.2097,43.72,6,195944
80.0,0,-1,confirm,1.0,-57.22,-73.22,26.29,77,83.51,57.22,197,0.391,0.284,0.039,0.2499,6,0.2521,67,0.4534,0,-1,,0,-1,,0,-1,,0,-1,,0.0769,40.05,6,196156
80.0,0,1,fallback,1.0,-26.14,-42.14,18.45,63,44.59,27.68,108,0.583,0.703,0.029,-0.1299,6,-0.1001,48,0.1168,0,-1,,0,-1,,0,-1,,0,-1,,0.4261,83.73,6,196353
80.0,0,-1,confirm,1.0,7.71,-8.29,49.34,80,41.63,4.63,104,0.769,0.719,0.021,0.0823,6,0.1167,0,0.4527,0,-1,,0,-1,,0,-1,,0,-1,,0.0126,44.51,6,196461
80.0,0,1,confirm,1.0,-4.63,-20.63,43.2,54,47.83,4.63,74,0.73,0.748,0.056,-0.0956,6,-0.0669,0,0.2075,0,-1,,0,-1,,0,-1,,0,-1,,0.1591,41.83,6,196565
80.0,0,-1,confirm,1.0,-63.29,-79.29,24.7,39,87.99,63.29,414,0.094,1.006,0.005,0.0933,6,0.1126,0,0.5301,1,343,-6.17,1,343,-6.17,0,-1,,0,-1,,0.2202,47.63,6,196639
80.0,0,1,fallback,1.0,9.2,-6.8,50.62,16,41.42,-0.0,92,0.174,2.009,0.071,-0.0011,6,0.0165,50,0.0818,0,-1,,0,-1,,0,-1,,0,-1,,0.0929,88.21,6,197053
80.0,0,-1,confirm,1.0,4.6,-11.4,47.51,66,42.91,3.07,138,0.478,1.071,0.01,0.0104,6,0.043,38,0.4129,0,-1,,0,-1,,0,-1,,0,-1,,0.0128,41.21,6,197145
80.0,0,1,confirm,1.0,-70.53,-86.53,13.8,27,84.33,70.53,153,0.176,0.943,0.059,-0.0031,6,0.001,0,0.2387,0,-1,,0,-1,,0,-1,,0,-1,,0.0903,43.12,6,197283
80.0,0,-1,fallback,1.0,-40.15,-56.15,-0.0,0,40.15,40.15,44,0.0,0.513,0.019,0.0653,6,0.1094,32,0.354,0,-1,,0,-1,,0,-1,,0,-1,,0.0728,84.21,6,197436
80.0,0,1,confirm,1.0,-41.53,-57.53,38.45,419,79.98,41.53,633,0.662,0.396,0.012,-0.0587,6,0.0191,611,0.6381,0,-1,,0,-1,,0,-1,,0,-1,,0.0622,40.15,6,197480
80.0,0,-1,confirm,1.0,49.42,33.42,91.12,325,41.7,13.9,392,0.829,1.136,0.122,0.1073,7,0.1315,262,0.6789,0,-1,,0,-1,,0,-1,,0,-1,,0.2201,79.67,7,198113
80.0,0,1,confirm,1.0,-55.87,-71.87,27.94,10,83.81,55.87,209,0.048,1.054,0.059,-0.0875,7,0.0663,78,0.6539,1,133,-26.39,0,-1,,0,-1,,0,-1,,0.033,42.08,7,198505
80.0,0,-1,fallback,1.0,-21.85,-37.85,18.73,14,40.58,21.85,31,0.452,1.295,0.089,0.0191,7,0.0213,17,0.5877,0,-1,,0,-1,,0,-1,,0,-1,,0.3479,83.58,7,198714
80.0,0,1,confirm,1.0,26.48,10.48,66.97,340,40.49,14.02,395,0.861,0.408,0.032,0.147,7,0.1549,308,0.6542,0,-1,,0,-1,,0,-1,,0,-1,,0.552,40.66,7,198745
80.0,0,-1,confirm,1.0,-77.66,-93.66,4.66,1,82.32,77.66,262,0.004,0.854,0.006,-0.1247,7,-0.0663,262,0.2987,0,-1,,0,-1,,0,-1,,0,-1,,0.0503,40.22,7,199140
80.0,0,1,fallback,1.0,1.54,-14.46,44.7,53,43.16,6.17,71,0.746,1.471,0.116,0.0634,7,0.0772,63,0.1191,0,-1,,0,-1,,0,-1,,0,-1,,0.3374,82.36,7,199402
80.0,0,-1,confirm,1.0,-55.48,-71.48,29.28,43,84.76,55.48,157,0.274,0.817,0.054,-0.0303,7,-0.0238,29,0.5271,0,-1,,0,-1,,0,-1,,0,-1,,0.0587,42.96,7,199473
80.0,0,1,fallback,1.0,30.65,14.65,72.03,220,41.38,1.53,237,0.928,1.098,0.154,0.0104,7,0.1525,100,0.5607,1,195,53.64,1,195,53.64,0,-1,,0,-1,,0.4989,85.01,7,199630
80.0,0,-1,confirm,1.0,-61.12,-77.12,19.86,41,80.98,61.12,153,0.268,0.902,0.087,-0.0046,7,0.0123,47,0.1303,0,-1,,0,-1,,0,-1,,0,-1,,0.0759,41.08,7,199867
80.0,0,1,fallback,1.0,-7.59,-23.59,33.41,167,41.0,15.19,191,0.874,1.751,0.108,-0.0117,7,0.1077,107,0.4577,1,139,24.3,1,139,24.3,0,-1,,0,-1,,0.0619,81.14,7,200020
80.0,0,-1,confirm,1.0,13.68,-2.32,54.71,2470,41.03,77.51,2613,0.945,0.789,0.072,0.0832,8,0.1682,1112,0.6073,1,1215,-15.2,1,1215,-15.2,0,-1,,1,1395,-50.15,0.4859,40.87,7,200211
80.0,0,1,confirm,1.0,16.74,0.74,57.83,697,41.09,9.13,777,0.897,1.33,0.046,-0.1365,8,0.0968,354,0.6057,1,134,21.31,0,-1,,0,-1,,0,-1,,0.2386,41.26,8,202824
80.0,0,-1,confirm,1.0,39.5,23.5,80.52,784,41.02,19.75,990,0.792,1.487,0.149,0.1105,8,0.3503,625,0.8573,0,-1,,0,-1,,0,-1,,0,-1,,0.3805,40.85,8,203601
80.0,0,1,confirm,1.0,100.67,84.67,143.38,1512,42.71,70.16,1538,0.983,2.893,0.153,0.0096,9,0.0962,1497,0.7324,1,1502,100.67,0,-1,,0,-1,,0,-1,,0.3554,41.35,8,204591
80.0,0,-1,confirm,1.0,-54.36,-70.36,28.69,404,83.06,54.36,2198,0.184,0.239,0.056,0.0119,9,0.1955,559,0.6467,1,336,6.04,1,591,-19.63,0,-1,,1,1468,6.04,0.0652,42.11,9,206129
80.0,0,1,fallback,1.0,-16.52,-32.52,24.03,670,40.55,25.53,811,0.826,1.666,0.059,0.0841,10,0.2111,311,0.6377,1,582,4.51,1,582,4.51,1,582,4.51,0,-1,,0.1647,83.3,9,208327
80.0,0,-1,confirm,1.0,-0.0,-16.0,40.62,1977,40.62,40.62,2304,0.858,0.773,0.06,0.1864,10,0.315,1541,0.8269,1,929,21.06,1,929,21.06,1,929,21.06,1,929,21.06,0.5268,40.46,10,209138
80.0,0,1,confirm,1.0,-54.16,-70.16,25.58,48,79.74,54.16,1170,0.041,1.509,0.008,-0.0478,10,0.06,495,0.7192,1,248,-10.53,0,-1,,0,-1,,0,-1,,0.0301,40.79,10,211442
80.0,0,-1,confirm,1.0,-10.59,-26.59,40.84,391,51.43,18.15,759,0.515,1.239,0.147,0.0903,11,0.3082,696,0.7824,0,-1,,0,-1,,0,-1,,0,-1,,0.4523,79.53,11,212612
80.0,0,1,confirm,1.0,40.8,24.8,93.68,411,52.89,4.53,483,0.851,1.197,0.171,0.0929,11,0.0977,399,0.5669,1,483,40.8,0,-1,,0,-1,,0,-1,,0.594,51.64,11,213371
80.0,0,-1,confirm,1.0,25.58,9.58,67.72,1292,42.14,30.1,1441,0.897,2.571,0.096,0.1535,11,0.2572,511,0.6921,0,-1,,0,-1,,0,-1,,0,-1,,0.3035,52.4,11,213854
80.0,0,1,confirm,1.0,-69.4,-85.4,10.56,229,79.96,69.4,818,0.28,0.756,0.011,-0.012,11,0.1011,360,0.7666,1,473,-21.12,1,473,-21.12,0,-1,,1,708,-31.68,0.0567,42.42,11,215295
80.0,0,-1,confirm,1.0,13.67,-2.33,56.21,184,42.54,3.04,276,0.667,2.019,0.125,0.1361,12,0.2214,231,0.6618,0,-1,,0,-1,,0,-1,,0,-1,,0.475,79.88,12,216113
80.0,0,1,confirm,1.0,33.47,17.47,77.59,95,44.12,-0.0,168,0.565,0.803,0.017,-0.147,12,-0.1277,123,0.2389,0,-1,,0,-1,,0,-1,,0,-1,,0.0617,42.78,12,216389
80.0,0,-1,confirm,1.0,-34.87,-50.87,24.26,1226,59.14,62.17,1244,0.986,1.26,0.077,0.1272,12,0.1863,325,0.6523,1,604,-37.91,1,604,-37.91,0,-1,,0,-1,,0.0928,43.78,12,216557
80.0,0,1,confirm,1.0,-77.06,-93.06,4.53,2,81.6,77.06,67,0.03,3.694,0.011,-0.0048,12,0.0513,0,0.3254,1,2,4.53,0,-1,,0,-1,,0,-1,,0.3007,59.28,12,217801
80.0,0,-1,fallback,1.0,-4.57,-20.57,38.07,7,42.64,4.57,89,0.079,2.607,0.085,-0.0026,12,0.0563,68,0.3952,0,-1,,0,-1,,0,-1,,0,-1,,0.1011,81.56,12,217868
80.0,0,1,confirm,1.0,-15.22,-31.22,25.88,398,41.1,71.54,466,0.854,0.339,0.003,-0.2095,12,-0.0396,26,0.3643,0,-1,,0,-1,,0,-1,,0,-1,,0.1272,42.8,12,217957
80.0,0,-1,confirm,1.0,-48.78,-64.78,33.54,667,82.32,48.78,1186,0.562,1.573,0.063,0.0084,12,0.312,227,0.6388,1,310,-32.01,1,310,-32.01,1,310,-32.01,1,585,-10.67,0.3643,40.99,12,218423
80.0,0,1,fallback,1.0,34.89,18.89,75.85,324,40.96,7.58,472,0.686,1.163,0.137,0.1089,13,0.3483,106,0.7448,0,-1,,0,-1,,0,-1,,0,-1,,0.2803,82.59,13,219609
80.0,0,-1,confirm,1.0,-78.61,-94.61,6.05,199,84.66,78.61,767,0.259,0.948,0.017,-0.0211,13,0.0601,698,0.8191,1,748,-42.33,0,-1,,0,-1,,0,-1,,0.2481,40.65,13,220081
80.0,0,1,fallback,1.0,-45.0,-61.0,0.0,0,45.0,45.0,155,0.0,1.586,0.081,0.0141,13,0.0207,31,0.1694,0,-1,,0,-1,,0,-1,,0,-1,,0.2228,84.71,13,220848
80.0,0,-1,confirm,1.0,263.67,247.67,308.87,2196,45.2,67.8,2222,0.988,0.519,0.098,0.101,13,0.3467,1648,0.7677,1,224,-40.68,1,224,-40.68,1,997,39.17,0,-1,,0.0538,45.0,13,221003
80.0,0,1,confirm,1.0,-3.1,-19.1,37.14,138,40.24,38.69,156,0.885,1.577,0.029,0.0338,14,0.0471,112,0.2298,0,-1,,0,-1,,0,-1,,0,-1,,0.0727,46.64,14,223225
80.0,0,-1,confirm,1.0,12.38,-3.62,57.28,74,44.89,9.29,140,0.529,2.108,0.082,0.108,14,0.114,128,0.7256,0,-1,,0,-1,,0,-1,,0,-1,,0.0186,40.09,14,223381
80.0,0,1,confirm,1.0,-85.24,-101.24,1.55,1,86.79,85.24,72,0.014,0.712,0.039,-0.0805,14,-0.0801,26,0.2751,0,-1,,0,-1,,0,-1,,0,-1,,0.6952,45.15,14,223521
80.0,0,-1,fallback,1.0,-43.77,-59.77,-0.0,0,43.77,43.77,6,0.0,0.964,0.068,0.1211,14,0.1211,0,0.5147,0,-1,,0,-1,,0,-1,,0,-1,,0.2001,86.78,14,223593
80.0,0,1,confirm,1.0,122.96,106.96,168.09,201,45.14,20.23,245,0.82,0.642,0.079,-0.1142,14,-0.0993,1,0.3351,0,-1,,0,-1,,0,-1,,0,-1,,0.5147,43.77,14,223599
80.0,0,-1,confirm,1.0,26.14,10.14,69.19,109,43.05,7.69,165,0.661,0.396,0.012,0.1766,14,0.2023,164,0.4709,0,-1,,0,-1,,0,-1,,0,-1,,0.1083,44.39,14,223844
80.0,0,1,confirm,1.0,32.37,16.37,77.08,177,44.7,1.54,212,0.835,0.622,0.101,-0.0074,14,0.041,184,0.4308,0,-1,,0,-1,,0,-1,,0,-1,,0.451,43.35,14,224009
80.0,0,-1,confirm,1.0,33.8,17.8,73.76,581,39.95,41.49,620,0.937,0.736,0.082,-0.0543,14,0.0905,175,0.5706,1,248,-30.73,0,-1,,0,-1,,0,-1,,0.3321,44.36,14,224221
80.0,0,1,confirm,1.0,97.13,81.13,138.76,642,41.63,33.92,672,0.955,0.965,0.108,0.1452,14,0.1644,67,0.5784,1,386,1.54,1,386,1.54,0,-1,,1,386,1.54,0.1737,40.25,14,224841
80.0,0,-1,confirm,1.0,1.53,-14.47,42.75,90,41.23,6.11,191,0.471,0.666,0.022,-0.0675,14,-0.0463,78,0.6333,0,-1,,0,-1,,0,-1,,0,-1,,0.1228,41.06,14,225513
80.0,0,1,confirm,1.0,9.16,-6.84,54.98,258,45.82,29.02,300,0.86,0.802,0.04,0.0223,14,0.1476,136,0.5764,1,300,9.16,1,300,9.16,0,-1,,0,-1,,0.5268,41.4,14,225704
80.0,0,-1,confirm,1.0,30.52,14.52,71.71,227,41.2,3.05,257,0.883,0.808,0.032,-0.0196,14,0.0603,95,0.3977,1,163,42.72,0,-1,,0,-1,,0,-1,,0.107,45.57,14,226004
80.0,0,1,confirm,1.0,-55.1,-71.1,24.49,57,79.58,55.1,256,0.223,0.865,0.002,0.1469,14,0.147,56,0.6175,0,-1,,0,-1,,0,-1,,0,-1,,0.057,41.49,14,226261
80.0,0,-1,confirm,1.0,-27.7,-43.7,13.85,11,41.55,27.7,56,0.196,0.51,0.091,-0.0924,14,-0.0791,45,0.2488,0,-1,,0,-1,,0,-1,,0,-1,,0.2933,79.39,14,226517
80.0,0,1,confirm,1.0,1.53,-14.47,44.51,96,42.97,13.81,128,0.75,1.034,0.003,0.2244,14,0.2363,125,0.52,0,-1,,0,-1,,0,-1,,0,-1,,0.1032,41.61,14,226573
80.0,0,-1,confirm,1.0,12.28,-3.72,58.31,173,46.03,21.48,182,0.951,2.012,0.093,-0.0317,15,0.0063,175,0.6423,0,-1,,0,-1,,0,-1,,0,-1,,0.3052,42.78,14,226701
80.0,0,1,confirm,1.0,-4.61,-20.61,36.87,159,41.48,30.73,272,0.585,1.049,0.025,0.0077,15,0.049,271,0.4769,0,-1,,0,-1,,0,-1,,0,-1,,0.444,46.3,15,226883
80.0,0,-1,confirm,1.0,29.2,13.2,72.24,204,43.04,4.61,257,0.794,0.814,0.075,0.1093,15,0.1307,231,0.7025,0,-1,,0,-1,,0,-1,,0,-1,,0.0247,41.33,15,227155
80.0,0,1,confirm,1.0,-83.24,-99.24,0.0,0,83.24,83.24,196,0.0,0.813,0.044,-0.118,15,-0.0757,120,0.148,0,-1,,0,-1,,0,-1,,0,-1,,0.3962,43.35,15,227412
80.0,0,-1,fallback,1.0,-23.32,-39.32,18.65,141,41.97,23.32,218,0.647,1.191,0.126,0.2344,15,0.2388,112,0.5578,0,-1,,0,-1,,0,-1,,0,-1,,0.0314,83.24,15,227608
80.0,0,1,confirm,1.0,7.75,-8.25,52.73,183,44.98,6.2,222,0.824,0.768,0.0,-0.0566,15,-0.0553,181,0.5871,0,-1,,0,-1,,0,-1,,0,-1,,0.3986,42.05,15,227826
80.0,0,-1,confirm,1.0,-49.59,-65.59,30.99,33,80.58,49.59,289,0.114,1.426,0.037,0.0997,15,0.1276,105,0.6051,1,264,-30.99,1,264,-30.99,0,-1,,0,-1,,0.1855,44.74,15,228048
80.0,0,1,fallback,1.0,-13.88,-29.88,27.76,45,41.63,13.88,131,0.344,0.496,0.085,0.0268,15,0.0268,45,0.479,0,-1,,0,-1,,0,-1,,0,-1,,0.5401,80.83,15,228337
80.0,0,-1,confirm,1.0,6.18,-9.82,46.32,76,40.15,6.18,203,0.374,0.591,0.016,0.0179,15,0.0481,36,0.5577,0,-1,,0,-1,,0,-1,,0,-1,,0.0032,41.52,15,228468
80.0,0,1,confirm,1.0,-72.62,-88.62,7.73,3,80.35,72.62,336,0.009,0.468,0.045,0.0759,15,0.1398,121,0.4731,0,-1,,0,-1,,0,-1,,0,-1,,0.0233,40.34,15,228671
80.0,0,-1,fallback,1.0,-3.11,-19.11,37.35,220,40.47,4.67,328,0.671,2.508,0.072,0.0566,15,0.0566,220,0.3625,1,243,15.56,0,-1,,0,-1,,0,-1,,0.3298,80.28,15,229007
80.0,0,1,confirm,1.0,6.22,-9.78,48.23,64,42.01,-0.0,134,0.478,0.725,0.014,0.0136,15,0.0613,34,0.4807,1,101,40.45,0,-1,,0,-1,,0,-1,,0.2213,40.62,15,229335
80.0,0,-1,confirm,1.0,35.76,19.76,77.75,226,41.98,13.99,283,0.799,3.547,0.05,0.2483,15,0.2483,226,0.8731,0,-1,,0,-1,,0,-1,,0,-1,,0.2466,41.81,15,229469
80.0,0,1,confirm,1.0,29.65,13.65,70.22,42,40.57,6.24,170,0.247,1.233,0.06,-0.0757,15,-0.0622,72,0.6141,0,-1,,0,-1,,0,-1,,0,-1,,0.7908,42.31,15,229752
80.0,0,-1,confirm,1.0,21.78,5.78,70.02,619,48.23,34.23,868,0.713,1.332,0.073,-0.0147,16,0.1619,82,0.6452,1,354,-15.56,1,354,-15.56,0,-1,,1,354,-15.56,0.2143,40.29,15,229922
80.0,0,1,confirm,1.0,-54.58,-70.58,28.07,47,82.64,54.58,134,0.351,1.974,0.001,0.0224,16,0.0379,29,0.7086,0,-1,,0,-1,,0,-1,,0,-1,,0.1188,48.57,16,230790
80.0,0,-1,fallback,1.0,-15.68,-31.68,26.65,21,42.33,15.68,62,0.339,2.067,0.084,0.0549,16,0.0976,9,0.6398,0,-1,,0,-1,,0,-1,,0,-1,,0.448,82.41,16,230924
80.0,0,1,confirm,1.0,-79.84,-95.84,0.0,0,79.84,79.84,134,0.0,2.698,0.051,-0.0265,16,0.0003,69,0.0468,0,-1,,0,-1,,0,-1,,0,-1,,0.2739,42.45,16,230986
80.0,0,-1,confirm,1.0,-20.51,-36.51,28.4,10,48.92,20.51,29,0.345,2.018,0.074,0.0671,16,0.071,19,0.1857,0,-1,,0,-1,,0,-1,,0,-1,,0.0767,79.84,16,231120
80.0,0,1,confirm,1.0,148.03,132.03,198.43,126,50.39,-0.0,153,0.824,1.898,0.067,-0.0206,16,0.0379,40,0.3484,0,-1,,0,-1,,0,-1,,0,-1,,0.0977,49.06,16,231149
80.0,0,-1,confirm,1.0,-69.83,-85.83,12.41,3,82.25,69.83,30,0.1,0.937,0.034,0.0151,16,0.0235,28,-0.0467,0,-1,,0,-1,,0,-1,,0,-1,,0.0789,49.41,16,231302
80.0,0,1,fallback,1.0,-24.66,-40.66,20.03,4,44.69,24.66,41,0.098,1.202,0.076,0.0041,16,0.0225,7,0.3456,0,-1,,0,-1,,0,-1,,0,-1,,0.1258,82.35,16,231332
80.0,0,-1,confirm,1.0,-69.52,-85.52,20.08,54,89.6,69.52,136,0.397,0.635,0.029,-0.0132,16,0.0094,17,0.1906,0,-1,,0,-1,,0,-1,,0,-1,,0.1971,44.6,16,231373
80.0,0,1,fallback,1.0,-39.89,-55.89,1.53,1,41.42,39.89,100,0.01,0.885,0.084,0.0392,16,0.0508,85,0.3366,0,-1,,0,-1,,0,-1,,0,-1,,0.3929,89.78,16,231509
80.0,0,-1,confirm,1.0,-64.7,-80.7,16.94,51,81.64,64.7,99,0.515,0.72,0.072,-0.0509,16,-0.0318,1,0.2953,0,-1,,0,-1,,0,-1,,0,-1,,0.2854,41.42,16,231609
80.0,0,1,fallback,1.0,-18.37,-34.37,26.02,55,44.38,18.37,127,0.433,0.942,0.106,0.042,16,0.0978,121,0.2315,0,-1,,0,-1,,0,-1,,0,-1,,0.0509,81.78,16,231708
80.0,0,-1,confirm,1.0,9.2,-6.8,50.6,374,41.4,39.87,427,0.876,0.667,0.003,0.0378,16,0.0613,427,0.4827,0,-1,,0,-1,,0,-1,,0,-1,,0.0183,44.27,16,231835
80.0,0,1,confirm,1.0,-75.2,-91.2,7.67,18,82.87,75.2,183,0.098,0.553,0.005,-0.0792,16,0.0044,110,0.6615,0,-1,,0,-1,,0,-1,,0,-1,,0.2772,41.61,16,232262
80.0,0,-1,fallback,1.0,-34.02,-50.02,9.28,180,43.3,34.02,280,0.643,3.142,0.086,0.2688,16,0.2731,168,0.6711,0,-1,,0,-1,,0,-1,,0,-1,,0.0529,82.81,16,232445
80.0,0,1,confirm,1.0,135.61,119.61,178.76,1316,43.15,67.81,1388,0.948,0.867,0.059,0.046,17,0.1463,1037,0.6376,0,-1,,0,-1,,0,-1,,0,-1,,0.6711,43.34,16,232725
80.0,0,-1,confirm,1.0,83.62,67.62,129.24,1083,45.61,36.49,1258,0.861,0.768,0.14,0.3105,17,0.3821,1176,0.7161,0,-1,,0,-1,,0,-1,,0,-1,,0.0009,42.39,17,234113
80.0,0,1,confirm,1.0,12.27,-3.73,53.66,1076,41.4,62.86,1114,0.966,2.547,0.096,0.1725,17,0.1845,1063,0.8635,0,-1,,0,-1,,0,-1,,0,-1,,0.1109,46.21,17,235371
80.0,0,-1,confirm,1.0,21.44,5.44,61.26,870,39.82,13.78,1150,0.757,2.322,0.042,0.1481,17,0.3342,1144,0.7655,0,-1,,0,-1,,0,-1,,0,-1,,0.2948,41.18,17,236485
80.0,0,1,confirm,1.0,-50.64,-66.64,35.3,426,85.94,50.64,900,0.473,0.652,0.07,0.121,18,0.1692,483,0.742,0,-1,,0,-1,,0,-1,,0,-1,,0.4434,40.06,18,237635
80.0,0,-1,fallback,1.0,97.18,81.18,141.91,910,44.73,16.97,951,0.957,0.755,0.088,0.2342,18,0.3003,914,0.7899,0,-1,,0,-1,,0,-1,,0,-1,,0.3461,85.64,18,238535
80.0,0,1,confirm,1.0,-74.77,-90.77,4.67,20,79.44,74.77,349,0.057,1.114,0.047,-0.2354,18,-0.0857,331,0.4521,0,-1,,0,-1,,0,-1,,0,-1,,0.5021,45.38,18,239486
80.0,0,-1,confirm,1.0,-23.54,-39.54,20.4,30,43.94,23.54,40,0.75,2.48,0.091,0.1728,18,0.1879,10,0.571,0,-1,,0,-1,,0,-1,,0,-1,,0.4521,79.4,18,239835
80.0,0,1,confirm,1.0,25.05,9.05,65.76,153,40.71,12.53,239,0.64,0.241,0.027,0.0478,18,0.114,174,0.6683,0,-1,,0,-1,,0,-1,,0,-1,,0.4795,44.03,18,239875
80.0,0,-1,confirm,1.0,37.48,21.48,81.21,134,43.73,0.0,168,0.798,1.071,0.078,-0.0533,18,-0.0517,135,0.5043,0,-1,,0,-1,,0,-1,,0,-1,,0.1375,40.44,18,240114
80.0,0,1,confirm,1.0,-72.11,-88.11,12.54,18,84.65,72.11,416,0.043,0.972,0.019,0.0718,18,0.1436,177,0.5309,1,261,-32.92,1,261,-32.92,0,-1,,0,-1,,0.1118,44.09,18,240282
80.0,0,-1,fallback,1.0,66.32,50.32,108.95,218,42.63,9.47,248,0.879,1.545,0.113,0.3419,18,0.3873,167,0.6835,0,-1,,0,-1,,0,-1,,0,-1,,0.1013,84.55,18,240698
80.0,0,1,confirm,1.0,31.79,15.79,73.12,68,41.33,1.59,147,0.463,1.422,0.012,-0.3116,18,-0.3062,105,0.1663,0,-1,,0,-1,,0,-1,,0,-1,,0.2119,43.1,18,240946
80.0,0,-1,confirm,1.0,57.04,41.04,96.66,149,39.61,3.17,155,0.961,0.823,0.1,0.3512,19,0.3541,148,0.5582,0,-1,,0,-1,,0,-1,,0,-1,,0.0572,41.03,18,241093
80.0,0,1,confirm,1.0,1.59,-14.41,44.62,175,43.03,38.25,195,0.897,0.699,0.004,-0.1773,19,-0.1705,172,0.1931,0,-1,,0,-1,,0,-1,,0,-1,,0.5136,40.0,19,241248
80.0,0,-1,confirm,1.0,35.05,19.05,76.48,85,41.43,6.37,101,0.842,1.411,0.043,0.1943,19,0.2308,2,0.5165,0,-1,,0,-1,,0,-1,,0,-1,,0.1172,42.84,19,241443
80.0,0,1,confirm,1.0,-79.95,-95.95,0.0,0,79.95,79.95,98,0.0,1.798,0.029,-0.1658,19,-0.1576,27,0.1366,0,-1,,0,-1,,0,-1,,0,-1,,0.0031,41.75,19,241544
80.0,0,-1,fallback,1.0,-25.79,-41.79,17.73,67,43.52,25.79,129,0.519,1.822,0.109,0.2832,19,0.2853,74,0.5061,0,-1,,0,-1,,0,-1,,0,-1,,0.1149,79.95,19,241642
80.0,0,1,confirm,1.0,-61.09,-77.09,20.9,116,81.99,61.09,270,0.43,0.856,0.029,-0.2131,19,-0.1781,258,0.1031,0,-1,,0,-1,,0,-1,,0,-1,,0.4667,43.6,19,241771
80.0,0,-1,fallback,1.0,6.47,-9.53,53.38,139,46.91,30.73,167,0.832,1.175,0.082,0.2281,19,0.2284,130,0.4951,0,-1,,0,-1,,0,-1,,0,-1,,0.1123,81.82,19,242041
80.0,0,1,confirm,1.0,89.03,73.03,131.11,503,42.08,45.32,528,0.953,0.698,0.061,0.0089,19,0.0248,528,0.464,0,-1,,0,-1,,0,-1,,0,-1,,0.1991,47.16,19,242208
80.0,0,-1,confirm,1.0,9.63,-6.37,54.55,420,44.92,78.61,478,0.879,0.959,0.025,0.009,19,0.045,467,0.4902,0,-1,,0,-1,,0,-1,,0,-1,,0.1219,41.54,19,242736
80.0,0,1,confirm,1.0,20.88,4.88,62.63,403,41.75,32.12,451,0.894,0.544,0.02,0.1631,19,0.2275,449,0.6421,0,-1,,0,-1,,0,-1,,0,-1,,0.0453,45.17,19,243214
80.0,0,-1,confirm,1.0,-44.87,-60.87,38.46,33,83.33,44.87,284,0.116,1.692,0.029,-0.2463,19,-0.207,6,0.2345,0,-1,,0,-1,,0,-1,,0,-1,,0.0247,41.49,19,243665
80.0,0,1,fallback,1.0,143.59,127.59,185.07,146,41.48,-0.0,166,0.88,2.256,0.158,0.2005,19,0.219,5,0.4255,0,-1,,0,-1,,0,-1,,0,-1,,0.1816,83.66,19,243949
80.0,0,-1,confirm,1.0,9.44,-6.56,51.9,324,42.47,36.17,365,0.888,0.48,0.086,-0.1006,19,-0.0904,186,0.2615,0,-1,,0,-1,,0,-1,,0,-1,,0.3345,40.73,19,244115
80.0,0,1,confirm,1.0,-53.53,-69.53,26.76,379,80.29,53.53,446,0.85,0.913,0.0,0.0177,20,0.1209,110,0.4671,1,319,-12.59,1,319,-12.59,0,-1,,0,-1,,0.2615,42.69,19,244480
80.0,0,-1,fallback,1.0,34.82,18.82,77.56,233,42.74,6.33,275,0.847,0.99,0.089,0.1728,20,0.1757,148,0.5118,0,-1,,0,-1,,0,-1,,0,-1,,0.417,80.08,20,244926
80.0,0,1,confirm,1.0,157.24,141.24,198.54,230,41.3,-0.0,243,0.947,2.513,0.071,0.1566,20,0.1574,218,0.6349,0,-1,,0,-1,,0,-1,,0,-1,,0.2384,43.07,20,245201
80.0,0,-1,confirm,1.0,-53.17,-69.17,28.15,134,81.31,53.17,311,0.431,0.511,0.062,-0.1551,20,-0.1275,62,0.6257,0,-1,,0,-1,,0,-1,,0,-1,,0.3145,40.49,20,245444
80.0,0,1,fallback,1.0,-35.78,-51.78,4.67,3,40.44,35.78,40,0.075,1.051,0.156,0.2445,20,0.2446,5,0.2936,0,-1,,0,-1,,0,-1,,0,-1,,0.3204,81.54,20,245755
80.0,0,-1,confirm,1.0,-56.2,-72.2,29.66,26,85.86,56.2,889,0.029,0.651,0.088,-0.2217,20,0.0527,880,0.7571,0,-1,,0,-1,,0,-1,,0,-1,,0.2624,40.42,20,245795
80.0,0,1,fallback,1.0,-24.84,-40.84,15.52,25,40.36,24.84,104,0.24,2.042,0.063,0.0638,20,0.1184,103,0.5278,0,-1,,0,-1,,0,-1,,0,-1,,0.0313,86.11,20,246684
80.0,0,-1,confirm,1.0,-48.24,-64.24,32.68,84,80.92,48.24,862,0.097,0.579,0.012,-0.1167,20,-0.048,847,0.6257,0,-1,,0,-1,,0,-1,,0,-1,,0.5278,40.3,20,246788
80.0,0,1,fallback,1.0,-37.17,-53.17,3.1,2,40.27,37.17,59,0.034,1.254,0.046,0.072,20,0.0989,37,0.2357,0,-1,,0,-1,,0,-1,,0,-1,,0.0166,81.19,20,247650
80.0,0,-1,confirm,1.0,-87.05,-103.05,-0.0,0,87.05,87.05,880,0.0,1.061,0.002,-0.0697,20,0.1014,436,0.4621,1,571,-52.85,1,571,-52.85,0,-1,,1,880,-87.05,0.0834,40.25,20,247709
80.0,0,1,fallback,1.0,-23.12,-39.12,20.03,78,43.15,23.12,177,0.441,2.188,0.08,0.1639,21,0.2187,155,0.524,0,-1,,0,-1,,0,-1,,0,-1,,0.1432,87.05,21,248589
80.0,0,-1,confirm,1.0,-63.33,-79.33,23.17,348,86.5,63.33,1852,0.188,0.533,0.002,-0.0528,21,0.1161,650,0.7314,1,548,-41.71,1,1010,-29.35,0,-1,,1,1299,-35.53,0.2893,43.06,21,248766
80.0,0,1,fallback,1.0,-3.07,-19.07,39.91,424,42.98,13.81,1007,0.421,2.069,0.143,0.2908,21,0.4028,868,0.7644,0,-1,,0,-1,,0,-1,,0,-1,,0.0383,86.7,21,250618
80.0,0,-1,confirm,1.0,162.75,146.75,204.21,770,41.46,0.0,811,0.949,2.475,0.215,0.0954,22,0.2593,606,0.7722,1,169,15.35,0,-1,,0,-1,,0,-1,,0.5111,42.81,21,251625
80.0,0,1,confirm,1.0,24.97,8.97,67.11,108,42.14,-0.0,236,0.458,0.635,0.061,0.0415,22,0.0708,48,0.4404,1,232,31.22,0,-1,,0,-1,,0,-1,,0.0775,42.32,22,252436
80.0,0,-1,confirm,1.0,-71.62,-87.62,9.34,141,80.96,71.62,720,0.196,0.463,0.062,0.0603,22,0.2558,419,0.6638,0,-1,,0,-1,,0,-1,,0,-1,,0.3738,41.86,22,252672
80.0,0,1,fallback,1.0,-40.19,-56.19,0.0,0,40.19,40.19,54,0.0,0.59,0.065,-0.0874,22,-0.0817,33,-0.2644,0,-1,,0,-1,,0,-1,,0,-1,,0.5645,81.03,22,253392
80.0,0,-1,confirm,1.0,29.49,13.49,69.84,423,40.35,9.31,502,0.843,1.066,0.083,0.1334,22,0.1586,491,0.5851,0,-1,,0,-1,,0,-1,,0,-1,,0.2823,40.19,22,253446
80.0,0,1,confirm,1.0,23.35,7.35,66.94,446,43.59,12.45,787,0.567,1.367,0.083,-0.2943,22,-0.1178,88,0.4376,0,-1,,0,-1,,0,-1,,0,-1,,0.2892,40.64,22,253948
80.0,0,-1,confirm,1.0,69.89,53.89,110.27,2083,40.38,62.12,2200,0.947,1.324,0.138,0.4217,23,0.4673,1807,0.7951,1,81,-0.0,1,81,-0.0,0,-1,,1,152,-15.53,0.2131,43.3,22,254735
80.0,0,1,confirm,1.0,-75.07,-91.07,4.69,1,79.76,75.07,224,0.004,0.249,0.065,-0.41,23,-0.3151,138,0.5029,0,-1,,0,-1,,0,-1,,0,-1,,0.4348,40.83,23,256935
80.0,0,-1,confirm,1.0,-34.67,-50.67,6.3,41,40.97,34.67,144,0.285,0.834,0.081,0.3243,23,0.3483,2,0.3823,0,-1,,0,-1,,0,-1,,0,-1,,0.2271,79.72,23,257159
80.0,0,1,confirm,1.0,-80.09,-96.09,0.0,0,80.09,80.09,184,0.0,0.288,0.046,-0.2969,23,-0.2969,0,0.4961,0,-1,,0,-1,,0,-1,,0,-1,,0.3194,41.0,23,257303
80.0,0,-1,fallback,1.0,39.58,23.58,82.32,151,42.74,22.16,217,0.696,4.234,0.189,0.3144,23,0.4034,6,0.5217,0,-1,,0,-1,,0,-1,,0,-1,,0.4961,80.09,23,257487
80.0,0,1,confirm,1.0,28.61,12.61,69.93,213,41.32,-0.0,305,0.698,0.33,0.039,-0.18,23,-0.18,213,0.431,0,-1,,0,-1,,0,-1,,0,-1,,0.2438,43.1,23,257704
80.0,0,-1,confirm,1.0,-61.81,-77.81,19.02,15,80.82,61.81,704,0.021,0.578,0.078,0.2028,23,0.3068,623,0.7863,0,-1,,0,-1,,0,-1,,0,-1,,0.0493,41.04,23,258009
80.0,0,1,fallback,1.0,100.8,84.8,141.75,770,40.95,11.03,903,0.853,1.885,0.193,0.235,0,0.3485,564,0.8152,0,-1,,0,-1,,0,-1,,0,-1,,0.4715,80.98,23,258713
80.0,0,-1,confirm,1.0,-84.2,-100.2,-0.0,0,84.2,84.2,606,0.0,0.686,0.131,-0.1941,0,-0.0396,440,0.5495,0,-1,,0,-1,,0,-1,,0,-1,,0.1537,40.38,0,259616
80.0,0,1,fallback,1.0,-41.75,-57.75,1.55,3,43.3,41.75,98,0.031,0.875,0.112,0.3451,0,0.3471,62,0.2464,0,-1,,0,-1,,0,-1,,0,-1,,0.2999,84.2,0,260222
80.0,0,-1,confirm,1.0,-54.35,-70.35,31.06,427,85.4,54.35,1644,0.26,0.867,0.085,0.0842,0,0.2624,821,0.8142,1,1018,-18.63,1,1018,-18.63,1,1018,-18.63,0,-1,,0.0241,43.29,0,260320
80.0,0,1,fallback,1.0,-23.17,-39.17,16.99,1016,40.15,26.25,1588,0.64,1.852,0.074,-0.1939,1,0.201,143,0.6775,1,561,-10.81,1,561,-10.81,1,561,-10.81,1,600,7.72,0.8102,85.67,0,261964
80.0,0,-1,confirm,1.0,71.21,55.21,114.55,737,43.34,0.0,849,0.868,1.553,0.117,0.1754,1,0.3024,28,0.7391,0,-1,,0,-1,,0,-1,,0,-1,,0.2426,40.09,1,263552
80.0,0,1,confirm,1.0,18.71,2.71,59.25,459,40.54,6.24,633,0.725,1.323,0.143,-0.0034,1,0.0739,479,0.8306,1,540,34.3,0,-1,,0,-1,,0,-1,,0.352,43.85,1,264401
80.0,0,-1,confirm,1.0,10.89,-5.11,51.35,378,40.46,0.0,534,0.708,2.198,0.144,0.3151,1,0.337,404,0.8684,0,-1,,0,-1,,0,-1,,0,-1,,0.1206,40.3,1,265034
80.0,0,1,confirm,1.0,-76.34,-92.34,3.12,9,79.45,76.34,1071,0.008,0.23,0.043,-0.15,1,0.3195,442,0.7762,0,-1,,0,-1,,0,-1,,0,-1,,0.859,40.67,1,265568
80.0,0,-1,confirm,1.0,-17.27,-33.27,28.26,193,45.53,17.27,369,0.523,1.273,0.138,0.0548,2,0.1846,332,0.692,0,-1,,0,-1,,0,-1,,0,-1,,0.1747,79.43,2,266639
80.0,0,1,confirm,1.0,-68.95,-84.95,10.97,25,79.92,68.95,553,0.045,0.863,0.015,-0.1329,2,-0.1084,1,0.5931,0,-1,,0,-1,,0,-1,,0,-1,,0.0379,45.65,2,267008
80.0,0,-1,confirm,1.0,-25.25,-41.25,15.78,62,41.03,25.25,226,0.274,1.998,0.139,0.2092,2,0.2448,82,0.5619,0,-1,,0,-1,,0,-1,,0,-1,,0.3674,79.84,2,267561
80.0,0,1,confirm,1.0,11.02,-4.98,51.94,726,40.93,15.74,816,0.89,1.074,0.083,-0.1976,2,-0.0559,80,0.7013,0,-1,,0,-1,,0,-1,,0,-1,,0.3249,41.09,2,267787
80.0,0,-1,confirm,1.0,39.31,23.31,80.19,2028,40.88,55.03,2306,0.879,0.845,0.085,0.2314,3,0.4811,1786,0.9096,1,991,-42.45,1,991,-42.45,1,991,-42.45,1,1128,-22.01,0.2219,40.71,2,268603
80.0,0,1,confirm,1.0,-74.19,-90.19,6.31,279,80.51,74.19,1004,0.278,0.733,0.059,-0.2105,3,-0.1234,498,0.4502,0,-1,,0,-1,,0,-1,,0,-1,,0.4932,41.21,3,270909
80.0,0,-1,fallback,1.0,-1.59,-17.59,44.53,208,46.12,1.59,227,0.916,1.505,0.089,0.4403,3,0.4519,167,0.7503,0,-1,,0,-1,,0,-1,,0,-1,,0.1028,80.45,3,271913
80.0,0,1,confirm,1.0,-6.36,-22.36,36.57,1609,42.93,36.57,1676,0.96,1.728,0.114,-0.1328,4,-0.0567,591,0.6687,0,-1,,0,-1,,0,-1,,0,-1,,0.6018,46.33,3,272140
80.0,0,-1,confirm,1.0,167.06,151.06,210.02,702,42.96,0.0,738,0.951,0.541,0.123,0.4324,4,0.4857,326,0.8032,0,-1,,0,-1,,0,-1,,0,-1,,0.2092,42.78,4,273816
80.0,0,1,confirm,1.0,-51.78,-67.78,33.98,16,85.76,51.78,208,0.077,0.808,0.043,-0.3503,4,-0.0438,195,0.636,0,-1,,0,-1,,0,-1,,0,-1,,0.0932,43.88,4,274554
80.0,0,-1,fallback,1.0,6.51,-9.49,47.17,246,40.66,0.0,290,0.848,0.275,0.053,0.0477,4,0.15,51,0.6794,0,-1,,0,-1,,0,-1,,0,-1,,0.0138,85.47,4,274762
80.0,0,1,confirm,1.0,-68.36,-84.36,26.04,105,94.4,68.36,207,0.507,0.573,0.028,0.0121,4,0.0185,119,0.5923,0,-1,,0,-1,,0,-1,,0,-1,,0.4534,40.86,4,275052
80.0,0,-1,fallback,1.0,-42.61,-58.61,-0.0,0,42.61,42.61,17,0.0,1.658,0.102,0.2063,4,0.2063,0,0.675,0,-1,,0,-1,,0,-1,,0,-1,,0.1029,94.16,4,275259
80.0,0,1,confirm,1.0,-52.22,-68.22,29.37,6,81.59,52.22,186,0.032,3.297,0.051,-0.147,4,-0.0619,137,0.1668,0,-1,,0,-1,,0,-1,,0,-1,,0.675,42.61,4,275276
80.0,0,-1,fallback,1.0,34.45,18.45,75.46,235,41.01,13.12,260,0.904,0.987,0.102,0.2647,4,0.2683,245,0.7235,0,-1,,0,-1,,0,-1,,0,-1,,0.1521,81.35,4,275462
80.0,0,1,confirm,1.0,-6.58,-22.58,39.51,84,46.09,9.88,158,0.532,0.601,0.045,-0.2092,4,-0.1415,137,0.5569,0,-1,,0,-1,,0,-1,,0,-1,,0.0764,41.32,4,275722
80.0,0,-1,confirm,1.0,6.59,-9.41,52.71,16,46.12,0.0,63,0.254,1.36,0.096,0.2082,4,0.226,15,0.4073,0,-1,,0,-1,,0,-1,,0,-1,,0.5545,45.91,4,275880
80.0,0,1,confirm,1.0,13.19,-2.81,54.39,589,41.21,51.1,628,0.938,0.989,0.06,-0.0944,4,0.0363,290,0.3818,0,-1,,0,-1,,0,-1,,0,-1,,0.2981,46.37,4,275943
80.0,0,-1,confirm,1.0,-46.09,-62.09,34.57,42,80.66,46.09,155,0.271,0.807,0.01,0.1155,4,0.1263,138,0.3803,0,-1,,0,-1,,0,-1,,0,-1,,0.0545,40.98,4,276571
80.0,0,1,fallback,1.0,6.55,-9.45,49.16,134,42.6,6.55,252,0.532,0.517,0.093,0.1019,4,0.143,179,0.5525,0,-1,,0,-1,,0,-1,,0,-1,,0.2858,80.94,4,276726
80.0,0,-1,confirm,1.0,29.47,13.47,72.05,89,42.57,0.0,139,0.64,0.787,0.043,-0.0132,4,0.0008,124,0.6991,0,-1,,0,-1,,0,-1,,0,-1,,0.0102,42.39,4,276978
80.0,0,1,confirm,1.0,-72.26,-88.26,11.5,36,83.76,72.26,165,0.218,0.764,0.011,0.0705,4,0.1282,73,0.7779,0,-1,,0,-1,,0,-1,,0,-1,,0.4621,42.88,4,277117
80.0,0,-1,fallback,1.0,6.62,-9.38,52.94,63,46.32,14.89,88,0.716,2.959,0.149,0.1539,5,0.1824,84,0.4185,0,-1,,0,-1,,0,-1,,0,-1,,0.7464,83.66,5,277282
80.0,0,1,confirm,1.0,4.97,-11.03,54.63,240,49.66,16.55,290,0.828,0.488,0.02,-0.1291,5,-0.1089,282,0.4442,0,-1,,0,-1,,0,-1,,0,-1,,0.365,46.57,5,277370
80.0,0,-1,confirm,1.0,-71.14,-87.14,13.24,7,84.38,71.14,139,0.05,0.866,0.034,0.1051,5,0.1435,93,0.2487,0,-1,,0,-1,,0,-1,,0,-1,,0.222,49.39,5,277660
80.0,0,1,fallback,1.0,19.71,3.71,60.79,63,41.07,-0.0,121,0.521,0.983,0.068,-0.0754,5,-0.0351,108,0.4918,0,-1,,0,-1,,0,-1,,0,-1,,0.07,84.49,5,277799
80.0,0,-1,confirm,1.0,18.04,2.04,59.03,180,40.99,9.84,215,0.837,0.7,0.025,-0.0549,5,0.0571,0,0.2283,1,16,13.12,0,-1,,0,-1,,0,-1,,0.1817,40.82,5,277920
80.0,0,1,confirm,1.0,110.05,94.05,156.04,370,45.99,23.0,385,0.961,1.469,0.1,0.0215,5,0.1296,134,0.5292,1,268,59.13,1,268,59.13,0,-1,,0,-1,,0.3526,41.23,5,278135
80.0,0,-1,confirm,1.0,-84.48,-100.48,1.62,3,86.11,84.48,31,0.097,1.889,0.072,-0.0158,5,-0.015,0,0.0349,0,-1,,0,-1,,0,-1,,0,-1,,0.2251,45.29,5,278520
80.0,0,1,fallback,1.0,12.89,-3.11,61.22,19,48.33,14.5,28,0.679,4.298,0.172,0.0921,5,0.0961,17,0.2072,0,-1,,0,-1,,0,-1,,0,-1,,0.0088,86.12,5,278551
80.0,0,-1,confirm,1.0,-11.26,-27.26,35.4,714,46.66,80.45,775,0.921,0.321,0.061,0.119,5,0.1434,650,0.5583,0,-1,,0,-1,,0,-1,,0,-1,,0.1951,48.04,5,278579
80.0,0,1,confirm,1.0,3.21,-12.79,45.0,406,41.79,36.97,472,0.86,1.242,0.067,0.0705,5,0.0756,398,0.6022,0,-1,,0,-1,,0,-1,,0,-1,,0.1625,46.83,5,279354
80.0,0,-1,confirm,1.0,-75.51,-91.51,6.43,7,81.94,75.51,340,0.021,0.356,0.024,-0.0122,5,0.1173,251,0.5058,0,-1,,0,-1,,0,-1,,0,-1,,0.0577,41.6,5,279826
80.0,0,1,fallback,1.0,-43.06,-59.06,0.0,0,43.06,43.06,218,0.0,2.158,0.106,-0.0149,5,0.0143,76,0.2832,0,-1,,0,-1,,0,-1,,0,-1,,0.3164,81.99,5,280166
80.0,0,-1,confirm,1.0,-73.67,-89.67,9.61,83,83.28,73.67,635,0.131,0.239,0.016,0.0671,5,0.1471,479,0.6544,1,426,-51.25,1,426,-51.25,0,-1,,0,-1,,0.0518,43.06,5,280384
80.0,0,1,fallback,1.0,-22.26,-38.26,20.67,67,42.93,22.26,168,0.399,2.62,0.107,0.1477,6,0.1743,102,0.681,0,-1,,0,-1,,0,-1,,0,-1,,0.1379,83.36,6,281019
80.0,0,-1,confirm,1.0,-79.67,-95.67,3.19,301,82.86,79.67,910,0.331,0.52,0.007,-0.2598,6,0.0852,861,0.6742,1,908,-74.89,0,-1,,0,-1,,0,-1,,0.5379,42.84,6,281187
80.0,0,1,fallback,1.0,-28.45,-44.45,14.23,57,42.68,28.45,265,0.215,3.52,0.099,0.0592,6,0.0956,140,0.5561,0,-1,,0,-1,,0,-1,,0,-1,,0.506,82.88,6,282097
80.0,0,-1,confirm,1.0,101.46,85.46,144.26,1521,42.8,31.71,1631,0.933,1.35,0.166,0.2987,6,0.3186,1535,0.8081,1,799,11.1,1,799,11.1,0,-1,,1,929,28.54,0.3435,42.62,6,282362
80.0,0,1,confirm,1.0,72.07,56.07,115.31,1327,43.24,60.86,1397,0.95,2.301,0.172,0.2214,7,0.2254,1396,0.8601,0,-1,,0,-1,,0,-1,,0,-1,,0.5542,43.43,6,283993
80.0,0,-1,confirm,1.0,7.95,-8.05,50.88,704,42.93,20.67,1054,0.668,1.208,0.123,-0.1442,7,-0.0521,813,0.6873,0,-1,,0,-1,,0,-1,,0,-1,,0.5278,42.75,7,285390
80.0,0,1,confirm,1.0,4.77,-11.23,46.15,677,41.37,36.6,825,0.821,2.726,0.089,0.1541,7,0.2613,58,0.8029,0,-1,,0,-1,,0,-1,,0,-1,,0.4049,43.15,7,286444
80.0,0,-1,confirm,1.0,9.54,-6.46,50.9,960,41.36,12.72,1247,0.77,1.849,0.096,-0.2025,8,-0.0151,280,0.5947,0,-1,,0,-1,,0,-1,,0,-1,,0.3589,41.18,7,287269
80.0,0,1,confirm,1.0,81.2,65.2,124.18,1409,42.99,7.96,1488,0.947,2.77,0.14,0.4311,8,0.4606,1485,0.8304,1,211,7.96,1,211,7.96,0,-1,,1,221,9.55,0.2446,41.57,8,288516
80.0,0,-1,confirm,1.0,-0.0,-16.0,41.06,1953,41.06,17.37,2453,0.796,0.891,0.116,0.1154,9,0.2385,1839,0.8634,1,1002,12.63,1,1002,12.63,1,2016,36.32,1,2029,33.16,0.5376,42.46,8,290004
80.0,0,1,confirm,1.0,-42.64,-58.64,37.9,951,80.54,42.64,1875,0.507,0.349,0.128,0.195,9,0.3753,1452,0.7859,1,155,-6.32,1,838,25.27,1,1584,7.9,1,1623,0.0,0.3315,41.23,9,292457
80.0,0,-1,fallback,1.0,49.17,33.17,88.82,568,39.65,12.69,689,0.824,0.528,0.165,0.321,9,0.5434,122,0.8935,0,-1,,0,-1,,0,-1,,0,-1,,0.4615,80.24,9,294332
80.0,0,1,confirm,1.0,-92.45,-108.45,0.0,0,92.45,92.45,302,0.0,0.635,0.073,-0.1961,9,0.0616,173,0.8791,1,210,-23.91,0,-1,,0,-1,,0,-1,,0.7608,40.01,9,295021
80.0,0,-1,fallback,1.0,30.57,14.57,70.79,1086,40.22,24.13,1203,0.903,2.684,0.087,0.2418,10,0.2917,355,0.7555,0,-1,,0,-1,,0,-1,,0,-1,,0.227,92.45,10,295323
80.0,0,1,confirm,1.0,-71.0,-87.0,24.21,93,95.21,71.0,511,0.182,0.619,0.022,-0.1882,10,-0.002,496,0.4163,0,-1,,0,-1,,0,-1,,0,-1,,0.262,40.51,10,296526
80.0,0,-1,fallback,1.0,-8.13,-24.13,32.5,68,40.63,8.13,122,0.557,2.462,0.112,0.1305,10,0.1724,5,0.2658,0,-1,,0,-1,,0,-1,,0,-1,,0.0027,94.98,10,297037
80.0,0,1,confirm,1.0,61.71,45.71,102.31,1820,40.6,61.71,2462,0.739,2.626,0.173,0.2647,11,0.3257,1693,0.7966,1,1090,-27.61,1,1090,-27.61,1,2422,64.96,1,1227,3.25,0.0777,40.76,10,297159
80.0,0,-1,confirm,1.0,-61.33,-77.33,19.37,138,80.7,61.33,247,0.559,2.301,0.062,0.1787,11,0.1993,85,0.6518,0,-1,,0,-1,,0,-1,,0,-1,,0.2389,40.19,11,299621
80.0,0,1,fallback,1.0,-38.5,-54.5,1.6,3,40.1,38.5,107,0.028,2.185,0.058,-0.058,11,-0.0565,4,0.3829,0,-1,,0,-1,,0,-1,,0,-1,,0.3404,80.85,11,299868
80.0,0,-1,confirm,1.0,-69.24,-85.24,12.88,50,82.13,69.24,1671,0.03,0.375,0.023,0.1264,11,0.3717,1655,0.9275,1,222,-6.44,1,222,-6.44,0,-1,,1,331,-11.27,0.2183,40.1,11,299975
80.0,0,1,fallback,1.0,-15.99,-31.99,25.59,32,41.58,15.99,630,0.051,2.055,0.116,-0.3045,11,-0.2148,552,0.354,0,-1,,0,-1,,0,-1,,0,-1,,0.1383,82.23,11,301646
80.0,0,-1,confirm,1.0,22.43,6.43,62.47,1980,40.04,54.46,2109,0.939,0.676,0.136,0.1413,12,0.2798,12,0.8241,1,285,-35.24,1,285,-35.24,1,285,-35.24,1,611,-41.65,0.0091,41.47,11,302276
80.0,0,1,confirm,1.0,85.09,69.09,130.04,1160,44.95,9.63,1637,0.709,2.066,0.157,0.2121,12,0.2991,727,0.9156,1,558,14.45,1,558,14.45,1,1611,101.14,0,-1,,0.3236,40.3,12,304385
80.0,0,-1,confirm,1.0,63.67,47.67,103.47,1956,39.8,38.2,2083,0.939,1.081,0.171,0.4342,13,0.4348,1955,0.8846,1,165,-12.73,1,165,-12.73,1,165,-12.73,0,-1,,0.0487,44.37,13,306022
80.0,0,1,confirm,1.0,17.62,1.62,59.28,658,41.65,24.03,751,0.876,1.619,0.089,0.0733,13,0.1457,716,0.6346,1,506,-1.6,0,-1,,0,-1,,0,-1,,0.7251,40.21,13,308105
80.0,0,-1,confirm,1.0,-46.38,-62.38,35.18,414,81.56,46.38,1229,0.337,0.544,0.048,0.1155,13,0.1814,566,0.89,1,808,15.99,1,808,15.99,0,-1,,1,847,6.4,0.0133,41.41,13,308856
80.0,0,1,fallback,1.0,-25.47,-41.47,17.51,789,42.98,30.25,952,0.829,0.603,0.041,0.178,14,0.2273,749,0.5917,1,893,11.14,1,893,11.14,1,893,11.14,1,910,-6.37,0.5136,81.85,14,310085
80.0,0,-1,confirm,1.0,140.44,124.44,180.34,3125,39.9,38.3,3182,0.982,0.698,0.053,-0.0049,15,0.2177,395,0.7208,1,563,-15.96,1,563,-15.96,1,563,-15.96,1,685,-6.38,0.182,42.9,14,311037
80.0,0,1,confirm,1.0,46.94,30.94,89.03,1745,42.08,74.46,1864,0.936,0.758,0.123,0.0972,15,0.1246,1816,0.4584,1,1049,-8.09,1,1049,-8.09,0,-1,,0,-1,,0.0735,40.63,15,314219
80.0,0,-1,confirm,1.0,-8.06,-24.06,32.22,1352,40.28,53.17,1526,0.886,1.253,0.022,0.0667,16,0.168,1495,0.6046,0,-1,,0,-1,,0,-1,,0,-1,,0.223,41.71,15,316083
80.0,0,1,confirm,1.0,-80.49,-96.49,0.0,0,80.49,80.49,547,0.0,0.702,0.02,-0.1609,16,-0.1268,517,0.3643,0,-1,,0,-1,,0,-1,,0,-1,,0.4862,40.41,16,317609
80.0,0,-1,fallback,1.0,-43.82,-59.82,3.25,7,47.06,43.82,204,0.034,1.623,0.102,0.1449,16,0.1674,28,0.4182,0,-1,,0,-1,,0,-1,,0,-1,,0.0145,80.49,16,318156
80.0,0,1,confirm,1.0,-74.33,-90.33,9.69,21,84.02,74.33,528,0.04,1.132,0.014,-0.0614,16,0.1058,345,0.6325,1,55,-25.85,0,-1,,0,-1,,0,-1,,0.0706,47.08,16,318360
80.0,0,-1,fallback,1.0,-37.44,-53.44,3.26,2,40.7,37.44,339,0.006,1.465,0.06,-0.0159,16,0.0525,110,0.4233,1,127,-22.79,0,-1,,0,-1,,0,-1,,0.3228,83.94,16,318888
80.0,0,1,confirm,1.0,50.28,34.28,90.82,680,40.54,6.49,901,0.755,0.766,0.145,0.1419,16,0.1777,278,0.5636,1,852,76.22,1,852,76.22,0,-1,,1,872,76.22,0.0655,40.71,16,319227
80.0,0,-1,confirm,1.0,14.52,-1.48,54.87,1698,40.34,40.34,2127,0.798,3.698,0.124,0.3163,17,0.3163,1698,0.8783,1,123,-8.07,1,123,-8.07,0,-1,,1,166,-14.52,0.282,40.18,16,320128
80.0,0,1,confirm,1.0,21.01,5.01,61.41,291,40.4,3.23,383,0.76,2.111,0.134,0.2075,17,0.2419,310,0.6823,0,-1,,0,-1,,0,-1,,0,-1,,0.8184,40.56,17,322255
80.0,0,-1,confirm,1.0,9.68,-6.32,49.99,176,40.32,6.45,449,0.392,1.746,0.031,-0.0108,17,0.0444,307,0.7927,0,-1,,0,-1,,0,-1,,0,-1,,0.5316,40.15,17,322638
80.0,0,1,confirm,1.0,-75.87,-91.87,4.84,39,80.71,75.87,646,0.06,0.749,0.048,0.0297,17,0.0516,32,0.9108,1,50,1.61,0,-1,,0,-1,,0,-1,,0.016,40.52,17,323087
80.0,0,-1,fallback,1.0,-37.41,-53.41,3.25,2,40.66,37.41,314,0.006,2.722,0.136,0.1986,17,0.2068,0,0.3515,1,95,-3.25,1,95,-3.25,1,95,-3.25,0,-1,,0.5347,80.67,17,323733
80.0,0,1,confirm,1.0,29.17,13.17,69.68,1705,40.51,48.61,1774,0.961,4.055,0.177,0.1975,18,0.2569,1088,0.8534,1,1414,-8.1,1,1414,-8.1,1,1414,-8.1,0,-1,,0.0029,40.68,18,324047
80.0,0,-1,confirm,1.0,17.77,1.77,58.17,1228,40.39,1.62,1526,0.805,1.255,0.094,0.127,18,0.2054,559,0.7875,1,837,16.16,1,837,16.16,1,837,16.16,0,-1,,0.474,40.23,18,325821
80.0,0,1,confirm,1.0,27.52,11.52,67.98,999,40.47,25.9,1192,0.838,0.754,0.126,0.2049,19,0.3069,641,0.7484,0,-1,,0,-1,,0,-1,,0,-1,,0.1522,40.63,18,327347
80.0,0,-1,confirm,1.0,50.04,34.04,92.01,3023,41.97,22.6,3419,0.884,2.179,0.119,0.1093,20,0.4182,740,0.8589,1,1258,37.13,1,1258,37.13,1,1258,37.13,1,1280,41.97,0.4391,40.19,19,328539
80.0,0,1,confirm,1.0,79.49,63.49,120.05,4921,40.56,34.07,5197,0.947,0.897,0.106,-0.0441,21,0.4445,3563,0.9729,1,504,-8.11,1,504,-8.11,1,504,-8.11,1,663,-1.62,0.0927,42.36,20,331958
80.0,0,-1,confirm,1.0,57.94,41.94,99.79,1612,41.85,19.31,1708,0.944,2.029,0.183,0.2946,22,0.3494,1508,0.9434,1,73,-14.49,1,73,-14.49,0,-1,,1,200,9.66,0.3542,40.08,21,337155
80.0,0,1,confirm,1.0,-46.95,-62.95,34.0,703,80.95,46.95,1191,0.59,0.798,0.118,0.0357,22,0.134,1015,0.8175,1,724,25.9,1,1031,-32.38,0,-1,,1,1145,-38.85,0.3897,42.27,22,338863
80.0,0,-1,fallback,1.0,-40.66,-56.66,-0.0,0,40.66,40.66,618,0.0,1.698,0.103,0.1432,22,0.1603,101,0.7926,1,566,-29.28,1,566,-29.28,0,-1,,0,-1,,0.1043,80.67,22,340054
80.0,0,1,confirm,1.0,22.68,6.68,64.8,2153,42.12,24.3,2498,0.862,1.648,0.06,0.0759,23,0.4472,989,0.9485,1,741,14.58,1,1550,43.74,1,1550,43.74,1,1580,37.26,0.5938,40.66,22,340672
80.0,0,-1,confirm,1.0,-71.12,-87.12,9.7,368,80.81,71.12,2562,0.144,1.101,0.146,0.0604,23,0.0958,5,0.7917,1,135,-17.78,0,-1,,0,-1,,0,-1,,0.8257,41.85,23,343170
80.0,0,1,fallback,1.0,-36.91,-52.91,3.21,4,40.12,36.91,264,0.015,5.013,0.113,0.1504,0,0.1505,5,0.5313,1,84,-19.26,1,84,-19.26,0,-1,,0,-1,,0.3832,80.89,0,345732
80.0,0,-1,confirm,1.0,-67.65,-83.65,19.33,350,86.98,67.65,1463,0.239,1.601,0.169,0.3012,0,0.3014,352,0.9245,1,353,17.72,1,353,17.72,1,353,17.72,1,420,6.44,0.1572,40.11,0,345996
80.0,0,1,fallback,1.0,-19.2,-35.2,22.4,20,41.6,19.2,617,0.032,5.938,0.201,0.4595,0,0.4646,7,0.7436,1,606,-12.8,1,606,-12.8,1,606,-12.8,1,607,-12.8,0.8776,87.15,0,347459
80.0,0,-1,confirm,1.0,14.43,-1.57,54.5,1152,40.08,3.21,1301,0.885,0.643,0.108,0.3797,1,0.4901,1202,0.8379,0,-1,,0,-1,,0,-1,,0,-1,,0.6948,41.51,0,348076
80.0,0,1,confirm,1.0,35.32,19.32,77.06,120,41.74,-0.0,198,0.606,3.347,0.161,0.026,1,0.1202,186,0.6814,0,-1,,0,-1,,0,-1,,0,-1,,0.3859,40.3,1,349377
80.0,0,-1,confirm,1.0,-68.79,-84.79,12.8,18,81.59,68.79,131,0.137,1.78,0.065,-0.0259,1,-0.0259,20,0.4549,0,-1,,0,-1,,0,-1,,0,-1,,0.0438,41.42,1,349575
80.0,0,1,fallback,1.0,54.02,38.02,95.33,611,41.31,11.12,737,0.829,1.324,0.092,0.2091,1,0.2838,487,0.6914,0,-1,,0,-1,,0,-1,,0,-1,,0.3109,81.69,1,349706
80.0,0,-1,confirm,1.0,-71.11,-87.11,9.48,14,80.59,71.11,511,0.027,0.861,0.046,-0.1588,1,-0.1178,172,0.5862,0,-1,,0,-1,,0,-1,,0,-1,,0.0906,40.92,1,350443
80.0,0,1,fallback,1.0,-31.38,-47.38,9.41,32,40.8,31.38,192,0.167,1.671,0.069,0.258,1,0.3649,103,0.7029,0,-1,,0,-1,,0,-1,,0,-1,,0.5328,80.67,1,350954
80.0,0,-1,confirm,1.0,29.91,13.91,72.41,3545,42.5,48.8,3693,0.96,1.002,0.064,0.3208,2,0.4139,3479,0.8296,0,-1,,0,-1,,0,-1,,0,-1,,0.5191,40.76,1,351146
80.0,0,1,confirm,1.0,6.32,-9.68,48.94,996,42.63,37.89,1101,0.905,0.847,0.137,-0.0079,2,0.0806,774,0.7002,1,833,17.37,0,-1,,0,-1,,0,-1,,0.5339,42.81,2,354839
80.0,0,-1,confirm,1.0,-78.89,-94.89,4.73,16,83.62,78.89,1634,0.01,0.506,0.021,0.0304,2,0.2042,1405,0.9241,0,-1,,0,-1,,0,-1,,0,-1,,0.5714,42.42,2,355940
80.0,0,1,fallback,1.0,-12.52,-28.52,28.18,546,40.7,21.92,1003,0.544,2.573,0.086,0.0783,3,0.1297,950,0.7596,1,208,3.13,1,644,12.52,0,-1,,0,-1,,0.1465,83.66,3,357574
80.0,0,-1,confirm,1.0,32.92,16.92,76.8,3059,43.89,7.84,3463,0.883,0.807,0.122,0.0234,4,0.492,2034,0.8763,1,440,17.24,1,440,17.24,1,2232,34.48,1,887,17.24,0.2401,40.59,3,358577
80.0,0,1,confirm,1.0,42.46,26.46,84.92,515,42.46,3.15,688,0.749,1.274,0.203,0.1193,4,0.4234,184,0.8904,0,-1,,0,-1,,0,-1,,0,-1,,0.1354,44.23,4,362040
80.0,0,-1,confirm,1.0,-84.56,-100.56,-0.0,0,84.56,84.56,1706,0.0,0.4,0.041,-0.0413,4,0.0933,228,0.5852,1,229,-21.92,0,-1,,0,-1,,0,-1,,0.3318,42.1,4,362728
80.0,0,1,fallback,1.0,-41.93,-57.93,0.0,0,41.93,41.93,69,0.0,4.599,0.134,0.4522,5,0.4522,0,0.7487,0,-1,,0,-1,,0,-1,,0,-1,,0.4571,84.56,5,364434
80.0,0,-1,confirm,1.0,-67.05,-83.05,14.03,1076,81.09,67.05,4129,0.261,2.281,0.031,0.0656,5,0.1645,3655,0.8202,1,800,-32.75,1,800,-32.75,0,-1,,1,1708,-32.75,0.7487,41.93,5,364503
80.0,0,1,fallback,1.0,27.88,11.88,68.15,1303,40.27,26.33,2183,0.597,0.836,0.062,0.1594,6,0.4237,749,0.7692,1,1347,52.66,1,1347,52.66,1,1347,52.66,1,1528,44.92,0.3499,81.2,6,368632
80.0,0,-1,confirm,1.0,-46.34,-62.34,37.07,4591,83.41,46.34,5774,0.795,0.763,0.013,-0.1445,8,0.3906,1140,0.8788,1,570,-30.89,1,570,-30.89,1,570,-30.89,1,601,-29.35,0.3721,40.0,7,370815
80.0,0,1,fallback,1.0,123.0,107.0,164.51,2372,41.51,15.38,2421,0.98,2.719,0.05,0.1987,9,0.4135,1796,0.8811,0,-1,,0,-1,,0,-1,,0,-1,,0.0576,83.72,8,376589
80.0,0,-1,confirm,1.0,109.36,93.36,148.85,1847,39.49,21.26,2042,0.905,4.06,0.1,0.1669,9,0.3414,1842,0.8769,0,-1,,0,-1,,0,-1,,0,-1,,0.2081,40.84,9,379010
80.0,0,1,confirm,1.0,-70.64,-86.64,9.21,81,79.85,70.64,709,0.114,0.353,0.018,-0.1986,9,0.0419,514,0.53,0,-1,,0,-1,,0,-1,,0,-1,,0.0768,40.09,9,381052
80.0,0,-1,confirm,1.0,-37.12,-53.12,3.09,18,40.21,37.12,160,0.113,2.958,0.166,0.3639,10,0.4454,101,0.7412,0,-1,,0,-1,,0,-1,,0,-1,,0.007,79.78,10,381761
80.0,0,1,confirm,1.0,-53.93,-69.93,26.19,1121,80.12,53.93,2493,0.45,0.446,0.093,-0.099,10,0.2063,2295,0.6712,1,1641,-4.62,1,1641,-4.62,0,-1,,1,1677,-9.24,0.4809,40.22,10,381921
80.0,0,-1,confirm,1.0,-27.89,-43.89,12.39,110,40.28,27.89,598,0.184,2.796,0.087,0.0474,10,0.3866,276,0.8615,1,197,-12.39,0,-1,,0,-1,,0,-1,,0.2423,79.91,10,384414
80.0,0,1,confirm,1.0,37.08,21.08,78.79,3185,41.71,27.81,3547,0.898,1.282,0.109,0.3179,11,0.5086,1947,0.9516,1,163,-7.72,1,376,-3.09,0,-1,,0,-1,,0.7317,40.33,10,385012
80.0,0,-1,confirm,1.0,110.82,94.82,152.38,1102,41.56,21.55,1212,0.909,1.279,0.174,0.406,12,0.4733,897,0.8832,0,-1,,0,-1,,0,-1,,0,-1,,0.5808,41.39,11,388559
80.0,0,1,confirm,1.0,-74.71,-90.71,6.23,3,80.93,74.71,1077,0.003,0.646,0.105,-0.3717,12,-0.1548,334,0.6357,0,-1,,0,-1,,0,-1,,0,-1,,0.5052,42.2,12,389771
80.0,0,-1,fallback,1.0,-43.91,-59.91,1.57,1,45.48,43.91,60,0.017,4.318,0.05,0.3333,12,0.3406,0,0.6228,0,-1,,0,-1,,0,-1,,0,-1,,0.1547,80.88,12,390848
80.0,0,1,confirm,1.0,15.61,-0.39,56.21,1403,40.59,59.33,1536,0.913,2.258,0.088,0.1251,12,0.1483,1426,0.8642,0,-1,,0,-1,,0,-1,,0,-1,,0.5933,45.48,12,390908
80.0,0,-1,confirm,1.0,-71.71,-87.71,9.35,310,81.06,71.71,4616,0.067,1.035,0.04,-0.1951,13,0.5395,1470,0.8992,1,1716,-31.18,1,1716,-31.18,1,1716,-31.18,1,1789,-29.62,0.5823,40.37,13,392444
80.0,0,1,fallback,1.0,72.74,56.74,114.53,1130,41.79,4.64,1346,0.84,0.699,0.103,0.2903,14,0.4505,798,0.8421,0,-1,,0,-1,,0,-1,,0,-1,,0.311,81.14,14,397060
80.0,0,-1,confirm,1.0,29.19,13.19,69.15,428,39.95,0.0,749,0.571,1.155,0.186,0.1395,14,0.2017,740,0.8092,1,742,30.73,1,742,30.73,1,742,30.73,0,-1,,0.5837,41.32,14,398406
80.0,0,1,confirm,1.0,12.33,-3.67,53.94,2958,41.61,40.07,3189,0.928,0.699,0.058,0.0051,15,0.2804,591,0.8967,1,593,-24.66,1,593,-24.66,1,593,-24.66,1,601,-23.12,0.7083,40.23,14,399155
80.0,0,-1,confirm,1.0,-47.71,-63.71,33.86,1389,81.58,47.71,3085,0.45,0.701,0.057,0.0035,16,0.3765,598,0.8752,1,158,-7.7,1,158,-7.7,1,882,-10.77,1,1089,9.24,0.5293,41.39,15,402344
80.0,0,1,fallback,1.0,-33.7,-49.7,7.66,997,41.36,33.7,1153,0.865,3.693,0.03,0.2147,16,0.3642,1063,0.7737,1,657,-22.98,1,657,-22.98,1,657,-22.98,0,-1,,0.8048,81.85,16,405429
80.0,0,-1,confirm,1.0,-64.56,-80.56,16.91,68,81.46,64.56,705,0.096,0.235,0.098,-0.0374,16,0.2234,489,0.7266,1,599,-39.96,1,599,-39.96,1,599,-39.96,1,606,-43.04,0.6604,41.33,16,406582
80.0,0,1,fallback,1.0,-24.43,-40.43,19.85,56,44.29,24.43,2234,0.025,2.099,0.2,0.2627,17,0.4039,869,0.8758,1,1497,1.53,1,1497,1.53,1,1497,1.53,0,-1,,0.2159,81.6,17,407287
80.0,0,-1,confirm,1.0,105.63,89.63,145.44,4667,39.8,39.8,4744,0.984,2.628,0.184,0.3221,19,0.4537,772,0.9447,1,49,-12.25,1,1072,-21.43,1,1072,-21.43,1,1072,-21.43,0.2898,44.2,17,409521
80.0,0,1,confirm,1.0,-66.53,-82.53,17.02,19,83.55,66.53,326,0.058,0.75,0.084,-0.3203,19,-0.3198,20,0.6125,0,-1,,0,-1,,0,-1,,0,-1,,0.3657,40.39,19,414265
80.0,0,-1,fallback,1.0,-35.83,-51.83,4.67,8,40.5,35.83,110,0.073,0.676,0.139,0.3878,19,0.4074,65,0.6262,0,-1,,0,-1,,0,-1,,0,-1,,0.5009,83.41,19,414591
80.0,0,1,confirm,1.0,-69.84,-85.84,13.97,104,83.81,69.84,373,0.279,0.85,0.007,-0.2786,19,-0.118,228,0.453,0,-1,,0,-1,,0,-1,,0,-1,,0.1386,40.52,19,414701
80.0,0,-1,fallback,1.0,-21.88,-37.88,20.32,87,42.2,21.88,249,0.349,0.843,0.107,0.2912,19,0.2913,82,0.6666,0,-1,,0,-1,,0,-1,,0,-1,,0.2167,83.69,19,415074
80.0,0,1,confirm,1.0,-67.06,-83.06,12.48,10,79.54,67.06,1451,0.007,0.902,0.054,-0.2492,19,-0.055,930,0.8495,0,-1,,0,-1,,0,-1,,0,-1,,0.6666,42.29,19,415323
80.0,0,-1,confirm,1.0,-39.25,-55.25,4.71,28,43.96,39.25,194,0.144,1.046,0.052,0.2265,19,0.2752,2,0.6171,0,-1,,0,-1,,0,-1,,0,-1,,0.0222,79.44,19,416774
80.0,0,1,confirm,1.0,31.28,15.28,73.51,1276,42.23,29.72,1548,0.824,5.174,0.185,0.5789,20,0.642,1369,0.8956,1,542,-3.13,1,542,-3.13,1,542,-3.13,1,703,-21.9,0.3922,43.98,19,416968
80.0,0,-1,confirm,1.0,-76.4,-92.4,4.68,39,81.07,76.4,399,0.098,0.376,0.012,-0.51,20,0.0532,320,0.8029,1,321,-37.42,0,-1,,0,-1,,0,-1,,0.8769,41.92,20,418516
80.0,0,1,fallback,1.0,-32.49,-48.49,9.28,19,41.78,32.49,1101,0.017,3.948,0.125,0.094,20,0.1834,39,0.7744,1,579,-9.28,1,579,-9.28,0,-1,,1,1039,-21.66,0.6847,81.11,20,418915
80.0,0,-1,confirm,1.0,-24.84,-40.84,15.52,3635,40.36,77.62,4623,0.786,1.385,0.139,0.2367,21,0.3142,285,0.8699,1,375,-10.87,1,375,-10.87,1,375,-10.87,1,755,-55.88,0.301,41.74,20,420016
80.0,0,1,confirm,1.0,467.64,451.64,512.54,1080,44.91,7.74,1083,0.997,4.03,0.334,0.2873,22,0.3493,1056,0.901,1,164,21.68,1,164,21.68,1,164,21.68,1,331,20.13,0.2556,40.42,21,424639
80.0,0,-1,confirm,1.0,66.57,50.57,106.51,68,39.94,29.59,85,0.8,0.59,0.181,-0.2793,22,-0.2696,82,0.0603,0,-1,,0,-1,,0,-1,,0,-1,,0.286,42.72,22,425722
80.0,0,1,confirm,1.0,-77.44,-93.44,2.98,79,80.42,77.44,189,0.418,0.205,0.164,0.2633,22,0.2704,0,0.5144,0,-1,,0,-1,,0,-1,,0,-1,,0.0909,40.37,22,425807
80.0,0,-1,fallback,1.0,45.02,29.02,87.05,373,42.02,18.01,402,0.928,0.961,0.082,0.187,22,0.1915,383,0.5073,0,-1,,0,-1,,0,-1,,0,-1,,0.0898,80.39,22,425996
80.0,0,1,confirm,1.0,-61.81,-77.81,18.09,77,79.9,61.81,347,0.222,0.685,0.051,-0.1364,22,0.0114,342,0.6998,0,-1,,0,-1,,0,-1,,0,-1,,0.2377,42.39,22,426398
80.0,0,-1,confirm,1.0,-40.96,-56.96,4.55,35,45.51,40.96,132,0.265,0.967,0.059,0.0051,22,0.0536,14,0.7547,1,43,-13.65,0,-1,,0,-1,,0,-1,,0.3528,79.76,22,426745
80.0,0,1,confirm,1.0,45.32,29.32,86.12,156,40.79,6.04,281,0.555,2.272,0.07,0.3218,22,0.3297,115,0.7317,0,-1,,0,-1,,0,-1,,0,-1,,0.7547,45.53,22,426877
80.0,0,-1,confirm,1.0,4.51,-11.49,49.63,174,45.12,1.5,441,0.395,0.32,0.016,-0.1687,22,-0.01,424,0.5826,0,-1,,0,-1,,0,-1,,0,-1,,0.6029,40.44,22,427158
80.0,0,1,confirm,1.0,-79.75,-95.75,3.01,10,82.76,79.75,525,0.019,2.257,0.026,0.0669,22,0.0859,414,0.635,1,57,-21.07,0,-1,,0,-1,,0,-1,,0.4059,45.34,22,427599
80.0,0,-1,fallback,1.0,-15.17,-31.17,27.3,52,42.47,15.17,145,0.359,1.223,0.128,0.267,22,0.2712,88,0.8812,0,-1,,0,-1,,0,-1,,0,-1,,0.385,82.73,22,428124
80.0,0,1,confirm,1.0,10.6,-5.4,53.01,1973,42.4,39.38,2251,0.876,0.715,0.098,0.1783,23,0.272,1244,0.8145,1,1008,4.54,1,1571,-22.72,1,1571,-22.72,1,1662,3.03,0.4038,42.59,22,428269
80.0,0,-1,confirm,1.0,-78.67,-94.67,9.08,4,87.75,78.67,838,0.005,0.627,0.003,-0.1922,23,0.2685,586,0.7224,1,361,-16.64,1,753,-46.9,1,753,-46.9,1,803,-51.44,0.6652,42.18,23,430520
80.0,0,1,fallback,1.0,-46.53,-62.53,0.0,0,46.53,46.53,32,0.0,4.837,0.119,0.3006,23,0.3243,3,0.5839,0,-1,,0,-1,,0,-1,,0,-1,,0.2166,87.83,23,431358
80.0,0,-1,confirm,1.0,3.02,-12.98,43.73,1269,40.72,43.73,1905,0.666,0.953,0.093,0.0062,0,0.0852,1726,0.755,1,1727,15.08,0,-1,,0,-1,,0,-1,,0.5839,46.53,23,431390
80.0,0,1,confirm,1.0,34.7,18.7,76.93,564,42.24,36.2,625,0.902,2.258,0.14,0.0659,0,0.1769,359,0.6972,1,371,36.2,1,371,36.2,0,-1,,0,-1,,0.3714,40.9,0,433295
80.0,0,-1,confirm,1.0,-66.15,-82.15,16.54,31,82.68,66.15,393,0.079,0.514,0.073,-0.0029,0,0.0104,55,0.7239,0,-1,,0,-1,,0,-1,,0,-1,,0.3693,41.92,0,433920
80.0,0,1,fallback,1.0,-28.38,-44.38,19.41,117,47.79,28.38,157,0.745,1.704,0.095,0.2183,0,0.2607,46,0.6167,0,-1,,0,-1,,0,-1,,0,-1,,0.7203,82.82,0,434313
80.0,0,-1,confirm,1.0,116.82,100.82,157.26,2388,40.44,32.95,2500,0.955,0.612,0.077,0.2337,1,0.3572,2210,0.9032,1,1468,53.92,1,1468,53.92,0,-1,,0,-1,,0.3377,47.7,0,434470
80.0,0,1,confirm,1.0,-78.8,-94.8,1.52,11,80.32,78.8,373,0.029,0.471,0.03,-0.0917,1,0.1158,303,0.5677,1,371,-72.74,1,371,-72.74,0,-1,,0,-1,,0.0206,41.08,1,436970
80.0,0,-1,fallback,1.0,-33.6,-49.6,9.16,107,42.77,33.6,158,0.677,1.136,0.066,0.0371,1,0.1123,152,0.699,0,-1,,0,-1,,0,-1,,0,-1,,0.4798,80.3,1,437343
80.0,0,1,confirm,1.0,77.64,61.64,118.74,2483,41.1,10.66,2810,0.884,0.822,0.094,0.1318,2,0.325,1096,0.8648,1,665,41.1,1,665,41.1,1,1582,65.46,1,1620,60.89,0.3266,42.81,1,437501
80.0,0,-1,confirm,1.0,-71.0,-87.0,12.08,1048,83.08,71.0,3122,0.336,1.104,0.131,-0.1844,2,0.2284,1562,0.8379,1,1913,-31.72,1,1913,-31.72,1,1913,-31.72,1,1934,-36.25,0.2725,40.62,2,440311
80.0,0,1,fallback,1.0,-28.5,-44.5,12.0,3,40.5,28.5,346,0.009,2.565,0.081,0.0189,3,0.0679,246,0.678,1,303,-18.0,0,-1,,0,-1,,0,-1,,0.6449,83.18,3,443433
80.0,0,-1,confirm,1.0,94.77,78.77,135.38,3913,40.61,12.03,4573,0.856,1.592,0.139,0.2885,4,0.6295,3032,0.9316,1,2130,22.56,1,2130,22.56,1,2130,22.56,1,2201,16.55,0.518,40.45,3,443779
80.0,0,1,confirm,1.0,-78.97,-94.97,3.04,7,82.0,78.97,2068,0.003,0.714,0.054,-0.1851,4,0.0948,1096,0.8764,1,1120,-44.04,0,-1,,0,-1,,0,-1,,0.5055,41.17,4,448352
80.0,0,-1,fallback,1.0,-10.71,-26.71,32.14,498,42.86,22.96,688,0.724,2.356,0.141,0.1638,5,0.3947,37,0.8748,0,-1,,0,-1,,0,-1,,0,-1,,0.107,81.98,5,450420
80.0,0,1,confirm,1.0,-62.69,-78.69,16.82,570,79.51,62.69,1421,0.401,2.743,0.054,0.145,5,0.3401,1054,0.7853,1,408,-16.82,1,1171,-36.7,1,1171,-36.7,1,1405,-61.16,0.303,43.0,5,451108
80.0,0,-1,confirm,1.0,-89.24,-105.24,-0.0,0,89.24,89.24,1194,0.0,2.862,0.091,0.1327,5,0.3488,516,0.8845,1,1080,-52.32,1,1080,-52.32,1,1080,-52.32,1,1112,-66.16,0.641,79.38,5,452529
80.0,0,1,fallback,1.0,6.1,-9.9,48.8,1523,42.7,22.88,2394,0.636,0.444,0.106,-0.0804,6,0.3339,46,0.852,1,545,6.1,1,545,6.1,1,545,6.1,1,615,-1.53,0.8682,89.24,6,453723
80.0,0,-1,confirm,1.0,-45.72,-61.72,35.06,1413,80.78,45.72,2408,0.587,2.532,0.134,-0.1415,7,0.2323,4,0.8052,1,181,-21.34,1,181,-21.34,1,181,-21.34,1,380,-12.19,0.844,42.5,6,456117
80.0,0,1,fallback,1.0,3.03,-12.97,47.03,1601,44.0,15.17,2381,0.672,0.789,0.09,0.0573,7,0.5983,368,0.9002,1,926,3.03,1,926,3.03,1,926,3.03,1,926,3.03,0.4702,81.06,7,458525
80.0,0,-1,confirm,1.0,21.23,5.23,62.19,1282,40.95,10.62,1742,0.736,0.929,0.153,0.0271,8,0.277,1662,0.9578,1,40,10.62,1,40,10.62,1,973,18.2,1,1038,16.68,0.2903,43.79,8,460906
80.0,0,1,confirm,1.0,15.2,-0.8,57.76,3078,42.56,51.68,3809,0.808,0.666,0.112,0.1883,9,0.275,2771,0.9171,1,2044,6.08,1,2169,-3.04,1,3369,41.04,1,2279,-1.52,0.2436,41.21,8,462648
80.0,0,-1,confirm,1.0,-65.26,-81.26,16.69,100,81.95,65.26,1294,0.077,1.795,0.144,0.4045,9,0.4093,26,0.9414,1,144,-47.05,1,144,-47.05,1,144,-47.05,1,919,-54.64,0.4312,42.32,9,466457
80.0,0,1,fallback,1.0,-22.62,-38.62,18.09,307,40.71,22.62,1270,0.242,1.893,0.077,-0.0534,10,0.1895,6,0.7681,1,180,4.52,1,180,4.52,0,-1,,1,352,9.05,0.4879,82.09,9,467751
80.0,0,-1,confirm,1.0,13.6,-2.4,54.41,641,40.8,3.02,1029,0.623,0.487,0.187,0.2244,10,0.2702,535,0.9074,1,259,13.6,1,259,13.6,1,1029,13.6,0,-1,,0.3187,40.64,10,469021
80.0,0,1,confirm,1.0,12.11,-3.89,52.97,16,40.86,-0.0,119,0.134,5.998,0.165,0.2001,10,0.2136,31,0.8887,0,-1,,0,-1,,0,-1,,0,-1,,0.4851,41.03,10,470050
80.0,0,-1,confirm,1.0,-63.48,-79.48,18.14,645,81.62,63.48,2350,0.274,1.168,0.094,0.1933,10,0.4635,1165,0.9169,1,1709,7.56,1,1709,7.56,1,1709,7.56,1,1751,7.56,0.428,40.64,10,470169
80.0,0,1,fallback,1.0,30.04,14.04,70.59,1433,40.55,16.52,1850,0.775,1.476,0.057,-0.1794,11,0.443,295,0.8825,1,956,28.54,1,956,28.54,1,956,28.54,1,990,40.55,0.7721,81.77,11,472519
80.0,0,-1,confirm,1.0,64.39,48.39,106.32,1188,41.93,20.96,1343,0.885,1.747,0.119,0.076,12,0.2422,128,0.7357,1,649,7.49,1,649,7.49,1,649,7.49,1,726,7.49,0.5053,40.27,11,474369
80.0,0,1,confirm,1.0,93.44,77.44,134.14,2120,40.69,49.74,2222,0.954,2.175,0.178,0.2681,12,0.2891,2132,0.8679,1,387,-49.74,1,1532,28.64,1,1532,28.64,1,1615,25.62,0.0686,42.38,12,475712
80.0,0,-1,confirm,1.0,20.9,4.9,62.71,2823,41.81,50.77,3008,0.938,2.307,0.125,0.1972,13,0.1972,2823,0.7559,0,-1,,0,-1,,0,-1,,0,-1,,0.4775,40.15,12,477934
80.0,0,1,confirm,1.0,-56.86,-72.86,23.94,23,80.8,56.86,780,0.029,0.905,0.028,-0.0576,13,0.0976,681,0.6223,1,742,-37.41,0,-1,,0,-1,,0,-1,,0.5204,42.07,13,480942
80.0,0,-1,fallback,1.0,-37.62,-53.62,3.01,14,40.63,37.62,140,0.1,1.556,0.054,0.0707,13,0.0894,6,0.5555,1,91,-34.61,0,-1,,0,-1,,0,-1,,0.6055,80.61,13,481722
80.0,0,1,confirm,1.0,0.0,-16.0,40.48,155,40.48,1.5,299,0.518,1.463,0.056,0.0247,13,0.1424,234,0.4539,0,-1,,0,-1,,0,-1,,0,-1,,0.3571,40.64,13,481862
80.0,0,-1,confirm,1.0,-43.48,-59.48,37.48,505,80.96,43.48,2196,0.23,1.124,0.087,0.0078,14,0.0831,535,0.6284,1,567,32.98,0,-1,,0,-1,,0,-1,,0.2753,40.32,13,482161
80.0,0,1,fallback,1.0,-31.35,-47.35,10.45,426,41.8,31.35,582,0.732,1.239,0.059,0.0906,14,0.0908,420,0.5316,1,129,2.99,0,-1,,0,-1,,0,-1,,0.0577,81.26,14,484357
80.0,0,-1,confirm,1.0,-74.87,-90.87,7.49,37,82.36,74.87,907,0.041,2.315,0.05,0.1829,14,0.2537,419,0.7498,1,600,-40.43,1,600,-40.43,1,600,-40.43,1,753,-37.44,0.4257,41.75,14,484939
80.0,0,1,fallback,1.0,-7.43,-23.43,32.7,320,40.13,7.43,468,0.684,0.749,0.127,-0.0015,15,0.054,0,0.6372,1,21,-2.97,0,-1,,0,-1,,0,-1,,0.7228,82.42,14,485846
80.0,0,-1,confirm,1.0,-80.32,-96.32,1.49,2,81.81,80.32,558,0.004,0.577,0.046,0.0747,15,0.0882,55,0.6326,1,86,-22.31,0,-1,,0,-1,,0,-1,,0.2898,40.0,15,486314
80.0,0,1,fallback,1.0,-36.89,-52.89,5.9,46,42.79,36.89,149,0.309,1.246,0.154,0.0516,15,0.1198,103,0.5669,1,71,-14.76,0,-1,,0,-1,,0,-1,,0.6085,81.82,15,486872
80.0,0,-1,confirm,1.0,11.85,-4.15,51.84,1114,39.99,37.03,1268,0.879,1.058,0.103,0.0521,15,0.1806,584,0.6044,1,467,-22.22,1,912,26.66,0,-1,,0,-1,,0.147,42.77,15,487021
80.0,0,1,confirm,1.0,-63.76,-79.76,16.31,892,80.07,63.76,1378,0.647,2.048,0.064,0.1583,15,0.2432,466,0.7813,1,976,-17.79,1,976,-17.79,1,976,-17.79,0,-1,,0.5936,40.2,15,488289
80.0,0,-1,fallback,1.0,-83.57,-99.57,-0.0,0,83.57,83.57,1030,0.0,0.898,0.075,-0.0364,16,0.2721,915,0.8169,1,159,-34.32,0,-1,,0,-1,,0,-1,,0.6047,79.94,16,489667
80.0,0,1,fallback,1.0,-14.8,-30.8,26.64,484,41.44,14.8,795,0.609,0.602,0.108,0.3201,16,0.3284,410,0.8677,0,-1,,0,-1,,0,-1,,0,-1,,0.1322,83.57,16,490697
80.0,0,-1,confirm,1.0,19.27,3.27,59.29,441,40.02,7.41,613,0.719,1.847,0.145,0.2286,16,0.2791,307,0.8298,0,-1,,0,-1,,0,-1,,0,-1,,0.5119,41.33,16,491492
80.0,0,1,confirm,1.0,-83.16,-99.16,1.49,6,84.65,83.16,1147,0.005,0.437,0.037,-0.1093,16,0.1023,307,0.8767,1,268,-34.16,1,504,-23.76,0,-1,,1,644,-37.13,0.2662,40.26,16,492105
80.0,0,-1,fallback,1.0,-11.98,-27.98,28.45,175,40.43,19.47,254,0.689,0.814,0.134,0.1692,17,0.2475,14,0.5285,0,-1,,0,-1,,0,-1,,0,-1,,0.089,84.63,17,493252
80.0,0,1,confirm,1.0,1.5,-14.5,41.88,1401,40.38,43.37,1647,0.851,0.856,0.141,0.0847,17,0.2692,1262,0.916,1,1602,13.46,1,1602,13.46,1,1602,13.46,0,-1,,0.1999,40.55,17,493506
80.0,0,-1,confirm,1.0,-56.83,-72.83,23.93,218,80.75,56.83,1212,0.18,0.828,0.106,-0.219,17,0.1719,621,0.7079,1,699,-11.96,1,699,-11.96,0,-1,,1,859,-25.42,0.3095,40.21,17,495153
80.0,0,1,fallback,1.0,13.38,-2.62,55.02,2280,41.64,7.43,2375,0.96,0.862,0.084,0.1123,18,0.3809,9,0.8802,1,320,4.46,1,320,4.46,1,320,4.46,1,320,4.46,0.5151,80.95,17,496365
80.0,0,-1,confirm,1.0,-54.95,-70.95,26.73,1112,81.68,54.95,1880,0.591,0.971,0.037,-0.2795,18,0.1948,1735,0.8676,1,547,7.43,1,547,7.43,0,-1,,1,598,4.46,0.4147,41.41,18,498740
80.0,0,1,fallback,1.0,-41.35,-57.35,0.0,0,41.35,41.35,391,0.0,3.835,0.146,0.1432,19,0.264,375,0.6875,0,-1,,0,-1,,0,-1,,0,-1,,0.2302,81.89,19,500620
80.0,0,-1,confirm,1.0,32.63,16.63,72.67,4259,40.04,57.84,5109,0.834,0.786,0.15,0.1297,20,0.3064,2866,0.8067,1,1905,-23.73,1,1905,-23.73,1,3371,-11.86,1,2126,-16.31,0.6323,41.35,19,501011
80.0,0,1,confirm,1.0,99.69,83.69,141.35,2074,41.66,4.46,2541,0.816,3.89,0.188,0.1029,21,0.4321,960,0.9738,1,1325,34.22,1,1325,34.22,1,1325,34.22,1,1375,28.27,0.0468,40.33,20,506120
80.0,0,-1,confirm,1.0,113.44,97.44,153.21,3681,39.78,8.84,3846,0.957,1.305,0.131,0.3717,22,0.3916,3684,0.8972,1,140,5.89,1,140,5.89,0,-1,,1,779,11.79,0.2267,41.08,21,508661
80.0,0,1,confirm,1.0,4.47,-11.53,46.19,3185,41.72,29.8,3288,0.969,0.867,0.077,0.302,23,0.3986,3068,0.9406,1,580,-7.45,1,580,-7.45,1,2286,7.45,1,658,-1.49,0.7219,40.39,22,512507
80.0,0,-1,confirm,1.0,46.17,30.17,89.37,3559,43.19,0.0,3600,0.989,2.861,0.065,0.2436,0,0.453,2072,0.8409,1,1545,37.24,1,1545,37.24,1,2553,47.66,0,-1,,0.6892,41.53,23,515795
80.0,0,1,confirm,1.0,-73.32,-89.32,7.48,16,80.8,73.32,394,0.041,2.095,0.05,-0.126,0,0.0504,165,0.6503,1,221,-44.89,0,-1,,0,-1,,0,-1,,0.4845,43.58,0,519395
80.0,0,-1,fallback,1.0,58.79,42.79,100.99,620,42.21,0.0,681,0.91,0.349,0.117,0.4224,0,0.4382,586,0.8046,0,-1,,0,-1,,0,-1,,0,-1,,0.4969,80.74,0,519789
80.0,0,1,confirm,1.0,-90.98,-106.98,0.0,0,90.98,90.98,885,0.0,0.298,0.034,-0.3851,0,-0.1742,774,0.7244,0,-1,,0,-1,,0,-1,,0,-1,,0.2793,42.64,0,520470
80.0,0,-1,fallback,1.0,-35.2,-51.2,6.12,8,41.32,35.2,742,0.011,4.145,0.06,0.3075,0,0.3996,5,0.8462,0,-1,,0,-1,,0,-1,,0,-1,,0.0973,90.98,0,521355
80.0,0,1,confirm,1.0,32.02,16.02,74.72,2008,42.7,27.45,2500,0.803,1.478,0.104,-0.032,1,-0.0113,1831,0.8025,0,-1,,0,-1,,0,-1,,0,-1,,0.1724,41.34,1,522097
80.0,0,-1,confirm,1.0,-3.04,-19.04,38.0,3315,41.04,44.08,3730,0.889,3.138,0.108,0.2849,2,0.4485,730,0.841,1,315,-41.04,1,315,-41.04,1,1252,-42.56,1,1597,-34.96,0.3091,42.38,1,524597
80.0,0,1,confirm,1.0,3.04,-12.96,44.07,1891,41.03,24.31,2747,0.688,0.84,0.089,0.0993,3,0.3382,1651,0.8595,1,336,-18.23,1,336,-18.23,1,336,-18.23,1,420,-19.75,0.4732,41.2,2,528327
80.0,0,-1,confirm,1.0,-57.72,-73.72,22.79,200,80.51,57.72,2354,0.085,0.729,0.091,0.1898,3,0.338,463,0.9307,1,630,-1.52,1,630,-1.52,1,630,-1.52,1,790,-9.11,0.2763,40.85,3,531074
80.0,0,1,fallback,1.0,-42.29,-58.29,1.51,3,43.8,42.29,1265,0.002,2.878,0.102,-0.0917,4,0.3592,476,0.9681,1,577,-19.63,1,577,-19.63,1,577,-19.63,1,1065,-34.74,0.1524,80.69,4,533428
80.0,0,-1,confirm,1.0,-87.97,-103.97,6.07,22,94.04,87.97,149,0.148,0.539,0.2,0.0526,4,0.2255,55,0.3956,1,99,-21.23,1,99,-21.23,1,99,-21.23,1,107,-37.92,0.4531,43.79,4,534693
80.0,0,1,fallback,1.0,78.18,62.18,118.78,401,40.6,25.56,526,0.762,0.897,0.206,0.2581,4,0.3817,14,0.6015,0,-1,,0,-1,,0,-1,,0,-1,,0.147,94.1,4,534842
80.0,0,-1,confirm,1.0,5.97,-10.03,47.74,1638,41.77,56.69,1861,0.88,1.02,0.11,0.0723,5,0.1044,1603,0.9239,1,1289,-8.95,1,1703,31.33,0,-1,,1,1763,32.82,0.5244,40.12,4,535368
80.0,0,1,confirm,1.0,19.41,3.41,59.71,1266,40.3,4.48,1753,0.722,2.342,0.133,0.0328,5,0.4742,669,0.9342,1,36,16.42,1,36,16.42,1,36,16.42,1,36,16.42,0.4222,41.97,5,537229
80.0,0,-1,confirm,1.0,31.29,15.29,73.0,6370,41.72,52.15,6550,0.973,5.173,0.194,0.4314,7,0.5691,6308,0.9468,1,123,-7.45,1,123,-7.45,1,3779,-28.31,1,123,-7.45,0.378,40.07,5,538982
80.0,0,1,confirm,1.0,-71.74,-87.74,8.97,835,80.71,71.74,2334,0.358,0.714,0.123,0.1532,7,0.2776,909,0.9475,1,613,0.0,1,613,0.0,1,613,0.0,1,2038,-37.36,0.3335,42.02,7,545532
80.0,0,-1,fallback,1.0,-37.63,-53.63,3.01,10,40.64,37.63,882,0.011,2.395,0.116,0.22,8,0.2456,47,0.6838,1,529,-18.06,1,529,-18.06,1,529,-18.06,1,593,-25.59,0.1693,80.63,8,547866
80.0,0,1,confirm,1.0,-58.49,-74.49,22.5,3345,80.98,58.49,4051,0.826,0.325,0.143,0.4702,9,0.5694,3424,0.9847,1,687,-10.5,1,687,-10.5,1,687,-10.5,1,948,-3.0,0.1602,40.66,8,548748
80.0,0,-1,fallback,1.0,-0.0,-16.0,42.24,2156,42.24,1.51,4749,0.454,0.147,0.057,0.1927,10,0.4129,2019,0.9216,1,1846,4.53,1,1846,4.53,1,1846,4.53,1,1846,4.53,0.472,80.8,9,552799
80.0,0,1,confirm,1.0,-51.29,-67.29,30.17,230,81.46,51.29,1741,0.132,1.985,0.126,0.3444,10,0.4032,97,0.9304,1,783,-18.1,1,783,-18.1,1,783,-18.1,1,824,-15.09,0.1035,42.42,10,557548
80.0,0,-1,fallback,1.0,-34.87,-50.87,7.58,24,42.46,34.87,2211,0.011,1.193,0.128,0.3445,11,0.444,1127,0.9689,1,168,-19.71,1,168,-19.71,1,168,-19.71,1,254,-15.16,0.4601,81.22,11,559289
80.0,0,1,confirm,1.0,10.58,-5.42,51.38,566,40.8,13.6,1501,0.377,0.307,0.101,0.1178,12,0.3783,19,0.6291,1,716,31.73,1,716,31.73,1,716,31.73,1,905,15.11,0.6085,42.49,11,561500
80.0,0,-1,confirm,1.0,3.02,-12.98,45.28,1361,42.26,15.09,2190,0.621,2.5,0.085,0.4928,12,0.5073,1356,0.9764,1,2190,3.02,1,2190,3.02,1,2190,3.02,0,-1,,0.3916,40.59,12,563001
80.0,0,1,confirm,1.0,-57.38,-73.38,22.65,351,80.02,57.38,1184,0.296,0.397,0.107,-0.0994,13,0.044,140,0.4807,0,-1,,0,-1,,0,-1,,0,-1,,0.6088,42.46,12,565191
80.0,0,-1,confirm,1.0,-7.59,-23.59,33.41,666,41.0,18.22,773,0.862,1.778,0.085,0.0349,13,0.7518,4,0.72,1,599,19.74,1,599,19.74,1,599,19.74,0,-1,,0.4165,79.84,13,566375
80.0,0,1,confirm,1.0,6.07,-9.93,48.56,1202,42.49,45.52,1335,0.9,0.607,0.092,0.3233,13,0.3973,1057,0.7231,0,-1,,0,-1,,0,-1,,0,-1,,0.2719,41.14,13,567148
80.0,0,-1,confirm,1.0,9.1,-6.9,54.6,608,45.5,15.17,844,0.72,3.596,0.084,0.1968,14,0.2152,623,0.6224,1,842,22.75,1,842,22.75,1,842,22.75,0,-1,,0.4426,42.28,13,568483
80.0,0,1,confirm,1.0,-81.97,-97.97,0.0,0,81.97,81.97,373,0.0,2.797,0.033,0.0285,14,0.0501,17,0.5862,1,104,-37.95,0,-1,,0,-1,,0,-1,,0.4379,45.75,14,569327
80.0,0,-1,fallback,1.0,41.32,25.32,87.24,403,45.91,18.37,474,0.85,0.957,0.117,0.1832,14,0.2786,240,0.6364,0,-1,,0,-1,,0,-1,,0,-1,,0.5862,81.97,14,569700
80.0,0,1,confirm,1.0,-52.25,-68.25,27.66,206,79.91,52.25,434,0.475,0.712,0.001,-0.0984,14,0.0267,376,0.6757,0,-1,,0,-1,,0,-1,,0,-1,,0.3235,46.32,14,570174
80.0,0,-1,confirm,1.0,-26.26,-42.26,13.9,19,40.17,26.26,136,0.14,1.224,0.065,0.0237,14,0.0243,20,0.3235,0,-1,,0,-1,,0,-1,,0,-1,,0.2069,79.69,14,570608
80.0,0,1,confirm,1.0,-64.71,-80.71,15.41,101,80.12,64.71,818,0.123,1.457,0.012,0.0535,14,0.1071,28,0.6093,1,51,-4.62,1,51,-4.62,0,-1,,1,158,-10.79,0.1727,40.22,14,570744
80.0,0,-1,fallback,1.0,-32.57,-48.57,7.75,117,40.32,32.57,285,0.411,1.407,0.083,0.1711,14,0.2247,38,0.4463,0,-1,,0,-1,,0,-1,,0,-1,,0.321,80.0,14,571562
80.0,0,1,confirm,1.0,49.47,33.47,94.3,1409,44.83,4.64,1915,0.736,1.954,0.08,0.0877,15,0.2521,1227,0.9475,1,1535,80.38,1,1535,80.38,1,1535,80.38,1,1728,68.02,0.0911,40.35,14,571847
80.0,0,-1,confirm,1.0,43.07,27.07,84.6,934,41.53,0.0,1048,0.891,0.39,0.07,-0.1114,15,0.3228,44,0.7822,1,409,46.15,1,409,46.15,1,409,46.15,1,435,47.68,0.5136,44.41,15,573762
80.0,0,1,confirm,1.0,-69.52,-85.52,10.81,153,80.33,69.52,1020,0.15,0.743,0.046,-0.0319,15,0.238,839,0.8159,1,47,-15.45,1,575,-21.63,0,-1,,0,-1,,0.4042,41.89,15,574810
80.0,0,-1,fallback,1.0,4.67,-11.33,45.12,562,40.45,34.23,887,0.634,2.712,0.094,0.2061,16,0.2803,437,0.8136,0,-1,,0,-1,,0,-1,,0,-1,,0.139,80.25,15,575830
80.0,0,1,confirm,1.0,-31.13,-47.13,20.23,1478,51.36,65.37,1571,0.941,1.154,0.082,-0.0023,16,0.0965,1565,0.6943,0,-1,,0,-1,,0,-1,,0,-1,,0.3729,40.63,16,576717
80.0,0,-1,confirm,1.0,37.47,21.47,78.06,133,40.59,3.12,178,0.747,1.926,0.098,-0.0168,16,0.0321,8,0.1871,0,-1,,0,-1,,0,-1,,0,-1,,0.17,51.26,16,578288
80.0,0,1,confirm,1.0,40.75,24.75,81.49,268,40.75,3.13,365,0.734,0.582,0.01,0.0216,16,0.039,327,0.761,0,-1,,0,-1,,0,-1,,0,-1,,0.0241,40.91,16,578466
80.0,0,-1,confirm,1.0,-46.82,-62.82,34.34,463,81.16,46.82,1018,0.455,0.451,0.06,-0.2202,16,0.0021,102,0.3719,0,-1,,0,-1,,0,-1,,0,-1,,0.6873,40.42,16,578831
80.0,0,1,fallback,1.0,-18.64,-34.64,24.86,30,43.5,18.64,384,0.078,1.706,0.15,0.3681,17,0.4273,65,0.6403,0,-1,,0,-1,,0,-1,,0,-1,,0.0101,81.44,17,579849
80.0,0,-1,confirm,1.0,-80.93,-96.93,1.56,1,82.49,80.93,382,0.003,0.287,0.026,-0.0441,17,0.2239,201,0.9207,0,-1,,0,-1,,0,-1,,0,-1,,0.558,43.39,17,580233
80.0,0,1,fallback,1.0,12.35,-3.65,55.58,207,43.23,7.72,516,0.401,2.269,0.178,0.3543,17,0.4771,465,0.8435,0,-1,,0,-1,,0,-1,,0,-1,,0.3014,82.5,17,580615
80.0,0,-1,confirm,1.0,-52.43,-68.43,29.3,2308,81.73,52.43,3196,0.722,1.382,0.048,-0.1595,18,0.3586,1315,0.9568,1,898,-33.92,1,898,-33.92,1,1810,-10.79,1,898,-33.92,0.6093,42.99,17,581131
80.0,0,1,fallback,1.0,9.2,-6.8,50.62,81,41.42,-0.0,271,0.299,2.216,0.155,0.2887,18,0.4198,205,0.9022,0,-1,,0,-1,,0,-1,,0,-1,,0.3746,81.97,18,584327
80.0,0,-1,confirm,1.0,-47.51,-63.51,38.31,218,85.82,47.51,4070,0.054,0.292,0.008,-0.3487,18,0.3771,1748,0.8876,1,524,12.26,1,810,-15.33,1,2186,-9.2,1,810,-15.33,0.027,41.21,18,584598
80.0,0,1,fallback,1.0,-27.46,-43.46,13.73,68,41.18,27.46,501,0.136,1.658,0.154,0.0661,19,0.1861,330,0.7757,1,89,12.2,0,-1,,0,-1,,0,-1,,0.589,86.15,19,588668
80.0,0,-1,confirm,1.0,1.53,-14.47,50.47,545,48.94,0.0,635,0.858,2.42,0.127,0.192,19,0.2657,587,0.8842,1,371,24.47,0,-1,,0,-1,,0,-1,,0.3492,41.13,19,589169
80.0,0,1,confirm,1.0,0.0,-16.0,41.3,406,41.3,1.53,750,0.541,0.729,0.131,0.1397,19,0.3856,541,0.8052,0,-1,,0,-1,,0,-1,,0,-1,,0.647,49.19,19,589804
80.0,0,-1,confirm,1.0,36.71,20.71,78.02,7280,41.3,50.48,7978,0.913,1.784,0.044,-0.1173,22,0.4465,6559,0.9534,1,360,-12.24,1,2294,-18.36,1,3455,-41.3,1,2569,-39.77,0.7233,41.13,20,590554
80.0,0,1,confirm,1.0,-46.06,-62.06,33.78,326,79.84,46.06,2587,0.126,0.965,0.205,-0.0015,22,0.4899,21,0.9575,1,244,7.68,1,244,7.68,1,244,7.68,1,383,19.96,0.062,41.63,22,598532
80.0,0,-1,confirm,1.0,-30.85,-46.85,10.8,180,41.65,30.85,598,0.301,0.442,0.097,-0.0365,23,0.1257,265,0.7381,1,293,-13.88,1,293,-13.88,0,-1,,1,293,-13.88,0.2353,79.57,22,601119
80.0,0,1,confirm,1.0,-12.3,-28.3,29.22,3427,41.52,52.28,4243,0.808,2.166,0.106,0.4344,0,0.5155,3586,0.9555,1,295,-23.07,1,295,-23.07,1,295,-23.07,1,1230,-15.38,0.738,41.69,23,601717
80.0,0,-1,confirm,1.0,30.79,14.79,70.82,1487,40.03,26.17,1793,0.829,4.149,0.167,0.3059,0,0.3059,1487,0.8361,1,362,-9.24,1,362,-9.24,1,362,-9.24,1,394,-4.62,0.5225,41.4,0,605960
80.0,0,1,confirm,1.0,40.15,24.15,81.85,942,41.7,12.36,1084,0.869,0.502,0.122,0.2444,1,0.3862,491,0.8856,1,969,72.59,1,969,72.59,1,969,72.59,1,1055,52.51,0.7984,40.32,0,607753
80.0,0,-1,confirm,1.0,76.91,60.91,116.91,5996,39.99,46.15,7050,0.85,0.935,0.062,0.1561,2,0.3439,5620,0.9637,1,485,-18.46,1,485,-18.46,1,485,-18.46,1,485,-18.46,0.78,41.36,1,608837
80.0,0,1,confirm,1.0,13.95,-2.05,54.26,1478,40.3,6.2,1652,0.895,1.206,0.197,0.0636,3,0.405,32,0.918,1,373,6.2,1,373,6.2,1,373,6.2,1,653,-3.1,0.7785,40.47,3,615887
80.0,0,-1,confirm,1.0,65.02,49.02,105.26,6432,40.25,21.67,7040,0.914,2.36,0.154,0.0944,5,0.6101,5592,0.9516,1,1024,9.29,1,1024,9.29,1,1708,9.29,1,1708,9.29,0.5445,40.09,3,617539
80.0,0,1,confirm,1.0,51.42,35.42,91.93,7731,40.51,54.53,8373,0.923,1.988,0.12,0.2127,7,0.4024,6683,0.9553,1,367,-9.35,1,367,-9.35,1,367,-9.35,1,468,-14.02,0.1188,40.68,5,624579
80.0,0,-1,confirm,1.0,127.11,111.11,167.42,3560,40.3,20.15,3814,0.933,0.836,0.09,0.2084,8,0.395,1273,0.9281,1,338,-17.05,1,663,-0.0,1,1608,52.71,0,-1,,0.5441,40.14,7,632952
80.0,0,1,confirm,1.0,-83.22,-99.22,9.42,1064,92.64,83.22,1681,0.633,1.082,0.038,0.2719,9,0.4262,351,0.8063,1,1395,-45.53,1,1395,-45.53,1,1395,-45.53,1,1583,-34.54,0.0122,40.99,8,636766
80.0,0,-1,fallback,1.0,-33.25,-49.25,7.92,57,41.17,33.25,384,0.148,3.767,0.182,0.2681,9,0.2783,51,0.8018,0,-1,,0,-1,,0,-1,,0,-1,,0.0916,92.55,9,638447
80.0,0,1,confirm,1.0,15.78,-0.22,56.81,693,41.03,3.16,1191,0.582,0.688,0.104,0.0736,9,0.2969,897,0.9064,1,183,17.36,1,731,52.08,1,731,52.08,1,1159,28.4,0.3926,41.2,9,638831
80.0,0,-1,confirm,1.0,31.51,15.51,72.48,4673,40.96,50.42,4724,0.989,4.811,0.142,0.3067,11,0.7628,3486,0.9618,1,560,-29.94,1,560,-29.94,0,-1,,1,813,-28.36,0.9064,40.8,9,640022
80.0,0,1,confirm,1.0,6.32,-9.68,47.42,1023,41.09,49.0,1150,0.89,1.22,0.078,-0.318,11,-0.2272,26,0.3149,0,-1,,0,-1,,0,-1,,0,-1,,0.3381,41.26,11,644746
80.0,0,-1,confirm,1.0,-44.23,-60.23,36.33,33,80.56,44.23,1373,0.024,3.657,0.062,0.4222,11,0.4528,27,0.7487,1,1315,-31.59,1,1315,-31.59,1,1315,-31.59,1,1315,-31.59,0.1613,40.9,11,645896
80.0,0,1,fallback,1.0,-36.17,-52.17,4.72,242,40.89,36.17,824,0.294,0.532,0.09,0.1684,11,0.3058,506,0.7726,0,-1,,0,-1,,0,-1,,0,-1,,0.5298,80.85,11,647269
80.0,0,-1,confirm,1.0,-85.23,-101.23,7.89,38,93.12,85.23,1718,0.022,0.801,0.148,-0.0283,12,0.0904,1434,0.8189,1,187,-11.05,0,-1,,0,-1,,0,-1,,0.1036,40.87,12,648093
80.0,0,1,fallback,1.0,42.25,26.25,87.64,17,45.38,-0.0,38,0.447,7.671,0.331,-0.0241,12,0.0411,1,0.0249,0,-1,,0,-1,,0,-1,,0,-1,,0.7054,93.19,12,649811
80.0,0,-1,confirm,1.0,-68.57,-84.57,21.82,71,90.38,68.57,154,0.461,1.807,0.115,-0.0049,12,0.0457,2,0.0555,0,-1,,0,-1,,0,-1,,0,-1,,0.0552,44.99,12,649849
80.0,0,1,fallback,1.0,-35.6,-51.6,4.64,2,40.24,35.6,87,0.023,0.776,0.207,-0.0008,12,0.0398,82,0.3633,0,-1,,0,-1,,0,-1,,0,-1,,0.1253,90.58,12,650003
80.0,0,-1,confirm,1.0,17.09,1.09,57.47,1714,40.39,17.09,2801,0.612,0.499,0.127,-0.3945,13,0.2706,1982,0.8052,1,1066,6.21,1,1066,6.21,1,2068,26.41,1,1066,6.21,0.1007,40.22,12,650090
80.0,0,1,confirm,1.0,54.46,38.46,94.91,613,40.45,18.67,637,0.962,2.094,0.147,0.0805,13,0.2753,0,0.9149,1,209,-6.22,1,209,-6.22,1,209,-6.22,1,218,-9.34,0.3082,40.62,13,652891
80.0,0,-1,confirm,1.0,-80.47,-96.47,1.55,97,82.02,80.47,312,0.311,0.839,0.076,-0.0728,13,-0.0408,0,0.2298,0,-1,,0,-1,,0,-1,,0,-1,,0.03,40.07,13,653528
80.0,0,1,fallback,1.0,18.42,2.42,59.87,707,41.45,23.03,825,0.857,0.864,0.093,0.2699,13,0.3063,780,0.6429,0,-1,,0,-1,,0,-1,,0,-1,,0.0546,82.03,13,653840
80.0,0,-1,confirm,1.0,22.98,6.98,62.83,669,39.84,4.6,751,0.891,0.731,0.09,0.1673,14,0.1943,731,0.8728,0,-1,,0,-1,,0,-1,,0,-1,,0.16,41.2,13,654665
80.0,0,1,confirm,1.0,-55.29,-71.29,26.11,364,81.4,55.29,1039,0.35,1.518,0.049,-0.0733,14,0.1251,556,0.8416,1,605,-16.89,1,605,-16.89,0,-1,,1,606,-18.43,0.5472,40.09,14,655416
80.0,0,-1,fallback,1.0,-26.25,-42.25,15.44,44,41.7,26.25,169,0.26,1.817,0.112,0.1603,14,0.318,1,0.4884,0,-1,,0,-1,,0,-1,,0,-1,,0.5689,81.19,14,656455
80.0,0,1,confirm,1.0,-4.62,-20.62,38.51,77,43.13,4.62,481,0.16,1.268,0.059,-0.0034,14,0.2518,433,0.8589,0,-1,,0,-1,,0,-1,,0,-1,,0.4301,41.76,14,656624
80.0,0,-1,confirm,1.0,3.08,-12.92,44.69,366,41.61,21.57,552,0.663,1.37,0.116,-0.0626,14,0.0434,70,0.5952,0,-1,,0,-1,,0,-1,,0,-1,,0.6946,42.96,14,657105
80.0,0,1,confirm,1.0,3.08,-12.92,44.7,63,41.62,-0.0,235,0.268,1.646,0.087,0.2953,14,0.3628,143,0.6818,0,-1,,0,-1,,0,-1,,0,-1,,0.3472,41.8,14,657657
80.0,0,-1,confirm,1.0,4.62,-11.38,44.69,759,40.07,13.87,831,0.913,1.003,0.093,0.0858,14,0.1333,469,0.8468,1,626,-6.16,1,626,-6.16,0,-1,,0,-1,,0.4138,41.44,14,657892
80.0,0,1,confirm,1.0,30.84,14.84,72.46,179,41.63,-0.0,356,0.503,1.276,0.103,0.1757,15,0.1856,164,0.7159,0,-1,,0,-1,,0,-1,,0,-1,,0.082,40.25,14,658723
80.0,0,-1,confirm,1.0,32.28,16.28,75.32,413,43.04,1.54,535,0.772,1.4,0.149,0.0191,15,0.055,357,0.6408,1,366,50.72,0,-1,,0,-1,,0,-1,,0.1448,41.33,15,659079
80.0,0,1,confirm,1.0,44.72,28.72,89.44,1053,44.72,44.72,1526,0.69,1.867,0.107,0.014,15,0.3162,407,0.7307,1,907,72.47,1,907,72.47,1,907,72.47,0,-1,,0.3631,43.36,15,659614
80.0,0,-1,confirm,1.0,-72.15,-88.15,9.21,139,81.36,72.15,444,0.313,0.922,0.069,-0.1608,15,-0.067,4,0.7326,0,-1,,0,-1,,0,-1,,0,-1,,0.4966,44.32,15,661140
80.0,0,1,fallback,1.0,-53.35,-69.35,0.0,0,53.35,53.35,66,0.0,1.259,0.064,0.2666,15,0.2773,45,0.5075,0,-1,,0,-1,,0,-1,,0,-1,,0.4199,81.44,15,661584
80.0,0,-1,confirm,1.0,16.86,0.86,73.55,90,56.7,1.53,164,0.549,1.849,0.067,-0.1505,15,-0.0699,103,0.1582,0,-1,,0,-1,,0,-1,,0,-1,,0.4082,53.35,15,661650
80.0,0,1,confirm,1.0,47.58,31.58,89.03,249,41.44,44.51,335,0.743,1.914,0.05,0.1371,15,0.1448,267,0.6642,0,-1,,0,-1,,0,-1,,0,-1,,0.0953,57.12,15,661814
80.0,0,-1,confirm,1.0,-0.0,-16.0,41.25,610,41.25,10.69,686,0.889,0.741,0.067,-0.102,16,-0.0123,554,0.892,0,-1,,0,-1,,0,-1,,0,-1,,0.2916,41.08,15,662149
80.0,0,1,confirm,1.0,-79.44,-95.44,0.0,0,79.44,79.44,1023,0.0,2.327,0.01,0.1176,16,0.1745,469,0.8406,1,550,-36.66,1,550,-36.66,0,-1,,1,618,-48.88,0.5938,41.42,16,662835
80.0,0,-1,confirm,1.0,-3.08,-19.08,36.96,85,40.04,3.08,165,0.515,3.808,0.131,0.0115,16,0.041,83,0.865,0,-1,,0,-1,,0,-1,,0,-1,,0.2461,79.44,16,663858
80.0,0,1,confirm,1.0,-56.96,-72.96,24.63,631,81.59,56.96,1160,0.544,0.805,0.042,-0.0707,16,0.2553,913,0.8239,1,246,-6.16,1,246,-6.16,0,-1,,1,288,-15.39,0.1428,40.19,16,664023
80.0,0,-1,fallback,1.0,13.93,-2.07,54.19,257,40.25,1.55,358,0.718,1.737,0.181,-0.0034,16,0.0675,133,0.3838,1,150,29.42,0,-1,,0,-1,,0,-1,,0.7642,81.39,16,665183
80.0,0,1,confirm,1.0,31.01,15.01,71.32,664,40.31,4.65,1021,0.65,1.899,0.124,0.3311,17,0.4034,571,0.9403,0,-1,,0,-1,,0,-1,,0,-1,,0.1188,40.47,16,665541
80.0,0,-1,confirm,1.0,-0.0,-16.0,40.19,209,40.19,4.64,553,0.378,0.87,0.126,-0.0993,17,-0.0449,338,0.6812,0,-1,,0,-1,,0,-1,,0,-1,,0.1375,40.02,17,666562
80.0,0,1,confirm,1.0,-80.37,-96.37,0.0,0,80.37,80.37,651,0.0,1.047,0.003,0.1707,17,0.3562,145,0.7757,1,418,-15.46,1,418,-15.46,1,418,-15.46,1,429,-15.46,0.5005,40.35,17,667115
80.0,0,-1,fallback,1.0,43.63,27.63,84.14,784,40.51,1.56,1016,0.772,0.806,0.068,0.0509,17,0.3778,176,0.9017,1,664,49.86,1,664,49.86,1,664,49.86,0,-1,,0.1354,80.37,17,667766
80.0,0,1,confirm,1.0,4.69,-11.31,53.21,215,48.51,7.82,242,0.888,0.831,0.097,0.209,17,0.2094,213,0.7807,0,-1,,0,-1,,0,-1,,0,-1,,0.1388,40.85,17,668782
80.0,0,-1,confirm,1.0,39.11,23.11,79.77,3359,40.67,45.36,3524,0.953,0.249,0.078,0.0533,18,0.2373,1783,0.9133,1,1982,6.26,1,1982,6.26,1,1982,6.26,1,1982,6.26,0.6918,48.26,17,669024
80.0,0,1,confirm,1.0,1.57,-14.43,42.4,1178,40.83,47.11,1376,0.856,1.481,0.037,-0.0173,19,0.1629,670,0.81,1,643,23.56,1,900,23.56,0,-1,,1,1285,26.7,0.0295,41.0,18,672548
80.0,0,-1,confirm,1.0,-0.0,-16.0,40.82,712,40.82,4.71,809,0.88,1.021,0.074,0.2263,19,0.4074,359,0.8455,0,-1,,0,-1,,0,-1,,0,-1,,0.0754,40.66,19,673924
80.0,0,1,confirm,1.0,-47.1,-63.1,32.97,814,80.08,47.1,2156,0.378,0.768,0.077,0.0893,19,0.1748,608,0.7787,1,905,21.98,1,905,21.98,0,-1,,1,1169,10.99,0.3668,40.99,19,674733
80.0,0,-1,confirm,1.0,-12.62,-28.62,28.4,483,41.02,37.86,668,0.723,1.272,0.131,0.088,20,0.0901,487,0.8821,1,452,6.31,0,-1,,0,-1,,0,-1,,0.3695,79.81,20,676889
80.0,0,1,confirm,1.0,-50.42,-66.42,29.94,907,80.35,50.42,3157,0.287,0.401,0.085,0.077,20,0.3014,427,0.8929,1,231,-12.6,1,231,-12.6,1,558,-25.21,1,1333,18.91,0.8821,41.13,20,677557
80.0,0,-1,fallback,1.0,33.25,17.25,74.43,382,41.17,0.0,701,0.545,0.911,0.204,0.3118,21,0.4217,241,0.8192,0,-1,,0,-1,,0,-1,,0,-1,,0.2597,80.11,21,680714
80.0,0,1,confirm,1.0,-58.79,-74.79,33.37,959,92.15,58.79,2016,0.476,0.852,0.042,-0.1536,21,0.1627,1977,0.9401,1,1229,9.53,1,2015,-44.49,0,-1,,0,-1,,0.2146,41.48,21,681415
80.0,0,-1,fallback,1.0,-4.79,-20.79,35.16,233,39.96,23.97,388,0.601,0.65,0.181,0.2568,21,0.2971,35,0.6059,0,-1,,0,-1,,0,-1,,0,-1,,0.5315,91.84,21,683431
80.0,0,1,confirm,1.0,33.55,17.55,75.08,2811,41.53,36.74,3069,0.916,1.837,0.105,0.234,22,0.2572,2764,0.9084,1,753,0.0,1,1003,-7.99,1,1003,-7.99,1,1231,-23.96,0.3978,40.1,21,683819
80.0,0,-1,confirm,1.0,-0.0,-16.0,55.72,1705,55.72,15.92,1890,0.902,0.647,0.148,0.3458,23,0.3953,1641,0.9188,1,375,-3.18,1,375,-3.18,1,865,14.33,1,893,12.74,0.0992,41.22,22,686888
80.0,0,1,confirm,1.0,106.67,90.67,148.07,3490,41.39,6.37,4772,0.731,4.735,0.128,0.1696,0,0.4482,2407,0.9907,1,988,62.09,1,988,62.09,1,988,62.09,1,1105,49.36,0.006,56.04,23,688778
80.0,0,-1,confirm,1.0,-81.92,-97.92,1.58,8,83.49,81.92,1557,0.005,0.733,0.08,0.0735,0,0.2862,341,0.9667,1,462,-34.66,1,462,-34.66,1,462,-34.66,1,476,-37.81,0.1964,40.79,0,693550
80.0,0,1,fallback,1.0,134.37,118.37,176.56,2225,42.19,10.94,2405,0.925,3.185,0.275,0.2832,1,0.5254,2,0.939,1,1121,45.31,1,1121,45.31,1,1121,45.31,1,1870,26.56,0.2846,83.5,1,695107
80.0,0,-1,confirm,1.0,35.46,19.46,75.55,2959,40.09,46.25,4286,0.69,0.716,0.101,0.1332,2,0.4384,2591,0.9473,1,906,-10.79,1,3125,46.25,1,3125,46.25,1,3402,41.63,0.4185,41.46,1,697512
80.0,0,1,confirm,1.0,88.19,72.19,129.97,3688,41.78,46.42,3868,0.953,0.587,0.147,0.3906,3,0.6176,3548,0.9674,1,586,-35.59,1,586,-35.59,1,586,-35.59,1,596,-35.59,0.4497,40.39,2,701798
80.0,0,-1,confirm,1.0,19.94,3.94,59.82,7609,39.88,23.01,7845,0.97,0.986,0.102,0.1224,6,0.4805,2117,0.9643,1,543,21.47,1,543,21.47,1,884,-0.0,1,1392,-0.0,0.0134,41.24,4,705666
80.0,0,1,confirm,1.0,13.83,-2.17,55.33,1493,41.49,-0.0,2403,0.621,1.264,0.046,0.0071,6,0.3037,2019,0.9084,1,1154,38.42,1,1154,38.42,1,1154,38.42,1,1402,44.57,0.2133,40.12,6,713511
80.0,0,-1,confirm,1.0,-0.0,-16.0,39.9,1289,39.9,3.07,2292,0.562,1.16,0.069,-0.0817,7,0.2609,245,0.9582,1,396,3.07,1,396,3.07,1,396,3.07,1,396,3.07,0.6297,41.27,6,715914
80.0,0,1,confirm,1.0,12.28,-3.72,56.78,3522,44.51,59.85,5424,0.649,3.22,0.147,0.0551,8,0.5921,186,0.9912,1,775,-39.9,1,775,-39.9,1,775,-39.9,1,2337,-6.14,0.8211,40.06,7,718206
80.0,0,-1,confirm,1.0,-45.98,-61.98,35.25,1295,81.24,45.98,3062,0.423,0.9,0.084,0.3497,9,0.5385,907,0.9431,1,1695,10.73,1,1695,10.73,1,1695,10.73,1,1868,-4.6,0.3104,44.25,9,723630
80.0,0,1,fallback,1.0,-38.14,-54.14,3.05,67,41.2,38.14,1577,0.042,4.451,0.064,-0.1456,9,0.5084,1303,0.9033,1,31,-10.68,1,31,-10.68,0,-1,,1,36,-12.21,0.5237,81.53,9,726692
80.0,0,-1,confirm,1.0,-113.34,-129.34,-0.0,0,113.34,113.34,5625,0.0,1.327,0.107,-0.0069,10,0.3924,4192,0.9395,1,215,-27.57,1,688,-24.51,1,985,-36.76,1,1054,-32.16,0.1141,41.18,10,728269
80.0,0,1,fallback,1.0,-28.77,-44.77,13.63,2,42.4,28.77,531,0.004,6.878,0.292,0.2751,11,0.4174,0,0.7302,1,275,-16.66,1,275,-16.66,1,275,-16.66,0,-1,,0.9177,113.34,11,733894
80.0,0,-1,confirm,1.0,92.65,76.65,132.14,1359,39.49,4.56,1418,0.958,5.236,0.202,0.2592,12,0.3383,1305,0.9622,1,585,30.38,1,585,30.38,1,585,30.38,1,595,27.34,0.3799,42.35,12,734425
80.0,0,1,confirm,1.0,-1.53,-17.53,39.86,3383,41.39,47.52,3643,0.929,2.673,0.146,0.2734,13,0.3651,1400,0.9333,1,770,-19.93,1,770,-19.93,1,770,-19.93,1,2238,-9.2,0.2589,40.02,12,735843
80.0,0,-1,confirm,1.0,-61.33,-77.33,24.53,472,85.86,61.33,1231,0.383,1.016,0.103,-0.0853,13,0.1358,357,0.8782,1,392,6.13,1,392,6.13,0,-1,,1,438,12.27,0.7038,41.23,13,739486
80.0,0,1,fallback,1.0,-24.38,-40.38,16.76,309,41.15,24.38,725,0.426,1.942,0.104,0.1949,13,0.2991,361,0.7172,1,39,-1.52,1,39,-1.52,0,-1,,0,-1,,0.3463,86.07,13,740717
80.0,0,-1,confirm,1.0,32.08,16.08,71.8,1313,39.72,16.8,1486,0.884,1.326,0.123,0.35,14,0.351,1315,0.814,1,766,21.39,0,-1,,0,-1,,0,-1,,0.3746,41.08,13,741442
80.0,0,1,confirm,1.0,38.31,22.31,79.69,1783,41.38,22.99,2041,0.874,1.46,0.061,0.0996,14,0.341,427,0.8001,1,1291,52.11,1,1291,52.11,1,1291,52.11,1,1360,47.51,0.7783,40.01,14,742928
80.0,0,-1,confirm,1.0,36.64,20.64,76.34,332,39.69,1.53,691,0.48,2.103,0.213,0.1146,15,0.2547,429,0.6738,0,-1,,0,-1,,0,-1,,0,-1,,0.7688,41.05,14,744969
80.0,0,1,confirm,1.0,50.57,34.57,91.94,1691,41.37,-0.0,2163,0.782,3.149,0.049,0.1069,15,0.278,570,0.7764,1,948,65.89,1,948,65.89,1,948,65.89,1,1100,70.49,0.3448,40.0,15,745660
80.0,0,-1,confirm,1.0,-3.05,-19.05,42.69,2898,45.74,32.02,3033,0.955,0.702,0.098,-0.1228,16,0.3792,2288,0.97,1,735,13.72,1,735,13.72,1,735,13.72,1,2888,27.44,0.7641,41.0,15,747823
80.0,0,1,confirm,1.0,-56.39,-72.39,24.39,250,80.78,56.39,1757,0.142,1.341,0.11,0.315,16,0.5646,1611,0.9347,1,781,-18.29,1,781,-18.29,1,781,-18.29,1,849,-10.67,0.154,45.93,16,750856
80.0,0,-1,fallback,1.0,-35.25,-51.25,6.13,22,41.39,35.25,412,0.053,2.632,0.124,-0.2111,17,-0.0621,131,0.7252,0,-1,,0,-1,,0,-1,,0,-1,,0.5607,80.58,17,752613
80.0,0,1,confirm,1.0,152.74,136.74,193.98,1532,41.24,64.15,1576,0.972,0.813,0.188,0.166,17,0.4923,1105,0.9926,1,37,-4.58,1,37,-4.58,0,-1,,1,310,-56.51,0.298,41.41,17,753025
80.0,0,-1,confirm,1.0,-82.74,-98.74,6.02,51,88.76,82.74,762,0.067,0.616,0.149,-0.1189,17,0.206,612,0.7877,1,695,-52.66,1,695,-52.66,1,695,-52.66,1,695,-52.66,0.3739,40.46,17,754601
80.0,0,1,fallback,1.0,-16.41,-32.41,23.87,32,40.29,16.41,266,0.12,3.7,0.118,0.3518,17,0.3671,0,0.797,0,-1,,0,-1,,0,-1,,0,-1,,0.5933,88.82,17,755363
80.0,0,-1,confirm,1.0,-4.48,-20.48,40.35,2344,44.84,58.29,3005,0.78,0.446,0.039,0.1483,18,0.3073,2243,0.8513,1,2384,32.88,1,2384,32.88,1,2384,32.88,1,2403,26.9,0.5403,40.19,17,755629
80.0,0,1,confirm,1.0,25.4,9.4,65.73,2826,40.33,50.79,3172,0.891,4.574,0.111,0.2697,19,0.3712,1588,0.9067,1,236,8.96,1,236,8.96,1,236,8.96,1,2288,14.94,0.3656,45.02,18,758634
80.0,0,-1,confirm,1.0,71.52,55.52,111.76,3943,40.23,5.96,5119,0.77,0.968,0.099,-0.0844,20,0.2926,3076,0.9376,1,1889,26.82,1,3004,37.25,1,3004,37.25,1,3004,37.25,0.4952,40.07,19,761806
80.0,0,1,confirm,1.0,30.02,14.02,70.54,700,40.52,1.5,3442,0.203,3.725,0.246,0.3726,21,0.4961,2216,0.9743,1,1423,48.03,1,1423,48.03,1,1423,48.03,1,1557,45.02,0.4579,40.69,21,766925
80.0,0,-1,confirm,1.0,16.46,0.46,56.86,12525,40.4,46.39,14439,0.867,3.039,0.156,0.1833,1,0.5879,3092,0.9844,1,66,-22.45,1,1444,-22.45,1,3460,-19.45,1,1651,-22.45,0.5788,40.24,21,770367
80.0,0,1,confirm,1.0,28.48,12.48,68.94,633,40.47,6.0,1084,0.584,4.134,0.225,0.3861,2,0.3905,629,0.9638,1,163,6.0,1,163,6.0,1,163,6.0,1,287,1.5,0.4117,40.63,2,784806
80.0,0,-1,confirm,1.0,-5.98,-21.98,34.37,4043,40.35,58.29,4410,0.917,1.438,0.15,0.6232,3,0.64,4180,0.9766,1,238,-22.42,1,238,-22.42,1,3224,-20.92,1,265,-23.91,0.7994,40.19,2,785890
80.0,0,1,confirm,1.0,1.49,-14.51,43.32,3702,41.82,17.92,5452,0.679,1.352,0.087,0.3033,4,0.5411,3043,0.9794,1,1397,5.97,1,1566,7.47,1,3828,26.89,1,1566,7.47,0.9496,40.49,3,790300
80.0,0,-1,confirm,1.0,110.51,94.51,150.84,5773,40.32,7.47,6943,0.831,0.565,0.205,0.3394,6,0.6281,232,0.9702,1,906,14.93,1,906,14.93,1,906,14.93,1,918,11.95,0.6251,41.64,5,795752
80.0,0,1,confirm,1.0,84.57,68.57,125.34,4995,40.77,16.61,6475,0.771,4.983,0.171,0.1851,8,0.4403,4197,0.9967,1,295,6.04,1,1241,9.06,1,1241,9.06,1,1903,9.06,0.3872,40.94,6,802695
80.0,0,-1,confirm,1.0,-88.35,-104.35,1.5,7,89.85,88.35,2687,0.003,1.121,0.073,0.397,8,0.397,7,0.9685,1,499,-16.47,1,499,-16.47,1,499,-16.47,1,781,-23.96,0.1694,40.27,8,809170
80.0,0,1,fallback,1.0,-23.75,-39.75,16.33,108,40.08,23.75,857,0.126,3.472,0.103,-0.4889,9,-0.1973,7,0.4359,0,-1,,0,-1,,0,-1,,0,-1,,0.7323,89.86,9,811857
80.0,0,-1,confirm,1.0,50.59,34.59,90.76,2504,40.17,25.29,2993,0.837,1.537,0.198,0.2703,10,0.5521,1408,0.9543,1,753,-8.93,1,753,-8.93,1,753,-8.93,0,-1,,0.6758,40.01,9,812714
80.0,0,1,confirm,1.0,-47.85,-63.85,34.4,4216,82.25,47.85,10536,0.4,0.424,0.123,0.0957,11,0.5228,9433,0.9771,1,515,-17.95,1,515,-17.95,1,515,-17.95,1,525,-22.43,0.1152,40.54,10,815707
80.0,0,-1,fallback,1.0,-37.57,-53.57,3.01,30,40.57,37.57,293,0.102,2.403,0.162,0.1216,13,0.1292,77,0.5182,1,151,-24.04,1,151,-24.04,0,-1,,0,-1,,0.6223,81.97,13,826243
80.0,0,1,confirm,1.0,-50.9,-66.9,31.44,293,82.34,50.9,425,0.689,0.518,0.086,0.0669,13,0.0854,289,0.716,1,404,-34.43,0,-1,,0,-1,,0,-1,,0.3171,40.58,13,826536
80.0,0,-1,fallback,1.0,-30.09,-46.09,12.04,36,42.13,30.09,157,0.229,1.675,0.053,0.0808,13,0.103,33,0.5747,1,117,-16.55,1,117,-16.55,0,-1,,0,-1,,0.0092,82.08,13,826961
80.0,0,1,confirm,1.0,21.0,5.0,61.51,942,40.5,21.0,1621,0.581,1.582,0.072,0.0052,14,0.1845,498,0.7664,1,694,-15.0,1,694,-15.0,0,-1,,0,-1,,0.4184,42.18,13,827118
80.0,0,-1,confirm,1.0,-67.37,-83.37,13.47,637,80.84,67.37,1115,0.571,1.153,0.024,-0.1838,14,0.1188,892,0.7789,1,1108,-62.87,1,1108,-62.87,0,-1,,0,-1,,0.2836,40.26,14,828739
80.0,0,1,fallback,1.0,1.49,-14.51,44.61,500,43.12,26.77,746,0.67,0.541,0.09,0.2829,14,0.2864,542,0.7527,1,271,11.9,0,-1,,0,-1,,0,-1,,0.1885,80.95,14,829854
80.0,0,-1,confirm,1.0,-60.96,-76.96,22.3,382,83.26,60.96,566,0.675,0.583,0.109,0.0233,14,0.065,519,0.8646,1,483,-17.84,0,-1,,0,-1,,0,-1,,0.5348,42.93,14,830600
80.0,0,1,fallback,1.0,20.69,4.69,63.54,573,42.86,2.96,642,0.893,0.603,0.127,0.2329,15,0.245,81,0.6578,0,-1,,0,-1,,0,-1,,0,-1,,0.3299,83.45,14,831166
80.0,0,-1,confirm,1.0,-60.46,-76.46,20.65,43,81.11,60.46,147,0.293,5.26,0.021,0.1472,15,0.3192,61,0.6778,0,-1,,0,-1,,0,-1,,0,-1,,0.4077,42.58,15,831808
80.0,0,1,fallback,1.0,46.91,30.91,87.95,549,41.04,10.26,794,0.691,0.43,0.147,0.1077,15,0.306,669,0.6249,0,-1,,0,-1,,0,-1,,0,-1,,0.379,81.28,15,831955
80.0,0,-1,confirm,1.0,46.69,30.69,94.84,955,48.15,4.38,981,0.973,4.127,0.148,0.584,15,0.5857,957,0.9158,0,-1,,0,-1,,0,-1,,0,-1,,0.0349,40.69,15,832749
80.0,0,1,confirm,1.0,-73.29,-89.29,7.33,32,80.62,73.29,379,0.084,1.619,0.05,-0.476,15,-0.3752,264,0.4443,0,-1,,0,-1,,0,-1,,0,-1,,0.7798,48.61,15,833730
80.0,0,-1,fallback,1.0,8.86,-7.14,51.68,449,42.82,19.2,683,0.657,0.913,0.101,0.1863,15,0.4289,83,0.7746,1,197,-5.91,1,197,-5.91,1,197,-5.91,0,-1,,0.1346,80.56,15,834109
80.0,0,1,confirm,1.0,-78.33,-94.33,1.48,3,79.81,78.33,581,0.005,0.339,0.013,0.0174,15,0.0594,149,0.7718,1,191,-42.86,0,-1,,0,-1,,0,-1,,0.7735,43.05,15,834792
80.0,0,-1,confirm,1.0,-34.26,-50.26,5.96,9,40.22,34.26,71,0.127,2.469,0.132,0.1797,16,0.2147,32,0.677,0,-1,,0,-1,,0,-1,,0,-1,,0.3585,79.8,16,835373
80.0,0,1,confirm,1.0,29.69,13.69,71.26,697,41.57,10.39,890,0.783,0.879,0.128,0.1707,16,0.1836,810,0.6478,0,-1,,0,-1,,0,-1,,0,-1,,0.6031,40.24,16,835444
80.0,0,-1,confirm,1.0,-60.69,-76.69,22.2,129,82.89,60.69,1303,0.099,1.233,0.01,-0.0443,16,0.0805,407,0.8032,1,433,-7.4,0,-1,,0,-1,,0,-1,,0.5256,41.27,16,836334
80.0,0,1,fallback,1.0,-44.14,-60.14,0.0,0,44.14,44.14,113,0.0,1.367,0.119,0.4149,16,0.4155,1,0.5051,0,-1,,0,-1,,0,-1,,0,-1,,0.6799,83.07,16,837637
80.0,0,-1,confirm,1.0,-76.84,-92.84,7.39,74,84.23,76.84,1416,0.052,0.276,0.015,-0.2599,16,-0.0699,1291,0.8306,0,-1,,0,-1,,0,-1,,0,-1,,0.5011,44.14,16,837750
80.0,0,1,fallback,1.0,-39.6,-55.6,1.47,1,41.06,39.6,295,0.003,3.243,0.108,0.3864,17,0.387,0,0.8306,0,-1,,0,-1,,0,-1,,0,-1,,0.0493,84.29,17,839166
80.0,0,-1,confirm,1.0,42.7,26.7,83.92,752,41.22,5.89,1151,0.653,0.861,0.145,-0.2705,17,0.2324,309,0.9233,1,374,22.08,1,374,22.08,1,374,22.08,1,664,54.48,0.8273,41.06,17,839461
80.0,0,1,confirm,1.0,-69.5,-85.5,10.35,454,79.85,69.5,2231,0.203,0.295,0.103,0.1274,17,0.3094,271,0.9489,1,726,-20.7,1,726,-20.7,1,726,-20.7,1,726,-20.7,0.2129,41.57,17,840612
80.0,0,-1,confirm,1.0,-17.87,-33.87,22.33,31,40.2,17.87,223,0.139,4.177,0.126,0.2771,18,0.2881,23,0.7026,0,-1,,0,-1,,0,-1,,0,-1,,0.4918,79.76,18,842843
80.0,0,1,confirm,1.0,-52.02,-68.02,28.24,1799,80.26,52.02,5741,0.313,0.659,0.124,0.1822,18,0.4158,3297,0.9537,1,510,-25.27,1,510,-25.27,1,510,-25.27,1,646,-31.21,0.4816,40.29,18,843066
80.0,0,-1,fallback,1.0,20.92,4.92,61.26,957,40.34,2.99,2650,0.361,8.195,0.072,0.5357,20,0.6118,1539,0.9185,1,844,23.91,1,844,23.91,1,844,23.91,0,-1,,0.1593,80.04,19,848807
80.0,0,1,confirm,1.0,65.88,49.88,107.8,19347,41.92,49.41,20688,0.935,1.389,0.056,0.16,1,0.6969,16331,0.9978,1,220,-11.98,1,220,-11.98,1,3008,7.49,1,675,1.5,0.6702,40.59,20,851457
80.0,0,-1,confirm,1.0,50.57,34.57,90.73,12972,40.16,8.92,15386,0.843,3.472,0.137,0.0185,5,0.7212,4044,0.9928,1,283,2.97,1,283,2.97,1,2670,32.72,1,480,4.46,0.5614,41.48,2,872145
80.0,0,1,confirm,1.0,170.43,154.43,212.29,25791,41.86,1.49,26065,0.989,8.765,0.224,0.7088,13,0.7367,25747,0.9951,1,600,4.48,1,600,4.48,1,600,4.48,1,600,4.48,0.5702,40.53,6,887531
80.0,0,-1,confirm,1.0,-57.33,-73.33,23.52,532,80.85,57.33,1885,0.282,0.189,0.097,-0.1678,13,0.0974,465,0.7745,1,513,20.58,0,-1,,0,-1,,0,-1,,0.757,40.99,13,913596
80.0,0,1,fallback,1.0,-39.46,-55.46,1.46,4,40.92,39.46,221,0.018,0.886,0.135,0.3183,14,0.3513,94,0.8629,0,-1,,0,-1,,0,-1,,0,-1,,0.5031,81.04,14,915481
80.0,0,-1,confirm,1.0,-74.83,-90.83,5.87,1271,80.7,74.83,4649,0.273,0.913,0.095,-0.2634,14,-0.0249,4460,0.8412,0,-1,,0,-1,,0,-1,,0,-1,,0.8405,40.92,14,915702
80.0,0,1,fallback,1.0,-34.95,-50.95,7.28,150,42.24,34.95,305,0.492,3.232,0.102,0.352,15,0.3967,216,0.9116,0,-1,,0,-1,,0,-1,,0,-1,,0.0437,80.75,15,920351
80.0,0,-1,confirm,1.0,33.62,17.62,80.39,3075,46.77,32.15,3702,0.831,0.968,0.028,-0.0385,16,0.5724,2682,0.964,1,702,-17.54,1,702,-17.54,1,702,-17.54,1,1050,-0.0,0.5632,42.21,15,920656
80.0,0,1,confirm,1.0,-13.2,-29.2,27.86,7008,41.06,52.79,7450,0.941,1.566,0.083,0.0435,18,0.3273,2545,0.9644,1,214,-43.99,1,214,-43.99,1,214,-43.99,1,965,-32.26,0.3837,47.15,16,924358
80.0,0,-1,confirm,1.0,-74.89,-90.89,10.28,1669,85.17,74.89,10274,0.162,1.783,0.048,-0.0747,19,0.4481,4199,0.9654,1,662,-4.41,1,662,-4.41,1,662,-4.41,1,858,-11.75,0.1306,40.95,18,931808
80.0,0,1,fallback,1.0,53.93,37.93,96.2,43,42.27,5.83,51,0.843,7.563,0.313,0.5393,21,0.5393,43,0.5683,0,-1,,0,-1,,0,-1,,0,-1,,0.0741,85.26,21,942082
80.0,0,-1,confirm,1.0,-73.93,-89.93,7.25,2,81.18,73.93,201,0.01,7.89,0.172,-0.4606,21,-0.4168,200,0.2499,0,-1,,0,-1,,0,-1,,0,-1,,0.5683,41.87,21,942133
80.0,0,1,fallback,1.0,-28.78,-44.78,11.51,154,40.29,28.78,298,0.517,0.354,0.173,0.3943,21,0.4194,4,0.559,0,-1,,0,-1,,0,-1,,0,-1,,0.4629,81.24,21,942334
80.0,0,-1,confirm,1.0,15.88,-0.12,56.29,934,40.41,34.64,2475,0.377,1.236,0.16,0.0077,22,0.1367,1187,0.9331,1,1278,37.52,1,1278,37.52,0,-1,,1,1520,38.97,0.3511,40.25,21,942632
80.0,0,1,confirm,1.0,-72.28,-88.28,7.23,83,79.5,72.28,8426,0.01,1.272,0.095,0.3312,22,0.5134,7712,0.9873,1,1374,-37.58,1,1374,-37.58,1,1374,-37.58,1,1712,-41.92,0.3464,40.64,22,945107
80.0,0,-1,confirm,1.0,-40.77,-56.77,5.82,690,46.59,40.77,1467,0.47,4.013,0.047,0.2422,1,0.649,838,0.9898,1,184,-2.91,1,184,-2.91,1,1262,-27.66,1,184,-2.91,0.8005,79.45,0,953533
80.0,0,1,confirm,1.0,-60.9,-76.9,20.3,539,81.21,60.9,12523,0.043,0.664,0.139,0.1839,1,0.4498,3165,0.9918,1,1268,-5.8,1,1268,-5.8,1,1268,-5.8,1,3909,2.9,0.9795,46.62,1,955000
80.0,0,-1,fallback,1.0,33.56,17.56,75.87,2741,42.31,7.3,3471,0.79,4.124,0.205,0.4625,5,0.4723,2723,0.9575,1,1464,-4.38,1,1464,-4.38,1,1464,-4.38,1,1575,-5.84,0.4144,81.04,4,967523
80.0,0,1,confirm,1.0,-57.09,-73.09,27.81,1712,84.91,57.09,12907,0.133,1.877,0.11,0.0581,6,0.6883,7497,0.9922,1,40,4.39,1,596,2.93,1,1965,16.1,1,624,1.46,0.4751,42.63,5,970994
80.0,0,-1,fallback,1.0,-42.7,-58.7,-0.0,0,42.7,42.7,754,0.0,2.531,0.163,0.3336,9,0.5101,105,0.8394,1,749,-36.81,1,749,-36.81,1,749,-36.81,0,-1,,0.2401,84.67,9,983901
80.0,0,1,confirm,1.0,4.4,-11.6,45.45,3195,41.05,7.33,4768,0.67,1.078,0.101,-0.166,10,0.3761,394,0.9743,1,655,32.25,1,655,32.25,1,655,32.25,1,883,27.86,0.4652,42.7,9,984655
80.0,0,-1,confirm,1.0,64.48,48.48,105.51,10139,41.03,16.12,10434,0.972,0.982,0.05,0.1727,13,0.5243,6433,0.9695,1,206,-8.79,1,206,-8.79,1,206,-8.79,1,242,-8.79,0.1709,40.86,10,989423
80.0,0,1,confirm,1.0,-75.22,-91.22,4.42,2324,79.65,75.22,3019,0.77,2.145,0.102,-0.155,14,0.3768,515,0.9285,1,880,-8.85,1,880,-8.85,1,880,-8.85,1,1103,-19.17,0.8132,41.47,13,999857
80.0,0,-1,confirm,1.0,10.4,-5.6,50.53,437,40.12,4.46,1135,0.385,1.21,0.136,0.0059,14,0.2776,236,0.7359,1,396,41.61,1,396,41.61,1,396,41.61,1,663,26.75,0.0282,79.61,14,1002876
80.0,0,1,confirm,1.0,38.68,22.68,80.33,5492,41.65,5.95,7310,0.751,1.293,0.085,0.1967,16,0.4879,5784,0.9887,1,134,0.0,1,134,0.0,1,2975,38.68,1,1056,29.75,0.0942,40.33,14,1004011
80.0,0,-1,confirm,1.0,1.48,-14.52,41.49,5253,40.01,38.53,8086,0.65,2.612,0.153,0.223,18,0.5963,3507,0.9618,1,614,-22.23,1,614,-22.23,1,614,-22.23,1,629,-22.23,0.0689,41.32,16,1011321
80.0,0,1,confirm,1.0,-1.48,-17.48,41.5,1423,42.98,1.48,3489,0.408,2.53,0.074,0.1208,19,0.3701,571,0.9557,1,763,22.23,1,763,22.23,1,763,22.23,1,1259,25.2,0.5817,40.18,19,1019407
80.0,0,-1,confirm,1.0,-83.01,-99.01,1.48,8,84.49,83.01,1618,0.005,1.759,0.095,0.2189,20,0.2195,9,0.9238,1,86,-4.45,1,86,-4.45,1,86,-4.45,1,86,-4.45,0.7587,42.8,20,1022896
80.0,0,1,fallback,1.0,-33.81,-49.81,7.35,67,41.16,33.81,1464,0.046,1.67,0.197,0.3202,20,0.4974,0,0.9882,1,601,-14.7,1,601,-14.7,1,601,-14.7,1,1376,-24.99,0.1972,84.51,20,1024514
80.0,0,-1,confirm,1.0,-81.13,-97.13,-0.0,0,81.13,81.13,971,0.0,2.212,0.124,0.1826,20,0.1826,0,0.9613,1,55,-8.85,1,55,-8.85,0,-1,,1,571,-14.75,0.1505,41.13,20,1025978
80.0,0,1,fallback,1.0,127.3,111.3,168.28,641,40.97,2.93,720,0.89,0.896,0.169,0.2844,21,0.4652,1,0.7243,0,-1,,0,-1,,0,-1,,0,-1,,0.9613,81.13,21,1026949
80.0,0,-1,confirm,1.0,-59.24,-75.24,26.01,103,85.25,59.24,317,0.325,0.492,0.014,-0.0067,21,0.0088,138,0.6176,0,-1,,0,-1,,0,-1,,0,-1,,0.3321,40.29,21,1027669
80.0,0,1,fallback,1.0,-5.75,-21.75,34.47,132,40.22,5.75,211,0.626,1.147,0.075,0.051,21,0.0666,5,0.4707,1,204,11.49,0,-1,,0,-1,,0,-1,,0.5863,85.47,21,1027986
80.0,0,-1,confirm,1.0,-84.79,-100.79,1.44,1,86.23,84.79,236,0.004,0.429,0.029,-0.003,21,0.0027,11,0.3754,0,-1,,0,-1,,0,-1,,0,-1,,0.3374,40.08,21,1028197
80.0,0,1,fallback,1.0,-14.25,-30.25,27.08,17,41.33,14.25,76,0.224,3.292,0.142,0.2789,21,0.2842,18,0.5538,0,-1,,0,-1,,0,-1,,0,-1,,0.2429,86.24,21,1028433
80.0,0,-1,confirm,1.0,-65.65,-81.65,17.13,61,82.77,65.65,524,0.116,0.706,0.068,-0.2773,21,-0.0838,509,0.3674,0,-1,,0,-1,,0,-1,,0,-1,,0.531,41.22,21,1028509
80.0,0,1,fallback,1.0,-38.28,-54.28,2.84,131,41.12,38.28,230,0.57,0.561,0.094,0.1156,21,0.1949,4,0.64,0,-1,,0,-1,,0,-1,,0,-1,,0.116,82.92,21,1029033
80.0,0,-1,confirm,1.0,2.85,-13.15,44.12,380,41.28,29.89,443,0.858,2.296,0.11,0.3078,22,0.3078,380,0.8903,0,-1,,0,-1,,0,-1,,0,-1,,0.2063,41.11,21,1029263
80.0,0,1,confirm,1.0,-5.69,-21.69,38.44,116,44.13,5.69,217,0.535,1.344,0.032,-0.0476,22,-0.0475,157,0.485,0,-1,,0,-1,,0,-1,,0,-1,,0.2101,41.46,22,1029706
80.0,0,-1,confirm,1.0,28.49,12.49,69.8,286,41.31,0.0,347,0.824,0.881,0.078,0.1618,22,0.2022,135,0.6184,0,-1,,0,-1,,0,-1,,0,-1,,0.2673,43.97,22,1029923
80.0,0,1,confirm,1.0,11.43,-4.57,52.86,176,41.43,1.43,372,0.473,0.439,0.011,-0.2257,22,-0.091,371,0.5613,0,-1,,0,-1,,0,-1,,0,-1,,0.0224,41.6,22,1030270
80.0,0,-1,confirm,1.0,-58.5,-74.5,22.83,45,81.34,58.5,1124,0.04,0.411,0.006,0.105,22,0.1684,927,0.8389,1,735,-12.84,1,735,-12.84,0,-1,,0,-1,,0.229,41.21,22,1030642
80.0,0,1,fallback,1.0,-15.61,-31.61,25.54,501,41.14,32.63,1353,0.37,4.718,0.113,0.3778,22,0.4121,605,0.9494,1,1094,4.26,1,1094,4.26,1,1094,4.26,1,1095,4.26,0.4882,81.52,22,1031766
80.0,0,-1,confirm,1.0,-49.73,-65.73,31.26,392,80.99,49.73,1112,0.353,1.699,0.082,-0.1659,23,0.0121,0,0.7849,0,-1,,0,-1,,0,-1,,0,-1,,0.7883,41.04,22,1033119
80.0,0,1,fallback,1.0,-41.0,-57.0,0.0,0,41.0,41.0,207,0.0,0.602,0.113,0.3141,23,0.3588,201,0.6924,0,-1,,0,-1,,0,-1,,0,-1,,0.1286,81.24,23,1034231
80.0,0,-1,confirm,1.0,-78.08,-94.08,2.84,74,80.92,78.08,1665,0.044,0.484,0.06,-0.3723,23,0.3256,1248,0.8001,1,1313,-45.43,1,1313,-45.43,1,1313,-45.43,1,1392,-45.43,0.2996,41.0,23,1034438
80.0,0,1,fallback,1.0,22.54,6.54,63.39,735,40.85,9.86,970,0.758,0.813,0.127,0.2636,0,0.4523,69,0.9022,1,869,35.22,1,869,35.22,1,869,35.22,0,-1,,0.4919,80.94,23,1036103
80.0,0,-1,confirm,1.0,26.7,10.7,67.46,3641,40.76,80.11,3849,0.946,1.771,0.128,0.1269,1,0.3337,1641,0.9227,1,907,-56.22,1,907,-56.22,1,2376,21.08,1,987,-54.81,0.656,40.59,0,1037073
80.0,0,1,confirm,1.0,12.68,-3.32,53.55,2250,40.87,36.64,2754,0.817,0.438,0.153,0.3922,1,0.4385,2130,0.9185,1,1498,-14.09,1,1498,-14.09,1,2472,39.46,1,2491,36.64,0.4582,41.04,1,1040922
80.0,0,-1,confirm,1.0,-63.34,-79.34,18.3,415,81.63,63.34,1292,0.321,0.342,0.112,0.3011,2,0.5522,256,0.8784,1,814,-22.52,1,814,-22.52,1,814,-22.52,1,814,-22.52,0.4771,40.65,1,1043676
80.0,0,1,fallback,1.0,-29.37,-45.37,11.19,70,40.56,29.37,577,0.121,2.148,0.132,0.4214,2,0.5548,129,0.9059,0,-1,,0,-1,,0,-1,,0,-1,,0.2941,81.78,2,1044968
80.0,0,-1,confirm,1.0,12.62,-3.38,53.3,1928,40.68,14.03,2768,0.697,1.205,0.053,0.1406,2,0.3472,208,0.9003,1,45,-12.62,1,291,-1.4,1,291,-1.4,1,824,7.01,0.3322,40.51,2,1045545
80.0,0,1,confirm,1.0,1.4,-14.6,42.13,13051,40.73,54.78,13740,0.95,1.34,0.109,0.0626,6,0.5545,8115,0.9773,1,3335,-11.24,1,3335,-11.24,1,3335,-11.24,1,3335,-11.24,0.6251,40.9,3,1048313
80.0,0,-1,confirm,1.0,14.04,-1.96,54.77,9494,40.72,56.17,10191,0.932,1.496,0.165,0.3109,9,0.6264,7952,0.9748,1,336,-11.23,1,336,-11.23,1,336,-11.23,1,448,-14.04,0.3139,40.56,7,1062053
80.0,0,1,confirm,1.0,90.0,74.0,130.78,3840,40.78,4.22,4032,0.952,8.618,0.247,0.7577,10,0.8128,3838,0.9252,1,531,15.47,1,750,30.94,0,-1,,1,1048,42.19,0.3644,40.95,9,1072244
80.0,0,-1,confirm,1.0,-68.29,-84.29,12.54,315,80.84,68.29,1295,0.243,0.237,0.024,-0.3758,11,-0.0016,408,0.6532,0,-1,,0,-1,,0,-1,,0,-1,,0.8432,40.26,10,1076276
80.0,0,1,fallback,1.0,37.38,21.38,80.29,450,42.91,2.77,762,0.591,1.823,0.125,0.431,11,0.443,422,0.7364,0,-1,,0,-1,,0,-1,,0,-1,,0.3493,80.94,11,1077571
80.0,0,-1,confirm,1.0,-55.16,-71.16,26.2,2910,81.37,55.16,4209,0.691,1.889,0.098,-0.2365,12,0.1868,780,0.8201,1,591,-19.31,1,591,-19.31,0,-1,,1,605,-23.45,0.5006,42.57,11,1078333
80.0,0,1,fallback,1.0,139.9,123.9,181.05,2315,41.15,26.06,2511,0.922,1.063,0.203,0.2581,13,0.48,1456,0.8541,1,865,-8.23,1,865,-8.23,1,865,-8.23,0,-1,,0.0284,81.58,12,1082542
80.0,0,-1,confirm,1.0,24.35,8.35,64.93,989,40.58,33.82,1252,0.79,2.406,0.055,0.0943,13,0.168,1134,0.5827,1,482,-8.12,1,482,-8.12,0,-1,,0,-1,,0.2404,40.41,13,1085053
80.0,0,1,confirm,1.0,-65.08,-81.08,14.92,407,80.0,65.08,1048,0.388,1.024,0.05,0.0264,13,0.1215,833,0.8631,1,428,9.49,1,921,-25.76,0,-1,,0,-1,,0.4204,40.84,13,1086305
80.0,0,-1,confirm,1.0,-31.39,-47.39,9.55,506,40.94,42.31,743,0.681,0.826,0.054,-0.1926,14,0.0509,25,0.5864,1,47,-8.19,0,-1,,0,-1,,0,-1,,0.5832,79.88,14,1087353
80.0,0,1,confirm,1.0,14.97,-1.03,59.86,1101,44.9,13.61,1402,0.785,0.234,0.061,0.0149,14,0.2675,31,0.89,1,169,12.24,1,169,12.24,1,169,12.24,1,816,36.73,0.0544,40.98,14,1088096
80.0,0,-1,confirm,1.0,-81.51,-97.51,-0.0,0,81.51,81.51,2933,0.0,0.61,0.043,0.002,14,0.1181,931,0.6718,1,986,-28.53,1,986,-28.53,0,-1,,1,1387,-46.19,0.2195,44.63,14,1089498
80.0,0,1,fallback,1.0,-40.43,-56.43,2.7,295,43.12,40.43,334,0.883,3.442,0.085,0.1089,15,0.4174,0,0.5368,1,333,-29.65,1,333,-29.65,1,333,-29.65,0,-1,,0.1833,81.51,15,1092431
80.0,0,-1,confirm,1.0,-74.41,-90.41,8.12,106,82.53,74.41,354,0.299,0.67,0.036,0.046,15,0.1591,272,0.644,0,-1,,0,-1,,0,-1,,0,-1,,0.1247,43.11,15,1092765
80.0,0,1,fallback,1.0,158.47,142.47,200.11,2142,41.63,9.4,2307,0.928,0.797,0.19,0.3077,16,0.3465,2071,0.867,1,603,69.84,1,603,69.84,1,603,69.84,1,1115,99.38,0.219,82.6,15,1093119
80.0,0,-1,confirm,1.0,5.29,-10.71,47.59,122,42.31,2.64,332,0.367,0.758,0.008,-0.0768,16,0.0953,306,0.6027,0,-1,,0,-1,,0,-1,,0,-1,,0.0384,40.82,16,1095426
80.0,0,1,confirm,1.0,22.49,6.49,63.49,591,41.01,15.87,924,0.64,4.136,0.117,0.3577,16,0.403,869,0.8125,0,-1,,0,-1,,0,-1,,0,-1,,0.1047,42.51,16,1095758
80.0,0,-1,confirm,1.0,80.51,64.51,120.1,1544,39.59,39.59,1660,0.93,3.787,0.165,0.3016,17,0.312,1522,0.8826,1,842,23.76,1,842,23.76,1,842,23.76,1,1134,13.2,0.7367,40.75,16,1096682
80.0,0,1,confirm,1.0,-61.2,-77.2,18.63,695,79.83,61.2,1648,0.422,0.425,0.067,-0.221,17,0.0218,925,0.704,0,-1,,0,-1,,0,-1,,0,-1,,0.335,40.07,17,1098342
80.0,0,-1,confirm,1.0,-34.81,-50.81,6.69,10,41.5,34.81,172,0.058,1.234,0.063,0.465,17,0.4675,14,0.7467,0,-1,,0,-1,,0,-1,,0,-1,,0.704,79.68,17,1099990
80.0,0,1,confirm,1.0,56.03,40.03,97.39,3489,41.36,-0.0,4562,0.765,1.051,0.058,0.4733,18,0.547,3323,0.89,1,873,41.36,1,873,41.36,1,873,41.36,1,1080,46.69,0.5744,41.53,17,1100162
80.0,0,-1,confirm,1.0,-53.06,-69.06,27.86,484,80.92,53.06,1421,0.341,1.644,0.14,0.2799,19,0.2952,440,0.871,1,983,-29.19,1,983,-29.19,1,983,-29.19,1,1081,-39.8,0.2159,40.96,18,1104724
80.0,0,1,fallback,1.0,-44.87,-60.87,2.64,3,47.51,44.87,146,0.021,2.148,0.076,0.4132,19,0.4303,7,0.9489,0,-1,,0,-1,,0,-1,,0,-1,,0.4279,81.15,19,1106145
80.0,0,-1,confirm,1.0,71.58,55.58,111.35,110,39.77,0.0,137,0.803,4.241,0.265,0.2843,19,0.2904,136,0.7528,0,-1,,0,-1,,0,-1,,0,-1,,0.9489,47.49,19,1106291
80.0,0,1,confirm,1.0,41.39,25.39,86.78,1484,45.39,26.7,1652,0.898,1.048,0.11,0.3019,19,0.4004,1293,0.8388,0,-1,,0,-1,,0,-1,,0,-1,,0.6831,40.21,19,1106428
80.0,0,-1,confirm,1.0,30.58,14.58,70.47,4780,39.89,33.24,5037,0.949,2.252,0.058,0.1018,21,0.3351,3886,0.895,1,720,-6.65,1,720,-6.65,1,720,-6.65,1,1003,-19.94,0.6156,45.0,19,1108080
80.0,0,1,confirm,1.0,-74.69,-90.69,5.33,3,80.02,74.69,1165,0.003,1.508,0.021,-0.2334,21,-0.0395,741,0.9333,0,-1,,0,-1,,0,-1,,0,-1,,0.1601,40.17,21,1113117
80.0,0,-1,fallback,1.0,64.5,48.5,106.15,3686,41.66,30.91,3780,0.975,0.7,0.136,0.5501,22,0.6487,3302,0.9044,1,657,-30.91,1,657,-30.91,1,657,-30.91,1,1150,-16.12,0.0107,79.98,21,1114282
80.0,0,1,confirm,1.0,20.29,4.29,60.86,7726,40.57,39.22,8463,0.913,1.689,0.129,0.2764,0,0.4348,6161,0.9473,1,3619,-22.99,1,3619,-22.99,1,5375,-6.76,1,4028,-18.93,0.4364,42.1,22,1118062
80.0,0,-1,confirm,1.0,136.32,120.32,176.81,5676,40.49,33.74,6121,0.927,1.234,0.169,0.449,2,0.4854,4295,0.9376,1,311,2.7,1,1981,-14.85,1,1981,-14.85,1,2068,-16.2,0.2991,40.33,0,1126525
80.0,0,1,confirm,1.0,76.63,60.63,117.68,5279,41.05,28.74,6068,0.87,1.537,0.14,0.3039,4,0.3429,5381,0.9251,1,589,5.47,1,2193,-5.47,1,3900,76.63,1,2620,-20.53,0.4171,41.22,2,1132646
80.0,0,-1,confirm,1.0,17.65,1.65,61.11,778,43.45,5.43,2624,0.296,2.831,0.203,0.4704,4,0.4846,1544,0.9603,1,44,-2.72,1,1849,47.53,1,1849,47.53,1,1899,46.17,0.7524,40.57,4,1138714
80.0,0,1,confirm,1.0,92.5,76.5,133.32,7580,40.81,8.16,7904,0.959,1.73,0.138,0.2956,7,0.609,6225,0.9656,1,342,0.0,1,342,0.0,1,1522,29.93,1,1540,27.21,0.7927,43.72,5,1141338
80.0,0,-1,confirm,1.0,-74.13,-90.13,6.74,540,80.87,74.13,3410,0.158,0.767,0.028,-0.3567,7,0.2725,2941,0.8942,1,2269,-35.05,0,-1,,0,-1,,0,-1,,0.6714,40.27,7,1149242
80.0,0,1,fallback,1.0,0.0,-16.0,41.48,415,41.48,8.03,554,0.749,2.343,0.196,0.2802,8,0.3227,305,0.8359,0,-1,,0,-1,,0,-1,,0,-1,,0.3993,80.93,8,1152652
80.0,0,-1,confirm,1.0,-57.53,-73.53,24.08,58,81.62,57.53,1721,0.034,0.992,0.05,-0.1236,8,0.0127,1100,0.8232,0,-1,,0,-1,,0,-1,,0,-1,,0.7576,41.31,8,1153206
80.0,0,1,fallback,1.0,21.29,5.29,62.52,372,41.24,5.32,687,0.541,0.527,0.165,0.3846,8,0.4559,171,0.7249,0,-1,,0,-1,,0,-1,,0,-1,,0.0374,81.81,8,1154927
80.0,0,-1,confirm,1.0,27.88,11.88,67.7,1234,39.82,17.26,2670,0.462,2.79,0.128,0.1818,9,0.3448,1208,0.8828,1,1791,50.44,1,1791,50.44,1,1791,50.44,1,1939,37.17,0.7198,40.98,9,1155614
80.0,0,1,confirm,1.0,-69.22,-85.22,10.65,20,79.87,69.22,5027,0.004,1.796,0.06,0.1965,9,0.5814,2593,0.965,1,600,-18.64,1,600,-18.64,1,600,-18.64,1,4245,-38.6,0.0806,40.1,9,1158284
80.0,0,-1,confirm,1.0,-10.72,-26.72,29.49,1651,40.21,37.53,3089,0.534,1.29,0.056,0.1892,11,0.2577,1199,0.8683,1,1713,25.47,1,1713,25.47,1,1713,25.47,1,1982,20.11,0.8069,79.79,11,1163311
80.0,0,1,confirm,1.0,72.31,56.31,113.82,2065,41.51,25.44,2407,0.858,2.146,0.156,0.3843,12,0.5507,989,0.9502,0,-1,,0,-1,,0,-1,,0,-1,,0.3364,40.33,12,1166400
80.0,0,-1,confirm,1.0,128.96,112.96,168.84,1896,39.88,2.66,1950,0.972,2.914,0.226,0.3532,13,0.4045,1876,0.8147,1,280,29.25,1,1193,34.57,1,1193,34.57,1,1263,39.88,0.3399,41.04,12,1168807
80.0,0,1,confirm,1.0,-56.57,-72.57,25.59,255,82.15,56.57,3384,0.075,0.436,0.062,-0.2516,13,0.3661,2252,0.875,1,557,8.08,1,2576,-18.86,1,2576,-18.86,1,2597,-17.51,0.2877,40.57,13,1170757
80.0,0,-1,fallback,1.0,161.18,145.18,201.81,1473,40.63,31.15,1524,0.967,5.15,0.105,-0.064,14,0.3574,1376,0.7815,1,1470,200.46,1,1470,200.46,1,1470,200.46,0,-1,,0.6194,81.95,14,1174141
80.0,0,1,confirm,1.0,72.96,56.96,114.26,2357,41.3,2.75,2773,0.85,0.607,0.118,0.1174,15,0.2825,482,0.9088,1,594,30.29,1,594,30.29,1,594,30.29,1,1306,39.92,0.4101,41.47,14,1175665
80.0,0,-1,confirm,1.0,-58.77,-74.77,23.23,137,82.0,58.77,914,0.15,1.35,0.122,0.0619,15,0.2706,11,0.8897,1,392,8.2,1,392,8.2,1,392,8.2,1,537,-6.83,0.7986,40.83,15,1178438
80.0,0,1,fallback,1.0,-33.97,-49.97,6.79,4,40.76,33.97,204,0.02,4.687,0.131,0.3421,15,0.4117,34,0.853,0,-1,,0,-1,,0,-1,,0,-1,,0.2778,82.19,15,1179352
80.0,0,-1,confirm,1.0,4.09,-11.91,44.99,383,40.9,12.27,696,0.55,1.279,0.119,-0.1996,15,0.0974,443,0.6639,1,500,28.63,0,-1,,0,-1,,0,-1,,0.853,40.73,15,1179556
80.0,0,1,confirm,1.0,98.2,82.2,139.12,7981,40.92,42.28,8077,0.988,1.63,0.161,0.4993,18,0.5605,7892,0.9433,1,966,-9.55,1,966,-9.55,1,966,-9.55,1,1096,-1.36,0.6409,41.08,15,1180252
80.0,0,-1,confirm,1.0,21.61,5.61,62.13,1311,40.52,16.21,1595,0.822,0.456,0.117,0.2934,18,0.4696,1367,0.8997,1,1524,41.87,1,1524,41.87,1,1524,41.87,1,1565,29.71,0.5322,40.36,18,1188329
80.0,0,1,confirm,1.0,-2.71,-18.71,41.96,1100,44.67,20.3,1722,0.639,0.694,0.153,0.1202,18,0.4345,63,0.7517,1,663,-4.06,1,663,-4.06,1,663,-4.06,1,728,5.41,0.8996,40.77,18,1189924
80.0,0,-1,confirm,1.0,8.12,-7.88,48.74,994,40.62,13.54,1210,0.821,1.003,0.065,0.3413,19,0.3735,1010,0.8179,1,433,10.83,1,433,10.83,1,433,10.83,0,-1,,0.1114,44.48,19,1191646
80.0,0,1,confirm,1.0,17.62,1.62,58.27,679,40.65,-0.0,1288,0.527,0.737,0.143,0.3129,19,0.3247,669,0.8662,0,-1,,0,-1,,0,-1,,0,-1,,0.3002,40.82,19,1192856
80.0,0,-1,confirm,1.0,1.35,-14.65,41.93,11031,40.58,43.28,11904,0.927,0.442,0.15,0.0715,22,0.5701,6180,0.9723,1,1530,28.41,1,1530,28.41,1,1530,28.41,1,1693,9.47,0.0367,40.41,19,1194144
80.0,0,1,confirm,1.0,-73.05,-89.05,6.76,27,79.82,73.05,5405,0.005,2.168,0.212,0.3085,23,0.3599,2238,0.9965,1,969,-14.88,1,969,-14.88,1,969,-14.88,1,969,-14.88,0.8488,40.75,23,1206048
80.0,0,-1,confirm,1.0,-36.79,-52.79,4.09,23,40.88,36.79,907,0.025,1.274,0.099,0.3236,0,0.3801,355,0.7444,0,-1,,0,-1,,0,-1,,0,-1,,0.3505,79.76,0,1211453
80.0,0,1,confirm,1.0,69.25,53.25,109.98,5880,40.73,65.17,6394,0.92,5.91,0.203,0.6582,2,0.6582,5880,0.9614,1,1578,-12.22,1,1578,-12.22,1,1578,-12.22,1,1647,-4.07,0.4011,40.9,0,1212360
80.0,0,-1,confirm,1.0,22.92,6.92,63.38,445,40.45,4.05,1420,0.313,0.622,0.308,0.2547,2,0.3316,645,0.8752,1,904,39.1,1,904,39.1,1,904,39.1,1,1166,36.41,0.754,40.29,2,1218754
80.0,0,1,confirm,1.0,-67.58,-83.58,13.52,6836,81.09,67.58,8650,0.79,1.908,0.178,0.2523,4,0.5963,2338,0.9883,1,346,-10.81,1,346,-10.81,1,346,-10.81,1,1133,-24.33,0.8617,40.71,2,1220174
80.0,0,-1,fallback,1.0,-35.38,-51.38,5.44,3,40.82,35.38,580,0.005,1.873,0.096,0.128,5,0.1297,22,0.8811,1,109,-9.53,1,109,-9.53,0,-1,,1,223,-10.89,0.0904,80.98,5,1228824
80.0,0,1,confirm,1.0,-56.95,-72.95,23.05,984,80.0,56.95,3597,0.274,1.34,0.151,0.217,5,0.4085,31,0.9747,1,885,16.27,1,885,16.27,1,885,16.27,1,1474,-18.98,0.747,40.84,5,1229404
80.0,0,-1,confirm,1.0,-24.55,-40.55,16.36,105,40.91,24.55,305,0.344,4.164,0.269,0.5202,6,0.5202,105,0.7735,0,-1,,0,-1,,0,-1,,0,-1,,0.6817,79.82,6,1233001
80.0,0,1,confirm,1.0,-68.02,-84.02,13.6,2435,81.62,68.02,4734,0.514,0.896,0.154,0.292,7,0.3514,4343,0.9085,1,1222,-14.96,1,1222,-14.96,1,1222,-14.96,1,1222,-14.96,0.7735,40.98,6,1233306
80.0,0,-1,fallback,1.0,-39.72,-55.72,1.37,11,41.09,39.72,262,0.042,4.976,0.124,0.1989,7,0.2621,61,0.7074,0,-1,,0,-1,,0,-1,,0,-1,,0.7088,81.51,7,1238040
80.0,0,1,confirm,1.0,-76.4,-92.4,4.09,1,80.49,76.4,1348,0.001,0.732,0.003,-0.1811,7,0.2422,583,0.9229,1,725,-51.84,1,725,-51.84,1,725,-51.84,1,735,-46.38,0.4523,41.1,7,1238302
80.0,0,-1,fallback,1.0,38.49,22.49,78.36,1869,39.87,32.99,2410,0.776,0.997,0.128,0.3185,8,0.3883,1011,0.8714,0,-1,,0,-1,,0,-1,,0,-1,,0.0944,80.46,8,1239650
80.0,0,1,confirm,1.0,-49.68,-65.68,30.36,3652,80.04,49.68,7207,0.507,1.021,0.063,-0.2581,10,0.3904,1537,0.9448,1,634,1.38,1,634,1.38,1,634,1.38,1,745,-1.38,0.5674,40.18,9,1242060
80.0,0,-1,confirm,1.0,12.48,-3.52,52.7,273,40.22,1.39,315,0.867,1.306,0.151,0.2681,11,0.2915,129,0.8339,1,17,-0.0,0,-1,,0,-1,,0,-1,,0.859,79.8,11,1249267
80.0,0,1,confirm,1.0,-1.39,-17.39,40.27,3869,41.66,25.0,4489,0.862,2.082,0.089,-0.0968,12,0.4173,2510,0.883,1,965,0.0,1,965,0.0,1,965,0.0,1,1017,-5.55,0.3812,40.44,11,1249582
80.0,0,-1,confirm,1.0,15.28,-0.72,55.56,557,40.28,4.17,688,0.81,0.946,0.114,0.207,12,0.2636,553,0.8583,0,-1,,0,-1,,0,-1,,0,-1,,0.4318,41.49,12,1254071
80.0,0,1,confirm,1.0,45.9,29.9,87.63,2457,41.73,6.96,3083,0.797,3.325,0.1,0.033,13,0.522,3045,0.9636,1,650,13.91,1,650,13.91,1,2266,52.86,1,868,37.56,0.5239,40.5,12,1254759
80.0,0,-1,confirm,1.0,-73.39,-89.39,8.31,386,81.69,73.39,1340,0.288,2.082,0.085,0.2449,13,0.2548,376,0.7454,1,555,-20.77,1,555,-20.77,1,555,-20.77,1,824,-59.54,0.2445,41.37,13,1257842
80.0,0,1,fallback,1.0,-39.86,-55.86,2.75,26,42.61,39.86,681,0.038,1.014,0.079,0.2724,13,0.2911,60,0.7753,1,658,-35.74,1,658,-35.74,1,658,-35.74,0,-1,,0.6346,81.76,13,1259182
80.0,0,-1,confirm,1.0,9.66,-6.34,49.68,485,40.02,11.04,611,0.794,0.57,0.13,0.0212,14,0.0846,522,0.7497,1,85,5.52,0,-1,,0,-1,,0,-1,,0.1596,42.6,13,1259863
80.0,0,1,confirm,1.0,-42.82,-58.82,38.68,463,81.5,42.82,2368,0.196,0.935,0.134,0.4165,14,0.4166,464,0.9405,1,1139,-4.14,1,1139,-4.14,1,1139,-4.14,1,1960,-13.81,0.7497,40.22,14,1260474
80.0,0,-1,fallback,1.0,-6.94,-22.94,34.68,25,41.62,6.94,67,0.373,6.499,0.157,0.1506,14,0.1871,8,0.2395,0,-1,,0,-1,,0,-1,,0,-1,,0.5551,81.19,14,1262842
80.0,0,1,confirm,1.0,311.94,295.94,353.53,5984,41.59,12.48,6106,0.98,3.228,0.156,0.2527,16,0.4534,3004,0.9152,1,4850,238.46,1,4850,238.46,1,4850,238.46,1,4924,224.59,0.1645,41.77,14,1262909
80.0,0,-1,confirm,1.0,80.67,64.67,121.0,2283,40.33,4.03,3137,0.728,2.832,0.107,0.0306,17,0.4556,1707,0.8881,1,516,37.64,1,826,44.37,1,2021,84.7,1,2063,77.98,0.7414,40.17,16,1269015
80.0,0,1,confirm,1.0,32.53,16.53,74.55,1956,42.02,42.02,2110,0.927,2.333,0.197,0.4201,17,0.4392,557,0.8972,1,1144,5.42,1,1144,5.42,1,1144,5.42,1,1162,0.0,0.5895,40.83,17,1272152
80.0,0,-1,confirm,1.0,97.27,81.27,140.5,200,43.23,27.02,214,0.935,5.646,0.085,0.004,18,0.0083,208,0.6825,0,-1,,0,-1,,0,-1,,0,-1,,0.6409,41.71,17,1274262
80.0,0,1,confirm,1.0,-62.76,-78.76,17.74,50,80.49,62.76,222,0.225,0.778,0.041,0.0071,18,0.0093,48,0.2593,0,-1,,0,-1,,0,-1,,0,-1,,0.1762,43.85,18,1274476
80.0,0,-1,fallback,1.0,45.3,29.3,89.24,57,43.93,9.61,67,0.851,1.73,0.186,0.1854,18,0.1888,52,0.5146,0,-1,,0,-1,,0,-1,,0,-1,,0.1176,80.35,18,1274698
80.0,0,1,confirm,1.0,86.88,70.88,129.64,246,42.75,-0.0,482,0.51,0.453,0.028,-0.062,18,0.0104,457,0.6303,0,-1,,0,-1,,0,-1,,0,-1,,0.4747,44.33,18,1274765
80.0,0,-1,confirm,1.0,-68.36,-84.36,13.67,1103,82.03,68.36,1467,0.752,3.784,0.059,-0.0761,18,0.0317,1177,0.6208,0,-1,,0,-1,,0,-1,,0,-1,,0.3106,42.21,18,1275247
80.0,0,1,fallback,1.0,-12.22,-28.22,28.52,40,40.74,12.22,168,0.238,0.787,0.067,0.0363,18,0.0529,116,0.5656,0,-1,,0,-1,,0,-1,,0,-1,,0.0434,82.15,18,1276714
80.0,0,-1,confirm,1.0,-84.3,-100.3,-0.0,0,84.3,84.3,130,0.0,0.569,0.029,-0.0171,18,0.0053,53,0.4394,0,-1,,0,-1,,0,-1,,0,-1,,0.5113,40.62,18,1276882
80.0,0,1,fallback,1.0,-14.83,-30.83,25.62,24,40.45,14.83,136,0.176,2.412,0.142,0.1849,18,0.1884,18,0.3745,0,-1,,0,-1,,0,-1,,0,-1,,0.4394,84.3,18,1277012
80.0,0,-1,confirm,1.0,52.66,36.66,93.17,771,40.51,31.06,907,0.85,0.935,0.125,-0.0911,18,-0.0128,286,0.6384,0,-1,,0,-1,,0,-1,,0,-1,,0.2134,40.34,18,1277148
80.0,0,1,confirm,1.0,-76.01,-92.01,5.43,16,81.44,76.01,508,0.031,0.425,0.075,0.0895,19,0.1033,500,0.6456,1,37,-13.57,0,-1,,0,-1,,0,-1,,0.6071,40.89,19,1278055
80.0,0,-1,fallback,1.0,-23.25,-39.25,21.88,69,45.14,23.25,234,0.295,1.526,0.115,-0.0735,19,0.0754,99,0.7681,1,145,12.31,0,-1,,0,-1,,0,-1,,0.2964,81.4,19,1278563
80.0,0,1,confirm,1.0,-5.46,-21.46,36.84,55,42.3,6.82,148,0.372,1.889,0.028,-0.0272,19,0.016,95,0.5136,0,-1,,0,-1,,0,-1,,0,-1,,0.0019,45.24,19,1278797
80.0,0,-1,confirm,1.0,96.94,80.94,136.54,307,39.6,4.1,348,0.882,2.095,0.133,0.2061,19,0.2106,314,0.7557,0,-1,,0,-1,,0,-1,,0,-1,,0.1583,42.15,19,1278945
80.0,0,1,confirm,1.0,-44.12,-60.12,35.85,41,79.97,44.12,191,0.215,1.131,0.033,-0.0507,19,-0.0168,57,0.5968,0,-1,,0,-1,,0,-1,,0,-1,,0.5794,40.14,19,1279293
80.0,0,-1,confirm,1.0,-37.39,-53.39,2.77,7,40.16,37.39,58,0.121,0.67,0.171,0.047,19,0.0594,8,0.2006,0,-1,,0,-1,,0,-1,,0,-1,,0.5968,79.68,19,1279484
80.0,0,1,confirm,1.0,-74.5,-90.5,17.94,93,92.44,74.5,210,0.443,0.27,0.06,-0.0288,19,0.0418,180,0.4817,0,-1,,0,-1,,0,-1,,0,-1,,0.0815,40.17,19,1279542
80.0,0,-1,fallback,1.0,-33.36,-49.36,8.34,5,41.7,33.36,111,0.045,2.564,0.106,0.0456,19,0.0649,4,0.4618,1,62,-18.07,0,-1,,0,-1,,0,-1,,0.2772,92.27,19,1279752
80.0,0,1,confirm,1.0,-54.03,-70.03,29.09,31,83.13,54.03,470,0.066,0.865,0.015,0.044,19,0.1047,408,0.7099,1,71,-16.63,0,-1,,0,-1,,0,-1,,0.3154,41.74,19,1279863
80.0,0,-1,fallback,1.0,6.96,-9.04,47.36,431,40.4,23.68,501,0.86,0.86,0.097,0.0245,19,0.2198,493,0.6592,0,-1,,0,-1,,0,-1,,0,-1,,0.1569,82.88,19,1280333
80.0,0,1,confirm,1.0,1.39,-14.61,41.82,1387,40.42,33.45,1646,0.843,0.543,0.111,0.0648,20,0.2211,1486,0.8627,1,776,-15.33,0,-1,,0,-1,,0,-1,,0.4405,40.59,19,1280834
80.0,0,-1,confirm,1.0,-68.29,-84.29,12.54,185,80.84,68.29,1351,0.137,0.655,0.058,0.0027,20,0.2003,959,0.7969,1,105,1.39,1,1162,-43.21,1,1162,-43.21,0,-1,,0.3813,40.26,20,1282480
80.0,0,1,fallback,1.0,-38.76,-54.76,1.38,82,40.14,38.76,154,0.532,1.007,0.123,0.0548,20,0.0855,95,0.9711,1,150,-33.22,0,-1,,0,-1,,0,-1,,0.3964,80.94,20,1283831
80.0,0,-1,confirm,1.0,115.34,99.34,155.64,5030,40.3,37.52,5137,0.979,5.524,0.227,0.4694,22,0.4694,5030,0.9631,1,126,-1.39,1,428,11.12,1,1939,-19.46,1,777,4.17,0.9465,40.14,20,1283985
80.0,0,1,confirm,1.0,150.43,134.43,191.2,8785,40.77,5.62,10257,0.856,1.863,0.096,0.0537,0,0.5726,4361,0.9883,1,1252,81.54,1,1252,81.54,1,1252,81.54,1,5402,122.31,0.6166,40.94,22,1289122
80.0,0,-1,confirm,1.0,-66.48,-82.48,15.24,3323,81.72,66.48,5329,0.624,0.924,0.16,-0.1195,1,0.3959,4881,0.9822,1,750,-52.63,1,750,-52.63,1,750,-52.63,1,784,-47.09,0.3544,40.01,0,1299379
80.0,0,1,fallback,1.0,-41.28,-57.28,0.0,0,41.28,41.28,2225,0.0,1.56,0.207,0.2652,2,0.3967,207,0.9725,1,669,-20.64,1,669,-20.64,1,669,-20.64,1,694,-24.77,0.0089,81.84,2,1304708
80.0,0,-1,confirm,1.0,73.22,57.22,113.29,2556,40.07,17.96,2899,0.882,0.888,0.089,0.2528,3,0.5795,1727,0.9297,1,593,6.91,1,2737,91.19,1,2737,91.19,1,2862,84.28,0.1448,41.28,3,1306933
80.0,0,1,confirm,1.0,-80.72,-96.72,1.39,8,82.12,80.72,1098,0.007,0.629,0.077,0.1088,3,0.2889,147,0.9185,1,258,-2.78,1,258,-2.78,1,258,-2.78,1,258,-2.78,0.0015,40.53,3,1309832
80.0,0,-1,fallback,1.0,-5.61,-21.61,35.08,183,40.69,12.63,250,0.732,2.019,0.208,0.2632,4,0.2808,194,0.7087,0,-1,,0,-1,,0,-1,,0,-1,,0.0116,82.1,4,1310930
80.0,0,1,confirm,1.0,-70.12,-86.12,12.62,218,82.74,70.12,3026,0.072,0.638,0.006,-0.2752,4,0.2317,2642,0.9272,1,647,-18.23,1,1114,-16.83,1,2809,-33.66,1,1116,-18.23,0.4341,40.83,4,1311180
80.0,0,-1,fallback,1.0,-18.36,-34.36,22.6,279,40.95,18.36,410,0.68,1.178,0.151,0.337,5,0.3798,118,0.7576,0,-1,,0,-1,,0,-1,,0,-1,,0.0793,82.63,5,1314206
80.0,0,1,confirm,1.0,118.41,102.41,160.7,12585,42.29,19.73,13910,0.905,1.573,0.085,0.5089,8,0.5166,12641,0.9945,1,338,-8.46,1,964,5.64,1,964,5.64,1,1091,0.0,0.3738,41.05,5,1314616
80.0,0,-1,confirm,1.0,47.37,31.37,96.13,6198,48.76,52.94,6702,0.925,1.09,0.078,-0.1658,10,0.6154,1768,0.9701,1,415,-22.29,1,415,-22.29,1,415,-22.29,1,504,-22.29,0.7275,41.62,9,1328526
80.0,0,1,confirm,1.0,-62.99,-78.99,16.8,546,79.79,62.99,1567,0.348,0.342,0.097,0.1144,11,0.4615,22,0.9774,1,622,4.2,1,622,4.2,1,622,4.2,1,1029,-48.99,0.1795,49.23,10,1335228
80.0,0,-1,confirm,1.0,-21.13,-37.13,22.54,148,43.67,21.13,497,0.298,0.94,0.116,0.1824,11,0.3451,429,0.9016,0,-1,,0,-1,,0,-1,,0,-1,,0.2812,79.65,11,1336795
80.0,0,1,confirm,1.0,44.98,28.98,88.56,7097,43.58,57.63,7444,0.953,0.791,0.08,0.319,13,0.5275,4864,0.9407,1,586,-12.65,1,586,-12.65,1,2351,-28.11,1,828,-26.71,0.4267,43.77,11,1337292
80.0,0,-1,confirm,1.0,58.77,42.77,99.36,729,40.58,11.2,1022,0.713,1.316,0.135,0.2802,13,0.3929,411,0.8521,0,-1,,0,-1,,0,-1,,0,-1,,0.508,43.19,13,1344736
80.0,0,1,confirm,1.0,2.82,-13.18,46.45,118,43.64,1.41,415,0.284,0.796,0.102,-0.0654,13,0.1383,404,0.7089,0,-1,,0,-1,,0,-1,,0,-1,,0.6382,40.99,13,1345758
80.0,0,-1,confirm,1.0,2.81,-13.19,43.63,1157,40.81,26.74,1211,0.955,1.593,0.05,0.3712,14,0.382,1193,0.8421,0,-1,,0,-1,,0,-1,,0,-1,,0.5228,43.44,13,1346173
80.0,0,1,confirm,1.0,53.49,37.49,94.31,463,40.82,-0.0,532,0.87,1.864,0.162,-0.0216,14,0.0131,530,0.8382,0,-1,,0,-1,,0,-1,,0,-1,,0.6774,40.99,14,1347384
80.0,0,-1,confirm,1.0,21.0,5.0,61.61,322,40.6,5.6,441,0.73,0.617,0.083,0.1364,14,0.1428,318,0.7155,1,406,35.0,1,406,35.0,0,-1,,0,-1,,0.5428,40.44,14,1347916
80.0,0,1,confirm,1.0,-57.53,-73.53,22.45,449,79.98,57.53,1147,0.391,0.609,0.108,0.161,14,0.3067,978,0.8725,1,647,-29.47,1,647,-29.47,1,1119,-49.11,0,-1,,0.2009,40.86,14,1348357
80.0,0,-1,confirm,1.0,-21.17,-37.17,19.76,120,40.93,21.17,318,0.377,3.533,0.085,0.0735,14,0.1463,317,0.7417,0,-1,,0,-1,,0,-1,,0,-1,,0.5911,79.8,14,1349504
80.0,0,1,confirm,1.0,-56.33,-72.33,23.94,121,80.27,56.33,1079,0.112,0.389,0.008,-0.2283,14,-0.028,354,0.7176,0,-1,,0,-1,,0,-1,,0,-1,,0.1477,41.01,14,1349822
80.0,0,-1,fallback,1.0,29.74,13.74,70.81,252,41.07,12.75,275,0.916,1.545,0.159,0.2708,15,0.3473,160,0.6782,0,-1,,0,-1,,0,-1,,0,-1,,0.4007,80.08,15,1350901
80.0,0,1,confirm,1.0,-53.98,-69.98,26.99,63,80.97,53.98,341,0.185,1.349,0.048,-0.1152,15,-0.0753,161,0.5796,0,-1,,0,-1,,0,-1,,0,-1,,0.2401,41.36,15,1351176
80.0,0,-1,fallback,1.0,197.09,181.09,237.08,1940,39.99,21.42,2108,0.92,0.696,0.088,-0.2354,15,0.2195,27,0.6951,1,1542,159.95,1,1542,159.95,1,1542,159.95,1,1639,169.95,0.1617,80.75,15,1351517
80.0,0,1,confirm,1.0,8.74,-7.26,49.53,700,40.79,18.94,970,0.722,0.51,0.054,-0.2186,16,0.2062,29,0.6447,1,146,8.74,1,146,8.74,1,146,8.74,1,241,11.66,0.3346,40.96,16,1353625
80.0,0,-1,confirm,1.0,-50.95,-66.95,32.02,162,82.97,50.95,2251,0.072,0.898,0.085,-0.0867,16,0.0904,985,0.8283,1,21,-1.46,0,-1,,0,-1,,0,-1,,0.0328,40.59,16,1354595
80.0,0,1,fallback,1.0,-30.41,-46.41,11.59,237,42.0,30.41,1015,0.233,0.84,0.107,0.3357,16,0.4155,360,0.7622,1,837,-5.79,1,837,-5.79,1,837,-5.79,0,-1,,0.5556,83.24,16,1356846
80.0,0,-1,confirm,1.0,43.58,27.58,85.71,3958,42.13,43.58,4107,0.964,1.031,0.09,0.0903,18,0.3079,3384,0.9334,1,338,-5.81,1,338,-5.81,1,338,-5.81,1,481,-23.24,0.3357,41.95,17,1357861
80.0,0,1,confirm,1.0,23.34,7.34,64.2,480,40.85,7.3,824,0.583,0.962,0.156,0.5508,18,0.5535,481,0.8314,0,-1,,0,-1,,0,-1,,0,-1,,0.0269,42.49,18,1361968
80.0,0,-1,confirm,1.0,-53.86,-69.86,27.66,386,81.51,53.86,3618,0.107,0.763,0.114,0.2267,18,0.2578,358,0.882,1,847,-5.82,1,847,-5.82,1,847,-5.82,1,917,-7.28,0.7065,40.59,18,1362792
80.0,0,1,fallback,1.0,86.87,70.87,128.85,2823,41.99,24.61,5929,0.476,1.844,0.087,0.416,20,0.6045,4142,0.9878,1,153,-14.48,1,153,-14.48,1,153,-14.48,1,296,-2.9,0.1652,81.74,19,1366410
80.0,0,-1,confirm,1.0,17.22,1.22,57.41,4906,40.19,8.61,5832,0.841,1.652,0.153,0.1729,22,0.4386,0,0.9193,1,976,-0.0,1,976,-0.0,1,976,-0.0,1,2409,18.66,0.5857,41.45,21,1372339
80.0,0,1,confirm,1.0,25.88,9.88,67.58,8097,41.7,40.26,8523,0.95,4.613,0.14,0.4959,1,0.6511,6507,0.9943,1,304,5.75,1,304,5.75,1,304,5.75,1,682,-12.94,0.1141,40.42,22,1378171
80.0,0,-1,confirm,1.0,5.74,-10.26,45.89,5662,40.15,51.63,6262,0.904,0.777,0.099,0.338,2,0.4573,198,0.9105,1,337,-34.42,1,337,-34.42,1,337,-34.42,1,470,-17.21,0.5656,41.42,1,1386694
80.0,0,1,confirm,1.0,-88.97,-104.97,7.17,306,96.14,88.97,1156,0.265,2.019,0.151,0.5474,3,0.5593,320,0.9403,1,691,-5.74,1,691,-5.74,1,691,-5.74,1,756,-11.48,0.5158,40.34,2,1392956
80.0,0,-1,fallback,1.0,20.27,4.27,60.81,240,40.54,0.0,291,0.825,0.716,0.221,0.378,3,0.5286,1,0.8763,0,-1,,0,-1,,0,-1,,0,-1,,0.8438,96.07,3,1394112
80.0,0,1,confirm,1.0,30.47,14.47,73.99,432,43.52,10.16,765,0.565,0.591,0.155,-0.0992,3,-0.0142,434,0.9753,0,-1,,0,-1,,0,-1,,0,-1,,0.4388,40.79,3,1394403
80.0,0,-1,confirm,1.0,23.14,7.14,63.64,1895,40.5,5.79,2072,0.915,2.571,0.139,0.5755,4,0.5939,1755,0.9186,0,-1,,0,-1,,0,-1,,0,-1,,0.1653,43.2,3,1395168
80.0,0,1,confirm,1.0,1.45,-14.55,42.04,634,40.59,10.15,751,0.844,0.565,0.169,-0.1365,4,-0.1061,609,0.9727,0,-1,,0,-1,,0,-1,,0,-1,,0.8246,40.76,4,1397240
80.0,0,-1,confirm,1.0,73.92,57.92,114.51,2187,40.59,1.45,2524,0.866,3.054,0.11,0.5918,4,0.644,2339,0.9616,0,-1,,0,-1,,0,-1,,0,-1,,0.2362,40.42,4,1397991
80.0,0,1,confirm,1.0,11.68,-4.32,52.57,4991,40.89,16.06,5696,0.876,0.049,0.031,-0.5345,6,0.2644,1850,0.9653,1,1930,-8.76,1,1930,-8.76,1,1930,-8.76,1,2190,-8.76,0.7581,41.06,5,1400515
80.0,0,-1,confirm,1.0,42.3,26.3,84.6,3736,42.3,35.01,4044,0.924,1.291,0.119,0.3132,7,0.6363,9,0.9332,1,969,-0.0,1,969,-0.0,1,969,-0.0,1,1201,-16.04,0.8262,40.67,6,1406211
80.0,0,1,confirm,1.0,30.76,14.76,71.77,4617,41.01,27.83,4975,0.928,0.612,0.03,-0.1978,9,0.441,2314,0.9613,1,377,-17.58,1,377,-17.58,1,2914,48.34,1,406,-1.46,0.5845,42.66,7,1410255
80.0,0,-1,confirm,1.0,21.9,5.9,62.79,5636,40.89,10.22,6333,0.89,1.693,0.072,0.2265,10,0.5691,4707,0.8871,1,953,23.36,1,953,23.36,1,953,23.36,1,953,23.36,0.0144,40.72,9,1415230
80.0,0,1,confirm,1.0,26.34,10.34,67.32,7984,40.98,57.08,8668,0.921,0.818,0.075,0.299,13,0.4274,1530,0.9576,1,536,-7.32,1,536,-7.32,1,536,-7.32,1,664,-7.32,0.7048,41.15,10,1421563
80.0,0,-1,confirm,1.0,-67.14,-83.14,16.06,89,83.2,67.14,1555,0.057,0.657,0.155,0.1867,13,0.4734,491,0.7811,1,645,-10.22,1,645,-10.22,1,645,-10.22,1,774,-7.3,0.3095,40.7,13,1430231
80.0,0,1,fallback,1.0,43.5,27.5,84.09,154,40.6,10.15,509,0.303,2.903,0.265,0.5655,13,0.5913,79,0.9344,0,-1,,0,-1,,0,-1,,0,-1,,0.2966,83.33,13,1431786
80.0,0,-1,confirm,1.0,23.1,7.1,63.52,1931,40.42,20.21,2033,0.95,2.08,0.051,-0.1798,14,0.1527,1656,0.8289,1,1423,38.98,1,1743,38.98,0,-1,,1,1743,38.98,0.63,40.26,13,1432295
80.0,0,1,confirm,1.0,13.02,-2.98,53.54,971,40.52,1.45,1803,0.539,1.338,0.088,0.2031,14,0.4595,663,0.8815,1,1229,40.52,1,1229,40.52,1,1229,40.52,1,1262,33.28,0.7705,40.68,14,1434328
80.0,0,-1,confirm,1.0,-41.91,-57.91,39.02,1826,80.92,41.91,2788,0.655,0.181,0.101,0.0468,15,0.3415,2101,0.8477,1,870,10.12,1,870,10.12,1,870,10.12,1,911,4.34,0.2497,40.3,14,1436131
80.0,0,1,fallback,1.0,-34.54,-50.54,5.76,23,40.29,34.54,628,0.037,2.511,0.111,0.1672,15,0.1691,22,0.84,1,39,-2.88,1,39,-2.88,0,-1,,0,-1,,0.4134,81.24,15,1438919
80.0,0,-1,confirm,1.0,47.65,31.65,88.09,4372,40.43,46.21,4812,0.909,2.556,0.076,0.2695,17,0.3123,4227,0.8466,1,257,-18.77,1,547,-8.66,1,4576,60.65,1,585,-14.44,0.4583,40.27,15,1439547
80.0,0,1,confirm,1.0,8.71,-7.29,49.33,409,40.63,10.16,787,0.52,3.802,0.133,0.1926,17,0.4553,299,0.8654,0,-1,,0,-1,,0,-1,,0,-1,,0.3174,40.79,17,1444359
80.0,0,-1,confirm,1.0,-72.48,-88.48,10.15,165,82.63,72.48,1370,0.12,1.005,0.06,-0.1027,17,0.0255,194,0.858,0,-1,,0,-1,,0,-1,,0,-1,,0.2256,40.43,17,1445146
80.0,0,1,fallback,1.0,-34.54,-50.54,5.76,16,40.3,34.54,809,0.02,3.973,0.09,0.3848,17,0.458,48,0.8933,0,-1,,0,-1,,0,-1,,0,-1,,0.6576,82.72,17,1446516
80.0,0,-1,confirm,1.0,21.66,5.66,62.1,2271,40.44,4.33,3405,0.667,2.948,0.116,0.1362,18,0.3146,2549,0.9276,1,1735,36.11,1,2866,30.33,1,2866,30.33,1,2907,28.89,0.614,40.28,18,1447325
80.0,0,1,confirm,1.0,-8.68,-24.68,31.84,7106,40.53,52.11,9613,0.739,1.978,0.101,-0.003,20,0.6316,3324,0.9838,1,1235,-28.95,1,1235,-28.95,1,1235,-28.95,1,1238,-30.4,0.6195,40.69,18,1450730
80.0,0,-1,confirm,1.0,-63.74,-79.74,17.38,970,81.12,63.74,6687,0.145,2.274,0.055,0.4035,21,0.5725,4806,0.9884,1,2309,-14.49,1,2309,-14.49,1,2309,-14.49,1,2312,-14.49,0.926,40.4,21,1460343
80.0,0,1,fallback,1.0,47.5,31.5,90.69,3862,43.18,10.08,4179,0.924,4.233,0.126,0.4625,0,0.592,3507,0.9822,1,870,-1.44,1,870,-1.44,1,870,-1.44,1,870,-1.44,0.0598,81.27,23,1467030
80.0,0,-1,confirm,1.0,4.3,-11.7,45.85,6227,41.55,20.06,8761,0.711,0.869,0.133,-0.0437,2,0.5114,5993,0.9797,1,2272,24.36,1,2272,24.36,1,2272,24.36,1,2294,24.36,0.5823,42.8,0,1471209
80.0,0,1,confirm,1.0,147.63,131.63,189.19,6295,41.57,11.47,6647,0.947,1.444,0.135,0.0185,4,0.5675,5499,0.9797,1,1354,22.93,1,1354,22.93,1,1354,22.93,1,1898,24.37,0.3992,41.74,3,1479970
80.0,0,-1,confirm,1.0,-70.62,-86.62,11.3,288,81.92,70.62,630,0.457,0.905,0.086,0.1912,5,0.1995,327,0.9096,1,219,-9.89,1,565,-29.66,0,-1,,1,588,-40.96,0.5786,40.79,4,1486617
80.0,0,1,fallback,1.0,81.35,65.35,122.02,168,40.67,-0.0,180,0.933,3.722,0.327,0.2157,5,0.3103,165,0.6352,0,-1,,0,-1,,0,-1,,0,-1,,0.7148,82.01,5,1487247
80.0,0,-1,confirm,1.0,20.87,4.87,61.21,1112,40.35,77.91,1666,0.667,0.876,0.18,0.3172,5,0.3286,1116,0.7772,1,1385,29.22,1,1385,29.22,1,1385,29.22,1,1385,29.22,0.2176,40.18,5,1487427
80.0,0,1,confirm,1.0,51.58,35.58,92.01,2708,40.43,23.7,2843,0.953,0.568,0.242,0.2736,6,0.3886,2624,0.8963,1,319,-9.76,1,319,-9.76,1,319,-9.76,1,542,-22.31,0.4959,40.59,5,1489093
80.0,0,-1,confirm,1.0,33.29,17.29,73.51,2495,40.22,27.74,3527,0.707,0.722,0.189,0.0878,7,0.3861,2227,0.9535,1,50,2.77,1,587,4.16,1,587,4.16,1,587,4.16,0.2476,40.06,6,1491936
80.0,0,1,confirm,1.0,-64.01,-80.01,16.7,109,80.71,64.01,2284,0.048,2.612,0.133,0.1949,7,0.2796,332,0.9436,1,537,5.57,1,537,5.57,1,537,5.57,1,700,-12.52,0.0557,40.52,7,1495463
80.0,0,-1,fallback,1.0,-14.01,-30.01,26.61,4661,40.62,35.01,5432,0.858,0.868,0.091,0.3704,9,0.5883,2119,0.9816,1,1151,-29.41,1,1151,-29.41,1,1151,-29.41,1,1441,-28.01,0.7387,80.58,8,1497747
80.0,0,1,confirm,1.0,39.16,23.16,79.72,8298,40.56,12.59,8809,0.942,5.041,0.192,0.1713,11,0.5906,3529,0.984,1,721,8.39,1,721,8.39,1,721,8.39,1,721,8.39,0.2721,40.72,9,1503179
80.0,0,-1,confirm,1.0,98.91,82.91,142.1,5298,43.19,22.29,5917,0.895,1.24,0.21,0.3669,13,0.6138,2099,0.9875,1,222,1.39,1,222,1.39,1,1065,-16.72,1,308,-5.57,0.2076,40.24,11,1511988
80.0,0,1,confirm,1.0,-46.43,-62.43,33.77,674,80.2,46.43,1650,0.408,0.482,0.131,0.3635,13,0.3866,626,0.7684,1,865,15.48,1,865,15.48,1,865,15.48,1,954,12.66,0.1601,43.81,13,1517905
80.0,0,-1,fallback,1.0,-4.24,-20.24,36.75,354,41.0,12.72,1089,0.325,1.287,0.176,0.3529,14,0.4786,143,0.9087,0,-1,,0,-1,,0,-1,,0,-1,,0.1643,79.93,14,1519555
80.0,0,1,confirm,1.0,154.02,138.02,196.41,1351,42.39,7.07,1366,0.989,6.79,0.305,0.3426,14,0.6031,592,0.8743,1,1267,50.87,1,1267,50.87,1,1267,50.87,1,1267,50.87,0.59,41.15,14,1520644
80.0,0,-1,confirm,1.0,-47.31,-63.31,33.4,864,80.71,47.31,1890,0.457,7.514,0.083,-0.1116,15,0.0571,859,0.6551,1,862,15.31,0,-1,,0,-1,,0,-1,,0.5347,41.57,14,1522010
80.0,0,1,fallback,1.0,12.47,-3.53,56.79,128,44.32,8.31,168,0.762,1.886,0.164,0.4035,15,0.4734,0,0.5557,0,-1,,0,-1,,0,-1,,0,-1,,0.1062,80.98,15,1523900
80.0,0,-1,confirm,1.0,33.2,17.2,74.7,1322,41.5,1.38,1566,0.844,0.803,0.118,0.0868,15,0.1142,975,0.7414,1,653,12.45,1,1467,55.33,0,-1,,0,-1,,0.4431,44.07,15,1524068
80.0,0,1,confirm,1.0,-79.11,-95.11,4.16,630,83.28,79.11,2211,0.285,1.2,0.03,0.0861,15,0.3437,1590,0.8521,1,133,-8.33,1,504,-13.88,1,1643,-49.97,1,850,-40.25,0.6759,41.81,15,1525634
80.0,0,-1,fallback,1.0,-18.19,-34.19,22.38,480,40.57,19.59,1511,0.318,1.331,0.125,0.2159,16,0.2646,714,0.8787,1,1352,-4.2,1,1352,-4.2,1,1352,-4.2,0,-1,,0.0679,83.24,16,1527845
80.0,0,1,confirm,1.0,-69.82,-85.82,9.78,646,79.6,69.82,2811,0.23,0.525,0.048,0.1336,17,0.1637,534,0.9118,1,1035,-20.95,1,1035,-20.95,0,-1,,1,1035,-20.95,0.706,40.66,16,1529356
80.0,0,-1,confirm,1.0,-39.38,-55.38,2.81,13,42.19,39.38,377,0.034,2.192,0.119,0.1516,17,0.1839,27,0.6888,0,-1,,0,-1,,0,-1,,0,-1,,0.5206,79.52,17,1532167
80.0,0,1,confirm,1.0,40.62,24.62,81.24,2943,40.62,1.4,5087,0.579,1.188,0.156,0.2423,18,0.4024,1228,0.9665,1,1357,40.62,1,1357,40.62,1,1357,40.62,1,1541,35.02,0.2337,42.2,17,1532544
80.0,0,-1,confirm,1.0,-71.15,-87.15,11.16,1252,82.31,71.15,7512,0.167,1.113,0.076,-0.1589,19,0.6008,5359,0.9909,1,607,-8.37,1,607,-8.37,1,607,-8.37,1,700,-11.16,0.2024,40.29,19,1537631
80.0,0,1,fallback,1.0,123.29,107.29,164.84,3759,41.56,6.93,3890,0.966,1.598,0.23,0.385,22,0.564,3455,0.9898,1,644,2.77,1,644,2.77,1,644,2.77,0,-1,,0.3101,82.4,21,1545143
80.0,0,-1,confirm,1.0,-67.05,-83.05,13.68,168,80.73,67.05,450,0.373,0.611,0.075,-0.16,22,-0.0905,409,0.3816,0,-1,,0,-1,,0,-1,,0,-1,,0.0266,40.88,22,1549033
80.0,0,1,fallback,1.0,9.51,-6.49,54.37,313,44.86,13.59,362,0.865,1.26,0.195,0.4178,22,0.421,303,0.6419,0,-1,,0,-1,,0,-1,,0,-1,,0.1886,80.84,22,1549483
80.0,0,-1,confirm,1.0,-82.84,-98.84,4.07,10,86.91,82.84,205,0.049,3.531,0.099,-0.0858,22,-0.0672,31,0.4157,0,-1,,0,-1,,0,-1,,0,-1,,0.5137,44.61,22,1549845
80.0,0,1,fallback,1.0,-35.02,-51.02,5.39,10,40.4,35.02,173,0.058,1.284,0.15,0.2139,22,0.2181,9,0.4164,0,-1,,0,-1,,0,-1,,0,-1,,0.4107,86.94,22,1550050
80.0,0,-1,confirm,1.0,21.62,5.62,62.17,644,40.55,10.81,904,0.712,0.619,0.117,0.1156,22,0.188,668,0.8937,0,-1,,0,-1,,0,-1,,0,-1,,0.3716,40.38,22,1550223
80.0,0,1,confirm,1.0,-79.91,-95.91,1.35,1,81.27,79.91,2732,0.0,1.046,0.039,-0.0984,22,0.383,1110,0.9213,1,1380,-50.12,1,1380,-50.12,1,1380,-50.12,1,2216,-70.43,0.7404,40.8,22,1551127
80.0,0,-1,fallback,1.0,8.19,-7.81,49.15,6853,40.96,27.31,7742,0.885,0.556,0.066,0.1152,1,0.2966,1,0.9685,1,58,-23.21,1,58,-23.21,1,58,-23.21,1,84,-20.48,0.5026,81.26,23,1553859
80.0,0,1,confirm,1.0,51.93,35.93,92.92,5740,40.99,12.3,6192,0.927,2.134,0.143,-0.0247,3,0.6275,4619,0.984,1,860,-2.73,1,860,-2.73,1,860,-2.73,1,940,-9.57,0.8403,41.16,1,1561601
80.0,0,-1,confirm,1.0,32.63,16.63,74.77,8599,42.14,38.06,11227,0.766,1.769,0.137,0.5459,5,0.6228,8656,0.9822,1,145,2.72,1,457,-16.31,1,457,-16.31,1,861,-24.47,0.082,40.62,3,1567793
80.0,0,1,confirm,1.0,-66.83,-82.83,17.73,2479,84.56,66.83,7100,0.349,0.748,0.107,0.0116,7,0.3846,4500,0.9576,1,254,0.0,1,254,0.0,1,254,0.0,1,254,0.0,0.8771,42.46,6,1579020
80.0,0,-1,fallback,1.0,-30.21,-46.21,10.98,33,41.19,30.21,550,0.06,3.071,0.132,0.3785,8,0.4334,5,0.6942,0,-1,,0,-1,,0,-1,,0,-1,,0.2101,84.41,8,1586120
80.0,0,1,confirm,1.0,143.74,127.74,184.8,5997,41.07,20.53,6498,0.923,4.651,0.147,0.2327,10,0.5695,2623,0.9672,1,1758,16.43,1,1758,16.43,1,1758,16.43,1,1758,16.43,0.0853,41.24,8,1586670
80.0,0,-1,confirm,1.0,117.41,101.41,157.89,6656,40.49,24.29,7835,0.85,0.502,0.071,0.4826,12,0.5349,6520,0.965,1,130,-6.75,1,130,-6.75,1,999,-8.1,1,198,-10.8,0.485,40.32,10,1593168
80.0,0,1,confirm,1.0,54.62,38.62,95.59,2005,40.97,4.1,2957,0.678,2.359,0.064,0.2104,13,0.4982,171,0.9864,1,2555,65.55,1,2555,65.55,1,2555,65.55,1,2792,69.64,0.5841,41.14,12,1601003
80.0,0,-1,confirm,1.0,-59.76,-75.76,21.73,441,81.49,59.76,4136,0.107,0.27,0.134,0.2911,13,0.3235,434,0.9076,1,676,14.94,1,676,14.94,1,676,14.94,1,908,-2.72,0.1265,40.58,13,1603960
80.0,0,1,fallback,1.0,-31.05,-47.05,9.45,31,40.5,31.05,348,0.089,0.388,0.14,0.4444,14,0.4624,0,0.6566,0,-1,,0,-1,,0,-1,,0,-1,,0.8975,81.67,14,1608096
80.0,0,-1,confirm,1.0,-75.84,-91.84,5.42,6451,81.26,75.84,7485,0.862,1.965,0.117,0.081,16,0.4562,6668,0.9574,1,218,-13.54,1,218,-13.54,1,1207,-47.4,1,218,-13.54,0.0214,40.46,14,1608444
80.0,0,1,fallback,1.0,-9.41,-25.41,30.91,1,40.32,9.41,379,0.003,4.623,0.271,0.4376,16,0.4376,1,0.72,0,-1,,0,-1,,0,-1,,0,-1,,0.7516,81.3,16,1615929
80.0,0,-1,confirm,1.0,-1.35,-17.35,39.02,2548,40.36,41.71,2912,0.875,0.579,0.173,0.3701,17,0.5021,2761,0.9421,1,735,-10.76,1,735,-10.76,1,735,-10.76,1,773,-18.83,0.5429,40.2,16,1616308
80.0,0,1,confirm,1.0,-12.11,-28.11,28.25,8345,40.36,61.88,8708,0.958,2.777,0.069,0.0536,20,0.409,6694,0.9538,1,734,-4.04,1,734,-4.04,1,734,-4.04,1,874,-45.74,0.7544,40.52,17,1619220
80.0,0,-1,confirm,1.0,202.02,186.02,245.12,3536,43.1,2.69,3750,0.943,2.116,0.225,0.1967,21,0.355,1782,0.9313,1,154,1.35,1,154,1.35,1,1953,49.83,1,353,4.04,0.5076,40.24,20,1627928
80.0,0,1,confirm,1.0,5.5,-10.5,48.11,533,42.61,35.74,897,0.594,0.825,0.123,0.2676,21,0.3563,425,0.9422,0,-1,,0,-1,,0,-1,,0,-1,,0.185,44.18,21,1631678
80.0,0,-1,confirm,1.0,-76.93,-92.93,4.12,22,81.06,76.93,1170,0.019,0.533,0.026,-0.3238,21,-0.1033,1169,0.8864,0,-1,,0,-1,,0,-1,,0,-1,,0.5942,42.41,21,1632575
80.0,0,1,fallback,1.0,-38.17,-54.17,2.73,6,40.9,38.17,485,0.012,0.472,0.086,0.0771,21,0.1957,99,0.8891,1,28,-2.73,1,28,-2.73,0,-1,,1,467,-29.99,0.0465,81.09,21,1633745
80.0,0,-1,confirm,1.0,17.79,1.79,60.22,2049,42.43,26.0,2105,0.973,3.434,0.234,0.1129,22,0.1599,0,0.9489,1,145,-12.32,1,145,-12.32,0,-1,,1,582,-5.47,0.1685,40.89,21,1634230
80.0,0,1,confirm,1.0,0.0,-16.0,41.13,1385,41.13,35.65,1695,0.817,0.93,0.18,0.3342,22,0.3482,1367,0.9361,1,743,-6.85,1,743,-6.85,1,743,-6.85,1,743,-6.85,0.2719,42.68,22,1636335
80.0,0,-1,confirm,1.0,43.87,27.87,83.63,2165,39.76,20.56,2985,0.725,1.403,0.179,0.1018,23,0.2757,2792,0.8314,1,1415,-17.82,1,1415,-17.82,1,1415,-17.82,1,1512,-19.19,0.3204,40.96,23,1638030
80.0,0,1,confirm,1.0,30.29,14.29,71.61,1720,41.31,28.92,1885,0.912,2.177,0.119,-0.0428,0,0.2134,1041,0.658,1,1275,9.64,1,1275,9.64,1,1275,9.64,1,1313,1.38,0.2977,40.09,23,1641015
80.0,0,-1,confirm,1.0,-68.64,-84.64,15.1,56,83.75,68.64,966,0.058,1.113,0.04,0.0795,0,0.0916,161,0.4997,1,301,-19.22,0,-1,,0,-1,,0,-1,,0.1338,41.02,0,1642900
80.0,0,1,fallback,1.0,-6.82,-22.82,34.09,13,40.91,6.82,403,0.032,4.281,0.194,0.336,0,0.336,13,0.614,0,-1,,0,-1,,0,-1,,0,-1,,0.0362,83.87,0,1643866
80.0,0,-1,confirm,1.0,-50.48,-66.48,35.48,429,85.96,50.48,1119,0.383,0.28,0.144,0.2624,0,0.3588,745,0.7904,1,969,-12.28,1,969,-12.28,1,969,-12.28,1,1024,-13.64,0.3816,40.77,0,1644269
80.0,0,1,fallback,1.0,-40.73,-56.73,0.0,0,40.73,40.73,397,0.0,2.242,0.179,0.1765,1,0.1927,347,0.7225,0,-1,,0,-1,,0,-1,,0,-1,,0.1079,86.27,1,1645388
80.0,0,-1,confirm,1.0,-69.52,-85.52,12.27,250,81.79,69.52,765,0.327,1.095,0.083,-0.1108,1,-0.0329,203,0.5428,0,-1,,0,-1,,0,-1,,0,-1,,0.6069,40.73,1,1645785
80.0,0,1,fallback,1.0,106.94,90.94,150.26,297,43.32,5.41,331,0.897,3.794,0.225,0.2511,1,0.4498,72,0.7431,0,-1,,0,-1,,0,-1,,0,-1,,0.2402,81.89,1,1646550
80.0,0,-1,confirm,1.0,32.15,16.15,72.33,377,40.18,13.39,750,0.503,0.372,0.005,-0.0818,1,0.1283,726,0.6489,0,-1,,0,-1,,0,-1,,0,-1,,0.3462,42.68,1,1646881
80.0,0,1,confirm,1.0,-67.19,-83.19,13.44,75,80.62,67.19,3990,0.019,0.565,0.015,0.0377,1,0.2193,489,0.9465,1,526,-6.72,1,526,-6.72,1,526,-6.72,1,592,12.09,0.1723,40.47,1,1647631
80.0,0,-1,fallback,1.0,44.64,28.64,85.23,892,40.58,1.35,953,0.936,5.019,0.214,0.3306,3,0.3997,910,0.9238,1,95,1.35,1,95,1.35,1,95,1.35,1,99,1.35,0.5321,80.52,2,1651621
80.0,0,1,confirm,1.0,20.38,4.38,63.87,1755,43.48,25.82,2466,0.712,0.428,0.09,0.2016,3,0.3213,2276,0.9089,1,1015,38.05,0,-1,,0,-1,,0,-1,,0.4539,40.93,3,1652574
80.0,0,-1,confirm,1.0,10.85,-5.15,51.53,1089,40.68,2.71,1805,0.603,1.117,0.107,0.2526,4,0.3585,901,0.8964,1,1111,37.97,1,1111,37.97,1,1111,37.97,1,1304,33.9,0.6933,43.21,3,1655040
80.0,0,1,confirm,1.0,25.79,9.79,66.52,3323,40.73,28.51,6763,0.491,2.089,0.111,0.1193,5,0.5002,2271,0.9625,1,806,-17.65,1,806,-17.65,1,806,-17.65,1,1158,-8.15,0.5379,40.89,4,1656845
80.0,0,-1,confirm,1.0,-9.48,-25.48,39.27,2725,48.75,48.75,3439,0.792,0.597,0.121,0.2923,6,0.3194,2662,0.9168,1,181,-35.21,1,181,-35.21,1,181,-35.21,1,348,-28.44,0.5335,40.46,6,1663608
80.0,0,1,confirm,1.0,32.47,16.47,73.05,1653,40.58,2.71,2464,0.671,2.013,0.11,0.1567,7,0.3775,2231,0.9737,1,692,51.41,1,692,51.41,1,692,51.41,1,844,39.23,0.42,48.94,7,1667047
80.0,0,-1,confirm,1.0,20.23,4.23,60.68,3236,40.45,22.92,3575,0.905,1.932,0.143,0.0449,8,0.5086,669,0.9571,1,1787,-22.92,1,1787,-22.92,1,1787,-22.92,1,2224,-9.44,0.8758,40.29,7,1669511
80.0,0,1,confirm,1.0,-13.51,-29.51,27.02,8520,40.54,59.45,9147,0.931,4.878,0.12,0.1223,11,0.3485,1681,0.9724,1,209,-24.32,1,209,-24.32,1,2245,-29.73,1,3299,-58.1,0.2336,40.7,8,1673086
80.0,0,-1,confirm,1.0,-67.65,-83.65,16.24,309,83.89,67.65,1190,0.26,0.388,0.086,0.6035,11,0.637,322,0.8924,0,-1,,0,-1,,0,-1,,0,-1,,0.3003,40.43,11,1682233
80.0,0,1,fallback,1.0,-37.63,-53.63,2.69,1,40.32,37.63,224,0.004,1.04,0.125,-0.3103,11,0.1993,146,0.5681,0,-1,,0,-1,,0,-1,,0,-1,,0.4397,84.02,11,1683423
80.0,0,-1,confirm,1.0,-67.45,-83.45,13.49,1811,80.94,67.45,6591,0.275,0.983,0.012,0.0935,12,0.6416,1153,0.934,1,2009,-6.74,1,2009,-6.74,1,2009,-6.74,1,2278,6.74,0.0359,40.31,11,1683647
80.0,0,1,fallback,1.0,-14.74,-30.74,25.46,25,40.2,14.74,97,0.258,4.508,0.144,0.1025,13,0.1683,95,0.6896,0,-1,,0,-1,,0,-1,,0,-1,,0.6561,81.05,13,1690238
80.0,0,-1,confirm,1.0,-48.31,-64.31,32.21,82,80.52,48.31,1082,0.076,1.069,0.044,-0.0451,13,-0.0015,129,0.758,0,-1,,0,-1,,0,-1,,0,-1,,0.5563,40.1,13,1690335
80.0,0,1,fallback,1.0,-24.04,-40.04,16.03,588,40.06,24.04,755,0.779,0.737,0.072,0.2422,14,0.2622,160,0.7765,1,678,-4.01,1,678,-4.01,1,678,-4.01,0,-1,,0.5342,80.78,13,1691417
80.0,0,-1,confirm,1.0,119.14,103.14,159.3,1754,40.16,6.69,1885,0.931,2.0,0.135,0.2293,14,0.2551,1767,0.7793,1,957,72.29,1,957,72.29,0,-1,,0,-1,,0.5945,40.0,14,1692172
80.0,0,1,confirm,1.0,-77.23,-93.23,2.71,134,79.93,77.23,1288,0.104,0.585,0.042,-0.0488,14,0.2946,1122,0.7833,0,-1,,0,-1,,0,-1,,0,-1,,0.3003,40.81,14,1694057
80.0,0,-1,confirm,1.0,-34.13,-50.13,6.83,6,40.96,34.13,168,0.036,0.903,0.08,-0.1546,14,-0.0814,48,0.5719,0,-1,,0,-1,,0,-1,,0,-1,,0.4934,79.91,14,1695345
80.0,0,1,confirm,1.0,0.0,-16.0,42.18,2090,42.18,32.66,2571,0.813,3.888,0.059,0.2159,15,0.422,2254,0.8168,1,46,-2.72,1,894,19.05,0,-1,,1,1643,10.89,0.5719,40.99,14,1695513
80.0,0,-1,confirm,1.0,77.56,61.56,118.38,2130,40.82,20.41,2324,0.917,0.575,0.089,0.1336,16,0.3979,1223,0.8005,1,2184,91.17,1,2184,91.17,1,2184,91.17,1,2209,85.73,0.5486,42.01,15,1698084
80.0,0,1,confirm,1.0,48.0,32.0,89.14,6980,41.14,46.63,8368,0.834,1.353,0.087,0.0187,18,0.3734,665,0.9897,1,919,-34.28,1,919,-34.28,1,919,-34.28,1,1336,-31.54,0.2358,41.31,16,1700408
80.0,0,-1,confirm,1.0,72.34,56.34,111.91,2778,39.58,9.55,3195,0.869,4.13,0.121,0.4544,19,0.4567,2777,0.992,1,200,-5.46,1,200,-5.46,1,200,-5.46,1,1099,75.06,0.0021,40.78,18,1708776
80.0,0,1,confirm,1.0,-49.49,-65.49,31.62,1991,81.11,49.49,7600,0.262,0.243,0.089,0.2816,20,0.6362,478,0.9902,1,998,-17.87,1,998,-17.87,1,998,-17.87,1,2378,5.5,0.9917,40.03,19,1711971
80.0,0,-1,fallback,1.0,-27.63,-43.63,12.43,13,40.07,27.63,430,0.03,6.19,0.266,0.366,21,0.5162,0,0.8495,0,-1,,0,-1,,0,-1,,0,-1,,0.4689,80.86,21,1719571
80.0,0,1,confirm,1.0,11.02,-4.98,52.36,981,41.33,5.51,1279,0.767,2.853,0.218,0.1576,22,0.338,962,0.9815,0,-1,,0,-1,,0,-1,,0,-1,,0.4082,40.12,21,1720001
80.0,0,-1,confirm,1.0,115.61,99.61,156.9,1209,41.29,23.4,1223,0.989,9.048,0.405,0.3066,22,0.3642,1208,0.9452,1,1182,70.19,0,-1,,0,-1,,0,-1,,0.0761,41.12,22,1721280
80.0,0,1,confirm,1.0,6.96,-9.04,48.73,3295,41.77,29.24,4848,0.68,0.356,0.057,-0.0567,23,0.5684,3643,0.976,1,592,-26.46,1,935,-1.39,1,1738,23.67,1,2026,30.63,0.3331,41.95,22,1722503
80.0,0,-1,confirm,1.0,13.91,-2.09,57.05,2474,43.13,22.26,2634,0.939,1.922,0.12,0.3246,0,0.453,2556,0.928,0,-1,,0,-1,,0,-1,,0,-1,,0.8351,41.57,23,1727351
80.0,0,1,confirm,1.0,-2.79,-18.79,37.62,1707,40.41,37.62,3730,0.458,1.034,0.124,0.1645,1,0.4281,2643,0.924,1,1774,30.65,1,1774,30.65,1,1774,30.65,1,1815,16.72,0.3652,43.38,0,1729985
80.0,0,-1,confirm,1.0,18.12,2.12,58.54,930,40.42,2.79,1158,0.803,1.853,0.123,0.1361,1,0.4024,733,0.9362,1,1071,29.27,1,1071,29.27,1,1071,29.27,0,-1,,0.5431,40.26,1,1733715
80.0,0,1,confirm,1.0,19.55,3.55,61.44,3508,41.89,11.17,4150,0.845,0.813,0.041,0.1592,2,0.5041,1753,0.9843,1,2580,37.7,1,2580,37.7,1,2580,37.7,1,2580,37.7,0.3561,40.66,1,1734873
80.0,0,-1,confirm,1.0,121.24,105.24,163.04,11093,41.81,37.63,11235,0.987,2.206,0.128,0.3237,6,0.475,8594,0.9723,1,962,-20.9,1,962,-20.9,1,962,-20.9,1,1071,-4.18,0.0552,41.63,3,1739023
80.0,0,1,confirm,1.0,-74.76,-90.76,5.64,8,80.41,74.76,470,0.017,0.22,0.015,-0.3356,6,-0.2826,200,0.3416,0,-1,,0,-1,,0,-1,,0,-1,,0.3059,42.5,6,1750258
80.0,0,-1,fallback,1.0,54.01,38.01,96.65,280,42.64,12.79,375,0.747,0.931,0.171,0.2266,6,0.3759,144,0.6289,0,-1,,0,-1,,0,-1,,0,-1,,0.0964,80.36,6,1750728
80.0,0,1,confirm,1.0,41.44,25.44,82.88,3475,41.44,24.29,4029,0.862,0.986,0.005,-0.4145,7,0.5564,2324,0.938,1,1303,42.87,1,1303,42.87,1,1303,42.87,1,3131,61.45,0.2655,43.05,6,1751103
80.0,0,-1,confirm,1.0,213.46,197.46,257.58,2735,44.12,11.38,2742,0.997,1.875,0.2,0.1598,8,0.5094,1648,0.8966,1,574,-1.42,1,574,-1.42,1,2224,34.15,1,861,7.12,0.6072,41.1,7,1755132
80.0,0,1,confirm,1.0,-69.8,-85.8,16.0,231,85.79,69.8,389,0.594,0.26,0.125,-0.1345,8,-0.0731,362,0.2229,0,-1,,0,-1,,0,-1,,0,-1,,0.2447,45.28,8,1757874
80.0,0,-1,fallback,1.0,-30.75,-46.75,13.18,2,43.93,30.75,57,0.035,1.115,0.092,0.1206,8,0.1223,7,0.1951,0,-1,,0,-1,,0,-1,,0,-1,,0.1616,85.66,8,1758263
80.0,0,1,confirm,1.0,20.44,4.44,62.77,986,42.34,48.18,1360,0.725,1.404,0.058,0.12,8,0.1666,1091,0.6401,0,-1,,0,-1,,0,-1,,0,-1,,0.1579,43.99,8,1758320
80.0,0,-1,confirm,1.0,-74.3,-90.3,11.66,22,85.96,74.3,4450,0.005,1.507,0.054,-0.063,8,0.2339,331,0.8712,1,572,-17.48,1,572,-17.48,1,572,-17.48,1,644,-0.0,0.6185,42.07,8,1759680
80.0,0,1,fallback,1.0,-30.37,-46.37,10.12,47,40.49,30.37,899,0.052,1.805,0.1,0.0279,10,0.5075,202,0.8844,1,760,-23.14,1,760,-23.14,1,760,-23.14,0,-1,,0.4194,86.06,10,1764130
80.0,0,-1,confirm,1.0,4.35,-11.65,44.97,2040,40.62,14.51,2635,0.774,0.888,0.098,0.2356,10,0.2719,2000,0.8929,1,1149,7.25,1,1149,7.25,1,1635,33.36,1,2532,15.96,0.5683,40.45,10,1765029
80.0,0,1,confirm,1.0,27.57,11.57,68.2,3690,40.63,8.71,5052,0.73,1.667,0.101,0.0485,12,0.4081,535,0.9673,1,1094,10.16,1,1094,10.16,1,1094,10.16,1,1094,10.16,0.1981,40.8,11,1767664
80.0,0,-1,confirm,1.0,14.47,-1.53,66.57,3961,52.1,33.29,3996,0.991,1.59,0.088,0.2762,13,0.4833,2831,0.9053,1,1046,-15.92,1,1046,-15.92,1,1046,-15.92,1,1046,-15.92,0.389,40.36,12,1772716
80.0,0,1,confirm,1.0,11.59,-4.41,52.17,13,40.58,2.9,285,0.046,3.944,0.124,-0.0246,13,0.0393,248,0.4135,0,-1,,0,-1,,0,-1,,0,-1,,0.3889,52.45,13,1776712
80.0,0,-1,confirm,1.0,-41.98,-57.98,39.09,294,81.07,41.98,1547,0.19,0.79,0.017,-0.0523,13,0.0917,659,0.6087,1,345,8.69,0,-1,,0,-1,,0,-1,,0.34,40.37,13,1776997
80.0,0,1,fallback,1.0,-37.48,-53.48,2.88,12,40.36,37.48,190,0.063,1.464,0.04,0.2014,14,0.2473,186,0.7074,0,-1,,0,-1,,0,-1,,0,-1,,0.2693,81.38,14,1778544
80.0,0,-1,confirm,1.0,-76.69,-92.69,4.34,3,81.03,76.69,788,0.004,1.514,0.007,-0.2227,14,0.0099,548,0.7247,0,-1,,0,-1,,0,-1,,0,-1,,0.0096,40.35,14,1778734
80.0,0,1,fallback,1.0,-35.9,-51.9,5.74,109,41.64,35.9,244,0.447,1.186,0.076,0.1155,14,0.1444,134,0.7561,0,-1,,0,-1,,0,-1,,0,-1,,0.0777,81.07,14,1779522
80.0,0,-1,confirm,1.0,-1.44,-17.44,38.91,308,40.35,5.76,441,0.698,1.098,0.12,-0.0073,14,0.0385,434,0.5618,0,-1,,0,-1,,0,-1,,0,-1,,0.7541,41.62,14,1779766
80.0,0,1,confirm,1.0,-50.43,-66.43,30.26,386,80.69,50.43,1847,0.209,1.824,0.119,0.1644,14,0.2073,362,0.7017,1,556,-2.88,1,556,-2.88,1,556,-2.88,1,807,-10.09,0.1298,40.51,14,1780207
80.0,0,-1,fallback,1.0,33.31,17.31,73.86,1472,40.55,21.72,1794,0.821,1.763,0.079,0.2968,15,0.4098,1081,0.7397,0,-1,,0,-1,,0,-1,,0,-1,,0.2584,80.45,15,1782054
80.0,0,1,confirm,1.0,-52.31,-68.31,29.06,211,81.37,52.31,991,0.213,0.619,0.104,-0.2548,15,0.0944,719,0.9184,1,751,-15.98,0,-1,,0,-1,,0,-1,,0.4307,40.85,15,1783848
80.0,0,-1,fallback,1.0,-33.6,-49.6,7.3,40,40.9,33.6,553,0.072,2.69,0.161,0.1085,15,0.3343,281,0.7003,0,-1,,0,-1,,0,-1,,0,-1,,0.8364,81.14,15,1784839
80.0,0,1,confirm,1.0,62.6,46.6,103.36,855,40.76,1.46,1202,0.711,2.359,0.102,0.3725,16,0.4327,297,0.8396,0,-1,,0,-1,,0,-1,,0,-1,,0.5274,40.93,15,1785392
80.0,0,-1,confirm,1.0,26.04,10.04,66.55,3095,40.51,10.13,3749,0.826,2.5,0.13,0.2764,17,0.4062,1831,0.9339,1,829,2.89,1,829,2.89,1,829,2.89,1,893,4.34,0.5499,40.35,16,1786594
80.0,0,1,confirm,1.0,87.03,71.03,130.55,17899,43.52,40.62,18190,0.984,1.138,0.162,0.521,22,0.6483,17475,0.9899,1,500,21.76,1,500,21.76,1,500,21.76,1,642,15.96,0.6403,40.78,17,1790343
80.0,0,-1,confirm,1.0,-48.89,-64.89,33.07,2580,81.97,48.89,6352,0.406,1.971,0.082,0.0759,23,0.4024,1229,0.9592,1,199,15.82,1,354,18.69,1,1684,1.44,1,513,1.44,0.3006,42.96,22,1808533
80.0,0,1,fallback,1.0,-4.29,-20.29,37.21,1909,41.5,15.74,3405,0.561,1.605,0.111,0.0996,0,0.3467,1341,0.9615,1,170,-2.86,1,170,-2.86,1,170,-2.86,1,182,-2.86,0.45,82.24,0,1814885
80.0,0,-1,confirm,1.0,-60.13,-76.13,25.77,839,85.9,60.13,1629,0.515,0.463,0.055,0.0988,1,0.2564,429,0.8866,1,523,-11.45,1,523,-11.45,1,523,-11.45,1,638,-15.75,0.2544,41.35,1,1818290
80.0,0,1,fallback,1.0,-21.35,-37.35,19.92,342,41.27,21.35,1632,0.21,1.039,0.211,0.3437,1,0.5352,50,0.8619,1,599,-12.81,1,599,-12.81,1,599,-12.81,1,607,-8.54,0.6952,86.12,1,1819919
80.0,0,-1,confirm,1.0,47.06,31.06,86.99,2405,39.93,4.28,2531,0.95,4.117,0.127,0.3551,2,0.3909,1035,0.9437,1,1935,52.77,1,1935,52.77,1,1935,52.77,0,-1,,0.2243,41.19,1,1821551
80.0,0,1,confirm,1.0,-77.37,-93.37,2.87,25,80.24,77.37,2121,0.012,1.645,0.033,-0.2928,2,0.228,578,0.9043,1,772,-37.25,1,772,-37.25,1,772,-37.25,1,1052,-45.85,0.8866,40.28,2,1824082
80.0,0,-1,fallback,1.0,-20.22,-36.22,20.22,201,40.43,20.22,838,0.24,2.412,0.125,0.4704,3,0.5151,237,0.907,1,799,-17.33,1,799,-17.33,1,799,-17.33,1,836,-17.33,0.3841,80.22,3,1826203
80.0,0,1,confirm,1.0,11.53,-4.47,54.76,510,43.23,-0.0,2016,0.253,0.708,0.281,0.0421,3,0.2436,722,0.9573,1,104,14.41,1,104,14.41,1,984,46.12,1,220,20.18,0.7005,40.52,3,1827041
80.0,0,-1,confirm,1.0,25.91,9.91,67.66,1241,41.74,17.27,1688,0.735,5.53,0.236,0.3125,4,0.3551,23,0.8247,1,562,-4.32,1,562,-4.32,1,562,-4.32,1,595,-4.32,0.6942,43.0,4,1829057
80.0,0,1,confirm,1.0,92.37,76.37,134.22,3951,41.85,4.33,4709,0.839,0.74,0.142,0.0556,5,0.3101,547,0.9807,1,859,31.75,1,859,31.75,1,859,31.75,1,1613,44.74,0.5957,42.03,4,1830745
80.0,0,-1,confirm,1.0,55.77,39.77,97.24,8502,41.47,15.73,9689,0.877,1.222,0.078,0.267,8,0.6618,100,0.9756,1,2102,-8.58,1,2102,-8.58,1,2102,-8.58,1,2115,-10.01,0.0168,41.3,5,1835454
80.0,0,1,confirm,1.0,-67.59,-83.59,12.94,71,80.53,67.59,6419,0.011,2.558,0.142,0.3233,8,0.5825,4805,0.9773,1,588,-12.94,1,588,-12.94,1,588,-12.94,1,1127,-20.13,0.4393,41.88,8,1845143
80.0,0,-1,fallback,1.0,-24.61,-40.61,15.93,38,40.54,24.61,1482,0.026,3.731,0.124,0.3304,10,0.3304,38,0.897,1,628,-2.9,1,628,-2.9,1,628,-2.9,1,636,-5.79,0.1134,80.43,10,1851562
80.0,0,1,confirm,1.0,124.21,108.21,166.09,3931,41.88,67.88,3981,0.987,5.329,0.291,0.211,11,0.3836,1287,0.8826,1,1962,-51.99,1,1962,-51.99,1,1962,-51.99,1,2176,-64.99,0.7204,40.6,10,1853044
80.0,0,-1,confirm,1.0,171.18,155.18,212.55,4929,41.37,2.85,5332,0.924,3.482,0.173,0.3282,13,0.3283,2018,0.8689,1,590,42.8,1,930,37.09,1,2571,54.21,1,1100,48.5,0.2468,41.2,11,1857025
80.0,0,1,confirm,1.0,-72.57,-88.57,7.26,12,79.83,72.57,223,0.054,0.515,0.005,-0.0946,13,0.0928,194,0.6533,0,-1,,0,-1,,0,-1,,0,-1,,0.5892,42.27,13,1862357
80.0,0,-1,confirm,1.0,-42.4,-58.4,2.92,27,45.32,42.4,102,0.265,3.093,0.08,-0.0187,13,-0.0061,83,0.4849,0,-1,,0,-1,,0,-1,,0,-1,,0.4869,79.77,13,1862580
80.0,0,1,confirm,1.0,5.82,-10.18,46.59,310,40.76,4.37,327,0.948,0.284,0.017,-0.1051,13,0.1439,75,0.4312,1,237,27.66,1,237,27.66,0,-1,,1,237,27.66,0.3832,45.33,13,1862682
80.0,0,-1,confirm,1.0,-81.48,-97.48,1.45,3,82.93,81.48,181,0.017,2.579,0.027,0.2138,13,0.2181,45,0.3326,0,-1,,0,-1,,0,-1,,0,-1,,0.2216,40.57,13,1863009
80.0,0,1,fallback,1.0,-14.43,-30.43,25.98,74,40.41,14.43,204,0.363,0.68,0.133,0.0044,13,0.0044,73,0.3547,0,-1,,0,-1,,0,-1,,0,-1,,0.2898,82.95,13,1863190
80.0,0,-1,confirm,1.0,37.58,21.58,79.49,429,41.91,8.67,537,0.799,0.932,0.115,0.2894,13,0.3669,515,0.6904,1,125,7.23,0,-1,,0,-1,,0,-1,,0.1972,40.31,13,1863394
80.0,0,1,confirm,1.0,15.96,-0.04,56.58,363,40.62,37.72,571,0.636,0.676,0.061,-0.0389,13,0.0357,570,0.5443,0,-1,,0,-1,,0,-1,,0,-1,,0.2706,42.25,13,1863931
80.0,0,-1,confirm,1.0,7.24,-8.76,47.8,441,40.56,4.35,613,0.719,1.152,0.096,0.1949,14,0.2305,307,0.822,1,122,18.83,0,-1,,0,-1,,0,-1,,0.0877,40.39,13,1864502
80.0,0,1,confirm,1.0,-53.63,-69.63,27.54,142,81.17,53.63,923,0.154,1.961,0.065,-0.2697,14,0.1424,837,0.7398,0,-1,,0,-1,,0,-1,,0,-1,,0.2786,40.75,14,1865115
80.0,0,-1,fallback,1.0,-37.89,-53.89,2.91,10,40.8,37.89,135,0.074,1.425,0.109,-0.0154,14,0.0478,114,0.2811,0,-1,,0,-1,,0,-1,,0,-1,,0.6267,80.95,14,1866038
80.0,0,1,confirm,1.0,37.75,21.75,78.4,808,40.65,-0.0,942,0.858,2.307,0.094,0.2286,14,0.2784,686,0.813,1,563,58.07,0,-1,,0,-1,,0,-1,,0.2803,40.82,14,1866173
80.0,0,-1,confirm,1.0,10.12,-5.88,52.07,286,41.94,0.0,370,0.773,0.717,0.104,-0.0658,14,0.0097,344,0.6223,0,-1,,0,-1,,0,-1,,0,-1,,0.3003,40.33,14,1867115
80.0,0,1,confirm,1.0,-63.7,-79.7,15.93,224,79.63,63.7,1355,0.165,0.326,0.008,0.0806,14,0.2132,77,0.7286,1,576,-13.03,1,576,-13.03,1,576,-13.03,1,586,-20.27,0.0347,42.16,14,1867485
80.0,0,-1,confirm,1.0,4.37,-11.63,48.08,323,43.71,5.83,848,0.381,2.164,0.114,0.3653,15,0.3765,310,0.8072,0,-1,,0,-1,,0,-1,,0,-1,,0.0515,79.5,15,1868840
80.0,0,1,confirm,1.0,-68.51,-84.51,13.12,71,81.63,68.51,714,0.099,0.799,0.081,0.0629,15,0.1624,507,0.8184,1,643,-39.36,1,643,-39.36,0,-1,,0,-1,,0.3869,43.92,15,1869688
80.0,0,-1,fallback,1.0,74.86,58.86,114.49,830,39.63,14.68,1187,0.699,0.943,0.13,0.3247,15,0.529,599,0.8241,0,-1,,0,-1,,0,-1,,0,-1,,0.5027,81.53,15,1870402
80.0,0,1,confirm,1.0,-16.27,-32.27,25.14,1339,41.41,54.72,1676,0.799,0.913,0.07,-0.3685,16,-0.0049,31,0.7733,0,-1,,0,-1,,0,-1,,0,-1,,0.2907,40.09,15,1871589
80.0,0,-1,confirm,1.0,-57.77,-73.77,23.7,76,81.47,57.77,128,0.594,2.285,0.052,0.5497,16,0.5502,79,0.6498,0,-1,,0,-1,,0,-1,,0,-1,,0.1294,41.3,16,1873265
80.0,0,1,fallback,1.0,-25.04,-41.04,17.67,24,42.71,25.04,130,0.185,3.316,0.083,-0.4133,16,-0.3859,82,0.5521,0,-1,,0,-1,,0,-1,,0,-1,,0.6099,81.66,16,1873393
80.0,0,-1,confirm,1.0,156.5,140.5,203.75,1585,47.25,25.1,1600,0.991,3.221,0.157,0.2665,16,0.4351,1104,0.7388,1,444,-1.48,1,444,-1.48,1,444,-1.48,1,574,-10.34,0.1682,42.63,16,1873523
80.0,0,1,confirm,1.0,-55.5,-71.5,27.0,68,82.5,55.5,343,0.198,0.647,0.074,-0.1575,16,0.0306,337,0.5696,0,-1,,0,-1,,0,-1,,0,-1,,0.0579,48.23,16,1875123
80.0,0,-1,fallback,1.0,-39.22,-55.22,1.51,2,40.72,39.22,79,0.025,1.759,0.075,-0.1268,16,-0.0137,0,0.1467,0,-1,,0,-1,,0,-1,,0,-1,,0.51,82.27,16,1875466
80.0,0,1,confirm,1.0,13.52,-2.48,54.09,261,40.56,9.01,369,0.707,0.616,0.026,0.2593,17,0.3099,365,0.4796,0,-1,,0,-1,,0,-1,,0,-1,,0.6421,40.73,16,1875545
80.0,0,-1,confirm,1.0,9.0,-7.0,51.01,136,42.01,7.5,325,0.418,0.445,0.016,-0.2792,17,-0.0099,184,0.5222,0,-1,,0,-1,,0,-1,,0,-1,,0.0059,40.35,17,1875914
80.0,0,1,confirm,1.0,-79.59,-95.59,0.0,0,79.59,79.59,512,0.0,0.337,0.022,0.039,17,0.0613,27,0.6919,1,51,-15.02,0,-1,,0,-1,,0,-1,,0.1082,42.23,17,1876239
80.0,0,-1,confirm,1.0,86.29,70.29,128.67,217,42.39,3.03,278,0.781,1.2,0.171,0.4012,17,0.5992,31,0.6851,0,-1,,0,-1,,0,-1,,0,-1,,0.3982,79.59,17,1876751
80.0,0,1,confirm,1.0,-6.11,-22.11,44.28,239,50.39,42.75,458,0.522,0.597,0.055,-0.3307,17,-0.1059,432,0.4395,0,-1,,0,-1,,0,-1,,0,-1,,0.0199,42.94,17,1877029
80.0,0,-1,confirm,1.0,71.81,55.81,111.54,1013,39.72,35.14,1030,0.983,5.682,0.12,0.3449,17,0.3896,982,0.8567,1,234,-30.56,1,234,-30.56,1,234,-30.56,1,601,-4.58,0.2303,50.17,17,1877487
80.0,0,1,confirm,1.0,0.0,-16.0,44.63,67,44.63,20.01,131,0.511,0.98,0.025,-0.2847,17,-0.2806,79,0.4846,0,-1,,0,-1,,0,-1,,0,-1,,0.6261,40.17,17,1878517
80.0,0,-1,confirm,1.0,-52.32,-68.32,32.32,459,84.64,52.32,1158,0.396,0.56,0.003,-0.0952,17,0.3153,134,0.7703,1,421,9.23,1,421,9.23,1,421,9.23,1,442,16.93,0.2197,44.43,17,1878648
80.0,0,1,fallback,1.0,131.66,115.66,177.59,907,45.93,9.19,965,0.94,0.644,0.124,-0.1003,18,0.2418,414,0.71,1,76,-4.59,1,462,67.36,1,462,67.36,1,779,122.47,0.2612,84.92,18,1879806
80.0,0,-1,confirm,1.0,16.62,0.62,57.42,1498,40.8,39.29,1852,0.809,1.407,0.038,-0.0349,18,0.4169,949,0.8338,1,414,-1.51,1,414,-1.51,1,1470,51.38,1,1594,46.84,0.3982,45.13,18,1880771
80.0,0,1,confirm,1.0,6.05,-9.95,46.92,409,40.87,21.19,500,0.818,1.282,0.126,0.1294,19,0.2002,236,0.9319,0,-1,,0,-1,,0,-1,,0,-1,,0.0192,41.03,18,1882623
80.0,0,-1,confirm,1.0,43.87,27.87,84.71,680,40.84,6.05,1151,0.591,0.391,0.111,0.1377,19,0.2117,1120,0.8026,1,272,-3.03,1,272,-3.03,1,1132,49.92,0,-1,,0.4333,40.67,19,1883123
80.0,0,1,confirm,1.0,24.31,8.31,65.33,2066,41.02,13.67,2179,0.948,0.451,0.119,0.1007,19,0.4354,1000,0.9127,1,218,13.67,1,218,13.67,1,218,13.67,0,-1,,0.3217,41.19,19,1884274
80.0,0,-1,confirm,1.0,-84.87,-100.87,-0.0,0,84.87,84.87,37,0.0,1.686,0.005,0.0272,20,0.1071,6,0.6228,1,9,-53.05,1,9,-53.05,0,-1,,0,-1,,0.6763,40.75,20,1886453
80.0,0,1,fallback,1.0,22.54,6.54,63.12,20,40.58,-0.0,170,0.118,5.009,0.158,0.0817,20,0.1132,39,0.4076,0,-1,,0,-1,,0,-1,,0,-1,,0.5312,84.87,20,1886490
80.0,0,-1,confirm,1.0,-83.97,-99.97,14.99,13,98.97,83.97,109,0.119,1.063,0.091,-0.0588,20,-0.0492,21,0.4275,0,-1,,0,-1,,0,-1,,0,-1,,0.2891,40.32,20,1886660
80.0,0,1,fallback,1.0,-19.33,-35.33,28.25,4,47.58,19.33,132,0.03,2.843,0.196,0.1818,20,0.1977,56,0.5571,0,-1,,0,-1,,0,-1,,0,-1,,0.3657,99.11,20,1886769
80.0,0,-1,confirm,1.0,-68.53,-84.53,13.41,34,81.94,68.53,1088,0.031,0.572,0.094,-0.1614,20,-0.0304,996,0.6598,0,-1,,0,-1,,0,-1,,0,-1,,0.4104,47.45,20,1886901
80.0,0,1,fallback,1.0,-29.59,-45.59,11.84,367,41.43,29.59,497,0.738,1.761,0.05,-0.2368,20,0.2222,3,0.8772,1,21,4.44,1,21,4.44,1,21,4.44,1,21,4.44,0.227,82.05,20,1887989
80.0,0,-1,confirm,1.0,-71.24,-87.24,10.39,8,81.63,71.24,900,0.009,0.459,0.019,0.1737,20,0.2832,74,0.4883,1,125,-10.39,1,125,-10.39,1,125,-10.39,1,302,-22.26,0.0593,41.38,20,1888486
80.0,0,1,fallback,1.0,-22.1,-38.1,20.63,65,42.74,22.1,91,0.714,2.921,0.122,0.5691,20,0.5691,66,0.8444,0,-1,,0,-1,,0,-1,,0,-1,,0.4533,81.71,20,1889386
80.0,0,-1,confirm,1.0,29.54,13.54,69.41,1261,39.88,28.06,1344,0.938,1.113,0.096,-0.0197,21,0.2886,678,0.7961,1,697,26.58,1,697,26.58,1,697,26.58,0,-1,,0.8336,42.65,20,1889477
80.0,0,1,confirm,1.0,103.69,87.69,145.16,2860,41.48,41.48,2970,0.963,2.788,0.2,0.4179,22,0.4962,1451,0.8956,1,2051,56.29,1,2051,56.29,1,2051,56.29,1,2178,53.33,0.4206,40.15,21,1890821
80.0,0,-1,confirm,1.0,35.19,19.19,76.24,2789,41.05,13.19,4677,0.596,0.658,0.086,0.0589,22,0.2923,2321,0.9527,1,776,27.86,1,776,27.86,1,2043,35.19,1,1310,45.45,0.3869,40.88,22,1893791
80.0,0,1,confirm,1.0,8.83,-7.17,51.49,2733,42.67,14.71,3272,0.835,1.355,0.11,0.0415,0,0.689,1422,0.9586,1,330,25.01,1,330,25.01,1,330,25.01,1,333,25.01,0.7727,41.37,23,1898468
80.0,0,-1,confirm,1.0,51.45,35.45,91.14,3817,39.69,19.11,4005,0.953,1.188,0.069,0.3484,1,0.5425,1763,0.9323,1,1165,17.64,1,1165,17.64,1,1165,17.64,1,1165,17.64,0.7003,42.45,0,1901740
80.0,0,1,confirm,1.0,7.39,-8.61,48.76,2023,41.37,14.78,2901,0.697,1.71,0.141,0.234,1,0.7087,996,0.9818,1,223,-7.39,1,654,-2.96,1,1586,17.73,1,1586,17.73,0.8575,40.05,1,1905745
80.0,0,-1,confirm,1.0,-42.82,-58.82,38.39,3862,81.2,42.82,9531,0.405,2.821,0.171,0.1338,3,0.6947,6031,0.9569,1,1451,-16.24,1,1764,-22.15,1,2920,-1.48,1,3919,17.72,0.7475,41.17,2,1908646
80.0,0,1,fallback,1.0,85.27,69.27,126.43,787,41.16,-0.0,808,0.974,2.134,0.202,0.2881,5,0.7074,2,0.9809,0,-1,,0,-1,,0,-1,,0,-1,,0.7328,81.52,4,1918177
80.0,0,-1,confirm,1.0,-81.63,-97.63,4.37,9,86.01,81.63,1243,0.007,2.653,0.089,-0.1491,5,0.3021,1136,0.8712,0,-1,,0,-1,,0,-1,,0,-1,,0.2267,40.65,5,1918985
80.0,0,1,fallback,1.0,-24.58,-40.58,15.91,37,40.49,24.58,129,0.287,2.723,0.091,0.0688,5,0.069,36,0.6556,1,55,-2.89,0,-1,,0,-1,,0,-1,,0.2291,86.04,5,1920228
80.0,0,-1,confirm,1.0,-75.37,-91.37,5.8,1140,81.17,75.37,2970,0.384,1.091,0.138,0.557,5,0.6439,1507,0.9405,1,2225,-26.09,1,2225,-26.09,1,2225,-26.09,1,2407,-11.6,0.4182,40.42,5,1920357
80.0,0,1,fallback,1.0,-18.7,-34.7,21.58,52,40.28,18.7,305,0.17,4.352,0.212,0.2059,6,0.268,3,0.4971,0,-1,,0,-1,,0,-1,,0,-1,,0.7343,81.22,6,1923327
80.0,0,-1,confirm,1.0,157.11,141.11,197.46,17198,40.36,31.71,17640,0.975,2.589,0.146,0.2203,11,0.5441,14742,0.9909,1,1051,7.21,1,1051,7.21,1,1051,7.21,1,1547,-5.77,0.3638,40.2,6,1923632
80.0,0,1,confirm,1.0,-58.57,-74.57,21.97,53,80.54,58.57,4341,0.012,1.49,0.086,-0.2744,11,0.6721,1639,0.9263,1,2166,-23.43,1,2166,-23.43,1,2166,-23.43,1,2166,-23.43,0.6834,41.17,11,1941272
80.0,0,-1,fallback,1.0,-30.93,-46.93,13.26,70,44.19,30.93,199,0.352,2.925,0.104,0.3474,12,0.386,109,0.7313,0,-1,,0,-1,,0,-1,,0,-1,,0.5247,80.36,12,1945613
80.0,0,1,confirm,1.0,73.42,57.42,117.47,16,44.05,-0.0,33,0.485,6.885,0.24,0.0652,12,0.1546,32,0.4567,1,18,105.73,0,-1,,0,-1,,0,-1,,0.6054,44.25,12,1945812
80.0,0,-1,confirm,1.0,29.15,13.15,71.43,2263,42.27,17.49,2561,0.884,0.726,0.035,-0.2164,13,0.3244,1053,0.8398,1,1102,16.03,1,1102,16.03,1,1102,16.03,1,1173,16.03,0.2188,43.54,12,1945845
80.0,0,1,confirm,1.0,-73.1,-89.1,7.31,11,80.41,73.1,1069,0.01,3.46,0.064,0.2554,13,0.2586,10,0.9715,0,-1,,0,-1,,0,-1,,0,-1,,0.7864,42.58,13,1948406
80.0,0,-1,fallback,1.0,-17.67,-33.67,23.56,87,41.24,17.67,165,0.527,1.523,0.132,0.0265,13,0.0451,44,0.4238,0,-1,,0,-1,,0,-1,,0,-1,,0.015,80.35,13,1949475
80.0,0,1,confirm,1.0,-74.98,-90.98,5.88,5,80.86,74.98,287,0.017,0.97,0.049,0.0834,13,0.1495,121,0.583,0,-1,,0,-1,,0,-1,,0,-1,,0.0704,41.33,13,1949640
80.0,0,-1,fallback,1.0,195.53,179.53,235.52,489,39.99,8.89,498,0.982,2.413,0.203,0.2117,13,0.2123,493,0.5112,0,-1,,0,-1,,0,-1,,0,-1,,0.532,80.81,13,1949927
80.0,0,1,confirm,1.0,-80.07,-96.07,3.02,5,83.09,80.07,85,0.059,2.191,0.172,-0.1966,13,-0.1895,32,0.0539,0,-1,,0,-1,,0,-1,,0,-1,,0.2564,40.96,13,1950425
80.0,0,-1,fallback,1.0,-4.57,-20.57,36.55,22,41.12,15.23,59,0.373,1.831,0.183,0.2493,13,0.2493,22,0.4806,0,-1,,0,-1,,0,-1,,0,-1,,0.1976,83.07,13,1950510
80.0,0,1,confirm,1.0,4.57,-11.43,47.19,72,42.62,-0.0,92,0.783,0.624,0.096,-0.2121,13,-0.2121,72,0.0332,0,-1,,0,-1,,0,-1,,0,-1,,0.4806,41.27,13,1950569
80.0,0,-1,confirm,1.0,35.0,19.0,80.65,42,45.65,0.0,60,0.7,0.961,0.143,0.2199,13,0.2254,2,0.3506,0,-1,,0,-1,,0,-1,,0,-1,,0.0071,42.42,13,1950661
80.0,0,1,confirm,1.0,-65.66,-81.66,16.8,7,82.46,65.66,89,0.079,1.084,0.098,-0.1928,13,-0.159,67,0.1094,0,-1,,0,-1,,0,-1,,0,-1,,0.2529,46.02,13,1950721
80.0,0,-1,fallback,1.0,-3.07,-19.07,41.5,32,44.57,3.07,96,0.333,2.467,0.135,0.1635,13,0.2188,1,0.5877,0,-1,,0,-1,,0,-1,,0,-1,,0.0216,82.32,13,1950810
80.0,0,1,confirm,1.0,-84.51,-100.51,0.0,0,84.51,84.51,27,0.0,0.793,0.1,-0.1802,13,-0.1718,7,-0.0201,0,-1,,0,-1,,0,-1,,0,-1,,0.1661,44.76,13,1950906
80.0,0,-1,fallback,1.0,-17.05,-33.05,24.79,11,41.84,17.05,30,0.367,1.25,0.131,0.1886,13,0.1942,0,0.1572,0,-1,,0,-1,,0,-1,,0,-1,,0.1244,84.51,13,1950933
80.0,0,1,confirm,1.0,3.09,-12.91,43.32,48,40.22,4.64,68,0.706,0.973,0.071,-0.1063,13,-0.1063,48,0.3611,0,-1,,0,-1,,0,-1,,0,-1,,0.1221,41.95,13,1950963
80.0,0,-1,confirm,1.0,27.84,11.84,71.14,59,43.3,20.11,111,0.532,1.181,0.119,0.1131,13,0.1227,11,0.1003,0,-1,,0,-1,,0,-1,,0,-1,,0.3611,40.05,13,1951031
80.0,0,1,confirm,1.0,26.36,10.36,72.89,82,46.53,65.14,129,0.636,1.04,0.062,-0.0609,14,-0.0531,21,0.1624,0,-1,,0,-1,,0,-1,,0,-1,,0.0771,43.61,13,1951142
80.0,0,-1,confirm,1.0,-75.79,-91.79,10.83,3,86.62,75.79,58,0.052,1.115,0.053,0.0562,14,0.0732,54,0.1583,0,-1,,0,-1,,0,-1,,0,-1,,0.1422,46.19,14,1951271
80.0,0,1,fallback,1.0,6.14,-9.86,47.59,93,41.45,4.61,116,0.802,0.775,0.033,-0.0143,14,-0.0143,93,0.1077,0,-1,,0,-1,,0,-1,,0,-1,,0.1337,86.71,14,1951329
80.0,0,-1,confirm,1.0,-62.9,-78.9,21.48,44,84.38,62.9,223,0.197,0.554,0.01,0.0363,14,0.0386,18,0.289,0,-1,,0,-1,,0,-1,,0,-1,,0.0672,41.25,14,1951445
80.0,0,1,fallback,1.0,77.76,61.76,118.92,156,41.16,4.57,171,0.912,0.837,0.104,0.1135,14,0.1389,164,0.6144,0,-1,,0,-1,,0,-1,,0,-1,,0.2605,84.56,14,1951668
80.0,0,-1,confirm,1.0,83.21,67.21,125.57,376,42.36,19.67,396,0.949,1.231,0.013,-0.1103,14,-0.084,307,0.6912,0,-1,,0,-1,,0,-1,,0,-1,,0.4039,40.68,14,1951839
80.0,0,1,confirm,1.0,57.97,41.97,105.26,264,47.29,42.72,313,0.843,0.694,0.012,0.0058,14,0.1204,74,0.3267,1,183,65.6,1,183,65.6,0,-1,,0,-1,,0.1558,42.9,14,1952235
80.0,0,-1,confirm,1.0,-1.52,-17.52,39.44,151,40.95,30.34,239,0.632,0.596,0.018,-0.1212,14,0.0235,76,0.3637,0,-1,,0,-1,,0,-1,,0,-1,,0.1785,46.8,14,1952548
80.0,0,1,confirm,1.0,141.04,125.04,183.5,438,42.46,56.11,450,0.973,6.092,0.116,0.2962,14,0.3586,390,0.6474,0,-1,,0,-1,,0,-1,,0,-1,,0.291,41.11,14,1952787
80.0,0,-1,confirm,1.0,71.78,55.78,119.64,226,47.85,11.96,317,0.713,0.651,0.019,-0.191,14,-0.1855,215,0.4522,0,-1,,0,-1,,0,-1,,0,-1,,0.2702,41.7,14,1953237
80.0,0,1,confirm,1.0,13.56,-2.44,54.23,760,40.67,64.77,876,0.868,1.337,0.086,0.2618,14,0.308,875,0.5927,1,286,-49.71,1,286,-49.71,1,286,-49.71,0,-1,,0.0199,48.43,14,1953554
80.0,0,-1,confirm,1.0,52.65,36.65,93.26,573,40.61,30.08,666,0.86,1.624,0.131,0.2675,15,0.2756,605,0.6717,0,-1,,0,-1,,0,-1,,0,-1,,0.4852,40.45,14,1954430
80.0,0,1,confirm,1.0,-65.02,-81.02,15.12,19,80.15,65.02,607,0.031,0.564,0.072,-0.2286,15,-0.0875,564,0.7777,0,-1,,0,-1,,0,-1,,0,-1,,0.5818,41.0,15,1955096
80.0,0,-1,fallback,1.0,27.4,11.4,68.49,99,41.1,4.57,138,0.717,1.884,0.128,0.1407,15,0.1794,73,0.4488,0,-1,,0,-1,,0,-1,,0,-1,,0.601,80.02,15,1955703
80.0,0,1,confirm,1.0,29.0,13.0,71.73,119,42.74,16.79,179,0.665,1.4,0.014,-0.0145,15,-0.0091,166,0.6048,0,-1,,0,-1,,0,-1,,0,-1,,0.2454,41.38,15,1955841
80.0,0,-1,confirm,1.0,-74.57,-90.57,12.17,65,86.74,74.57,961,0.068,1.317,0.042,-0.0489,15,0.0422,0,0.5832,0,-1,,0,-1,,0,-1,,0,-1,,0.4088,42.43,15,1956020
80.0,0,1,fallback,1.0,-34.74,-50.74,6.04,2,40.79,34.74,136,0.015,0.743,0.074,0.0998,15,0.1588,89,0.4919,0,-1,,0,-1,,0,-1,,0,-1,,0.4357,86.85,15,1956981
80.0,0,-1,confirm,1.0,7.58,-8.42,48.51,313,40.93,10.61,415,0.754,1.284,0.044,0.1085,15,0.1626,321,0.6188,1,387,27.29,1,387,27.29,0,-1,,0,-1,,0.4063,40.76,15,1957117
80.0,0,1,confirm,1.0,128.94,112.94,169.9,1530,40.96,16.69,1573,0.973,1.696,0.095,0.2477,16,0.325,1439,0.857,0,-1,,0,-1,,0,-1,,0,-1,,0.529,41.13,15,1957532
80.0,0,-1,confirm,1.0,125.81,109.81,167.74,2038,41.94,1.5,2208,0.923,7.492,0.144,-0.0707,16,0.5511,1597,0.8928,1,2034,151.27,1,2034,151.27,1,2034,151.27,1,2118,149.77,0.1906,40.27,16,1959105
80.0,0,1,confirm,1.0,92.52,76.52,133.47,1662,40.95,24.27,1894,0.878,2.685,0.218,0.0634,17,0.1592,111,0.7264,1,426,-18.2,1,426,-18.2,0,-1,,1,442,-19.72,0.241,42.65,16,1961313
80.0,0,-1,confirm,1.0,-90.17,-106.17,3.01,2,93.18,90.17,392,0.005,0.794,0.084,0.0983,17,0.1316,179,0.6776,1,245,-55.61,1,245,-55.61,0,-1,,0,-1,,0.3108,40.41,17,1963207
80.0,0,1,fallback,1.0,-8.94,-24.94,31.28,45,40.21,8.94,325,0.138,2.354,0.132,0.1213,17,0.1431,15,0.8146,1,125,7.45,1,125,7.45,0,-1,,0,-1,,0.075,93.21,17,1963599
80.0,0,-1,confirm,1.0,14.91,-1.09,55.16,1081,40.25,31.31,1309,0.826,0.875,0.102,0.0796,17,0.1237,1194,0.6053,0,-1,,0,-1,,0,-1,,0,-1,,0.1669,40.09,17,1963924
80.0,0,1,confirm,1.0,-53.75,-69.75,26.87,438,80.62,53.75,736,0.595,0.819,0.093,0.0227,18,0.1003,484,0.6468,1,403,16.42,1,599,-35.83,0,-1,,0,-1,,0.2754,40.47,17,1965233
80.0,0,-1,fallback,1.0,31.52,15.52,84.06,527,52.54,28.52,757,0.696,1.227,0.163,-0.1403,18,0.0155,193,0.5553,0,-1,,0,-1,,0,-1,,0,-1,,0.1468,80.41,18,1965969
80.0,0,1,confirm,1.0,3.01,-12.99,43.67,29,40.66,7.53,186,0.156,2.646,0.008,0.3181,18,0.349,36,0.7969,0,-1,,0,-1,,0,-1,,0,-1,,0.6984,52.98,18,1966726
80.0,0,-1,confirm,1.0,36.13,20.13,76.77,1524,40.64,25.59,1655,0.921,0.406,0.06,0.0493,18,0.1326,792,0.7511,1,931,43.65,1,931,43.65,0,-1,,0,-1,,0.4125,40.48,18,1966912
80.0,0,1,confirm,1.0,-63.45,-79.45,18.13,387,81.58,63.45,1457,0.266,0.45,0.077,0.0609,18,0.1852,632,0.8059,1,772,-24.17,1,772,-24.17,0,-1,,0,-1,,0.1319,40.96,18,1968567
80.0,0,-1,fallback,1.0,-31.93,-47.93,12.16,605,44.09,31.93,698,0.867,3.6,0.034,0.3443,19,0.3952,604,0.9014,0,-1,,0,-1,,0,-1,,0,-1,,0.2831,81.44,19,1970024
80.0,0,1,confirm,1.0,-4.55,-20.55,36.37,571,40.92,16.67,1646,0.347,0.417,0.131,0.1749,19,0.4878,1297,0.89,0,-1,,0,-1,,0,-1,,0,-1,,0.5526,44.15,19,1970722
80.0,0,-1,confirm,1.0,-71.27,-87.27,10.61,85,81.88,71.27,473,0.18,1.311,0.085,-0.1435,19,0.0221,442,0.4219,0,-1,,0,-1,,0,-1,,0,-1,,0.5278,40.77,19,1972368
80.0,0,1,fallback,1.0,12.04,-3.96,57.21,1570,45.17,21.08,1875,0.837,0.655,0.091,-0.2672,20,0.3183,1797,0.8671,1,1192,36.13,1,1192,36.13,1,1192,36.13,1,1192,36.13,0.1107,81.97,20,1972841
80.0,0,-1,confirm,1.0,21.05,5.05,63.16,1411,42.11,25.56,1747,0.808,0.669,0.186,0.3483,20,0.355,1339,0.8608,1,600,24.06,1,600,24.06,0,-1,,1,600,24.06,0.328,44.91,20,1974716
80.0,0,1,confirm,1.0,85.9,69.9,126.58,2096,40.69,9.04,2423,0.865,1.714,0.197,0.2502,21,0.2977,1955,0.8797,1,276,7.53,1,918,10.55,1,918,10.55,1,1027,6.03,0.5205,42.37,21,1976463
80.0,0,-1,confirm,1.0,-74.7,-90.7,7.47,36,82.18,74.7,5784,0.006,0.238,0.041,-0.1148,21,0.3761,4109,0.9545,1,1934,-5.98,1,1934,-5.98,1,4221,-25.4,1,2468,-5.98,0.2107,40.18,21,1978886
80.0,0,1,fallback,1.0,158.68,142.68,201.69,803,43.01,2.97,853,0.941,2.54,0.261,0.209,23,0.2982,683,0.8137,1,174,7.42,1,174,7.42,1,174,7.42,0,-1,,0.319,82.24,23,1984670
80.0,0,-1,confirm,1.0,91.97,75.97,132.85,1453,40.88,0.0,2529,0.575,0.599,0.113,0.2212,23,0.2573,1620,0.8356,1,484,59.85,1,604,68.61,1,1883,103.65,0,-1,,0.1401,42.16,23,1985523
80.0,0,1,confirm,1.0,-47.15,-63.15,33.89,456,81.04,47.15,3035,0.15,1.877,0.117,0.1531,0,0.1886,542,0.7779,1,744,-10.31,1,744,-10.31,0,-1,,1,820,-25.05,0.6619,41.43,0,1988052
80.0,0,-1,fallback,1.0,-29.61,-45.61,10.36,105,39.97,29.61,696,0.151,2.57,0.088,0.0311,1,0.3283,680,0.825,1,67,4.44,0,-1,,0,-1,,0,-1,,0.2037,80.76,1,1991087
80.0,0,1,confirm,1.0,-70.85,-86.85,8.86,68,79.7,70.85,766,0.089,0.814,0.106,-0.2556,1,0.4094,758,0.7999,0,-1,,0,-1,,0,-1,,0,-1,,0.0955,40.01,1,1991783
80.0,0,-1,confirm,1.0,-20.81,-36.81,19.33,423,40.14,20.81,1247,0.339,0.428,0.098,-0.3715,1,0.3669,828,0.8976,1,1024,-17.84,1,1024,-17.84,1,1024,-17.84,1,1045,-8.92,0.3064,79.63,1,1992549
80.0,0,1,confirm,1.0,-69.72,-85.72,10.38,10,80.11,69.72,1306,0.008,0.317,0.076,0.1787,1,0.4413,375,0.8803,1,471,-19.28,1,471,-19.28,1,471,-19.28,1,481,-22.25,0.4778,40.21,1,1993796
80.0,0,-1,fallback,1.0,89.63,73.63,134.45,110,44.82,0.0,143,0.769,4.18,0.318,0.3089,2,0.313,25,0.5498,0,-1,,0,-1,,0,-1,,0,-1,,0.4591,80.02,2,1995102
80.0,0,1,confirm,1.0,-48.24,-64.24,33.16,229,81.4,48.24,450,0.509,0.645,0.093,-0.2235,2,-0.1741,393,0.3118,0,-1,,0,-1,,0,-1,,0,-1,,0.4698,45.43,2,1995245
80.0,0,-1,fallback,1.0,-28.78,-44.78,13.63,165,42.41,28.78,248,0.665,1.057,0.034,0.1646,2,0.2364,238,0.6631,0,-1,,0,-1,,0,-1,,0,-1,,0.1694,81.13,2,1995695
80.0,0,1,confirm,1.0,48.33,32.33,89.11,296,40.78,-0.0,402,0.736,0.496,0.098,-0.055,2,0.3325,373,0.868,0,-1,,0,-1,,0,-1,,0,-1,,0.522,42.47,2,1995943
80.0,0,-1,confirm,1.0,45.09,29.09,85.68,1790,40.58,40.58,1864,0.96,3.55,0.074,0.3077,3,0.3201,1806,0.754,1,1269,54.11,1,1269,54.11,1,1269,54.11,0,-1,,0.1343,40.42,2,1996345
80.0,0,1,confirm,1.0,95.12,79.12,135.89,510,40.77,10.57,839,0.608,1.723,0.197,0.048,3,0.2876,828,0.7553,0,-1,,0,-1,,0,-1,,0,-1,,0.6742,40.93,3,1998209
80.0,0,-1,confirm,1.0,7.48,-8.52,49.36,450,41.88,7.48,584,0.771,0.345,0.143,0.2978,3,0.3413,559,0.7929,0,-1,,0,-1,,0,-1,,0,-1,,0.1459,40.22,3,1999048
80.0,0,1,confirm,1.0,140.7,124.7,184.1,1242,43.41,25.45,1267,0.98,1.447,0.176,0.2146,3,0.3506,1015,0.8261,1,599,25.45,1,599,25.45,0,-1,,0,-1,,0.3222,42.09,3,1999632
80.0,0,-1,confirm,1.0,-81.18,-97.18,1.48,2,82.66,81.18,465,0.004,1.87,0.111,-0.1781,3,-0.1096,123,0.3711,0,-1,,0,-1,,0,-1,,0,-1,,0.5191,42.62,3,2000899
80.0,0,1,fallback,1.0,-11.71,-27.71,29.28,22,41.0,11.71,80,0.275,2.407,0.102,0.2335,3,0.267,51,0.7387,0,-1,,0,-1,,0,-1,,0,-1,,0.1954,82.67,3,2001364
80.0,0,-1,confirm,1.0,-60.1,-76.1,36.65,3224,96.75,60.1,8506,0.379,2.16,0.079,-0.1015,4,0.4451,6241,0.9775,1,821,11.73,1,821,11.73,1,2863,8.8,1,2192,24.92,0.5506,40.88,3,2001444
80.0,0,1,fallback,1.0,71.4,55.4,112.2,295,40.8,8.74,409,0.721,0.651,0.296,0.3814,6,0.4839,191,0.7687,0,-1,,0,-1,,0,-1,,0,-1,,0.3797,97.1,6,2009950
80.0,0,-1,confirm,1.0,-63.66,-79.66,20.25,166,83.91,63.66,804,0.206,2.484,0.103,-0.2611,6,-0.0118,782,0.7583,0,-1,,0,-1,,0,-1,,0,-1,,0.244,40.35,6,2010359
80.0,0,1,fallback,1.0,1.44,-14.56,41.69,432,40.25,38.82,800,0.54,1.12,0.139,0.2401,6,0.2815,217,0.6082,0,-1,,0,-1,,0,-1,,0,-1,,0.2698,84.08,6,2011163
80.0,0,-1,confirm,1.0,-77.62,-93.62,7.19,15,84.81,77.62,566,0.027,0.527,0.024,-0.0779,6,0.1033,310,0.7574,1,340,-34.5,1,340,-34.5,0,-1,,1,422,-47.43,0.2536,40.09,6,2011963
80.0,0,1,fallback,1.0,31.38,15.38,79.87,111,48.5,-0.0,142,0.782,3.245,0.194,0.2577,7,0.3024,27,0.5269,0,-1,,0,-1,,0,-1,,0,-1,,0.6592,84.87,7,2012529
80.0,0,-1,confirm,1.0,-73.94,-89.94,8.53,81,82.47,73.94,1679,0.048,0.414,0.097,-0.1783,7,0.1471,1191,0.7548,1,1234,-28.44,1,1234,-28.44,0,-1,,0,-1,,0.2593,48.11,7,2012671
80.0,0,1,fallback,1.0,-42.34,-58.34,0.0,0,42.34,42.34,206,0.0,1.412,0.087,0.0732,7,0.1729,26,0.5281,0,-1,,0,-1,,0,-1,,0,-1,,0.5763,82.54,7,2014350
80.0,0,-1,confirm,1.0,72.29,56.29,117.65,3517,45.36,62.37,4696,0.749,0.94,0.087,0.2433,8,0.3508,3059,0.9142,1,2152,41.11,1,2152,41.11,1,3964,94.97,1,4056,86.46,0.3187,42.34,7,2014556
80.0,0,1,confirm,1.0,-72.82,-88.82,7.14,2,79.95,72.82,3147,0.001,4.856,0.092,0.2947,8,0.2947,2,0.7687,1,600,-39.98,1,600,-39.98,1,600,-39.98,1,601,-41.4,0.0496,45.9,8,2019252
80.0,0,-1,confirm,1.0,56.09,40.09,97.8,365,41.71,5.75,471,0.775,2.176,0.241,0.3536,9,0.3543,353,0.695,0,-1,,0,-1,,0,-1,,0,-1,,0.3773,79.9,9,2022399
80.0,0,1,confirm,1.0,-62.19,-78.19,18.8,40,81.0,62.19,2700,0.015,1.22,0.072,-0.1435,9,0.126,2068,0.8555,1,1329,1.45,1,1582,-14.46,0,-1,,1,2696,-52.07,0.5663,42.12,9,2022870
80.0,0,-1,fallback,1.0,-40.75,-56.75,-0.0,0,40.75,40.75,317,0.0,2.3,0.162,0.1445,10,0.1896,242,0.6691,0,-1,,0,-1,,0,-1,,0,-1,,0.5929,80.84,10,2025570
80.0,0,1,confirm,1.0,-63.78,-79.78,15.94,1151,79.72,63.78,2656,0.433,2.897,0.127,-0.0361,11,0.2441,2612,0.9614,1,1066,-20.29,1,1843,-42.04,1,2654,-60.88,1,1981,-47.83,0.4335,40.75,10,2025887
80.0,0,-1,confirm,1.0,-20.42,-36.42,21.88,1472,42.3,30.63,1907,0.772,1.566,0.095,0.2459,11,0.3095,1542,0.7809,1,828,-29.18,0,-1,,0,-1,,0,-1,,0.0158,79.59,11,2028543
80.0,0,1,confirm,1.0,27.66,11.66,71.33,1035,43.67,7.28,1225,0.845,2.317,0.101,-0.1239,12,0.2039,767,0.702,1,830,29.12,1,830,29.12,1,830,29.12,1,904,46.59,0.2386,42.4,12,2030450
80.0,0,-1,confirm,1.0,-76.95,-92.95,4.36,31,81.3,76.95,736,0.042,0.661,0.012,0.083,12,0.1264,132,0.5512,1,205,-30.49,1,205,-30.49,0,-1,,1,269,-37.75,0.0746,43.37,12,2031675
80.0,0,1,fallback,1.0,4.32,-11.68,44.66,32,40.34,-0.0,66,0.485,2.322,0.182,0.3899,12,0.4198,17,0.3793,0,-1,,0,-1,,0,-1,,0,-1,,0.2948,81.34,12,2032411
80.0,0,-1,confirm,1.0,97.93,81.93,138.25,353,40.32,5.76,384,0.919,1.717,0.153,-0.0292,12,0.007,366,0.621,0,-1,,0,-1,,0,-1,,0,-1,,0.3143,40.16,12,2032477
80.0,0,1,confirm,1.0,20.36,4.36,61.08,340,40.72,56.72,510,0.667,1.672,0.016,-0.0275,12,0.022,435,0.5864,0,-1,,0,-1,,0,-1,,0,-1,,0.4724,40.89,12,2032861
80.0,0,-1,confirm,1.0,-44.99,-60.99,36.28,1268,81.28,44.99,1402,0.904,1.171,0.051,-0.0443,13,0.077,9,0.7594,1,57,-21.77,0,-1,,0,-1,,0,-1,,0.2772,40.47,12,2033371
80.0,0,1,fallback,1.0,-27.45,-43.45,13.0,6,40.46,27.45,34,0.176,3.24,0.091,0.0128,13,0.0505,11,0.1037,0,-1,,0,-1,,0,-1,,0,-1,,0.1856,81.57,13,2034773
80.0,0,-1,confirm,1.0,78.24,62.24,118.81,364,40.57,7.24,389,0.936,3.219,0.098,0.1568,13,0.1568,364,0.6573,0,-1,,0,-1,,0,-1,,0,-1,,0.0938,40.4,13,2034807
80.0,0,1,confirm,1.0,54.03,38.03,96.38,734,42.35,-0.0,809,0.907,2.464,0.062,-0.0219,13,-0.0215,780,0.5303,0,-1,,0,-1,,0,-1,,0,-1,,0.2475,41.06,13,2035196
80.0,0,-1,confirm,1.0,-62.45,-78.45,26.14,44,88.6,62.45,123,0.358,0.853,0.006,0.0523,13,0.072,55,0.6071,0,-1,,0,-1,,0,-1,,0,-1,,0.1831,41.94,13,2036005
80.0,0,1,fallback,1.0,-12.99,-28.99,27.42,36,40.42,12.99,107,0.336,2.577,0.103,-0.0003,13,0.0039,22,0.2326,0,-1,,0,-1,,0,-1,,0,-1,,0.5413,88.83,13,2036128
80.0,0,-1,confirm,1.0,-62.15,-78.15,18.79,13,80.94,62.15,370,0.035,0.51,0.043,0.029,13,0.099,296,0.633,0,-1,,0,-1,,0,-1,,0,-1,,0.204,40.31,13,2036235
80.0,0,1,fallback,1.0,5.75,-10.25,48.84,235,43.09,25.85,346,0.679,1.622,0.099,0.0302,13,0.0559,294,0.4703,0,-1,,0,-1,,0,-1,,0,-1,,0.5728,81.09,13,2036605
80.0,0,-1,confirm,1.0,-70.34,-86.34,18.66,72,89.0,70.34,236,0.305,0.773,0.03,-0.094,13,-0.0129,8,0.319,0,-1,,0,-1,,0,-1,,0,-1,,0.2054,42.88,13,2036951
80.0,0,1,fallback,1.0,44.19,28.19,86.96,161,42.77,8.55,182,0.885,1.843,0.147,0.245,13,0.2557,141,0.6007,0,-1,,0,-1,,0,-1,,0,-1,,0.1168,89.17,13,2037187
80.0,0,-1,confirm,1.0,-11.35,-27.35,31.22,448,42.58,66.7,483,0.928,0.617,0.0,-0.0142,14,-0.0118,450,0.5556,0,-1,,0,-1,,0,-1,,0,-1,,0.3442,42.4,13,2037369
80.0,0,1,confirm,1.0,59.54,43.54,102.07,595,42.53,24.1,655,0.908,1.051,0.114,0.1247,14,0.1566,550,0.5263,0,-1,,0,-1,,0,-1,,0,-1,,0.043,42.71,14,2037852
80.0,0,-1,confirm,1.0,-63.42,-79.42,18.32,11,81.74,63.42,236,0.047,0.58,0.03,-0.0966,14,-0.0926,19,0.3415,0,-1,,0,-1,,0,-1,,0,-1,,0.0289,42.1,14,2038507
80.0,0,1,fallback,1.0,-42.01,-58.01,2.8,2,44.81,42.01,21,0.095,1.238,0.081,0.153,14,0.1579,6,0.2787,0,-1,,0,-1,,0,-1,,0,-1,,0.1733,81.89,14,2038743
80.0,0,-1,confirm,1.0,-66.09,-82.09,21.09,34,87.19,66.09,135,0.252,0.912,0.019,-0.1608,14,-0.1389,1,0.0657,0,-1,,0,-1,,0,-1,,0,-1,,0.2776,44.8,14,2038764
80.0,0,1,fallback,1.0,11.18,-4.82,51.69,396,40.51,30.73,490,0.808,1.025,0.092,0.1441,14,0.2284,49,0.506,0,-1,,0,-1,,0,-1,,0,-1,,0.0035,87.37,14,2038899
80.0,0,-1,confirm,1.0,114.43,98.43,156.29,956,41.86,30.7,1093,0.875,1.254,0.094,0.0968,14,0.2545,655,0.7317,1,1011,131.17,1,1011,131.17,1,1011,131.17,0,-1,,0.462,40.31,14,2039389
80.0,0,1,confirm,1.0,1.41,-14.59,45.17,199,43.76,7.06,359,0.554,0.614,0.017,0.0226,14,0.044,345,0.5943,0,-1,,0,-1,,0,-1,,0,-1,,0.1865,42.53,14,2040482
80.0,0,-1,confirm,1.0,32.46,16.46,74.81,641,42.34,0.0,804,0.797,1.363,0.065,0.0577,15,0.1417,435,0.5179,1,696,64.93,1,696,64.93,0,-1,,0,-1,,0.555,43.56,14,2040841
80.0,0,1,confirm,1.0,65.14,49.14,107.62,151,42.48,-0.0,178,0.848,2.991,0.13,0.2384,15,0.2554,168,0.7514,0,-1,,0,-1,,0,-1,,0,-1,,0.2849,42.66,15,2041645
80.0,0,-1,confirm,1.0,-0.0,-16.0,43.61,284,43.61,0.0,420,0.676,0.224,0.056,-0.2312,15,-0.153,395,0.6471,0,-1,,0,-1,,0,-1,,0,-1,,0.4474,42.03,15,2041823
80.0,0,1,confirm,1.0,70.34,54.34,111.14,468,40.8,19.7,490,0.955,4.375,0.199,0.2203,15,0.2343,73,0.729,1,153,2.81,1,153,2.81,1,153,2.81,0,-1,,0.1475,43.8,15,2042243
80.0,0,-1,confirm,1.0,-48.9,-64.9,32.13,182,81.03,48.9,815,0.223,0.816,0.05,-0.1146,15,-0.0812,574,0.5464,0,-1,,0,-1,,0,-1,,0,-1,,0.4409,40.35,15,2042733
80.0,0,1,fallback,1.0,2.78,-13.22,43.1,195,40.32,1.39,403,0.484,0.379,0.131,0.3574,15,0.3606,44,0.6706,0,-1,,0,-1,,0,-1,,0,-1,,0.3797,81.29,15,2043548
80.0,0,-1,confirm,1.0,12.51,-3.49,54.2,353,41.7,20.85,445,0.793,3.793,0.108,0.2309,15,0.2391,416,0.6871,0,-1,,0,-1,,0,-1,,0,-1,,0.0987,40.14,15,2043951
80.0,0,1,confirm,1.0,176.73,160.73,222.66,464,45.92,16.7,468,0.991,5.666,0.161,0.0241,16,0.0725,468,0.4638,0,-1,,0,-1,,0,-1,,0,-1,,0.4357,41.92,15,2044396
80.0,0,-1,confirm,1.0,64.27,48.27,103.92,853,39.66,34.19,957,0.891,0.52,0.076,-0.0283,16,0.0658,635,0.4498,1,716,97.09,0,-1,,0,-1,,0,-1,,0.1524,44.92,16,2044864
80.0,0,1,confirm,1.0,-74.32,-90.32,5.51,33,79.82,74.32,238,0.139,1.264,0.022,0.1189,16,0.1264,37,0.6229,1,237,-71.57,1,237,-71.57,0,-1,,0,-1,,0.0242,40.07,16,2045821
80.0,0,-1,confirm,1.0,-30.5,-46.5,13.87,27,44.37,30.5,197,0.137,2.005,0.084,-0.0058,16,0.0534,13,0.4427,1,21,1.39,0,-1,,0,-1,,0,-1,,0.6196,79.78,16,2046059
80.0,0,1,confirm,1.0,81.56,65.56,123.03,680,41.47,26.26,722,0.942,1.481,0.159,0.2223,16,0.2675,533,0.6769,0,-1,,0,-1,,0,-1,,0,-1,,0.3274,44.43,16,2046256
80.0,0,-1,confirm,1.0,32.91,16.91,72.67,1447,39.76,8.23,2043,0.708,0.534,0.085,0.0817,17,0.1899,1683,0.9046,1,694,32.91,1,694,32.91,0,-1,,1,896,15.08,0.2647,40.97,16,2046978
80.0,0,1,confirm,1.0,-53.65,-69.65,26.14,135,79.79,53.65,441,0.306,1.377,0.095,0.1317,17,0.2172,258,0.5862,0,-1,,0,-1,,0,-1,,0,-1,,0.0621,40.06,17,2049021
80.0,0,-1,confirm,1.0,-24.9,-40.9,15.21,76,40.11,24.9,258,0.295,1.723,0.087,-0.0504,17,-0.0226,145,0.488,0,-1,,0,-1,,0,-1,,0,-1,,0.423,79.58,17,2049462
80.0,0,1,confirm,1.0,2.76,-13.24,44.15,504,41.39,15.18,795,0.634,0.841,0.102,-0.0806,17,0.0802,624,0.6976,1,18,4.14,0,-1,,0,-1,,0,-1,,0.003,40.17,17,2049720
80.0,0,-1,confirm,1.0,-46.9,-62.9,34.48,153,81.38,46.9,1772,0.086,1.762,0.084,0.066,17,0.2522,1205,0.804,0,-1,,0,-1,,0,-1,,0,-1,,0.3806,41.21,17,2050515
80.0,0,1,fallback,1.0,-10.98,-26.98,34.32,449,45.3,10.98,716,0.627,2.055,0.094,0.3755,18,0.3798,430,0.7229,0,-1,,0,-1,,0,-1,,0,-1,,0.052,81.66,18,2052287
80.0,0,-1,confirm,1.0,11.0,-5.0,52.23,830,41.23,19.24,1003,0.828,0.5,0.096,0.2739,18,0.4472,986,0.8001,0,-1,,0,-1,,0,-1,,0,-1,,0.6808,45.15,18,2053003
80.0,0,1,confirm,1.0,123.83,107.83,165.11,3569,41.28,38.53,3835,0.931,1.041,0.119,0.2297,19,0.3647,819,0.8397,1,1272,-22.01,1,1272,-22.01,1,1272,-22.01,1,1332,-23.39,0.4149,41.45,18,2054006
80.0,0,-1,confirm,1.0,10.87,-5.13,51.64,1061,40.77,46.21,1302,0.815,1.709,0.123,-0.1523,19,0.2002,355,0.8759,1,759,28.54,1,759,28.54,1,759,28.54,1,916,27.18,0.1739,40.61,19,2057841
80.0,0,1,confirm,1.0,-17.69,-33.69,24.49,81,42.18,66.67,100,0.81,5.972,0.066,0.0911,20,0.159,42,0.3033,0,-1,,0,-1,,0,-1,,0,-1,,0.264,40.98,19,2059143
80.0,0,-1,confirm,1.0,44.98,28.98,88.59,795,43.61,23.17,1741,0.457,2.153,0.134,0.0684,20,0.1209,870,0.7937,1,1457,80.41,1,1457,80.41,0,-1,,1,1704,64.06,0.0677,42.07,20,2059243
80.0,0,1,confirm,1.0,-80.78,-96.78,5.48,18,86.25,80.78,218,0.083,2.26,0.072,0.1526,20,0.1772,8,0.611,0,-1,,0,-1,,0,-1,,0,-1,,0.0067,44.0,20,2060984
80.0,0,-1,fallback,1.0,4.14,-11.86,44.17,189,40.03,4.14,360,0.525,1.684,0.126,0.0757,20,0.1535,345,0.7059,0,-1,,0,-1,,0,-1,,0,-1,,0.4549,86.21,20,2061202
80.0,0,1,confirm,1.0,-78.71,-94.71,4.14,697,82.85,78.71,1449,0.481,0.968,0.023,0.1359,20,0.1679,564,0.7454,1,749,-11.05,1,749,-11.05,0,-1,,1,805,-20.71,0.5992,40.21,20,2061562
80.0,0,-1,fallback,1.0,-36.19,-52.19,4.18,881,40.36,36.19,1171,0.752,0.645,0.032,0.2017,21,0.347,822,0.8898,0,-1,,0,-1,,0,-1,,0,-1,,0.7131,82.82,21,2063011
80.0,0,1,confirm,1.0,0.0,-16.0,40.22,575,40.22,16.64,1001,0.574,0.743,0.117,0.1747,21,0.3658,251,0.8627,1,841,24.96,1,841,24.96,1,841,24.96,1,856,16.64,0.0989,40.38,21,2064182
80.0,0,-1,confirm,1.0,47.15,31.15,87.37,1470,40.22,27.74,1858,0.791,6.846,0.248,0.3107,22,0.3107,1470,0.903,1,224,-23.58,1,224,-23.58,1,224,-23.58,1,337,-27.74,0.7926,40.06,21,2065183
80.0,0,1,confirm,1.0,58.52,42.52,98.93,6966,40.41,33.44,7955,0.876,6.305,0.24,0.3687,0,0.4483,6366,0.9828,1,245,-2.79,1,245,-2.79,1,4152,-2.79,1,335,-2.79,0.3609,40.57,22,2067041
80.0,0,-1,confirm,1.0,44.33,28.33,84.5,652,40.17,6.93,1597,0.408,3.364,0.231,0.2202,0,0.2549,1040,0.8155,1,1244,74.8,1,1244,74.8,1,1244,74.8,1,1252,76.19,0.49,40.01,0,2074996
80.0,0,1,confirm,1.0,8.35,-7.65,51.48,5913,43.13,70.96,6078,0.973,1.21,0.166,0.3707,2,0.3976,2209,0.9922,1,673,-23.65,1,673,-23.65,1,673,-23.65,1,828,-33.39,0.3688,40.51,0,2076593
80.0,0,-1,confirm,1.0,-68.12,-84.12,12.51,2575,80.63,68.12,5668,0.454,0.475,0.119,-0.1976,3,0.3159,5035,0.9235,1,1320,-33.37,1,1320,-33.37,1,1320,-33.37,1,1354,-40.32,0.1238,42.91,2,2082671
80.0,0,1,fallback,1.0,-17.95,-33.95,23.47,1199,41.43,20.71,1558,0.77,3.673,0.173,0.5663,4,0.5709,1194,0.9774,1,499,-2.76,1,499,-2.76,1,499,-2.76,1,585,-17.95,0.205,80.73,4,2088339
80.0,0,-1,confirm,1.0,67.78,51.78,107.9,3456,40.12,19.37,4512,0.766,9.238,0.199,0.6505,5,0.7116,3413,0.9422,1,1522,45.65,1,1522,45.65,1,1522,45.65,1,1810,45.65,0.7214,41.33,4,2089897
80.0,0,1,confirm,1.0,33.43,17.43,73.82,3781,40.39,25.07,4593,0.823,0.453,0.074,0.1655,6,0.5023,178,0.9771,1,627,-2.79,1,627,-2.79,1,627,-2.79,1,1476,-15.32,0.7183,40.55,5,2094409
80.0,0,-1,confirm,1.0,4.16,-11.84,44.42,7913,40.26,43.03,11941,0.663,1.229,0.161,0.2761,9,0.5073,5861,0.9793,1,90,-6.94,1,726,-5.55,1,726,-5.55,1,1114,-9.72,0.3514,40.09,7,2099002
80.0,0,1,confirm,1.0,41.66,25.66,83.32,11774,41.66,65.27,13075,0.9,4.294,0.072,0.4375,13,0.6868,7348,0.9839,1,174,0.0,1,1297,-13.89,1,1297,-13.89,1,1297,-13.89,0.0081,40.44,10,2110943
80.0,0,-1,confirm,1.0,-67.76,-83.76,13.83,21,81.59,67.76,1581,0.013,2.392,0.059,-0.2229,14,0.2688,650,0.908,1,773,-20.74,1,773,-20.74,1,773,-20.74,1,824,-37.34,0.6432,41.32,14,2124018
80.0,0,1,fallback,1.0,12.36,-3.64,53.57,2762,41.21,28.85,3077,0.898,0.429,0.152,0.4421,15,0.5049,2657,0.9268,1,670,-27.47,1,670,-27.47,1,670,-27.47,1,680,-26.1,0.4152,81.71,14,2125599
80.0,0,-1,confirm,1.0,94.66,78.66,134.45,6411,39.79,24.69,6824,0.939,2.846,0.212,0.563,17,0.5791,4997,0.9282,1,1517,-21.95,1,1517,-21.95,1,1517,-21.95,1,1717,-2.74,0.3431,40.99,15,2128676
80.0,0,1,confirm,1.0,-59.56,-75.56,20.78,1674,80.33,59.56,4438,0.377,0.414,0.034,-0.3586,17,0.0016,3878,0.9248,0,-1,,0,-1,,0,-1,,0,-1,,0.6543,40.33,17,2135500
80.0,0,-1,fallback,1.0,-39.01,-55.01,1.39,94,40.41,39.01,613,0.153,0.511,0.183,0.4857,18,0.4939,79,0.9818,1,599,-37.62,1,599,-37.62,1,599,-37.62,0,-1,,0.0362,80.17,18,2139938
80.0,0,1,confirm,1.0,-94.38,-110.38,0.0,0,94.38,94.38,2949,0.0,1.202,0.138,0.051,18,0.0555,8,0.9197,1,23,-8.33,0,-1,,0,-1,,0,-1,,0.583,40.41,18,2140551
80.0,0,-1,fallback,1.0,15.41,-0.59,56.05,761,40.63,0.0,2408,0.316,1.21,0.049,0.192,19,0.362,1793,0.9051,1,1401,36.43,1,1401,36.43,1,1401,36.43,1,1462,23.82,0.0514,94.38,19,2143500
80.0,0,1,confirm,1.0,11.23,-4.77,51.92,5299,40.7,14.03,5678,0.933,1.468,0.054,0.188,21,0.3994,4917,0.9865,1,1884,-1.4,1,1884,-1.4,1,1884,-1.4,1,1968,-2.81,0.553,40.86,20,2145908
80.0,0,-1,confirm,1.0,109.34,93.34,151.39,2218,42.05,0.0,2316,0.958,3.542,0.174,0.1563,22,0.1628,2217,0.935,1,144,29.44,1,144,29.44,0,-1,,1,458,29.44,0.9186,40.49,21,2151586
80.0,0,1,confirm,1.0,42.52,26.52,85.03,2939,42.52,11.34,3302,0.89,0.618,0.067,0.0068,23,0.1749,2841,0.8951,1,2923,75.11,1,2923,75.11,0,-1,,1,3238,66.61,0.4444,42.7,22,2153902
80.0,0,-1,confirm,1.0,16.93,0.93,59.27,559,42.34,2.82,3897,0.143,0.474,0.165,0.2139,23,0.4551,2179,0.9646,1,2489,42.34,1,2489,42.34,1,2489,42.34,1,2567,43.75,0.1968,42.16,23,2157204
80.0,0,1,confirm,1.0,-2.83,-18.83,38.17,6350,41.0,42.41,7397,0.858,0.439,0.096,0.0108,2,0.3926,5551,0.9874,1,2070,-12.72,1,2070,-12.72,1,2070,-12.72,1,2070,-12.72,0.2186,42.59,0,2161101
80.0,0,-1,confirm,1.0,41.01,25.01,82.01,11340,41.01,38.18,11624,0.976,0.916,0.153,0.1622,5,0.4982,4239,0.9815,1,724,4.24,1,724,4.24,1,724,4.24,1,843,-4.24,0.6641,40.84,2,2168498
80.0,0,1,confirm,1.0,208.72,192.72,249.89,11402,41.18,35.5,11784,0.968,0.168,0.145,0.1954,8,0.6248,1228,0.9979,1,2065,12.78,1,2065,12.78,1,2065,12.78,1,2087,11.36,0.526,41.35,5,2180122
80.0,0,-1,confirm,1.0,43.12,27.12,84.84,4424,41.72,19.47,5165,0.857,2.128,0.121,0.2545,10,0.3603,4393,0.9782,1,198,-4.17,1,1353,20.86,1,1353,20.86,1,2485,23.64,0.212,40.17,8,2191906
80.0,0,1,confirm,1.0,-12.57,-28.57,27.94,2701,40.51,67.05,3113,0.868,3.956,0.207,0.3509,11,0.501,2673,0.955,1,1172,-40.51,1,1172,-40.51,1,1172,-40.51,1,1243,-40.51,0.1917,42.08,10,2197071
80.0,0,-1,confirm,1.0,-69.93,-85.93,11.19,456,81.12,69.93,2673,0.171,0.994,0.12,0.098,11,0.1566,2636,0.7937,1,346,-6.99,1,346,-6.99,0,-1,,1,567,-2.8,0.1765,40.4,11,2200184
80.0,0,1,fallback,1.0,-37.5,-53.5,4.17,120,41.67,37.5,1365,0.088,0.465,0.081,0.2216,11,0.3502,596,0.8454,0,-1,,0,-1,,0,-1,,0,-1,,0.2155,81.21,11,2202857
80.0,0,-1,confirm,1.0,-82.25,-98.25,11.15,41,93.41,82.25,814,0.05,1.225,0.13,-0.1457,12,0.0067,573,0.775,0,-1,,0,-1,,0,-1,,0,-1,,0.0713,41.65,12,2204222
80.0,0,1,fallback,1.0,-40.1,-56.1,0.0,0,40.1,40.1,146,0.0,4.926,0.293,0.1574,12,0.1574,0,0.4391,1,139,-38.72,1,139,-38.72,0,-1,,0,-1,,0.5431,93.51,12,2205036
80.0,0,-1,confirm,1.0,56.92,40.92,97.18,1922,40.26,8.33,2441,0.787,1.477,0.178,0.1004,13,0.1718,2299,0.8833,1,433,22.21,1,433,22.21,0,-1,,1,584,34.71,0.0635,40.1,12,2205182
80.0,0,1,confirm,1.0,25.13,9.13,67.02,1863,41.89,16.76,2500,0.745,0.277,0.106,-0.0546,13,0.2907,2323,0.8724,1,144,-9.77,1,1004,2.79,0,-1,,1,1598,23.74,0.1045,40.66,13,2207623
80.0,0,-1,confirm,1.0,4.18,-11.82,48.75,4506,44.57,55.71,4676,0.964,1.379,0.081,0.128,15,0.4407,2182,0.9259,1,733,-8.36,1,733,-8.36,1,733,-8.36,1,883,-26.46,0.2755,41.61,13,2210123
80.0,0,1,confirm,1.0,6.97,-9.03,48.77,1210,41.8,13.93,1388,0.872,1.562,0.14,0.4033,15,0.4033,1210,0.9725,1,312,19.51,1,1312,32.05,1,1312,32.05,1,1336,26.47,0.5555,44.79,15,2214799
80.0,0,-1,confirm,1.0,50.13,34.13,90.5,3488,40.38,38.99,3927,0.888,0.897,0.128,0.1686,16,0.333,1158,0.9205,1,618,2.78,1,618,2.78,1,618,2.78,1,2481,-22.28,0.537,41.6,15,2216187
80.0,0,1,confirm,1.0,30.79,14.79,72.77,1514,41.98,39.18,1748,0.866,3.623,0.166,0.1633,17,0.2188,1697,0.7494,1,1049,15.39,1,1049,15.39,1,1049,15.39,1,1090,15.39,0.0445,40.75,16,2220114
80.0,0,-1,confirm,1.0,57.2,41.2,97.66,1560,40.46,2.79,1817,0.859,1.201,0.144,0.1653,17,0.319,461,0.8506,1,702,20.93,1,702,20.93,1,702,20.93,1,747,19.53,0.5426,41.68,17,2221862
80.0,0,1,confirm,1.0,23.85,7.85,64.54,1308,40.69,8.42,1784,0.733,1.222,0.075,-0.0397,18,0.2057,990,0.9488,1,1281,56.12,1,1281,56.12,1,1281,56.12,1,1320,58.93,0.5601,40.86,17,2223679
80.0,0,-1,confirm,1.0,41.99,25.99,82.59,3119,40.59,4.2,4835,0.645,5.652,0.145,0.2129,19,0.4015,2034,0.9798,1,556,16.8,1,556,16.8,1,556,16.8,1,737,16.8,0.0478,40.43,18,2225463
80.0,0,1,confirm,1.0,-59.04,-75.04,25.3,46,84.34,59.04,846,0.054,2.162,0.188,-0.1403,19,-0.0767,592,0.9194,0,-1,,0,-1,,0,-1,,0,-1,,0.4953,40.93,19,2230298
80.0,0,-1,fallback,1.0,22.62,6.62,63.63,127,41.01,2.83,201,0.632,3.878,0.246,0.259,19,0.3369,27,0.6239,0,-1,,0,-1,,0,-1,,0,-1,,0.2535,84.13,19,2231144
80.0,0,1,confirm,1.0,60.94,44.94,103.46,1582,42.52,18.42,2444,0.647,1.719,0.186,0.314,20,0.3845,839,0.9268,1,1984,68.03,1,1984,68.03,1,1984,68.03,1,2096,83.62,0.19,41.27,19,2231345
80.0,0,-1,confirm,1.0,4.23,-11.77,45.08,986,40.85,7.04,1744,0.565,0.289,0.082,-0.0809,20,0.2909,1736,0.9507,1,22,-2.82,1,375,26.76,0,-1,,1,377,21.13,0.468,42.08,20,2233789
80.0,0,1,confirm,1.0,-69.05,-85.05,11.27,2246,80.33,69.05,2890,0.777,0.389,0.12,0.0363,21,0.4035,691,0.9795,1,1530,-26.78,1,1530,-26.78,1,1530,-26.78,1,2294,8.46,0.6546,41.04,20,2235533
80.0,0,-1,fallback,1.0,-12.77,-28.77,28.38,175,41.15,12.77,782,0.224,1.31,0.213,-0.0692,21,0.0474,396,0.9381,0,-1,,0,-1,,0,-1,,0,-1,,0.8248,80.24,21,2238423
80.0,0,1,confirm,1.0,92.12,76.12,133.22,185,41.1,2.83,507,0.365,2.676,0.243,0.1517,22,0.327,27,0.5793,1,215,99.21,1,215,99.21,1,215,99.21,1,215,99.21,0.6543,41.27,22,2239205
80.0,0,-1,confirm,1.0,64.6,48.6,105.32,745,40.72,0.0,791,0.942,3.216,0.148,0.1075,22,0.1075,745,0.8463,1,259,21.06,0,-1,,0,-1,,0,-1,,0.1191,40.56,22,2239712
80.0,0,1,confirm,1.0,1.41,-14.59,42.4,86,40.99,11.31,326,0.264,1.124,0.004,0.0323,22,0.0323,86,0.7535,0,-1,,0,-1,,0,-1,,0,-1,,0.2754,41.16,22,2240503
80.0,0,-1,confirm,1.0,101.75,85.75,142.74,1590,40.98,33.92,1677,0.948,5.369,0.188,0.1976,22,0.2252,1577,0.8424,1,78,-18.37,1,1262,45.22,0,-1,,0,-1,,0.7535,40.82,22,2240829
80.0,0,1,confirm,1.0,71.39,55.39,112.79,1066,41.4,2.86,1265,0.843,1.899,0.067,0.0155,23,0.2688,545,0.7959,1,616,64.25,1,616,64.25,1,616,64.25,1,1000,82.81,0.3675,41.58,22,2242506
80.0,0,-1,confirm,1.0,-80.81,-96.81,-0.0,0,80.81,80.81,772,0.0,0.571,0.036,-0.1524,23,-0.0333,443,0.5912,0,-1,,0,-1,,0,-1,,0,-1,,0.6405,40.94,23,2243771
80.0,0,1,fallback,1.0,50.63,34.63,91.41,572,40.78,18.28,941,0.608,2.738,0.152,0.1335,23,0.305,131,0.6837,1,388,36.56,1,388,36.56,1,388,36.56,0,-1,,0.5222,80.81,23,2244543
80.0,0,-1,confirm,1.0,34.98,18.98,75.56,1362,40.58,34.98,1587,0.858,1.218,0.123,0.223,0,0.229,1341,0.7261,0,-1,,0,-1,,0,-1,,0,-1,,0.3813,40.41,23,2245484
80.0,0,1,confirm,1.0,9.83,-6.17,50.55,118,40.72,1.4,261,0.452,3.507,0.113,0.0913,0,0.1443,113,0.5348,0,-1,,0,-1,,0,-1,,0,-1,,0.4872,40.89,0,2247071
80.0,0,-1,confirm,1.0,86.97,70.97,129.05,964,42.08,21.04,1061,0.909,3.295,0.179,0.2278,0,0.2278,964,0.6214,0,-1,,0,-1,,0,-1,,0,-1,,0.2176,40.51,0,2247332
80.0,0,1,confirm,1.0,32.55,16.55,73.58,569,41.04,16.98,837,0.68,0.777,0.123,0.0899,0,0.0935,567,0.6989,1,680,55.19,0,-1,,0,-1,,0,-1,,0.3993,42.63,0,2248393
80.0,0,-1,confirm,1.0,-59.24,-75.24,23.98,72,83.22,59.24,479,0.15,0.931,0.011,0.2721,0,0.2721,72,0.7439,0,-1,,0,-1,,0,-1,,0,-1,,0.6475,40.74,0,2249230
80.0,0,1,fallback,1.0,12.62,-3.38,53.28,247,40.66,-0.0,453,0.545,0.769,0.148,0.2053,0,0.2313,148,0.7001,0,-1,,0,-1,,0,-1,,0,-1,,0.1179,83.42,0,2249709
80.0,0,-1,confirm,1.0,18.2,2.2,58.82,965,40.61,30.81,1099,0.878,2.39,0.164,-0.053,1,0.054,440,0.6681,1,483,-14.0,0,-1,,0,-1,,0,-1,,0.2516,40.45,1,2250162
80.0,0,1,confirm,1.0,14.03,-1.97,57.52,1743,43.49,44.89,2351,0.741,2.257,0.044,0.1817,1,0.4474,1167,0.9065,1,2334,29.46,1,2334,29.46,1,2334,29.46,1,2334,29.46,0.2214,40.85,1,2251261
80.0,0,-1,confirm,1.0,79.85,63.85,120.48,823,40.63,37.83,896,0.919,3.816,0.242,0.1993,2,0.4154,771,0.9433,1,175,-36.42,1,175,-36.42,1,175,-36.42,0,-1,,0.6562,43.24,2,2253612
80.0,0,1,confirm,1.0,309.28,293.28,354.47,3333,45.19,16.95,3417,0.975,0.741,0.162,0.2289,3,0.4068,2087,0.819,1,945,129.93,1,945,129.93,1,945,129.93,1,1372,138.4,0.2759,41.12,2,2254508
80.0,0,-1,confirm,1.0,73.97,57.97,115.07,4220,41.1,38.36,4468,0.944,1.359,0.125,0.1545,4,0.3793,2911,0.909,1,1825,26.03,1,1825,26.03,1,1825,26.03,1,2142,12.33,0.2282,43.64,3,2257925
80.0,0,1,confirm,1.0,-80.04,-96.04,0.0,0,80.04,80.04,845,0.0,0.405,0.016,0.183,4,0.2173,740,0.8728,1,81,-12.42,1,81,-12.42,0,-1,,1,497,-28.98,0.2831,41.57,4,2262393
80.0,0,-1,fallback,1.0,77.91,61.91,118.25,1936,40.35,5.56,2066,0.937,1.226,0.136,0.0616,5,0.2185,1490,0.9498,1,256,-4.17,1,1733,80.69,1,1733,80.69,1,2063,82.08,0.1846,80.04,4,2263238
80.0,0,1,confirm,1.0,14.02,-1.98,56.09,1217,42.06,7.01,1601,0.76,1.204,0.087,0.0849,5,0.3744,1489,0.9719,1,962,-1.4,1,962,-1.4,1,962,-1.4,0,-1,,0.3474,40.83,5,2265304
80.0,0,-1,confirm,1.0,-79.81,-95.81,1.4,5,81.21,79.81,777,0.006,0.828,0.016,-0.3042,5,-0.2044,765,0.567,0,-1,,0,-1,,0,-1,,0,-1,,0.2856,41.83,5,2266905
80.0,0,1,fallback,1.0,40.28,24.28,81.96,413,41.67,-0.0,464,0.89,3.781,0.193,0.176,6,0.3606,234,0.7288,0,-1,,0,-1,,0,-1,,0,-1,,0.101,81.22,5,2267682
80.0,0,-1,confirm,1.0,-73.33,-89.33,9.68,102,83.01,73.33,1102,0.093,0.236,0.079,-0.0915,6,0.0963,496,0.8638,1,511,-23.52,0,-1,,0,-1,,0,-1,,0.0417,41.33,6,2268146
80.0,0,1,fallback,1.0,0.0,-16.0,41.2,301,41.2,17.85,388,0.776,1.325,0.146,0.2062,6,0.2215,4,0.7151,0,-1,,0,-1,,0,-1,,0,-1,,0.1045,83.09,6,2269248
80.0,0,-1,confirm,1.0,60.43,44.43,100.26,2097,39.83,2.75,2856,0.734,1.079,0.142,0.1541,7,0.2653,775,0.88,1,1291,52.19,1,1291,52.19,1,1291,52.19,1,2257,65.93,0.5503,41.03,6,2269636
80.0,0,1,confirm,1.0,38.69,22.69,81.53,2851,42.84,13.82,3158,0.903,0.949,0.03,-0.0782,8,0.3588,1290,0.9272,1,573,-8.29,1,573,-8.29,1,1493,17.96,1,593,-6.91,0.7524,40.23,7,2272492
80.0,0,-1,confirm,1.0,-48.18,-64.18,34.41,1506,82.59,48.18,2674,0.563,0.677,0.087,0.0365,8,0.312,2374,0.9144,1,648,-30.28,1,648,-30.28,1,1475,23.4,1,1727,-4.13,0.3386,42.49,8,2275650
80.0,0,1,fallback,1.0,-39.73,-55.73,1.37,42,41.1,39.73,286,0.147,3.634,0.083,0.1975,8,0.1975,42,0.4618,0,-1,,0,-1,,0,-1,,0,-1,,0.1592,82.87,8,2278324
80.0,0,-1,confirm,1.0,-67.39,-83.39,13.75,925,81.14,67.39,4289,0.216,1.629,0.055,0.062,9,0.4228,3266,0.9024,1,805,-9.63,1,805,-9.63,1,805,-9.63,1,1131,-41.26,0.4596,41.09,8,2278610
80.0,0,1,fallback,1.0,23.22,7.22,64.21,770,40.98,6.83,1199,0.642,0.72,0.102,0.0863,10,0.1942,205,0.689,1,773,60.11,1,773,60.11,0,-1,,1,861,40.98,0.4476,81.26,10,2282899
80.0,0,-1,confirm,1.0,81.78,65.78,122.67,2976,40.89,10.9,3688,0.807,0.684,0.165,0.1152,11,0.5431,1365,0.9415,1,2097,38.16,1,2097,38.16,1,2097,38.16,1,3621,98.13,0.0721,40.72,10,2284098
80.0,0,1,confirm,1.0,16.49,0.49,57.72,94,41.23,23.36,123,0.764,6.607,0.193,0.3012,11,0.3716,84,0.7459,0,-1,,0,-1,,0,-1,,0,-1,,0.0532,41.4,11,2287786
80.0,0,-1,confirm,1.0,43.9,27.9,87.8,1375,43.9,10.98,1679,0.819,1.248,0.073,0.1528,11,0.2192,1310,0.754,1,1091,72.71,1,1091,72.71,1,1454,67.22,0,-1,,0.4071,40.99,11,2287909
80.0,0,1,confirm,1.0,-59.25,-75.25,22.05,43,81.3,59.25,78,0.551,5.764,0.101,0.0695,12,0.1131,13,0.3688,1,48,-12.4,1,48,-12.4,0,-1,,1,76,-48.23,0.0867,44.29,11,2289588
80.0,0,-1,fallback,1.0,-38.81,-54.81,1.39,15,40.2,38.81,65,0.231,4.464,0.081,0.1401,12,0.1432,4,0.424,0,-1,,0,-1,,0,-1,,0,-1,,0.2094,81.12,12,2289666
80.0,0,1,confirm,1.0,194.7,178.7,237.5,784,42.81,1.38,892,0.879,0.568,0.118,0.2854,12,0.3178,871,0.758,0,-1,,0,-1,,0,-1,,0,-1,,0.4006,40.21,12,2289731
80.0,0,-1,confirm,1.0,-70.43,-86.43,21.67,471,92.1,70.43,1079,0.437,0.659,0.061,0.2132,12,0.2386,453,0.6741,1,945,-1.35,1,945,-1.35,1,945,-1.35,1,992,-0.0,0.0081,41.81,12,2290623
80.0,0,1,fallback,1.0,-16.14,-32.14,25.55,10,41.69,16.14,60,0.167,6.107,0.146,0.0845,12,0.306,0,0.3459,0,-1,,0,-1,,0,-1,,0,-1,,0.4215,92.3,12,2291702
80.0,0,-1,confirm,1.0,92.95,76.95,133.37,270,40.41,8.08,619,0.436,0.355,0.104,-0.0228,12,0.3493,546,0.6763,0,-1,,0,-1,,0,-1,,0,-1,,0.0285,41.59,12,2291762
80.0,0,1,confirm,1.0,28.56,12.56,69.35,1018,40.79,62.55,1370,0.743,1.119,0.176,0.215,13,0.2199,1019,0.7434,0,-1,,0,-1,,0,-1,,0,-1,,0.0471,40.96,12,2292381
80.0,0,-1,confirm,1.0,-80.0,-96.0,4.07,21,84.07,80.0,216,0.097,1.151,0.039,-0.1698,13,-0.1363,80,-0.1275,0,-1,,0,-1,,0,-1,,0,-1,,0.3145,40.51,13,2293751
80.0,0,1,fallback,1.0,-44.39,-60.39,1.35,348,45.74,44.39,607,0.573,0.711,0.115,0.1898,13,0.2544,37,0.7181,0,-1,,0,-1,,0,-1,,0,-1,,0.5434,84.1,13,2293967
80.0,0,-1,confirm,1.0,60.8,44.8,110.8,458,49.99,0.0,472,0.97,1.759,0.232,0.053,13,0.0552,464,0.7256,1,472,60.8,0,-1,,0,-1,,0,-1,,0.2205,45.73,13,2294574
80.0,0,1,confirm,1.0,32.63,16.63,74.77,56,42.14,-0.0,203,0.276,2.335,0.003,0.0317,13,0.0317,56,0.2969,0,-1,,0,-1,,0,-1,,0,-1,,0.3638,50.55,13,2295046
80.0,0,-1,confirm,1.0,90.79,74.79,134.15,741,43.36,37.94,760,0.975,2.226,0.079,0.1268,13,0.2063,650,0.5663,0,-1,,0,-1,,0,-1,,0,-1,,0.2527,41.83,13,2295249
80.0,0,1,confirm,1.0,-6.84,-22.84,34.19,360,41.02,46.49,480,0.75,1.611,0.016,-0.2889,13,-0.0805,195,0.3925,0,-1,,0,-1,,0,-1,,0,-1,,0.0647,43.95,13,2296009
80.0,0,-1,confirm,1.0,-78.0,-94.0,6.84,96,84.84,78.0,271,0.354,0.255,0.019,0.3871,13,0.3932,114,0.5651,0,-1,,0,-1,,0,-1,,0,-1,,0.45,40.88,13,2296489
80.0,0,1,fallback,1.0,-5.43,-21.43,35.3,307,40.73,21.72,347,0.885,3.593,0.083,-0.1586,14,-0.0454,291,0.1919,0,-1,,0,-1,,0,-1,,0,-1,,0.1234,84.9,13,2296760
80.0,0,-1,confirm,1.0,-0.0,-16.0,40.76,33,40.76,1.36,71,0.465,0.647,0.022,0.1396,14,0.1422,44,0.382,0,-1,,0,-1,,0,-1,,0,-1,,0.3405,40.59,14,2297107
80.0,0,1,confirm,1.0,-70.64,-86.64,9.51,11,80.15,70.64,209,0.053,0.419,0.072,-0.1311,14,-0.1309,7,0.1373,0,-1,,0,-1,,0,-1,,0,-1,,0.1749,40.92,14,2297178
80.0,0,-1,fallback,1.0,58.83,42.83,98.51,354,39.68,19.15,356,0.994,1.047,0.116,0.0852,14,0.258,52,0.4802,0,-1,,0,-1,,0,-1,,0,-1,,0.0608,80.08,14,2297387
80.0,0,1,confirm,1.0,50.92,34.92,92.21,809,41.29,45.42,1006,0.804,1.754,0.077,-0.0862,14,0.0735,436,0.6329,1,517,4.13,0,-1,,0,-1,,0,-1,,0.2225,40.07,14,2297743
80.0,0,-1,confirm,1.0,-67.1,-83.1,15.06,9,82.16,67.1,82,0.11,0.555,0.006,0.077,14,0.077,9,0.5546,1,54,-28.76,0,-1,,0,-1,,0,-1,,0.2412,40.91,14,2298749
80.0,0,1,fallback,1.0,-28.56,-44.56,12.24,19,40.81,28.56,73,0.26,1.9,0.115,0.0728,14,0.1025,43,0.4868,0,-1,,0,-1,,0,-1,,0,-1,,0.5546,82.28,14,2298831
80.0,0,-1,confirm,1.0,9.55,-6.45,53.2,843,43.65,24.55,925,0.911,0.81,0.073,0.1968,14,0.2683,616,0.8219,0,-1,,0,-1,,0,-1,,0,-1,,0.4696,40.76,14,2298904
80.0,0,1,confirm,1.0,45.06,29.06,86.02,250,40.96,21.85,454,0.551,2.695,0.13,0.1297,14,0.1297,250,0.5018,1,293,65.54,1,293,65.54,0,-1,,1,398,69.63,0.0289,43.88,14,2299829
80.0,0,-1,confirm,1.0,61.17,45.17,101.94,568,40.78,23.11,680,0.835,0.989,0.146,0.113,15,0.1651,403,0.5966,0,-1,,0,-1,,0,-1,,0,-1,,0.1923,40.61,14,2300283
80.0,0,1,confirm,1.0,39.66,23.66,80.69,782,41.03,45.13,868,0.901,2.208,0.169,0.3378,15,0.3378,782,0.7965,0,-1,,0,-1,,0,-1,,0,-1,,0.1339,41.2,15,2300963
80.0,0,-1,confirm,1.0,-68.11,-84.11,13.62,36,81.73,68.11,330,0.109,1.379,0.027,-0.2227,15,-0.1919,323,0.4679,0,-1,,0,-1,,0,-1,,0,-1,,0.7427,40.7,15,2301831
80.0,0,1,fallback,1.0,27.06,11.06,70.36,164,43.3,8.12,320,0.512,1.697,0.134,0.142,15,0.2429,16,0.4172,0,-1,,0,-1,,0,-1,,0,-1,,0.2607,81.84,15,2302161
80.0,0,-1,confirm,1.0,2.7,-13.3,43.18,414,40.48,36.43,929,0.446,0.74,0.081,0.0507,15,0.1287,533,0.6942,1,614,13.49,1,614,13.49,0,-1,,0,-1,,0.0774,42.99,15,2302481
80.0,0,1,confirm,1.0,-66.14,-82.14,14.85,219,80.98,66.14,1404,0.156,3.779,0.046,0.139,15,0.1547,260,0.6805,1,796,-29.69,1,796,-29.69,0,-1,,1,817,-32.39,0.3439,40.66,15,2303410
80.0,0,-1,fallback,1.0,55.71,39.71,96.47,952,40.76,16.3,1157,0.823,0.81,0.152,0.0148,16,0.2689,508,0.7845,1,752,70.65,1,752,70.65,1,752,70.65,1,1071,70.65,0.3311,80.86,16,2304814
80.0,0,1,confirm,1.0,90.18,74.18,132.53,1011,42.36,16.4,1221,0.828,1.287,0.111,0.2377,16,0.3074,1076,0.7158,0,-1,,0,-1,,0,-1,,0,-1,,0.304,41.16,16,2305971
80.0,0,-1,confirm,1.0,-66.35,-82.35,14.9,11,81.25,66.35,596,0.018,0.411,0.014,-0.0724,16,0.3432,402,0.8338,1,518,-36.56,1,518,-36.56,1,518,-36.56,1,536,-52.81,0.2891,41.8,16,2307192
80.0,0,1,fallback,1.0,28.25,12.25,68.6,138,40.36,12.11,320,0.431,5.393,0.23,0.2082,17,0.2486,131,0.5012,0,-1,,0,-1,,0,-1,,0,-1,,0.2723,81.37,17,2307788
80.0,0,-1,confirm,1.0,-77.8,-93.8,6.71,31,84.51,77.8,281,0.11,0.466,0.095,-0.1615,17,-0.0987,222,0.4642,0,-1,,0,-1,,0,-1,,0,-1,,0.2022,40.08,17,2308108
80.0,0,1,fallback,1.0,123.79,107.79,170.37,151,46.59,-0.0,156,0.968,3.675,0.171,0.2827,17,0.3008,140,0.7026,0,-1,,0,-1,,0,-1,,0,-1,,0.2002,84.56,17,2308389
80.0,0,-1,confirm,1.0,65.74,49.74,106.49,357,40.76,7.89,407,0.877,0.802,0.034,-0.1685,17,-0.1521,392,0.3734,0,-1,,0,-1,,0,-1,,0,-1,,0.3353,45.81,17,2308545
80.0,0,1,confirm,1.0,34.41,18.41,75.44,515,41.03,31.76,594,0.867,0.951,0.068,-0.0577,17,0.1534,0,0.6077,1,177,-19.85,1,177,-19.85,0,-1,,1,249,-7.94,0.3262,41.2,17,2308952
80.0,0,-1,confirm,1.0,47.48,31.48,88.37,1691,40.89,5.28,1985,0.852,1.645,0.045,0.1113,18,0.201,1413,0.6743,1,533,17.15,0,-1,,0,-1,,0,-1,,0.1172,40.72,17,2309546
80.0,0,1,confirm,1.0,6.63,-9.37,50.36,222,43.73,9.28,614,0.362,2.335,0.145,-0.0858,18,-0.0493,342,0.5287,0,-1,,0,-1,,0,-1,,0,-1,,0.3684,41.25,18,2311531
80.0,0,-1,confirm,1.0,3.97,-12.03,45.03,859,41.05,26.49,1192,0.721,1.235,0.099,0.0851,18,0.1481,195,0.7066,1,1111,14.57,1,1111,14.57,0,-1,,0,-1,,0.2765,43.51,18,2312145
80.0,0,1,confirm,1.0,0.0,-16.0,41.07,2173,41.07,11.92,2291,0.948,0.961,0.102,-0.0465,19,0.09,69,0.8285,1,94,-10.6,0,-1,,0,-1,,0,-1,,0.0386,41.24,18,2313337
80.0,0,-1,confirm,1.0,-87.44,-103.44,-0.0,0,87.44,87.44,899,0.0,1.019,0.015,-0.0318,19,0.0221,885,0.7482,0,-1,,0,-1,,0,-1,,0,-1,,0.4635,40.9,19,2315628
80.0,0,1,fallback,1.0,-32.83,-48.83,7.88,21,40.71,32.83,227,0.093,2.316,0.143,0.0564,19,0.0623,10,0.4858,1,38,-2.63,0,-1,,0,-1,,0,-1,,0.3649,87.44,19,2316527
80.0,0,-1,confirm,1.0,46.12,30.12,86.97,5580,40.85,43.48,5959,0.936,2.157,0.053,0.1404,21,0.4072,5225,0.8959,1,417,2.64,1,417,2.64,1,3687,25.04,1,513,-1.32,0.434,40.68,19,2316754
80.0,0,1,confirm,1.0,-48.98,-64.98,33.1,1768,82.08,48.98,5306,0.333,0.229,0.105,0.4427,21,0.4556,1685,0.9092,1,912,-10.59,1,912,-10.59,1,2258,14.56,1,1233,11.91,0.2555,41.21,21,2322713
80.0,0,-1,fallback,1.0,-31.93,-47.93,10.64,689,42.57,31.93,838,0.822,4.929,0.096,0.1394,22,0.2026,41,0.9562,1,559,-17.29,1,559,-17.29,1,559,-17.29,1,600,-10.64,0.2817,81.8,22,2328019
80.0,0,1,confirm,1.0,-70.28,-86.28,9.28,37,79.57,70.28,5142,0.007,1.178,0.07,-0.0987,22,0.4029,796,0.9239,1,996,-13.26,1,996,-13.26,1,996,-13.26,1,996,-13.26,0.3342,42.62,22,2328857
80.0,0,-1,confirm,1.0,34.72,18.72,76.12,728,41.4,2.67,768,0.948,3.174,0.178,0.4389,0,0.5425,105,0.9201,0,-1,,0,-1,,0,-1,,0,-1,,0.0254,79.49,0,2333999
80.0,0,1,confirm,1.0,-36.18,-52.18,6.7,3378,42.88,73.71,3927,0.86,0.476,0.096,0.1859,1,0.2432,3217,0.9231,1,2895,-36.18,1,3124,-40.2,1,3124,-40.2,1,3816,-14.74,0.8023,41.72,0,2334767
80.0,0,-1,confirm,1.0,1.34,-14.66,41.69,2152,40.35,12.1,3000,0.717,0.963,0.121,0.3034,2,0.3797,2036,0.8882,1,88,-4.03,1,88,-4.03,1,1143,-9.41,1,1143,-9.41,0.0382,42.86,1,2338694
80.0,0,1,confirm,1.0,33.63,17.63,73.98,3094,40.36,18.83,3398,0.911,2.038,0.118,0.4592,3,0.5275,3034,0.9756,1,1666,49.77,1,1666,49.77,1,1666,49.77,1,1790,41.7,0.1659,40.52,2,2341694
80.0,0,-1,confirm,1.0,65.69,49.69,105.91,2732,40.22,6.7,2878,0.949,2.099,0.127,0.3033,4,0.3506,298,0.9426,0,-1,,0,-1,,0,-1,,0,-1,,0.405,40.06,3,2345092
80.0,0,1,confirm,1.0,-60.73,-76.73,21.59,6431,82.32,60.73,15802,0.407,1.115,0.045,0.5314,6,0.6207,10034,0.9856,1,690,-32.39,1,690,-32.39,1,2005,-2.7,1,701,-55.33,0.5375,40.65,4,2347970
80.0,0,-1,fallback,1.0,2.72,-13.28,43.45,667,40.73,0.0,1330,0.502,0.574,0.049,-0.2104,8,0.3057,5,0.7353,1,34,8.15,1,34,8.15,1,34,8.15,1,417,10.86,0.0127,82.14,8,2363772
80.0,0,1,confirm,1.0,-43.46,-59.46,36.67,4169,80.13,43.46,10986,0.379,0.266,0.054,0.6874,10,0.6874,4169,0.9806,1,570,6.79,1,570,6.79,1,570,6.79,1,594,0.0,0.371,40.91,8,2365102
80.0,0,-1,confirm,1.0,145.96,129.96,188.24,3702,42.29,5.46,3884,0.953,0.735,0.091,0.4624,13,0.4995,3592,0.9169,1,169,10.91,1,169,10.91,0,-1,,1,271,16.37,0.9104,79.84,12,2376088
80.0,0,1,confirm,1.0,37.38,21.38,83.06,1510,45.68,-0.0,1548,0.975,8.156,0.068,0.378,13,0.378,1510,0.8376,1,718,42.91,0,-1,,0,-1,,0,-1,,0.3505,43.1,13,2379972
80.0,0,-1,confirm,1.0,28.96,12.96,70.34,374,41.37,0.0,489,0.765,0.124,0.058,-0.3226,13,-0.3015,26,0.4974,0,-1,,0,-1,,0,-1,,0,-1,,0.4291,45.3,13,2381520
80.0,0,1,confirm,1.0,138.31,122.31,179.81,1358,41.49,-0.0,1398,0.971,4.006,0.13,0.3314,14,0.3626,1393,0.7353,1,157,0.0,1,157,0.0,1,157,0.0,1,193,12.45,0.1935,41.67,13,2382009
80.0,0,-1,confirm,1.0,-69.58,-85.58,12.28,553,81.86,69.58,1599,0.346,0.395,0.047,-0.1169,14,0.1597,1097,0.6353,1,967,-4.09,0,-1,,0,-1,,0,-1,,0.5658,40.76,14,2383407
80.0,0,1,fallback,1.0,-28.45,-44.45,12.19,13,40.64,28.45,387,0.034,0.449,0.12,-0.0751,14,0.041,245,0.8655,0,-1,,0,-1,,0,-1,,0,-1,,0.0611,81.96,14,2385006
80.0,0,-1,confirm,1.0,23.1,7.1,63.86,152,40.76,1.36,426,0.357,2.223,0.124,0.1471,14,0.1647,257,0.6273,0,-1,,0,-1,,0,-1,,0,-1,,0.76,40.6,14,2385393
80.0,0,1,confirm,1.0,-53.11,-69.11,27.24,80,80.35,53.11,433,0.185,0.986,0.036,-0.1337,14,-0.0314,323,0.4594,0,-1,,0,-1,,0,-1,,0,-1,,0.5193,41.02,14,2385819
80.0,0,-1,fallback,1.0,-2.74,-18.74,39.7,353,42.44,4.11,506,0.698,1.548,0.135,0.1884,14,0.2833,36,0.5845,0,-1,,0,-1,,0,-1,,0,-1,,0.0942,80.13,14,2386252
80.0,0,1,confirm,1.0,19.16,3.16,61.59,2125,42.43,62.96,2323,0.915,2.771,0.026,0.2432,15,0.3116,2081,0.7829,1,1026,-31.48,0,-1,,0,-1,,0,-1,,0.3082,42.61,14,2386758
80.0,0,-1,confirm,1.0,-64.21,-80.21,19.13,51,83.33,64.21,477,0.107,0.765,0.052,0.0268,15,0.0993,153,0.6931,1,319,-15.03,0,-1,,0,-1,,0,-1,,0.3053,42.17,15,2389081
80.0,0,1,fallback,1.0,13.57,-2.43,54.3,16,40.72,-0.0,196,0.082,6.552,0.207,0.348,15,0.3506,10,0.5759,0,-1,,0,-1,,0,-1,,0,-1,,0.6546,83.49,15,2389558
80.0,0,-1,confirm,1.0,52.87,36.87,93.53,614,40.67,2.71,1007,0.61,1.762,0.187,0.2844,15,0.334,554,0.8441,0,-1,,0,-1,,0,-1,,0,-1,,0.5216,40.5,15,2389754
80.0,0,1,confirm,1.0,-64.05,-80.05,29.98,60,94.03,64.05,530,0.113,1.574,0.036,-0.0279,16,0.1117,147,0.3802,1,208,0.0,1,208,0.0,0,-1,,1,211,-1.36,0.1231,41.05,16,2390761
80.0,0,-1,fallback,1.0,-20.57,-36.57,20.57,30,41.15,20.57,141,0.213,2.106,0.127,0.3322,16,0.3347,34,0.3969,0,-1,,0,-1,,0,-1,,0,-1,,0.1273,93.75,16,2391291
80.0,0,1,confirm,1.0,76.65,60.65,117.71,3105,41.06,45.17,3298,0.941,2.242,0.137,-0.0262,17,0.1878,2338,0.8688,1,572,-34.22,1,572,-34.22,0,-1,,1,572,-34.22,0.3969,41.23,16,2391432
80.0,0,-1,confirm,1.0,25.81,9.81,71.99,3269,46.18,1.36,3930,0.832,1.229,0.12,0.2684,18,0.4236,3624,0.8983,1,175,16.3,1,175,16.3,1,175,16.3,1,240,12.22,0.173,40.58,17,2394730
80.0,0,1,confirm,1.0,9.53,-6.47,50.39,129,40.86,1.36,270,0.478,1.543,0.158,-0.0679,18,0.0099,197,0.4393,0,-1,,0,-1,,0,-1,,0,-1,,0.4602,46.52,18,2398660
80.0,0,-1,confirm,1.0,32.65,16.65,73.47,965,40.82,2.72,1299,0.743,3.786,0.14,0.3632,18,0.4218,691,0.8594,0,-1,,0,-1,,0,-1,,0,-1,,0.1182,40.65,18,2398930
80.0,0,1,confirm,1.0,25.94,9.94,66.89,1106,40.95,1.37,2285,0.484,0.855,0.049,-0.0777,19,0.2064,264,0.7532,1,305,45.05,1,305,45.05,1,305,45.05,1,453,40.95,0.5579,41.12,18,2400229
80.0,0,-1,confirm,1.0,-68.07,-84.07,13.61,289,81.69,68.07,797,0.363,1.567,0.064,0.4454,19,0.4716,46,0.8554,1,578,-31.31,1,578,-31.31,1,578,-31.31,1,618,-38.12,0.7177,40.68,19,2402514
80.0,0,1,fallback,1.0,-37.86,-53.86,2.7,3,40.57,37.86,362,0.008,2.33,0.159,0.2363,19,0.2363,3,0.8138,0,-1,,0,-1,,0,-1,,0,-1,,0.852,81.8,19,2403311
80.0,0,-1,confirm,1.0,14.93,-1.07,59.73,5532,44.79,36.65,8356,0.662,1.453,0.166,0.2399,21,0.6229,7007,0.9717,1,2280,-19.0,1,2280,-19.0,1,2280,-19.0,1,2280,-19.0,0.5219,40.56,19,2403673
80.0,0,1,confirm,1.0,-6.8,-22.8,35.35,8086,42.14,39.42,8464,0.955,3.862,0.052,-0.1299,0,0.3625,7776,0.997,1,571,5.44,1,571,5.44,1,571,5.44,1,1762,-5.44,0.0513,45.06,22,2412029
80.0,0,-1,confirm,1.0,127.87,111.87,170.04,3112,42.17,48.97,3136,0.992,4.846,0.238,0.2905,1,0.3648,3072,0.8653,1,619,-34.01,1,619,-34.01,1,619,-34.01,1,643,-27.21,0.2389,41.99,0,2420493
80.0,0,1,confirm,1.0,46.85,30.85,88.19,115,41.34,-0.0,153,0.752,1.229,0.007,-0.149,1,-0.149,115,0.3955,0,-1,,0,-1,,0,-1,,0,-1,,0.2483,42.9,1,2423629
80.0,0,-1,confirm,1.0,-56.23,-72.23,24.69,34,80.92,56.23,367,0.093,0.604,0.063,0.1569,1,0.1714,0,0.2449,0,-1,,0,-1,,0,-1,,0,-1,,0.3145,40.98,1,2423782
80.0,0,1,fallback,1.0,-27.28,-43.28,20.46,23,47.74,27.28,140,0.164,1.069,0.122,0.0948,1,0.1365,85,0.5107,0,-1,,0,-1,,0,-1,,0,-1,,0.2395,81.12,1,2424149
80.0,0,-1,confirm,1.0,-79.32,-95.32,1.37,71,80.69,79.32,843,0.084,0.223,0.003,-0.034,1,0.0012,484,0.5886,0,-1,,0,-1,,0,-1,,0,-1,,0.4077,47.64,1,2424289
80.0,0,1,fallback,1.0,48.85,32.85,89.55,144,40.71,1.36,191,0.754,2.595,0.156,0.3347,1,0.4031,79,0.6115,0,-1,,0,-1,,0,-1,,0,-1,,0.1435,80.7,1,2425132
80.0,0,-1,confirm,1.0,-45.91,-61.91,36.46,1479,82.37,45.91,2376,0.622,1.267,0.087,0.1262,2,0.2028,1767,0.8123,1,765,6.75,1,765,6.75,1,1864,-17.55,1,1158,2.7,0.2,40.34,1,2425323
80.0,0,1,fallback,1.0,40.32,24.32,84.68,1434,44.35,9.41,1543,0.929,2.026,0.063,0.158,2,0.2873,1064,0.8541,0,-1,,0,-1,,0,-1,,0,-1,,0.678,82.67,2,2427699
80.0,0,-1,confirm,1.0,6.69,-9.31,46.85,1973,40.16,34.81,2930,0.673,0.274,0.149,0.4937,3,0.5356,2106,0.9466,1,1194,-21.42,1,1194,-21.42,1,1194,-21.42,1,1469,4.02,0.1823,43.98,2,2429242
80.0,0,1,confirm,1.0,34.83,18.83,76.36,81,41.53,2.68,356,0.228,5.085,0.249,0.3304,3,0.4568,60,0.6446,0,-1,,0,-1,,0,-1,,0,-1,,0.7659,40.35,3,2432172
80.0,0,-1,confirm,1.0,-66.75,-82.75,16.02,45,82.77,66.75,307,0.147,0.192,0.074,-0.1712,3,0.1361,307,0.5807,0,-1,,0,-1,,0,-1,,0,-1,,0.3438,41.21,3,2432528
80.0,0,1,fallback,1.0,-7.96,-23.96,34.48,484,42.43,25.2,897,0.54,0.541,0.159,-0.0579,3,0.1629,650,0.5601,1,897,-7.96,1,897,-7.96,0,-1,,0,-1,,0.0199,82.9,3,2432835
80.0,0,-1,confirm,1.0,-67.68,-83.68,13.27,1079,80.96,67.68,2649,0.407,0.556,0.109,0.0641,4,0.1891,1237,0.9239,1,531,-19.91,1,531,-19.91,0,-1,,1,649,-18.58,0.2928,42.29,4,2433732
80.0,0,1,fallback,1.0,-40.86,-56.86,0.0,0,40.86,40.86,734,0.0,1.373,0.151,0.15,4,0.2114,553,0.6476,0,-1,,0,-1,,0,-1,,0,-1,,0.2968,81.06,4,2436381
80.0,0,-1,confirm,1.0,170.75,154.75,210.46,6006,39.71,31.77,6379,0.942,1.827,0.198,0.1424,6,0.3869,1550,0.9701,1,999,-0.0,1,999,-0.0,1,2611,26.47,1,2623,29.12,0.1987,40.86,4,2437115
80.0,0,1,confirm,1.0,28.28,12.28,68.68,2330,40.4,33.67,2720,0.857,1.752,0.132,0.168,7,0.3839,1785,0.8696,1,596,4.04,1,596,4.04,1,596,4.04,0,-1,,0.5163,40.56,6,2443494
80.0,0,-1,confirm,1.0,-73.86,-89.86,8.06,38,81.91,73.86,2129,0.018,0.965,0.04,-0.2446,7,0.1654,191,0.7243,1,640,-21.49,1,640,-21.49,0,-1,,1,642,-20.14,0.4929,40.12,7,2446214
80.0,0,1,fallback,1.0,-34.66,-50.66,6.66,236,41.32,34.66,782,0.302,2.422,0.055,0.1084,8,0.2274,541,0.7474,1,782,-34.66,1,782,-34.66,1,782,-34.66,0,-1,,0.2218,81.98,8,2448343
80.0,0,-1,confirm,1.0,-44.14,-60.14,38.79,909,82.93,44.14,2298,0.396,1.814,0.034,0.1291,8,0.3433,1823,0.8976,1,78,4.01,1,78,4.01,1,800,2.68,1,2168,-13.38,0.598,41.29,8,2449125
80.0,0,1,fallback,1.0,14.65,-1.35,55.93,152,41.28,2.66,226,0.673,2.043,0.262,0.2603,8,0.3405,1,0.3214,0,-1,,0,-1,,0,-1,,0,-1,,0.7662,83.26,8,2451423
80.0,0,-1,confirm,1.0,29.26,13.26,69.15,7279,39.89,49.2,7633,0.954,4.176,0.169,0.1744,11,0.406,5786,0.9509,1,1599,10.64,1,1599,10.64,1,1599,10.64,1,1749,5.32,0.0858,41.05,9,2451649
80.0,0,1,confirm,1.0,4.0,-12.0,45.35,663,41.34,25.34,1318,0.503,0.59,0.151,0.4307,11,0.4413,665,0.7131,1,860,18.67,1,860,18.67,1,860,18.67,1,1097,22.67,0.0947,40.17,11,2459282
80.0,0,-1,confirm,1.0,9.33,-6.67,49.33,1594,39.99,13.33,1810,0.881,0.416,0.133,0.1903,11,0.2862,1117,0.9028,1,1799,22.66,1,1799,22.66,1,1799,22.66,0,-1,,0.3834,41.16,11,2460600
80.0,0,1,confirm,1.0,-77.4,-93.4,2.67,16,80.06,77.4,2087,0.008,0.811,0.055,0.0252,12,0.3505,1469,0.8973,1,442,-36.03,1,442,-36.03,1,1811,-53.38,1,1835,-65.39,0.2284,40.19,12,2462410
80.0,0,-1,fallback,1.0,-28.24,-44.24,12.1,1132,40.34,28.24,1441,0.786,3.931,0.077,0.3363,12,0.3429,1116,0.8713,1,563,-17.48,1,563,-17.48,1,563,-17.48,0,-1,,0.5695,80.04,12,2464497
80.0,0,1,confirm,1.0,61.69,45.69,112.65,1857,50.96,2.68,1870,0.993,1.906,0.151,0.3109,13,0.3371,1815,0.8955,1,779,57.66,1,779,57.66,1,779,57.66,0,-1,,0.6187,40.39,12,2465938
80.0,0,-1,confirm,1.0,6.66,-9.34,47.98,25,41.32,0.0,40,0.625,5.413,0.058,-0.022,13,-0.0077,32,0.2173,0,-1,,0,-1,,0,-1,,0,-1,,0.4008,50.39,13,2467808
80.0,0,1,confirm,1.0,12.0,-4.0,56.01,95,44.01,5.33,141,0.674,1.841,0.013,-0.0055,13,0.0283,6,0.3317,0,-1,,0,-1,,0,-1,,0,-1,,0.168,41.52,13,2467848
80.0,0,-1,confirm,1.0,-81.26,-97.26,1.33,4,82.59,81.26,508,0.008,1.886,0.037,0.0567,13,0.058,0,0.3307,1,114,-38.63,0,-1,,0,-1,,0,-1,,0.3151,43.77,13,2467989
80.0,0,1,fallback,1.0,-42.28,-58.28,0.0,0,42.28,42.28,204,0.0,1.173,0.072,0.1364,13,0.1364,0,0.2994,1,51,-22.46,1,51,-22.46,0,-1,,1,153,-17.18,0.0852,82.6,13,2468497
80.0,0,-1,confirm,1.0,-84.93,-100.93,2.65,8,87.58,84.93,486,0.016,3.178,0.0,0.1815,13,0.196,0,0.4084,1,486,-84.93,1,486,-84.93,0,-1,,1,486,-84.93,0.2994,42.28,13,2468701
80.0,0,1,fallback,1.0,-26.32,-42.32,18.42,161,44.74,26.32,488,0.33,0.687,0.073,0.4126,13,0.4698,323,0.7569,0,-1,,0,-1,,0,-1,,0,-1,,0.3224,87.6,13,2469187
80.0,0,-1,confirm,1.0,-67.28,-83.28,18.47,31,85.75,67.28,580,0.053,0.547,0.016,-0.4054,14,-0.0433,158,0.3631,0,-1,,0,-1,,0,-1,,0,-1,,0.2587,44.65,14,2469675
80.0,0,1,fallback,1.0,82.56,66.56,123.18,408,40.62,26.21,472,0.864,5.136,0.19,0.1848,14,0.4654,4,0.5428,0,-1,,0,-1,,0,-1,,0,-1,,0.2114,85.91,14,2470255
80.0,0,-1,confirm,1.0,2.6,-13.4,44.19,536,41.59,18.2,687,0.78,0.204,0.09,-0.1054,14,-0.0997,533,0.554,0,-1,,0,-1,,0,-1,,0,-1,,0.2532,40.13,14,2470727
80.0,0,1,confirm,1.0,-32.5,-48.5,10.4,831,42.9,74.1,904,0.919,0.594,0.099,0.1009,14,0.1984,0,0.6661,1,89,-31.2,1,89,-31.2,0,-1,,1,196,-48.1,0.1563,41.78,14,2471414
80.0,0,-1,confirm,1.0,-48.26,-64.26,32.61,76,80.87,48.26,228,0.333,1.326,0.012,-0.056,14,-0.001,91,0.4871,0,-1,,0,-1,,0,-1,,0,-1,,0.1555,42.86,14,2472318
80.0,0,1,fallback,1.0,-28.56,-44.56,14.28,164,42.83,28.56,388,0.423,1.367,0.048,0.008,14,0.1262,61,0.5325,1,149,1.3,1,149,1.3,0,-1,,1,299,5.19,0.0246,81.13,14,2472546
80.0,0,-1,confirm,1.0,-76.8,-92.8,11.72,30,88.52,76.8,654,0.046,0.84,0.021,0.0889,14,0.1091,292,0.6304,1,78,-9.11,1,78,-9.11,0,-1,,0,-1,,0.2989,42.77,14,2472934
80.0,0,1,fallback,1.0,-34.88,-50.88,6.46,51,41.34,34.88,118,0.432,3.901,0.104,-0.0791,15,0.0091,0,0.2613,0,-1,,0,-1,,0,-1,,0,-1,,0.0076,88.62,15,2473588
80.0,0,-1,confirm,1.0,-1.3,-17.3,38.89,716,40.19,1.3,858,0.834,0.749,0.053,-0.1075,15,0.1605,91,0.6047,1,494,27.22,1,494,27.22,0,-1,,1,645,23.33,0.1028,41.31,15,2473706
80.0,0,1,confirm,1.0,38.89,22.89,82.96,42,44.07,2.59,147,0.286,6.04,0.141,0.2306,15,0.2763,19,0.694,0,-1,,0,-1,,0,-1,,0,-1,,0.3637,40.34,15,2474564
80.0,0,-1,confirm,1.0,2.58,-13.42,43.9,1601,41.32,33.57,1991,0.804,0.971,0.071,0.2733,15,0.3609,1675,0.7961,1,977,14.2,1,977,14.2,1,977,14.2,1,1965,14.2,0.3338,43.71,15,2474711
80.0,0,1,confirm,1.0,61.99,45.99,103.32,1752,41.33,32.29,1804,0.971,6.926,0.152,0.1377,16,0.2999,90,0.9196,1,574,3.87,1,574,3.87,1,574,3.87,1,574,3.87,0.2901,41.5,15,2476702
80.0,0,-1,confirm,1.0,91.13,75.13,136.05,2123,44.92,5.13,2488,0.853,0.672,0.105,0.1892,17,0.5451,1367,0.9298,1,2231,121.94,1,2231,121.94,1,2231,121.94,1,2264,130.92,0.0826,40.91,16,2478506
80.0,0,1,confirm,1.0,56.99,40.99,98.45,979,41.45,9.07,1398,0.7,0.716,0.139,0.1329,17,0.2495,1008,0.7023,0,-1,,0,-1,,0,-1,,0,-1,,0.3018,45.54,17,2480994
80.0,0,-1,confirm,1.0,3.86,-12.14,43.79,4893,39.93,36.06,5342,0.916,0.725,0.126,0.2872,18,0.5223,4259,0.9175,1,1892,-28.34,1,1892,-28.34,1,1892,-28.34,1,2352,-7.73,0.321,41.05,17,2482392
80.0,0,1,confirm,1.0,-70.87,-86.87,9.02,182,79.89,70.87,2966,0.061,0.37,0.091,0.0648,19,0.1547,302,0.8739,1,346,-5.15,1,346,-5.15,0,-1,,1,488,-1.29,0.5903,40.1,19,2487734
80.0,0,-1,confirm,1.0,19.47,3.47,59.69,1659,40.23,6.49,2222,0.747,1.773,0.065,0.1009,20,0.3499,617,0.8391,1,2012,41.53,1,2012,41.53,1,2012,41.53,1,2062,40.23,0.5305,79.81,19,2490700
80.0,0,1,confirm,1.0,110.52,94.52,152.13,2599,41.61,11.7,2713,0.958,2.97,0.134,0.1343,21,0.2382,257,0.9138,1,1157,48.11,1,1157,48.11,1,1157,48.11,1,1314,61.11,0.2483,40.47,20,2492922
80.0,0,-1,confirm,1.0,-97.74,-113.74,9.0,703,106.74,97.74,1242,0.566,0.846,0.055,0.0511,21,0.1424,826,0.5832,1,724,-1.29,1,927,-9.0,0,-1,,1,1242,-97.74,0.4982,40.98,21,2495635
80.0,0,1,fallback,1.0,-39.48,-55.48,1.27,1,40.75,39.48,133,0.008,3.881,0.214,0.2498,21,0.2617,105,0.6768,0,-1,,0,-1,,0,-1,,0,-1,,0.4895,106.83,21,2496877
80.0,0,-1,confirm,1.0,-85.67,-101.67,8.95,348,94.62,85.67,2675,0.13,0.567,0.032,-0.0267,21,0.1864,563,0.8779,1,790,-16.62,1,790,-16.62,0,-1,,1,986,-48.59,0.5838,40.75,21,2497010
80.0,0,1,fallback,1.0,-39.3,-55.3,5.07,13,44.37,39.3,35,0.371,6.231,0.213,0.0461,22,0.0723,0,0.1587,1,33,-31.69,0,-1,,0,-1,,0,-1,,0.0972,94.7,22,2499685
80.0,0,-1,confirm,1.0,110.73,94.73,150.18,3214,39.46,43.27,3438,0.935,2.411,0.102,-0.0553,23,0.1958,1444,0.8319,1,842,39.46,1,842,39.46,0,-1,,1,2210,85.27,0.1175,44.35,22,2499720
80.0,0,1,confirm,1.0,-69.5,-85.5,10.3,715,79.79,69.5,2644,0.27,1.571,0.077,0.0736,23,0.2301,1093,0.9199,1,393,0.0,1,393,0.0,1,1333,-21.88,1,491,-11.58,0.1998,40.06,23,2503158
80.0,0,-1,confirm,1.0,-36.29,-52.29,3.89,2,40.18,36.29,310,0.006,3.962,0.125,0.1886,0,0.2156,1,0.6029,1,302,-33.7,1,302,-33.7,1,302,-33.7,1,302,-33.7,0.6129,79.71,0,2505802
80.0,0,1,confirm,1.0,121.38,105.38,164.0,5528,42.61,69.73,5582,0.99,1.831,0.156,-0.0018,1,0.4527,431,0.9438,1,592,-37.45,1,592,-37.45,1,592,-37.45,1,597,-33.57,0.0696,40.19,0,2506112
80.0,0,-1,confirm,1.0,33.17,17.17,74.0,1751,40.83,3.83,1897,0.923,0.812,0.104,-0.0308,2,0.0812,1815,0.8386,1,987,30.62,0,-1,,0,-1,,0,-1,,0.5336,41.93,1,2511694
80.0,0,1,confirm,1.0,20.48,4.48,61.44,2062,40.96,11.52,3898,0.529,1.949,0.094,0.0756,2,0.2453,1269,0.8894,1,41,-6.4,1,1847,40.96,1,1847,40.96,1,3153,38.4,0.5931,41.13,2,2513591
80.0,0,-1,confirm,1.0,-16.61,-32.61,43.43,237,60.04,16.61,582,0.407,3.423,0.187,0.5366,3,0.5521,207,0.8983,0,-1,,0,-1,,0,-1,,0,-1,,0.4531,40.71,3,2517489
80.0,0,1,confirm,1.0,-5.1,-21.1,35.71,8,40.81,5.1,142,0.056,1.626,0.114,-0.3622,3,-0.2398,128,0.8506,0,-1,,0,-1,,0,-1,,0,-1,,0.6248,60.3,3,2518071
80.0,0,-1,confirm,1.0,-70.18,-86.18,14.04,120,84.22,70.18,1321,0.091,4.595,0.08,0.3015,3,0.5408,481,0.8071,1,83,-5.1,1,83,-5.1,1,83,-5.1,1,715,-19.14,0.5525,40.67,3,2518213
80.0,0,1,fallback,1.0,-35.48,-51.48,5.07,7,40.55,35.48,489,0.014,2.554,0.119,0.3851,3,0.4403,167,0.6999,0,-1,,0,-1,,0,-1,,0,-1,,0.7566,84.33,3,2519534
80.0,0,-1,confirm,1.0,30.52,14.52,71.21,2484,40.69,6.36,3099,0.802,0.665,0.041,0.1479,4,0.254,1904,0.9328,1,590,17.8,1,937,29.25,1,937,29.25,1,1076,30.52,0.598,40.53,4,2520023
80.0,0,1,confirm,1.0,-10.2,-26.2,30.61,6134,40.82,77.81,6490,0.945,1.2,0.136,0.2583,6,0.3831,4189,0.9578,1,1149,-16.58,1,1799,-25.51,1,4369,-49.74,1,1968,-30.61,0.5445,40.98,4,2523122
80.0,0,-1,confirm,1.0,51.07,35.07,93.21,2348,42.13,8.94,3702,0.634,2.387,0.112,0.3853,7,0.4281,2319,0.9214,1,1353,45.97,1,1353,45.97,1,1353,45.97,1,2910,67.67,0.852,40.69,6,2529612
80.0,0,1,confirm,1.0,197.64,181.64,238.71,7251,41.07,8.98,7304,0.993,1.657,0.104,0.2505,9,0.5328,3141,0.9325,1,1787,17.97,1,1787,17.97,1,1787,17.97,1,3740,56.47,0.3868,42.53,7,2533314
80.0,0,-1,confirm,1.0,-57.89,-73.89,25.17,133,83.06,57.89,2270,0.059,0.31,0.032,-0.1247,9,0.2538,2031,0.9305,0,-1,,0,-1,,0,-1,,0,-1,,0.122,40.11,9,2540618
80.0,0,1,fallback,1.0,41.29,25.29,83.83,341,42.54,11.26,386,0.883,2.03,0.156,0.3043,10,0.3221,364,0.6297,0,-1,,0,-1,,0,-1,,0,-1,,0.4255,83.27,10,2542888
80.0,0,-1,confirm,1.0,-68.54,-84.54,12.46,64,81.0,68.54,568,0.113,0.436,0.085,-0.2958,10,-0.0189,403,0.7441,0,-1,,0,-1,,0,-1,,0,-1,,0.2409,42.19,10,2543274
80.0,0,1,fallback,1.0,24.75,8.75,65.59,356,40.84,21.04,431,0.826,0.999,0.113,0.2142,10,0.2216,321,0.7017,1,102,-11.14,0,-1,,0,-1,,0,-1,,0.035,81.1,10,2543842
80.0,0,-1,confirm,1.0,-90.12,-106.12,11.11,186,101.23,90.12,467,0.398,0.8,0.014,-0.04,10,-0.0149,448,0.4436,0,-1,,0,-1,,0,-1,,0,-1,,0.3405,40.58,10,2544273
80.0,0,1,fallback,1.0,-12.24,-28.24,28.14,120,40.38,19.58,179,0.67,0.894,0.099,0.0242,10,0.0844,179,0.3182,0,-1,,0,-1,,0,-1,,0,-1,,0.2358,101.35,10,2544740
80.0,0,-1,confirm,1.0,-62.48,-78.48,20.83,44,83.3,62.48,260,0.169,0.38,0.033,-0.0977,10,-0.0831,3,0.2006,0,-1,,0,-1,,0,-1,,0,-1,,0.1253,40.26,10,2544919
80.0,0,1,fallback,1.0,-37.74,-53.74,2.43,1,40.18,37.74,63,0.016,2.164,0.12,0.2183,10,0.2183,1,0.5452,0,-1,,0,-1,,0,-1,,0,-1,,0.025,83.48,10,2545179
80.0,0,-1,confirm,1.0,-46.44,-62.44,37.88,155,84.32,46.44,636,0.244,0.958,0.007,-0.0897,11,0.139,557,0.6468,1,629,-31.77,1,629,-31.77,0,-1,,0,-1,,0.5452,40.17,11,2545242
80.0,0,1,fallback,1.0,12.16,-3.84,53.52,124,41.36,-0.0,183,0.678,0.818,0.154,0.1237,11,0.1345,163,0.3559,0,-1,,0,-1,,0,-1,,0,-1,,0.0037,84.64,11,2545878
80.0,0,-1,confirm,1.0,-10.93,-26.93,42.52,397,53.46,12.15,506,0.785,0.228,0.011,-0.1436,11,-0.0882,3,0.5973,0,-1,,0,-1,,0,-1,,0,-1,,0.1435,41.14,11,2546061
80.0,0,1,confirm,1.0,3.64,-12.36,44.9,229,41.26,13.35,327,0.7,1.49,0.082,0.1007,11,0.1683,97,0.5102,0,-1,,0,-1,,0,-1,,0,-1,,0.5327,53.68,11,2546567
80.0,0,-1,confirm,1.0,3.64,-12.36,52.17,1672,48.53,33.97,1727,0.968,0.82,0.1,0.1324,11,0.1457,1182,0.8203,0,-1,,0,-1,,0,-1,,0,-1,,0.1248,41.08,11,2546894
80.0,0,1,confirm,1.0,-71.6,-87.6,9.71,105,81.31,71.6,1354,0.078,0.924,0.021,-0.0152,11,0.1282,584,0.7218,1,675,-12.14,1,675,-12.14,0,-1,,0,-1,,0.3758,48.78,11,2548621
80.0,0,-1,fallback,1.0,-24.45,-40.45,15.89,9,40.34,24.45,577,0.016,2.133,0.101,0.1119,12,0.2337,475,0.6025,0,-1,,0,-1,,0,-1,,0,-1,,0.2533,81.23,12,2549975
80.0,0,1,confirm,1.0,4.88,-11.12,47.56,49,42.68,-0.0,53,0.925,3.325,0.116,-0.0053,12,-0.0053,49,0.3465,0,-1,,0,-1,,0,-1,,0,-1,,0.449,40.4,12,2550552
80.0,0,-1,confirm,1.0,71.91,55.91,112.13,696,40.22,10.97,1222,0.57,1.626,0.042,0.1872,12,0.286,1020,0.6762,0,-1,,0,-1,,0,-1,,0,-1,,0.1662,42.48,12,2550605
80.0,0,1,confirm,1.0,-63.84,-79.84,25.78,954,89.61,63.84,2313,0.412,1.763,0.081,0.098,13,0.1376,1157,0.7633,1,863,-18.41,1,1438,0.0,0,-1,,1,1485,1.23,0.5908,40.68,12,2551827
80.0,0,-1,fallback,1.0,-17.3,-33.3,23.47,20,40.77,17.3,138,0.145,3.94,0.095,0.0199,13,0.0701,131,0.4692,0,-1,,0,-1,,0,-1,,0,-1,,0.2784,89.38,13,2554140
80.0,0,1,confirm,1.0,70.3,54.3,112.23,977,41.93,-0.0,1055,0.926,3.065,0.043,-0.0237,13,0.2155,746,0.6642,1,905,86.33,1,905,86.33,1,905,86.33,1,932,82.63,0.229,40.87,13,2554278
80.0,0,-1,confirm,1.0,30.62,14.62,71.03,1319,40.42,18.37,1476,0.894,0.613,0.048,-0.0378,14,0.0333,90,0.6873,0,-1,,0,-1,,0,-1,,0,-1,,0.0287,41.47,13,2555333
80.0,0,1,confirm,1.0,-72.48,-88.48,7.37,169,79.85,72.48,465,0.363,0.52,0.061,0.0369,14,0.0545,174,0.6424,1,216,-22.11,0,-1,,0,-1,,0,-1,,0.3792,40.71,14,2556809
80.0,0,-1,confirm,1.0,3.71,-12.29,45.79,378,42.07,22.27,646,0.585,0.952,0.13,0.4216,14,0.4544,206,0.766,0,-1,,0,-1,,0,-1,,0,-1,,0.0851,79.79,14,2557274
80.0,0,1,confirm,1.0,-64.37,-80.37,16.09,351,80.47,64.37,1287,0.273,0.635,0.071,0.2068,14,0.2808,384,0.7969,1,627,-33.42,1,627,-33.42,1,627,-33.42,1,1251,-55.71,0.3071,42.27,14,2557920
80.0,0,-1,fallback,1.0,-26.16,-42.16,14.95,134,41.12,26.16,350,0.383,2.226,0.086,0.0465,14,0.1108,19,0.3912,1,164,-1.25,1,164,-1.25,0,-1,,0,-1,,0.5087,80.34,14,2559207
80.0,0,1,confirm,1.0,38.52,22.52,79.53,4309,41.01,47.22,4599,0.937,0.824,0.075,0.166,16,0.5126,3471,0.8286,1,1754,27.34,1,1754,27.34,1,1754,27.34,0,-1,,0.1025,41.18,14,2559557
80.0,0,-1,confirm,1.0,37.14,21.14,77.99,1400,40.85,14.86,1996,0.701,0.502,0.083,-0.0364,16,0.2001,891,0.7625,1,42,-8.67,1,42,-8.67,1,1284,50.76,1,572,-3.71,0.244,40.69,16,2564156
80.0,0,1,confirm,1.0,49.7,33.7,94.43,2058,44.73,1.24,2710,0.759,2.765,0.092,0.2184,17,0.6276,1097,0.9265,1,32,6.21,1,32,6.21,1,2175,72.07,1,2656,55.91,0.7289,41.17,16,2566152
80.0,0,-1,confirm,1.0,-45.75,-61.75,34.62,1491,80.37,45.75,4684,0.318,2.59,0.068,0.2095,17,0.253,1680,0.8605,1,65,2.47,1,1885,6.18,1,1885,6.18,1,2076,-14.84,0.5168,44.31,17,2568862
80.0,0,1,fallback,1.0,-40.62,-56.62,0.0,0,40.62,40.62,530,0.0,1.979,0.116,0.3264,18,0.3265,3,0.908,1,398,-27.08,1,398,-27.08,1,398,-27.08,1,404,-30.77,0.5237,80.65,18,2573546
80.0,0,-1,confirm,1.0,-1.24,-17.24,40.78,5385,42.02,46.96,6504,0.828,0.236,0.071,0.4797,20,0.566,5425,0.9547,1,619,-9.89,1,619,-9.89,1,619,-9.89,1,733,-14.83,0.2523,40.62,19,2574076
80.0,0,1,confirm,1.0,-53.13,-69.13,28.42,1408,81.55,53.13,3447,0.408,2.479,0.101,0.1157,21,0.5341,3034,0.9601,1,141,7.41,1,141,7.41,1,1316,9.89,1,2432,-4.94,0.8192,42.19,20,2580580
80.0,0,-1,fallback,1.0,-42.24,-58.24,-0.0,0,42.24,42.24,787,0.0,1.632,0.222,-0.0106,21,0.1073,778,0.7869,1,692,-31.06,0,-1,,0,-1,,0,-1,,0.5708,81.32,21,2584027
100.0,1,1,fallback,1.0,-1.34,-17.34,50.84,486,52.17,14.72,1015,0.479,0.416,0.144,0.2956,0,0.3298,571,0.8275,1,975,9.36,1,975,9.36,1,975,9.36,1,991,8.03,0.0376,101.35,0,642
100.0,1,-1,confirm,1.0,26.76,10.76,78.94,4608,52.18,52.18,5018,0.918,2.086,0.183,0.2152,1,0.4356,3408,0.8625,1,457,-38.8,1,457,-38.8,1,457,-38.8,1,1734,-32.11,0.3682,51.91,0,1657
100.0,1,1,confirm,1.0,-1.34,-17.34,49.64,168,50.98,1.34,623,0.27,1.644,0.201,-0.0005,1,0.1856,36,0.6948,1,111,17.44,1,111,17.44,0,-1,,1,255,32.2,0.4179,52.6,1,6675
100.0,1,-1,confirm,1.0,252.25,236.25,301.89,6552,49.64,37.57,6573,0.997,5.109,0.127,0.3133,3,0.4951,2804,0.9452,1,101,-13.42,1,101,-13.42,1,101,-13.42,1,110,-17.44,0.3144,50.73,2,7298
100.0,1,1,confirm,1.0,105.99,89.99,156.92,916,50.93,24.78,969,0.945,2.803,0.148,0.0948,4,0.2429,667,0.689,0,-1,,0,-1,,0,-1,,0,-1,,0.3266,51.19,3,13871
100.0,1,-1,confirm,1.0,-84.45,-100.45,19.07,175,103.51,84.45,2985,0.059,0.323,0.086,-0.053,4,0.1322,1473,0.7556,1,666,9.53,1,666,9.53,0,-1,,1,1804,-6.81,0.047,50.14,4,14840
100.0,1,1,fallback,1.0,67.53,51.53,118.85,1170,51.32,2.7,1785,0.655,0.759,0.061,0.1153,5,0.4789,428,0.9164,1,1294,94.54,1,1294,94.54,1,1294,94.54,1,1422,94.54,0.2168,103.71,4,17825
100.0,1,-1,confirm,1.0,-59.03,-75.03,41.59,327,100.62,59.03,3126,0.105,1.03,0.17,-0.0636,5,0.1481,2742,0.9104,1,80,-4.02,1,80,-4.02,0,-1,,1,406,16.1,0.4485,50.72,5,19610
100.0,1,1,fallback,1.0,-4.0,-20.0,46.68,963,50.68,20.01,1917,0.502,2.799,0.096,0.5389,6,0.6817,156,0.9598,1,1862,9.34,1,1862,9.34,1,1862,9.34,0,-1,,0.1568,101.04,6,22736
100.0,1,-1,confirm,1.0,-74.72,-90.72,29.35,10664,104.07,74.72,11773,0.906,1.047,0.11,0.0382,9,0.5373,10335,0.9377,1,663,16.01,1,663,16.01,1,1575,-49.37,1,1645,-49.37,0.8733,50.44,6,24653
100.0,1,1,fallback,1.0,-41.05,-57.05,9.27,43,50.32,41.05,623,0.069,4.508,0.138,-0.0856,10,0.0461,1,0.8995,0,-1,,0,-1,,0,-1,,0,-1,,0.454,104.38,10,36426
100.0,1,-1,confirm,1.0,15.96,-0.04,67.82,7104,51.86,67.82,7785,0.913,2.569,0.167,0.6108,12,0.7327,7039,0.9863,1,564,-18.62,1,564,-18.62,1,564,-18.62,1,1376,-39.89,0.0588,50.28,10,37049
100.0,1,1,confirm,1.0,-61.27,-77.27,38.63,3165,99.89,61.27,4518,0.701,0.349,0.105,0.3848,13,0.4378,458,0.9619,1,600,2.66,1,600,2.66,1,600,2.66,1,802,-26.64,0.2939,52.22,12,44834
100.0,1,-1,confirm,1.0,-21.44,-37.44,30.82,390,52.26,21.44,529,0.737,0.47,0.1,0.366,13,0.3844,463,0.669,0,-1,,0,-1,,0,-1,,0,-1,,0.4861,99.51,13,49352
100.0,1,1,confirm,1.0,-98.96,-114.96,5.35,1,104.31,98.96,1722,0.001,0.581,0.011,-0.3376,13,0.4123,1530,0.8923,1,1610,-48.14,1,1610,-48.14,1,1610,-48.14,1,1610,-48.14,0.0718,52.43,13,49881
100.0,1,-1,fallback,1.0,-24.31,-40.31,25.66,513,49.97,24.31,1028,0.499,0.413,0.092,0.309,14,0.3376,478,0.6978,1,641,-8.1,1,641,-8.1,1,641,-8.1,1,709,-16.21,0.5034,104.25,14,51603
100.0,1,1,confirm,1.0,-64.67,-80.67,35.03,1393,99.7,64.67,2641,0.527,1.694,0.04,-0.1508,15,0.3965,32,0.822,1,463,-9.43,1,463,-9.43,1,463,-9.43,1,507,-5.39,0.0761,50.1,14,52631
100.0,1,-1,confirm,1.0,43.4,27.4,94.93,2477,51.53,80.01,2647,0.936,1.505,0.093,0.2819,16,0.2959,2544,0.8628,1,569,-73.23,1,569,-73.23,1,569,-73.23,1,603,-65.09,0.6045,99.36,15,55272
100.0,1,1,confirm,1.0,-91.26,-107.26,8.17,11,99.43,91.26,903,0.012,0.942,0.004,-0.1854,16,0.1179,770,0.7396,1,811,-72.19,1,811,-72.19,0,-1,,1,836,-77.64,0.288,52.03,16,57919
100.0,1,-1,confirm,1.0,42.61,26.61,93.47,397,50.86,8.25,474,0.838,1.334,0.153,0.1654,16,0.3062,89,0.5367,0,-1,,0,-1,,0,-1,,0,-1,,0.6165,99.35,16,58822
100.0,1,1,confirm,1.0,42.79,26.79,96.63,1959,53.84,8.28,2095,0.935,0.744,0.119,0.1001,17,0.3357,597,0.8798,1,652,26.23,1,652,26.23,1,652,26.23,1,657,20.71,0.2064,51.34,16,59296
100.0,1,-1,confirm,1.0,-2.75,-18.75,48.11,250,50.86,4.12,549,0.455,0.456,0.127,0.0046,17,0.2148,498,0.6895,0,-1,,0,-1,,0,-1,,0,-1,,0.4681,53.32,17,61391
100.0,1,1,confirm,1.0,129.17,113.17,181.39,1355,52.22,13.74,1954,0.693,1.074,0.202,0.15,17,0.2326,1026,0.8868,1,492,39.85,1,492,39.85,0,-1,,0,-1,,0.2936,51.1,17,61940
100.0,1,-1,confirm,1.0,47.48,31.48,97.68,523,50.2,1.36,1066,0.491,0.628,0.215,0.0234,17,0.1348,119,0.7684,1,175,29.85,1,175,29.85,0,-1,,1,200,28.49,0.1742,51.29,17,63894
100.0,1,1,confirm,1.0,-83.15,-99.15,16.36,404,99.51,83.15,1065,0.379,1.478,0.092,0.1601,18,0.2731,253,0.8803,1,849,-65.43,1,849,-65.43,1,849,-65.43,1,849,-65.43,0.6345,50.69,18,64960
100.0,1,-1,confirm,1.0,-11.0,-27.0,39.86,940,50.86,19.24,1109,0.848,2.27,0.079,0.0919,18,0.2134,889,0.5782,1,69,-4.12,0,-1,,0,-1,,0,-1,,0.2254,99.35,18,66025
100.0,1,1,confirm,1.0,-1.37,-17.37,53.55,1045,54.92,1.37,1813,0.576,1.36,0.057,0.41,18,0.446,1091,0.8781,1,1770,16.48,1,1770,16.48,1,1770,16.48,0,-1,,0.2407,51.06,18,67134
100.0,1,-1,confirm,1.0,85.14,69.14,137.32,1343,52.18,10.99,1518,0.885,4.367,0.106,0.3001,19,0.4054,1321,0.859,1,502,19.23,1,502,19.23,0,-1,,1,502,19.23,0.878,54.63,19,68947
100.0,1,1,confirm,1.0,2.77,-13.23,58.17,768,55.4,16.62,962,0.798,0.586,0.135,0.1191,19,0.4472,409,0.8199,1,808,48.48,1,808,48.48,1,808,48.48,1,862,41.55,0.3369,52.91,19,70465
100.0,1,-1,confirm,1.0,16.62,0.62,69.23,289,52.62,12.46,374,0.773,2.055,0.16,0.5009,19,0.5066,292,0.7688,0,-1,,0,-1,,0,-1,,0,-1,,0.2347,55.08,19,71427
100.0,1,1,confirm,1.0,-16.64,-32.64,36.06,1059,52.7,66.57,1139,0.93,0.806,0.173,0.5539,20,0.5878,1087,0.9502,0,-1,,0,-1,,0,-1,,0,-1,,0.6125,52.98,19,71801
100.0,1,-1,confirm,1.0,84.75,68.75,136.15,2367,51.4,62.52,2389,0.991,2.066,0.117,0.3623,20,0.5896,1812,0.9019,1,846,-51.4,1,846,-51.4,1,846,-51.4,1,846,-51.4,0.1109,52.52,20,72940
100.0,1,1,confirm,1.0,37.83,21.83,88.27,773,50.44,60.25,922,0.838,0.988,0.147,0.1664,21,0.1958,790,0.7389,0,-1,,0,-1,,0,-1,,0,-1,,0.4937,52.11,20,75329
100.0,1,-1,confirm,1.0,-93.52,-109.52,9.77,8,103.29,93.52,1493,0.005,0.909,0.086,-0.087,21,0.1816,907,0.7155,1,1210,-43.27,1,1210,-43.27,0,-1,,1,1308,-51.65,0.2637,50.0,21,76251
100.0,1,1,fallback,1.0,-49.79,-65.79,4.15,34,53.93,49.79,256,0.133,0.663,0.169,0.4674,21,0.4674,34,0.6135,0,-1,,0,-1,,0,-1,,0,-1,,0.7155,103.4,21,77744
100.0,1,-1,confirm,1.0,-84.78,-100.78,18.07,16,102.85,84.78,512,0.031,2.899,0.002,-0.1102,21,0.2725,374,0.8348,0,-1,,0,-1,,0,-1,,0,-1,,0.6079,53.91,21,78000
100.0,1,1,fallback,1.0,30.32,14.32,81.31,848,50.99,1.38,918,0.924,0.851,0.096,0.3655,22,0.484,687,0.8518,0,-1,,0,-1,,0,-1,,0,-1,,0.7724,103.04,21,78512
100.0,1,-1,confirm,1.0,37.1,21.1,87.94,1067,50.84,27.48,1225,0.871,0.984,0.115,0.0387,22,0.1018,598,0.6403,1,681,50.84,1,681,50.84,0,-1,,0,-1,,0.0525,50.58,22,79430
100.0,1,1,confirm,1.0,-89.64,-105.64,9.65,64,99.3,89.64,2330,0.027,1.164,0.044,0.0753,22,0.085,2053,0.8769,1,180,-15.17,0,-1,,0,-1,,0,-1,,0.1037,51.29,22,80655
100.0,1,-1,confirm,1.0,-11.13,-27.13,38.96,473,50.1,19.48,558,0.848,1.281,0.132,0.2684,23,0.2785,336,0.8248,0,-1,,0,-1,,0,-1,,0,-1,,0.4471,99.2,23,82985
100.0,1,1,confirm,1.0,-79.23,-95.23,20.85,3943,100.08,79.23,4408,0.895,1.47,0.089,0.064,0,0.2506,1300,0.9406,1,1567,-44.48,1,1567,-44.48,1,1567,-44.48,1,2075,-33.36,0.5785,50.29,23,83543
100.0,1,-1,confirm,1.0,79.87,63.87,130.31,249,50.44,7.01,261,0.954,4.682,0.225,0.3179,0,0.3256,241,0.6124,0,-1,,0,-1,,0,-1,,0,-1,,0.477,99.88,0,87951
100.0,1,1,confirm,1.0,2.82,-13.18,56.5,293,53.67,35.31,422,0.694,1.298,0.049,-0.1462,0,-0.1294,334,0.3885,0,-1,,0,-1,,0,-1,,0,-1,,0.4794,51.11,0,88212
100.0,1,-1,confirm,1.0,15.53,-0.47,67.78,133,52.25,5.65,181,0.735,0.897,0.058,0.1295,0,0.1722,3,0.5591,1,167,49.42,1,167,49.42,0,-1,,1,174,35.3,0.1552,53.37,0,88634
100.0,1,1,confirm,1.0,28.28,12.28,79.2,272,50.91,35.36,350,0.777,0.747,0.028,0.088,0,0.1327,114,0.732,0,-1,,0,-1,,0,-1,,0,-1,,0.2788,52.6,0,88815
100.0,1,-1,confirm,1.0,19.74,3.74,70.51,677,50.77,0.0,805,0.841,0.496,0.055,0.1187,0,0.1752,475,0.6682,0,-1,,0,-1,,0,-1,,0,-1,,0.262,50.51,0,89165
100.0,1,1,confirm,1.0,-74.89,-90.89,25.43,213,100.32,74.89,736,0.289,1.862,0.043,-0.0959,1,0.1854,701,0.6987,0,-1,,0,-1,,0,-1,,0,-1,,0.183,51.13,0,89970
100.0,1,-1,fallback,1.0,2.85,-13.15,52.68,267,49.83,18.51,294,0.908,5.244,0.124,0.3361,1,0.3592,262,0.7338,0,-1,,0,-1,,0,-1,,0,-1,,0.1724,100.07,1,90706
100.0,1,1,confirm,1.0,-99.69,-115.69,0.0,0,99.69,99.69,371,0.0,4.987,0.079,-0.2772,1,-0.2548,163,0.2572,0,-1,,0,-1,,0,-1,,0,-1,,0.6344,50.09,1,91000
100.0,1,-1,confirm,1.0,18.7,2.7,70.48,36,51.78,0.0,50,0.72,1.392,0.12,0.2979,1,0.3148,41,0.363,0,-1,,0,-1,,0,-1,,0,-1,,0.5039,99.69,1,91371
100.0,1,1,confirm,1.0,1.44,-14.56,51.88,175,50.44,37.47,244,0.717,0.479,0.033,-0.1815,1,-0.1292,147,0.1547,0,-1,,0,-1,,0,-1,,0,-1,,0.2498,52.15,1,91421
100.0,1,-1,confirm,1.0,-79.25,-95.25,28.82,118,108.07,79.25,457,0.258,0.486,0.053,0.1836,1,0.1886,119,0.4484,0,-1,,0,-1,,0,-1,,0,-1,,0.0859,50.18,1,91665
100.0,1,1,fallback,1.0,-44.32,-60.32,5.72,1,50.04,44.32,136,0.007,1.806,0.071,-0.033,1,0.0623,125,0.599,0,-1,,0,-1,,0,-1,,0,-1,,0.3737,108.38,1,92122
100.0,1,-1,confirm,1.0,341.76,325.76,393.45,1632,51.69,22.98,1657,0.985,2.738,0.136,0.2428,2,0.3054,1524,0.6834,1,1433,183.8,1,1433,183.8,1,1433,183.8,0,-1,,0.0926,50.01,1,92258
100.0,1,1,confirm,1.0,130.84,114.84,184.36,180,53.52,5.95,217,0.829,0.438,0.016,-0.2055,2,-0.1937,128,0.458,0,-1,,0,-1,,0,-1,,0,-1,,0.2071,53.81,2,93915
100.0,1,-1,confirm,1.0,7.34,-8.66,58.7,83,51.36,7.34,102,0.814,0.349,0.057,0.2161,2,0.2183,64,0.4943,0,-1,,0,-1,,0,-1,,0,-1,,0.1757,52.55,2,94132
100.0,1,1,confirm,1.0,171.83,155.83,223.23,864,51.4,35.25,912,0.947,2.293,0.133,0.0871,2,0.127,907,0.4653,0,-1,,0,-1,,0,-1,,0,-1,,0.3606,51.67,2,94234
100.0,1,-1,confirm,1.0,-89.52,-105.52,11.55,277,101.07,89.52,461,0.601,0.445,0.072,-0.0591,2,-0.0242,442,0.5346,0,-1,,0,-1,,0,-1,,0,-1,,0.0733,50.28,2,95146
100.0,1,1,fallback,1.0,-50.09,-66.09,1.43,2,51.52,50.09,153,0.013,0.704,0.099,0.0341,2,0.0477,67,0.442,0,-1,,0,-1,,0,-1,,0,-1,,0.0848,101.19,2,95607
100.0,1,-1,confirm,1.0,-102.11,-118.11,-0.0,0,102.11,102.11,402,0.0,0.745,0.027,-0.0036,2,0.0205,44,0.3948,0,-1,,0,-1,,0,-1,,0,-1,,0.3137,51.51,2,95760
100.0,1,1,fallback,1.0,-18.51,-34.51,32.74,537,51.25,32.74,940,0.571,0.368,0.073,0.1979,2,0.2831,380,0.5765,1,700,-1.42,1,700,-1.42,1,700,-1.42,0,-1,,0.337,102.11,2,96162
100.0,1,-1,confirm,1.0,-87.01,-103.01,15.69,17,102.7,87.01,350,0.049,0.772,0.057,0.0525,2,0.1636,172,0.5935,1,335,-59.91,1,335,-59.91,0,-1,,1,335,-59.91,0.3167,51.09,2,97102
100.0,1,1,fallback,1.0,28.28,12.28,79.19,763,50.9,9.9,1094,0.697,1.728,0.088,0.208,3,0.3914,0,0.8044,0,-1,,0,-1,,0,-1,,0,-1,,0.5702,102.86,3,97452
100.0,1,-1,confirm,1.0,-101.52,-117.52,-0.0,0,101.52,101.52,1322,0.0,1.454,0.02,-0.0507,3,0.2337,1248,0.8765,0,-1,,0,-1,,0,-1,,0,-1,,0.4156,50.51,3,98546
100.0,1,1,fallback,1.0,-29.31,-45.31,20.94,1761,50.25,43.27,2085,0.845,1.782,0.087,0.2068,4,0.3072,2012,0.8948,1,805,-34.9,1,805,-34.9,1,805,-34.9,0,-1,,0.7288,101.52,3,99868
100.0,1,-1,confirm,1.0,159.6,143.6,208.6,3129,49.0,30.8,3344,0.936,2.308,0.156,0.4418,5,0.489,3122,0.8279,1,1416,68.6,0,-1,,0,-1,,0,-1,,0.8867,50.15,4,101953
100.0,1,1,confirm,1.0,1.42,-14.58,52.64,1234,51.22,45.53,2119,0.582,0.697,0.088,0.0895,5,0.2431,1603,0.8437,1,915,-31.3,1,915,-31.3,1,1851,42.68,1,2015,24.19,0.4988,50.04,5,105297
100.0,1,-1,confirm,1.0,-86.77,-102.77,15.65,53,102.42,86.77,1526,0.035,1.35,0.089,0.0101,5,0.2122,1495,0.8228,1,57,5.69,1,472,-7.11,0,-1,,1,928,-45.52,0.3742,50.95,5,107416
100.0,1,1,fallback,1.0,-8.46,-24.46,42.31,187,50.77,28.2,481,0.389,2.782,0.163,0.3122,6,0.3385,207,0.7848,0,-1,,0,-1,,0,-1,,0,-1,,0.1912,102.58,6,108942
100.0,1,-1,confirm,1.0,148.2,132.2,197.6,3774,49.4,33.87,4045,0.933,0.262,0.104,0.1758,7,0.2116,683,0.7652,1,1238,-7.06,1,1238,-7.06,1,1238,-7.06,1,2072,59.28,0.4361,50.55,6,109423
100.0,1,1,confirm,1.0,-73.07,-89.07,27.22,572,100.29,73.07,1641,0.349,1.182,0.076,0.0157,7,0.153,1096,0.8125,1,1411,-32.95,1,1411,-32.95,0,-1,,1,1632,-57.31,0.1236,50.4,7,113468
100.0,1,-1,fallback,1.0,-15.88,-31.88,36.08,178,51.96,15.88,293,0.608,1.375,0.136,0.1588,8,0.1935,250,0.6769,0,-1,,0,-1,,0,-1,,0,-1,,0.2413,100.01,7,115109
100.0,1,1,confirm,1.0,-93.66,-109.66,5.76,42,99.42,93.66,496,0.085,0.467,0.034,-0.147,8,-0.1152,66,0.7824,0,-1,,0,-1,,0,-1,,0,-1,,0.2762,52.14,8,115402
100.0,1,-1,confirm,1.0,8.73,-7.27,59.64,244,50.91,2.91,426,0.573,1.059,0.197,0.0435,8,0.1946,18,0.4461,1,196,33.45,1,196,33.45,0,-1,,0,-1,,0.1335,99.37,8,115898
100.0,1,1,confirm,1.0,46.59,30.59,99.0,721,52.41,14.56,791,0.912,1.344,0.084,-0.3323,8,0.0753,95,0.4976,1,360,49.5,0,-1,,0,-1,,0,-1,,0.2575,51.21,8,116324
100.0,1,-1,confirm,1.0,131.86,115.86,182.58,3509,50.72,56.51,3667,0.957,1.484,0.084,0.3683,9,0.4314,3347,0.7773,1,1490,-26.08,1,1490,-26.08,1,1490,-26.08,1,1559,-36.23,0.3089,51.9,8,117115
100.0,1,1,confirm,1.0,70.48,54.48,121.88,1795,51.4,44.05,1889,0.95,0.857,0.114,0.0363,10,0.212,1613,0.6542,1,1837,98.38,1,1837,98.38,1,1837,98.38,0,-1,,0.225,51.66,9,120782
100.0,1,-1,confirm,1.0,1.46,-14.54,53.95,1537,52.49,26.25,1590,0.967,0.796,0.09,0.1217,10,0.1763,328,0.7324,1,410,30.62,1,410,30.62,0,-1,,0,-1,,0.04,50.78,10,122671
100.0,1,1,confirm,1.0,-70.0,-86.0,32.08,198,102.09,70.0,992,0.2,0.945,0.024,-0.066,10,0.2211,954,0.7667,0,-1,,0,-1,,0,-1,,0,-1,,0.2532,52.78,10,124261
100.0,1,-1,fallback,1.0,27.9,11.9,77.84,451,49.93,2.94,636,0.709,0.69,0.094,-0.0069,10,0.0966,602,0.5578,0,-1,,0,-1,,0,-1,,0,-1,,0.0698,101.76,10,125253
100.0,1,1,confirm,1.0,-67.75,-83.75,35.35,457,103.09,67.75,766,0.597,0.868,0.105,-0.0743,11,-0.0287,435,0.834,0,-1,,0,-1,,0,-1,,0,-1,,0.2242,50.33,10,125889
100.0,1,-1,fallback,1.0,-51.9,-67.9,-0.0,0,51.9,51.9,357,0.0,1.912,0.092,0.461,11,0.464,11,0.8739,0,-1,,0,-1,,0,-1,,0,-1,,0.3416,102.73,11,126655
100.0,1,1,confirm,1.0,61.96,45.96,113.59,880,51.63,5.9,1195,0.736,1.939,0.091,-0.0643,11,0.1371,273,0.6965,1,728,69.33,1,728,69.33,0,-1,,0,-1,,0.8739,51.9,11,127012
100.0,1,-1,confirm,1.0,-64.51,-80.51,38.12,446,102.62,64.51,1033,0.432,0.446,0.112,-0.1902,11,0.0813,68,0.4946,1,133,-0.0,0,-1,,0,-1,,0,-1,,0.046,51.05,11,128207
100.0,1,1,fallback,1.0,7.28,-8.72,59.72,626,52.44,16.02,885,0.707,0.947,0.101,0.2262,12,0.2901,796,0.8499,0,-1,,0,-1,,0,-1,,0,-1,,0.1661,103.02,11,129240
100.0,1,-1,confirm,1.0,4.37,-11.63,55.31,190,50.95,0.0,470,0.404,0.804,0.086,-0.017,12,-0.017,190,0.526,0,-1,,0,-1,,0,-1,,0,-1,,0.2657,52.13,12,130125
100.0,1,1,confirm,1.0,193.68,177.68,247.56,1923,53.88,36.41,2434,0.79,1.331,0.049,-0.1914,12,0.3973,2410,0.8227,1,1,-1.46,1,292,-7.28,1,1766,189.31,1,1805,179.12,0.2248,51.23,12,130595
100.0,1,-1,confirm,1.0,88.57,72.57,140.0,1680,51.43,25.71,1922,0.874,0.497,0.142,0.0873,13,0.2813,1908,0.7874,1,1028,14.29,1,1028,14.29,0,-1,,1,1303,70.0,0.5333,52.58,12,133029
100.0,1,1,confirm,1.0,121.07,105.07,172.96,625,51.89,14.41,813,0.769,0.969,0.116,0.1453,13,0.2019,537,0.8532,0,-1,,0,-1,,0,-1,,0,-1,,0.1758,52.16,13,134951
100.0,1,-1,confirm,1.0,1.42,-14.58,51.27,161,49.84,4.27,240,0.671,0.539,0.007,-0.0771,13,-0.0615,104,0.4468,0,-1,,0,-1,,0,-1,,0,-1,,0.0481,51.01,13,135764
100.0,1,1,confirm,1.0,0.0,-16.0,52.7,958,52.7,51.27,1077,0.89,1.133,0.073,0.0668,14,0.2236,51,0.7692,1,559,-38.46,1,559,-38.46,1,559,-38.46,1,598,-18.52,0.0774,50.1,13,136004
100.0,1,-1,confirm,1.0,38.46,22.46,88.31,1952,49.85,59.82,2307,0.846,1.26,0.105,0.0368,14,0.3627,706,0.8712,1,747,-31.33,1,747,-31.33,1,747,-31.33,0,-1,,0.4361,52.42,14,137081
100.0,1,1,confirm,1.0,25.74,9.74,80.07,1643,54.33,54.33,1717,0.957,0.754,0.119,0.2098,15,0.2816,1401,0.7343,1,667,-41.46,1,1671,60.05,1,1671,60.05,1,1692,41.46,0.1774,50.29,14,139388
100.0,1,-1,confirm,1.0,54.19,38.19,104.11,694,49.91,31.37,834,0.832,2.664,0.169,-0.0067,15,0.3089,537,0.5596,1,580,69.88,1,580,69.88,1,580,69.88,0,-1,,0.2903,53.9,15,141105
100.0,1,1,confirm,1.0,-73.13,-89.13,28.68,613,101.81,73.13,3699,0.166,0.548,0.042,0.1394,15,0.2994,1680,0.8757,1,834,8.6,1,834,8.6,1,834,8.6,0,-1,,0.1694,50.44,15,141939
100.0,1,-1,fallback,1.0,-14.44,-30.44,36.11,192,50.56,14.44,666,0.288,2.806,0.112,0.1341,16,0.19,317,0.6954,0,-1,,0,-1,,0,-1,,0,-1,,0.2145,101.52,16,145638
100.0,1,1,confirm,1.0,8.65,-7.35,59.14,2094,50.48,14.42,2272,0.922,1.481,0.107,0.4051,17,0.4856,941,0.8943,1,1184,4.33,1,1184,4.33,1,1184,4.33,0,-1,,0.2687,50.74,16,146304
100.0,1,-1,confirm,1.0,67.73,51.73,125.38,1771,57.65,0.0,2095,0.845,2.567,0.073,0.0182,17,0.1895,457,0.6511,1,1515,112.41,1,1515,112.41,0,-1,,1,1637,109.53,0.7365,50.19,17,148576
100.0,1,1,confirm,1.0,42.08,26.08,92.86,95,50.78,-0.0,323,0.294,1.959,0.21,0.2247,17,0.3691,308,0.8387,0,-1,,0,-1,,0,-1,,0,-1,,0.3277,58.38,17,150671
100.0,1,-1,confirm,1.0,30.34,14.34,80.91,1098,50.57,18.78,1230,0.893,0.344,0.097,0.309,18,0.3399,996,0.7418,0,-1,,0,-1,,0,-1,,0,-1,,0.3544,50.32,17,150994
100.0,1,1,confirm,1.0,76.81,60.81,127.54,812,50.72,5.8,884,0.919,3.201,0.222,0.3749,18,0.5447,737,0.9104,0,-1,,0,-1,,0,-1,,0,-1,,0.0473,50.98,18,152224
100.0,1,-1,confirm,1.0,10.07,-5.93,61.84,2350,51.78,46.02,2597,0.905,0.308,0.108,0.0347,19,0.1748,1975,0.8093,1,2473,44.59,1,2473,44.59,0,-1,,1,2488,47.46,0.2323,50.09,18,153108
100.0,1,1,confirm,1.0,-66.23,-82.23,34.55,835,100.78,66.23,2821,0.296,1.325,0.106,0.5705,19,0.582,834,0.8218,1,1519,-1.44,1,1519,-1.44,1,1519,-1.44,1,1678,-10.08,0.4736,52.1,19,155705
100.0,1,-1,fallback,1.0,30.43,14.43,81.16,312,50.72,1.45,620,0.503,2.058,0.187,0.2223,20,0.4141,529,0.9311,0,-1,,0,-1,,0,-1,,0,-1,,0.5791,100.43,20,158526
100.0,1,1,confirm,1.0,-62.51,-78.51,39.25,3435,101.76,62.51,4552,0.755,0.36,0.071,0.1005,21,0.4501,364,0.8624,1,610,24.71,1,610,24.71,1,610,24.71,1,846,-18.9,0.5256,51.14,20,159146
100.0,1,-1,fallback,1.0,57.05,41.05,106.79,787,49.74,0.0,963,0.817,1.456,0.146,0.2386,21,0.3997,505,0.8465,0,-1,,0,-1,,0,-1,,0,-1,,0.337,101.36,21,163698
100.0,1,1,confirm,1.0,82.39,66.39,133.88,5050,51.49,57.38,5264,0.959,0.823,0.09,-0.0769,23,0.2077,2570,0.8493,1,1216,-22.07,1,1704,-19.13,1,2593,4.41,1,2844,-17.65,0.0921,50.27,21,164661
100.0,1,-1,confirm,1.0,24.81,8.81,75.88,480,51.07,14.59,933,0.514,3.085,0.214,0.0493,23,0.2236,874,0.8133,1,410,53.99,1,410,53.99,0,-1,,0,-1,,0.2311,50.81,23,169925
100.0,1,1,confirm,1.0,32.18,16.18,83.38,1707,51.2,19.02,2449,0.697,1.192,0.088,0.0274,23,0.1847,522,0.7929,1,599,39.5,1,599,39.5,0,-1,,1,670,26.33,0.2756,51.46,23,170858
100.0,1,-1,confirm,1.0,-68.53,-84.53,33.54,610,102.07,68.53,1281,0.476,0.517,0.061,-0.0537,0,0.0935,1,0.6987,1,60,-17.5,0,-1,,0,-1,,0,-1,,0.1046,50.78,0,173307
100.0,1,1,fallback,1.0,-44.9,-60.9,7.24,55,52.14,44.9,460,0.12,1.363,0.075,0.351,0,0.3796,295,0.696,0,-1,,0,-1,,0,-1,,0,-1,,0.4338,102.41,0,174588
100.0,1,-1,confirm,1.0,116.38,100.38,167.3,1644,50.92,45.1,1723,0.954,1.906,0.227,0.2579,1,0.322,1583,0.8257,1,514,-17.46,1,514,-17.46,0,-1,,1,592,-37.82,0.3048,52.1,0,175048
100.0,1,1,confirm,1.0,25.02,9.02,78.01,762,52.99,11.78,963,0.791,1.344,0.104,0.0818,1,0.1442,483,0.7758,0,-1,,0,-1,,0,-1,,0,-1,,0.0301,51.78,1,176771
100.0,1,-1,confirm,1.0,-89.56,-105.56,14.68,47,104.24,89.56,489,0.096,0.627,0.025,-0.0714,1,0.0651,123,0.5648,1,126,-27.9,0,-1,,0,-1,,0,-1,,0.041,52.58,1,177734
100.0,1,1,fallback,1.0,-36.38,-52.38,14.55,352,50.93,36.38,479,0.735,1.027,0.116,0.066,1,0.0664,366,0.4858,0,-1,,0,-1,,0,-1,,0,-1,,0.2255,104.4,1,178223
100.0,1,-1,confirm,1.0,54.04,38.04,105.16,2651,51.12,36.51,2793,0.949,0.602,0.097,0.2541,2,0.2689,2571,0.6568,1,729,11.68,1,729,11.68,0,-1,,1,731,11.68,0.1526,50.86,1,178702
100.0,1,1,confirm,1.0,-96.92,-112.92,2.94,10,99.85,96.92,1113,0.009,0.681,0.031,-0.2164,2,0.0578,696,0.7991,1,697,-11.75,0,-1,,0,-1,,0,-1,,0.426,51.66,2,181495
100.0,1,-1,confirm,1.0,8.9,-7.1,59.31,1409,50.42,81.55,1957,0.72,1.372,0.084,0.2259,3,0.2859,0,0.6837,1,1857,50.42,1,1857,50.42,1,1857,50.42,0,-1,,0.0692,99.82,2,182608
100.0,1,1,confirm,1.0,22.26,6.26,72.72,154,50.46,7.42,286,0.538,1.166,0.127,0.1908,3,0.2074,281,0.5648,0,-1,,0,-1,,0,-1,,0,-1,,0.1234,50.72,3,184565
100.0,1,-1,confirm,1.0,5.92,-10.08,57.75,470,51.83,5.92,601,0.782,1.682,0.145,0.0657,3,0.1646,600,0.7393,0,-1,,0,-1,,0,-1,,0,-1,,0.3318,50.1,3,184851
100.0,1,1,confirm,1.0,-78.53,-94.53,25.19,83,103.72,78.53,754,0.11,1.034,0.058,-0.1829,3,-0.0679,536,0.6469,0,-1,,0,-1,,0,-1,,0,-1,,0.465,52.13,3,185452
100.0,1,-1,fallback,1.0,13.44,-2.56,64.22,1244,50.78,43.31,1263,0.985,2.181,0.094,0.2869,4,0.5046,67,0.754,1,763,-37.34,1,763,-37.34,1,763,-37.34,1,763,-37.34,0.1488,103.46,3,186206
100.0,1,1,confirm,1.0,80.75,64.75,131.6,217,50.84,1.5,392,0.554,1.415,0.095,-0.0159,4,-0.0128,390,0.4274,0,-1,,0,-1,,0,-1,,0,-1,,0.6839,51.1,4,187469
100.0,1,-1,confirm,1.0,5.93,-10.07,56.37,576,50.44,17.8,839,0.687,0.741,0.104,0.1884,4,0.3511,675,0.7024,0,-1,,0,-1,,0,-1,,0,-1,,0.3631,50.18,4,187861
100.0,1,1,confirm,1.0,25.23,9.23,75.7,298,50.47,1.48,363,0.821,1.938,0.145,0.0116,4,0.0236,292,0.4282,0,-1,,0,-1,,0,-1,,0,-1,,0.4464,50.72,4,188700
100.0,1,-1,confirm,1.0,39.98,23.98,90.32,1076,50.34,7.4,1185,0.908,1.062,0.153,0.386,4,0.3903,1067,0.7983,0,-1,,0,-1,,0,-1,,0,-1,,0.105,50.09,4,189063
100.0,1,1,confirm,1.0,68.38,52.38,120.41,568,52.03,-0.0,857,0.663,1.384,0.204,0.2517,5,0.2739,492,0.8074,0,-1,,0,-1,,0,-1,,0,-1,,0.6001,50.8,4,190248
100.0,1,-1,confirm,1.0,172.74,156.74,222.94,2547,50.2,35.43,2656,0.959,2.321,0.136,0.2075,5,0.2982,2285,0.8689,1,620,-0.0,1,620,-0.0,0,-1,,1,1131,4.43,0.0891,51.41,5,191105
100.0,1,1,confirm,1.0,-58.59,-74.59,42.07,180,100.66,58.59,423,0.426,0.491,0.004,-0.197,5,-0.1159,404,0.2603,0,-1,,0,-1,,0,-1,,0,-1,,0.1206,51.34,5,193761
100.0,1,-1,fallback,1.0,-18.14,-34.14,33.25,296,51.38,31.74,304,0.974,3.099,0.093,0.2595,6,0.2851,279,0.6013,0,-1,,0,-1,,0,-1,,0,-1,,0.1282,100.24,5,194184
100.0,1,1,confirm,1.0,-12.07,-28.07,40.73,341,52.8,89.0,518,0.658,0.504,0.017,-0.2096,6,-0.1639,462,0.2185,0,-1,,0,-1,,0,-1,,0,-1,,0.595,51.55,6,194488
100.0,1,-1,confirm,1.0,302.07,286.07,351.91,856,49.84,3.02,879,0.974,2.185,0.131,0.2816,6,0.3571,665,0.6552,0,-1,,0,-1,,0,-1,,0,-1,,0.1042,52.58,6,195006
100.0,1,1,confirm,1.0,3.11,-12.89,56.07,18,52.95,26.48,43,0.419,1.811,0.078,-0.2805,6,-0.2779,15,-0.1613,0,-1,,0,-1,,0,-1,,0,-1,,0.0719,51.66,6,195885
100.0,1,-1,confirm,1.0,-74.73,-90.73,28.02,2,102.76,74.73,133,0.015,0.928,0.105,0.2821,6,0.2844,26,0.2403,0,-1,,0,-1,,0,-1,,0,-1,,0.2439,52.66,6,195928
100.0,1,1,fallback,1.0,-18.54,-34.54,32.45,40,51.0,18.54,100,0.4,0.324,0.038,-0.2339,6,-0.2315,23,0.0367,0,-1,,0,-1,,0,-1,,0,-1,,0.2097,103.04,6,196061
100.0,1,-1,confirm,1.0,-86.7,-102.7,15.48,72,102.18,86.7,255,0.282,0.284,0.039,0.2499,6,0.2521,62,0.4534,0,-1,,0,-1,,0,-1,,0,-1,,0.0769,50.83,6,196161
100.0,1,1,fallback,1.0,-50.65,-66.65,0.0,0,50.65,50.65,62,0.0,0.703,0.029,-0.1299,6,-0.1009,60,0.1168,0,-1,,0,-1,,0,-1,,0,-1,,0.4261,102.34,6,196416
100.0,1,-1,confirm,1.0,-60.17,-76.17,43.2,63,103.36,60.17,576,0.109,0.719,0.021,0.0823,6,0.1129,8,0.5301,1,504,-0.0,1,504,-0.0,0,-1,,0,-1,,0.0126,50.65,6,196478
100.0,1,1,fallback,1.0,-4.6,-20.6,47.54,15,52.14,4.6,98,0.153,2.009,0.071,-0.0011,6,0.0165,49,0.0818,0,-1,,0,-1,,0,-1,,0,-1,,0.1591,103.81,6,197054
100.0,1,-1,confirm,1.0,9.21,-6.79,64.44,284,55.23,19.94,488,0.582,0.513,0.019,0.0653,6,0.1864,488,0.6845,0,-1,,0,-1,,0,-1,,0,-1,,0.0128,51.89,6,197152
100.0,1,1,confirm,1.0,-78.32,-94.32,23.03,259,101.35,78.32,494,0.524,0.396,0.012,-0.0587,6,0.0191,451,0.6381,0,-1,,0,-1,,0,-1,,0,-1,,0.0622,55.59,6,197640
100.0,1,-1,fallback,1.0,12.38,-3.62,69.65,304,57.27,30.95,377,0.806,1.136,0.122,0.1073,7,0.1315,241,0.5794,0,-1,,0,-1,,0,-1,,0,-1,,0.2201,101.12,7,198134
100.0,1,1,confirm,1.0,-88.33,-104.33,12.4,4,100.73,88.33,214,0.019,1.054,0.059,-0.0875,7,0.0663,72,0.6539,1,127,-41.84,0,-1,,0,-1,,0,-1,,0.033,57.67,7,198511
100.0,1,-1,fallback,1.0,-53.16,-69.16,1.56,3,54.72,53.16,49,0.061,1.295,0.089,0.0191,7,0.0213,6,0.5877,0,-1,,0,-1,,0,-1,,0,-1,,0.3479,100.6,7,198725
100.0,1,1,confirm,1.0,83.98,67.98,135.3,681,51.32,27.99,713,0.955,1.471,0.116,0.0634,7,0.307,558,0.7276,0,-1,,0,-1,,0,-1,,0,-1,,0.552,54.73,7,198774
100.0,1,-1,confirm,1.0,-84.82,-100.82,21.59,29,106.42,84.82,151,0.192,0.817,0.054,-0.0303,7,-0.0238,15,0.5271,0,-1,,0,-1,,0,-1,,0,-1,,0.0587,50.64,7,199487
100.0,1,1,fallback,1.0,0.0,-16.0,50.47,212,50.47,15.29,248,0.855,1.098,0.154,0.0104,7,0.1525,92,0.5607,1,187,32.12,1,187,32.12,0,-1,,0,-1,,0.4989,106.65,7,199638
100.0,1,-1,confirm,1.0,-90.23,-106.23,10.71,22,100.93,90.23,241,0.091,0.902,0.087,-0.0046,7,0.0123,28,0.3168,0,-1,,0,-1,,0,-1,,0,-1,,0.0759,50.21,7,199886
100.0,1,1,fallback,1.0,-3.03,-19.03,50.02,645,53.05,27.28,691,0.933,2.081,0.042,-0.0631,7,0.1077,0,0.3328,1,32,4.55,1,32,4.55,0,-1,,1,623,28.8,0.0619,101.04,7,200127
100.0,1,-1,confirm,1.0,28.81,12.81,78.84,1863,50.03,53.06,2093,0.89,0.789,0.072,0.0832,8,0.1682,505,0.6073,1,608,9.1,1,608,9.1,0,-1,,1,788,-25.77,0.5116,52.78,7,200818
100.0,1,1,confirm,1.0,-51.7,-67.7,48.65,610,100.35,51.7,1277,0.478,1.33,0.046,-0.1365,8,0.0968,267,0.6057,1,47,12.16,0,-1,,0,-1,,0,-1,,0.2386,50.43,8,202911
100.0,1,-1,confirm,1.0,-4.59,-20.59,50.44,728,55.02,21.4,1036,0.703,2.515,0.065,0.2224,8,0.3608,930,0.8573,1,595,18.34,1,595,18.34,1,595,18.34,0,-1,,0.3805,99.86,8,204188
100.0,1,1,confirm,1.0,106.94,90.94,158.88,879,51.94,7.64,942,0.933,2.893,0.153,0.0096,9,0.0962,864,0.7324,1,869,116.1,0,-1,,0,-1,,0,-1,,0.5602,55.3,9,205224
100.0,1,-1,confirm,1.0,-83.13,-99.13,19.65,367,102.78,83.13,2685,0.137,0.239,0.056,0.0119,9,0.1955,522,0.6467,1,299,-3.02,1,554,-28.72,0,-1,,1,1431,-3.02,0.0652,51.13,9,206166
100.0,1,1,fallback,1.0,-47.97,-63.97,4.5,146,52.47,47.97,949,0.154,1.666,0.059,0.0841,10,0.1054,162,0.5268,1,273,-22.49,1,273,-22.49,0,-1,,1,688,-31.48,0.1647,102.98,10,208851
100.0,1,-1,confirm,1.0,31.63,15.63,82.84,3203,51.21,52.72,3571,0.897,1.239,0.147,0.0903,11,0.315,879,0.8269,1,267,9.04,1,267,9.04,1,267,9.04,1,267,9.04,0.5268,52.44,10,209800
100.0,1,1,confirm,1.0,40.8,24.8,93.68,411,52.89,4.53,483,0.851,1.197,0.171,0.0929,11,0.0977,399,0.5669,1,483,40.8,0,-1,,0,-1,,0,-1,,0.594,51.64,11,213371
100.0,1,-1,confirm,1.0,18.06,2.06,67.72,1292,49.66,30.1,1607,0.804,2.571,0.096,0.1535,11,0.2572,511,0.6921,0,-1,,0,-1,,0,-1,,0,-1,,0.3035,52.4,11,213854
100.0,1,1,confirm,1.0,-96.49,-112.49,3.02,63,99.5,96.49,677,0.093,0.756,0.011,-0.012,11,0.1011,194,0.7666,1,307,-28.64,1,307,-28.64,0,-1,,1,542,-39.2,0.0567,50.0,11,215461
100.0,1,-1,confirm,1.0,-13.7,-29.7,36.54,159,50.24,22.83,255,0.624,2.019,0.125,0.1361,12,0.2214,206,0.6265,0,-1,,0,-1,,0,-1,,0,-1,,0.475,99.47,12,216138
100.0,1,1,confirm,1.0,16.72,0.72,69.93,91,53.21,3.04,475,0.192,0.803,0.017,-0.147,12,-0.1218,335,0.4178,0,-1,,0,-1,,0,-1,,0,-1,,0.0617,50.42,12,216393
100.0,1,-1,confirm,1.0,50.08,34.08,100.17,1312,50.08,71.33,1360,0.965,0.891,0.1,0.2396,12,0.2453,1325,0.6929,1,293,-47.05,1,293,-47.05,0,-1,,0,-1,,0.0928,52.84,12,216868
100.0,1,1,confirm,1.0,120.5,104.5,176.94,3056,56.44,27.46,3175,0.963,2.815,0.068,-0.0073,13,0.3483,1487,0.7448,1,858,-24.41,1,858,-24.41,1,2083,89.99,1,2805,134.23,0.4359,50.59,12,218228
100.0,1,-1,confirm,1.0,256.22,240.22,305.95,1796,49.74,70.84,1824,0.985,0.519,0.098,0.101,13,0.3467,1248,0.5969,1,597,36.17,1,597,36.17,1,597,36.17,0,-1,,0.0921,55.46,13,221403
100.0,1,1,confirm,1.0,-68.06,-84.06,32.48,136,100.54,68.06,355,0.383,1.577,0.029,0.0338,14,0.0471,110,0.2751,0,-1,,0,-1,,0,-1,,0,-1,,0.0727,51.31,14,223227
100.0,1,-1,fallback,1.0,-14.02,-30.02,37.38,11,51.39,14.02,28,0.393,0.964,0.068,0.1211,14,0.1537,25,0.5147,0,-1,,0,-1,,0,-1,,0,-1,,0.0186,100.22,14,223582
100.0,1,1,confirm,1.0,105.75,89.75,160.19,190,54.43,7.78,248,0.766,0.642,0.079,-0.1142,14,-0.114,191,0.3351,0,-1,,0,-1,,0,-1,,0,-1,,0.5147,51.59,14,223610
100.0,1,-1,confirm,1.0,6.16,-9.84,60.02,95,53.86,0.0,153,0.621,0.396,0.012,0.1766,14,0.2023,150,0.4709,0,-1,,0,-1,,0,-1,,0,-1,,0.1083,53.57,14,223858
100.0,1,1,confirm,1.0,13.86,-2.14,66.21,175,52.36,12.32,280,0.625,0.622,0.101,-0.0074,14,0.041,182,0.4308,0,-1,,0,-1,,0,-1,,0,-1,,0.451,54.19,14,224011
100.0,1,-1,confirm,1.0,9.23,-6.77,66.12,511,56.9,49.21,709,0.721,0.736,0.082,-0.0543,14,0.0905,105,0.5977,1,178,-38.44,0,-1,,0,-1,,0,-1,,0.3321,52.01,14,224291
100.0,1,1,confirm,1.0,64.65,48.65,121.59,483,56.95,44.64,528,0.915,0.965,0.108,0.1452,14,0.1486,485,0.5157,1,227,-15.39,1,227,-15.39,0,-1,,1,227,-15.39,0.1737,57.28,14,225000
100.0,1,-1,confirm,1.0,-3.06,-19.06,48.94,703,52.0,68.82,742,0.947,0.808,0.032,-0.0196,14,0.0603,571,0.6333,1,639,19.88,0,-1,,0,-1,,0,-1,,0.1228,56.27,14,225528
100.0,1,1,confirm,1.0,-93.26,-109.26,13.76,48,107.02,93.26,603,0.08,0.865,0.002,0.1469,14,0.2807,521,0.6175,0,-1,,0,-1,,0,-1,,0,-1,,0.057,52.25,14,226270
100.0,1,-1,fallback,1.0,-52.47,-68.47,1.54,1,54.01,52.47,34,0.029,2.012,0.093,-0.0317,15,0.0177,24,0.5329,0,-1,,0,-1,,0,-1,,0,-1,,0.2933,106.87,15,226873
100.0,1,1,confirm,1.0,-76.76,-92.76,29.17,135,105.93,76.76,447,0.302,1.049,0.025,0.0077,15,0.049,247,0.4769,0,-1,,0,-1,,0,-1,,0,-1,,0.444,54.02,15,226907
100.0,1,-1,fallback,1.0,15.47,-0.53,66.52,395,51.05,35.58,480,0.823,1.191,0.126,0.2344,15,0.2388,366,0.6644,0,-1,,0,-1,,0,-1,,0,-1,,0.0247,105.62,15,227354
100.0,1,1,confirm,1.0,23.24,7.24,75.92,548,52.68,32.54,649,0.844,0.496,0.085,0.0268,15,0.0268,548,0.6492,0,-1,,0,-1,,0,-1,,0,-1,,0.3986,51.39,15,227834
100.0,1,-1,confirm,1.0,52.56,36.56,105.12,744,52.56,12.37,854,0.871,2.508,0.072,0.0566,15,0.0566,744,0.5577,1,767,83.48,0,-1,,0,-1,,0,-1,,0.0032,52.28,15,228483
100.0,1,1,confirm,1.0,-63.71,-79.71,35.74,62,99.46,63.71,345,0.18,0.725,0.014,0.0136,15,0.0613,32,0.4807,1,99,27.97,0,-1,,0,-1,,0,-1,,0.2213,53.12,15,229337
100.0,1,-1,confirm,1.0,-31.28,-47.28,20.33,13,51.61,31.28,82,0.159,3.547,0.05,0.2483,15,0.2483,13,0.8196,0,-1,,0,-1,,0,-1,,0,-1,,0.2466,99.1,15,229682
100.0,1,1,confirm,1.0,7.8,-8.2,60.8,30,53.01,3.12,325,0.092,1.233,0.06,-0.0757,15,-0.0622,60,0.6355,0,-1,,0,-1,,0,-1,,0,-1,,0.7908,51.72,15,229764
100.0,1,-1,confirm,1.0,-1.56,-17.56,57.64,452,59.2,32.72,711,0.636,1.332,0.073,-0.0147,16,0.16,1,0.6452,1,187,-28.04,1,187,-28.04,0,-1,,1,187,-28.04,0.2143,52.69,15,230089
100.0,1,1,confirm,1.0,-87.23,-103.23,17.13,37,104.36,87.23,143,0.259,1.974,0.001,0.0224,16,0.0379,19,0.5311,0,-1,,0,-1,,0,-1,,0,-1,,0.1188,59.54,16,230800
100.0,1,-1,fallback,1.0,12.57,-3.43,70.71,187,58.14,37.71,207,0.903,2.018,0.074,0.0671,16,0.071,196,0.3344,1,112,-12.57,0,-1,,0,-1,,0,-1,,0.448,104.18,16,230943
100.0,1,1,confirm,1.0,132.16,116.16,188.8,125,56.64,-0.0,153,0.817,1.898,0.067,-0.0206,16,0.0379,39,0.3484,0,-1,,0,-1,,0,-1,,0,-1,,0.0977,58.55,16,231150
100.0,1,-1,confirm,1.0,-96.27,-112.27,6.21,2,102.48,96.27,33,0.061,0.937,0.034,0.0151,16,0.0256,31,-0.0157,0,-1,,0,-1,,0,-1,,0,-1,,0.0789,55.59,16,231303
100.0,1,1,fallback,1.0,-50.75,-66.75,0.0,0,50.75,50.75,63,0.0,1.202,0.076,0.0041,16,0.0225,3,0.3791,0,-1,,0,-1,,0,-1,,0,-1,,0.1258,102.55,16,231336
100.0,1,-1,confirm,1.0,-89.66,-105.66,13.91,28,103.57,89.66,283,0.099,0.635,0.029,-0.0132,16,0.0086,9,0.2953,0,-1,,0,-1,,0,-1,,0,-1,,0.1971,50.75,16,231399
100.0,1,1,fallback,1.0,-15.32,-31.32,36.77,81,52.09,16.85,170,0.476,0.942,0.106,0.042,16,0.0987,157,0.2315,0,-1,,0,-1,,0,-1,,0,-1,,0.3929,103.72,16,231682
100.0,1,-1,confirm,1.0,56.77,40.77,110.48,1160,53.71,47.57,1270,0.913,1.473,0.051,0.3683,16,0.3684,1158,0.6711,1,506,29.15,0,-1,,0,-1,,0,-1,,0.0183,51.9,16,231852
100.0,1,1,confirm,1.0,137.35,121.35,192.9,919,55.56,12.35,997,0.922,0.867,0.059,0.046,17,0.1463,640,0.6376,0,-1,,0,-1,,0,-1,,0,-1,,0.6234,54.31,16,233122
100.0,1,-1,confirm,1.0,82.2,66.2,133.96,1473,51.76,48.71,2266,0.65,0.734,0.063,0.1043,17,0.3821,1170,0.7161,1,1907,105.04,1,1907,105.04,1,1907,105.04,1,2003,98.95,0.0009,54.5,17,234119
100.0,1,1,confirm,1.0,12.28,-3.72,64.47,62,52.19,-0.0,146,0.425,2.547,0.096,0.1725,17,0.2264,145,0.3076,0,-1,,0,-1,,0,-1,,0,-1,,0.0706,52.46,17,236385
100.0,1,-1,confirm,1.0,-1.53,-17.53,50.59,824,52.12,24.53,1120,0.736,2.322,0.042,0.1481,17,0.3342,1098,0.7655,0,-1,,0,-1,,0,-1,,0,-1,,0.2948,51.85,17,236531
100.0,1,1,confirm,1.0,-81.24,-97.24,22.99,410,104.23,81.24,1076,0.381,0.652,0.07,0.121,18,0.1692,467,0.742,1,1043,-53.65,1,1043,-53.65,0,-1,,0,-1,,0.4434,52.39,18,237651
100.0,1,-1,fallback,1.0,74.18,58.18,123.63,718,49.45,7.73,779,0.922,0.755,0.088,0.2342,18,0.3003,722,0.7899,0,-1,,0,-1,,0,-1,,0,-1,,0.3461,103.99,18,238727
100.0,1,1,confirm,1.0,-99.64,-115.64,0.0,0,99.64,99.64,359,0.0,1.114,0.047,-0.2354,18,-0.0857,311,0.4521,0,-1,,0,-1,,0,-1,,0,-1,,0.5021,50.07,18,239506
100.0,1,-1,confirm,1.0,-102.22,-118.22,-0.0,0,102.22,102.22,158,0.0,2.48,0.091,0.1728,18,0.1728,0,0.4795,1,78,-56.61,1,78,-56.61,0,-1,,0,-1,,0.4521,99.64,18,239865
100.0,1,1,fallback,1.0,-45.14,-61.14,7.78,5,52.93,45.14,110,0.045,0.241,0.027,0.0478,18,0.114,26,0.6683,0,-1,,0,-1,,0,-1,,0,-1,,0.4795,102.22,18,240023
100.0,1,-1,confirm,1.0,18.76,2.76,68.8,115,50.04,4.69,158,0.728,1.071,0.078,-0.0533,18,-0.0517,116,0.5043,0,-1,,0,-1,,0,-1,,0,-1,,0.1375,52.89,18,240133
100.0,1,1,confirm,1.0,-97.13,-113.13,6.27,9,103.4,97.13,447,0.02,0.972,0.019,0.0718,18,0.1436,168,0.5309,1,252,-39.17,1,252,-39.17,0,-1,,0,-1,,0.1118,50.39,18,240291
100.0,1,-1,fallback,1.0,37.97,21.97,90.18,178,52.21,4.75,210,0.848,1.545,0.113,0.3419,18,0.3873,127,0.6835,0,-1,,0,-1,,0,-1,,0,-1,,0.1013,103.33,18,240738
100.0,1,1,confirm,1.0,12.7,-3.3,63.52,66,50.82,11.12,166,0.398,1.422,0.012,-0.3116,18,-0.3062,103,0.1663,0,-1,,0,-1,,0,-1,,0,-1,,0.2119,52.68,18,240948
100.0,1,-1,confirm,1.0,36.48,20.48,87.23,128,50.75,4.76,153,0.837,0.823,0.1,0.3512,19,0.361,151,0.5582,0,-1,,0,-1,,0,-1,,0,-1,,0.0572,50.5,18,241114
100.0,1,1,confirm,1.0,-68.45,-84.45,33.43,156,101.88,68.45,241,0.647,0.699,0.004,-0.1773,19,-0.1626,228,0.1931,0,-1,,0,-1,,0,-1,,0,-1,,0.5136,51.2,19,241267
100.0,1,-1,fallback,1.0,22.44,6.44,73.73,201,51.29,24.04,270,0.744,1.822,0.109,0.2832,19,0.2853,208,0.5061,0,-1,,0,-1,,0,-1,,0,-1,,0.1172,101.54,19,241508
100.0,1,1,confirm,1.0,-86.75,-102.75,12.85,109,99.6,86.75,389,0.28,0.856,0.029,-0.2131,19,-0.1781,251,0.1031,0,-1,,0,-1,,0,-1,,0,-1,,0.4667,51.67,19,241778
100.0,1,-1,confirm,1.0,-16.2,-32.2,35.65,13,51.86,16.2,51,0.255,1.175,0.082,0.2281,19,0.2284,4,0.1991,0,-1,,0,-1,,0,-1,,0,-1,,0.1123,99.47,19,242167
100.0,1,1,confirm,1.0,108.4,92.4,163.4,779,55.01,50.15,845,0.922,0.474,0.126,0.1133,19,0.1455,683,0.5242,0,-1,,0,-1,,0,-1,,0,-1,,0.1991,52.04,19,242218
100.0,1,-1,confirm,1.0,27.21,11.21,78.43,93,51.22,3.2,255,0.365,0.959,0.025,0.009,19,0.045,140,0.296,0,-1,,0,-1,,0,-1,,0,-1,,0.1453,54.12,19,243063
100.0,1,1,confirm,1.0,1.6,-14.4,56.17,299,54.57,22.47,358,0.835,0.544,0.02,0.1631,19,0.2306,355,0.6421,0,-1,,0,-1,,0,-1,,0,-1,,0.0453,51.62,19,243318
100.0,1,-1,confirm,1.0,-75.42,-91.42,25.67,22,101.09,75.42,283,0.078,1.692,0.029,-0.2463,19,-0.2075,283,0.2345,0,-1,,0,-1,,0,-1,,0,-1,,0.0247,54.26,19,243676
100.0,1,1,fallback,1.0,116.26,100.26,167.22,136,50.96,15.93,163,0.834,2.256,0.158,0.2005,19,0.2121,108,0.4255,0,-1,,0,-1,,0,-1,,0,-1,,0.1816,101.35,19,243959
100.0,1,-1,confirm,1.0,75.57,59.57,130.67,1037,55.1,45.65,1083,0.958,0.99,0.089,0.1728,20,0.1757,952,0.5118,0,-1,,0,-1,,0,-1,,0,-1,,0.3345,50.13,19,244122
100.0,1,1,confirm,1.0,131.66,115.66,185.6,226,53.93,12.69,255,0.886,2.513,0.071,0.1566,20,0.1574,214,0.6349,0,-1,,0,-1,,0,-1,,0,-1,,0.2384,55.83,20,245205
100.0,1,-1,confirm,1.0,-86.11,-102.11,15.66,118,101.77,86.11,1224,0.096,0.511,0.062,-0.1551,20,0.0527,1215,0.7571,0,-1,,0,-1,,0,-1,,0,-1,,0.3145,52.95,20,245460
100.0,1,1,fallback,1.0,-35.7,-51.7,15.52,25,51.23,35.7,112,0.223,2.042,0.063,0.0638,20,0.1237,111,0.5278,0,-1,,0,-1,,0,-1,,0,-1,,0.3204,101.93,20,246684
100.0,1,-1,confirm,1.0,-81.01,-97.01,21.81,76,102.82,81.01,1048,0.073,0.579,0.012,-0.1167,20,-0.0056,1045,0.6257,0,-1,,0,-1,,0,-1,,0,-1,,0.5278,51.15,20,246796
100.0,1,1,fallback,1.0,-38.63,-54.63,13.91,4,52.54,38.63,178,0.022,3.078,0.074,0.0732,20,0.0732,4,0.2457,1,38,1.55,0,-1,,0,-1,,0,-1,,0.0166,103.04,20,247844
100.0,1,-1,confirm,1.0,-99.29,-115.29,3.1,71,102.39,99.29,1491,0.048,0.74,0.003,0.0772,20,0.1161,1394,0.7314,1,258,-32.58,1,258,-32.58,0,-1,,1,567,-66.71,0.2271,52.47,20,248022
100.0,1,1,fallback,1.0,-50.69,-66.69,0.0,0,50.69,50.69,731,0.0,0.607,0.04,-0.045,21,0.2359,710,0.7058,0,-1,,0,-1,,0,-1,,0,-1,,0.2274,102.42,21,249513
100.0,1,-1,confirm,1.0,95.72,79.72,149.76,2151,54.04,98.81,2193,0.981,2.475,0.215,0.0954,22,0.2593,1987,0.7722,1,1550,-40.14,0,-1,,0,-1,,0,-1,,0.4242,50.69,21,250244
100.0,1,1,confirm,1.0,3.12,-12.88,54.56,107,51.44,-0.0,376,0.285,0.635,0.061,0.0415,22,0.0708,47,0.4404,1,231,18.71,0,-1,,0,-1,,0,-1,,0.0775,54.86,22,252437
100.0,1,-1,confirm,1.0,-23.38,-39.38,29.61,1056,52.98,81.03,1175,0.899,1.066,0.083,0.1334,22,0.2558,278,0.6638,0,-1,,0,-1,,0,-1,,0,-1,,0.3738,51.16,22,252813
100.0,1,1,confirm,1.0,1.55,-14.45,54.42,406,52.86,24.88,748,0.543,1.367,0.083,-0.2943,22,-0.1178,48,0.4376,0,-1,,0,-1,,0,-1,,0,-1,,0.2892,53.14,22,253988
100.0,1,-1,confirm,1.0,211.41,195.41,261.15,2902,49.74,71.51,2970,0.977,4.234,0.189,0.3144,23,0.4673,1806,0.7951,1,80,-9.33,1,80,-9.33,0,-1,,1,151,-24.87,0.2131,52.57,22,254736
100.0,1,1,confirm,1.0,11.12,-4.88,61.93,211,50.82,-0.0,306,0.69,0.33,0.039,-0.18,23,-0.18,211,0.431,0,-1,,0,-1,,0,-1,,0,-1,,0.2438,51.08,23,257706
100.0,1,-1,confirm,1.0,-96.76,-112.76,9.52,12,106.28,96.76,1172,0.01,0.578,0.078,0.2028,23,0.3068,620,0.7863,1,834,-79.31,1,834,-79.31,1,834,-79.31,1,1163,-85.66,0.0493,50.51,23,258012
100.0,1,1,fallback,1.0,109.98,93.98,161.82,1041,51.85,4.71,1203,0.865,0.875,0.112,0.3451,0,0.353,1026,0.7577,0,-1,,0,-1,,0,-1,,0,-1,,0.4715,106.38,23,259184
100.0,1,-1,confirm,1.0,-79.25,-95.25,23.31,360,102.56,79.25,2593,0.139,0.867,0.085,0.0842,0,0.3249,2286,0.8142,1,951,-26.42,1,951,-26.42,1,951,-26.42,1,1643,-52.84,0.0241,51.02,0,260387
100.0,1,1,fallback,1.0,-58.59,-74.59,0.0,0,58.59,58.59,582,0.0,1.852,0.074,-0.1939,1,-0.0966,472,0.5959,0,-1,,0,-1,,0,-1,,0,-1,,0.8102,102.8,1,262980
100.0,1,-1,confirm,1.0,44.98,28.98,96.15,727,51.18,1.55,876,0.83,1.553,0.117,0.1754,1,0.3024,18,0.7391,0,-1,,0,-1,,0,-1,,0,-1,,0.2426,58.59,1,263562
100.0,1,1,confirm,1.0,-1.56,-17.56,51.41,422,52.97,3.12,601,0.702,1.323,0.143,-0.0034,1,0.0739,442,0.8188,1,503,26.48,0,-1,,0,-1,,0,-1,,0.352,51.68,1,264438
100.0,1,-1,confirm,1.0,49.86,33.86,102.84,1793,52.98,12.46,1972,0.909,1.273,0.138,0.0548,2,0.337,399,0.8684,1,946,23.37,1,946,23.37,1,946,23.37,1,965,26.49,0.1206,52.7,1,265039
100.0,1,1,confirm,1.0,-36.02,-52.02,14.09,2483,50.11,92.39,2849,0.872,1.839,0.072,-0.0151,2,0.2898,2778,0.7271,0,-1,,0,-1,,0,-1,,0,-1,,0.0379,53.53,2,267011
100.0,1,-1,confirm,1.0,111.58,95.58,161.87,2261,50.29,0.0,2285,0.989,1.505,0.089,0.4403,3,0.4811,529,0.9096,0,-1,,0,-1,,0,-1,,0,-1,,0.4538,50.04,2,269860
100.0,1,1,confirm,1.0,-68.34,-84.34,31.79,1604,100.13,68.34,1784,0.899,1.728,0.114,-0.1328,4,-0.0567,586,0.6687,0,-1,,0,-1,,0,-1,,0,-1,,0.6018,51.12,3,272145
100.0,1,-1,confirm,1.0,104.02,88.02,153.62,589,49.61,0.0,626,0.941,0.541,0.123,0.4324,4,0.4857,213,0.8032,0,-1,,0,-1,,0,-1,,0,-1,,0.2092,99.81,4,273929
100.0,1,1,confirm,1.0,-74.39,-90.39,27.49,15,101.88,74.39,217,0.069,0.808,0.043,-0.3503,4,-0.0438,194,0.636,0,-1,,0,-1,,0,-1,,0,-1,,0.0932,50.38,4,274555
100.0,1,-1,fallback,1.0,-19.55,-35.55,30.95,236,50.51,19.55,285,0.828,0.275,0.053,0.0477,4,0.15,41,0.6794,0,-1,,0,-1,,0,-1,,0,-1,,0.0138,101.6,4,274772
100.0,1,1,confirm,1.0,-87.8,-103.8,16.26,100,104.07,87.8,405,0.247,0.573,0.028,0.0121,4,0.0185,114,0.5923,0,-1,,0,-1,,0,-1,,0,-1,,0.4534,50.66,4,275057
100.0,1,-1,fallback,1.0,24.61,8.61,75.46,235,50.85,13.12,261,0.9,0.987,0.102,0.2647,4,0.2683,245,0.7235,0,-1,,0,-1,,0,-1,,0,-1,,0.1029,103.9,4,275462
100.0,1,1,confirm,1.0,-72.36,-88.36,29.6,83,101.96,72.36,619,0.134,0.601,0.045,-0.2092,4,0.0363,510,0.5569,0,-1,,0,-1,,0,-1,,0,-1,,0.0764,51.24,4,275723
100.0,1,-1,fallback,1.0,-54.66,-70.66,1.66,2,56.32,54.66,49,0.041,0.885,0.046,0.1039,4,0.1283,49,0.187,0,-1,,0,-1,,0,-1,,0,-1,,0.5545,101.66,4,276342
100.0,1,1,confirm,1.0,-1.65,-17.65,49.42,141,51.07,3.29,196,0.719,0.989,0.06,-0.0944,4,-0.056,104,0.3387,0,-1,,0,-1,,0,-1,,0,-1,,0.1801,56.33,4,276391
100.0,1,-1,confirm,1.0,-77.44,-93.44,24.72,26,102.16,77.44,148,0.176,0.807,0.01,0.1155,4,0.1263,122,0.3803,0,-1,,0,-1,,0,-1,,0,-1,,0.0545,50.82,4,276587
100.0,1,1,fallback,1.0,-24.53,-40.53,27.8,125,52.32,24.53,261,0.479,0.517,0.093,0.1019,4,0.143,170,0.4992,0,-1,,0,-1,,0,-1,,0,-1,,0.2858,102.41,4,276735
100.0,1,-1,confirm,1.0,9.83,-6.17,62.28,71,52.45,0.0,156,0.455,0.787,0.043,-0.0132,4,0.0008,106,0.6991,0,-1,,0,-1,,0,-1,,0,-1,,0.0102,52.18,4,276996
100.0,1,1,confirm,1.0,-101.72,-117.72,1.64,1,103.36,101.72,170,0.006,0.764,0.011,0.0705,4,0.1282,38,0.7464,1,148,-85.32,1,148,-85.32,0,-1,,0,-1,,0.4621,52.78,4,277152
100.0,1,-1,fallback,1.0,-19.89,-35.89,33.15,23,53.04,19.89,49,0.469,2.959,0.149,0.1539,5,0.1824,44,0.4185,0,-1,,0,-1,,0,-1,,0,-1,,0.7464,103.35,5,277322
100.0,1,1,confirm,1.0,-6.62,-22.62,47.97,239,54.59,23.16,292,0.818,0.488,0.02,-0.1291,5,-0.1069,292,0.4442,0,-1,,0,-1,,0,-1,,0,-1,,0.365,53.22,5,277371
100.0,1,-1,confirm,1.0,-92.7,-108.7,8.28,4,100.98,92.7,138,0.029,0.866,0.034,0.1051,5,0.1435,90,0.2487,0,-1,,0,-1,,0,-1,,0,-1,,0.222,54.33,5,277663
100.0,1,1,fallback,1.0,-6.56,-22.56,44.28,61,50.84,6.56,132,0.462,0.983,0.068,-0.0754,5,-0.0023,132,0.4724,0,-1,,0,-1,,0,-1,,0,-1,,0.07,101.06,5,277801
100.0,1,-1,confirm,1.0,-52.52,-68.52,49.24,167,101.76,52.52,478,0.349,0.7,0.025,-0.0549,5,0.0237,474,0.3099,0,-1,,0,-1,,0,-1,,0,-1,,0.1817,50.62,5,277933
100.0,1,1,fallback,1.0,166.53,150.53,220.41,197,53.88,17.96,295,0.668,3.256,0.182,0.0771,5,0.0961,157,0.2339,0,-1,,0,-1,,0,-1,,0,-1,,0.3526,102.26,5,278411
100.0,1,-1,confirm,1.0,-0.0,-16.0,54.6,587,54.6,61.02,670,0.876,0.321,0.061,0.119,5,0.1434,523,0.5583,0,-1,,0,-1,,0,-1,,0,-1,,0.2047,52.72,5,278706
100.0,1,1,confirm,1.0,19.27,3.27,70.66,790,51.39,44.97,1075,0.735,2.158,0.106,-0.0149,5,0.0756,376,0.5843,1,578,-6.42,0,-1,,0,-1,,0,-1,,0.1625,54.9,5,279376
100.0,1,-1,confirm,1.0,-102.58,-118.58,1.6,16,104.18,102.58,635,0.025,0.239,0.016,0.0671,5,0.1471,412,0.6544,1,359,-59.3,1,359,-59.3,0,-1,,1,635,-102.58,0.0518,51.03,5,280451
100.0,1,1,fallback,1.0,-3.17,-19.17,50.77,1068,53.94,46.01,1305,0.818,3.52,0.099,0.0592,6,0.3002,588,0.8183,1,914,-17.45,1,914,-17.45,1,914,-17.45,0,-1,,0.1379,104.2,6,281086
100.0,1,-1,confirm,1.0,80.94,64.94,133.31,1492,52.37,42.85,1607,0.928,1.35,0.166,0.2987,6,0.3186,1506,0.8081,1,770,-0.0,1,770,-0.0,0,-1,,1,900,17.46,0.3435,53.67,6,282391
100.0,1,1,confirm,1.0,52.8,36.8,105.6,1322,52.8,70.4,1421,0.93,2.301,0.172,0.2214,7,0.2254,1391,0.8601,0,-1,,0,-1,,0,-1,,0,-1,,0.5542,53.08,6,283998
100.0,1,-1,confirm,1.0,-65.26,-81.26,44.56,2810,109.82,65.26,4312,0.652,1.849,0.096,-0.2025,8,0.3027,4021,0.7315,1,3621,-25.47,1,3621,-25.47,1,4308,-30.24,1,4312,-65.26,0.5278,52.25,7,285419
100.0,1,1,fallback,1.0,4.74,-11.26,55.34,194,50.6,4.74,445,0.436,2.77,0.14,0.4311,8,0.4606,270,0.8304,0,-1,,0,-1,,0,-1,,0,-1,,0.2446,110.31,8,289731
100.0,1,-1,confirm,1.0,195.99,179.99,244.98,6233,49.0,45.84,6407,0.973,2.684,0.087,0.2418,10,0.5434,4278,0.8935,1,830,4.74,1,830,4.74,1,1844,28.45,1,1857,25.29,0.5376,50.32,8,290176
100.0,1,1,confirm,1.0,-101.56,-117.56,14.51,36,116.07,101.56,458,0.079,0.619,0.022,-0.1882,10,-0.002,439,0.3073,0,-1,,0,-1,,0,-1,,0,-1,,0.262,50.23,10,296583
100.0,1,-1,fallback,1.0,-17.92,-33.92,32.57,447,50.49,29.32,731,0.611,0.679,0.124,0.144,10,0.1832,592,0.6278,0,-1,,0,-1,,0,-1,,0,-1,,0.0027,115.9,10,297041
100.0,1,1,confirm,1.0,60.15,44.15,113.8,1207,53.65,30.89,1946,0.62,2.626,0.173,0.2647,11,0.3257,1080,0.7966,1,477,-16.26,1,477,-16.26,1,1809,76.41,1,614,14.63,0.3773,50.65,10,297772
100.0,1,-1,confirm,1.0,-95.35,-111.35,6.46,41,101.81,95.35,1160,0.035,2.301,0.062,0.1787,11,0.1902,62,0.6757,1,479,-42.02,1,479,-42.02,0,-1,,1,588,-46.86,0.2389,53.05,11,299718
100.0,1,1,fallback,1.0,-17.61,-33.61,35.22,800,52.83,22.41,1416,0.565,2.055,0.116,-0.3045,11,0.1145,215,0.7479,1,27,-12.81,1,280,-11.21,0,-1,,1,476,-1.6,0.3404,101.88,11,300878
100.0,1,-1,confirm,1.0,-0.0,-16.0,51.31,1962,51.31,65.75,2183,0.899,0.676,0.136,0.1413,12,0.2573,3,0.8241,1,267,-46.5,1,267,-46.5,1,267,-46.5,1,593,-52.92,0.0091,52.64,11,302294
100.0,1,1,confirm,1.0,67.35,51.35,118.67,1068,51.31,20.85,2035,0.525,2.066,0.157,0.2121,12,0.2991,635,0.9156,1,466,3.21,1,466,3.21,1,1519,89.8,1,1634,76.97,0.3236,51.58,12,304477
100.0,1,-1,confirm,1.0,46.19,30.19,97.16,1466,50.97,28.67,1651,0.888,1.081,0.171,0.4342,13,0.4348,1465,0.8846,1,254,-27.08,1,254,-27.08,0,-1,,0,-1,,0.0487,50.71,13,306512
100.0,1,1,confirm,1.0,17.6,1.6,70.41,2711,52.81,35.21,2960,0.916,0.603,0.041,0.178,14,0.2273,2671,0.8453,1,448,-12.8,1,901,-14.4,1,1704,12.8,1,939,-19.2,0.7251,51.47,13,308163
100.0,1,-1,confirm,1.0,153.35,137.35,204.47,3221,51.12,47.92,3364,0.957,1.129,0.112,0.1077,15,0.2177,309,0.7208,1,477,-25.56,1,477,-25.56,1,477,-25.56,1,599,-15.97,0.182,52.44,14,311123
100.0,1,1,confirm,1.0,60.03,44.03,111.94,1477,51.91,42.18,1616,0.914,0.758,0.123,0.0972,15,0.1246,1548,0.4584,1,781,14.6,1,781,14.6,0,-1,,0,-1,,0.1164,52.19,15,314487
100.0,1,-1,confirm,1.0,14.51,-1.49,66.12,2060,51.6,62.89,2260,0.912,1.623,0.102,0.1449,16,0.2773,1662,0.6046,0,-1,,0,-1,,0,-1,,0,-1,,0.223,51.34,15,316103
100.0,1,1,confirm,1.0,-3.23,-19.23,48.45,1544,51.68,82.36,2542,0.607,0.766,0.145,0.1419,16,0.5095,2361,0.8971,1,52,-30.68,1,629,-61.37,0,-1,,1,1736,33.91,0.0706,51.95,16,318363
100.0,1,-1,confirm,1.0,-58.16,-74.16,43.62,921,101.78,58.16,1641,0.561,3.698,0.124,0.3163,17,0.3163,921,0.8783,1,191,1.62,1,1519,-22.62,1,1519,-22.62,1,1519,-22.62,0.282,51.43,17,320905
100.0,1,1,fallback,1.0,-59.43,-75.43,0.0,0,59.43,59.43,140,0.0,2.111,0.134,0.2075,17,0.2419,19,0.5921,0,-1,,0,-1,,0,-1,,0,-1,,0.8184,102.22,17,322546
100.0,1,-1,confirm,1.0,27.47,11.47,77.56,1878,50.09,14.54,2629,0.714,2.532,0.055,-0.2239,18,0.2222,1010,0.8277,1,600,33.93,1,600,33.93,1,1142,63.02,1,1422,43.63,0.5316,59.43,17,322686
100.0,1,1,confirm,1.0,11.34,-4.66,68.05,437,56.71,14.58,558,0.783,4.055,0.177,0.1975,18,0.2236,67,0.6381,1,146,-9.72,1,146,-9.72,1,146,-9.72,0,-1,,0.6514,50.48,18,325315
100.0,1,-1,confirm,1.0,-61.5,-77.5,42.08,1176,103.58,61.5,2466,0.477,1.255,0.094,0.127,18,0.2054,507,0.7875,1,785,-0.0,1,785,-0.0,1,785,-0.0,1,1709,4.86,0.474,56.32,18,325873
100.0,1,1,fallback,1.0,-46.65,-62.65,4.83,7,51.47,46.65,769,0.009,0.754,0.126,0.2049,19,0.2078,23,0.6758,1,249,-32.17,1,249,-32.17,1,249,-32.17,0,-1,,0.1522,104.01,19,328339
100.0,1,-1,confirm,1.0,30.7,14.7,80.8,2454,50.1,8.08,2904,0.845,2.179,0.119,0.1093,20,0.4182,171,0.8478,1,689,25.86,1,689,25.86,1,689,25.86,1,711,30.7,0.4391,51.45,19,329108
100.0,1,1,confirm,1.0,58.36,42.36,111.85,4867,53.49,42.15,5336,0.912,0.897,0.106,-0.0441,21,0.4445,3509,0.9729,1,450,-16.21,1,450,-16.21,1,450,-16.21,1,609,-9.73,0.0927,50.51,20,332012
100.0,1,-1,confirm,1.0,37.07,21.07,87.03,1419,49.96,12.89,2029,0.699,2.029,0.183,0.2946,22,0.3494,1315,0.8317,0,-1,,0,-1,,0,-1,,0,-1,,0.3542,52.9,21,337348
100.0,1,1,confirm,1.0,-1.62,-17.62,50.15,3448,51.76,55.0,4161,0.829,1.648,0.06,0.0759,23,0.4472,2284,0.9892,1,210,17.79,1,517,-40.44,1,2845,29.12,1,631,-46.91,0.3897,50.4,22,339377
100.0,1,-1,confirm,1.0,-111.63,-127.63,-0.0,0,111.63,111.63,3921,0.0,1.101,0.146,0.0604,23,0.3014,2810,0.9245,1,9,-1.62,1,2811,-25.89,1,2811,-25.89,1,2878,-37.21,0.8257,51.5,23,343538
100.0,1,1,fallback,1.0,-28.8,-44.8,22.4,20,51.2,28.8,675,0.03,5.938,0.201,0.4595,0,0.4646,7,0.7436,1,606,-12.8,1,606,-12.8,1,606,-12.8,1,607,-12.8,0.3832,111.63,0,347459
100.0,1,-1,confirm,1.0,-60.98,-76.98,44.93,1094,105.91,60.98,1346,0.813,0.643,0.108,0.3797,1,0.4901,1144,0.8379,1,1300,-40.12,1,1300,-40.12,1,1300,-40.12,0,-1,,0.6948,51.09,0,348134
100.0,1,1,fallback,1.0,-43.06,-59.06,11.16,17,54.23,43.06,113,0.15,3.347,0.161,0.026,1,0.1202,83,0.5515,0,-1,,0,-1,,0,-1,,0,-1,,0.3859,106.38,1,349480
100.0,1,-1,confirm,1.0,-104.12,-120.12,-0.0,0,104.12,104.12,134,0.0,1.78,0.065,-0.0259,1,-0.0259,2,0.4549,0,-1,,0,-1,,0,-1,,0,-1,,0.0438,54.17,1,349593
100.0,1,1,fallback,1.0,22.19,6.19,72.92,590,50.73,33.29,730,0.808,1.324,0.092,0.2091,1,0.2838,466,0.6914,0,-1,,0,-1,,0,-1,,0,-1,,0.3109,104.12,1,349727
100.0,1,-1,confirm,1.0,-28.47,-44.47,23.73,4234,52.2,98.07,5081,0.833,1.002,0.064,0.3208,2,0.4139,4168,0.8296,1,4924,-4.75,1,4924,-4.75,1,4924,-4.75,0,-1,,0.0906,50.36,1,350457
100.0,1,1,confirm,1.0,50.47,34.47,104.1,2582,53.63,7.89,3103,0.832,2.573,0.086,0.0783,3,0.5462,1022,0.871,1,134,7.89,1,1772,36.28,1,1772,36.28,1,1806,42.59,0.5339,52.32,2,355538
100.0,1,-1,confirm,1.0,14.12,-1.88,64.34,2995,50.22,20.4,3450,0.868,0.807,0.122,0.0234,4,0.492,1970,0.8763,1,376,4.71,1,376,4.71,1,2168,21.97,1,823,4.71,0.2401,53.08,3,358641
100.0,1,1,confirm,1.0,69.15,53.15,121.01,2343,51.86,3.14,2444,0.959,4.599,0.134,0.4522,5,0.4522,2343,0.8823,1,681,44.0,1,681,44.0,1,681,44.0,0,-1,,0.1354,50.54,4,362091
100.0,1,-1,confirm,1.0,-96.77,-112.77,4.68,1044,101.45,96.77,4358,0.24,2.281,0.031,0.0656,5,0.1645,3623,0.8202,1,768,-42.14,1,768,-42.14,0,-1,,1,1676,-42.14,0.7487,51.24,5,364535
100.0,1,1,fallback,1.0,-3.09,-19.09,47.92,1042,51.01,3.09,1989,0.524,0.836,0.062,0.1594,6,0.4237,488,0.7692,1,1086,32.46,1,1086,32.46,1,1086,32.46,1,1267,24.73,0.3499,101.5,6,368893
100.0,1,-1,confirm,1.0,-75.77,-91.77,26.29,4524,102.06,75.77,5804,0.779,0.763,0.013,-0.1445,8,0.3906,1073,0.8788,1,503,-41.75,1,503,-41.75,1,503,-41.75,1,534,-40.2,0.3721,50.77,7,370882
100.0,1,1,fallback,1.0,93.62,77.62,145.79,2275,52.18,33.76,2703,0.842,2.719,0.05,0.1987,9,0.4135,1699,0.8435,1,2515,115.1,1,2515,115.1,1,2515,115.1,1,2642,108.96,0.0576,102.33,8,376686
100.0,1,-1,confirm,1.0,121.64,105.64,171.81,2390,50.17,6.08,3550,0.673,2.958,0.166,0.3639,10,0.4691,2882,0.8769,1,2171,120.12,1,2171,120.12,1,2171,120.12,0,-1,,0.2081,51.43,9,379389
100.0,1,1,confirm,1.0,-12.31,-28.31,41.56,5258,53.87,76.96,6241,0.842,1.282,0.109,0.3179,11,0.5086,4020,0.9516,1,623,-15.39,1,623,-15.39,1,1556,-72.34,1,659,-20.01,0.4809,51.05,10,382939
100.0,1,-1,confirm,1.0,101.71,85.71,151.02,758,49.31,10.79,891,0.851,0.417,0.124,0.3377,12,0.4733,276,0.811,0,-1,,0,-1,,0,-1,,0,-1,,0.5808,53.65,12,389180
100.0,1,1,confirm,1.0,121.44,105.44,174.37,8119,52.93,87.19,8350,0.972,0.699,0.103,0.2903,14,0.4505,7787,0.8707,1,2834,-1.56,1,2834,-1.56,1,2834,-1.56,1,2974,1.56,0.1181,50.07,12,390071
100.0,1,-1,confirm,1.0,7.69,-8.31,58.45,413,50.76,1.54,2110,0.196,1.155,0.186,0.1395,14,0.4994,1682,0.9326,1,727,20.0,1,727,20.0,1,727,20.0,1,768,15.38,0.5837,52.03,14,398421
100.0,1,1,confirm,1.0,3.08,-12.92,56.96,5895,53.88,50.8,6057,0.973,3.693,0.03,0.2147,16,0.3642,5961,0.9177,1,1073,1.54,1,1073,1.54,1,1073,1.54,1,1427,23.09,0.7083,51.06,15,400531
100.0,1,-1,confirm,1.0,-96.95,-112.95,4.62,62,101.57,96.95,755,0.082,0.235,0.098,-0.0374,16,0.2234,483,0.7266,1,593,-52.32,1,593,-52.32,1,593,-52.32,1,600,-55.4,0.6604,53.57,16,406588
100.0,1,1,fallback,1.0,-51.82,-67.82,0.0,0,51.82,51.82,2360,0.0,2.099,0.2,0.2627,17,0.4039,813,0.8758,1,1441,-18.29,1,1441,-18.29,1,1441,-18.29,1,2360,-51.82,0.2159,101.62,17,407343
100.0,1,-1,confirm,1.0,84.27,68.27,137.89,4485,53.62,47.5,4570,0.981,2.628,0.184,0.3221,19,0.4537,590,0.9447,1,890,-29.11,1,890,-29.11,1,890,-29.11,1,890,-29.11,0.2898,51.82,17,409703
100.0,1,1,confirm,1.0,-98.89,-114.89,3.09,11,101.98,98.89,679,0.016,0.75,0.084,-0.3203,19,-0.118,656,0.6125,0,-1,,0,-1,,0,-1,,0,-1,,0.3657,54.37,19,414273
100.0,1,-1,fallback,1.0,-15.61,-31.61,35.89,209,51.5,15.61,378,0.553,0.843,0.107,0.2912,19,0.2913,204,0.6666,0,-1,,0,-1,,0,-1,,0,-1,,0.5009,101.95,19,414952
100.0,1,1,confirm,1.0,45.19,29.19,96.6,5365,51.42,81.02,6457,0.831,1.232,0.142,0.0009,20,0.642,3007,0.9575,1,2180,-40.51,1,2180,-40.51,1,2180,-40.51,1,2341,-59.21,0.6666,51.68,19,415330
100.0,1,-1,confirm,1.0,-79.11,-95.11,23.27,1864,102.37,79.11,3542,0.526,1.385,0.139,0.2367,21,0.291,2260,0.8699,1,194,-66.7,1,194,-66.7,1,194,-66.7,1,556,-48.08,0.7274,50.93,21,421787
100.0,1,1,fallback,1.0,393.97,377.97,447.83,390,53.86,6.16,408,0.956,4.03,0.334,0.2873,22,0.3493,366,0.494,0,-1,,0,-1,,0,-1,,0,-1,,0.2556,102.61,22,425329
100.0,1,-1,confirm,1.0,63.67,47.67,118.45,110,54.78,2.96,146,0.753,0.319,0.15,-0.2625,22,-0.2587,133,0.3593,0,-1,,0,-1,,0,-1,,0,-1,,0.286,51.55,22,425737
100.0,1,1,confirm,1.0,-90.9,-106.9,8.94,3,99.84,90.9,153,0.02,0.205,0.164,0.2633,22,0.2633,0,0.5144,0,-1,,0,-1,,0,-1,,0,-1,,0.3577,55.44,22,425883
100.0,1,-1,confirm,1.0,15.04,-0.96,67.67,333,52.63,25.56,416,0.8,0.961,0.082,0.187,22,0.1915,343,0.5073,0,-1,,0,-1,,0,-1,,0,-1,,0.0898,99.75,22,426036
100.0,1,1,confirm,1.0,3.01,-12.99,54.22,581,51.2,76.81,714,0.814,2.272,0.07,0.3218,22,0.3297,540,0.7317,0,-1,,0,-1,,0,-1,,0,-1,,0.2377,52.99,22,426452
100.0,1,-1,confirm,1.0,48.18,32.18,100.87,1010,52.69,9.03,1308,0.772,1.223,0.128,0.267,22,0.2793,1198,0.8995,0,-1,,0,-1,,0,-1,,0,-1,,0.6029,50.93,22,427166
100.0,1,1,confirm,1.0,27.23,11.23,78.67,2884,51.44,46.9,2956,0.976,4.837,0.119,0.3006,23,0.3243,2887,0.8145,1,803,-6.05,1,1366,-33.28,1,1366,-33.28,1,1457,-7.56,0.4038,53.23,23,428474
100.0,1,-1,confirm,1.0,-61.86,-77.86,39.23,1229,101.09,61.86,2411,0.51,0.953,0.093,0.0062,0,0.0852,1686,0.755,1,1687,10.56,0,-1,,0,-1,,0,-1,,0.5839,51.04,23,431430
100.0,1,1,fallback,1.0,-34.49,-50.49,16.49,18,50.98,34.49,97,0.186,2.258,0.14,0.0659,0,0.0846,72,0.4263,0,-1,,0,-1,,0,-1,,0,-1,,0.3714,101.48,0,433841
100.0,1,-1,confirm,1.0,-94.79,-110.79,7.52,13,102.32,94.79,492,0.026,0.514,0.073,-0.0029,0,0.0104,37,0.7239,0,-1,,0,-1,,0,-1,,0,-1,,0.3693,50.9,0,433938
100.0,1,1,fallback,1.0,-50.68,-66.68,0.0,0,50.68,50.68,272,0.0,1.704,0.095,0.2183,0,0.2183,0,0.6768,0,-1,,0,-1,,0,-1,,0,-1,,0.7203,102.39,0,434430
100.0,1,-1,confirm,1.0,143.82,127.82,200.75,2748,56.93,35.96,2804,0.98,1.136,0.066,0.0371,1,0.3572,1978,0.9032,1,1236,50.94,1,1236,50.94,1,2406,164.79,1,2550,149.81,0.3377,50.68,0,434702
100.0,1,1,confirm,1.0,76.0,60.0,127.68,3301,51.68,25.84,3586,0.921,2.547,0.092,0.239,2,0.325,1091,0.8648,1,660,25.84,1,660,25.84,1,1577,50.16,1,1615,45.6,0.3266,58.1,1,437506
100.0,1,-1,confirm,1.0,87.49,71.49,137.28,7906,49.78,69.39,8322,0.95,0.399,0.126,0.3064,4,0.6295,5719,0.9316,1,1132,-18.1,1,1132,-18.1,1,1132,-18.1,1,1153,-22.63,0.4921,51.03,2,441092
100.0,1,1,confirm,1.0,-95.88,-111.88,4.57,7,100.44,95.88,3061,0.002,1.389,0.11,0.0857,4,0.3401,2748,0.7853,1,58,-22.83,1,2865,-83.7,1,2865,-83.7,0,-1,,0.396,50.47,4,449414
100.0,1,-1,fallback,1.0,-36.88,-52.88,13.83,54,50.71,36.88,862,0.063,2.862,0.091,0.1327,5,0.3488,570,0.8948,0,-1,,0,-1,,0,-1,,0,-1,,0.0497,100.4,5,452475
100.0,1,1,confirm,1.0,36.74,20.74,87.26,1909,50.52,15.31,3979,0.48,0.444,0.106,-0.0804,6,0.3458,3293,0.9135,1,931,44.4,1,931,44.4,1,931,44.4,1,1001,36.74,0.8682,50.78,5,453337
100.0,1,-1,confirm,1.0,-74.74,-90.74,27.46,214,102.2,74.74,1562,0.137,2.532,0.134,-0.1415,7,0.1517,1034,0.8052,1,26,12.2,1,1228,-45.76,0,-1,,1,1417,-44.23,0.844,50.08,7,457316
100.0,1,1,fallback,1.0,-28.77,-44.77,25.74,1248,54.5,28.77,2037,0.613,0.789,0.09,0.0573,7,0.5983,15,0.9002,1,573,-18.17,1,573,-18.17,1,573,-18.17,1,573,-18.17,0.4702,102.48,7,458878
100.0,1,-1,confirm,1.0,1.52,-14.48,51.62,1273,50.11,21.26,1964,0.648,0.929,0.153,0.0271,8,0.452,1953,0.9578,1,31,-0.0,1,31,-0.0,1,964,7.59,1,1029,6.07,0.2903,54.36,8,460915
100.0,1,1,confirm,1.0,-3.04,-19.04,48.6,2847,51.63,60.74,3593,0.792,0.666,0.112,0.1883,9,0.275,2540,0.9171,1,1813,-3.04,1,1938,-12.15,1,3138,31.89,1,2048,-10.63,0.2436,50.37,8,462879
100.0,1,-1,confirm,1.0,-103.3,-119.3,7.6,85,110.89,103.3,5787,0.015,1.795,0.144,0.4045,9,0.4635,4862,0.9414,1,129,-56.21,1,129,-56.21,1,129,-56.21,1,904,-63.8,0.4312,51.38,9,466472
100.0,1,1,fallback,1.0,30.07,14.07,81.19,1693,51.12,19.55,2140,0.791,1.476,0.057,-0.1794,11,0.443,555,0.8825,1,1216,39.09,1,1216,39.09,1,1216,39.09,1,1250,51.12,0.4879,110.98,11,472259
100.0,1,-1,confirm,1.0,52.47,36.47,103.43,1700,50.97,31.48,2371,0.717,1.743,0.029,0.0143,12,0.2422,98,0.7357,1,619,-3.0,1,619,-3.0,1,619,-3.0,1,696,-3.0,0.5053,50.71,11,474399
100.0,1,1,confirm,1.0,81.37,65.37,132.61,1062,51.24,9.04,1513,0.702,2.175,0.178,0.2681,12,0.2891,1074,0.8679,1,474,27.12,1,474,27.12,1,474,27.12,1,557,24.11,0.2968,51.5,12,476770
100.0,1,-1,confirm,1.0,1.49,-14.51,52.32,2474,50.82,61.29,2670,0.927,2.307,0.125,0.1972,13,0.1972,2474,0.7559,0,-1,,0,-1,,0,-1,,0,-1,,0.4775,50.57,12,478283
100.0,1,1,confirm,1.0,85.21,69.21,137.54,5965,52.32,68.77,6080,0.981,1.246,0.154,0.0516,15,0.3502,2347,0.8247,1,731,-46.34,1,1663,-20.93,1,2728,-26.91,1,3986,-16.44,0.5204,51.09,13,480953
100.0,1,-1,confirm,1.0,16.31,0.31,66.71,2634,50.4,45.95,2928,0.9,0.898,0.075,-0.0364,16,0.1806,572,0.7343,1,455,-31.13,1,900,17.79,0,-1,,1,1631,16.31,0.147,51.61,15,487033
100.0,1,1,confirm,1.0,7.42,-8.58,59.39,1220,51.97,14.85,1605,0.76,0.602,0.108,0.3201,16,0.3284,1146,0.8718,1,448,13.36,1,448,13.36,0,-1,,1,448,13.36,0.1322,50.74,16,489961
100.0,1,-1,confirm,1.0,71.22,55.22,123.15,2326,51.93,5.93,2915,0.798,1.539,0.074,0.2424,17,0.3282,2464,0.9376,1,736,25.22,1,736,25.22,1,736,25.22,1,834,44.51,0.5119,51.66,16,491566
100.0,1,1,confirm,1.0,53.8,37.8,104.6,4164,50.81,31.38,4705,0.885,0.862,0.084,0.1123,18,0.3809,1893,0.916,1,627,4.48,1,627,4.48,1,627,4.48,1,1290,-20.92,0.6685,52.58,17,494481
100.0,1,-1,confirm,1.0,-0.0,-16.0,50.54,6084,50.54,80.26,7124,0.854,0.786,0.15,0.1297,20,0.3064,4691,0.8676,1,101,-1.49,1,101,-1.49,1,5196,-34.19,1,152,-4.46,0.4147,50.28,18,499186
100.0,1,1,confirm,1.0,78.78,62.78,130.8,1884,52.02,8.92,2360,0.798,3.89,0.188,0.1029,21,0.4321,770,0.9738,1,1135,23.78,1,1135,23.78,1,1135,23.78,1,1185,17.84,0.0468,50.79,20,506310
100.0,1,-1,confirm,1.0,92.91,76.91,143.05,3672,50.14,19.17,3895,0.943,1.305,0.131,0.3717,22,0.3916,3675,0.8972,1,131,-4.42,1,131,-4.42,0,-1,,1,770,1.47,0.2267,51.35,21,508670
100.0,1,1,confirm,1.0,-66.98,-82.98,35.72,3127,102.71,66.98,3770,0.829,0.867,0.077,0.302,23,0.3986,3010,0.9406,1,522,-17.86,1,522,-17.86,1,2228,-2.98,1,600,-11.91,0.7219,50.87,22,512565
100.0,1,-1,fallback,1.0,-22.48,-38.48,28.47,3019,50.95,31.47,3076,0.981,2.861,0.065,0.2436,0,0.453,1532,0.8409,1,1005,-23.98,1,1005,-23.98,1,2013,-13.49,0,-1,,0.6892,102.34,23,516335
100.0,1,1,confirm,1.0,-100.18,-116.18,0.0,0,100.18,100.18,392,0.0,2.095,0.05,-0.126,0,0.0504,149,0.6503,1,205,-52.33,0,-1,,0,-1,,0,-1,,0.4845,51.1,0,519411
100.0,1,-1,fallback,1.0,57.39,41.39,110.26,937,52.86,15.1,1121,0.836,0.516,0.086,0.2517,0,0.4382,572,0.8046,0,-1,,0,-1,,0,-1,,0,-1,,0.4969,100.18,0,519803
100.0,1,1,confirm,1.0,-13.67,-29.67,37.98,4861,51.65,78.99,5643,0.861,0.637,0.092,-0.0566,2,0.1926,5277,0.9215,1,5397,27.34,1,5397,27.34,0,-1,,1,5439,22.79,0.594,53.45,0,520924
100.0,1,-1,confirm,1.0,-71.49,-87.49,30.42,1345,101.92,71.49,6861,0.196,3.138,0.108,0.2849,2,0.338,4970,0.9694,1,1778,-13.69,1,1778,-13.69,1,1778,-13.69,1,1944,-6.08,0.4662,51.45,2,526567
100.0,1,1,fallback,1.0,129.89,113.89,181.24,2392,51.35,48.33,2487,0.962,0.929,0.082,0.269,4,0.3817,1428,0.9681,1,577,-19.63,1,577,-19.63,1,577,-19.63,1,1065,-34.74,0.4732,102.23,4,533428
100.0,1,-1,confirm,1.0,2.98,-13.02,53.68,1091,50.69,19.38,1332,0.819,1.02,0.11,0.0723,5,0.1044,1056,0.9239,1,742,-2.98,1,1156,37.27,0,-1,,1,1216,38.77,0.2607,50.44,4,535915
100.0,1,1,confirm,1.0,10.44,-5.56,62.64,4059,52.2,13.42,5750,0.706,0.832,0.105,0.1888,6,0.488,3381,0.9834,1,18,7.46,1,18,7.46,1,18,7.46,1,18,7.46,0.4222,50.97,5,537247
100.0,1,-1,confirm,1.0,22.35,6.35,73.0,2355,50.66,32.78,3370,0.699,5.173,0.194,0.4314,7,0.5691,2293,0.9468,1,608,1.49,1,608,1.49,1,608,1.49,1,795,-5.96,0.4034,51.87,6,542997
100.0,1,1,confirm,1.0,-100.04,-116.04,0.0,0,100.04,100.04,6424,0.0,0.714,0.123,0.1532,7,0.5694,5805,0.9847,1,1112,-31.36,1,1112,-31.36,1,1112,-31.36,1,1203,-46.29,0.3335,51.03,7,546367
100.0,1,-1,fallback,1.0,-9.05,-25.05,43.74,2164,52.79,9.05,4765,0.454,0.147,0.057,0.1927,10,0.4129,2027,0.9216,1,1854,6.03,1,1854,6.03,1,1854,6.03,1,1854,6.03,0.1693,100.04,9,552791
100.0,1,1,confirm,1.0,-75.35,-91.35,24.11,4510,99.46,75.35,8818,0.511,0.307,0.101,0.1178,12,0.4032,89,0.9304,1,775,-28.63,1,775,-28.63,1,775,-28.63,1,816,-25.62,0.1035,53.02,10,557556
100.0,1,-1,confirm,1.0,-15.18,-31.18,34.92,667,50.11,16.7,781,0.854,1.778,0.085,0.0349,13,0.7559,0,0.72,1,600,21.26,1,600,21.26,1,600,21.26,0,-1,,0.3916,99.22,13,566374
100.0,1,1,confirm,1.0,-63.67,-79.67,39.42,1195,103.09,63.67,2305,0.518,0.607,0.092,0.3233,13,0.3973,1050,0.7655,1,1693,-10.61,1,1693,-10.61,1,1693,-10.61,1,1856,-9.1,0.2719,50.28,13,567155
100.0,1,-1,fallback,1.0,65.61,49.61,117.49,643,51.88,10.68,725,0.887,0.957,0.117,0.1832,14,0.2786,480,0.6364,0,-1,,0,-1,,0,-1,,0,-1,,0.4426,102.69,14,569460
100.0,1,1,confirm,1.0,-78.33,-94.33,21.5,195,99.83,78.33,1242,0.157,0.712,0.001,-0.0984,14,0.1071,587,0.6757,1,610,-36.86,1,610,-36.86,0,-1,,1,717,-43.0,0.3235,52.49,14,570185
100.0,1,-1,confirm,1.0,-24.77,-40.77,26.32,252,51.08,24.77,435,0.579,1.407,0.083,0.1711,14,0.349,18,0.7464,0,-1,,0,-1,,0,-1,,0,-1,,0.2069,99.62,14,571427
100.0,1,1,confirm,1.0,32.43,16.43,83.38,1394,50.96,9.26,1914,0.728,1.954,0.08,0.0877,15,0.2521,1212,0.9475,1,1520,69.49,1,1520,69.49,1,1520,69.49,1,1713,57.13,0.0911,51.22,14,571862
100.0,1,-1,confirm,1.0,27.71,11.71,78.5,920,50.79,3.08,1058,0.87,0.39,0.07,-0.1114,15,0.3228,30,0.7822,1,395,40.02,1,395,40.02,1,395,40.02,1,421,41.56,0.5136,50.54,15,573776
100.0,1,1,confirm,1.0,-98.78,-114.78,1.54,129,100.32,98.78,1435,0.09,0.743,0.046,-0.0319,15,0.238,815,0.8159,1,551,-30.87,1,551,-30.87,1,1013,-75.63,1,1276,-61.74,0.4042,51.19,15,574834
100.0,1,-1,fallback,1.0,-0.0,-16.0,49.88,930,49.88,18.71,1155,0.805,1.54,0.084,0.1771,16,0.2772,0,0.805,0,-1,,0,-1,,0,-1,,0,-1,,0.139,100.31,16,576269
100.0,1,1,confirm,1.0,-63.91,-79.91,35.85,771,99.77,63.91,872,0.884,1.154,0.082,-0.0023,16,0.0965,858,0.6943,1,872,-63.91,0,-1,,0,-1,,0,-1,,0.4705,50.13,16,577424
100.0,1,-1,confirm,1.0,-21.96,-37.96,29.81,125,51.77,21.96,172,0.727,1.926,0.098,-0.0168,16,0.0321,0,0.1298,0,-1,,0,-1,,0,-1,,0,-1,,0.17,99.41,16,578296
100.0,1,1,confirm,1.0,18.79,2.79,70.44,266,51.66,14.09,684,0.389,0.582,0.01,0.0216,16,0.1065,671,0.761,1,445,39.14,0,-1,,0,-1,,0,-1,,0.0241,51.93,16,578468
100.0,1,-1,confirm,1.0,-82.81,-98.81,23.44,142,106.25,82.81,727,0.195,0.451,0.06,-0.2202,16,-0.1009,0,0.2828,0,-1,,0,-1,,0,-1,,0,-1,,0.6873,51.3,16,579152
100.0,1,1,fallback,1.0,41.84,25.84,92.98,943,51.14,44.94,1271,0.742,2.269,0.178,0.3543,17,0.4771,1201,0.8435,1,477,-15.5,1,477,-15.5,1,477,-15.5,1,494,-15.5,0.0101,106.5,17,579879
100.0,1,-1,confirm,1.0,-81.79,-97.79,21.6,2289,103.4,81.79,3183,0.719,1.382,0.048,-0.1595,18,0.3586,1296,0.9568,1,879,-41.67,1,879,-41.67,1,1791,-18.52,1,879,-41.67,0.6093,50.67,17,581150
100.0,1,1,fallback,1.0,-21.43,-37.43,29.08,75,50.51,21.43,397,0.189,2.216,0.155,0.2887,18,0.4198,199,0.9022,0,-1,,0,-1,,0,-1,,0,-1,,0.3746,103.62,18,584333
100.0,1,-1,confirm,1.0,-76.7,-92.7,29.15,86,105.84,76.7,6582,0.013,0.292,0.008,-0.3487,18,0.3771,1616,0.9364,1,392,3.07,1,678,-24.54,1,2054,-18.41,1,678,-24.54,0.027,50.37,18,584730
100.0,1,1,fallback,1.0,-50.24,-66.24,1.52,3,51.76,50.24,328,0.009,2.428,0.062,0.331,20,0.5099,319,0.9213,0,-1,,0,-1,,0,-1,,0,-1,,0.589,106.15,20,591312
100.0,1,-1,confirm,1.0,26.01,10.01,76.5,6194,50.49,48.96,7141,0.867,1.784,0.044,-0.1173,22,0.4465,5473,0.9534,1,526,-26.01,1,1208,-19.89,1,2369,-42.84,1,1483,-41.31,0.7262,51.75,20,591640
100.0,1,1,confirm,1.0,-76.7,-92.7,24.54,77,101.24,76.7,4560,0.017,0.965,0.205,-0.0015,22,0.4477,3804,0.9575,1,346,-3.07,1,346,-3.07,1,1881,-36.82,1,761,4.6,0.062,50.88,22,598781
100.0,1,-1,fallback,1.0,-52.56,-68.56,-0.0,0,52.56,52.56,621,0.0,2.531,0.157,0.2583,23,0.2583,0,0.7485,1,202,-23.19,1,202,-23.19,1,202,-23.19,1,613,-47.92,0.2353,100.99,23,603341
100.0,1,1,confirm,1.0,-70.74,-86.74,29.22,1182,99.95,70.74,3467,0.341,2.166,0.106,0.4344,0,0.5155,1341,0.9535,1,1836,-4.61,1,1836,-4.61,1,1836,-4.61,1,2055,-6.15,0.6267,52.56,23,603962
100.0,1,-1,confirm,1.0,-38.72,-54.72,12.39,18,51.11,38.72,359,0.05,4.149,0.167,0.3059,0,0.3059,18,0.8148,0,-1,,0,-1,,0,-1,,0,-1,,0.5225,99.66,0,607429
100.0,1,1,confirm,1.0,20.06,4.06,70.97,907,50.91,23.14,1208,0.751,0.502,0.122,0.2444,1,0.3862,456,0.8856,1,934,61.71,1,934,61.71,1,934,61.71,1,1020,41.65,0.7984,51.17,0,607788
100.0,1,-1,confirm,1.0,56.97,40.97,107.78,5837,50.81,55.43,6944,0.841,0.935,0.062,0.1561,2,0.3439,5461,0.9637,1,326,-27.71,1,326,-27.71,1,326,-27.71,1,326,-27.71,0.78,50.55,1,608996
100.0,1,1,confirm,1.0,-57.29,-73.29,43.36,1425,100.65,57.29,5478,0.26,1.206,0.197,0.0636,3,0.386,37,0.973,1,320,-4.65,1,320,-4.65,1,320,-4.65,1,600,-13.94,0.7785,51.36,3,615940
100.0,1,-1,fallback,1.0,9.34,-6.66,59.18,6971,49.84,26.48,7285,0.957,3.344,0.153,-0.0314,6,0.6101,1713,0.9206,1,582,-3.11,1,582,-3.11,1,582,-3.11,1,600,-3.11,0.5445,100.22,4,621418
100.0,1,1,confirm,1.0,45.21,29.21,96.65,3607,51.44,1.56,4997,0.722,1.988,0.12,0.2127,7,0.4024,2559,0.9542,1,754,9.35,1,754,9.35,1,754,9.35,1,774,7.79,0.3318,50.13,6,628703
100.0,1,-1,confirm,1.0,107.08,91.08,156.73,2812,49.66,0.0,4130,0.681,0.836,0.09,0.2084,8,0.395,525,0.9129,1,860,41.9,1,860,41.9,1,860,41.9,1,3203,121.04,0.5441,50.95,8,633700
100.0,1,1,confirm,1.0,-100.39,-116.39,0.0,0,100.39,100.39,674,0.0,1.082,0.038,0.2719,9,0.3014,31,0.7141,1,331,-54.9,1,331,-54.9,1,331,-54.9,1,519,-43.92,0.0122,50.45,9,637830
100.0,1,-1,fallback,1.0,-50.71,-66.71,-0.0,0,50.71,50.71,336,0.0,3.767,0.182,0.2681,9,0.2698,1,0.5698,0,-1,,0,-1,,0,-1,,0,-1,,0.0916,100.39,9,638504
100.0,1,1,confirm,1.0,6.31,-9.69,56.76,3865,50.45,23.65,4420,0.874,1.311,0.167,-0.1988,10,0.3897,2199,0.9489,1,174,7.88,1,722,42.57,1,722,42.57,1,1150,18.92,0.3926,50.71,9,638840
100.0,1,-1,confirm,1.0,29.94,13.94,80.35,1518,50.42,47.27,1604,0.946,1.441,0.133,0.2877,11,0.7628,248,0.9618,0,-1,,0,-1,,0,-1,,0,-1,,0.1305,50.16,10,643260
100.0,1,1,confirm,1.0,6.32,-9.68,58.47,3940,52.15,31.61,4312,0.914,2.472,0.07,0.2736,12,0.3151,4062,0.9358,1,3331,25.28,1,3331,25.28,1,3331,25.28,0,-1,,0.4087,50.83,11,644864
100.0,1,-1,confirm,1.0,-112.13,-128.13,1.58,197,113.71,112.13,636,0.31,0.622,0.081,-0.1612,12,0.0904,351,0.5275,1,395,-17.37,0,-1,,0,-1,,0,-1,,0.5465,51.85,12,649176
100.0,1,1,fallback,1.0,20.3,4.3,76.53,65,56.22,9.37,85,0.765,5.15,0.245,0.0081,12,0.0411,0,0.1239,0,-1,,0,-1,,0,-1,,0,-1,,0.0791,113.73,12,649812
100.0,1,-1,confirm,1.0,-77.93,-93.93,23.38,1907,101.31,77.93,3537,0.539,0.499,0.127,-0.3945,13,0.2706,2175,0.8052,1,1259,-28.05,1,1259,-28.05,1,2261,-7.79,1,1259,-28.05,0.005,55.8,12,649897
100.0,1,1,fallback,1.0,83.51,67.51,134.55,1113,51.04,7.73,1275,0.873,0.864,0.093,0.2699,13,0.3085,1262,0.6429,0,-1,,0,-1,,0,-1,,0,-1,,0.3082,101.55,13,653434
100.0,1,-1,confirm,1.0,1.53,-14.47,53.68,625,52.15,12.27,798,0.783,0.731,0.09,0.1673,14,0.1943,687,0.8728,0,-1,,0,-1,,0,-1,,0,-1,,0.16,50.36,13,654709
100.0,1,1,confirm,1.0,-87.44,-103.44,13.81,273,101.24,87.44,1961,0.139,1.518,0.049,-0.0733,14,0.2518,1550,0.8589,1,514,-29.15,1,514,-29.15,1,1655,-64.43,1,515,-30.68,0.5472,52.43,14,655507
100.0,1,-1,fallback,1.0,-47.97,-63.97,3.1,3,51.07,47.97,197,0.015,1.37,0.116,-0.0626,14,-0.0501,25,0.5952,0,-1,,0,-1,,0,-1,,0,-1,,0.5689,101.1,14,657468
100.0,1,1,confirm,1.0,9.24,-6.76,61.6,1237,52.36,50.82,1440,0.859,1.276,0.103,0.1757,15,0.3628,135,0.8412,1,607,-6.16,1,607,-6.16,1,607,-6.16,1,627,-9.24,0.3472,51.08,14,657665
100.0,1,-1,confirm,1.0,13.85,-2.15,66.16,654,52.32,1.54,875,0.747,0.85,0.063,-0.0749,15,0.055,331,0.645,1,340,40.01,0,-1,,0,-1,,0,-1,,0.1448,52.04,15,659105
100.0,1,1,confirm,1.0,30.82,14.82,81.66,687,50.85,1.54,1164,0.59,1.867,0.107,0.014,15,0.3162,41,0.7307,1,541,64.71,1,541,64.71,1,541,64.71,0,-1,,0.416,52.66,15,659980
100.0,1,-1,confirm,1.0,-7.68,-23.68,49.16,596,56.84,78.34,670,0.89,1.849,0.067,-0.1505,15,-0.067,0,0.7326,0,-1,,0,-1,,0,-1,,0,-1,,0.4966,50.44,15,661144
100.0,1,1,confirm,1.0,36.84,20.84,89.03,249,52.19,44.51,352,0.707,1.914,0.05,0.1371,15,0.1448,267,0.6642,0,-1,,0,-1,,0,-1,,0,-1,,0.0953,57.12,15,661814
100.0,1,-1,confirm,1.0,55.05,39.05,105.52,1777,50.47,21.41,2308,0.77,3.808,0.131,0.0115,16,0.1922,1446,0.9488,1,1220,29.06,1,1458,41.29,0,-1,,1,1536,59.64,0.2916,51.73,15,662166
100.0,1,1,confirm,1.0,-86.11,-102.11,13.84,180,99.95,86.11,785,0.229,0.805,0.042,-0.0707,16,0.2553,462,0.8234,1,103,-1.54,1,722,-75.35,1,722,-75.35,0,-1,,0.1428,51.0,16,664474
100.0,1,-1,confirm,1.0,-17.06,-33.06,35.68,181,52.74,17.06,316,0.573,1.737,0.181,-0.0034,16,0.0675,57,0.3453,1,74,10.86,0,-1,,0,-1,,0,-1,,0.7642,99.82,16,665259
100.0,1,1,confirm,1.0,7.74,-8.26,58.84,630,51.1,17.03,1059,0.595,1.899,0.124,0.3311,17,0.4034,537,0.9403,0,-1,,0,-1,,0,-1,,0,-1,,0.1188,52.93,16,665575
100.0,1,-1,confirm,1.0,102.12,86.12,153.18,1916,51.06,10.83,2227,0.86,0.806,0.068,0.0509,17,0.3778,1308,0.9017,1,1796,119.14,1,1796,119.14,1,1796,119.14,0,-1,,0.1375,50.8,17,666634
100.0,1,1,confirm,1.0,-57.84,-73.84,42.21,136,100.05,57.84,2889,0.047,0.831,0.097,0.209,17,0.3299,2665,0.9039,1,733,10.94,1,733,10.94,1,733,10.94,1,1407,-17.2,0.1388,51.85,17,668861
100.0,1,-1,confirm,1.0,-15.72,-31.72,34.59,897,50.31,15.72,1074,0.835,3.452,0.069,0.1564,18,0.195,711,0.8165,0,-1,,0,-1,,0,-1,,0,-1,,0.6918,99.63,18,671750
100.0,1,1,confirm,1.0,-61.22,-77.22,39.25,902,100.47,61.22,4418,0.204,1.481,0.037,-0.0173,19,0.1748,2517,0.81,1,367,20.41,1,624,20.41,0,-1,,1,1009,23.55,0.246,50.49,18,672824
100.0,1,-1,fallback,1.0,-34.75,-50.75,15.8,130,50.54,34.75,915,0.142,1.272,0.131,0.088,20,0.0901,134,0.8821,1,99,-6.32,0,-1,,0,-1,,0,-1,,0.0754,100.08,20,677242
100.0,1,1,confirm,1.0,-80.28,-96.28,20.46,307,100.74,80.28,2661,0.115,0.401,0.085,0.077,20,0.2297,1274,0.8827,1,642,12.59,1,642,12.59,1,642,12.59,1,733,9.44,0.8821,50.62,20,678157
100.0,1,-1,fallback,1.0,3.17,-12.83,53.95,278,50.78,7.93,652,0.426,0.911,0.204,0.3118,21,0.4217,137,0.8044,0,-1,,0,-1,,0,-1,,0,-1,,0.2597,100.53,21,680818
100.0,1,1,confirm,1.0,-76.19,-92.19,23.81,904,100.0,76.19,2011,0.45,0.852,0.042,-0.1536,21,0.1627,1922,0.9401,1,1174,0.0,1,1960,-53.97,0,-1,,1,1990,-60.32,0.2146,51.05,21,681470
100.0,1,-1,confirm,1.0,-25.59,-41.59,27.19,183,52.78,25.59,535,0.342,0.65,0.181,0.2568,21,0.2914,403,0.8872,0,-1,,0,-1,,0,-1,,0,-1,,0.5315,99.76,21,683481
100.0,1,1,confirm,1.0,1.6,-14.4,62.22,2614,60.63,49.46,3586,0.729,1.837,0.105,0.234,22,0.2572,2567,0.9084,1,556,-12.76,1,806,-20.74,1,806,-20.74,1,1034,-36.69,0.3978,52.93,22,684016
100.0,1,-1,confirm,1.0,-65.4,-81.4,36.69,991,102.09,65.4,1789,0.554,0.647,0.148,0.3458,23,0.3953,927,0.8863,1,151,-4.79,1,151,-4.79,1,151,-4.79,1,179,-6.38,0.0992,60.25,23,687602
100.0,1,1,fallback,1.0,269.41,253.41,321.71,7941,52.3,20.6,8277,0.959,3.185,0.275,0.2832,1,0.5254,5718,0.9907,1,375,15.85,1,375,15.85,1,375,15.85,1,492,3.17,0.006,102.47,23,689391
100.0,1,-1,confirm,1.0,20.06,4.06,72.53,5590,52.47,55.56,6281,0.89,1.564,0.073,0.0231,3,0.4384,2435,0.9695,1,750,-20.06,1,2969,37.04,1,2969,37.04,1,3246,32.41,0.4185,50.67,1,697668
100.0,1,1,confirm,1.0,72.68,56.68,123.7,1537,51.03,-0.0,1747,0.88,0.587,0.147,0.3906,3,0.6176,1397,0.9674,1,714,34.02,1,714,34.02,1,714,34.02,0,-1,,0.1855,52.85,3,703949
100.0,1,-1,confirm,1.0,-0.0,-16.0,50.66,7579,50.66,32.24,7870,0.963,0.986,0.102,0.1224,6,0.4805,2087,0.9643,1,513,12.28,1,513,12.28,1,854,-9.21,1,1362,-9.21,0.0134,50.4,4,705696
100.0,1,1,confirm,1.0,-55.27,-71.27,44.52,1438,99.79,55.27,5246,0.274,1.264,0.046,0.0071,6,0.5921,4826,0.969,1,1099,27.63,1,1099,27.63,1,1099,27.63,1,1347,33.77,0.2133,50.92,6,713566
100.0,1,-1,confirm,1.0,-49.4,-65.4,1.54,5,50.94,49.4,1239,0.004,1.068,0.198,-0.047,7,0.0022,220,0.7101,0,-1,,0,-1,,0,-1,,0,-1,,0.6297,99.34,7,718812
100.0,1,1,confirm,1.0,15.36,-0.64,66.05,1677,50.69,6.14,3801,0.441,3.22,0.147,0.0551,8,0.4768,2392,0.9413,1,371,3.07,1,371,3.07,1,371,3.07,1,492,3.07,0.0464,50.95,8,720051
100.0,1,-1,confirm,1.0,-75.15,-91.15,29.14,1073,104.29,75.15,10035,0.107,0.9,0.084,0.3497,9,0.5385,685,0.9431,1,1473,4.6,1,1473,4.6,1,1473,4.6,1,1646,-10.74,0.3104,50.36,9,723852
100.0,1,1,fallback,1.0,13.7,-2.3,65.46,9,51.76,-0.0,556,0.016,6.878,0.292,0.2751,11,0.4174,7,0.7302,1,282,35.01,1,282,35.01,1,282,35.01,0,-1,,0.5237,104.6,11,733887
100.0,1,-1,confirm,1.0,72.97,56.97,123.14,1341,50.17,13.68,1758,0.763,5.236,0.202,0.2592,12,0.3383,1287,0.9622,1,567,21.28,1,567,21.28,1,567,21.28,1,577,18.24,0.3799,51.42,12,734443
100.0,1,1,confirm,1.0,15.31,-0.69,65.85,4825,50.54,58.19,5747,0.84,1.942,0.104,0.1949,13,0.3665,3366,0.9333,1,412,-30.63,1,412,-30.63,1,412,-30.63,1,1880,-19.91,0.2589,50.79,12,736201
100.0,1,-1,confirm,1.0,12.23,-3.77,62.69,807,50.46,7.65,1107,0.729,1.326,0.123,0.35,14,0.351,809,0.814,1,260,12.23,0,-1,,0,-1,,0,-1,,0.3746,50.21,14,741948
100.0,1,1,confirm,1.0,18.37,2.37,68.89,1656,50.52,9.19,1929,0.858,1.46,0.061,0.0996,14,0.341,300,0.8001,1,1164,41.33,1,1164,41.33,1,1164,41.33,1,1233,36.74,0.7783,50.78,14,743055
100.0,1,-1,confirm,1.0,16.81,0.81,67.24,317,50.43,10.7,685,0.463,2.103,0.213,0.1146,15,0.2547,414,0.6738,0,-1,,0,-1,,0,-1,,0,-1,,0.7688,50.17,14,744984
100.0,1,1,confirm,1.0,30.61,14.61,81.13,1682,50.51,1.53,2200,0.765,3.149,0.049,0.1069,15,0.278,561,0.7764,1,939,55.1,1,939,55.1,1,939,55.1,1,1091,59.7,0.3448,50.77,15,745669
100.0,1,-1,confirm,1.0,9.16,-6.84,73.25,5834,64.09,41.2,6261,0.932,0.496,0.146,0.286,17,0.3792,2242,0.97,1,689,4.58,1,689,4.58,1,689,4.58,1,2842,18.31,0.7641,50.11,15,747869
100.0,1,1,confirm,1.0,209.26,193.26,261.19,1265,51.93,3.05,1653,0.765,3.7,0.118,0.3518,17,0.4923,0,0.8198,1,680,163.43,1,680,163.43,1,680,163.43,1,811,175.65,0.0416,64.57,17,754130
100.0,1,-1,confirm,1.0,-14.96,-30.96,35.91,4331,50.87,68.82,4557,0.95,1.177,0.145,-0.148,19,0.3073,2089,0.9726,1,2230,22.44,1,2230,22.44,1,2230,22.44,1,2249,16.46,0.5403,50.61,17,755783
100.0,1,1,confirm,1.0,14.94,-1.06,65.73,1120,50.79,37.35,1574,0.712,4.574,0.111,0.2697,19,0.3616,262,0.8017,1,416,-1.49,1,416,-1.49,1,416,-1.49,1,582,14.94,0.0815,51.05,19,760340
100.0,1,-1,confirm,1.0,50.72,34.72,101.43,3835,50.72,13.42,5168,0.742,0.968,0.099,-0.0844,20,0.2926,2968,0.9376,1,1781,16.41,1,2896,26.85,1,2896,26.85,1,2896,26.85,0.4952,50.46,19,761914
100.0,1,1,confirm,1.0,11.99,-4.01,65.97,4319,53.97,3.0,6970,0.62,0.94,0.038,0.1965,22,0.4961,2059,0.9759,1,1266,37.48,1,1266,37.48,1,1266,37.48,1,1400,34.48,0.4579,51.24,21,767082
100.0,1,-1,confirm,1.0,-1.5,-17.5,49.42,8840,50.91,50.91,10961,0.806,3.039,0.156,0.1833,1,0.5154,3150,0.9844,1,756,1.5,1,756,1.5,1,756,1.5,1,961,-4.49,0.8348,53.62,23,774052
100.0,1,1,confirm,1.0,25.45,9.45,76.36,2489,50.91,14.97,4174,0.596,0.668,0.167,0.485,2,0.5087,2333,0.9843,1,4,2.99,1,982,32.94,1,982,32.94,1,1020,35.93,0.4117,51.17,2,785013
100.0,1,-1,confirm,1.0,101.55,85.55,150.84,12338,49.28,41.82,13699,0.901,0.565,0.205,0.3394,6,0.64,883,0.9707,1,137,-1.49,1,2358,-5.97,1,2358,-5.97,1,2657,-4.48,0.6634,50.52,3,789187
100.0,1,1,confirm,1.0,129.75,113.75,181.05,9079,51.3,22.63,10719,0.847,3.472,0.103,-0.4889,9,0.4403,4006,0.9967,1,104,-3.02,1,1050,0.0,1,1050,0.0,1,1712,0.0,0.3872,50.04,7,802886
100.0,1,-1,confirm,1.0,29.79,13.79,80.43,1613,50.64,31.28,3808,0.424,1.537,0.198,0.2703,10,0.5521,517,0.9417,1,1041,-10.43,1,1041,-10.43,1,1041,-10.43,1,2167,47.66,0.6758,50.39,10,813605
100.0,1,1,confirm,1.0,-76.19,-92.19,23.9,2510,100.09,76.19,9551,0.263,0.424,0.123,0.0957,11,0.5228,7727,0.9771,1,21,-7.47,1,21,-7.47,1,2201,-5.98,1,400,-10.46,0.1152,51.05,11,817413
100.0,1,-1,confirm,1.0,-43.65,-59.65,7.53,33,51.18,43.65,178,0.185,1.675,0.053,0.0808,13,0.103,30,0.5747,1,114,-21.07,1,114,-21.07,0,-1,,0,-1,,0.6223,99.85,13,826964
100.0,1,1,confirm,1.0,1.5,-14.5,52.46,918,50.96,29.98,2223,0.413,1.582,0.072,0.0052,14,0.1999,1889,0.7766,1,670,-23.98,1,670,-23.98,0,-1,,0,-1,,0.4184,51.22,13,827142
100.0,1,-1,confirm,1.0,-98.91,-114.91,3.0,11,101.9,98.91,838,0.013,1.153,0.024,-0.1838,14,0.1188,266,0.7789,1,482,-73.43,1,482,-73.43,0,-1,,0,-1,,0.2836,50.69,14,829365
100.0,1,1,fallback,1.0,-26.71,-42.71,23.74,151,50.45,26.71,416,0.363,0.541,0.09,0.2829,14,0.2864,193,0.6685,0,-1,,0,-1,,0,-1,,0,-1,,0.1885,101.93,14,830203
100.0,1,-1,confirm,1.0,-90.76,-106.76,14.88,363,105.64,90.76,587,0.618,0.583,0.109,0.0233,14,0.065,500,0.8646,1,464,-25.29,0,-1,,0,-1,,0,-1,,0.5348,50.33,14,830619
100.0,1,1,fallback,1.0,-11.8,-27.8,41.29,533,53.08,11.8,615,0.867,0.603,0.127,0.2329,15,0.245,41,0.6578,0,-1,,0,-1,,0,-1,,0,-1,,0.3299,105.8,14,831206
100.0,1,-1,confirm,1.0,-91.53,-107.53,10.33,30,101.86,91.53,190,0.158,5.26,0.021,0.1472,15,0.3192,48,0.6778,0,-1,,0,-1,,0,-1,,0,-1,,0.4077,52.86,15,831821
100.0,1,1,fallback,1.0,14.63,-1.37,67.29,493,52.66,7.31,783,0.63,0.43,0.147,0.1077,15,0.306,613,0.6249,0,-1,,0,-1,,0,-1,,0,-1,,0.379,101.97,15,832011
100.0,1,-1,confirm,1.0,33.6,17.6,83.26,910,49.66,16.07,950,0.958,4.127,0.148,0.584,15,0.5857,912,0.9158,0,-1,,0,-1,,0,-1,,0,-1,,0.0349,52.31,15,832794
100.0,1,1,confirm,1.0,-95.27,-111.27,5.86,18,101.13,95.27,693,0.026,1.619,0.05,-0.476,15,0.0129,564,0.5023,0,-1,,0,-1,,0,-1,,0,-1,,0.7798,50.08,15,833744
100.0,1,-1,fallback,1.0,22.2,6.2,72.51,945,50.31,13.32,1051,0.899,2.469,0.132,0.1797,16,0.2393,788,0.7746,1,188,10.36,1,188,10.36,1,188,10.36,0,-1,,0.1346,101.07,15,834437
100.0,1,1,confirm,1.0,10.38,-5.62,60.8,653,50.42,20.76,961,0.68,0.879,0.128,0.1707,16,0.1836,766,0.6478,0,-1,,0,-1,,0,-1,,0,-1,,0.6031,50.68,16,835488
100.0,1,-1,confirm,1.0,-97.78,-113.78,13.33,14,111.11,97.78,2716,0.005,1.233,0.01,-0.0443,16,0.0805,292,0.8306,1,318,-16.3,0,-1,,0,-1,,0,-1,,0.5256,50.12,16,836449
100.0,1,1,fallback,1.0,-46.95,-62.95,5.87,2,52.82,46.95,382,0.005,3.243,0.108,0.3864,17,0.3898,0,0.8775,0,-1,,0,-1,,0,-1,,0,-1,,0.6799,111.26,17,839165
100.0,1,-1,confirm,1.0,20.64,4.64,72.23,666,51.59,4.42,1519,0.438,0.861,0.145,-0.2705,17,0.2324,223,0.9233,1,288,10.32,1,288,10.32,1,288,10.32,1,578,42.75,0.8273,52.79,17,839547
100.0,1,1,confirm,1.0,-101.92,-117.92,0.0,0,101.92,101.92,1808,0.0,0.295,0.103,0.1274,17,0.2977,984,0.9489,1,272,-31.02,1,272,-31.02,1,1226,-48.74,1,272,-31.02,0.2129,51.97,17,841066
100.0,1,-1,fallback,1.0,-50.74,-66.74,-0.0,0,50.74,50.74,243,0.0,4.177,0.126,0.2771,18,0.2802,5,0.4872,1,238,-43.28,1,238,-43.28,1,238,-43.28,0,-1,,0.4918,101.92,18,842874
100.0,1,1,confirm,1.0,-81.66,-97.66,17.82,1748,99.48,81.66,5740,0.305,0.659,0.124,0.1822,18,0.4158,3246,0.9537,1,459,-35.63,1,459,-35.63,1,459,-35.63,1,595,-41.57,0.4816,50.74,18,843117
100.0,1,-1,confirm,1.0,-8.98,-24.98,41.92,907,50.9,17.96,5278,0.172,8.195,0.072,0.5357,20,0.6118,1489,0.9521,1,794,4.49,1,794,4.49,1,794,4.49,1,2722,-4.49,0.1593,99.3,19,848857
100.0,1,1,confirm,1.0,46.37,30.37,97.22,16669,50.85,59.83,18361,0.908,1.389,0.056,0.16,1,0.6969,13653,0.9978,1,330,-2.99,1,330,-2.99,1,330,-2.99,1,989,-11.97,0.6702,51.11,21,854135
100.0,1,-1,confirm,1.0,31.26,15.26,81.88,12621,50.62,7.44,15227,0.829,3.472,0.137,0.0185,5,0.7212,3693,0.9928,1,27,-5.96,1,504,1.49,1,2319,23.82,1,607,2.98,0.5614,50.36,2,872496
100.0,1,1,confirm,1.0,147.85,131.85,201.61,25599,53.76,11.95,26003,0.984,8.765,0.224,0.7088,13,0.7367,25555,0.9951,1,408,-5.97,1,408,-5.97,1,408,-5.97,1,408,-5.97,0.5702,51.04,6,887723
100.0,1,-1,confirm,1.0,-89.77,-105.77,11.77,402,101.55,89.77,5212,0.077,0.189,0.097,-0.1678,13,0.0974,335,0.7745,1,383,8.83,0,-1,,0,-1,,0,-1,,0.757,52.7,13,913726
100.0,1,1,fallback,1.0,-29.17,-45.17,21.88,1563,51.05,29.17,2873,0.544,3.232,0.102,0.352,15,0.3967,1629,0.9475,1,2140,-10.21,1,2140,-10.21,1,2140,-10.21,1,2142,-13.13,0.5031,101.66,15,918938
100.0,1,-1,confirm,1.0,20.48,4.48,71.68,1920,51.2,4.39,2550,0.753,0.968,0.028,-0.0385,16,0.5724,1527,0.964,1,861,29.26,1,861,29.26,1,861,29.26,1,2127,51.2,0.5632,50.94,16,921811
100.0,1,1,confirm,1.0,146.58,130.58,197.89,18127,51.3,57.17,18884,0.96,0.354,0.173,0.3943,21,0.5872,13009,0.9907,1,211,-48.37,1,211,-48.37,1,211,-48.37,1,962,-36.65,0.3837,51.57,16,924361
100.0,1,-1,confirm,1.0,33.23,17.23,83.79,10978,50.56,1.44,11760,0.934,4.013,0.047,0.2422,1,0.649,11126,0.9898,1,665,27.45,1,665,27.45,1,3845,41.9,1,907,28.89,0.3511,50.31,22,943245
100.0,1,1,confirm,1.0,-86.97,-102.97,15.94,534,102.91,86.97,14429,0.037,0.664,0.139,0.1839,1,0.52,14164,0.9918,1,1263,-10.15,1,1263,-10.15,1,1263,-10.15,1,3904,-1.45,0.9795,50.99,1,955005
100.0,1,-1,fallback,1.0,2.92,-13.08,54.1,830,51.18,4.39,2044,0.406,4.124,0.205,0.4625,5,0.4723,812,0.9567,1,1566,7.31,1,1566,7.31,1,1566,7.31,1,1692,10.24,0.4144,102.75,5,969434
100.0,1,1,confirm,1.0,-77.52,-93.52,21.94,16372,99.46,77.52,24125,0.679,1.078,0.101,-0.166,10,0.6883,7013,0.9922,1,112,-5.85,1,112,-5.85,1,1481,7.31,1,140,-7.31,0.4751,51.46,5,971478
100.0,1,-1,confirm,1.0,78.13,62.13,131.19,7710,53.07,8.84,8803,0.876,1.21,0.136,0.0059,14,0.5243,253,0.9274,1,1602,4.42,1,1602,4.42,1,1602,4.42,1,1602,4.42,0.1709,99.24,12,995603
100.0,1,1,confirm,1.0,16.34,0.34,66.85,5097,50.51,-0.0,10168,0.501,1.293,0.085,0.1967,16,0.4879,5389,0.9918,1,207,10.4,1,207,10.4,1,2580,25.26,1,661,16.34,0.0942,53.77,15,1004406
100.0,1,-1,confirm,1.0,-69.71,-85.71,32.63,2000,102.34,69.71,9939,0.201,2.612,0.153,0.223,18,0.5963,254,0.9669,1,1015,5.93,1,1015,5.93,1,1015,5.93,1,1020,4.45,0.0689,50.18,17,1014574
100.0,1,1,fallback,1.0,182.65,166.65,235.68,3077,53.03,14.73,3189,0.965,0.896,0.169,0.2844,21,0.5485,2423,0.9882,1,602,4.42,1,602,4.42,1,602,4.42,1,1377,-5.89,0.5817,102.68,20,1024513
100.0,1,-1,confirm,1.0,-92.58,-108.58,14.47,70,107.04,92.58,286,0.245,0.492,0.014,-0.0067,21,0.0088,105,0.6176,0,-1,,0,-1,,0,-1,,0,-1,,0.3321,51.81,21,1027702
100.0,1,1,fallback,1.0,30.1,14.1,84.56,462,54.46,28.67,562,0.822,3.292,0.142,0.2789,21,0.289,552,0.7854,1,202,-10.03,0,-1,,0,-1,,0,-1,,0.5863,107.2,21,1027988
100.0,1,-1,confirm,1.0,-12.86,-28.86,38.58,1659,51.44,81.45,1762,0.942,0.881,0.078,0.1618,22,0.3078,1093,0.8903,0,-1,,0,-1,,0,-1,,0,-1,,0.531,54.01,21,1028550
100.0,1,1,confirm,1.0,-2.85,-18.85,52.8,667,55.66,21.41,898,0.743,0.76,0.075,-0.047,22,-0.0161,443,0.5613,0,-1,,0,-1,,0,-1,,0,-1,,0.0224,51.64,22,1030312
100.0,1,-1,confirm,1.0,-91.36,-107.36,9.99,43,101.36,91.36,2997,0.014,0.77,0.027,0.1041,22,0.1911,1692,0.8883,1,167,-17.13,1,167,-17.13,0,-1,,1,1032,-74.23,0.3745,55.37,22,1031210
100.0,1,1,fallback,1.0,94.78,78.78,145.71,3620,50.93,38.19,3958,0.915,0.559,0.064,-0.0628,0,0.5038,641,0.9022,1,993,-8.49,1,993,-8.49,1,993,-8.49,1,1045,5.66,0.6113,101.46,23,1034207
100.0,1,-1,confirm,1.0,46.24,30.24,96.69,2549,50.45,43.44,4463,0.571,1.771,0.128,0.1269,1,0.3337,549,0.9227,1,1284,50.45,1,1284,50.45,1,1284,50.45,1,1478,42.04,0.1322,50.2,0,1038165
100.0,1,1,confirm,1.0,22.53,6.53,77.43,2410,54.91,15.49,3299,0.731,2.148,0.132,0.4214,2,0.5548,2469,0.9185,1,766,29.56,1,766,29.56,1,766,29.56,1,785,26.75,0.4582,50.94,1,1042628
100.0,1,-1,confirm,1.0,2.81,-13.19,53.38,9000,50.57,23.88,10182,0.884,0.42,0.106,0.143,5,0.4068,7041,0.9177,1,199,-1.4,1,752,1.4,1,1661,28.09,1,2716,-4.21,0.3322,54.48,2,1045927
100.0,1,1,confirm,1.0,11.24,-4.76,61.82,10450,50.58,37.94,10841,0.964,5.362,0.072,0.5653,8,0.7032,7010,0.9804,1,675,-8.43,1,675,-8.43,1,675,-8.43,1,703,-12.65,0.8294,50.84,5,1056109
100.0,1,-1,confirm,1.0,9.82,-6.18,60.35,4597,50.53,40.7,5659,0.812,1.496,0.165,0.3109,9,0.6264,3055,0.9748,1,463,-15.44,1,463,-15.44,1,2393,-16.84,1,663,-29.47,0.8718,50.27,8,1066950
100.0,1,1,confirm,1.0,67.43,51.43,120.82,3475,53.39,1.4,3982,0.873,8.618,0.247,0.7577,10,0.8128,3473,0.9252,1,166,5.62,1,385,21.07,0,-1,,1,683,32.31,0.3644,50.83,9,1072609
100.0,1,-1,confirm,1.0,-106.06,-122.06,-0.0,0,106.06,106.06,1004,0.0,0.237,0.024,-0.3758,11,-0.0016,93,0.6532,0,-1,,0,-1,,0,-1,,0,-1,,0.8432,52.75,11,1076591
100.0,1,1,fallback,1.0,0.0,-16.0,55.23,426,55.23,13.81,750,0.568,1.823,0.125,0.431,11,0.443,398,0.7363,0,-1,,0,-1,,0,-1,,0,-1,,0.3493,106.06,11,1077595
100.0,1,-1,confirm,1.0,-88.37,-104.37,13.81,2898,102.18,88.37,5671,0.511,1.889,0.098,-0.2365,12,0.1868,768,0.8201,1,579,-31.76,1,579,-31.76,0,-1,,1,593,-35.9,0.5006,54.93,11,1078345
100.0,1,1,fallback,1.0,106.76,90.76,160.14,841,53.38,5.47,1183,0.711,1.063,0.203,0.2581,13,0.2746,824,0.6343,1,582,91.71,1,582,91.71,0,-1,,0,-1,,0.0284,102.32,13,1084016
100.0,1,-1,confirm,1.0,1.35,-14.65,52.82,843,51.46,46.05,1508,0.559,2.406,0.055,0.0943,13,0.2104,1371,0.5827,1,336,-20.31,1,336,-20.31,1,1508,1.35,0,-1,,0.2404,52.54,13,1085199
100.0,1,1,confirm,1.0,2.71,-13.29,54.18,6019,51.47,85.33,6164,0.976,3.442,0.085,0.1089,15,0.5297,2890,0.9032,1,26,-1.35,1,519,-36.57,1,1558,-32.51,1,2205,-8.13,0.4204,51.74,13,1086707
100.0,1,-1,confirm,1.0,-115.1,-131.1,-0.0,0,115.1,115.1,394,0.0,0.67,0.036,0.046,15,0.1591,166,0.5176,1,269,-86.66,1,269,-86.66,0,-1,,0,-1,,0.1247,51.19,15,1092871
100.0,1,1,fallback,1.0,116.47,100.47,167.34,1996,50.87,18.74,2167,0.921,0.797,0.19,0.3077,16,0.3465,1925,0.867,1,457,37.48,1,457,37.48,1,457,37.48,1,969,66.93,0.219,115.1,15,1093265
100.0,1,-1,confirm,1.0,-63.52,-79.52,38.38,116,101.89,63.52,913,0.127,0.758,0.008,-0.0768,16,0.1199,413,0.6027,1,605,-17.2,1,605,-17.2,0,-1,,1,677,-17.2,0.0384,50.03,16,1095432
100.0,1,1,fallback,1.0,-47.34,-63.34,3.94,4,51.28,47.34,346,0.012,4.136,0.117,0.3577,16,0.403,282,0.7841,0,-1,,0,-1,,0,-1,,0,-1,,0.1047,102.28,16,1096345
100.0,1,-1,confirm,1.0,64.74,48.74,114.94,1971,50.2,50.2,2311,0.853,1.084,0.09,0.3154,17,0.359,1835,0.8826,1,833,13.21,1,833,13.21,1,833,13.21,1,1125,2.64,0.7367,51.26,16,1096691
100.0,1,1,confirm,1.0,13.3,-2.7,65.16,4649,51.86,73.14,5724,0.812,1.051,0.058,0.4733,18,0.547,4483,0.89,1,2033,9.31,1,2033,9.31,1,2033,9.31,1,2240,14.63,0.2815,50.79,17,1099002
100.0,1,-1,confirm,1.0,42.5,26.5,92.96,1675,50.46,66.4,1950,0.859,4.241,0.265,0.2843,19,0.3484,1860,0.871,1,981,-39.84,1,981,-39.84,1,981,-39.84,1,1079,-50.46,0.2159,51.53,18,1104726
100.0,1,1,confirm,1.0,25.34,9.34,76.02,1236,50.68,10.67,1476,0.837,1.048,0.11,0.3019,19,0.4004,1045,0.8388,0,-1,,0,-1,,0,-1,,0,-1,,0.6831,50.94,19,1106676
100.0,1,-1,confirm,1.0,155.65,139.65,204.87,9816,49.22,38.58,10162,0.966,0.7,0.136,0.5501,22,0.6487,9432,0.9044,1,648,-11.97,1,648,-11.97,1,648,-11.97,1,931,-25.28,0.6156,50.3,19,1108152
100.0,1,1,confirm,1.0,1.35,-14.65,52.7,7474,51.35,47.3,8305,0.9,1.689,0.129,0.2764,0,0.4348,5909,0.9473,1,3367,-31.08,1,3367,-31.08,1,5123,-14.86,1,3776,-27.03,0.4364,50.25,22,1118314
100.0,1,-1,confirm,1.0,116.2,100.2,166.19,5582,49.99,44.59,6706,0.832,1.234,0.169,0.449,2,0.4854,4201,0.9376,1,217,-8.11,1,1887,-25.67,1,1887,-25.67,1,1974,-27.02,0.2991,51.08,0,1126619
100.0,1,1,confirm,1.0,56.05,40.05,108.0,4600,51.95,38.28,5919,0.777,1.537,0.14,0.3039,4,0.3429,4702,0.9251,1,1514,-15.04,1,1514,-15.04,1,3221,66.99,1,1941,-30.08,0.4171,50.84,2,1133325
100.0,1,-1,confirm,1.0,-0.0,-16.0,50.3,248,50.3,1.36,2140,0.116,2.831,0.203,0.4704,4,0.4846,1014,0.9603,1,1319,36.7,1,1319,36.7,1,1319,36.7,1,1369,35.35,0.7524,51.39,4,1139244
100.0,1,1,confirm,1.0,150.9,134.9,202.56,11683,51.66,14.95,11833,0.987,2.343,0.196,0.2802,8,0.609,6179,0.9656,1,296,-6.8,1,296,-6.8,1,1476,23.11,1,1494,20.39,0.7927,50.55,5,1141384
100.0,1,-1,confirm,1.0,-87.05,-103.05,14.73,47,101.78,87.05,1823,0.026,0.992,0.05,-0.1236,8,0.0127,1089,0.8232,0,-1,,0,-1,,0,-1,,0,-1,,0.7576,50.63,8,1153217
100.0,1,1,fallback,1.0,-9.29,-25.29,42.49,259,51.78,9.29,622,0.416,0.527,0.165,0.3846,8,0.4559,58,0.7249,0,-1,,0,-1,,0,-1,,0,-1,,0.0374,101.93,8,1155040
100.0,1,-1,confirm,1.0,6.64,-9.36,57.14,1186,50.5,27.91,2642,0.449,2.79,0.128,0.1818,9,0.3448,1160,0.8828,1,1743,39.87,1,1743,39.87,1,1743,39.87,1,1891,26.58,0.7198,51.56,9,1155662
100.0,1,1,confirm,1.0,-99.73,-115.73,0.0,0,99.73,99.73,6468,0.0,1.796,0.06,0.1965,9,0.5814,2573,0.965,1,580,-29.26,1,580,-29.26,1,580,-29.26,1,4225,-49.2,0.0806,50.79,9,1158304
100.0,1,-1,confirm,1.0,-41.64,-57.64,9.4,190,51.04,41.64,2228,0.085,1.29,0.056,0.1892,11,0.2561,6,0.8683,1,252,5.37,1,252,5.37,1,252,5.37,1,521,-0.0,0.8069,99.73,11,1164772
100.0,1,1,confirm,1.0,50.83,34.83,103.0,1465,52.17,16.05,1829,0.801,2.146,0.156,0.3843,12,0.5507,389,0.9502,0,-1,,0,-1,,0,-1,,0,-1,,0.3364,51.09,12,1167000
100.0,1,-1,confirm,1.0,109.13,93.13,158.37,1874,49.24,0.0,1933,0.969,2.914,0.226,0.3532,13,0.4045,1854,0.8147,1,258,18.63,1,1171,23.96,1,1171,23.96,1,1241,29.28,0.3399,51.64,12,1168829
100.0,1,1,confirm,1.0,-84.77,-100.77,16.15,250,100.91,84.77,3825,0.065,0.436,0.062,-0.2516,13,0.3661,2247,0.875,1,552,-1.35,1,2571,-28.26,1,2571,-28.26,1,2592,-26.91,0.2877,50.03,13,1170762
100.0,1,-1,fallback,1.0,132.99,116.99,183.2,1027,50.21,0.0,1101,0.933,5.15,0.105,-0.064,14,0.3574,930,0.7747,1,1024,181.84,1,1024,181.84,1,1024,181.84,0,-1,,0.6194,100.75,14,1174587
100.0,1,1,confirm,1.0,53.64,37.64,104.52,2334,50.89,12.38,2852,0.818,0.607,0.118,0.1174,15,0.2825,459,0.9088,1,571,20.63,1,571,20.63,1,571,20.63,1,1283,30.26,0.4101,51.15,14,1175688
100.0,1,-1,confirm,1.0,-87.55,-103.55,13.68,35,101.23,87.55,8976,0.004,1.35,0.122,0.0619,15,0.4562,5209,0.9799,1,290,-1.37,1,290,-1.37,1,5714,2.74,1,435,-16.42,0.7986,50.36,15,1178540
100.0,1,1,fallback,1.0,27.12,11.12,81.37,717,54.24,18.99,1429,0.502,1.63,0.161,0.4993,18,0.5605,628,0.8847,0,-1,,0,-1,,0,-1,,0,-1,,0.2778,101.37,17,1187516
100.0,1,-1,confirm,1.0,-1.35,-17.35,48.69,695,50.04,12.17,1736,0.4,0.456,0.117,0.2934,18,0.4696,751,0.8997,1,908,28.4,1,908,28.4,1,908,28.4,1,949,16.23,0.5322,53.81,18,1188945
100.0,1,1,confirm,1.0,-12.17,-28.17,40.57,7702,52.74,60.85,9163,0.841,1.371,0.073,0.1424,20,0.5013,3919,0.9919,1,774,18.93,1,774,18.93,1,774,18.93,1,802,14.87,0.8996,50.29,18,1190681
100.0,1,-1,confirm,1.0,43.33,27.33,93.42,14715,50.09,32.49,15788,0.932,1.494,0.145,0.3704,1,0.588,8925,0.9742,1,718,9.48,1,718,9.48,1,718,9.48,1,718,9.48,0.8406,52.53,21,1199844
100.0,1,1,confirm,1.0,73.43,57.43,125.1,2608,51.67,-0.0,3220,0.81,5.91,0.203,0.6582,2,0.6582,2608,0.9084,1,1165,50.31,1,1165,50.31,1,1165,50.31,1,3185,78.87,0.0671,50.57,1,1215632
100.0,1,-1,confirm,1.0,2.7,-13.3,52.65,347,49.95,1.35,1548,0.224,0.622,0.308,0.2547,2,0.3316,547,0.8752,1,806,28.35,1,806,28.35,1,806,28.35,1,1068,25.65,0.754,51.03,2,1218852
100.0,1,1,confirm,1.0,-97.22,-113.22,4.05,6610,101.27,97.22,12555,0.526,1.908,0.178,0.2523,4,0.5963,2112,0.9883,1,120,-20.25,1,120,-20.25,1,4879,-51.31,1,907,-33.76,0.8617,50.21,3,1220400
100.0,1,-1,fallback,1.0,-30.0,-46.0,20.45,2160,50.45,31.36,2565,0.842,1.1,0.127,0.4371,7,0.5202,151,0.9211,1,750,15.0,1,750,15.0,1,750,15.0,1,751,15.0,0.0904,101.23,6,1232955
100.0,1,1,confirm,1.0,-92.44,-108.44,6.8,221,99.24,92.44,3575,0.062,0.896,0.154,0.292,7,0.3514,2129,0.9229,1,480,-21.75,1,480,-21.75,1,480,-21.75,1,1140,-59.82,0.1314,50.55,7,1235520
100.0,1,-1,confirm,1.0,45.28,29.28,97.42,2424,52.14,16.47,4091,0.593,0.997,0.128,0.3185,8,0.4731,161,0.915,1,2984,53.51,1,2984,53.51,1,2984,53.51,1,3023,56.26,0.7088,99.17,8,1239095
100.0,1,1,confirm,1.0,-81.32,-97.32,17.92,2526,99.24,81.32,6205,0.407,1.021,0.063,-0.2581,10,0.3904,411,0.9448,1,75,-13.78,1,900,-11.03,1,900,-11.03,1,923,-5.51,0.5674,52.65,9,1243186
100.0,1,-1,confirm,1.0,-18.07,-34.07,33.35,149,51.42,18.07,231,0.645,1.306,0.151,0.2681,11,0.2915,5,0.8291,0,-1,,0,-1,,0,-1,,0,-1,,0.859,99.06,11,1249391
100.0,1,1,confirm,1.0,43.0,27.0,94.33,9586,51.32,67.97,10379,0.924,1.014,0.079,0.2724,13,0.522,8182,0.9636,1,925,-11.1,1,925,-11.1,1,925,-11.1,1,977,-16.65,0.3812,51.59,11,1249622
100.0,1,-1,confirm,1.0,29.01,13.01,78.73,2866,49.72,37.29,2952,0.971,6.499,0.157,0.1506,14,0.2986,2833,0.8498,1,411,19.34,0,-1,,0,-1,,0,-1,,0.1596,50.85,14,1260001
100.0,1,1,confirm,1.0,292.28,276.28,344.92,5940,52.64,4.16,6084,0.976,3.228,0.156,0.2527,16,0.4534,2960,0.9152,1,4806,229.95,1,4806,229.95,1,4806,229.95,1,4880,216.1,0.1645,50.12,14,1262953
100.0,1,-1,confirm,1.0,60.57,44.57,110.36,2261,49.8,0.0,3270,0.691,2.832,0.107,0.0306,17,0.4556,1685,0.8881,1,494,26.92,1,804,33.65,1,1999,74.02,1,2041,67.29,0.7414,50.88,16,1269037
100.0,1,1,confirm,1.0,0.0,-16.0,65.0,1801,65.0,51.46,2094,0.86,2.333,0.197,0.4201,17,0.4392,402,0.8972,1,989,-4.06,1,989,-4.06,1,989,-4.06,1,1007,-9.48,0.5895,50.35,17,1272307
100.0,1,-1,confirm,1.0,66.35,50.35,117.81,61,51.46,6.77,77,0.792,5.646,0.085,0.004,18,0.0083,69,0.6825,0,-1,,0,-1,,0,-1,,0,-1,,0.6409,64.58,18,1274401
100.0,1,1,confirm,1.0,-89.97,-105.97,9.54,48,99.51,89.97,244,0.197,0.778,0.041,0.0071,18,0.0093,46,0.2593,0,-1,,0,-1,,0,-1,,0,-1,,0.1762,52.07,18,1274478
100.0,1,-1,confirm,1.0,15.13,-0.87,70.15,33,55.02,2.75,49,0.673,1.73,0.186,0.1854,18,0.1888,28,0.5146,0,-1,,0,-1,,0,-1,,0,-1,,0.1176,99.41,18,1274722
100.0,1,1,confirm,1.0,78.52,62.52,129.49,941,50.97,1.38,1134,0.83,0.488,0.035,0.1265,18,0.3273,1129,0.7558,0,-1,,0,-1,,0,-1,,0,-1,,0.4747,55.41,18,1274771
100.0,1,-1,confirm,1.0,-84.75,-100.75,16.4,445,101.15,84.75,834,0.534,3.784,0.059,-0.0761,18,0.0317,519,0.6046,0,-1,,0,-1,,0,-1,,0,-1,,0.701,50.32,18,1275905
100.0,1,1,fallback,1.0,25.75,9.75,78.61,297,52.86,31.17,962,0.309,2.412,0.142,0.1849,18,0.2802,860,0.6626,1,186,-2.71,0,-1,,0,-1,,0,-1,,0.0434,101.31,18,1276739
100.0,1,-1,confirm,1.0,85.17,69.17,137.89,931,52.72,1.35,1107,0.841,1.526,0.115,-0.0735,19,0.1288,714,0.7681,1,787,106.8,1,787,106.8,0,-1,,1,850,108.15,0.2134,52.45,18,1277701
100.0,1,1,confirm,1.0,-70.9,-86.9,28.63,44,99.54,70.9,288,0.153,1.889,0.028,-0.0272,19,0.0216,212,0.5136,0,-1,,0,-1,,0,-1,,0,-1,,0.0019,53.46,19,1278808
100.0,1,-1,confirm,1.0,27.46,11.46,79.65,156,52.18,2.75,215,0.726,2.095,0.133,0.2061,19,0.2106,163,0.7557,0,-1,,0,-1,,0,-1,,0,-1,,0.1583,99.25,19,1279096
100.0,1,1,confirm,1.0,-93.64,-109.64,23.41,23,117.05,93.64,441,0.052,1.131,0.033,-0.0507,19,0.0418,411,0.5968,0,-1,,0,-1,,0,-1,,0,-1,,0.5794,52.6,19,1279311
100.0,1,-1,fallback,1.0,-43.09,-59.09,8.34,5,51.43,43.09,120,0.042,2.564,0.106,0.0456,19,0.0649,4,0.4618,1,62,-18.07,0,-1,,0,-1,,0,-1,,0.5968,116.77,19,1279752
100.0,1,1,confirm,1.0,-81.66,-97.66,19.38,22,101.04,81.66,692,0.032,0.865,0.015,0.044,19,0.1683,483,0.7099,1,62,-26.3,0,-1,,0,-1,,0,-1,,0.3154,51.47,19,1279872
100.0,1,-1,fallback,1.0,-22.33,-38.33,29.31,200,51.63,22.33,276,0.725,0.86,0.097,0.0245,19,0.2198,262,0.6592,0,-1,,0,-1,,0,-1,,0,-1,,0.1569,100.84,19,1280564
100.0,1,1,confirm,1.0,8.35,-7.65,59.87,3073,51.52,44.56,3321,0.925,1.007,0.123,0.0548,20,0.2211,1480,0.9711,1,770,-26.46,1,1684,-1.39,1,1684,-1.39,1,2457,8.35,0.4405,51.78,19,1280840
100.0,1,-1,confirm,1.0,93.21,77.21,144.69,4854,51.47,48.69,5024,0.966,5.524,0.227,0.4694,22,0.4694,4854,0.9631,1,252,-0.0,1,252,-0.0,1,1763,-30.61,1,601,-6.96,0.9465,51.21,20,1284161
100.0,1,1,confirm,1.0,147.45,131.45,199.41,11085,51.96,-0.0,13145,0.843,1.666,0.142,0.3134,1,0.5726,4298,0.9883,1,1189,70.21,1,1189,70.21,1,1189,70.21,1,5339,110.94,0.6166,52.23,22,1289185
100.0,1,-1,confirm,1.0,121.78,105.78,171.6,8783,49.82,58.12,9061,0.969,2.019,0.208,0.2632,4,0.6624,8172,0.9822,1,104,-0.0,1,2105,-12.46,1,2105,-12.46,1,2126,-20.76,0.6612,50.94,1,1302330
100.0,1,1,confirm,1.0,-96.67,-112.67,2.8,7,99.47,96.67,3089,0.002,0.638,0.006,-0.2752,4,0.2317,2431,0.9272,1,436,-28.02,1,903,-26.62,1,2598,-43.43,1,905,-28.02,0.4341,50.69,4,1311391
100.0,1,-1,confirm,1.0,-46.68,-62.68,5.66,5,52.34,46.68,155,0.032,1.178,0.151,0.337,5,0.3546,19,0.5516,0,-1,,0,-1,,0,-1,,0,-1,,0.0793,99.44,5,1314480
100.0,1,1,confirm,1.0,108.42,92.42,160.52,14895,52.1,30.98,15642,0.952,1.491,0.132,0.314,9,0.5166,12622,0.9945,1,319,-19.71,1,945,-5.63,1,945,-5.63,1,1072,-11.26,0.3738,52.37,5,1314635
100.0,1,-1,confirm,1.0,47.36,31.36,97.51,4447,50.15,37.61,5008,0.888,1.09,0.078,-0.1658,10,0.6154,17,0.9701,1,617,-19.5,1,617,-19.5,1,617,-19.5,1,856,-37.61,0.7884,51.27,9,1330277
100.0,1,1,confirm,1.0,-83.97,-99.97,15.4,489,99.37,83.97,1653,0.296,0.342,0.097,0.1144,11,0.4221,2,0.9774,1,565,2.8,1,565,2.8,1,565,2.8,1,972,-50.38,0.1795,50.64,10,1335285
100.0,1,-1,confirm,1.0,-47.99,-63.99,2.82,5,50.81,47.99,705,0.007,0.94,0.116,0.1824,11,0.3451,286,0.694,1,458,-43.75,1,458,-43.75,1,458,-43.75,0,-1,,0.2812,99.22,11,1336938
100.0,1,1,confirm,1.0,30.9,14.9,81.47,6746,50.57,64.62,7154,0.943,0.791,0.08,0.319,13,0.5275,4513,0.9407,1,235,-19.67,1,235,-19.67,1,2000,-35.12,1,477,-33.71,0.4267,50.83,11,1337643
100.0,1,-1,confirm,1.0,42.01,26.01,92.42,668,50.41,1.4,976,0.684,1.316,0.135,0.2802,13,0.3929,350,0.8521,0,-1,,0,-1,,0,-1,,0,-1,,0.508,50.16,13,1344797
100.0,1,1,confirm,1.0,30.94,14.94,84.38,2074,53.44,50.63,2235,0.928,1.864,0.162,-0.0216,14,0.1645,642,0.8382,1,698,-4.22,1,698,-4.22,0,-1,,1,720,-8.44,0.6382,50.88,13,1345773
100.0,1,-1,confirm,1.0,-1.4,-17.4,49.07,230,50.47,1.4,781,0.294,0.617,0.083,0.1364,14,0.1428,226,0.7155,1,314,22.43,1,314,22.43,0,-1,,1,717,11.22,0.5428,52.99,14,1348008
100.0,1,1,confirm,1.0,-86.91,-102.91,12.62,17,99.52,86.91,835,0.02,0.609,0.108,0.161,14,0.3067,546,0.8725,1,215,-39.25,1,215,-39.25,1,687,-58.87,1,787,-79.9,0.2009,50.72,14,1348789
100.0,1,-1,confirm,1.0,33.94,17.94,86.26,1529,52.32,65.05,1584,0.965,1.545,0.159,0.2708,15,0.3473,1437,0.7325,0,-1,,0,-1,,0,-1,,0,-1,,0.5911,99.4,14,1349624
100.0,1,1,confirm,1.0,-93.64,-109.64,15.61,31,109.25,93.64,558,0.056,1.349,0.048,-0.1152,15,-0.0753,129,0.5796,0,-1,,0,-1,,0,-1,,0,-1,,0.2401,52.77,15,1351208
100.0,1,-1,fallback,1.0,157.55,141.55,209.11,1691,51.56,34.37,1897,0.891,0.696,0.088,-0.2354,15,0.2088,187,0.5411,1,1293,131.77,1,1293,131.77,1,1293,131.77,1,1390,141.79,0.1617,109.08,15,1351766
100.0,1,1,confirm,1.0,8.73,-7.27,59.66,3420,50.93,34.92,4291,0.797,0.84,0.107,0.3357,16,0.4155,3543,0.846,1,108,-2.91,1,108,-2.91,1,1876,-23.28,1,203,0.0,0.3346,52.66,16,1353663
100.0,1,-1,confirm,1.0,23.26,7.26,77.06,3865,53.79,52.34,4036,0.958,1.031,0.09,0.0903,18,0.3079,3291,0.9334,1,245,-14.54,1,245,-14.54,1,245,-14.54,1,388,-31.99,0.3357,50.63,17,1357954
100.0,1,1,confirm,1.0,1.46,-14.54,52.46,458,51.01,11.66,953,0.481,0.962,0.156,0.5508,18,0.5535,459,0.8314,0,-1,,0,-1,,0,-1,,0,-1,,0.0269,54.21,18,1361990
100.0,1,-1,confirm,1.0,-84.51,-100.51,17.49,235,102.0,84.51,3891,0.06,0.763,0.114,0.2267,18,0.2578,207,0.882,1,696,-16.03,1,696,-16.03,1,696,-16.03,1,766,-17.49,0.7065,50.74,18,1362943
100.0,1,1,fallback,1.0,56.35,40.35,108.37,2399,52.02,-0.0,5596,0.429,1.844,0.087,0.416,20,0.6045,3718,0.9878,1,49,7.22,1,4251,88.14,1,4251,88.14,1,4308,91.03,0.1652,102.17,19,1366834
100.0,1,-1,confirm,1.0,-53.16,-69.16,47.41,4815,100.57,53.16,13806,0.349,1.652,0.153,0.1729,22,0.4278,357,0.9421,1,885,-10.06,1,885,-10.06,1,885,-10.06,1,2318,8.62,0.5857,51.46,21,1372430
100.0,1,1,fallback,1.0,-44.3,-60.3,7.15,32,51.45,44.3,622,0.051,4.613,0.14,0.4959,1,0.5037,31,0.7038,1,543,-37.16,1,543,-37.16,1,543,-37.16,1,585,-37.16,0.1141,101.05,1,1386236
100.0,1,-1,confirm,1.0,94.75,78.75,144.99,7494,50.24,61.73,7644,0.98,0.716,0.221,0.378,3,0.5286,7255,0.9243,1,173,-44.5,1,173,-44.5,1,173,-44.5,1,306,-27.28,0.5656,51.41,1,1386858
100.0,1,1,confirm,1.0,13.04,-2.96,63.77,333,50.72,-0.0,688,0.484,0.591,0.155,-0.0992,3,-0.0142,335,0.9753,0,-1,,0,-1,,0,-1,,0,-1,,0.4388,50.98,3,1394502
100.0,1,-1,confirm,1.0,5.79,-10.21,56.45,1873,50.66,13.03,2216,0.845,2.571,0.139,0.5755,4,0.5996,2061,0.9186,0,-1,,0,-1,,0,-1,,0,-1,,0.1653,50.4,3,1395190
100.0,1,1,confirm,1.0,-68.07,-84.07,31.86,468,99.93,68.07,1359,0.344,0.565,0.169,-0.1365,4,-0.1061,443,0.9727,0,-1,,0,-1,,0,-1,,0,-1,,0.8246,50.95,4,1397406
100.0,1,-1,confirm,1.0,4.37,-11.63,55.41,1413,51.04,8.75,1820,0.776,3.054,0.11,0.5918,4,0.644,1565,0.8684,0,-1,,0,-1,,0,-1,,0,-1,,0.2362,99.61,4,1398765
100.0,1,1,confirm,1.0,-58.35,-74.35,42.3,4921,100.66,58.35,9244,0.532,0.049,0.031,-0.5345,6,0.2655,7890,0.9961,1,1860,-18.96,1,1860,-18.96,1,1860,-18.96,1,2120,-18.96,0.7581,51.32,5,1400585
100.0,1,-1,fallback,1.0,-24.94,-40.94,24.94,118,49.89,24.94,854,0.138,1.291,0.119,0.3132,7,0.3769,181,0.7211,1,684,2.93,1,684,2.93,1,684,2.93,1,684,2.93,0.8262,100.23,7,1409829
100.0,1,1,confirm,1.0,13.17,-2.83,64.4,4189,51.23,13.17,4712,0.889,0.612,0.03,-0.1978,9,0.441,1886,0.9613,1,2486,40.98,1,2486,40.98,1,2486,40.98,1,2776,46.84,0.5845,50.01,7,1410683
100.0,1,-1,confirm,1.0,1.46,-14.54,52.62,5471,51.16,17.54,6384,0.857,1.693,0.072,0.2265,10,0.5691,4542,0.8871,1,788,13.16,1,788,13.16,1,788,13.16,1,788,13.16,0.0144,50.9,9,1415395
100.0,1,1,confirm,1.0,4.39,-11.61,57.02,7768,52.63,67.25,8522,0.912,0.818,0.075,0.299,13,0.4274,1314,0.9576,1,320,-17.54,1,320,-17.54,1,320,-17.54,1,448,-17.54,0.7048,51.43,10,1421779
100.0,1,-1,confirm,1.0,-97.91,-113.91,4.38,19,102.29,97.91,1619,0.012,0.657,0.155,0.1867,13,0.4734,421,0.7664,1,575,-21.92,1,575,-21.92,1,575,-21.92,1,704,-19.0,0.3095,52.33,13,1430301
100.0,1,1,fallback,1.0,14.47,-1.53,65.12,20,50.65,1.45,940,0.021,2.903,0.265,0.5655,13,0.5869,3,0.8748,0,-1,,0,-1,,0,-1,,0,-1,,0.2966,102.34,13,1431920
100.0,1,-1,confirm,1.0,2.89,-13.11,53.47,1366,50.58,28.9,1503,0.909,2.08,0.051,-0.1798,14,0.1527,1091,0.8289,1,858,28.9,1,1178,28.9,0,-1,,1,1178,28.9,0.63,50.32,14,1432860
100.0,1,1,confirm,1.0,5.78,-10.22,56.37,6518,50.59,36.14,8107,0.804,0.747,0.108,0.2843,16,0.4595,628,0.9727,1,1194,30.36,1,1194,30.36,1,1194,30.36,1,1227,23.13,0.7705,50.85,14,1434363
100.0,1,-1,confirm,1.0,33.23,17.23,83.79,1449,50.56,8.67,2160,0.671,2.556,0.076,0.2695,17,0.3123,1304,0.8466,1,1653,56.34,1,1653,56.34,1,1653,56.34,1,2011,46.23,0.793,50.31,16,1442470
100.0,1,1,confirm,1.0,26.09,10.09,76.82,1902,50.73,11.6,3114,0.611,3.973,0.09,0.3848,17,0.458,1934,0.9106,1,709,-4.35,1,709,-4.35,1,709,-4.35,0,-1,,0.3174,50.99,17,1444630
100.0,1,-1,confirm,1.0,1.45,-14.55,52.05,1852,50.6,14.46,3383,0.547,2.948,0.116,0.1362,18,0.3146,2130,0.9276,1,1316,26.02,1,2447,20.24,1,2447,20.24,1,2488,18.79,0.614,50.35,18,1447744
100.0,1,1,confirm,1.0,82.42,66.42,135.92,19765,53.5,62.17,20228,0.977,4.233,0.126,0.4625,0,0.6316,2927,0.9847,1,838,-39.04,1,838,-39.04,1,838,-39.04,1,841,-40.49,0.6195,50.86,19,1451127
100.0,1,-1,confirm,1.0,-67.4,-83.4,35.85,6081,103.26,67.4,12997,0.468,0.869,0.133,-0.0437,2,0.5114,5847,0.9876,1,2126,14.34,1,2126,14.34,1,2126,14.34,1,2148,14.34,0.5823,52.78,0,1471355
100.0,1,1,fallback,1.0,74.07,58.07,126.78,1913,52.71,5.7,2553,0.749,1.444,0.135,0.0185,4,0.5675,1117,0.9503,1,46,-1.42,1,46,-1.42,1,1717,82.62,1,1717,82.62,0.3992,103.63,4,1484352
100.0,1,-1,confirm,1.0,-106.05,-122.05,-0.0,0,106.05,106.05,424,0.0,0.905,0.086,0.1912,5,0.1995,39,0.7148,1,277,-41.01,1,277,-41.01,0,-1,,1,300,-52.32,0.5786,52.05,5,1486905
100.0,1,1,fallback,1.0,83.95,67.95,135.72,310,51.77,-0.0,532,0.583,1.646,0.226,0.1754,5,0.3103,83,0.6352,0,-1,,0,-1,,0,-1,,0,-1,,0.7148,106.05,5,1487329
100.0,1,-1,confirm,1.0,37.46,21.46,87.42,678,49.95,2.78,1338,0.507,0.876,0.18,0.3172,5,0.3286,682,0.7772,1,951,55.5,1,951,55.5,1,951,55.5,1,951,55.5,0.3799,51.08,5,1487861
100.0,1,1,confirm,1.0,30.64,14.64,82.17,2602,51.53,33.43,3028,0.859,0.568,0.242,0.2736,6,0.3886,2518,0.8963,1,213,-19.5,1,213,-19.5,1,213,-19.5,1,436,-32.03,0.4959,50.39,5,1489199
100.0,1,-1,confirm,1.0,9.72,-6.28,62.48,2204,52.76,38.88,3337,0.66,0.722,0.189,0.0878,7,0.3861,1936,0.9535,1,296,-6.94,1,296,-6.94,1,296,-6.94,1,296,-6.94,0.2476,51.11,6,1492227
100.0,1,1,confirm,1.0,-97.29,-113.29,4.17,8,101.46,97.29,6768,0.001,2.612,0.133,0.1949,7,0.412,5777,0.962,1,436,-6.95,1,436,-6.95,1,436,-6.95,1,599,-25.02,0.0557,53.09,7,1495564
100.0,1,-1,fallback,1.0,-44.91,-60.91,5.61,76,50.53,44.91,1117,0.068,0.868,0.091,0.3704,9,0.406,34,0.9693,1,131,-7.02,1,131,-7.02,1,131,-7.02,1,131,-7.02,0.7387,101.42,9,1502332
100.0,1,1,confirm,1.0,18.16,2.16,69.86,8028,51.7,22.36,10519,0.763,5.041,0.192,0.1713,11,0.5906,3259,0.984,1,451,-1.4,1,451,-1.4,1,451,-1.4,1,451,-1.4,0.2721,50.55,9,1503449
100.0,1,-1,confirm,1.0,80.89,64.89,131.1,3318,50.21,5.58,4229,0.785,1.24,0.21,0.3669,13,0.6138,119,0.9875,1,248,12.55,1,248,12.55,1,248,12.55,1,315,22.32,0.2076,51.34,12,1513968
100.0,1,1,confirm,1.0,-73.12,-89.12,26.72,382,99.83,73.12,1605,0.238,0.482,0.131,0.3635,13,0.3866,334,0.6588,1,573,8.44,1,573,8.44,1,573,8.44,1,662,5.62,0.1601,50.88,13,1518197
100.0,1,-1,confirm,1.0,-33.99,-49.99,17.0,107,50.99,33.99,1290,0.083,1.287,0.176,0.3529,14,0.4698,752,0.9087,1,1290,-33.99,1,1290,-33.99,1,1290,-33.99,1,1290,-33.99,0.1643,99.57,14,1519802
100.0,1,1,confirm,1.0,132.69,116.69,186.34,903,53.64,1.41,929,0.972,6.79,0.305,0.3426,14,0.6031,144,0.8743,1,819,40.94,1,819,40.94,1,819,40.94,1,819,40.94,0.59,51.08,14,1521092
100.0,1,-1,confirm,1.0,-83.59,-99.59,22.29,853,105.88,83.59,1895,0.45,7.514,0.083,-0.1116,15,0.0571,848,0.6551,1,851,4.18,0,-1,,0,-1,,0,-1,,0.5347,52.66,14,1522021
100.0,1,1,fallback,1.0,-26.25,-42.25,31.78,112,58.03,26.25,166,0.675,1.886,0.164,0.4035,15,0.4335,152,0.5473,0,-1,,0,-1,,0,-1,,0,-1,,0.1062,106.12,15,1523916
100.0,1,-1,confirm,1.0,70.65,54.65,120.52,4243,49.87,11.08,5920,0.717,1.331,0.125,0.2159,16,0.2646,4477,0.9136,1,639,-1.39,1,1453,41.56,1,5115,94.2,1,1830,27.7,0.4431,57.84,15,1524082
100.0,1,1,confirm,1.0,-9.77,-25.77,40.46,5485,50.22,82.31,8879,0.618,1.188,0.156,0.2423,18,0.4024,3770,0.9758,1,389,-30.69,1,389,-30.69,1,3899,0.0,1,389,-30.69,0.706,50.48,17,1530002
100.0,1,-1,confirm,1.0,-107.53,-123.53,1.4,2,108.92,107.53,6306,0.0,1.113,0.076,-0.1589,19,0.6008,4109,0.9909,1,652,-20.95,1,871,-34.91,1,2676,-40.5,1,910,-40.5,0.2024,50.02,19,1538881
100.0,1,1,fallback,1.0,84.28,68.28,138.16,3715,53.88,33.16,3921,0.947,1.598,0.23,0.385,22,0.564,3411,0.9898,1,600,-23.49,1,600,-23.49,1,600,-23.49,0,-1,,0.3101,108.94,21,1545187
100.0,1,-1,confirm,1.0,-102.75,-118.75,1.37,93,104.12,102.75,593,0.157,0.611,0.075,-0.16,22,-0.0905,334,0.4018,0,-1,,0,-1,,0,-1,,0,-1,,0.0266,53.15,22,1549108
100.0,1,1,fallback,1.0,21.7,5.7,74.59,359,52.89,17.63,535,0.671,1.284,0.15,0.2139,22,0.421,85,0.7621,0,-1,,0,-1,,0,-1,,0,-1,,0.1886,104.14,22,1549701
100.0,1,-1,confirm,1.0,87.96,71.96,138.02,10476,50.07,23.0,11812,0.887,0.556,0.066,0.1152,1,0.3242,3568,0.9685,1,1181,29.77,1,1181,29.77,1,1181,29.77,1,1243,33.83,0.3716,52.5,22,1550236
100.0,1,1,confirm,1.0,32.76,16.76,83.28,5293,50.51,21.84,5820,0.909,2.134,0.143,-0.0247,3,0.6275,4172,0.9567,1,413,-12.29,1,413,-12.29,1,413,-12.29,1,493,-19.11,0.8403,50.77,1,1562048
100.0,1,-1,confirm,1.0,14.97,-1.03,65.32,8524,50.35,47.63,13440,0.634,1.769,0.137,0.5459,5,0.6228,8581,0.9822,1,70,-6.8,1,382,-25.85,1,382,-25.85,1,786,-34.02,0.082,50.09,3,1567868
100.0,1,1,confirm,1.0,87.22,71.22,139.0,11359,51.79,85.85,13030,0.872,4.651,0.147,0.2327,10,0.5695,7985,0.9672,1,112,1.36,1,319,-5.45,1,2458,-34.07,1,344,-8.18,0.8771,50.68,7,1581308
100.0,1,-1,confirm,1.0,97.27,81.27,147.26,5486,49.99,8.11,7228,0.759,0.502,0.071,0.4826,12,0.5349,5350,0.965,1,79,4.05,1,79,4.05,1,79,4.05,1,2044,67.55,0.485,51.08,10,1594338
100.0,1,1,confirm,1.0,35.47,19.47,85.95,1442,50.48,-0.0,2458,0.587,2.359,0.064,0.2104,13,0.4076,511,0.9197,1,1992,55.93,1,1992,55.93,1,1992,55.93,1,2229,60.03,0.5841,50.73,12,1601566
100.0,1,-1,confirm,1.0,-91.08,-107.08,12.23,377,103.32,91.08,5289,0.071,0.27,0.134,0.2911,13,0.3235,370,0.9076,1,612,5.44,1,612,5.44,1,612,5.44,1,844,-12.23,0.1265,50.05,13,1604024
100.0,1,1,fallback,1.0,-44.46,-60.46,6.74,2529,51.19,44.46,4309,0.587,2.469,0.1,0.0497,15,0.383,3493,0.972,1,885,-30.98,1,885,-30.98,1,885,-30.98,1,909,-30.98,0.8975,103.44,15,1609313
100.0,1,-1,confirm,1.0,-98.78,-114.78,13.53,1273,112.31,98.78,2308,0.552,1.965,0.117,0.081,16,0.4562,1490,0.9312,1,146,-1.35,1,146,-1.35,1,498,-13.53,1,160,-5.41,0.5242,51.16,16,1613622
100.0,1,1,fallback,1.0,-50.92,-66.92,0.0,0,50.92,50.92,512,0.0,4.623,0.271,0.4376,16,0.4376,0,0.72,0,-1,,0,-1,,0,-1,,0,-1,,0.7516,112.47,16,1615930
100.0,1,-1,confirm,1.0,-0.0,-16.0,49.83,3812,49.83,52.53,5454,0.699,0.704,0.193,0.4616,18,0.5652,4209,0.9421,1,601,-21.55,1,601,-21.55,1,601,-21.55,1,639,-29.63,0.5429,50.92,17,1616442
100.0,1,1,confirm,1.0,-59.26,-75.26,40.4,5669,99.66,59.26,8097,0.7,2.777,0.069,0.0536,20,0.409,4018,0.995,1,401,4.04,1,401,4.04,1,401,4.04,1,580,10.77,0.7809,50.08,18,1621896
100.0,1,-1,confirm,1.0,136.84,120.84,186.97,1471,50.13,1.35,2064,0.713,2.116,0.225,0.1967,21,0.2909,1401,0.8076,1,317,39.29,1,317,39.29,1,1975,154.45,1,723,55.55,0.5076,99.26,20,1629993
100.0,1,1,confirm,1.0,27.47,11.47,78.3,1694,50.82,5.49,2343,0.723,0.472,0.086,0.0771,21,0.4143,1004,0.956,1,1716,72.8,1,1716,72.8,1,1716,72.8,1,2155,45.33,0.185,51.08,21,1632057
100.0,1,-1,confirm,1.0,-1.37,-17.37,50.68,1879,52.05,35.62,3049,0.616,3.434,0.234,0.1129,22,0.2381,2809,0.9489,1,142,-6.85,1,142,-6.85,0,-1,,1,412,-15.07,0.1685,50.43,22,1634400
100.0,1,1,confirm,1.0,-72.59,-88.59,31.5,271,104.1,72.59,2626,0.103,0.93,0.18,0.3342,22,0.3482,253,0.9766,1,757,-24.65,1,757,-24.65,1,757,-24.65,1,1167,-15.07,0.2719,52.32,22,1637449
100.0,1,-1,fallback,1.0,-33.11,-49.11,20.7,120,53.81,33.11,1863,0.064,1.403,0.179,0.1018,23,0.3536,1512,0.9655,1,1727,-16.56,1,1727,-16.56,1,1727,-16.56,1,1811,-19.32,0.3204,103.77,23,1640075
100.0,1,1,confirm,1.0,6.88,-9.12,57.76,797,50.88,15.13,1013,0.787,2.177,0.119,-0.0428,0,0.2134,118,0.658,1,352,-4.13,1,352,-4.13,1,352,-4.13,1,390,-12.38,0.2977,53.92,0,1641938
100.0,1,-1,confirm,1.0,-96.19,-112.19,5.5,5,101.69,96.19,918,0.005,1.113,0.04,0.0795,0,0.0916,110,0.4154,1,250,-28.86,0,-1,,0,-1,,0,-1,,0.1338,50.59,0,1642951
100.0,1,1,fallback,1.0,-34.03,-50.03,16.33,10,50.36,34.03,684,0.015,4.281,0.194,0.336,0,0.336,10,0.6407,0,-1,,0,-1,,0,-1,,0,-1,,0.0362,101.75,0,1643869
100.0,1,-1,confirm,1.0,-77.85,-93.85,25.95,145,103.8,77.85,1749,0.083,0.28,0.144,0.2624,0,0.3588,461,0.7904,1,685,-21.85,1,685,-21.85,1,685,-21.85,1,740,-23.22,0.3816,50.28,0,1644553
100.0,1,1,fallback,1.0,109.77,93.77,161.27,545,51.5,18.97,620,0.879,3.794,0.225,0.2511,1,0.4498,320,0.7431,0,-1,,0,-1,,0,-1,,0,-1,,0.1079,104.07,1,1646302
100.0,1,-1,confirm,1.0,13.4,-2.6,64.34,336,50.94,21.45,783,0.429,0.372,0.005,-0.0818,1,0.1283,685,0.6489,1,749,22.79,1,749,22.79,0,-1,,0,-1,,0.3462,50.68,1,1646922
100.0,1,1,confirm,1.0,-96.64,-112.64,2.68,1,99.33,96.64,4122,0.0,0.565,0.015,0.0377,1,0.2193,415,0.9465,1,452,-17.45,1,452,-17.45,1,452,-17.45,1,518,1.34,0.1723,51.27,1,1647705
100.0,1,-1,confirm,1.0,14.91,-1.09,66.41,686,51.5,16.26,759,0.904,5.019,0.214,0.3306,3,0.3997,704,0.9238,0,-1,,0,-1,,0,-1,,0,-1,,0.5321,99.3,2,1651827
100.0,1,1,confirm,1.0,0.0,-16.0,52.94,1743,52.94,36.65,2545,0.685,0.428,0.09,0.2016,3,0.3213,2264,0.9089,1,1003,27.15,0,-1,,0,-1,,0,-1,,0.4539,51.85,3,1652586
100.0,1,-1,confirm,1.0,-59.73,-75.73,42.08,998,101.81,59.73,4961,0.201,1.117,0.107,0.2526,4,0.3585,810,0.8824,1,1020,28.51,1,1020,28.51,1,1020,28.51,1,1213,24.43,0.6933,52.66,3,1655131
100.0,1,1,fallback,1.0,-37.78,-53.78,13.49,3721,51.28,37.78,4443,0.837,2.358,0.113,0.0856,6,0.2978,4162,0.9555,1,1299,-5.4,1,1299,-5.4,1,1299,-5.4,1,1303,-10.79,0.5379,102.24,5,1660092
100.0,1,-1,confirm,1.0,-65.01,-81.01,36.57,1798,101.58,65.01,3187,0.564,0.597,0.121,0.2923,6,0.3194,1735,0.9168,1,130,-20.32,1,130,-20.32,1,2332,16.25,1,130,-20.32,0.619,51.21,6,1664535
100.0,1,1,fallback,1.0,-30.95,-46.95,20.19,978,51.14,30.95,2279,0.429,2.013,0.11,0.1567,7,0.3775,1556,0.9737,1,17,-1.35,1,1618,-10.77,1,1618,-10.77,1,1618,-10.77,0.42,101.96,7,1667722
100.0,1,-1,confirm,1.0,-0.0,-16.0,49.95,2746,49.95,33.75,3112,0.882,1.932,0.143,0.0449,8,0.5086,179,0.9571,1,1297,-33.75,1,1297,-33.75,1,1297,-33.75,1,1734,-20.25,0.8758,51.03,7,1670001
100.0,1,1,confirm,1.0,-4.05,-20.05,47.25,10311,51.3,68.84,11756,0.877,1.04,0.125,-0.3103,11,0.3485,1654,0.9795,1,182,-33.75,1,182,-33.75,1,2218,-39.15,1,3272,-67.49,0.2336,50.2,8,1673113
100.0,1,-1,confirm,1.0,-98.58,-114.58,2.7,589,101.28,98.58,5387,0.109,0.983,0.012,0.0935,12,0.6008,1602,0.8816,1,787,-17.56,1,787,-17.56,1,787,-17.56,1,1056,-4.05,0.0359,51.05,12,1684869
100.0,1,1,fallback,1.0,-46.8,-62.8,5.35,7,52.15,46.8,141,0.05,4.508,0.144,0.1025,13,0.1683,77,0.6896,0,-1,,0,-1,,0,-1,,0,-1,,0.6561,101.31,13,1690256
100.0,1,-1,confirm,1.0,116.89,100.89,166.6,4954,49.71,76.58,5238,0.946,0.903,0.08,-0.1546,14,0.2551,3542,0.7793,1,2732,36.28,1,2732,36.28,1,4497,135.7,1,4509,130.32,0.5563,52.13,13,1690397
100.0,1,1,confirm,1.0,-67.97,-83.97,32.63,1968,100.6,67.97,2946,0.668,3.888,0.059,0.2159,15,0.422,2132,0.8168,1,657,-14.95,1,772,9.52,1,2551,8.16,1,1521,1.36,0.5719,50.55,15,1695635
100.0,1,-1,fallback,1.0,8.21,-7.79,65.7,3075,57.49,20.53,4107,0.749,1.4,0.047,0.0375,16,0.3979,726,0.9132,1,1687,32.85,1,1687,32.85,1,1687,32.85,1,1712,27.37,0.5486,100.27,15,1698581
100.0,1,1,confirm,1.0,27.4,11.4,78.08,4700,50.68,50.68,6440,0.73,1.353,0.087,0.0187,18,0.2711,233,0.9897,1,600,-9.59,1,600,-9.59,1,600,-9.59,1,600,-9.59,0.2565,57.87,16,1702688
100.0,1,-1,confirm,1.0,51.91,35.91,102.46,2426,50.55,4.1,4561,0.532,4.13,0.121,0.4544,19,0.4567,2425,0.992,1,747,65.57,1,747,65.57,1,747,65.57,1,747,65.57,0.0021,50.29,18,1709128
100.0,1,1,confirm,1.0,-85.14,-101.14,20.6,273,105.74,85.14,8770,0.031,0.243,0.089,0.2816,20,0.5004,8454,0.9902,1,600,-13.73,1,600,-13.73,1,600,-13.73,1,660,-5.49,0.9917,51.07,20,1713689
100.0,1,-1,fallback,1.0,40.17,24.17,94.18,30,54.02,1.39,51,0.588,9.048,0.405,0.3066,22,0.3642,29,0.4266,1,3,6.93,0,-1,,0,-1,,0,-1,,0.4689,105.52,22,1722459
100.0,1,1,confirm,1.0,-63.97,-79.97,36.16,3288,100.13,63.97,11991,0.274,0.356,0.057,-0.0567,23,0.5684,3636,0.976,1,585,-38.94,1,928,-13.91,1,1731,11.13,1,2019,18.08,0.3331,54.53,22,1722510
100.0,1,-1,confirm,1.0,-33.59,-49.59,16.79,144,50.38,33.59,427,0.337,1.853,0.123,0.1361,1,0.2371,0,0.4537,1,285,-12.6,1,285,-12.6,1,285,-12.6,1,375,-27.99,0.8351,99.76,1,1734501
100.0,1,1,confirm,1.0,0.0,-16.0,51.61,3453,51.61,20.92,8762,0.394,0.813,0.041,0.1592,2,0.5041,1698,0.9874,1,2525,27.9,1,2525,27.9,1,2525,27.9,1,2525,27.9,0.3561,50.47,1,1734928
100.0,1,-1,confirm,1.0,231.55,215.55,280.37,7318,48.82,40.45,7816,0.936,0.931,0.171,0.2266,6,0.475,3927,0.9723,1,565,-32.08,1,565,-32.08,1,565,-32.08,1,729,-34.87,0.0552,51.35,4,1743690
100.0,1,1,confirm,1.0,24.28,8.28,75.68,3072,51.41,10.0,3853,0.797,0.986,0.005,-0.4145,7,0.5564,1921,0.938,1,900,35.7,1,900,35.7,1,900,35.7,1,2728,54.26,0.2655,50.23,6,1751506
100.0,1,-1,confirm,1.0,198.01,182.01,247.86,2508,49.86,21.37,2518,0.996,1.875,0.2,0.1598,8,0.5094,1421,0.8966,1,347,-11.4,1,347,-11.4,1,1997,24.22,1,634,-2.85,0.6072,51.02,7,1755359
100.0,1,1,confirm,1.0,-93.01,-109.01,10.17,228,103.18,93.01,610,0.374,0.26,0.125,-0.1345,8,-0.0535,578,0.2229,0,-1,,0,-1,,0,-1,,0,-1,,0.2447,51.12,8,1757877
100.0,1,-1,fallback,1.0,-51.34,-67.34,-0.0,0,51.34,51.34,49,0.0,0.883,0.072,0.0856,8,0.0858,1,0.1831,0,-1,,0,-1,,0,-1,,0,-1,,0.1616,103.08,8,1758487
100.0,1,1,confirm,1.0,5.84,-10.16,59.84,770,54.0,21.89,1166,0.66,1.404,0.058,0.12,8,0.1666,875,0.6401,0,-1,,0,-1,,0,-1,,0,-1,,0.1403,51.34,8,1758536
100.0,1,-1,confirm,1.0,-102.1,-118.1,-0.0,0,102.1,102.1,9163,0.0,1.507,0.054,-0.063,8,0.345,9152,0.9355,1,550,-29.17,1,550,-29.17,1,550,-29.17,1,622,-11.67,0.6185,53.68,8,1759702
100.0,1,1,fallback,1.0,-41.87,-57.87,17.33,2489,59.2,41.87,5343,0.466,1.667,0.101,0.0485,12,0.4631,5342,0.935,1,373,-30.32,1,373,-30.32,1,2096,0.0,1,597,-11.55,0.4194,102.1,11,1768865
100.0,1,-1,confirm,1.0,-4.35,-20.35,47.85,2469,52.2,8.7,2504,0.986,1.59,0.088,0.2762,13,0.4833,1339,0.9053,1,315,-1.45,1,315,-1.45,1,1997,8.7,1,601,2.9,0.389,59.09,12,1774208
100.0,1,1,confirm,1.0,1.45,-14.55,52.17,13,50.72,2.9,378,0.034,3.944,0.124,-0.0246,13,0.0393,248,0.4135,0,-1,,0,-1,,0,-1,,0,-1,,0.3889,52.45,13,1776712
100.0,1,-1,confirm,1.0,-72.45,-88.45,28.98,201,101.43,72.45,2200,0.091,0.79,0.017,-0.0523,13,0.0917,566,0.7247,1,252,-1.45,0,-1,,0,-1,,0,-1,,0.34,50.46,13,1777090
100.0,1,1,fallback,1.0,-27.33,-43.33,24.46,341,51.79,27.33,488,0.699,1.186,0.076,0.1155,14,0.1444,366,0.8642,1,488,-27.33,1,488,-27.33,0,-1,,0,-1,,0.2693,101.73,14,1779290
100.0,1,-1,confirm,1.0,62.03,46.03,112.52,3748,50.49,41.83,4247,0.883,1.763,0.079,0.2968,15,0.4098,3357,0.9124,1,506,-0.0,0,-1,,0,-1,,0,-1,,0.7541,51.66,14,1779778
100.0,1,1,confirm,1.0,21.77,5.77,74.03,2222,52.26,69.68,2617,0.849,2.359,0.102,0.3725,16,0.4327,1664,0.8525,1,574,-26.13,0,-1,,0,-1,,0,-1,,0.4307,51.07,15,1784025
100.0,1,-1,confirm,1.0,-0.0,-16.0,55.04,3047,55.04,21.73,3760,0.81,2.5,0.13,0.2764,17,0.4062,1783,0.9339,1,781,-8.69,1,781,-8.69,1,781,-8.69,1,845,-7.24,0.5499,51.87,16,1786642
100.0,1,1,confirm,1.0,62.28,46.28,115.87,17840,53.59,55.04,18150,0.983,1.138,0.162,0.521,22,0.6483,17416,0.9899,1,441,7.24,1,441,7.24,1,441,7.24,1,583,1.45,0.6403,55.35,17,1790402
100.0,1,-1,confirm,1.0,-79.17,-95.17,23.03,2561,102.2,79.17,8151,0.314,1.971,0.082,0.0759,23,0.4024,1210,0.9592,1,180,5.76,1,335,8.64,1,1665,-8.64,1,494,-8.64,0.3006,52.98,22,1808552
100.0,1,1,fallback,1.0,-34.28,-50.28,17.14,91,51.41,34.28,1624,0.056,1.605,0.111,0.0996,0,0.326,374,0.8914,1,786,5.71,1,786,5.71,1,786,5.71,1,786,5.71,0.45,102.44,0,1816703
100.0,1,-1,confirm,1.0,-85.98,-101.98,15.76,802,101.75,85.98,1926,0.416,0.463,0.055,0.0988,1,0.2564,392,0.8866,1,486,-21.5,1,486,-21.5,1,486,-21.5,1,601,-25.8,0.2544,51.33,1,1818327
100.0,1,1,fallback,1.0,-48.31,-64.31,4.26,8,52.57,48.31,1449,0.006,1.039,0.211,0.3437,1,0.3437,8,0.8619,1,265,-28.42,1,265,-28.42,1,265,-28.42,1,273,-24.15,0.6952,101.91,1,1820253
100.0,1,-1,confirm,1.0,82.81,66.81,132.78,4702,49.97,14.28,5365,0.876,2.412,0.125,0.4704,3,0.5151,4738,0.9491,1,1784,41.4,1,1784,41.4,1,1784,41.4,1,2860,64.25,0.2243,52.55,2,1821702
100.0,1,1,confirm,1.0,-63.35,-79.35,44.63,484,107.98,63.35,3225,0.15,0.708,0.281,0.0421,3,0.2436,696,0.985,1,78,4.32,1,78,4.32,1,958,35.99,1,194,10.08,0.7005,50.64,3,1827067
100.0,1,-1,fallback,1.0,-47.81,-63.81,2.9,6,50.71,47.81,471,0.013,5.53,0.236,0.3125,4,0.3355,0,0.8201,0,-1,,0,-1,,0,-1,,0,-1,,0.6942,107.5,4,1830292
100.0,1,1,confirm,1.0,73.54,57.54,125.45,3933,51.91,12.98,5290,0.743,0.74,0.142,0.0556,5,0.3101,529,0.9807,1,841,23.07,1,841,23.07,1,841,23.07,1,1595,36.05,0.5957,50.72,4,1830763
100.0,1,-1,confirm,1.0,35.79,19.79,87.32,7903,51.53,25.77,9129,0.866,1.222,0.078,0.267,8,0.6127,248,0.9618,1,1503,-18.61,1,1503,-18.61,1,1503,-18.61,1,1516,-20.04,0.0168,51.27,6,1836053
100.0,1,1,confirm,1.0,-96.25,-112.25,2.87,32,99.12,96.25,9262,0.003,2.558,0.142,0.3233,8,0.5825,4766,0.9773,1,549,-22.99,1,549,-22.99,1,549,-22.99,1,1088,-30.17,0.4393,51.99,8,1845182
100.0,1,-1,confirm,1.0,-27.56,-43.56,24.66,786,52.22,27.56,1754,0.448,2.23,0.079,0.2906,11,0.3653,836,0.9802,1,1380,4.35,1,1380,4.35,1,1380,4.35,1,1411,-0.0,0.1134,99.1,11,1854444
100.0,1,1,confirm,1.0,128.74,112.74,182.27,777,53.52,-0.0,862,0.901,5.329,0.291,0.211,11,0.3143,135,0.8127,0,-1,,0,-1,,0,-1,,0,-1,,0.8741,52.35,11,1856198
100.0,1,-1,confirm,1.0,181.38,165.38,234.22,5547,52.84,0.0,5634,0.985,3.093,0.08,-0.0187,13,0.3283,1983,0.8689,1,555,31.42,1,895,25.71,1,2536,42.84,1,1065,37.13,0.2468,52.56,11,1857060
100.0,1,1,confirm,1.0,53.82,37.82,104.73,570,50.91,13.09,720,0.792,0.68,0.133,0.0044,13,0.1439,63,0.6423,1,225,18.91,1,225,18.91,0,-1,,1,225,18.91,0.3832,54.11,13,1862694
100.0,1,-1,confirm,1.0,11.57,-4.43,69.44,409,57.87,18.81,770,0.531,0.932,0.115,0.2894,13,0.3669,495,0.6904,1,105,-2.89,0,-1,,0,-1,,0,-1,,0.1972,50.38,13,1863414
100.0,1,1,confirm,1.0,-60.83,-76.83,40.56,110,101.39,60.83,1854,0.059,0.676,0.061,-0.0389,13,0.1424,1768,0.7398,1,559,-11.59,1,559,-11.59,0,-1,,1,574,-10.14,0.2706,58.28,13,1864184
100.0,1,-1,fallback,1.0,-48.09,-64.09,2.91,10,51.01,48.09,151,0.066,1.425,0.109,-0.0154,14,0.0478,114,0.2811,0,-1,,0,-1,,0,-1,,0,-1,,0.0877,100.98,14,1866038
100.0,1,1,confirm,1.0,17.4,1.4,68.17,792,50.76,5.8,940,0.843,2.307,0.094,0.2286,14,0.2784,670,0.813,1,547,47.86,0,-1,,0,-1,,0,-1,,0.2803,51.02,14,1866189
100.0,1,-1,confirm,1.0,59.36,43.36,111.48,2034,52.12,15.93,2628,0.774,2.164,0.114,0.3653,15,0.3765,2021,0.8072,1,2609,66.6,1,2609,66.6,1,2609,66.6,0,-1,,0.3003,50.42,14,1867129
100.0,1,1,confirm,1.0,-96.13,-112.13,4.37,2,100.5,96.13,1001,0.002,0.799,0.081,0.0629,15,0.1624,438,0.8184,1,574,-48.06,1,574,-48.06,0,-1,,1,646,-81.56,0.3869,52.71,15,1869757
100.0,1,-1,fallback,1.0,58.82,42.82,110.29,1172,51.47,13.24,1905,0.615,0.957,0.041,0.2384,15,0.529,243,0.8707,0,-1,,0,-1,,0,-1,,0,-1,,0.5027,100.45,15,1870758
100.0,1,1,confirm,1.0,10.36,-5.64,62.13,754,51.78,36.98,892,0.845,3.316,0.083,-0.4133,16,-0.2965,301,0.6864,0,-1,,0,-1,,0,-1,,0,-1,,0.0917,52.04,16,1872663
100.0,1,-1,confirm,1.0,144.82,128.82,195.06,1553,50.24,33.99,1570,0.989,3.221,0.157,0.2665,16,0.4351,1072,0.7388,1,412,-10.34,1,412,-10.34,1,412,-10.34,1,542,-19.21,0.1682,51.46,16,1873555
100.0,1,1,confirm,1.0,-67.48,-83.48,34.49,681,101.96,67.48,1274,0.535,0.616,0.026,0.2593,17,0.3265,941,0.7623,1,1165,-29.99,1,1165,-29.99,1,1165,-29.99,1,1185,-44.98,0.0579,51.24,16,1875125
100.0,1,-1,fallback,1.0,105.68,89.68,155.5,569,49.82,30.19,806,0.706,1.2,0.171,0.4012,17,0.5992,383,0.8859,0,-1,,0,-1,,0,-1,,0,-1,,0.0059,101.61,17,1876399
100.0,1,1,confirm,1.0,-64.08,-80.08,36.62,63,100.7,64.08,1175,0.054,0.597,0.055,-0.3307,17,0.1083,964,0.5098,1,831,-22.89,0,-1,,0,-1,,0,-1,,0.0199,50.61,17,1877205
100.0,1,-1,fallback,1.0,9.21,-6.79,61.43,120,52.21,9.21,181,0.663,5.682,0.12,0.3449,17,0.3896,89,0.8567,0,-1,,0,-1,,0,-1,,0,-1,,0.2303,100.33,17,1878380
100.0,1,1,confirm,1.0,166.0,150.0,218.26,2152,52.26,44.57,2211,0.973,0.644,0.124,-0.1003,18,0.2418,1659,0.7233,1,1321,35.35,1,1321,35.35,1,1321,35.35,1,2024,162.93,0.6261,52.53,17,1878561
100.0,1,-1,confirm,1.0,1.51,-14.49,51.41,1497,49.89,45.36,1854,0.807,1.407,0.038,-0.0349,18,0.4169,948,0.8338,1,413,-7.56,1,413,-7.56,1,1469,45.36,1,1593,40.82,0.3982,51.14,18,1880772
100.0,1,1,confirm,1.0,-62.0,-78.0,37.8,406,99.8,62.0,870,0.467,1.282,0.126,0.1294,19,0.2375,517,0.9319,1,601,-21.17,1,601,-21.17,1,601,-21.17,1,611,-22.68,0.0192,50.15,18,1882626
100.0,1,-1,confirm,1.0,-27.39,-43.39,25.87,307,53.26,27.39,805,0.381,0.391,0.111,0.1377,19,0.2117,747,0.6554,1,759,-9.13,1,759,-9.13,1,759,-9.13,1,789,-18.26,0.4333,99.43,19,1883496
100.0,1,1,confirm,1.0,109.26,93.26,160.85,2209,51.59,25.8,2370,0.932,5.009,0.158,0.0817,20,0.4354,973,0.9127,1,191,1.52,1,191,1.52,1,191,1.52,1,2158,16.69,0.3217,53.39,19,1884301
100.0,1,-1,confirm,1.0,-108.08,-124.08,4.5,2,112.58,108.08,99,0.02,1.063,0.091,-0.0588,20,-0.0492,10,0.4275,0,-1,,0,-1,,0,-1,,0,-1,,0.2891,50.78,20,1886671
100.0,1,1,fallback,1.0,-38.61,-54.61,14.85,3,53.46,38.61,148,0.02,2.843,0.196,0.1818,20,0.1977,55,0.4888,0,-1,,0,-1,,0,-1,,0,-1,,0.3657,112.63,20,1886770
100.0,1,-1,confirm,1.0,-93.92,-109.92,7.45,17,101.37,93.92,2342,0.007,0.572,0.094,-0.1614,20,0.2917,1424,0.8718,1,1693,-55.16,1,1693,-55.16,1,1693,-55.16,1,1870,-67.08,0.4104,53.38,20,1886918
100.0,1,1,fallback,1.0,-7.38,-23.38,42.83,191,50.21,13.29,443,0.431,2.921,0.122,0.5691,20,0.5691,192,0.8444,0,-1,,0,-1,,0,-1,,0,-1,,0.227,101.45,20,1889260
100.0,1,-1,confirm,1.0,13.3,-2.7,63.55,1206,50.25,17.74,2053,0.587,1.738,0.057,-0.0832,21,0.2886,452,0.7961,1,471,19.21,1,471,19.21,1,471,19.21,1,1197,59.12,0.8336,50.0,20,1889703
100.0,1,1,confirm,1.0,84.36,68.36,136.16,1925,51.8,19.24,2160,0.891,2.788,0.2,0.4179,22,0.4962,516,0.8956,1,1116,47.36,1,1116,47.36,1,1116,47.36,1,1243,44.4,0.299,50.57,21,1891756
100.0,1,-1,confirm,1.0,11.74,-4.26,66.04,2664,54.3,14.68,4591,0.58,0.658,0.086,0.0589,22,0.2923,2196,0.9527,1,651,17.61,1,651,17.61,1,1918,24.95,1,1185,35.22,0.3869,51.1,22,1893916
100.0,1,1,confirm,1.0,-61.71,-77.71,38.2,2694,99.91,61.71,5802,0.464,1.355,0.11,0.0415,0,0.689,1383,0.9586,1,291,11.75,1,291,11.75,1,291,11.75,1,294,11.75,0.7727,54.66,23,1898507
100.0,1,-1,confirm,1.0,-17.74,-33.74,34.0,1248,51.74,22.18,1538,0.811,1.188,0.069,0.3484,1,0.3484,1248,0.9045,1,647,19.22,1,647,19.22,1,647,19.22,1,647,19.22,0.7003,99.53,0,1904309
100.0,1,1,confirm,1.0,175.62,159.62,228.75,15118,53.13,42.8,15650,0.966,2.858,0.132,-0.0404,5,0.7414,9444,0.9838,1,121,-19.19,1,552,-14.76,1,1484,5.9,1,1484,5.9,0.8575,51.92,1,1905847
100.0,1,-1,confirm,1.0,-101.52,-117.52,-0.0,0,101.52,101.52,1881,0.0,1.091,0.138,0.557,5,0.6439,367,0.9313,1,1085,-31.91,1,1085,-31.91,1,1085,-31.91,1,1267,-17.4,0.4368,51.94,5,1921497
100.0,1,1,fallback,1.0,-50.25,-66.25,1.44,1,51.69,50.25,337,0.003,4.352,0.212,0.2059,6,0.2081,2,0.8582,0,-1,,0,-1,,0,-1,,0,-1,,0.7343,101.52,6,1923378
100.0,1,-1,confirm,1.0,135.64,119.64,186.15,17115,50.51,43.29,17574,0.974,2.589,0.146,0.2203,11,0.5441,14659,0.9909,1,968,-4.33,1,968,-4.33,1,968,-4.33,1,1464,-17.32,0.3638,51.68,6,1923715
100.0,1,1,confirm,1.0,27.79,11.79,78.99,4539,51.2,81.92,4560,0.995,6.885,0.24,0.0652,12,0.6721,1622,0.9263,1,2149,-33.65,1,2149,-33.65,1,2149,-33.65,1,2149,-33.65,0.6834,51.46,11,1941289
100.0,1,-1,confirm,1.0,404.08,388.08,456.6,4683,52.52,24.8,4722,0.992,1.831,0.183,0.2493,13,0.3244,1049,0.8398,1,1098,8.75,1,1098,8.75,1,1098,8.75,1,1169,8.75,0.2188,50.8,12,1945849
100.0,1,1,confirm,1.0,-69.93,-85.93,33.44,70,103.37,69.93,116,0.603,0.624,0.096,-0.2121,13,-0.2121,70,0.0332,0,-1,,0,-1,,0,-1,,0,-1,,0.4806,55.03,13,1950571
100.0,1,-1,fallback,1.0,-30.62,-46.62,19.9,16,50.52,30.62,36,0.444,0.961,0.143,0.2199,13,0.2199,16,0.2565,0,-1,,0,-1,,0,-1,,0,-1,,0.0071,103.03,13,1950687
100.0,1,1,confirm,1.0,-88.52,-104.52,12.21,5,100.73,88.52,89,0.056,1.084,0.098,-0.1928,13,-0.159,65,0.1094,0,-1,,0,-1,,0,-1,,0,-1,,0.2529,50.62,13,1950723
100.0,1,-1,fallback,1.0,32.34,16.34,87.77,132,55.44,21.56,160,0.825,1.25,0.131,0.1886,13,0.2182,0,0.5611,0,-1,,0,-1,,0,-1,,0,-1,,0.0216,100.61,13,1950812
100.0,1,1,confirm,1.0,-81.88,-97.88,29.35,39,111.23,81.88,118,0.331,0.973,0.071,-0.1063,13,-0.1026,89,0.3611,0,-1,,0,-1,,0,-1,,0,-1,,0.1221,55.93,13,1950972
100.0,1,-1,fallback,1.0,-31.15,-47.15,21.81,97,52.96,48.29,113,0.858,1.069,0.117,0.0847,13,0.1144,2,0.3631,0,-1,,0,-1,,0,-1,,0,-1,,0.3611,110.91,13,1951090
100.0,1,1,confirm,1.0,32.61,16.61,85.4,21,52.8,-0.0,69,0.304,1.04,0.062,-0.0609,14,-0.057,11,0.1422,0,-1,,0,-1,,0,-1,,0,-1,,0.3261,53.08,14,1951203
100.0,1,-1,confirm,1.0,-97.51,-113.51,4.64,2,102.15,97.51,61,0.033,1.115,0.053,0.0562,14,0.0755,61,0.1583,0,-1,,0,-1,,0,-1,,0,-1,,0.1422,52.35,14,1951272
100.0,1,1,fallback,1.0,-19.93,-35.93,32.19,89,52.12,19.93,147,0.605,0.775,0.033,-0.0143,14,-0.0143,89,0.1077,0,-1,,0,-1,,0,-1,,0,-1,,0.1337,102.2,14,1951333
100.0,1,-1,confirm,1.0,-92.15,-108.15,10.75,9,102.9,92.15,197,0.046,0.554,0.01,0.0363,14,0.0368,11,0.289,0,-1,,0,-1,,0,-1,,0,-1,,0.0672,51.95,14,1951480
100.0,1,1,fallback,1.0,48.7,32.7,100.44,147,51.74,9.13,264,0.557,0.837,0.104,0.1135,14,0.1779,264,0.6144,0,-1,,0,-1,,0,-1,,0,-1,,0.2605,103.01,14,1951677
100.0,1,-1,confirm,1.0,65.12,49.12,115.1,274,49.98,28.77,302,0.907,1.231,0.013,-0.1103,14,-0.084,205,0.6912,0,-1,,0,-1,,0,-1,,0,-1,,0.4039,51.23,14,1951941
100.0,1,1,confirm,1.0,41.16,25.16,97.56,256,56.4,50.3,349,0.734,0.694,0.012,0.0058,14,0.1204,66,0.3267,1,175,57.93,1,175,57.93,0,-1,,0,-1,,0.1558,50.56,14,1952243
100.0,1,-1,confirm,1.0,-12.15,-28.15,45.54,531,57.69,28.84,561,0.947,0.88,0.064,-0.216,14,0.0235,32,0.3914,0,-1,,0,-1,,0,-1,,0,-1,,0.1785,55.86,14,1952592
100.0,1,1,confirm,1.0,119.79,103.79,181.96,72,62.17,-0.0,90,0.8,6.092,0.116,0.2962,14,0.3586,24,0.6474,0,-1,,0,-1,,0,-1,,0,-1,,0.3698,57.95,14,1953153
100.0,1,-1,confirm,1.0,65.93,49.93,116.87,756,50.94,3.0,970,0.779,0.695,0.05,-0.0726,14,0.042,620,0.4522,0,-1,,0,-1,,0,-1,,0,-1,,0.2702,61.06,14,1953243
100.0,1,1,confirm,1.0,16.59,0.59,67.87,101,51.28,-0.0,404,0.25,1.337,0.086,0.2618,14,0.3131,314,0.5836,0,-1,,0,-1,,0,-1,,0,-1,,0.1876,51.55,14,1954213
100.0,1,-1,confirm,1.0,33.13,17.13,82.82,386,49.69,12.05,492,0.785,1.624,0.131,0.2675,15,0.2756,418,0.6717,0,-1,,0,-1,,0,-1,,0,-1,,0.4852,50.94,14,1954617
100.0,1,1,confirm,1.0,-102.73,-118.73,6.04,6,108.78,102.73,616,0.01,0.564,0.072,-0.2286,15,-0.0875,551,0.7777,0,-1,,0,-1,,0,-1,,0,-1,,0.5818,50.11,15,1955109
100.0,1,-1,fallback,1.0,-13.74,-29.74,39.69,77,53.43,13.74,178,0.433,1.884,0.128,0.1407,15,0.1794,51,0.4348,0,-1,,0,-1,,0,-1,,0,-1,,0.601,108.71,15,1955725
100.0,1,1,confirm,1.0,6.1,-9.9,59.45,57,53.35,-0.0,180,0.317,1.4,0.014,-0.0145,15,0.0527,176,0.5554,0,-1,,0,-1,,0,-1,,0,-1,,0.2454,53.64,15,1955903
100.0,1,-1,confirm,1.0,-102.07,-118.07,1.52,2,103.6,102.07,2111,0.001,1.317,0.042,-0.0489,15,0.1626,1355,0.6188,1,1421,-22.85,1,1421,-22.85,0,-1,,1,1487,-59.41,0.4088,53.04,15,1956083
100.0,1,1,fallback,1.0,58.81,42.81,110.09,868,51.27,19.6,923,0.94,1.696,0.095,0.2477,16,0.325,777,0.857,0,-1,,0,-1,,0,-1,,0,-1,,0.4357,103.61,15,1958194
100.0,1,-1,confirm,1.0,107.95,91.95,157.42,2026,49.48,9.0,2826,0.717,7.492,0.144,-0.0707,16,0.5511,1585,0.8928,1,2022,140.93,1,2022,140.93,1,2022,140.93,1,2106,139.43,0.1906,50.72,16,1959117
100.0,1,1,confirm,1.0,154.59,138.59,207.64,1701,53.05,24.25,2022,0.841,2.354,0.132,0.1213,17,0.1431,1671,0.8146,1,1058,104.58,1,1781,183.39,0,-1,,0,-1,,0.241,50.27,16,1961943
100.0,1,-1,confirm,1.0,88.06,72.06,140.3,2531,52.24,43.28,2761,0.917,1.227,0.163,-0.1403,18,0.1326,1431,0.6053,1,1561,2.99,1,1561,2.99,0,-1,,1,1750,-8.96,0.1669,51.97,17,1963965
100.0,1,1,confirm,1.0,-57.22,-73.22,43.67,29,100.89,57.22,967,0.03,2.646,0.008,0.3181,18,0.3998,307,0.7969,1,810,-9.03,1,810,-9.03,1,810,-9.03,1,963,-55.71,0.6984,52.98,18,1966726
100.0,1,-1,fallback,1.0,-36.35,-52.35,16.66,743,53.01,36.35,1075,0.691,0.406,0.06,0.0493,18,0.1326,11,0.7056,1,150,-16.66,1,150,-16.66,0,-1,,1,895,-19.69,0.4125,100.45,18,1967693
100.0,1,1,confirm,1.0,27.16,11.16,79.98,5643,52.81,87.52,5957,0.947,0.655,0.091,-0.2672,20,0.4878,3251,0.89,1,571,-36.22,1,571,-36.22,1,4041,-15.09,1,1331,-66.4,0.1319,53.09,18,1968768
100.0,1,-1,confirm,1.0,4.51,-11.49,55.68,1402,51.17,33.11,1954,0.718,0.669,0.186,0.3483,20,0.355,1330,0.8608,1,591,16.55,1,591,16.55,1,1861,10.53,1,591,16.55,0.328,52.4,20,1974725
100.0,1,1,confirm,1.0,87.32,71.32,140.02,3507,52.69,18.07,3945,0.889,2.37,0.114,0.2819,22,0.3293,2672,0.9694,1,60,-1.51,1,702,1.51,1,702,1.51,1,811,-3.01,0.5205,51.45,21,1976679
100.0,1,-1,confirm,1.0,-94.03,-110.03,7.46,11,101.49,94.03,4379,0.003,2.138,0.095,0.007,22,0.3761,2371,0.9452,1,196,4.48,1,196,4.48,1,2483,-14.93,1,730,4.48,0.6086,51.97,22,1980624
100.0,1,1,fallback,1.0,119.77,103.77,171.52,470,51.75,4.44,525,0.895,2.54,0.261,0.209,23,0.2982,350,0.7299,0,-1,,0,-1,,0,-1,,0,-1,,0.066,101.57,23,1985003
100.0,1,-1,confirm,1.0,74.52,58.52,124.2,1448,49.68,7.31,2625,0.552,0.599,0.113,0.2212,23,0.2573,1615,0.8356,1,479,51.14,1,599,59.91,1,1878,94.97,1,2585,84.75,0.1401,50.88,23,1985528
100.0,1,1,confirm,1.0,-78.02,-94.02,25.03,355,103.05,78.02,4051,0.088,1.877,0.117,0.1531,0,0.1886,441,0.7999,1,643,-19.14,1,643,-19.14,0,-1,,1,719,-33.86,0.6619,50.3,0,1988153
100.0,1,-1,fallback,1.0,-11.87,-27.87,38.58,768,50.45,11.87,1602,0.479,0.428,0.098,-0.3715,1,0.3669,1173,0.9322,1,337,8.9,1,337,8.9,1,337,8.9,1,337,8.9,0.2037,102.79,1,1992204
100.0,1,1,confirm,1.0,-99.29,-115.29,0.0,0,99.29,99.29,1306,0.0,0.317,0.076,0.1787,1,0.4413,365,0.8803,1,461,-29.64,1,461,-29.64,1,461,-29.64,1,471,-32.6,0.4778,50.64,1,1993806
100.0,1,-1,confirm,1.0,64.36,48.36,115.25,100,50.89,1.5,199,0.503,4.18,0.318,0.3089,2,0.313,15,0.5498,0,-1,,0,-1,,0,-1,,0,-1,,0.4591,99.29,2,1995112
100.0,1,1,confirm,1.0,10.55,-5.45,63.27,928,52.73,67.79,1045,0.888,0.496,0.098,-0.055,2,0.3325,1005,0.868,0,-1,,0,-1,,0,-1,,0,-1,,0.4698,51.48,2,1995311
100.0,1,-1,confirm,1.0,24.08,8.08,73.74,1779,49.66,52.67,1859,0.957,3.55,0.074,0.3077,3,0.3201,1795,0.754,1,1258,42.14,1,1258,42.14,1,1258,42.14,0,-1,,0.1343,52.4,2,1996356
100.0,1,1,confirm,1.0,75.43,59.43,126.72,504,51.29,19.61,1035,0.487,1.723,0.197,0.048,3,0.2912,898,0.8478,0,-1,,0,-1,,0,-1,,0,-1,,0.6742,50.03,3,1998215
100.0,1,-1,confirm,1.0,-64.38,-80.38,38.93,248,103.31,64.38,1080,0.23,0.345,0.143,0.2978,3,0.3413,357,0.7929,1,719,-22.46,1,719,-22.46,1,719,-22.46,1,834,-20.96,0.1459,50.65,3,1999250
100.0,1,1,fallback,1.0,135.38,119.38,190.42,1056,55.04,1.49,1134,0.931,2.407,0.102,0.2335,3,0.3506,317,0.7387,0,-1,,0,-1,,0,-1,,0,-1,,0.3222,103.71,3,2000330
100.0,1,-1,confirm,1.0,-77.79,-93.79,23.48,3204,101.28,77.79,8555,0.375,2.16,0.079,-0.1015,4,0.4451,6221,0.9775,1,801,-1.47,1,801,-1.47,1,2843,-4.4,1,2172,11.74,0.5506,54.01,3,2001464
100.0,1,1,fallback,1.0,56.8,40.8,107.78,226,50.98,2.91,402,0.562,0.651,0.296,0.3814,6,0.4839,122,0.6456,0,-1,,0,-1,,0,-1,,0,-1,,0.3797,101.52,6,2010019
100.0,1,-1,confirm,1.0,-95.58,-111.58,10.14,104,105.72,95.58,959,0.108,2.484,0.103,-0.2611,6,-0.0118,720,0.7583,0,-1,,0,-1,,0,-1,,0,-1,,0.244,50.43,6,2010421
100.0,1,1,fallback,1.0,86.07,70.07,137.71,1260,51.64,27.26,1292,0.975,3.245,0.194,0.2577,7,0.3024,1176,0.6538,1,815,0.0,1,815,0.0,1,815,0.0,1,893,5.74,0.2698,105.83,6,2011380
100.0,1,-1,confirm,1.0,-96.71,-112.71,5.69,80,102.4,96.71,2127,0.038,0.414,0.097,-0.1783,7,0.1471,1190,0.7548,1,1233,-31.29,1,1233,-31.29,0,-1,,1,1698,-64.0,0.2593,50.94,7,2012672
100.0,1,1,fallback,1.0,-50.71,-66.71,0.0,0,50.71,50.71,323,0.0,1.193,0.109,0.2342,7,0.2438,132,0.6792,0,-1,,0,-1,,0,-1,,0,-1,,0.5763,102.46,7,2014799
100.0,1,-1,confirm,1.0,79.29,63.29,128.84,2951,49.55,35.4,4131,0.714,0.94,0.087,0.2433,8,0.3508,2493,0.9142,1,1586,52.39,1,1586,52.39,1,3398,106.19,1,3490,97.69,0.4095,50.71,7,2015122
100.0,1,1,confirm,1.0,-99.9,-115.9,2.85,1,102.75,99.9,3234,0.0,4.856,0.092,0.2947,8,0.2947,1,0.7687,1,599,-44.24,1,599,-44.24,1,599,-44.24,1,600,-45.67,0.0496,50.2,8,2019253
100.0,1,-1,fallback,1.0,24.51,8.51,74.96,277,50.45,0.0,392,0.707,2.176,0.241,0.3536,9,0.3543,265,0.695,0,-1,,0,-1,,0,-1,,0,-1,,0.3773,102.73,9,2022487
100.0,1,1,confirm,1.0,-91.04,-107.04,10.12,31,101.16,91.04,5662,0.005,1.22,0.072,-0.1435,9,0.2441,5620,0.9614,1,1320,-7.23,1,1573,-23.12,1,5662,-91.04,1,2687,-60.69,0.5663,50.84,9,2022879
100.0,1,-1,fallback,1.0,-26.25,-42.25,24.79,1474,51.04,27.71,2102,0.701,1.566,0.095,0.2459,11,0.3095,1544,0.8077,1,830,-26.25,0,-1,,0,-1,,0,-1,,0.5929,101.05,11,2028541
100.0,1,1,confirm,1.0,90.18,74.18,141.09,1800,50.91,8.73,1869,0.963,2.322,0.182,0.3899,12,0.454,1601,0.8787,1,637,20.36,1,637,20.36,1,637,20.36,1,711,37.82,0.2386,51.17,12,2030643
100.0,1,-1,confirm,1.0,93.7,77.7,144.15,523,50.45,7.21,623,0.839,0.821,0.212,0.123,12,0.1352,525,0.621,0,-1,,0,-1,,0,-1,,0,-1,,0.3143,50.2,12,2032512
100.0,1,1,confirm,1.0,16.01,0.01,66.94,66,50.93,-0.0,891,0.074,1.672,0.016,-0.0275,12,0.1152,502,0.7946,1,632,42.2,1,632,42.2,0,-1,,0,-1,,0.5344,51.19,12,2033135
100.0,1,-1,confirm,1.0,39.23,23.23,91.53,1145,52.3,68.28,1175,0.974,3.219,0.098,0.1568,13,0.1568,1145,0.7594,0,-1,,0,-1,,0,-1,,0,-1,,0.2772,50.59,13,2034026
100.0,1,1,confirm,1.0,33.55,17.55,84.6,729,51.05,7.29,829,0.879,2.464,0.062,-0.0219,13,-0.0215,775,0.5303,0,-1,,0,-1,,0,-1,,0,-1,,0.2475,52.79,13,2035201
100.0,1,-1,confirm,1.0,-90.13,-106.13,17.44,19,107.57,90.13,105,0.181,0.853,0.006,0.0523,13,0.072,30,0.6071,0,-1,,0,-1,,0,-1,,0,-1,,0.1831,50.62,13,2036030
100.0,1,1,fallback,1.0,-43.22,-59.22,8.64,29,51.87,43.22,110,0.264,2.577,0.103,-0.0003,13,0.0039,15,0.2326,0,-1,,0,-1,,0,-1,,0,-1,,0.5413,107.76,13,2036135
100.0,1,-1,confirm,1.0,-95.5,-111.5,7.23,3,102.73,95.5,579,0.005,0.51,0.043,0.029,13,0.099,286,0.633,1,433,-79.58,0,-1,,0,-1,,0,-1,,0.204,51.82,13,2036245
100.0,1,1,fallback,1.0,-22.93,-38.93,27.23,16,50.16,22.93,139,0.115,1.622,0.099,0.0302,13,0.0559,75,0.2914,0,-1,,0,-1,,0,-1,,0,-1,,0.5728,102.81,13,2036824
100.0,1,-1,confirm,1.0,-90.5,-106.5,11.49,60,102.0,90.5,253,0.237,0.773,0.03,-0.094,13,-0.0258,36,0.319,0,-1,,0,-1,,0,-1,,0,-1,,0.2054,50.03,13,2036963
100.0,1,1,fallback,1.0,45.56,29.56,98.23,232,52.68,8.54,305,0.761,2.258,0.108,0.2081,13,0.2635,203,0.6007,0,-1,,0,-1,,0,-1,,0,-1,,0.1168,102.11,13,2037216
100.0,1,-1,confirm,1.0,-56.69,-72.69,45.35,296,102.04,56.69,808,0.366,0.617,0.0,-0.0142,14,0.1998,505,0.5556,0,-1,,0,-1,,0,-1,,0,-1,,0.0336,52.16,13,2037521
100.0,1,1,fallback,1.0,-8.46,-24.46,42.28,118,50.73,8.46,181,0.652,1.051,0.114,0.1247,14,0.1566,73,0.5263,0,-1,,0,-1,,0,-1,,0,-1,,0.043,102.51,14,2038329
100.0,1,-1,confirm,1.0,-95.91,-111.91,9.87,8,105.78,95.91,389,0.021,0.58,0.03,-0.0966,14,-0.0926,16,0.3415,0,-1,,0,-1,,0,-1,,0,-1,,0.0289,50.52,14,2038510
100.0,1,1,fallback,1.0,1.4,-14.6,51.69,396,50.29,30.73,509,0.778,1.025,0.092,0.1441,14,0.2284,49,0.506,0,-1,,0,-1,,0,-1,,0,-1,,0.1733,105.89,14,2038899
100.0,1,-1,confirm,1.0,92.19,76.19,146.67,937,54.48,40.51,1079,0.868,1.254,0.094,0.0968,14,0.2545,636,0.7317,1,992,121.53,1,992,121.53,1,992,121.53,0,-1,,0.462,50.03,14,2039408
100.0,1,1,confirm,1.0,-67.67,-83.67,32.43,194,100.1,67.67,464,0.418,0.614,0.017,0.0226,14,0.0567,437,0.5943,0,-1,,0,-1,,0,-1,,0,-1,,0.1865,55.29,14,2040487
100.0,1,-1,confirm,1.0,-34.07,-50.07,18.45,531,52.52,34.07,698,0.761,1.363,0.065,0.0577,15,0.1417,325,0.4876,1,586,8.52,1,586,8.52,0,-1,,0,-1,,0.555,99.78,14,2040951
100.0,1,1,confirm,1.0,45.27,29.27,97.61,147,52.34,4.24,178,0.826,2.991,0.13,0.2384,15,0.2554,164,0.7514,0,-1,,0,-1,,0,-1,,0,-1,,0.2849,52.62,15,2041649
100.0,1,-1,confirm,1.0,-73.23,-89.23,33.8,280,107.03,73.23,854,0.328,0.224,0.056,-0.2312,15,0.0846,644,0.6471,1,764,-35.21,0,-1,,0,-1,,0,-1,,0.4474,51.84,15,2041827
100.0,1,1,fallback,1.0,-2.8,-18.8,47.53,30,50.33,2.8,203,0.148,4.375,0.199,0.2203,15,0.2203,30,0.455,0,-1,,0,-1,,0,-1,,0,-1,,0.1475,107.39,15,2042681
100.0,1,-1,confirm,1.0,-79.71,-95.71,22.37,31,102.08,79.71,671,0.046,0.816,0.05,-0.1146,15,-0.0812,423,0.5464,0,-1,,0,-1,,0,-1,,0,-1,,0.4409,50.09,15,2042884
100.0,1,1,fallback,1.0,-30.52,-46.52,22.2,188,52.72,30.52,419,0.449,0.379,0.131,0.3574,15,0.3606,37,0.6687,0,-1,,0,-1,,0,-1,,0,-1,,0.3797,102.31,15,2043555
100.0,1,-1,confirm,1.0,-96.02,-112.02,41.75,330,137.77,96.02,844,0.391,3.793,0.108,0.2309,15,0.2391,393,0.6769,0,-1,,0,-1,,0,-1,,0,-1,,0.0987,52.6,15,2043974
100.0,1,1,fallback,1.0,74.43,58.43,125.43,42,51.0,-0.0,47,0.894,5.666,0.161,0.0241,16,0.0725,46,0.3546,0,-1,,0,-1,,0,-1,,0,-1,,0.4357,138.35,16,2044818
100.0,1,-1,confirm,1.0,95.77,79.77,146.39,1221,50.62,39.68,1741,0.701,2.005,0.084,-0.0058,16,0.1274,1588,0.4711,1,715,91.67,0,-1,,0,-1,,0,-1,,0.1524,50.37,16,2044865
100.0,1,1,confirm,1.0,63.54,47.54,116.04,330,52.49,-0.0,415,0.795,1.481,0.159,0.2223,16,0.2675,183,0.6769,0,-1,,0,-1,,0,-1,,0,-1,,0.3274,51.37,16,2046606
100.0,1,-1,confirm,1.0,9.61,-6.39,61.77,1404,52.16,10.98,2024,0.694,0.534,0.085,0.0817,17,0.1899,1640,0.9046,1,651,21.96,1,651,21.96,0,-1,,1,853,4.12,0.2647,51.89,16,2047021
100.0,1,1,confirm,1.0,-9.62,-25.62,42.59,3691,52.21,81.07,4037,0.914,2.055,0.094,0.3755,18,0.3798,3672,0.7229,1,693,-37.1,1,693,-37.1,1,693,-37.1,1,922,-43.97,0.0621,52.49,17,2049045
100.0,1,-1,confirm,1.0,-59.14,-75.14,45.39,751,104.52,59.14,3103,0.242,0.5,0.096,0.2739,18,0.4472,907,0.8742,1,1253,30.26,1,1253,30.26,1,1253,30.26,1,1306,26.13,0.6808,51.99,18,2053082
100.0,1,1,fallback,1.0,54.69,38.69,106.64,1843,51.96,6.84,2292,0.804,0.928,0.096,0.08,19,0.2557,1249,0.7186,1,146,1.37,1,146,1.37,1,1885,90.24,1,165,15.04,0.4149,105.0,19,2056185
100.0,1,-1,confirm,1.0,14.96,-1.04,72.07,722,57.11,0.0,738,0.978,3.369,0.068,-0.0892,19,0.1084,21,0.7182,1,123,23.12,1,123,23.12,0,-1,,1,280,21.76,0.2585,51.41,19,2058477
100.0,1,1,confirm,1.0,-65.37,-81.37,34.05,9,99.41,65.37,647,0.014,5.972,0.066,0.0911,20,0.1739,645,0.6378,0,-1,,0,-1,,0,-1,,0,-1,,0.0253,57.53,20,2059215
100.0,1,-1,confirm,1.0,105.55,89.55,154.9,4030,49.35,17.82,4653,0.866,0.645,0.032,0.2017,21,0.4213,2997,0.9049,1,838,23.3,1,838,23.3,1,4407,123.37,1,1085,6.85,0.0677,99.08,20,2059862
100.0,1,1,confirm,1.0,-70.66,-86.66,30.48,242,101.14,70.66,2135,0.113,0.743,0.117,0.1747,21,0.3113,26,0.8937,1,508,15.24,1,508,15.24,1,508,15.24,1,523,6.93,0.0989,50.13,21,2064515
100.0,1,-1,fallback,1.0,-23.72,-39.72,26.51,3,50.23,23.72,414,0.007,6.846,0.248,0.3107,22,0.3107,3,0.7627,0,-1,,0,-1,,0,-1,,0,-1,,0.7926,100.83,22,2066650
100.0,1,1,confirm,1.0,37.58,21.58,89.09,6943,51.5,43.15,7996,0.868,6.305,0.24,0.3687,0,0.4483,6343,0.9828,1,222,-12.53,1,222,-12.53,1,4129,-12.53,1,312,-12.53,0.3609,50.36,22,2067064
100.0,1,-1,confirm,1.0,54.08,38.08,104.01,5509,49.92,12.48,6456,0.853,4.074,0.107,0.2099,1,0.3822,5468,0.9877,1,1180,63.79,1,1180,63.79,1,1180,63.79,1,1188,65.18,0.49,51.05,0,2075060
100.0,1,1,confirm,1.0,20.91,4.91,73.9,2549,52.98,2.79,3315,0.769,1.548,0.068,0.1781,2,0.3934,961,0.8817,1,61,5.58,1,345,9.76,1,1976,54.38,1,2015,51.59,0.0184,50.45,2,2081516
100.0,1,-1,confirm,1.0,-97.4,-113.4,4.17,415,101.57,97.4,4705,0.088,0.475,0.119,-0.1976,3,0.3159,2875,0.9247,1,1632,-32.0,1,3302,-59.83,1,3302,-59.83,1,3302,-59.83,0.818,52.6,3,2084831
100.0,1,1,fallback,1.0,-48.23,-64.23,2.76,2,50.99,48.23,962,0.002,3.673,0.173,0.5663,4,0.5668,0,0.8465,0,-1,,0,-1,,0,-1,,0,-1,,0.205,101.61,4,2089536
100.0,1,-1,confirm,1.0,48.46,32.46,98.31,2855,49.85,4.15,5940,0.481,9.238,0.199,0.6505,5,0.7116,2812,0.9422,1,921,36.0,1,921,36.0,1,921,36.0,1,1209,36.0,0.7214,50.97,4,2090498
100.0,1,1,confirm,1.0,15.31,-0.69,66.79,5717,51.48,6.96,8429,0.678,2.77,0.105,0.1421,7,0.5413,6790,0.9771,1,596,6.96,1,596,6.96,1,596,6.96,1,2248,36.18,0.7183,50.34,6,2096438
100.0,1,-1,confirm,1.0,11.11,-4.89,61.13,10606,50.01,22.23,11074,0.958,0.983,0.024,0.2799,11,0.4892,3679,0.9733,1,633,-2.78,1,633,-2.78,1,633,-2.78,1,639,-4.17,0.6604,51.14,8,2104867
100.0,1,1,confirm,1.0,47.29,31.29,98.75,6776,51.46,36.16,8089,0.838,4.294,0.072,0.4375,13,0.6868,2350,0.9817,1,70,-5.56,1,589,-11.13,1,589,-11.13,1,589,-11.13,0.2054,50.32,11,2115941
100.0,1,-1,confirm,1.0,-109.36,-125.36,4.15,9,113.51,109.36,4222,0.002,2.392,0.059,-0.2229,14,0.2688,638,0.9256,1,761,-30.45,1,761,-30.45,1,761,-30.45,1,812,-47.07,0.6432,50.96,14,2124030
100.0,1,1,fallback,1.0,-28.76,-44.76,21.91,109,50.66,28.76,1196,0.091,0.429,0.152,0.4421,15,0.5049,4,0.8652,1,600,-15.06,1,600,-15.06,1,600,-15.06,1,602,-16.43,0.4152,113.56,15,2128252
100.0,1,-1,confirm,1.0,75.53,59.53,124.97,5639,49.44,34.33,6402,0.881,2.846,0.212,0.563,17,0.5791,4225,0.9305,1,745,-31.58,1,745,-31.58,1,745,-31.58,1,945,-12.36,0.3431,50.55,15,2129448
100.0,1,1,confirm,1.0,-92.71,-108.71,11.07,1324,103.78,92.71,7614,0.174,0.414,0.034,-0.3586,17,0.0555,4709,0.9248,1,4724,-38.74,0,-1,,0,-1,,0,-1,,0.6543,50.06,17,2135850
100.0,1,-1,fallback,1.0,37.71,21.71,87.99,797,50.28,2.79,3100,0.257,1.21,0.049,0.192,19,0.4121,3015,0.953,1,1437,68.44,1,1437,68.44,1,1437,68.44,1,1498,55.87,0.0362,103.66,19,2143464
100.0,1,1,confirm,1.0,-58.88,-74.88,42.06,4643,100.94,58.88,5717,0.812,1.468,0.054,0.188,21,0.3994,4261,0.9865,1,1228,-11.22,1,1228,-11.22,1,1228,-11.22,1,1312,-12.62,0.553,50.73,20,2146564
100.0,1,-1,fallback,1.0,40.9,24.9,91.67,1523,50.77,15.51,1866,0.816,3.542,0.174,0.1563,22,0.2902,1858,0.8222,1,522,2.82,1,1284,9.87,0,-1,,0,-1,,0.9186,100.52,21,2152281
100.0,1,1,confirm,1.0,25.49,9.49,76.47,2694,50.98,12.74,3106,0.867,0.618,0.067,0.0068,23,0.1749,2596,0.8951,1,2678,66.55,1,2678,66.55,0,-1,,1,2993,58.06,0.4444,51.24,22,2154147
100.0,1,-1,confirm,1.0,-2.82,-18.82,50.85,510,53.67,2.82,5459,0.093,0.474,0.165,0.2139,23,0.4551,2130,0.9646,1,2440,33.9,1,2440,33.9,1,2440,33.9,1,2518,35.31,0.1968,50.59,23,2157253
100.0,1,1,confirm,1.0,-77.66,-93.66,26.83,4739,104.49,77.66,16831,0.282,0.439,0.096,0.0108,2,0.3926,3940,0.9925,1,459,-24.0,1,459,-24.0,1,459,-24.0,1,459,-24.0,0.2186,53.95,0,2162712
100.0,1,-1,fallback,1.0,-35.58,-51.58,18.5,295,54.08,35.58,1807,0.163,0.916,0.153,0.1622,5,0.1872,309,0.9291,1,26,-5.69,1,596,-22.77,0,-1,,1,711,-27.04,0.6641,104.21,5,2179543
100.0,1,1,confirm,1.0,184.34,168.34,236.81,10174,52.47,48.21,11123,0.915,0.168,0.145,0.1954,8,0.6248,0,0.9979,1,837,0.0,1,837,0.0,1,837,0.0,1,859,-1.42,0.526,54.18,5,2181350
100.0,1,-1,confirm,1.0,48.73,32.73,98.86,5076,50.13,30.63,6582,0.771,2.243,0.186,0.108,10,0.3603,3826,0.9782,1,168,12.53,1,786,9.75,1,786,9.75,1,1918,12.53,0.212,51.25,9,2192473
100.0,1,1,confirm,1.0,25.19,9.19,78.35,3922,53.17,11.19,5208,0.753,0.465,0.081,0.2216,11,0.501,689,0.955,1,1213,5.6,1,1213,5.6,1,1213,5.6,1,1334,8.4,0.3059,50.63,10,2199055
100.0,1,-1,confirm,1.0,-5.58,-21.58,44.66,2841,50.24,93.51,4039,0.703,1.477,0.178,0.1004,13,0.1718,3218,0.8833,1,1352,-30.7,1,1352,-30.7,0,-1,,1,1503,-18.14,0.0713,52.76,12,2204263
100.0,1,1,confirm,1.0,5.58,-10.42,57.19,1184,51.61,11.16,1928,0.614,0.277,0.106,-0.0546,13,0.2907,1644,0.8526,1,325,-6.97,1,325,-6.97,1,1922,13.95,1,919,13.95,0.1045,50.47,13,2208302
100.0,1,-1,confirm,1.0,-11.15,-27.15,39.04,4399,50.19,65.52,4658,0.944,1.379,0.081,0.128,15,0.4407,2075,0.9259,1,626,-18.12,1,626,-18.12,1,626,-18.12,1,776,-36.25,0.2755,51.32,13,2210230
100.0,1,1,confirm,1.0,-57.1,-73.1,43.17,1121,100.26,57.1,4588,0.244,1.562,0.14,0.4033,15,0.4033,1121,0.9725,1,223,13.93,1,1223,26.46,1,1223,26.46,1,1247,20.89,0.5555,50.38,15,2214888
100.0,1,-1,confirm,1.0,-18.21,-34.21,32.21,199,50.42,18.21,1567,0.127,0.897,0.128,0.1686,16,0.2494,6,0.8292,1,723,2.8,1,723,2.8,1,723,2.8,1,1429,-11.2,0.537,99.83,16,2219476
100.0,1,1,confirm,1.0,12.58,-3.42,62.91,585,50.33,-0.0,824,0.71,3.623,0.166,0.1633,17,0.2188,768,0.7494,1,120,5.59,1,120,5.59,0,-1,,1,161,5.59,0.0445,50.58,16,2221043
100.0,1,-1,confirm,1.0,39.1,23.1,89.36,1555,50.27,11.17,1913,0.813,1.201,0.144,0.1653,17,0.319,456,0.8506,1,697,12.57,1,697,12.57,1,697,12.57,1,742,11.17,0.5426,50.01,17,2221867
100.0,1,1,confirm,1.0,4.21,-11.79,54.67,1207,50.46,7.01,1900,0.635,1.222,0.075,-0.0397,18,0.2057,889,0.9488,1,1180,46.26,1,1180,46.26,1,1180,46.26,1,1219,49.06,0.5601,50.72,17,2223780
100.0,1,-1,confirm,1.0,22.42,6.42,72.86,2902,50.44,5.6,4636,0.626,5.652,0.145,0.2129,19,0.4015,1817,0.9798,1,339,7.01,1,339,7.01,1,339,7.01,1,520,7.01,0.0478,50.19,18,2225680
100.0,1,1,confirm,1.0,-85.66,-101.66,15.45,28,101.11,85.66,858,0.033,2.162,0.188,-0.1403,19,-0.0767,574,0.9194,0,-1,,0,-1,,0,-1,,0,-1,,0.4953,50.81,19,2230316
100.0,1,-1,fallback,1.0,-5.67,-21.67,46.74,97,52.41,11.33,472,0.206,3.878,0.246,0.259,19,0.3342,0,0.6239,0,-1,,0,-1,,0,-1,,0,-1,,0.2535,100.95,19,2231174
100.0,1,1,confirm,1.0,41.05,25.05,92.02,1281,50.96,2.83,2395,0.535,1.719,0.186,0.314,20,0.3845,538,0.9268,1,1683,56.63,1,1683,56.63,1,1683,56.63,1,1795,72.2,0.19,52.65,19,2231646
100.0,1,-1,confirm,1.0,35.25,19.25,93.05,4557,57.8,15.51,5169,0.882,1.31,0.213,-0.0692,21,0.3243,1496,0.966,1,123,18.33,1,123,18.33,1,2095,1.41,1,125,12.69,0.468,50.5,20,2234041
100.0,1,1,confirm,1.0,65.08,49.08,116.02,180,50.93,19.81,511,0.352,2.676,0.243,0.1517,22,0.327,22,0.4669,1,210,82.06,1,210,82.06,1,210,82.06,1,210,82.06,0.6543,58.35,22,2239210
100.0,1,-1,confirm,1.0,44.98,28.98,95.59,736,50.6,9.84,825,0.892,3.216,0.148,0.1075,22,0.1075,736,0.8463,1,250,11.25,0,-1,,0,-1,,0,-1,,0.1191,50.35,22,2239721
100.0,1,1,confirm,1.0,-69.19,-85.19,32.48,43,101.67,69.19,1743,0.025,1.124,0.004,0.0323,22,0.1806,511,0.9105,1,641,-5.65,1,641,-5.65,0,-1,,1,1315,-45.18,0.2754,51.09,22,2240546
100.0,1,-1,fallback,1.0,29.86,13.86,82.47,130,52.61,12.8,229,0.568,5.369,0.188,0.1976,22,0.2252,117,0.5266,0,-1,,0,-1,,0,-1,,0,-1,,0.7535,101.34,22,2242289
100.0,1,1,confirm,1.0,182.54,166.54,233.88,2597,51.34,8.56,3594,0.723,2.738,0.152,0.1335,23,0.305,2156,0.8904,1,604,52.77,1,604,52.77,1,604,52.77,1,988,71.31,0.3675,53.05,22,2242518
100.0,1,-1,confirm,1.0,15.41,-0.59,65.83,734,50.42,5.6,971,0.756,1.218,0.123,0.223,0,0.229,713,0.6914,0,-1,,0,-1,,0,-1,,0,-1,,0.3813,50.17,23,2246112
100.0,1,1,confirm,1.0,-61.72,-77.72,40.68,106,102.4,61.72,1054,0.101,3.507,0.113,0.0913,0,0.2125,363,0.8624,1,963,-40.68,1,963,-40.68,1,963,-40.68,0,-1,,0.4872,50.75,0,2247083
100.0,1,-1,fallback,1.0,16.94,0.94,67.75,159,50.81,11.29,332,0.479,3.295,0.179,0.2278,0,0.2278,159,0.5733,0,-1,,0,-1,,0,-1,,0,-1,,0.2176,101.98,0,2248137
100.0,1,1,confirm,1.0,14.14,-1.86,65.04,493,50.9,25.45,801,0.615,0.777,0.123,0.0899,0,0.0935,491,0.6989,1,604,46.66,0,-1,,0,-1,,0,-1,,0.3993,51.16,0,2248469
100.0,1,-1,confirm,1.0,-87.53,-103.53,14.12,32,101.65,87.53,443,0.072,0.931,0.011,0.2721,0,0.2721,32,0.5201,0,-1,,0,-1,,0,-1,,0,-1,,0.6475,50.57,0,2249270
100.0,1,1,fallback,1.0,-16.79,-32.79,34.99,243,51.78,16.79,558,0.435,0.769,0.148,0.2053,0,0.2313,144,0.7001,0,-1,,0,-1,,0,-1,,0,-1,,0.1179,101.8,0,2249713
100.0,1,-1,confirm,1.0,1.4,-14.6,51.87,1544,50.47,42.06,1927,0.801,0.956,0.07,-0.079,1,0.054,331,0.8862,1,374,-25.23,0,-1,,0,-1,,0,-1,,0.2516,51.6,1,2250271
100.0,1,1,confirm,1.0,-1.4,-17.4,51.88,806,53.28,7.01,1811,0.445,2.257,0.044,0.1817,1,0.4474,230,0.9065,1,1397,23.84,1,1397,23.84,1,1397,23.84,1,1397,23.84,0.6927,50.73,1,2252198
100.0,1,-1,confirm,1.0,60.3,44.3,110.78,426,50.48,0.0,552,0.772,3.816,0.242,0.1993,2,0.4154,374,0.7187,0,-1,,0,-1,,0,-1,,0,-1,,0.6562,53.01,2,2254009
100.0,1,1,confirm,1.0,290.63,274.63,344.24,3280,53.61,5.64,3385,0.969,0.741,0.162,0.2289,3,0.4068,2034,0.819,1,892,119.92,1,892,119.92,1,892,119.92,1,1319,128.39,0.2759,51.05,2,2254561
100.0,1,-1,confirm,1.0,211.13,195.13,261.86,7228,50.73,46.61,7447,0.971,1.226,0.136,0.0616,5,0.3793,2890,0.9498,1,1804,17.82,1,1804,17.82,1,1804,17.82,1,2121,4.11,0.2282,51.83,3,2257946
100.0,1,1,confirm,1.0,113.45,97.45,165.27,2702,51.82,15.41,2855,0.946,3.781,0.193,0.176,6,0.4514,1730,0.9719,1,873,-12.61,1,873,-12.61,1,873,-12.61,0,-1,,0.3474,52.09,5,2265393
100.0,1,-1,confirm,1.0,-105.25,-121.25,-0.0,0,105.25,105.25,1170,0.0,0.236,0.079,-0.0915,6,0.0963,394,0.8638,1,409,-33.24,0,-1,,0,-1,,0,-1,,0.0417,50.98,6,2268248
100.0,1,1,fallback,1.0,-32.89,-48.89,19.19,131,52.08,32.89,293,0.447,1.325,0.146,0.2062,6,0.2132,181,0.7151,0,-1,,0,-1,,0,-1,,0,-1,,0.1045,105.25,6,2269418
100.0,1,-1,confirm,1.0,38.5,22.5,89.37,2022,50.87,6.87,2798,0.723,1.079,0.142,0.1541,7,0.279,2793,0.88,1,1216,41.25,1,1216,41.25,1,1216,41.25,1,2182,55.0,0.5503,51.98,6,2269711
100.0,1,1,confirm,1.0,19.32,3.32,70.39,2834,51.07,24.84,3157,0.898,0.949,0.03,-0.0782,8,0.3588,1273,0.9272,1,556,-19.32,1,556,-19.32,1,1476,6.9,1,576,-17.94,0.7524,51.33,7,2272509
100.0,1,-1,confirm,1.0,-78.52,-94.52,26.17,1490,104.7,78.52,4232,0.352,0.677,0.087,0.0365,8,0.312,2358,0.9144,1,632,-38.57,1,632,-38.57,1,1459,15.15,1,1711,-12.4,0.3386,50.71,8,2275666
100.0,1,1,fallback,1.0,-50.57,-66.57,1.37,1,51.94,50.57,358,0.003,0.884,0.136,0.2108,9,0.247,3,0.6325,0,-1,,0,-1,,0,-1,,0,-1,,0.1592,104.97,9,2279898
100.0,1,-1,confirm,1.0,-81.06,-97.06,23.35,108,104.41,81.06,2733,0.04,1.449,0.118,0.1025,9,0.4228,1620,0.8769,1,348,-19.23,1,348,-19.23,1,2218,-30.22,0,-1,,0.1602,51.93,9,2280256
100.0,1,1,fallback,1.0,-13.63,-29.63,39.52,680,53.15,16.35,1244,0.547,0.72,0.102,0.0863,10,0.1942,115,0.689,1,683,35.43,1,683,35.43,0,-1,,1,771,16.35,0.2038,104.65,10,2282989
100.0,1,-1,confirm,1.0,39.57,23.57,110.53,2841,70.96,20.47,3637,0.781,0.684,0.165,0.1152,11,0.5431,1230,0.9415,1,1962,25.93,1,1962,25.93,1,1962,25.93,1,3486,85.97,0.0721,52.94,10,2284233
100.0,1,1,confirm,1.0,-76.72,-92.72,27.4,10,104.12,76.72,510,0.02,6.607,0.193,0.3012,11,0.3716,0,0.6956,0,-1,,0,-1,,0,-1,,0,-1,,0.0532,71.75,11,2287870
100.0,1,-1,fallback,1.0,-30.37,-46.37,24.85,904,55.23,30.37,1245,0.726,1.248,0.073,0.1528,11,0.2192,839,0.754,1,620,9.66,1,620,9.66,1,983,4.14,1,1221,-22.09,0.4071,103.84,11,2288380
100.0,1,1,confirm,1.0,151.41,135.41,205.09,890,53.68,71.58,1386,0.642,0.568,0.118,0.2854,12,0.3421,1173,0.758,1,11,-23.4,1,1327,180.32,1,1327,180.32,1,1373,163.8,0.0867,55.36,12,2289625
100.0,1,-1,confirm,1.0,-90.85,-106.85,10.85,83,101.69,90.85,694,0.12,0.659,0.061,0.2132,12,0.2386,65,0.5465,1,557,-12.2,1,557,-12.2,1,557,-12.2,1,604,-10.85,0.0081,52.6,12,2291011
100.0,1,1,fallback,1.0,-36.28,-52.28,16.12,7,52.41,36.28,126,0.056,6.107,0.146,0.0845,12,0.2906,0,0.3217,0,-1,,0,-1,,0,-1,,0,-1,,0.4215,101.81,12,2291705
100.0,1,-1,confirm,1.0,72.83,56.83,122.72,201,49.9,0.0,592,0.34,0.355,0.104,-0.0228,12,0.3493,477,0.6763,0,-1,,0,-1,,0,-1,,0,-1,,0.0285,52.32,12,2291831
100.0,1,1,confirm,1.0,47.55,31.55,100.53,1892,52.98,72.0,2155,0.878,0.711,0.115,0.1898,13,0.2544,1581,0.7434,0,-1,,0,-1,,0,-1,,0,-1,,0.0471,50.52,12,2292423
100.0,1,-1,confirm,1.0,54.08,38.08,104.11,454,50.03,0.0,468,0.97,1.759,0.232,0.053,13,0.0552,460,0.7256,1,468,54.08,0,-1,,0,-1,,0,-1,,0.2205,52.45,13,2294578
100.0,1,1,confirm,1.0,23.11,7.11,74.77,56,51.66,-0.0,308,0.182,2.335,0.003,0.0317,13,0.0317,56,0.2969,0,-1,,0,-1,,0,-1,,0,-1,,0.3638,50.55,13,2295046
100.0,1,-1,confirm,1.0,74.6,58.6,124.78,636,50.18,1.36,679,0.937,2.226,0.079,0.1268,13,0.2063,545,0.5663,0,-1,,0,-1,,0,-1,,0,-1,,0.2527,51.28,13,2295354
100.0,1,1,confirm,1.0,47.83,31.83,99.75,1034,51.93,53.29,1084,0.954,3.593,0.083,-0.1586,14,-0.0454,1018,0.6668,0,-1,,0,-1,,0,-1,,0,-1,,0.0647,50.82,13,2296033
100.0,1,-1,confirm,1.0,106.08,90.08,157.76,624,51.68,20.4,634,0.984,1.047,0.116,0.0852,14,0.258,322,0.4802,0,-1,,0,-1,,0,-1,,0,-1,,0.3405,51.41,14,2297117
100.0,1,1,confirm,1.0,28.87,12.87,79.73,801,50.86,57.73,1006,0.796,1.754,0.077,-0.0862,14,0.0735,428,0.6329,1,509,-8.25,0,-1,,0,-1,,0,-1,,0.2225,52.51,14,2297751
100.0,1,-1,confirm,1.0,-95.94,-111.94,5.48,1,101.43,95.94,1294,0.001,0.555,0.006,0.077,14,0.2683,763,0.8219,1,46,-38.38,1,1209,-41.12,1,1209,-41.12,0,-1,,0.2412,50.46,14,2298757
100.0,1,1,fallback,1.0,-24.44,-40.44,28.51,28,52.95,24.44,240,0.117,2.695,0.13,0.1297,14,0.1297,28,0.229,1,71,8.15,1,71,8.15,0,-1,,1,176,12.22,0.5546,101.48,14,2300051
100.0,1,-1,confirm,1.0,36.74,20.74,89.82,560,53.08,35.38,709,0.79,0.989,0.146,0.113,15,0.1793,708,0.602,0,-1,,0,-1,,0,-1,,0,-1,,0.1923,52.8,14,2300291
100.0,1,1,confirm,1.0,17.76,1.76,68.3,745,50.54,57.37,840,0.887,2.208,0.169,0.3378,15,0.3378,745,0.7965,0,-1,,0,-1,,0,-1,,0,-1,,0.1339,53.56,15,2301000
100.0,1,-1,confirm,1.0,-100.9,-116.9,4.09,27,104.99,100.9,367,0.074,1.379,0.027,-0.2227,15,-0.1919,314,0.4679,0,-1,,0,-1,,0,-1,,0,-1,,0.7427,50.2,15,2301840
100.0,1,1,fallback,1.0,-8.1,-24.1,47.25,118,55.35,8.1,294,0.401,1.697,0.134,0.142,15,0.2207,6,0.4172,0,-1,,0,-1,,0,-1,,0,-1,,0.2607,105.03,15,2302207
100.0,1,-1,confirm,1.0,102.67,86.67,152.66,3265,49.99,48.64,3650,0.895,0.81,0.152,0.0148,16,0.2689,2821,0.7845,1,594,1.35,1,594,1.35,1,3065,126.99,1,1106,-10.81,0.0774,55.09,15,2302501
100.0,1,1,confirm,1.0,69.62,53.62,122.85,831,53.24,17.75,1050,0.791,1.287,0.111,0.2377,16,0.3074,896,0.7158,0,-1,,0,-1,,0,-1,,0,-1,,0.304,50.76,16,2306151
100.0,1,-1,confirm,1.0,-97.6,-113.6,4.07,2,101.67,97.6,710,0.003,0.411,0.014,-0.0724,16,0.3432,393,0.8338,1,509,-47.44,1,509,-47.44,1,509,-47.44,1,527,-63.71,0.2891,52.59,16,2307201
100.0,1,1,fallback,1.0,200.03,184.03,257.75,629,57.73,4.03,635,0.991,3.675,0.171,0.2827,17,0.3008,618,0.772,0,-1,,0,-1,,0,-1,,0,-1,,0.2723,101.71,17,2307911
100.0,1,-1,confirm,1.0,46.06,30.06,96.08,356,50.01,18.43,436,0.817,0.802,0.034,-0.1685,17,-0.0837,421,0.4082,0,-1,,0,-1,,0,-1,,0,-1,,0.3353,56.28,17,2308546
100.0,1,1,confirm,1.0,10.58,-5.42,66.11,485,55.53,40.99,573,0.846,0.951,0.068,-0.0577,17,0.0875,0,0.6077,1,147,-29.09,0,-1,,0,-1,,0,-1,,0.3262,50.5,17,2308982
100.0,1,-1,confirm,1.0,22.45,6.45,73.97,1682,51.51,19.81,2125,0.792,1.645,0.045,0.1113,18,0.2648,2074,0.7503,1,524,2.64,0,-1,,0,-1,,0,-1,,0.1172,55.17,17,2309555
100.0,1,1,confirm,1.0,33.1,17.1,87.37,4868,54.28,48.98,5122,0.95,2.316,0.143,0.0564,19,0.4357,4322,0.9085,1,1751,-18.53,1,4830,62.22,1,4830,62.22,1,4891,72.81,0.3684,51.9,18,2311680
100.0,1,-1,confirm,1.0,19.79,3.79,73.89,5532,54.1,56.74,5979,0.925,2.157,0.053,0.1404,21,0.4072,5177,0.8959,1,369,-10.56,1,369,-10.56,1,3639,11.87,1,465,-14.51,0.434,53.81,19,2316802
100.0,1,1,confirm,1.0,-83.29,-99.29,19.83,1700,103.12,83.29,8238,0.206,0.229,0.105,0.4427,21,0.4556,1617,0.9239,1,844,-23.8,1,844,-23.8,1,2190,1.32,1,1165,-1.32,0.2555,54.5,21,2322781
100.0,1,-1,fallback,1.0,58.66,42.66,109.32,4255,50.66,30.66,4775,0.891,1.048,0.069,0.446,0,0.5425,3085,0.9201,1,623,2.67,1,623,2.67,1,623,2.67,1,1764,-13.33,0.2817,102.92,23,2331019
100.0,1,1,confirm,1.0,-8.05,-24.05,42.91,8994,50.96,71.07,9807,0.917,2.038,0.118,0.4592,3,0.5275,8934,0.9756,1,1868,-29.5,1,2097,-33.53,1,2097,-33.53,1,2789,-8.05,0.4938,51.22,0,2335794
100.0,1,-1,confirm,1.0,45.63,29.63,95.29,2223,49.66,0.0,2409,0.923,2.099,0.127,0.3033,4,0.3254,1484,0.9426,0,-1,,0,-1,,0,-1,,0,-1,,0.405,50.74,3,2345601
100.0,1,1,confirm,1.0,-87.64,-103.64,12.13,6391,99.77,87.64,15770,0.405,1.115,0.045,0.5314,6,0.6207,9994,0.9856,1,650,-41.8,1,650,-41.8,1,1965,-12.13,1,661,-64.72,0.5375,50.14,4,2348010
100.0,1,-1,confirm,1.0,-24.48,-40.48,25.84,659,50.33,24.48,1495,0.441,0.574,0.049,-0.2104,8,0.241,3,0.7353,1,26,-9.52,1,26,-9.52,1,26,-9.52,1,409,-6.8,0.0127,99.65,8,2363780
100.0,1,1,confirm,1.0,-73.27,-89.27,27.14,3996,100.41,73.27,11040,0.362,0.266,0.054,0.6874,10,0.6874,3996,0.9806,1,397,-2.71,1,397,-2.71,1,397,-2.71,1,421,-9.5,0.371,50.46,9,2365275
100.0,1,-1,fallback,1.0,117.55,101.55,168.12,3475,50.57,12.3,3667,0.948,0.735,0.091,0.4624,13,0.4995,3365,0.9169,0,-1,,0,-1,,0,-1,,0,-1,,0.9104,100.14,12,2376315
100.0,1,1,confirm,1.0,19.36,3.36,74.69,1500,55.33,4.15,1540,0.974,8.156,0.068,0.378,13,0.378,1500,0.8376,1,708,34.58,0,-1,,0,-1,,0,-1,,0.3505,51.44,13,2379982
100.0,1,-1,confirm,1.0,11.04,-4.96,60.74,372,49.7,0.0,488,0.762,0.124,0.058,-0.3226,13,-0.3015,24,0.4974,0,-1,,0,-1,,0,-1,,0,-1,,0.4291,54.91,13,2381522
100.0,1,1,confirm,1.0,118.85,102.85,171.37,1357,52.52,8.29,1535,0.884,4.006,0.13,0.3314,14,0.3898,1528,0.7353,1,156,-8.29,1,156,-8.29,1,156,-8.29,1,192,4.15,0.1935,50.0,13,2382010
100.0,1,-1,confirm,1.0,-40.97,-56.97,12.29,2000,53.26,92.87,2299,0.87,2.223,0.124,0.1471,14,0.1647,2105,0.6543,1,829,-15.02,1,1539,-57.36,0,-1,,0,-1,,0.5658,51.63,14,2383545
100.0,1,1,confirm,1.0,-84.33,-100.33,14.96,55,99.29,84.33,610,0.09,0.986,0.036,-0.1337,14,-0.0314,298,0.4594,0,-1,,0,-1,,0,-1,,0,-1,,0.5193,53.33,14,2385844
100.0,1,-1,confirm,1.0,-30.18,-46.18,20.58,151,50.75,30.18,410,0.368,1.548,0.135,0.1884,14,0.2709,29,0.5821,0,-1,,0,-1,,0,-1,,0,-1,,0.0942,99.14,14,2386454
100.0,1,1,confirm,1.0,2.74,-13.26,53.34,2019,50.6,71.12,2257,0.895,2.771,0.026,0.2432,15,0.3116,1975,0.7829,1,920,-39.66,0,-1,,0,-1,,0,-1,,0.3082,50.86,15,2386864
100.0,1,-1,confirm,1.0,-90.24,-106.24,10.94,11,101.18,90.24,446,0.025,0.765,0.052,0.0268,15,0.0993,113,0.6931,1,279,-23.24,0,-1,,0,-1,,0,-1,,0.3053,50.33,15,2389121
100.0,1,1,fallback,1.0,-18.97,-34.97,36.59,7,55.56,18.97,237,0.03,6.552,0.207,0.348,15,0.3506,1,0.5759,0,-1,,0,-1,,0,-1,,0,-1,,0.6546,101.29,15,2389567
100.0,1,-1,confirm,1.0,27.15,11.15,78.74,564,51.59,8.15,994,0.567,1.762,0.187,0.2844,15,0.334,504,0.8441,0,-1,,0,-1,,0,-1,,0,-1,,0.5216,55.35,15,2389804
100.0,1,1,confirm,1.0,-81.68,-97.68,19.06,23,100.74,81.68,510,0.045,1.574,0.036,-0.0279,16,0.1117,110,0.3476,1,171,-10.89,1,171,-10.89,0,-1,,1,174,-12.25,0.1231,52.0,16,2390798
100.0,1,-1,fallback,1.0,-32.94,-48.94,17.84,810,50.78,32.94,1420,0.57,0.567,0.094,0.0535,16,0.3347,17,0.7222,1,583,-0.0,1,583,-0.0,1,583,-0.0,1,605,4.12,0.1273,100.54,16,2391308
100.0,1,1,confirm,1.0,61.56,45.56,112.18,1809,50.62,5.47,2020,0.896,2.242,0.137,-0.0262,17,0.1878,1042,0.8688,1,596,32.83,1,596,32.83,0,-1,,1,733,35.57,0.2563,50.87,16,2392728
100.0,1,-1,confirm,1.0,5.44,-10.56,62.54,3251,57.1,8.16,3920,0.829,1.229,0.12,0.2684,18,0.4236,3606,0.8983,1,157,6.8,1,157,6.8,1,157,6.8,1,222,2.72,0.173,50.05,17,2394748
100.0,1,1,confirm,1.0,-70.74,-86.74,39.45,121,110.19,70.74,1222,0.099,1.543,0.158,-0.0679,18,0.0099,189,0.7866,0,-1,,0,-1,,0,-1,,0,-1,,0.4602,57.46,18,2398668
100.0,1,-1,fallback,1.0,-47.95,-63.95,4.11,5,52.06,47.95,431,0.012,3.786,0.14,0.3632,18,0.3735,0,0.7426,0,-1,,0,-1,,0,-1,,0,-1,,0.1182,109.76,18,2399890
100.0,1,1,confirm,1.0,5.45,-10.55,55.9,1014,50.45,1.36,2197,0.462,0.855,0.049,-0.0777,19,0.2064,172,0.7532,1,213,34.09,1,213,34.09,1,213,34.09,1,361,30.0,0.5579,52.08,18,2400321
100.0,1,-1,confirm,1.0,-29.98,-45.98,20.44,6687,50.42,80.4,9593,0.697,1.453,0.166,0.2399,21,0.6229,8162,0.9717,1,574,-40.88,1,574,-40.88,1,574,-40.88,1,614,-47.7,0.7177,50.17,19,2402518
100.0,1,1,confirm,1.0,-63.86,-79.86,36.68,8961,100.54,63.86,11215,0.799,1.549,0.107,-0.0256,0,0.3625,7694,0.997,1,489,0.0,1,489,0.0,1,489,0.0,1,1680,-10.87,0.0513,50.53,22,2412111
100.0,1,-1,fallback,1.0,67.0,51.0,118.97,279,51.96,0.0,308,0.906,4.846,0.238,0.2905,1,0.3648,239,0.7442,0,-1,,0,-1,,0,-1,,0,-1,,0.8153,100.18,1,2423326
100.0,1,1,confirm,1.0,20.65,4.65,78.47,110,57.82,-0.0,159,0.692,1.229,0.007,-0.149,1,-0.149,110,0.3955,0,-1,,0,-1,,0,-1,,0,-1,,0.2483,52.59,1,2423634
100.0,1,-1,confirm,1.0,-93.42,-109.42,8.24,23,101.66,93.42,379,0.061,0.604,0.063,0.1569,1,0.1659,0,0.2449,1,358,-78.31,1,358,-78.31,0,-1,,0,-1,,0.3145,57.37,1,2423793
100.0,1,1,fallback,1.0,69.42,53.42,121.14,1104,51.72,49.0,1423,0.776,2.595,0.156,0.3347,1,0.4031,1039,0.7117,1,601,-10.89,1,601,-10.89,0,-1,,0,-1,,0.2395,101.75,1,2424172
100.0,1,-1,confirm,1.0,-81.1,-97.1,25.68,1207,106.79,81.1,2411,0.501,1.267,0.087,0.1262,2,0.2028,1495,0.8123,1,493,-4.06,1,493,-4.06,1,1592,-28.39,1,886,-8.11,0.2,51.1,1,2425595
100.0,1,1,fallback,1.0,8.05,-7.95,60.34,1127,52.29,18.77,2108,0.535,2.026,0.063,0.158,2,0.2873,757,0.9049,1,2089,24.14,1,2089,24.14,1,2089,24.14,1,2105,14.75,0.678,107.06,2,2428006
100.0,1,-1,confirm,1.0,-65.65,-81.65,38.85,1101,104.5,65.65,2115,0.521,0.274,0.149,0.4937,3,0.5356,1234,0.9466,1,322,-29.47,1,322,-29.47,1,322,-29.47,1,597,-4.02,0.1823,51.98,3,2430114
100.0,1,1,fallback,1.0,-38.6,-54.6,11.98,24,50.58,38.6,338,0.071,5.085,0.249,0.3304,3,0.4568,3,0.6446,0,-1,,0,-1,,0,-1,,0,-1,,0.7659,104.91,3,2432229
100.0,1,-1,confirm,1.0,-96.21,-112.21,6.68,6,102.89,96.21,572,0.01,0.192,0.074,-0.1712,3,0.1403,279,0.6485,0,-1,,0,-1,,0,-1,,0,-1,,0.3438,50.52,3,2432567
100.0,1,1,fallback,1.0,-35.73,-51.73,14.56,180,50.29,35.73,1667,0.108,0.541,0.159,-0.0579,3,0.2123,1270,0.8758,1,593,-27.79,1,593,-27.79,1,1333,-25.15,1,669,-15.88,0.0199,102.95,3,2433139
100.0,1,-1,confirm,1.0,124.85,108.85,176.65,8315,51.8,75.71,9189,0.905,1.827,0.198,0.1424,6,0.3869,3859,0.9701,1,258,-7.97,1,258,-7.97,1,4920,-7.97,1,263,-2.66,0.2928,50.22,4,2434806
100.0,1,1,confirm,1.0,44.38,28.38,96.84,4584,52.45,33.62,5312,0.863,2.422,0.055,0.1084,8,0.3933,2919,0.9529,1,95,-8.07,1,837,-22.86,1,837,-22.86,1,2297,36.31,0.5163,52.73,6,2443995
100.0,1,-1,confirm,1.0,-79.0,-95.0,28.12,727,107.12,79.0,2167,0.335,1.814,0.034,0.1291,8,0.3433,1641,0.8976,1,618,-8.03,1,618,-8.03,1,618,-8.03,1,1986,-24.1,0.598,51.95,8,2449307
100.0,1,1,fallback,1.0,-18.6,-34.6,31.89,101,50.48,18.6,214,0.472,2.043,0.262,0.2603,8,0.3102,39,0.3214,0,-1,,0,-1,,0,-1,,0,-1,,0.7662,107.43,8,2451474
100.0,1,-1,confirm,1.0,9.32,-6.68,59.9,7240,50.58,58.57,7881,0.919,4.176,0.169,0.1744,11,0.406,5747,0.9509,1,1560,1.33,1,1560,1.33,1,1560,1.33,1,1710,-3.99,0.0858,50.32,9,2451688
100.0,1,1,confirm,1.0,-67.95,-83.95,34.64,376,102.58,67.95,3290,0.114,0.59,0.151,0.4307,11,0.4413,378,0.8503,1,573,7.99,1,573,7.99,1,573,7.99,1,810,11.99,0.0947,50.88,11,2459569
100.0,1,-1,fallback,1.0,-14.76,-30.76,37.56,2770,52.31,40.24,3151,0.879,3.931,0.077,0.3363,12,0.3429,2754,0.8713,1,82,-20.12,1,1490,1.34,1,2201,8.05,0,-1,,0.3834,102.23,12,2462859
100.0,1,1,confirm,1.0,49.56,33.56,100.46,1785,50.9,5.36,1798,0.993,1.906,0.151,0.3109,13,0.3371,1743,0.8955,1,707,45.54,1,707,45.54,1,707,45.54,0,-1,,0.6187,52.51,13,2466010
100.0,1,-1,confirm,1.0,-54.64,-70.64,47.98,25,102.63,54.64,416,0.06,5.413,0.058,-0.022,13,0.058,181,0.3307,1,295,-43.98,0,-1,,0,-1,,0,-1,,0.4008,50.39,13,2467808
100.0,1,1,fallback,1.0,38.44,22.44,92.79,1124,54.35,25.19,1453,0.774,0.687,0.073,0.4126,13,0.4698,1286,0.7569,1,324,9.28,1,324,9.28,0,-1,,1,426,14.58,0.168,103.12,13,2468224
100.0,1,-1,confirm,1.0,-95.07,-111.07,9.24,29,104.32,95.07,930,0.031,0.547,0.016,-0.4054,14,-0.0433,156,0.5647,0,-1,,0,-1,,0,-1,,0,-1,,0.2587,53.85,14,2469677
100.0,1,1,fallback,1.0,53.63,37.63,104.64,56,51.01,1.31,254,0.22,5.136,0.19,0.1848,14,0.1889,55,0.3363,0,-1,,0,-1,,0,-1,,0,-1,,0.2114,104.41,14,2470607
100.0,1,-1,confirm,1.0,13.01,-2.99,66.35,790,53.34,23.42,851,0.928,1.279,0.081,0.2077,14,0.2373,755,0.7145,0,-1,,0,-1,,0,-1,,0,-1,,0.2532,50.49,14,2470861
100.0,1,1,confirm,1.0,0.0,-16.0,50.81,998,50.81,44.29,1235,0.808,1.367,0.048,0.008,14,0.1262,895,0.6562,1,983,37.78,1,983,37.78,0,-1,,1,1133,41.69,0.5103,53.7,14,2471712
100.0,1,-1,confirm,1.0,-99.01,-115.01,3.91,17,102.92,99.01,1638,0.01,0.84,0.021,0.0889,14,0.1605,850,0.6304,1,65,-16.94,1,366,-33.87,0,-1,,1,1404,-26.06,0.2989,50.55,14,2472947
100.0,1,1,fallback,1.0,-15.48,-31.48,34.83,21,50.31,15.48,544,0.039,6.04,0.141,0.2306,15,0.232,0,0.4785,0,-1,,0,-1,,0,-1,,0,-1,,0.0076,102.96,15,2474585
100.0,1,-1,confirm,1.0,-63.31,-79.31,37.47,1183,100.78,63.31,3314,0.357,0.971,0.071,0.2733,15,0.3609,1257,0.7961,1,559,7.75,1,559,7.75,1,559,7.75,1,1547,7.75,0.3338,50.13,15,2475129
100.0,1,1,fallback,1.0,-7.7,-23.7,43.65,11,51.35,7.7,99,0.111,6.926,0.152,0.1377,16,0.1377,11,0.3069,0,-1,,0,-1,,0,-1,,0,-1,,0.2901,101.15,16,2478443
100.0,1,-1,confirm,1.0,74.52,58.52,125.92,2087,51.39,2.57,2492,0.837,0.672,0.105,0.1892,17,0.5451,1331,0.9298,1,2195,111.78,1,2195,111.78,1,2195,111.78,1,2228,120.78,0.0826,51.13,16,2478542
100.0,1,1,confirm,1.0,41.42,25.42,91.91,939,50.49,15.53,3586,0.262,0.716,0.139,0.1329,17,0.4023,1994,0.8803,1,1397,46.6,1,1397,46.6,1,1397,46.6,1,2298,77.67,0.3018,52.05,17,2481034
100.0,1,-1,confirm,1.0,74.77,58.77,125.05,7739,50.28,37.39,8509,0.91,1.773,0.065,0.1009,20,0.5223,2031,0.9175,1,82,1.29,1,1347,3.87,1,1347,3.87,1,3337,-10.31,0.321,50.03,18,2484620
100.0,1,1,confirm,1.0,168.85,152.85,220.81,4852,51.95,14.29,5316,0.913,2.237,0.154,0.0389,21,0.2677,2796,0.9138,1,950,37.67,1,950,37.67,1,950,37.67,1,1107,50.66,0.2483,50.91,20,2493129
100.0,1,-1,confirm,1.0,65.14,49.14,114.96,4489,49.81,80.47,5428,0.827,2.411,0.102,-0.0553,23,0.1958,2719,0.8319,1,1113,-10.22,1,2117,3.83,0,-1,,1,3485,49.81,0.3369,50.83,22,2498445
100.0,1,1,confirm,1.0,-100.28,-116.28,0.0,0,100.28,100.28,4007,0.0,1.571,0.077,0.0736,23,0.4527,2670,0.8989,1,43,-6.43,1,618,-32.14,1,618,-32.14,1,1071,-63.0,0.1998,50.39,23,2503873
100.0,1,-1,fallback,1.0,-37.66,-53.66,12.99,327,50.65,37.66,720,0.454,1.92,0.081,0.1506,0,0.4787,106,0.8548,1,454,-6.49,1,454,-6.49,1,454,-6.49,1,454,-6.49,0.6129,100.28,0,2507880
100.0,1,1,confirm,1.0,130.68,114.68,183.72,3040,53.05,14.23,3162,0.961,1.831,0.156,-0.0018,1,0.4008,1166,0.9438,1,334,-6.47,1,334,-6.47,1,334,-6.47,1,334,-6.47,0.3802,50.72,0,2508600
100.0,1,-1,confirm,1.0,12.77,-3.23,63.86,1683,51.09,14.05,1998,0.842,0.812,0.104,-0.0308,2,0.3223,1938,0.8386,1,919,20.43,0,-1,,0,-1,,0,-1,,0.5336,52.09,1,2511762
100.0,1,1,confirm,1.0,0.0,-16.0,51.15,1893,51.15,19.18,3784,0.5,1.949,0.094,0.0756,2,0.2453,1100,0.8894,1,284,-10.23,1,1678,30.69,1,1678,30.69,1,2984,28.13,0.5931,51.41,2,2513760
100.0,1,-1,confirm,1.0,-70.33,-86.33,33.25,182,103.58,70.33,1863,0.098,3.423,0.187,0.5366,3,0.5521,152,0.8983,1,752,-26.85,1,752,-26.85,1,752,-26.85,1,1384,-40.92,0.4531,50.89,3,2517544
100.0,1,1,fallback,1.0,-24.13,-40.13,26.67,134,50.79,24.13,643,0.208,2.554,0.119,0.3851,3,0.4432,0,0.8174,0,-1,,0,-1,,0,-1,,0,-1,,0.6248,103.93,3,2519407
100.0,1,-1,confirm,1.0,48.37,32.37,98.01,6112,49.64,16.55,7294,0.838,0.727,0.107,0.339,5,0.4991,5132,0.9609,1,563,7.64,1,910,19.09,1,910,19.09,1,1049,20.37,0.598,50.66,4,2520050
100.0,1,1,confirm,1.0,7.67,-8.33,58.84,1912,51.16,31.98,2395,0.798,1.2,0.136,0.2583,6,0.3693,39,0.928,1,147,-21.74,1,147,-21.74,1,147,-21.74,1,197,-15.35,0.7391,50.13,6,2527344
100.0,1,-1,confirm,1.0,33.23,17.23,83.08,2221,49.85,0.0,3703,0.6,2.387,0.112,0.3853,7,0.4281,2192,0.9214,1,1226,35.79,1,1226,35.79,1,1226,35.79,1,2783,57.52,0.852,50.86,6,2529739
100.0,1,1,confirm,1.0,178.25,162.25,230.83,7123,52.58,7.69,7273,0.979,1.657,0.104,0.2505,9,0.5328,3013,0.9325,1,1659,10.26,1,1659,10.26,1,1659,10.26,1,3612,48.73,0.3868,50.26,7,2533442
100.0,1,-1,confirm,1.0,-90.71,-106.71,13.86,36,104.57,90.71,2219,0.016,0.31,0.032,-0.1247,9,0.2538,1934,0.9305,1,2191,-79.38,1,2191,-79.38,1,2191,-79.38,1,2191,-79.38,0.122,51.39,9,2540715
100.0,1,1,fallback,1.0,11.24,-4.76,62.43,295,51.19,32.46,346,0.853,2.03,0.156,0.3043,10,0.3221,318,0.6297,0,-1,,0,-1,,0,-1,,0,-1,,0.4255,104.72,10,2542934
100.0,1,-1,confirm,1.0,-98.53,-114.53,3.74,58,102.27,98.53,807,0.072,0.436,0.085,-0.2958,10,0.0623,797,0.7441,0,-1,,0,-1,,0,-1,,0,-1,,0.2409,50.87,10,2543280
100.0,1,1,fallback,1.0,-6.18,-22.18,44.46,111,50.64,6.18,365,0.304,0.999,0.113,0.2142,10,0.2216,76,0.7017,0,-1,,0,-1,,0,-1,,0,-1,,0.035,102.31,10,2544087
100.0,1,-1,confirm,1.0,-100.1,-116.1,1.24,7,101.33,100.1,288,0.024,0.8,0.014,-0.04,10,-0.0149,269,0.2358,0,-1,,0,-1,,0,-1,,0,-1,,0.3405,50.41,10,2544452
100.0,1,1,fallback,1.0,-22.02,-38.02,28.14,120,50.17,22.02,181,0.663,0.894,0.099,0.0242,10,0.0844,179,0.3182,0,-1,,0,-1,,0,-1,,0,-1,,0.2358,101.35,10,2544740
100.0,1,-1,confirm,1.0,-98.1,-114.1,11.04,42,109.14,98.1,958,0.044,0.38,0.033,-0.0977,10,0.139,878,0.6468,1,950,-66.22,1,950,-66.22,0,-1,,0,-1,,0.1253,50.02,10,2544921
100.0,1,1,fallback,1.0,-14.57,-30.57,36.43,123,51.0,14.57,185,0.665,0.818,0.154,0.1237,11,0.1345,162,0.3559,0,-1,,0,-1,,0,-1,,0,-1,,0.025,109.26,11,2545879
100.0,1,-1,confirm,1.0,9.73,-6.27,66.89,3920,57.16,65.67,4490,0.873,2.133,0.101,0.1119,12,0.2337,4386,0.8203,1,2715,-24.32,1,2715,-24.32,0,-1,,1,3109,-10.94,0.1435,50.82,11,2546064
100.0,1,1,confirm,1.0,-69.39,-85.39,30.43,47,99.82,69.39,128,0.367,3.325,0.116,-0.0053,12,-0.0053,47,0.2649,0,-1,,0,-1,,0,-1,,0,-1,,0.449,57.54,12,2550554
100.0,1,-1,confirm,1.0,3.68,-12.32,55.16,619,51.48,19.61,2073,0.299,1.626,0.042,0.1872,12,0.286,943,0.7447,1,1424,11.03,1,1424,11.03,1,1424,11.03,0,-1,,0.1662,99.51,12,2550682
100.0,1,1,confirm,1.0,-87.06,-103.06,14.71,26,101.78,87.06,1400,0.019,1.763,0.081,0.098,13,0.1376,229,0.6024,1,510,-11.04,1,510,-11.04,0,-1,,1,557,-9.81,0.5908,51.77,13,2552755
100.0,1,-1,fallback,1.0,-40.82,-56.82,11.13,5,51.95,40.82,134,0.037,3.94,0.095,0.0199,13,0.0701,116,0.4692,0,-1,,0,-1,,0,-1,,0,-1,,0.2784,101.63,13,2554155
100.0,1,1,confirm,1.0,50.51,34.51,101.02,966,50.51,4.93,1315,0.735,3.065,0.043,-0.0237,13,0.2155,735,0.6642,1,894,75.15,1,894,75.15,1,894,75.15,1,921,71.45,0.229,52.01,13,2554289
100.0,1,-1,confirm,1.0,91.93,75.93,142.19,2528,50.26,3.68,2655,0.952,0.432,0.024,-0.0964,14,0.4544,1876,0.766,1,2425,106.64,1,2425,106.64,1,2425,106.64,1,2506,128.71,0.0287,50.01,13,2555604
100.0,1,1,confirm,1.0,-90.31,-106.31,9.9,12,100.21,90.31,1766,0.007,0.635,0.071,0.2068,14,0.3363,1684,0.78,1,288,-39.59,1,288,-39.59,1,288,-39.59,1,912,-61.86,0.4206,50.98,14,2558259
100.0,1,-1,fallback,1.0,-49.94,-65.94,1.25,2,51.19,49.94,506,0.004,1.283,0.042,-0.1047,15,-0.03,40,0.7973,0,-1,,0,-1,,0,-1,,0,-1,,0.5087,100.11,15,2560025
100.0,1,1,confirm,1.0,24.84,8.84,75.78,3335,50.93,31.06,3745,0.891,0.824,0.075,0.166,16,0.5126,2497,0.8286,1,780,23.6,1,780,23.6,1,780,23.6,1,3630,37.27,0.5997,51.19,15,2560531
100.0,1,-1,confirm,1.0,17.35,1.35,68.15,1280,50.81,13.63,1887,0.678,0.502,0.083,-0.0364,16,0.2001,771,0.7625,1,1164,40.89,1,1164,40.89,1,1164,40.89,1,1285,63.2,0.244,50.55,16,2564276
100.0,1,1,confirm,1.0,33.52,17.52,84.41,2047,50.89,7.45,2765,0.74,2.765,0.092,0.2184,17,0.6276,1086,0.9265,1,21,-3.72,1,2164,62.07,1,2164,62.07,1,2645,45.93,0.7289,51.15,16,2566163
100.0,1,-1,confirm,1.0,1.24,-14.76,51.96,16777,50.72,58.15,19184,0.875,0.503,0.09,0.7019,22,0.7025,16775,0.9547,1,242,7.42,1,1819,-0.0,1,1819,-0.0,1,2010,-21.03,0.5168,50.47,17,2568928
