theta,registry,side,kind,grid_s,gross_bp,net_real_bp,peak_fav_bp,t_peak_c,giveback_bp,max_adv_bp,dur_c,frac_peak,clmx60_pk,er600_pk,slean_pk,hod_pk,slmax,t_slmax_c,slmax60,r8_a05x0_trig,r8_a05x0_t_c,r8_a05x0_gx,r8_a10x0_trig,r8_a10x0_t_c,r8_a10x0_gx,r8_a20x0_trig,r8_a20x0_t_c,r8_a20x0_gx,r8_a10xm10_trig,r8_a10xm10_t_c,r8_a10xm10_gx,dive_depth,lag_bp,hod_entry,entry_idx
80.0,1,1,fallback,1.0,-41.39,-57.39,0.0,0,41.39,41.39,1294,0.0,1.856,0.276,0.3328,0,0.3328,0,0.9359,1,600,-24.37,1,600,-24.37,1,600,-24.37,1,880,-30.38,0.4117,82.54,0,2313
80.0,1,-1,confirm,1.0,27.49,11.49,67.53,2671,40.04,18.53,3082,0.867,1.83,0.332,0.4084,1,0.4398,2632,0.8725,1,941,2.47,1,941,2.47,1,941,2.47,1,1360,1.29,0.7655,41.39,1,3607
80.0,1,1,confirm,1.0,1.78,-14.22,43.09,154,41.31,2.4,601,0.256,1.447,0.334,0.6249,1,0.647,144,0.8412,1,588,11.09,1,588,11.09,1,588,11.09,0,-1,,0.6129,40.32,1,6689
80.0,1,-1,confirm,1.0,151.51,135.51,194.4,6560,42.88,24.89,6651,0.986,3.682,0.169,0.4439,3,0.53,6532,0.912,1,259,-23.33,1,259,-23.33,1,259,-23.33,1,259,-23.33,0.1525,41.13,2,7290
80.0,1,1,confirm,1.0,89.68,73.68,130.96,846,41.28,-0.0,953,0.888,0.736,0.231,0.3213,4,0.3213,846,0.7394,0,-1,,0,-1,,0,-1,,0,-1,,0.3369,43.73,3,13941
80.0,1,-1,confirm,1.0,-76.46,-92.46,8.11,2744,84.57,76.46,3286,0.835,2.641,0.177,0.0056,4,0.0468,492,0.8773,0,-1,,0,-1,,0,-1,,0,-1,,0.3633,40.75,4,14894
80.0,1,1,fallback,1.0,24.96,8.96,66.47,815,41.51,25.01,1421,0.574,0.532,0.111,0.1784,5,0.4676,108,0.8406,1,1069,44.11,1,1069,44.11,1,1069,44.11,1,1106,37.03,0.4606,84.64,5,18180
80.0,1,-1,confirm,1.0,-47.29,-63.29,34.47,335,81.77,47.29,1568,0.214,1.562,0.266,0.2978,5,0.3368,797,0.8845,1,1168,-8.36,1,1168,-8.36,1,1168,-8.36,1,1228,-9.86,0.2467,41.24,5,19601
80.0,1,1,fallback,1.0,-29.25,-45.25,11.2,372,40.44,29.25,1105,0.337,0.819,0.175,0.232,5,0.3683,4,0.7534,1,566,-2.5,1,566,-2.5,1,566,-2.5,1,600,-5.78,0.656,82.05,5,21169
80.0,1,-1,confirm,1.0,-2.38,-18.38,37.84,3014,40.22,58.1,3693,0.816,0.925,0.32,0.3723,7,0.5089,2880,0.9052,1,106,-6.44,1,106,-6.44,1,106,-6.44,1,179,-3.57,0.2256,40.4,6,22274
80.0,1,1,confirm,1.0,-52.04,-68.04,28.66,354,80.7,52.04,8615,0.041,1.252,0.291,0.3242,7,0.6291,2370,0.9518,1,155,-15.65,1,155,-15.65,1,155,-15.65,1,950,10.48,0.5675,40.37,7,25967
80.0,1,-1,fallback,1.0,-19.98,-35.98,20.37,745,40.35,19.98,796,0.936,0.989,0.308,-0.1467,9,0.417,177,0.9247,1,299,5.77,1,299,5.77,1,299,5.77,1,579,8.85,0.5761,80.47,9,34582
80.0,1,1,confirm,1.0,41.84,25.84,82.22,1129,40.38,4.27,1670,0.676,1.605,0.191,0.2991,10,0.4753,66,0.8453,1,665,22.12,1,665,22.12,1,665,22.12,1,806,32.28,0.8853,40.43,9,35378
80.0,1,-1,confirm,1.0,21.88,5.88,62.99,7376,41.12,30.35,7807,0.945,0.788,0.283,0.1845,12,0.3376,4820,0.9003,1,228,-3.47,1,228,-3.47,1,1752,0.0,1,301,-3.03,0.4368,40.05,10,37048
80.0,1,1,confirm,1.0,-52.25,-68.25,27.66,3175,79.91,52.25,4675,0.679,1.754,0.214,0.0848,13,0.3904,278,0.847,1,726,-29.58,1,726,-29.58,1,726,-29.58,1,844,-21.11,0.4493,41.38,12,44855
80.0,1,-1,confirm,1.0,-28.99,-44.99,11.04,77,40.02,28.99,334,0.231,1.839,0.121,0.2821,13,0.2842,78,0.6599,0,-1,,0,-1,,0,-1,,0,-1,,0.2323,79.69,13,49530
80.0,1,1,confirm,1.0,-60.03,-76.03,20.33,19,80.36,60.03,4869,0.004,1.136,0.025,-0.1813,13,0.2958,2822,0.7331,1,592,-9.27,1,3021,-6.88,1,3021,-6.88,1,3088,-23.18,0.6566,40.07,13,49864
80.0,1,-1,fallback,1.0,-3.2,-19.2,36.67,575,39.87,12.06,907,0.634,1.129,0.219,0.1371,15,0.1555,1,0.6835,1,868,5.48,1,868,5.48,0,-1,,0,-1,,0.5607,80.19,15,54733
80.0,1,1,confirm,1.0,-56.78,-72.78,23.5,220,80.27,56.78,1215,0.181,0.662,0.182,0.2104,15,0.2493,273,0.7497,1,681,-38.84,1,681,-38.84,1,681,-38.84,1,1178,-49.56,0.3552,40.02,15,55640
80.0,1,-1,fallback,1.0,0.61,-15.39,41.05,910,40.44,35.44,972,0.936,1.363,0.225,0.2404,16,0.2603,410,0.8206,0,-1,,0,-1,,0,-1,,0,-1,,0.7014,80.08,15,56855
80.0,1,1,confirm,1.0,-48.11,-64.11,34.57,168,82.68,48.11,1074,0.156,0.603,0.066,0.0316,16,0.0821,499,0.7059,1,561,-12.11,0,-1,,0,-1,,0,-1,,0.3105,40.61,16,57827
80.0,1,-1,fallback,1.0,0.26,-15.74,40.53,363,40.27,7.35,924,0.393,1.074,0.172,0.2458,16,0.2969,207,0.6479,1,872,16.47,1,872,16.47,1,872,16.47,0,-1,,0.4112,82.4,16,58901
80.0,1,1,confirm,1.0,5.0,-11.0,46.47,1433,41.47,4.33,1687,0.849,0.974,0.197,0.2336,17,0.282,656,0.8372,1,74,7.86,1,1684,7.91,1,1684,7.91,0,-1,,0.6479,40.44,16,59825
80.0,1,-1,confirm,1.0,51.48,35.48,91.27,10658,39.78,50.52,11177,0.954,0.761,0.113,0.3118,20,0.5031,2931,0.9435,1,828,-5.92,1,828,-5.92,1,828,-5.92,1,1783,-49.34,0.5845,41.28,17,61512
80.0,1,1,confirm,1.0,-64.18,-80.18,15.38,139,79.56,64.18,2217,0.063,0.674,0.194,0.244,20,0.4151,1112,0.8732,1,408,-28.09,1,408,-28.09,1,408,-28.09,1,408,-28.09,0.2859,40.15,20,72689
80.0,1,-1,confirm,1.0,6.89,-9.11,48.78,401,41.89,16.05,817,0.491,7.091,0.199,0.6843,20,0.7344,399,0.8879,0,-1,,0,-1,,0,-1,,0,-1,,0.4901,79.44,20,74906
80.0,1,1,confirm,1.0,61.84,45.84,103.21,2058,41.36,1.68,2203,0.934,4.419,0.153,0.2863,21,0.3195,2020,0.8071,1,1000,80.09,1,1000,80.09,1,1000,80.09,0,-1,,0.7969,42.09,21,75723
80.0,1,-1,confirm,1.0,-60.41,-76.41,23.06,170,83.47,60.41,639,0.266,0.641,0.123,-0.1353,21,0.0581,496,0.6548,1,540,-24.91,0,-1,,0,-1,,0,-1,,0.4566,40.94,21,77926
80.0,1,1,fallback,1.0,-38.07,-54.07,2.07,17,40.14,38.07,255,0.067,1.635,0.148,0.3528,21,0.3772,91,0.6207,0,-1,,0,-1,,0,-1,,0,-1,,0.4827,83.67,21,78565
80.0,1,-1,confirm,1.0,49.13,33.13,90.2,1677,41.07,36.35,1898,0.884,1.83,0.152,0.2902,22,0.3629,1306,0.8908,1,445,-20.17,0,-1,,0,-1,,0,-1,,0.3015,40.14,21,78820
80.0,1,1,confirm,1.0,-79.29,-95.29,0.71,2,79.99,79.29,2231,0.001,0.488,0.01,-0.0794,22,0.1059,1977,0.7193,1,531,-16.45,1,531,-16.45,0,-1,,1,723,-37.67,0.5201,41.44,22,80718
80.0,1,-1,fallback,1.0,12.83,-3.17,53.56,509,40.73,1.26,614,0.829,0.586,0.149,0.2609,23,0.2989,64,0.6198,0,-1,,0,-1,,0,-1,,0,-1,,0.21,79.99,23,82949
80.0,1,1,confirm,1.0,-71.46,-87.46,8.75,76,80.21,71.46,2172,0.035,0.509,0.019,-0.0165,23,0.1847,495,0.7315,1,584,-18.76,1,584,-18.76,0,-1,,1,676,-42.17,0.5329,40.95,23,83563
80.0,1,-1,fallback,1.0,-21.82,-37.82,18.39,387,40.21,21.82,697,0.555,2.114,0.105,0.2147,23,0.2863,552,0.7099,0,-1,,0,-1,,0,-1,,0,-1,,0.638,80.14,23,85735
80.0,1,1,confirm,1.0,-68.33,-84.33,12.01,103,80.34,68.33,1500,0.069,0.825,0.098,0.0455,0,0.2822,290,0.8992,1,584,-10.1,1,584,-10.1,1,584,-10.1,1,699,2.07,0.4278,40.29,0,86432
80.0,1,-1,fallback,1.0,50.5,34.5,90.61,268,40.11,1.72,328,0.817,2.338,0.208,0.4329,0,0.479,43,0.5875,0,-1,,0,-1,,0,-1,,0,-1,,0.5502,80.25,0,87932
80.0,1,1,confirm,1.0,-49.26,-65.26,34.25,251,83.51,49.26,433,0.58,0.281,0.029,-0.2182,0,-0.098,363,0.4869,0,-1,,0,-1,,0,-1,,0,-1,,0.5415,40.47,0,88260
80.0,1,-1,fallback,1.0,-9.32,-25.32,31.45,75,40.77,9.32,279,0.269,1.759,0.078,0.2184,0,0.2617,32,0.7102,0,-1,,0,-1,,0,-1,,0,-1,,0.4869,83.22,0,88693
80.0,1,1,confirm,1.0,9.22,-6.78,49.86,115,40.63,-0.0,172,0.669,0.727,0.009,-0.2004,0,-0.1803,55,0.6226,0,-1,,0,-1,,0,-1,,0,-1,,0.2741,40.9,0,88972
80.0,1,-1,confirm,1.0,17.92,1.92,59.25,497,41.33,3.41,532,0.934,3.159,0.101,0.401,0,0.401,497,0.7527,0,-1,,0,-1,,0,-1,,0,-1,,0.394,40.43,0,89144
80.0,1,1,confirm,1.0,-49.94,-65.94,34.74,421,84.68,49.94,1293,0.326,0.644,0.027,-0.1339,1,0.2079,728,0.7601,1,1062,-20.36,1,1062,-20.36,1,1062,-20.36,1,1228,-34.86,0.6482,41.58,0,89676
80.0,1,-1,fallback,1.0,20.16,4.16,61.42,440,41.25,20.52,593,0.742,1.443,0.099,0.3277,1,0.3638,50,0.6703,0,-1,,0,-1,,0,-1,,0,-1,,0.4603,84.39,1,90969
80.0,1,1,confirm,1.0,8.29,-7.71,51.26,561,42.97,33.7,697,0.805,0.725,0.082,0.2206,1,0.223,565,0.5893,0,-1,,0,-1,,0,-1,,0,-1,,0.1513,41.51,1,91562
80.0,1,-1,confirm,1.0,198.57,182.57,238.99,1634,40.42,12.32,1662,0.983,0.921,0.137,0.3569,2,0.4705,1071,0.6934,1,534,29.22,0,-1,,0,-1,,0,-1,,0.5605,42.75,1,92259
80.0,1,1,confirm,1.0,88.56,72.56,130.19,162,41.63,1.29,231,0.701,1.538,0.023,-0.2564,2,-0.2483,148,0.2328,0,-1,,0,-1,,0,-1,,0,-1,,0.2969,41.41,2,93921
80.0,1,-1,confirm,1.0,-48.6,-64.6,34.28,59,82.89,48.6,308,0.192,0.874,0.021,0.2972,2,0.3197,95,0.6789,0,-1,,0,-1,,0,-1,,0,-1,,0.0516,41.1,2,94152
80.0,1,1,fallback,1.0,-41.77,-57.77,0.0,0,41.77,41.77,63,0.0,0.55,0.12,-0.0435,2,-0.0264,27,0.6084,0,-1,,0,-1,,0,-1,,0,-1,,0.6789,83.17,2,94460
80.0,1,-1,confirm,1.0,-70.05,-86.05,11.19,16,81.24,70.05,314,0.051,1.577,0.031,0.1654,2,0.2138,121,0.8449,0,-1,,0,-1,,0,-1,,0,-1,,0.6005,41.77,2,94523
80.0,1,1,fallback,1.0,81.55,65.55,123.44,772,41.89,11.34,886,0.871,1.298,0.117,0.012,2,0.0727,538,0.6534,1,568,48.37,0,-1,,0,-1,,0,-1,,0.8038,81.33,2,94837
80.0,1,-1,confirm,1.0,-63.14,-79.14,17.63,37,80.77,63.14,789,0.047,0.818,0.035,0.1821,2,0.3042,245,0.8378,1,789,-63.14,1,789,-63.14,1,789,-63.14,0,-1,,0.14,41.38,2,95723
80.0,1,1,fallback,1.0,-34.47,-50.47,7.05,2,41.52,34.47,249,0.008,2.869,0.104,0.0922,2,0.0922,2,0.7643,1,222,-11.48,0,-1,,0,-1,,0,-1,,0.4878,80.92,2,96512
80.0,1,-1,confirm,1.0,-52.56,-68.56,31.12,417,83.68,52.56,680,0.613,0.552,0.146,0.5338,2,0.5397,410,0.8849,0,-1,,0,-1,,0,-1,,0,-1,,0.7643,41.49,2,96761
80.0,1,1,fallback,1.0,7.4,-8.6,48.93,207,41.54,5.26,481,0.43,1.377,0.167,0.0072,3,0.2118,351,0.7101,0,-1,,0,-1,,0,-1,,0,-1,,0.2561,83.94,3,97441
80.0,1,-1,confirm,1.0,-79.6,-95.6,3.09,1,82.68,79.6,1169,0.001,0.612,0.064,-0.1517,3,0.2363,978,0.7388,1,1163,-71.63,1,1163,-71.63,1,1163,-71.63,0,-1,,0.2429,41.33,3,97922
80.0,1,1,fallback,1.0,-0.35,-16.35,40.89,98,41.24,7.17,332,0.295,3.037,0.17,0.1569,3,0.2472,318,0.6237,0,-1,,0,-1,,0,-1,,0,-1,,0.4161,82.71,3,99091
80.0,1,-1,confirm,1.0,-81.93,-97.93,0.0,2,81.93,81.93,2869,0.001,1.676,0.084,-0.2395,3,0.2509,1347,0.7287,1,898,-17.45,1,2204,-65.04,1,2204,-65.04,0,-1,,0.323,41.07,3,99423
80.0,1,1,fallback,1.0,-40.81,-56.81,0.0,0,40.81,40.81,417,0.0,0.557,0.06,-0.1443,4,-0.0717,287,0.2548,0,-1,,0,-1,,0,-1,,0,-1,,0.63,81.93,4,102292
80.0,1,-1,confirm,1.0,81.49,65.49,121.43,2373,39.94,0.24,2789,0.851,1.225,0.202,0.3311,5,0.4043,183,0.8853,1,703,15.2,1,703,15.2,1,703,15.2,1,782,13.02,0.18,40.81,4,102709
80.0,1,1,confirm,1.0,16.19,0.19,56.81,1034,40.62,51.0,1915,0.54,0.884,0.161,-0.2075,5,0.1228,197,0.7122,1,448,-25.07,1,448,-25.07,0,-1,,1,661,-23.5,0.7572,40.43,5,105498
80.0,1,-1,confirm,1.0,-52.85,-68.85,29.03,597,81.88,52.85,1686,0.354,0.946,0.132,0.2012,6,0.3424,91,0.8691,1,778,-8.18,1,778,-8.18,1,778,-8.18,1,1143,-19.85,0.1032,40.39,5,107413
80.0,1,1,fallback,1.0,-31.1,-47.1,10.02,30,41.12,31.1,711,0.042,1.832,0.186,0.2632,6,0.3299,9,0.6261,1,414,-25.42,1,414,-25.42,1,414,-25.42,1,414,-25.42,0.2271,82.12,6,109099
80.0,1,-1,confirm,1.0,71.06,55.06,111.86,3032,40.8,33.28,3608,0.84,1.271,0.198,0.2914,7,0.4166,2276,0.8607,1,362,-14.9,1,362,-14.9,1,362,-14.9,1,635,-20.67,0.0656,41.08,6,109810
80.0,1,1,confirm,1.0,4.79,-11.21,45.17,765,40.39,6.94,1069,0.716,2.358,0.096,0.4365,7,0.44,789,0.8301,1,73,11.69,0,-1,,0,-1,,0,-1,,0.0652,41.26,7,113418
80.0,1,-1,confirm,1.0,8.04,-7.96,48.68,817,40.64,18.59,915,0.893,1.063,0.185,-0.1302,8,-0.1178,296,0.4081,0,-1,,0,-1,,0,-1,,0,-1,,0.8109,40.2,7,114487
80.0,1,1,confirm,1.0,-54.47,-70.47,25.83,109,80.3,54.47,566,0.193,0.523,0.061,0.1825,8,0.2054,31,0.5297,1,335,-33.58,1,335,-33.58,1,335,-33.58,0,-1,,0.3983,40.84,8,115402
80.0,1,-1,fallback,1.0,-21.67,-37.67,20.82,184,42.5,21.67,360,0.511,1.434,0.247,0.319,8,0.319,184,0.6593,0,-1,,0,-1,,0,-1,,0,-1,,0.4187,80.1,8,115968
80.0,1,1,confirm,1.0,-51.74,-67.74,34.43,2397,86.17,51.74,3243,0.739,0.806,0.175,0.1745,8,0.2681,1076,0.9449,1,1910,-5.57,1,1910,-5.57,1,1910,-5.57,1,2745,-17.58,0.4895,42.59,8,116328
80.0,1,-1,fallback,1.0,37.46,21.46,77.32,1109,39.86,33.43,1314,0.844,1.419,0.123,0.364,9,0.4834,794,0.8688,0,-1,,0,-1,,0,-1,,0,-1,,0.6778,85.87,9,119571
80.0,1,1,confirm,1.0,7.39,-8.61,48.92,1513,41.53,27.62,1789,0.846,1.727,0.095,0.0697,9,0.3639,680,0.7995,1,1261,14.62,1,1261,14.62,1,1261,14.62,0,-1,,0.5414,40.17,9,120885
80.0,1,-1,confirm,1.0,0.72,-15.28,41.34,706,40.62,9.44,908,0.778,1.503,0.103,0.1108,10,0.4683,371,0.851,0,-1,,0,-1,,0,-1,,0,-1,,0.3642,41.33,10,122674
80.0,1,1,confirm,1.0,-80.31,-96.31,0.0,1,80.31,80.31,595,0.002,0.577,0.053,-0.0347,10,-0.0198,63,0.3773,0,-1,,0,-1,,0,-1,,0,-1,,0.6435,40.79,10,123582
80.0,1,-1,fallback,1.0,-33.92,-49.92,11.32,31,45.24,33.92,263,0.118,2.84,0.191,0.4521,10,0.4585,47,0.6794,0,-1,,0,-1,,0,-1,,0,-1,,0.2458,80.31,10,124177
80.0,1,1,confirm,1.0,-72.0,-88.0,12.76,322,84.76,72.0,2215,0.145,0.593,0.083,-0.0627,10,0.2001,377,0.6892,1,470,7.1,1,470,7.1,1,470,7.1,0,-1,,0.6339,45.29,10,124440
80.0,1,-1,fallback,1.0,-35.44,-51.44,5.21,19,40.66,35.44,436,0.044,2.484,0.082,0.0621,11,0.1633,306,0.3445,1,366,-24.34,1,366,-24.34,0,-1,,0,-1,,0.4078,84.65,11,126655
80.0,1,1,confirm,1.0,9.37,-6.63,54.69,793,45.32,11.71,864,0.918,1.009,0.122,0.5336,11,0.5467,752,0.8119,0,-1,,0,-1,,0,-1,,0,-1,,0.2306,40.68,11,127091
80.0,1,-1,confirm,1.0,11.14,-4.86,53.51,699,42.37,8.05,961,0.727,0.464,0.141,0.0995,11,0.1589,530,0.7007,1,895,25.21,1,895,25.21,0,-1,,1,920,23.62,0.3784,45.07,11,127955
80.0,1,1,confirm,1.0,-3.2,-19.2,37.78,958,40.98,17.61,1229,0.779,1.823,0.148,0.1245,12,0.1998,168,0.6423,1,1029,2.88,1,1029,2.88,0,-1,,0,-1,,0.2591,42.6,11,128916
80.0,1,-1,confirm,1.0,-72.69,-88.69,9.29,24,81.98,72.69,822,0.029,1.766,0.059,0.0587,12,0.1075,4,0.4977,1,380,-24.71,1,380,-24.71,0,-1,,1,749,-50.02,0.2534,40.82,12,130145
80.0,1,1,fallback,1.0,37.87,21.87,78.44,90,40.58,0.05,214,0.421,2.502,0.251,0.2428,12,0.2452,87,0.4688,0,-1,,0,-1,,0,-1,,0,-1,,0.0102,82.06,12,130967
80.0,1,-1,confirm,1.0,-70.23,-86.23,11.67,45,81.9,70.23,384,0.117,1.193,0.069,-0.1523,12,-0.1323,301,0.3047,0,-1,,0,-1,,0,-1,,0,-1,,0.3719,40.26,12,131181
80.0,1,1,fallback,1.0,-26.36,-42.36,14.13,54,40.49,26.36,166,0.325,1.853,0.093,0.105,12,0.1721,1,0.4009,0,-1,,0,-1,,0,-1,,0,-1,,0.3047,81.99,12,131565
80.0,1,-1,confirm,1.0,-79.16,-95.16,2.52,5,81.68,79.16,871,0.006,0.747,0.04,-0.0717,12,-0.051,41,0.2777,0,-1,,0,-1,,0,-1,,0,-1,,0.135,40.43,12,131731
80.0,1,1,fallback,1.0,-32.85,-48.85,7.27,55,40.12,32.85,428,0.129,1.006,0.095,0.2169,12,0.2211,28,0.4014,0,-1,,0,-1,,0,-1,,0,-1,,0.0555,81.7,12,132602
80.0,1,-1,confirm,1.0,57.29,41.29,100.19,1680,42.9,19.15,2009,0.836,1.159,0.154,0.2394,13,0.3287,1525,0.776,1,380,-12.56,1,380,-12.56,1,2000,66.91,0,-1,,0.3517,40.09,12,133030
80.0,1,1,confirm,1.0,100.73,84.73,141.92,537,41.19,-0.0,713,0.753,1.255,0.143,0.3785,13,0.4214,453,0.7253,0,-1,,0,-1,,0,-1,,0,-1,,0.4945,43.33,13,135039
80.0,1,-1,confirm,1.0,7.36,-8.64,49.24,215,41.88,0.45,319,0.674,0.485,0.025,-0.1908,13,-0.1783,298,0.6171,0,-1,,0,-1,,0,-1,,0,-1,,0.1377,40.61,13,135752
80.0,1,1,confirm,1.0,17.3,1.3,58.04,892,40.73,39.73,1038,0.859,1.158,0.106,0.084,14,0.2094,15,0.4655,1,21,-1.37,1,21,-1.37,1,21,-1.37,1,23,4.04,0.5502,42.09,13,136071
80.0,1,-1,confirm,1.0,-1.9,-17.9,40.25,2628,42.16,69.75,3628,0.724,1.437,0.062,0.1847,14,0.4002,1924,0.7423,1,3488,15.4,1,3488,15.4,1,3488,15.4,1,3539,6.14,0.1531,40.5,14,137109
80.0,1,1,confirm,1.0,13.61,-2.39,53.88,575,40.28,-0.0,765,0.752,0.908,0.137,0.1894,15,0.1903,576,0.5685,0,-1,,0,-1,,0,-1,,0,-1,,0.7193,42.33,15,140737
80.0,1,-1,confirm,1.0,13.07,-2.93,53.63,310,40.56,0.0,466,0.665,1.043,0.203,0.1612,15,0.1698,413,0.7722,0,-1,,0,-1,,0,-1,,0,-1,,0.2677,40.06,15,141502
80.0,1,1,confirm,1.0,-76.68,-92.68,3.65,379,80.33,76.68,3859,0.098,1.901,0.123,0.2243,15,0.3168,1990,0.8243,1,860,-29.41,1,860,-29.41,1,860,-29.41,1,1192,-41.46,0.0758,40.78,15,141968
80.0,1,-1,fallback,1.0,-22.81,-38.81,18.09,366,40.9,22.81,507,0.722,0.669,0.135,0.174,16,0.1962,289,0.5786,0,-1,,0,-1,,0,-1,,0,-1,,0.2622,80.3,16,145827
80.0,1,1,confirm,1.0,-52.42,-68.42,32.02,593,84.44,52.42,2243,0.264,2.401,0.119,0.2284,16,0.4126,1948,0.7935,1,1569,-36.1,1,1569,-36.1,1,1569,-36.1,0,-1,,0.1073,40.97,16,146334
80.0,1,-1,fallback,1.0,21.83,5.83,66.78,1768,44.95,3.78,2094,0.844,1.343,0.07,0.3009,17,0.3209,1803,0.7585,1,2094,21.83,1,2094,21.83,1,2094,21.83,1,2094,21.83,0.2159,84.17,17,148577
80.0,1,1,confirm,1.0,20.79,4.79,62.65,95,41.86,-0.0,810,0.117,1.716,0.244,0.3136,17,0.4495,435,0.8188,1,701,27.68,1,701,27.68,1,701,27.68,0,-1,,0.5965,45.25,17,150671
80.0,1,-1,confirm,1.0,-77.07,-93.07,35.56,611,112.64,77.07,1480,0.413,0.85,0.132,0.1527,18,0.3409,421,0.7513,1,674,33.06,1,674,33.06,1,674,33.06,1,1008,-2.97,0.2678,41.6,18,151481
80.0,1,1,fallback,1.0,-6.83,-22.83,34.67,75,41.49,6.83,145,0.517,2.413,0.281,0.322,18,0.4325,0,0.8312,0,-1,,0,-1,,0,-1,,0,-1,,0.5118,113.04,18,152961
80.0,1,-1,confirm,1.0,-51.08,-67.08,31.24,2353,82.32,51.08,3433,0.685,0.715,0.122,0.1852,19,0.2685,1891,0.8284,1,2532,7.37,1,2532,7.37,1,2532,7.37,1,2599,-18.17,0.1618,41.35,18,153106
80.0,1,1,fallback,1.0,-38.35,-54.35,1.85,52,40.2,38.35,334,0.156,2.097,0.099,0.2545,19,0.2675,8,0.5136,0,-1,,0,-1,,0,-1,,0,-1,,0.2667,82.58,19,156539
80.0,1,-1,confirm,1.0,60.72,44.72,101.84,2036,41.12,10.24,2276,0.895,1.068,0.215,0.3325,20,0.4006,1609,0.885,0,-1,,0,-1,,0,-1,,0,-1,,0.4644,40.19,19,156873
80.0,1,1,confirm,1.0,16.76,0.76,57.31,3509,40.55,51.83,4004,0.876,0.999,0.122,-0.2706,21,0.0614,1466,0.7949,1,1480,-7.24,0,-1,,0,-1,,0,-1,,0.5038,41.54,20,159149
80.0,1,-1,confirm,1.0,36.22,20.22,76.3,1332,40.08,10.93,1442,0.924,2.615,0.175,0.1811,21,0.56,224,0.9518,0,-1,,0,-1,,0,-1,,0,-1,,0.2371,40.32,21,163153
80.0,1,1,confirm,1.0,29.5,13.5,73.2,5116,43.7,30.6,5506,0.929,0.976,0.078,0.0546,23,0.3744,4456,0.902,1,2749,-8.83,1,2749,-8.83,1,2749,-8.83,1,2854,-12.62,0.3884,40.39,21,164595
80.0,1,-1,confirm,1.0,-50.88,-66.88,30.35,298,81.23,50.88,2439,0.122,1.127,0.358,0.3028,23,0.36,229,0.8527,1,421,18.36,1,421,18.36,1,421,18.36,1,707,21.18,0.174,43.38,23,170101
80.0,1,1,fallback,1.0,-38.27,-54.27,2.74,17,41.01,38.27,1115,0.015,1.427,0.168,0.1236,23,0.1236,17,0.9604,1,49,-6.01,1,49,-6.01,0,-1,,1,281,-10.56,0.0269,81.48,23,172540
80.0,1,-1,confirm,1.0,54.34,38.34,94.56,3038,40.22,50.92,3612,0.841,1.798,0.254,0.3809,1,0.418,3160,0.7062,1,98,-2.42,0,-1,,0,-1,,0,-1,,0.7973,40.99,0,173655
80.0,1,1,confirm,1.0,-1.26,-17.26,40.75,966,42.02,25.81,1451,0.666,3.102,0.101,0.2328,1,0.3998,1360,0.92,1,851,-1.26,1,851,-1.26,1,851,-1.26,0,-1,,0.5832,40.6,1,177267
80.0,1,-1,confirm,1.0,66.67,50.67,107.43,3102,40.76,23.06,3436,0.903,1.139,0.142,0.2676,2,0.4811,2524,0.8196,1,3234,83.34,1,3234,83.34,1,3234,83.34,1,3410,73.06,0.8859,41.84,1,178718
80.0,1,1,confirm,1.0,-68.81,-84.81,11.77,126,80.58,68.81,1792,0.07,0.848,0.064,0.1089,2,0.1612,270,0.6351,1,415,-26.81,1,415,-26.81,0,-1,,1,453,-44.44,0.0987,41.2,2,182154
80.0,1,-1,fallback,1.0,-24.13,-40.13,17.03,359,41.16,24.13,648,0.554,0.937,0.088,0.4161,3,0.4607,357,0.8607,0,-1,,0,-1,,0,-1,,0,-1,,0.5942,80.49,3,183946
80.0,1,1,confirm,1.0,6.39,-9.61,46.65,939,40.26,9.9,1510,0.622,2.417,0.168,0.2956,3,0.301,1254,0.8811,0,-1,,0,-1,,0,-1,,0,-1,,0.6807,41.23,3,184594
80.0,1,-1,confirm,1.0,-58.9,-74.9,22.99,1346,81.89,58.9,2642,0.509,2.082,0.131,0.1396,4,0.3361,1445,0.8669,1,117,5.66,1,1308,8.79,1,1958,-34.17,1,1996,-39.03,0.467,40.07,3,186104
80.0,1,1,fallback,1.0,-3.0,-19.0,37.36,253,40.36,3.0,1229,0.206,0.353,0.251,0.4891,4,0.4922,259,0.7653,1,652,22.23,1,652,22.23,1,652,22.23,1,743,17.63,0.7703,82.08,4,188746
80.0,1,-1,confirm,1.0,-81.83,-97.83,22.18,155,104.01,81.83,763,0.203,0.717,0.195,0.3871,4,0.3871,155,0.8214,1,273,-20.32,1,273,-20.32,1,273,-20.32,1,497,-42.23,0.4005,40.21,4,189975
80.0,1,1,fallback,1.0,-11.25,-27.25,29.38,69,40.63,11.25,260,0.265,2.402,0.303,0.3736,5,0.4694,2,0.8946,0,-1,,0,-1,,0,-1,,0,-1,,0.5455,104.24,4,190738
80.0,1,-1,confirm,1.0,86.39,70.39,126.79,2655,40.4,20.4,2909,0.913,1.502,0.161,0.2822,5,0.3988,2281,0.8761,1,663,7.88,1,663,7.88,0,-1,,1,680,6.47,0.3238,40.51,5,190998
80.0,1,1,confirm,1.0,-70.29,-86.29,13.99,36,84.28,70.29,371,0.097,0.497,0.007,-0.1747,5,-0.054,343,0.6295,0,-1,,0,-1,,0,-1,,0,-1,,0.618,40.92,5,193907
80.0,1,-1,fallback,1.0,-1.72,-17.72,38.53,186,40.25,9.93,229,0.812,1.65,0.166,0.3923,6,0.4029,77,0.78,0,-1,,0,-1,,0,-1,,0,-1,,0.609,84.17,5,194278
80.0,1,1,confirm,1.0,-15.81,-31.81,29.43,403,45.24,67.53,647,0.623,0.389,0.023,-0.1041,6,0.0112,557,0.652,0,-1,,0,-1,,0,-1,,0,-1,,0.2601,40.41,6,194507
80.0,1,-1,confirm,1.0,130.42,114.42,173.42,632,43.0,2.31,650,0.972,1.856,0.147,0.378,6,0.3815,569,0.7778,1,73,23.2,0,-1,,0,-1,,0,-1,,0.3819,45.11,6,195154
80.0,1,1,confirm,1.0,33.79,17.79,74.3,617,40.51,64.03,678,0.91,0.996,0.055,-0.0843,6,-0.0362,666,0.4537,0,-1,,0,-1,,0,-1,,0,-1,,0.3961,43.76,6,195804
80.0,1,-1,confirm,1.0,-69.65,-85.65,11.92,28,81.57,69.65,584,0.048,0.917,0.017,0.1042,6,0.1648,330,0.5744,0,-1,,0,-1,,0,-1,,0,-1,,0.2389,40.21,6,196482
80.0,1,1,fallback,1.0,-38.73,-54.73,4.26,37,42.99,38.73,115,0.322,1.381,0.105,0.0144,6,0.0489,112,0.4075,0,-1,,0,-1,,0,-1,,0,-1,,0.4794,81.67,6,197066
80.0,1,-1,confirm,1.0,44.57,28.57,84.37,1262,39.8,26.57,1331,0.948,1.229,0.127,0.2378,7,0.253,1216,0.6625,0,-1,,0,-1,,0,-1,,0,-1,,0.3293,42.97,6,197181
80.0,1,1,confirm,1.0,195.02,179.02,236.66,3088,41.64,45.67,3388,0.911,1.599,0.087,0.2044,8,0.2658,1520,0.5894,1,693,0.89,0,-1,,0,-1,,0,-1,,0.181,40.14,7,198512
80.0,1,-1,confirm,1.0,1.95,-14.05,44.21,781,42.25,18.59,1364,0.573,1.113,0.122,-0.0958,8,0.1177,333,0.6875,1,553,14.88,1,553,14.88,0,-1,,1,766,37.3,0.4017,40.68,8,201900
80.0,1,1,confirm,1.0,-70.68,-86.68,12.38,257,83.05,70.68,1528,0.168,1.093,0.078,0.0466,8,0.3282,1250,0.9487,1,270,0.04,1,270,0.04,1,270,0.04,1,391,-20.75,0.0336,42.44,8,203264
80.0,1,-1,fallback,1.0,-22.5,-38.5,18.77,123,41.27,22.5,435,0.283,2.252,0.167,0.3,8,0.3108,122,0.6806,0,-1,,0,-1,,0,-1,,0,-1,,0.3332,82.95,8,204792
80.0,1,1,confirm,1.0,72.2,56.2,113.05,881,40.85,12.36,957,0.921,3.875,0.264,0.398,9,0.4096,879,0.7884,1,710,22.52,0,-1,,0,-1,,0,-1,,0.5872,41.34,9,205227
80.0,1,-1,confirm,1.0,57.82,41.82,98.89,5009,41.07,27.93,5290,0.947,0.465,0.148,0.1629,10,0.3969,1696,0.8782,1,843,-12.54,1,843,-12.54,1,2141,2.57,1,2827,20.97,0.5379,40.39,9,206184
80.0,1,1,confirm,1.0,-67.18,-83.18,12.44,16,79.62,67.18,3372,0.005,1.864,0.106,-0.0215,10,0.2701,448,0.9317,1,205,-4.06,1,872,-13.05,1,872,-13.05,1,914,-14.97,0.3476,41.48,10,211474
80.0,1,-1,confirm,1.0,50.35,34.35,90.79,1438,40.44,7.24,1542,0.933,0.975,0.131,0.21,12,0.2631,302,0.7749,1,891,29.99,1,891,29.99,1,891,29.99,1,895,23.64,0.6922,79.52,11,214846
80.0,1,1,confirm,1.0,48.51,32.51,90.17,1070,41.65,-0.0,1301,0.822,0.835,0.106,-0.1972,12,0.3238,796,0.7845,1,860,64.67,1,860,64.67,1,860,64.67,1,861,64.67,0.2431,40.81,12,216388
80.0,1,-1,confirm,1.0,50.6,34.6,92.93,497,42.32,30.26,542,0.917,0.718,0.133,0.3697,12,0.3926,503,0.7363,1,161,11.9,1,161,11.9,1,161,11.9,0,-1,,0.6008,41.28,12,217689
80.0,1,1,confirm,1.0,5.61,-10.39,46.33,1702,40.72,6.8,2304,0.739,2.924,0.08,0.0037,13,0.2406,590,0.7562,1,1087,2.7,1,1087,2.7,1,1087,2.7,1,1515,26.36,0.6672,42.72,12,218231
80.0,1,-1,confirm,1.0,158.92,142.92,198.8,2762,39.89,65.35,2802,0.986,0.911,0.097,0.3781,14,0.4519,2463,0.8218,1,1043,-37.11,1,1043,-37.11,0,-1,,0,-1,,0.2967,40.53,13,220535
80.0,1,1,confirm,1.0,-69.43,-85.43,10.76,26,80.18,69.43,254,0.102,0.621,0.032,-0.3818,14,-0.3679,0,0.0633,0,-1,,0,-1,,0,-1,,0,-1,,0.3165,40.69,14,223337
80.0,1,-1,fallback,1.0,-32.57,-48.57,8.44,3,41.0,32.57,37,0.081,1.906,0.091,0.4541,14,0.4631,2,0.6686,0,-1,,0,-1,,0,-1,,0,-1,,0.0633,80.1,14,223591
80.0,1,1,confirm,1.0,43.16,27.16,84.08,147,40.92,1.65,227,0.648,0.803,0.07,-0.1971,14,-0.1845,165,0.3617,0,-1,,0,-1,,0,-1,,0,-1,,0.6506,41.04,14,223628
80.0,1,-1,confirm,1.0,10.51,-5.49,51.51,91,41.0,0.0,160,0.569,0.506,0.035,0.2551,14,0.2586,82,0.5946,0,-1,,0,-1,,0,-1,,0,-1,,0.2817,40.57,14,223855
80.0,1,1,confirm,1.0,-56.43,-72.43,25.06,171,81.49,56.43,654,0.261,0.485,0.079,-0.1686,14,-0.0347,191,0.4376,0,-1,,0,-1,,0,-1,,0,-1,,0.4904,41.21,14,224015
80.0,1,-1,fallback,1.0,-3.58,-19.58,37.87,465,41.45,3.58,573,0.812,0.605,0.109,0.2907,14,0.3267,339,0.5915,0,-1,,0,-1,,0,-1,,0,-1,,0.2066,81.28,14,224669
80.0,1,1,confirm,1.0,58.39,42.39,99.03,233,40.65,6.94,282,0.826,1.448,0.128,-0.038,14,-0.0161,180,0.4182,0,-1,,0,-1,,0,-1,,0,-1,,0.375,41.6,14,225242
80.0,1,-1,confirm,1.0,8.16,-7.84,51.0,1003,42.84,30.89,1137,0.882,1.55,0.075,0.1372,14,0.193,473,0.6925,1,153,4.23,0,-1,,0,-1,,0,-1,,0.3841,40.25,14,225524
80.0,1,1,confirm,1.0,-56.17,-72.17,23.65,327,79.81,56.17,936,0.349,1.736,0.029,0.0337,15,0.0433,466,0.5594,0,-1,,0,-1,,0,-1,,0,-1,,0.4715,43.06,14,226661
80.0,1,-1,confirm,1.0,-35.86,-51.86,5.62,167,41.47,35.86,262,0.637,1.564,0.081,0.1694,15,0.2349,5,0.4736,0,-1,,0,-1,,0,-1,,0,-1,,0.3196,79.62,15,227597
80.0,1,1,confirm,1.0,18.58,2.58,59.24,523,40.66,17.46,613,0.853,1.194,0.128,0.12,15,0.12,523,0.6311,1,600,28.78,1,600,28.78,0,-1,,0,-1,,0.4046,41.49,15,227859
80.0,1,-1,confirm,1.0,96.47,80.47,136.32,831,39.85,2.94,874,0.951,5.952,0.175,0.5989,15,0.6134,819,0.8401,0,-1,,0,-1,,0,-1,,0,-1,,0.3994,40.42,15,228472
80.0,1,1,confirm,1.0,16.14,0.14,56.98,447,40.84,13.38,1061,0.421,0.629,0.097,-0.4445,15,0.1588,565,0.6489,1,1010,21.96,1,1010,21.96,0,-1,,1,1047,28.29,0.7917,40.4,15,229346
80.0,1,-1,confirm,1.0,57.63,41.63,99.69,723,42.06,19.9,741,0.976,2.117,0.09,0.3883,16,0.391,728,0.8047,1,26,10.51,1,26,10.51,0,-1,,1,430,-19.9,0.3496,40.6,16,230407
80.0,1,1,confirm,1.0,131.58,115.58,172.45,127,40.87,-0.0,154,0.825,1.237,0.106,-0.201,16,-0.1946,141,0.4147,0,-1,,0,-1,,0,-1,,0,-1,,0.2866,42.48,16,231148
80.0,1,-1,confirm,1.0,-75.7,-91.7,14.39,139,90.09,75.7,379,0.367,0.482,0.028,0.2105,16,0.2118,145,0.3143,1,357,-30.68,1,357,-30.68,1,357,-30.68,0,-1,,0.0773,40.17,16,231302
80.0,1,1,fallback,1.0,0.33,-15.67,40.96,85,40.63,-0.0,122,0.697,0.768,0.11,0.1209,16,0.1502,55,0.4684,0,-1,,0,-1,,0,-1,,0,-1,,0.2021,90.22,16,231681
80.0,1,-1,confirm,1.0,54.16,38.16,94.71,642,40.56,0.0,854,0.752,0.975,0.083,0.1123,16,0.127,684,0.5893,0,-1,,0,-1,,0,-1,,0,-1,,0.2868,40.47,16,231803
80.0,1,1,confirm,1.0,49.21,33.21,89.94,1391,40.73,35.2,1483,0.938,1.314,0.054,0.0236,17,0.2691,1050,0.7578,1,1380,85.65,1,1380,85.65,1,1380,85.65,0,-1,,0.5893,40.94,16,232657
80.0,1,-1,confirm,1.0,57.88,41.88,98.03,1625,40.15,28.6,2252,0.722,0.556,0.05,-0.0305,17,0.3953,1116,0.7897,1,1530,88.89,1,1530,88.89,1,1530,88.89,1,2040,68.98,0.1567,40.37,17,234140
80.0,1,1,confirm,1.0,-41.83,-57.83,38.52,61,80.35,41.83,2095,0.029,2.704,0.137,0.2165,17,0.2367,59,0.806,1,635,-27.59,1,635,-27.59,1,635,-27.59,1,856,-18.91,0.5579,40.55,17,236392
80.0,1,-1,fallback,1.0,71.37,55.37,111.64,1378,40.27,2.11,1471,0.937,3.604,0.073,0.1991,18,0.2186,1360,0.8746,0,-1,,0,-1,,0,-1,,0,-1,,0.4498,80.04,18,238487
80.0,1,1,confirm,1.0,-65.32,-81.32,19.64,70,84.95,65.32,279,0.251,0.602,0.043,-0.0922,18,-0.0557,96,0.3961,0,-1,,0,-1,,0,-1,,0,-1,,0.4958,40.72,18,239958
80.0,1,-1,fallback,1.0,-19.41,-35.41,22.94,11,42.35,19.41,45,0.244,2.697,0.132,0.2641,18,0.2641,11,0.6029,0,-1,,0,-1,,0,-1,,0,-1,,0.0797,84.79,18,240237
80.0,1,1,confirm,1.0,-77.44,-93.44,4.81,18,82.26,77.44,456,0.039,2.598,0.059,-0.2399,18,-0.1816,185,0.4399,0,-1,,0,-1,,0,-1,,0,-1,,0.5793,42.45,18,240282
80.0,1,-1,fallback,1.0,10.5,-5.5,56.48,182,45.99,1.56,211,0.863,1.477,0.123,0.2739,18,0.3335,2,0.5511,0,-1,,0,-1,,0,-1,,0,-1,,0.358,82.22,18,240738
80.0,1,1,confirm,1.0,-2.1,-18.1,39.63,68,41.73,9.58,168,0.405,0.796,0.017,-0.2302,18,-0.2091,141,0.4444,0,-1,,0,-1,,0,-1,,0,-1,,0.5381,46.25,18,240949
80.0,1,-1,confirm,1.0,-0.99,-16.99,40.05,175,41.04,11.44,212,0.825,0.567,0.066,0.1996,19,0.2322,125,0.4293,0,-1,,0,-1,,0,-1,,0,-1,,0.0864,41.57,18,241117
80.0,1,1,confirm,1.0,34.02,18.02,77.74,1668,43.72,44.73,1772,0.941,0.952,0.148,0.0533,19,0.085,1758,0.6513,0,-1,,0,-1,,0,-1,,0,-1,,0.0791,41.21,19,241329
80.0,1,-1,confirm,1.0,-60.05,-76.05,20.69,55,80.75,60.05,886,0.062,1.218,0.006,-0.0026,19,0.0854,623,0.7316,1,300,-19.12,0,-1,,0,-1,,0,-1,,0.0916,43.38,19,243101
80.0,1,1,fallback,1.0,39.69,23.69,80.4,108,40.71,6.68,213,0.507,2.174,0.151,0.108,19,0.2131,23,0.6201,0,-1,,0,-1,,0,-1,,0,-1,,0.2749,80.91,19,243987
80.0,1,-1,confirm,1.0,2.88,-13.12,44.18,959,41.3,42.09,1005,0.954,0.717,0.062,0.1183,20,0.1868,440,0.6344,0,-1,,0,-1,,0,-1,,0,-1,,0.1502,40.38,19,244200
80.0,1,1,confirm,1.0,85.62,69.62,127.82,173,42.2,5.43,285,0.607,4.38,0.1,0.1327,20,0.149,189,0.5485,0,-1,,0,-1,,0,-1,,0,-1,,0.3484,41.48,20,245205
80.0,1,-1,confirm,1.0,-80.51,-96.51,0.89,9,81.39,80.51,1195,0.008,0.549,0.054,-0.1135,20,0.1921,854,0.6101,0,-1,,0,-1,,0,-1,,0,-1,,0.3717,41.67,20,245490
80.0,1,1,fallback,1.0,-30.81,-46.81,9.36,23,40.17,30.81,178,0.129,1.659,0.075,0.0037,20,0.1233,177,0.6535,0,-1,,0,-1,,0,-1,,0,-1,,0.2812,81.4,20,246685
80.0,1,-1,confirm,1.0,-76.77,-92.77,5.09,6,81.86,76.77,938,0.006,0.528,0.028,-0.1033,20,0.0863,760,0.6045,1,935,-73.86,0,-1,,0,-1,,0,-1,,0.5479,40.14,20,246863
80.0,1,1,fallback,1.0,5.72,-10.28,46.49,47,40.77,7.4,234,0.201,4.657,0.187,0.1342,20,0.1905,41,0.5815,0,-1,,0,-1,,0,-1,,0,-1,,0.2775,81.9,20,247801
80.0,1,-1,confirm,1.0,-80.04,-96.04,1.56,45,81.6,80.04,1287,0.035,0.699,0.048,-0.0879,20,0.0587,1273,0.769,0,-1,,0,-1,,0,-1,,0,-1,,0.3361,40.58,20,248035
80.0,1,1,fallback,1.0,-41.04,-57.04,0.0,0,41.04,41.04,81,0.0,1.276,0.025,-0.0053,21,0.0288,73,0.3689,0,-1,,0,-1,,0,-1,,0,-1,,0.0402,81.61,21,249322
80.0,1,-1,confirm,1.0,6.4,-9.6,48.05,841,41.65,18.53,1196,0.703,1.468,0.149,0.2502,21,0.2872,725,0.7586,1,1181,17.03,1,1181,17.03,1,1181,17.03,0,-1,,0.2223,41.04,21,249403
80.0,1,1,confirm,1.0,-42.53,-58.53,37.96,455,80.49,42.53,1647,0.276,0.615,0.247,0.2235,21,0.2478,561,0.7796,1,786,17.07,1,786,17.07,1,786,17.07,1,1122,6.8,0.2518,41.85,21,250599
80.0,1,-1,fallback,1.0,-5.6,-21.6,34.43,151,40.02,7.22,730,0.207,3.245,0.246,0.3275,22,0.3839,182,0.7124,1,717,-2.87,1,717,-2.87,1,717,-2.87,0,-1,,0.2918,80.18,22,252246
80.0,1,1,confirm,1.0,20.67,4.67,63.76,1603,43.09,11.67,1760,0.911,1.519,0.088,0.5263,22,0.5276,1604,0.8594,1,590,14.88,1,590,14.88,1,590,14.88,1,674,10.73,0.3938,40.16,22,252976
80.0,1,-1,confirm,1.0,136.21,120.21,176.46,2902,40.25,58.58,2996,0.969,2.16,0.233,0.3186,23,0.4822,1811,0.9111,1,678,-34.35,1,678,-34.35,1,678,-34.35,0,-1,,0.6481,42.82,22,254736
80.0,1,1,confirm,1.0,83.71,67.71,125.75,2492,42.03,19.74,2651,0.94,0.924,0.15,0.2963,0,0.4262,2395,0.8883,1,536,2.56,1,536,2.56,0,-1,,1,608,-10.85,0.5667,40.97,23,257732
80.0,1,-1,confirm,1.0,7.82,-8.18,48.74,3718,40.92,23.72,4128,0.901,1.985,0.199,0.1825,1,0.4986,3219,0.8843,1,92,-8.71,1,759,-10.07,1,759,-10.07,1,816,-14.62,0.2328,41.51,0,260383
80.0,1,1,confirm,1.0,-66.76,-82.76,12.71,343,79.47,66.76,2925,0.117,1.546,0.244,0.3403,1,0.3459,401,0.8255,1,639,-20.7,1,639,-20.7,1,639,-20.7,1,936,-30.54,0.4838,41.12,1,264511
80.0,1,-1,confirm,1.0,-19.73,-35.73,23.02,155,42.75,19.73,381,0.407,2.107,0.179,0.2146,2,0.309,188,0.7679,0,-1,,0,-1,,0,-1,,0,-1,,0.5617,79.37,2,267436
80.0,1,1,confirm,1.0,-2.0,-18.0,39.06,1678,41.05,26.04,2090,0.803,1.194,0.164,0.4543,2,0.4639,1663,0.8491,1,1042,2.3,0,-1,,0,-1,,0,-1,,0.008,42.85,2,267817
80.0,1,-1,confirm,1.0,23.12,7.12,65.98,2214,42.86,8.56,3170,0.698,1.134,0.138,0.1591,3,0.3015,222,0.8254,1,1021,2.64,1,1021,2.64,1,1021,2.64,1,1060,3.8,0.6381,40.89,2,269907
80.0,1,1,confirm,1.0,-67.28,-83.28,13.33,697,80.61,67.28,1074,0.649,1.422,0.154,0.1506,4,0.1682,672,0.7843,1,229,-18.16,1,229,-18.16,0,-1,,1,845,-31.75,0.0061,43.15,3,273077
80.0,1,-1,fallback,1.0,11.63,-4.37,58.14,381,46.51,13.5,419,0.909,1.267,0.192,0.4551,4,0.5157,309,0.6951,0,-1,,0,-1,,0,-1,,0,-1,,0.3824,80.5,4,274151
80.0,1,1,confirm,1.0,-76.33,-92.33,6.33,5,82.66,76.33,689,0.007,1.388,0.057,-0.3372,4,-0.053,185,0.5922,0,-1,,0,-1,,0,-1,,0,-1,,0.1789,46.78,4,274570
80.0,1,-1,fallback,1.0,-45.98,-61.98,-0.0,0,45.98,45.98,23,0.0,1.293,0.106,0.3568,4,0.3568,0,0.6653,0,-1,,0,-1,,0,-1,,0,-1,,0.4142,82.61,4,275259
80.0,1,1,confirm,1.0,-80.31,-96.31,1.88,2,82.19,80.31,345,0.006,2.026,0.04,-0.3139,4,0.0101,215,0.5266,0,-1,,0,-1,,0,-1,,0,-1,,0.6653,45.98,4,275282
80.0,1,-1,fallback,1.0,-18.93,-34.93,23.11,68,42.05,18.93,135,0.504,1.806,0.134,0.1542,4,0.1595,70,0.5554,0,-1,,0,-1,,0,-1,,0,-1,,0.2925,82.18,4,275627
80.0,1,1,confirm,1.0,1.55,-14.45,42.64,770,41.09,39.19,828,0.93,2.264,0.092,0.0479,4,0.1744,744,0.5542,0,-1,,0,-1,,0,-1,,0,-1,,0.544,42.14,4,275762
80.0,1,-1,confirm,1.0,-80.77,-96.77,-0.0,0,80.77,80.77,261,0.0,0.914,0.003,-0.0052,4,0.0034,134,0.8057,0,-1,,0,-1,,0,-1,,0,-1,,0.3991,40.91,4,276590
80.0,1,1,fallback,1.0,-32.98,-48.98,7.62,21,40.6,32.98,192,0.109,1.177,0.128,0.0145,4,0.0459,79,0.5109,0,-1,,0,-1,,0,-1,,0,-1,,0.1806,80.77,4,276851
80.0,1,-1,confirm,1.0,30.31,14.31,70.41,302,40.1,12.49,365,0.827,1.882,0.183,0.2355,5,0.3092,343,0.704,1,64,-3.33,0,-1,,0,-1,,0,-1,,0.4384,40.57,4,277043
80.0,1,1,confirm,1.0,24.39,8.39,65.0,455,40.61,16.7,553,0.823,1.166,0.069,0.0353,5,0.0871,536,0.7939,0,-1,,0,-1,,0,-1,,0,-1,,0.3234,40.38,5,277408
80.0,1,-1,confirm,1.0,-66.42,-82.42,23.0,139,89.42,66.42,542,0.256,0.571,0.01,-0.0378,5,0.0699,484,0.414,1,486,-29.57,0,-1,,0,-1,,0,-1,,0.314,40.35,5,277961
80.0,1,1,fallback,1.0,56.52,40.52,97.9,105,41.38,28.45,203,0.517,2.824,0.194,0.4185,5,0.4201,65,0.7955,0,-1,,0,-1,,0,-1,,0,-1,,0.1179,89.62,5,278503
80.0,1,-1,confirm,1.0,-58.54,-74.54,22.65,584,81.19,58.54,2239,0.261,0.533,0.047,-0.03,5,0.0226,671,0.5276,0,-1,,0,-1,,0,-1,,0,-1,,0.457,40.98,5,278706
80.0,1,1,fallback,1.0,-12.38,-28.38,27.76,141,40.14,12.38,288,0.49,2.168,0.143,0.2485,6,0.3551,95,0.6616,0,-1,,0,-1,,0,-1,,0,-1,,0.1804,81.38,6,280945
80.0,1,-1,confirm,1.0,14.44,-1.56,55.71,2650,41.27,35.56,2761,0.96,1.518,0.158,0.3408,6,0.6545,1703,0.8595,0,-1,,0,-1,,0,-1,,0,-1,,0.0454,40.03,6,281233
80.0,1,1,confirm,1.0,7.02,-8.98,47.47,1332,40.45,35.1,1631,0.817,1.675,0.196,0.3608,7,0.3608,1332,0.9615,1,1042,7.07,1,1042,7.07,1,1042,7.07,0,-1,,0.3986,41.51,6,283994
80.0,1,-1,confirm,1.0,-59.72,-75.72,23.26,470,82.98,59.72,4106,0.114,2.025,0.148,0.3668,7,0.3875,478,0.8,1,1069,9.62,1,1069,9.62,1,1069,9.62,1,1376,-16.23,0.5117,40.26,7,285625
80.0,1,1,fallback,1.0,-17.41,-33.41,24.96,192,42.37,17.41,1861,0.103,1.727,0.184,0.4889,8,0.5511,41,0.939,1,790,-1.16,1,790,-1.16,1,790,-1.16,1,1395,12.82,0.7969,83.17,8,289731
80.0,1,-1,confirm,1.0,123.97,107.97,165.4,5514,41.43,13.38,6190,0.891,2.197,0.13,0.3634,10,0.607,5445,0.9114,1,829,-3.32,1,829,-3.32,1,829,-3.32,1,843,-3.58,0.7538,42.26,8,291592
80.0,1,1,confirm,1.0,61.16,45.16,102.32,5542,41.17,20.97,6060,0.915,1.059,0.158,0.148,12,0.4673,4086,0.9688,1,1797,32.4,1,1797,32.4,1,1797,32.4,1,1799,29.87,0.0596,42.13,10,297782
80.0,1,-1,confirm,1.0,-51.36,-67.36,33.22,413,84.58,51.36,1700,0.243,1.796,0.224,0.3384,12,0.4121,128,0.7629,1,1026,12.27,1,1026,12.27,1,1026,12.27,1,1423,-6.12,0.6188,40.75,12,303842
80.0,1,1,fallback,1.0,-37.47,-53.47,2.66,3,40.13,37.47,1429,0.002,3.412,0.257,0.3898,12,0.4067,1306,0.9699,1,460,-24.37,1,460,-24.37,1,460,-24.37,1,569,-31.93,0.7419,84.86,12,305542
80.0,1,-1,confirm,1.0,44.0,28.0,88.31,7373,44.31,19.01,7524,0.98,1.615,0.149,0.2627,15,0.5021,948,0.9288,1,311,-16.72,1,1472,14.35,1,1472,14.35,1,1615,10.85,0.4472,40.12,13,306971
80.0,1,1,confirm,1.0,8.57,-7.43,50.31,2622,41.74,26.02,2940,0.892,1.584,0.265,0.1824,16,0.404,1645,0.9201,1,2069,12.97,1,2069,12.97,1,2069,12.97,1,2110,19.78,0.2891,44.7,15,314495
80.0,1,-1,confirm,1.0,12.85,-3.15,53.37,7655,40.52,24.04,8144,0.94,1.19,0.105,0.4921,18,0.6427,8080,0.9379,1,1582,23.04,1,1582,23.04,1,1582,23.04,1,2177,-24.04,0.7157,41.53,16,317435
80.0,1,1,confirm,1.0,17.72,1.72,59.37,11298,41.65,22.76,11980,0.943,3.312,0.248,0.056,21,0.5817,10591,0.9955,1,788,2.13,1,788,2.13,1,788,2.13,1,788,2.13,0.6348,40.74,18,325579
80.0,1,-1,confirm,1.0,12.33,-3.67,52.41,2688,40.07,19.89,4048,0.664,0.809,0.33,0.4457,22,0.508,2640,0.9105,1,175,-18.4,1,175,-18.4,1,1691,19.32,1,600,-10.34,0.5508,41.4,21,337559
80.0,1,1,confirm,1.0,117.6,101.6,158.27,8728,40.67,21.26,8835,0.988,1.648,0.102,0.3705,1,0.7625,3726,0.9853,1,391,-21.26,1,391,-21.26,1,391,-21.26,1,391,-21.26,0.4117,40.29,22,341607
80.0,1,-1,confirm,1.0,-53.99,-69.99,32.91,3620,86.9,53.99,7132,0.508,2.568,0.299,0.5503,2,0.5503,3620,0.9611,1,2147,-16.29,1,2147,-16.29,1,2147,-16.29,1,2178,-16.4,0.2165,40.04,1,350442
80.0,1,1,fallback,1.0,-31.73,-47.73,9.65,19,41.39,31.73,3071,0.006,3.652,0.307,0.1615,3,0.3316,168,0.9346,1,771,-6.61,1,771,-6.61,1,771,-6.61,1,1075,-22.77,0.7493,87.18,3,357574
80.0,1,-1,confirm,1.0,-77.74,-93.74,6.36,920,84.1,77.74,4041,0.228,1.739,0.116,-0.1343,4,0.3836,0,0.8272,1,564,-15.67,1,564,-15.67,1,564,-15.67,1,600,-13.49,0.451,41.35,4,360645
80.0,1,1,fallback,1.0,-17.23,-33.23,25.24,5,42.47,17.23,155,0.032,4.407,0.234,0.3497,5,0.3497,5,0.6983,0,-1,,0,-1,,0,-1,,0,-1,,0.1465,84.15,5,364686
80.0,1,-1,confirm,1.0,4.27,-11.73,44.21,2623,39.95,7.12,3742,0.701,0.279,0.128,0.0576,6,0.3831,2672,0.8365,1,1255,14.19,1,1255,14.19,1,1255,14.19,1,1273,14.37,0.6983,42.36,5,364841
80.0,1,1,confirm,1.0,20.63,4.63,62.25,832,41.63,11.35,2285,0.364,1.518,0.175,0.0141,6,0.2338,113,0.6041,1,190,-10.77,1,190,-10.77,1,190,-10.77,1,264,-2.31,0.6528,40.12,6,368583
80.0,1,-1,confirm,1.0,-81.43,-97.43,0.15,4,81.58,81.43,5151,0.001,1.483,0.111,0.4051,7,0.6082,2572,0.9287,1,343,-26.03,1,343,-26.03,1,343,-26.03,1,392,-36.98,0.1077,41.37,7,370868
80.0,1,1,fallback,1.0,-15.65,-31.65,26.71,705,42.35,15.65,832,0.847,0.488,0.117,0.7434,8,0.7556,728,0.9804,0,-1,,0,-1,,0,-1,,0,-1,,0.4436,81.58,8,376019
80.0,1,-1,confirm,1.0,-86.87,-102.87,0.21,5,87.08,86.87,447,0.011,0.614,0.113,-0.6218,8,-0.3745,439,0.4655,0,-1,,0,-1,,0,-1,,0,-1,,0.0086,42.24,8,376851
80.0,1,1,fallback,1.0,-38.21,-54.21,1.85,2,40.06,38.21,2089,0.001,2.059,0.13,0.4001,8,0.4001,2,0.8659,1,533,-24.05,1,533,-24.05,1,533,-24.05,1,1181,-12.52,0.3775,87.08,8,377298
80.0,1,-1,confirm,1.0,24.57,8.57,64.51,5108,39.94,0.0,7350,0.695,1.778,0.086,-0.1014,10,0.4291,4658,0.8852,1,1245,22.76,1,1245,22.76,1,1245,22.76,1,1311,25.98,0.127,40.05,9,379387
80.0,1,1,confirm,1.0,-53.09,-69.09,32.88,1307,85.97,53.09,2698,0.484,3.49,0.226,0.1203,11,0.4548,4,0.9498,1,1368,25.45,1,1368,25.45,1,1368,25.45,1,1434,26.74,0.0986,40.2,11,386737
80.0,1,-1,fallback,1.0,61.95,45.95,101.69,1944,39.74,21.36,2240,0.868,2.591,0.103,0.2844,12,0.4512,1406,0.7146,0,-1,,0,-1,,0,-1,,0,-1,,0.1609,85.69,12,389435
80.0,1,1,confirm,1.0,36.81,20.81,77.85,6242,41.04,29.32,6756,0.924,1.809,0.211,0.2619,14,0.436,2849,0.9577,1,528,-1.5,1,528,-1.5,1,820,1.67,1,971,-5.64,0.5175,40.15,12,391675
80.0,1,-1,confirm,1.0,21.1,5.1,61.94,1569,40.84,0.5,2893,0.542,0.962,0.274,0.1415,15,0.4137,147,0.8647,1,966,22.39,1,966,22.39,1,966,22.39,1,1005,21.54,0.4169,40.72,14,398431
80.0,1,1,confirm,1.0,21.97,5.97,62.43,3455,40.46,1.01,5259,0.657,1.877,0.118,0.4767,16,0.4985,3215,0.885,1,1102,16.45,1,1102,16.45,1,1102,16.45,1,1406,32.63,0.4331,41.09,15,401324
80.0,1,-1,confirm,1.0,100.93,84.93,141.53,10236,40.6,42.86,10402,0.984,0.926,0.149,0.3058,19,0.6442,6111,0.9753,1,543,-24.81,1,543,-24.81,1,543,-24.81,1,605,-24.57,0.6256,40.21,16,406583
80.0,1,1,confirm,1.0,4.17,-11.83,44.67,1255,40.49,34.88,1569,0.8,2.522,0.381,0.2679,20,0.3142,1237,0.869,0,-1,,0,-1,,0,-1,,0,-1,,0.5389,41.18,19,416985
80.0,1,-1,confirm,1.0,-80.82,-96.82,-0.0,0,80.82,80.82,2141,0.0,0.835,0.032,-0.009,20,0.3703,981,0.9317,1,272,-24.53,1,1806,-55.43,1,1806,-55.43,1,1806,-55.43,0.4683,40.31,20,418554
80.0,1,1,fallback,1.0,-39.7,-55.7,0.4,25,40.1,39.7,789,0.032,2.935,0.266,0.2837,20,0.3869,442,0.8384,0,-1,,0,-1,,0,-1,,0,-1,,0.6986,80.82,20,420695
80.0,1,-1,confirm,1.0,-70.97,-86.97,10.05,3035,81.02,70.97,4044,0.75,1.009,0.141,0.145,21,0.3722,1099,0.905,1,317,-10.37,1,317,-10.37,1,1594,-18.26,1,493,-45.67,0.6931,40.1,21,421484
80.0,1,1,fallback,1.0,276.57,260.57,325.95,202,49.37,-0.0,211,0.957,5.422,0.353,0.4323,22,0.575,137,0.7245,0,-1,,0,-1,,0,-1,,0,-1,,0.1111,81.1,22,425528
80.0,1,-1,confirm,1.0,129.37,113.37,170.47,1076,41.1,0.0,1146,0.939,0.359,0.052,-0.3323,22,-0.1904,1113,0.5648,0,-1,,0,-1,,0,-1,,0,-1,,0.3262,47.82,22,425739
80.0,1,1,confirm,1.0,11.63,-4.37,55.39,185,43.76,5.5,287,0.645,2.845,0.082,0.7055,22,0.719,220,0.9292,0,-1,,0,-1,,0,-1,,0,-1,,0.2326,41.81,22,426885
80.0,1,-1,confirm,1.0,8.56,-7.44,48.48,2380,39.92,30.1,2778,0.857,1.257,0.016,-0.1501,23,0.321,1049,0.7994,1,649,-6.49,1,649,-6.49,1,1334,10.14,1,1334,10.14,0.7882,43.52,22,427172
80.0,1,1,confirm,1.0,19.03,3.03,60.27,1399,41.24,0.6,1532,0.913,6.83,0.174,0.6755,23,0.6899,1390,0.9195,1,780,27.68,1,780,27.68,1,780,27.68,0,-1,,0.0432,40.12,23,429950
80.0,1,-1,confirm,1.0,-71.52,-87.52,12.66,98,84.18,71.52,2733,0.036,0.979,0.081,-0.3908,23,0.3481,1714,0.8306,1,601,-9.18,1,601,-9.18,1,2001,-16.46,1,2165,-46.41,0.9083,41.0,23,431482
80.0,1,1,fallback,1.0,-6.26,-22.26,34.13,217,40.4,6.26,590,0.368,2.289,0.117,0.5251,0,0.5438,187,0.848,0,-1,,0,-1,,0,-1,,0,-1,,0.1212,84.28,0,434215
80.0,1,-1,confirm,1.0,94.79,78.79,137.43,2659,42.64,30.19,2701,0.984,0.929,0.1,0.2891,1,0.3295,1704,0.8755,1,320,-25.16,1,2304,113.35,1,2304,113.35,0,-1,,0.7492,40.26,0,434805
80.0,1,1,confirm,1.0,1.71,-14.29,42.35,1727,40.64,17.97,2248,0.768,1.175,0.175,0.1815,2,0.2762,1956,0.8836,1,1606,27.43,1,1606,27.43,1,1606,27.43,0,-1,,0.6878,43.24,1,437506
80.0,1,-1,confirm,1.0,-69.2,-85.2,13.65,1623,82.85,69.2,3682,0.441,1.98,0.183,0.2238,2,0.2911,837,0.9225,1,1041,-32.83,1,1041,-32.83,1,1041,-32.83,1,2188,-5.76,0.8612,40.47,2,439754
80.0,1,1,fallback,1.0,-40.15,-56.15,2.83,3,42.98,40.15,567,0.005,3.126,0.267,0.4041,3,0.4296,297,0.8533,0,-1,,0,-1,,0,-1,,0,-1,,0.2667,82.96,3,443436
80.0,1,-1,confirm,1.0,83.13,67.13,122.83,8537,39.7,27.34,9104,0.938,0.649,0.163,0.3228,5,0.5432,1241,0.961,1,121,-21.64,1,121,-21.64,1,536,-3.51,1,766,-2.65,0.8486,42.97,3,444003
80.0,1,1,confirm,1.0,34.91,18.91,77.24,1684,42.33,9.25,4353,0.387,1.482,0.165,0.1617,6,0.2986,33,0.9475,1,1840,66.18,1,1840,66.18,1,1840,66.18,1,2184,60.45,0.7969,40.19,5,453107
80.0,1,-1,confirm,1.0,-71.13,-87.13,10.61,138,81.74,71.13,2645,0.052,1.104,0.178,0.585,7,0.5862,123,0.8617,1,655,-24.69,1,655,-24.69,1,655,-24.69,1,722,-25.01,0.2176,42.01,7,457460
80.0,1,1,fallback,1.0,-36.32,-52.32,3.79,53,40.11,36.32,828,0.064,1.335,0.132,0.1783,7,0.179,51,0.6576,1,339,-7.28,1,339,-7.28,0,-1,,1,420,-8.54,0.6258,81.83,7,460105
80.0,1,-1,confirm,1.0,-71.36,-87.36,16.48,1262,87.84,71.36,4486,0.281,0.857,0.164,0.3214,8,0.471,4334,0.8795,1,572,-7.92,1,572,-7.92,1,572,-7.92,1,609,-14.26,0.571,40.09,8,460933
80.0,1,1,fallback,1.0,-37.19,-53.19,3.1,1,40.3,37.19,941,0.001,4.383,0.283,0.3293,9,0.3293,1,0.9049,1,467,-16.08,1,467,-16.08,1,467,-16.08,1,534,-20.38,0.3022,87.99,9,465419
80.0,1,-1,confirm,1.0,-41.08,-57.08,39.79,5381,80.87,41.08,6448,0.835,0.283,0.108,0.1197,11,0.7323,5061,0.9702,1,241,-14.44,1,241,-14.44,1,241,-14.44,1,985,-22.39,0.3786,40.29,9,466360
80.0,1,1,fallback,1.0,7.15,-8.85,47.44,1125,40.29,12.58,1567,0.718,2.257,0.147,0.4453,11,0.5066,1263,0.8646,1,645,2.46,1,645,2.46,1,645,2.46,1,870,-2.73,0.6215,81.2,11,472808
80.0,1,-1,confirm,1.0,85.67,69.67,128.88,1156,43.21,6.37,1332,0.868,1.633,0.181,0.4722,12,0.5076,377,0.864,1,522,20.6,1,522,20.6,1,522,20.6,1,689,27.9,0.6355,40.1,11,474375
80.0,1,1,confirm,1.0,97.86,81.86,138.43,3910,40.56,55.44,4178,0.936,1.674,0.081,0.3081,13,0.4091,2972,0.8903,1,1202,-6.17,1,1202,-6.17,1,3572,121.38,1,2302,84.7,0.6288,43.77,12,475707
80.0,1,-1,confirm,1.0,11.27,-4.73,51.13,851,39.86,36.47,1057,0.805,2.172,0.293,0.3297,13,0.3676,83,0.8266,0,-1,,0,-1,,0,-1,,0,-1,,0.2426,40.01,13,479885
80.0,1,1,confirm,1.0,-0.56,-16.56,39.82,1075,40.37,30.76,1705,0.63,1.338,0.103,0.1972,13,0.2008,1406,0.8183,1,624,4.7,1,1639,11.21,1,1639,11.21,0,-1,,0.3107,40.06,13,480942
80.0,1,-1,confirm,1.0,-74.24,-90.24,7.24,19,81.48,74.24,3521,0.005,1.015,0.085,0.0972,14,0.5674,1738,0.8747,1,457,-31.05,1,457,-31.05,1,2873,-51.14,1,622,-43.96,0.5045,40.21,14,482647
80.0,1,1,fallback,1.0,-22.45,-38.45,17.69,662,40.13,31.31,912,0.726,0.388,0.154,0.271,15,0.5048,837,0.9389,1,277,-8.63,1,277,-8.63,1,277,-8.63,1,277,-8.63,0.3543,81.54,15,486168
80.0,1,-1,confirm,1.0,0.44,-15.56,40.58,2588,40.14,40.54,2935,0.882,1.592,0.101,0.2672,16,0.5445,1482,0.8807,1,1566,11.7,1,1566,11.7,1,1566,11.7,0,-1,,0.3543,40.06,15,487080
80.0,1,1,confirm,1.0,-65.08,-81.08,16.17,1080,81.25,65.08,2920,0.37,2.417,0.215,0.3376,16,0.406,1104,0.8516,1,660,-4.08,1,660,-4.08,1,660,-4.08,1,1294,-10.95,0.606,40.31,16,490015
80.0,1,-1,fallback,1.0,-5.99,-21.99,34.16,511,40.15,5.99,610,0.838,1.488,0.253,0.1792,17,0.3972,1,0.9269,1,600,1.25,1,600,1.25,1,600,1.25,0,-1,,0.6412,81.12,16,492935
80.0,1,1,confirm,1.0,-59.17,-75.17,20.45,5065,79.63,59.17,11515,0.44,0.666,0.195,0.1566,18,0.5975,2838,0.9624,1,28,-8.39,1,1563,-12.9,1,1563,-12.9,1,1780,-22.65,0.5502,40.29,17,493545
80.0,1,-1,confirm,1.0,-36.26,-52.26,3.73,682,39.99,36.26,1667,0.409,0.979,0.042,0.472,20,0.6546,884,0.9451,1,1588,-28.19,1,1588,-28.19,1,1588,-28.19,1,1634,-32.69,0.2855,79.47,20,505060
80.0,1,1,confirm,1.0,27.75,11.75,68.36,3493,40.6,7.08,4510,0.775,2.028,0.308,0.1131,21,0.5812,922,0.9794,1,365,-2.25,1,365,-2.25,1,365,-2.25,1,365,-2.25,0.9451,40.0,20,506727
80.0,1,-1,confirm,1.0,18.52,2.52,59.59,1105,41.07,4.39,3672,0.301,1.331,0.293,0.6071,22,0.6185,1095,0.9757,1,1705,35.38,1,1705,35.38,1,1705,35.38,1,2231,37.58,0.626,40.33,22,511237
80.0,1,1,confirm,1.0,-61.32,-77.32,19.35,798,80.66,61.32,1175,0.679,0.258,0.192,0.1441,23,0.4914,142,0.9517,1,899,-13.69,1,899,-13.69,1,899,-13.69,1,982,-29.49,0.8164,41.32,23,514909
80.0,1,-1,fallback,1.0,64.45,48.45,104.46,5302,40.01,22.51,6014,0.882,1.559,0.143,0.2479,0,0.5239,1664,0.9338,1,913,-5.45,1,913,-5.45,1,913,-5.45,1,954,-14.9,0.8507,80.51,23,516084
80.0,1,1,confirm,1.0,8.38,-7.62,48.58,8225,40.2,20.96,8997,0.914,1.059,0.221,0.3027,3,0.6067,8009,0.9813,1,2327,19.31,1,2327,19.31,1,2327,19.31,1,2328,19.23,0.4445,40.43,1,522098
80.0,1,-1,confirm,1.0,-78.44,-94.44,4.14,206,82.58,78.44,3809,0.054,0.981,0.146,0.205,3,0.4501,3658,0.9691,1,600,-7.65,1,600,-7.65,1,600,-7.65,1,622,-7.91,0.1747,40.0,3,531095
80.0,1,1,fallback,1.0,-8.15,-24.15,32.27,917,40.42,8.15,1921,0.477,1.305,0.084,0.2975,4,0.4338,1092,0.9201,1,1488,5.69,1,1488,5.69,1,1488,5.69,1,1689,-4.11,0.5663,82.61,4,534904
80.0,1,-1,confirm,1.0,65.66,49.66,106.02,22501,40.36,56.53,24838,0.906,1.723,0.21,0.3109,11,0.6757,8510,0.9806,1,348,-0.93,1,348,-0.93,1,348,-0.93,1,372,-6.67,0.5936,40.29,5,536825
80.0,1,1,confirm,1.0,-60.7,-76.7,22.55,363,83.24,60.7,4694,0.077,1.051,0.27,0.475,12,0.475,363,0.954,1,1035,5.15,1,1035,5.15,1,1035,5.15,1,1047,5.15,0.8655,40.79,12,561663
80.0,1,-1,fallback,1.0,-6.74,-22.74,34.41,1114,41.15,21.68,1412,0.789,1.33,0.071,0.2345,13,0.5592,0,0.7354,1,801,-19.19,1,801,-19.19,1,801,-19.19,0,-1,,0.6896,83.06,13,566357
80.0,1,1,confirm,1.0,-65.98,-81.98,18.94,581,84.93,65.98,1708,0.34,0.774,0.083,-0.0816,13,0.0514,84,0.7792,1,115,-2.41,0,-1,,0,-1,,0,-1,,0.3388,41.3,13,567769
80.0,1,-1,fallback,1.0,17.91,1.91,57.97,629,40.06,26.29,903,0.697,1.673,0.121,0.132,14,0.4904,0,0.8828,0,-1,,0,-1,,0,-1,,0,-1,,0.4746,84.77,14,569477
80.0,1,1,confirm,1.0,-78.31,-94.31,1.12,1,79.43,78.31,785,0.001,0.441,0.015,-0.0276,14,0.0619,122,0.2799,1,162,-31.58,0,-1,,0,-1,,0,-1,,0.1582,40.3,14,570380
80.0,1,-1,confirm,1.0,-0.83,-16.83,40.1,513,40.93,21.28,1015,0.505,2.471,0.136,0.1984,14,0.247,295,0.6006,0,-1,,0,-1,,0,-1,,0,-1,,0.1429,79.42,14,571165
80.0,1,1,confirm,1.0,5.07,-10.93,47.95,1145,42.88,14.07,1613,0.71,0.376,0.165,0.2892,15,0.3471,1079,0.7953,0,-1,,0,-1,,0,-1,,0,-1,,0.3633,41.09,14,572180
80.0,1,-1,confirm,1.0,55.09,39.09,95.38,3430,40.29,8.06,3743,0.916,1.623,0.067,0.3613,16,0.4538,247,0.9013,1,1123,14.9,1,1123,14.9,1,1123,14.9,1,1503,28.78,0.0543,42.67,15,573793
80.0,1,1,confirm,1.0,-46.65,-62.65,34.57,670,81.22,46.65,848,0.79,1.619,0.152,0.2342,16,0.2679,547,0.8367,1,756,-23.66,1,756,-23.66,1,756,-23.66,1,848,-46.65,0.7081,40.68,16,577536
80.0,1,-1,fallback,1.0,-35.71,-51.71,4.68,21,40.39,35.71,102,0.206,3.043,0.074,0.2135,16,0.222,38,0.6593,0,-1,,0,-1,,0,-1,,0,-1,,0.7252,80.94,16,578384
80.0,1,1,confirm,1.0,27.33,11.33,67.62,248,40.29,6.98,687,0.361,0.854,0.061,-0.0098,16,0.2536,526,0.6966,0,-1,,0,-1,,0,-1,,0,-1,,0.6593,40.41,16,578486
80.0,1,-1,confirm,1.0,-76.57,-92.57,5.23,8,81.8,76.57,706,0.011,0.501,0.029,-0.1637,16,0.0236,306,0.6338,0,-1,,0,-1,,0,-1,,0,-1,,0.64,40.02,16,579173
80.0,1,1,fallback,1.0,-42.82,-58.82,0.22,11,43.04,42.82,354,0.031,0.964,0.191,0.3909,17,0.4175,26,0.5099,0,-1,,0,-1,,0,-1,,0,-1,,0.2849,81.84,17,579879
80.0,1,-1,confirm,1.0,-79.37,-95.37,1.43,2,80.8,79.37,4100,0.0,0.766,0.009,-0.1484,17,0.2162,3051,0.9508,1,3153,-41.18,1,3153,-41.18,1,3153,-41.18,1,3441,-65.69,0.3656,43.04,17,580233
80.0,1,1,fallback,1.0,-29.08,-45.08,10.99,6,40.07,29.08,441,0.014,3.501,0.112,0.0613,18,0.2271,3,0.8869,1,342,-16.15,1,342,-16.15,1,342,-16.15,0,-1,,0.3574,80.81,18,584333
80.0,1,-1,confirm,1.0,-62.22,-78.22,18.47,1123,80.69,62.22,5617,0.2,0.659,0.183,0.4084,18,0.4219,917,0.9305,1,260,-13.29,1,260,-13.29,1,1508,-3.39,1,2200,-14.26,0.07,40.02,18,584774
80.0,1,1,fallback,1.0,-13.17,-29.17,27.7,931,40.87,23.45,1286,0.724,2.523,0.241,0.0581,20,0.2533,1127,0.9077,1,198,-21.23,1,198,-21.23,1,198,-21.23,1,418,-4.83,0.4864,80.84,19,590391
80.0,1,-1,confirm,1.0,15.37,-0.63,56.68,6325,41.31,26.23,7154,0.884,1.243,0.064,0.2031,22,0.5352,5126,0.9786,1,489,-15.77,1,489,-15.77,1,489,-15.77,1,489,-15.77,0.4477,40.76,20,591677
80.0,1,1,confirm,1.0,-71.44,-87.44,8.58,869,80.02,71.44,8597,0.101,0.715,0.156,0.1736,22,0.4651,5565,0.9935,1,309,-15.32,1,309,-15.32,1,309,-15.32,1,1296,-21.62,0.696,41.54,22,598831
80.0,1,-1,fallback,1.0,-34.08,-50.08,6.26,19,40.34,34.08,366,0.052,0.813,0.198,0.5238,0,0.5238,19,0.929,0,-1,,0,-1,,0,-1,,0,-1,,0.8315,79.95,0,607428
80.0,1,1,confirm,1.0,5.51,-10.49,46.15,907,40.64,14.52,1201,0.755,0.438,0.178,0.0018,1,0.2946,451,0.858,1,785,34.52,1,785,34.52,1,785,34.52,1,968,26.26,0.6865,40.36,0,607794
80.0,1,-1,confirm,1.0,38.88,22.88,79.18,6249,40.29,27.87,7626,0.819,0.949,0.096,0.3425,2,0.7136,4041,0.9722,1,436,-25.55,1,436,-25.55,1,436,-25.55,1,612,-24.95,0.8037,40.45,1,608995
80.0,1,1,confirm,1.0,-62.91,-78.91,17.89,744,80.8,62.91,7207,0.103,3.237,0.332,0.4488,3,0.4488,744,0.9869,1,1058,-7.84,1,1058,-7.84,1,1058,-7.84,1,1080,-4.29,0.4696,40.62,3,616621
80.0,1,-1,fallback,1.0,-37.93,-53.93,2.82,142,40.75,37.93,1004,0.141,0.85,0.133,0.0444,5,0.199,513,0.9514,1,62,-11.59,1,62,-11.59,0,-1,,1,715,-23.14,0.5771,80.66,5,623828
80.0,1,1,confirm,1.0,34.49,18.49,75.51,7258,41.03,29.91,10231,0.709,1.504,0.17,-0.3897,7,0.5334,7474,0.9748,1,790,-8.31,1,790,-8.31,1,790,-8.31,1,953,-16.2,0.9286,40.76,5,624832
80.0,1,-1,confirm,1.0,82.62,66.62,122.29,3441,39.67,10.9,3689,0.933,5.981,0.284,0.5266,9,0.7178,505,0.9707,1,1354,52.64,1,1354,52.64,1,1354,52.64,1,1515,54.65,0.7878,40.72,8,635063
80.0,1,1,confirm,1.0,23.11,7.11,63.81,772,40.7,-0.0,1310,0.589,2.003,0.174,0.1046,9,0.2573,565,0.7153,1,810,62.44,1,810,62.44,1,810,62.44,1,879,45.95,0.572,40.16,9,638752
80.0,1,-1,confirm,1.0,9.65,-6.35,49.54,4717,39.89,46.25,4962,0.951,2.256,0.193,0.2157,11,0.692,106,0.9146,1,501,-30.89,1,501,-30.89,1,501,-30.89,1,583,-32.85,0.3214,40.44,9,640062
80.0,1,1,confirm,1.0,92.29,76.29,133.38,4981,41.09,35.82,5067,0.983,1.837,0.239,0.2279,12,0.4397,4320,0.8879,1,2986,-15.19,1,2986,-15.19,1,4460,-9.23,1,2986,-15.19,0.4048,40.08,11,645024
80.0,1,-1,confirm,1.0,-43.08,-59.08,37.8,3128,80.87,43.08,3718,0.841,0.65,0.043,0.2314,13,0.473,1775,0.9234,1,3311,18.75,1,3311,18.75,1,3311,18.75,1,3312,3.31,0.4522,40.55,12,650091
80.0,1,1,fallback,1.0,40.73,24.73,81.08,781,40.35,2.25,1019,0.766,1.228,0.087,0.0955,13,0.2803,20,0.6195,0,-1,,0,-1,,0,-1,,0,-1,,0.8135,81.18,13,653809
80.0,1,-1,confirm,1.0,12.14,-3.86,53.7,1634,41.56,10.61,1835,0.89,0.364,0.149,0.1215,14,0.3357,1199,0.8352,1,212,-7.12,1,747,-3.54,1,1756,29.2,0,-1,,0.0285,40.03,13,654828
80.0,1,1,confirm,1.0,3.47,-12.53,48.76,2237,45.29,49.21,2417,0.926,1.719,0.204,0.1485,15,0.3413,244,0.8885,1,435,-22.93,1,435,-22.93,1,435,-22.93,1,448,-30.65,0.3103,41.78,14,656663
80.0,1,-1,confirm,1.0,5.19,-10.81,46.67,688,41.48,8.05,903,0.762,0.772,0.093,-0.0202,15,0.28,893,0.7348,0,-1,,0,-1,,0,-1,,0,-1,,0.7256,45.07,15,659080
80.0,1,1,confirm,1.0,32.56,16.56,73.13,1601,40.57,5.8,1671,0.958,3.46,0.133,0.1482,15,0.1483,1596,0.8081,1,1666,55.89,1,1666,55.89,0,-1,,1,1666,55.89,0.4528,41.67,15,659983
80.0,1,-1,confirm,1.0,-57.46,-73.46,27.28,89,84.74,57.46,372,0.239,1.21,0.019,0.2796,15,0.3555,0,0.8138,0,-1,,0,-1,,0,-1,,0,-1,,0.6591,40.27,15,661654
80.0,1,1,fallback,1.0,-12.26,-28.26,28.31,47,40.58,12.26,429,0.11,1.691,0.099,0.0085,15,0.3309,317,0.5486,0,-1,,0,-1,,0,-1,,0,-1,,0.0498,84.98,15,662026
80.0,1,-1,confirm,1.0,36.37,20.37,77.2,1488,40.83,2.68,2020,0.737,2.966,0.17,0.1511,16,0.3028,256,0.8876,1,1080,42.84,1,1080,42.84,1,1080,42.84,1,1314,45.56,0.547,40.46,16,662455
80.0,1,1,confirm,1.0,-74.6,-90.6,5.2,25,79.79,74.6,3319,0.008,1.277,0.075,-0.1352,16,0.5526,1603,0.9757,1,416,-9.55,1,416,-9.55,1,416,-9.55,1,595,-17.53,0.8305,41.15,16,664475
80.0,1,-1,confirm,1.0,-0.5,-16.5,39.71,756,40.21,4.14,1022,0.74,0.526,0.033,0.2749,17,0.5358,655,0.9465,1,1008,2.78,1,1008,2.78,1,1008,2.78,0,-1,,0.6085,79.75,17,667794
80.0,1,1,confirm,1.0,-0.37,-16.37,40.31,1155,40.68,10.25,1857,0.622,1.683,0.195,-0.0083,18,0.1899,233,0.7929,1,413,-7.34,1,413,-7.34,0,-1,,1,697,15.71,0.1415,40.37,17,668816
80.0,1,-1,confirm,1.0,8.26,-7.74,48.81,1974,40.55,19.2,2369,0.833,3.431,0.167,0.2814,18,0.3235,1933,0.8552,1,171,-8.39,1,171,-8.39,1,2116,23.45,1,333,-5.72,0.1879,40.51,18,670673
80.0,1,1,confirm,1.0,-45.91,-61.91,34.43,2505,80.35,45.91,7983,0.314,1.029,0.242,0.5185,19,0.5738,2252,0.9696,1,484,-17.78,1,484,-17.78,1,484,-17.78,1,937,-10.35,0.291,40.75,18,673042
80.0,1,-1,fallback,1.0,31.87,15.87,75.01,4192,43.14,24.68,4817,0.87,3.451,0.163,-0.0095,22,0.5861,212,0.9489,1,602,-2.67,1,602,-2.67,1,602,-2.67,1,708,-4.87,0.6889,80.07,21,681025
80.0,1,1,confirm,1.0,120.61,104.61,162.04,11475,41.43,33.21,13300,0.863,7.874,0.252,0.3252,1,0.7132,9552,0.9554,1,1364,5.11,1,1364,5.11,1,1364,5.11,1,1367,5.11,0.2875,43.46,22,685842
80.0,1,-1,confirm,1.0,-53.96,-69.96,26.7,1330,80.66,53.96,4887,0.272,1.249,0.205,0.0934,2,0.4945,1012,0.9539,1,1253,16.39,1,1253,16.39,1,1253,16.39,1,2175,13.06,0.3661,40.77,2,699142
80.0,1,1,fallback,1.0,16.2,0.2,57.0,1457,40.8,16.2,3667,0.397,0.53,0.183,0.3294,3,0.6367,18,0.9661,1,618,-6.22,1,618,-6.22,1,618,-6.22,1,634,-12.36,0.7787,80.88,3,704029
80.0,1,-1,confirm,1.0,-80.47,-96.47,0.23,5403,80.7,80.47,22590,0.239,2.972,0.188,0.2679,6,0.7891,8999,0.9899,1,3790,-18.3,1,3790,-18.3,1,3790,-18.3,1,4497,-16.89,0.0066,40.57,4,707696
80.0,1,1,fallback,1.0,-7.35,-23.35,32.92,2465,40.27,7.56,4564,0.54,2.467,0.178,0.3074,11,0.6427,262,0.9759,1,2821,5.45,1,2821,5.45,1,2821,5.45,1,2885,7.22,0.184,80.7,10,730286
80.0,1,-1,confirm,1.0,37.98,21.98,77.97,1380,39.99,29.64,1637,0.843,2.926,0.166,0.2658,12,0.4958,0,0.9497,1,257,-22.68,1,257,-22.68,1,257,-22.68,1,446,-24.45,0.0019,40.14,12,734850
80.0,1,1,confirm,1.0,2.66,-13.34,44.23,2718,41.57,4.07,3313,0.82,1.043,0.225,0.4751,13,0.4833,2829,0.9367,1,1697,24.85,1,1697,24.85,1,1697,24.85,1,1734,22.08,0.0482,40.31,12,736487
80.0,1,-1,confirm,1.0,-67.1,-83.1,16.39,160,83.49,67.1,1426,0.112,1.857,0.178,0.1745,13,0.4783,4,0.8246,1,916,-40.66,1,916,-40.66,1,916,-40.66,0,-1,,0.6548,41.38,13,739800
80.0,1,1,fallback,1.0,-34.46,-50.46,5.92,18,40.39,34.46,621,0.029,1.042,0.125,0.0398,13,0.0539,0,0.673,1,65,-1.72,0,-1,,0,-1,,0,-1,,0.0028,83.63,13,741226
80.0,1,-1,confirm,1.0,0.03,-15.97,39.94,776,39.91,15.85,1229,0.631,0.897,0.098,0.4785,14,0.4905,736,0.9249,0,-1,,0,-1,,0,-1,,0,-1,,0.6692,40.36,14,741847
80.0,1,1,confirm,1.0,-69.7,-85.7,13.34,745,83.04,69.7,2209,0.337,1.888,0.123,0.0971,14,0.1908,1834,0.771,1,504,-6.67,1,504,-6.67,0,-1,,1,600,-18.0,0.6771,40.07,14,743076
80.0,1,-1,fallback,1.0,-43.33,-59.33,-0.0,0,43.33,43.33,387,0.0,4.287,0.245,0.3779,15,0.3779,0,0.7199,0,-1,,0,-1,,0,-1,,0,-1,,0.7309,82.93,15,745285
80.0,1,1,confirm,1.0,-70.68,-86.68,9.87,1981,80.55,70.68,7943,0.249,0.939,0.175,0.3872,15,0.4509,2021,0.9533,1,376,-11.46,1,2279,-27.38,1,2279,-27.38,1,2453,-31.52,0.7199,43.33,15,745672
80.0,1,-1,fallback,1.0,-47.04,-63.04,3.85,446,50.89,47.04,515,0.866,1.408,0.149,0.1283,17,0.3848,298,0.733,1,491,-4.17,1,491,-4.17,1,491,-4.17,1,514,-30.87,0.684,80.47,17,753615
80.0,1,1,confirm,1.0,87.98,71.98,129.18,251,41.2,4.04,330,0.761,1.929,0.243,0.3053,17,0.3094,3,0.6882,0,-1,,0,-1,,0,-1,,0,-1,,0.5284,50.91,17,754130
80.0,1,-1,confirm,1.0,-68.5,-84.5,12.53,72,81.03,68.5,1535,0.047,0.435,0.129,-0.2164,17,0.076,570,0.7322,1,579,-14.77,0,-1,,0,-1,,0,-1,,0.521,40.67,17,754460
80.0,1,1,fallback,1.0,-18.91,-34.91,21.72,151,40.63,18.91,273,0.553,1.257,0.087,0.2102,18,0.217,140,0.7342,0,-1,,0,-1,,0,-1,,0,-1,,0.3751,81.13,17,755995
80.0,1,-1,confirm,1.0,-50.15,-66.15,31.42,412,81.56,50.15,5181,0.08,0.536,0.14,0.0804,18,0.2734,5144,0.9518,1,871,1.27,1,871,1.27,1,871,1.27,1,894,-0.1,0.3917,40.54,18,756268
80.0,1,1,fallback,1.0,-26.77,-42.77,13.32,188,40.08,26.77,529,0.355,1.333,0.138,0.1985,19,0.1985,188,0.7857,0,-1,,0,-1,,0,-1,,0,-1,,0.4409,81.82,19,761449
80.0,1,-1,confirm,1.0,22.79,6.79,63.93,3984,41.15,19.19,5608,0.71,0.943,0.215,0.2232,20,0.4822,2779,0.9857,1,1376,2.15,1,1376,2.15,1,1376,2.15,1,1523,8.33,0.7857,40.03,19,761978
80.0,1,1,confirm,1.0,0.43,-15.57,40.61,10543,40.18,26.76,11643,0.906,1.112,0.195,0.738,0,0.7551,10494,0.9962,1,154,1.57,1,154,1.57,1,2826,-1.26,1,672,0.63,0.0763,41.41,21,767586
80.0,1,-1,confirm,1.0,-44.6,-60.6,36.31,3618,80.92,44.6,14636,0.247,0.905,0.323,0.3713,1,0.6806,9934,0.9886,1,433,-20.94,1,433,-20.94,1,465,-11.22,1,466,-13.74,0.5535,40.02,0,779229
80.0,1,1,fallback,1.0,-33.55,-49.55,7.19,22,40.74,33.55,2226,0.01,0.988,0.267,0.2981,4,0.2981,22,0.9378,1,505,-16.45,1,505,-16.45,1,505,-16.45,1,1127,-16.12,0.9196,81.21,4,793865
80.0,1,-1,confirm,1.0,81.07,65.07,120.93,5440,39.86,0.0,6802,0.8,1.258,0.238,0.3761,6,0.717,232,0.9653,1,828,16.3,1,828,16.3,1,828,16.3,1,828,16.3,0.6887,40.71,5,796091
80.0,1,1,confirm,1.0,42.71,26.71,83.61,4829,40.9,20.98,6268,0.77,2.744,0.267,0.2495,8,0.5196,3626,0.9576,1,518,-2.14,1,518,-2.14,1,518,-2.14,1,542,-0.88,0.4445,40.35,7,802893
80.0,1,-1,confirm,1.0,-81.88,-97.88,-0.0,0,81.88,81.88,2786,0.0,1.618,0.251,-0.1002,8,0.4612,740,0.9022,1,816,-19.68,1,816,-19.68,1,816,-19.68,1,869,-16.29,0.5824,40.56,8,809161
80.0,1,1,fallback,1.0,-29.13,-45.13,12.1,118,41.23,29.13,1696,0.07,1.838,0.329,0.4448,9,0.4587,17,0.8528,1,599,-0.16,1,599,-0.16,1,599,-0.16,1,617,-2.28,0.1129,81.88,9,811947
80.0,1,-1,confirm,1.0,60.28,44.28,100.3,13341,40.03,30.46,14375,0.928,1.526,0.085,0.0724,13,0.6835,1748,0.9774,1,440,-9.35,1,440,-9.35,1,440,-9.35,1,440,-9.35,0.4753,41.18,10,813643
80.0,1,1,confirm,1.0,34.98,18.98,75.42,2214,40.43,-0.0,2599,0.852,2.211,0.115,0.3216,14,0.4016,2187,0.8231,1,755,14.43,1,755,14.43,1,755,14.43,1,818,10.02,0.3579,40.43,14,828018
80.0,1,-1,confirm,1.0,-72.88,-88.88,10.14,365,83.02,72.88,690,0.529,0.821,0.193,0.2698,14,0.2698,365,0.7979,1,550,-44.78,1,550,-44.78,1,550,-44.78,1,557,-58.55,0.1884,40.13,14,830617
80.0,1,1,fallback,1.0,-10.16,-26.16,30.16,386,40.32,20.47,526,0.734,1.559,0.2,0.1502,15,0.4149,293,0.8754,0,-1,,0,-1,,0,-1,,0,-1,,0.4391,83.11,14,831307
80.0,1,-1,confirm,1.0,24.72,8.72,65.0,3549,40.28,73.28,3774,0.94,2.417,0.171,0.1749,16,0.3328,1870,0.8496,1,3410,38.3,1,3410,38.3,1,3410,38.3,0,-1,,0.3882,40.2,15,831833
80.0,1,1,confirm,1.0,12.23,-3.77,53.8,3559,41.57,9.72,4335,0.821,1.332,0.285,0.3515,17,0.5237,3313,0.9305,1,977,11.93,1,977,11.93,1,977,11.93,1,982,10.29,0.4915,40.54,16,835607
80.0,1,-1,confirm,1.0,29.76,13.76,69.85,12925,40.09,13.84,18195,0.71,0.886,0.199,0.343,20,0.7434,3828,0.9834,1,656,2.19,1,656,2.19,1,656,2.19,1,4204,9.11,0.5984,41.35,17,839942
80.0,1,1,confirm,1.0,68.5,52.5,109.03,62368,40.53,36.0,63711,0.979,0.891,0.175,0.0165,15,0.876,7353,0.9957,1,610,-17.47,1,610,-17.47,1,610,-17.47,1,2682,-32.67,0.056,40.38,22,858137
80.0,1,-1,confirm,1.0,-58.51,-74.51,26.1,2803,84.6,58.51,20233,0.139,0.702,0.113,0.2758,16,0.6656,6952,0.9931,1,649,0.3,1,649,0.3,1,649,0.3,1,650,-0.92,0.7033,40.09,16,921848
80.0,1,1,fallback,1.0,3.11,-12.89,45.88,59,42.77,-0.0,297,0.199,7.117,0.494,0.456,21,0.5478,0,0.9652,0,-1,,0,-1,,0,-1,,0,-1,,0.1367,84.83,21,942081
80.0,1,-1,confirm,1.0,-0.8,-16.8,41.82,34120,42.62,34.57,37773,0.903,5.51,0.48,0.6564,7,0.8255,28065,0.9912,1,564,-4.4,1,564,-4.4,1,564,-4.4,1,1538,14.49,0.4579,42.57,21,942378
80.0,1,1,confirm,1.0,-53.06,-69.06,26.63,8365,79.7,53.06,22449,0.373,0.996,0.106,0.2312,10,0.7664,12849,0.996,1,1064,-6.55,1,1064,-6.55,1,1064,-6.55,1,1064,-6.55,0.8002,42.8,8,980151
80.0,1,-1,confirm,1.0,4.25,-11.75,44.17,1332,39.92,3.91,1880,0.709,0.47,0.082,0.5622,14,0.5827,1233,0.9501,1,1613,29.55,1,1613,29.55,1,1613,29.55,1,1726,29.58,0.2043,79.49,14,1002600
80.0,1,1,confirm,1.0,-66.11,-82.11,13.44,5023,79.55,66.11,10509,0.478,2.265,0.37,0.5539,16,0.7133,52,0.987,1,600,-3.25,1,600,-3.25,1,600,-3.25,1,600,-3.25,0.7216,40.1,15,1004480
80.0,1,-1,confirm,1.0,-38.43,-54.43,2.71,1363,41.15,38.43,9051,0.151,0.638,0.115,0.2457,18,0.6107,0,0.9517,1,1472,-1.48,1,1472,-1.48,1,1472,-1.48,1,1552,-1.0,0.6602,79.44,17,1014989
80.0,1,1,confirm,1.0,116.27,100.27,157.22,3099,40.95,3.8,3235,0.958,5.969,0.466,0.5533,21,0.7792,474,0.9799,1,720,12.57,1,720,12.57,1,720,12.57,1,1040,15.8,0.8149,41.16,20,1024040
80.0,1,-1,confirm,1.0,-78.88,-94.88,13.47,497,92.35,78.88,1160,0.428,0.724,0.072,-0.0126,21,0.0529,766,0.7104,1,785,-36.58,0,-1,,0,-1,,0,-1,,0.7236,40.31,21,1027275
80.0,1,1,fallback,1.0,31.08,15.08,71.88,598,40.8,6.96,827,0.723,1.403,0.123,0.5373,21,0.7541,12,0.8592,0,-1,,0,-1,,0,-1,,0,-1,,0.0627,92.47,21,1028435
80.0,1,-1,confirm,1.0,29.33,13.33,69.06,796,39.73,20.41,1125,0.708,1.465,0.146,0.1217,22,0.1262,779,0.7149,1,448,-10.28,1,844,64.7,0,-1,,0,-1,,0.5729,40.5,21,1029262
80.0,1,1,confirm,1.0,7.37,-8.63,48.21,1874,40.84,31.92,3175,0.59,3.572,0.199,0.2634,22,0.328,1873,0.7162,1,202,-17.41,1,202,-17.41,1,1171,-2.17,1,280,-28.09,0.5621,40.01,22,1030387
80.0,1,-1,confirm,1.0,-81.37,-97.37,-0.0,0,81.37,81.37,2946,0.0,0.833,0.184,0.1447,23,0.3943,2012,0.814,1,157,-34.29,1,157,-34.29,1,2146,-57.59,1,167,-37.66,0.3986,40.65,23,1033562
80.0,1,1,fallback,1.0,-24.33,-40.33,15.97,1190,40.3,24.33,2212,0.538,3.47,0.165,0.2738,0,0.3394,2114,0.9042,1,97,-7.25,1,1785,-13.26,1,1785,-13.26,1,1786,-13.26,0.2182,81.37,23,1036508
80.0,1,-1,confirm,1.0,1.09,-14.91,41.62,1982,40.53,5.09,4024,0.493,1.463,0.285,0.659,1,0.695,1950,0.9831,1,3985,8.12,1,3985,8.12,1,3985,8.12,1,4022,3.83,0.7296,40.23,0,1038720
80.0,1,1,confirm,1.0,16.19,0.19,56.88,7885,40.69,31.04,9260,0.852,1.34,0.202,0.197,3,0.4717,2068,0.9795,1,362,12.5,1,362,12.5,1,362,12.5,1,364,9.16,0.4761,40.7,1,1042744
80.0,1,-1,confirm,1.0,-51.17,-67.17,32.6,19543,83.76,51.17,25502,0.766,1.28,0.389,0.3,9,0.7157,23904,0.9807,1,414,-4.84,1,414,-4.84,1,414,-4.84,1,547,-5.14,0.2858,40.46,4,1052004
80.0,1,1,fallback,1.0,8.02,-7.98,48.81,485,40.79,-0.0,2802,0.173,1.642,0.169,-0.0169,11,0.2536,0,0.8767,1,431,36.16,1,431,36.16,1,431,36.16,1,600,24.93,0.6326,84.04,11,1077506
80.0,1,-1,confirm,1.0,-81.34,-97.34,0.54,6,81.88,81.34,3690,0.002,2.341,0.231,-0.0889,12,0.326,1465,0.8769,1,657,-24.88,1,2144,-40.15,1,2144,-40.15,1,2234,-48.3,0.0969,40.59,12,1080308
80.0,1,1,fallback,1.0,1.37,-14.63,44.4,1162,43.03,14.57,1994,0.583,0.389,0.128,0.1904,13,0.242,916,0.8556,1,154,-5.89,1,154,-5.89,1,154,-5.89,0,-1,,0.1199,81.88,13,1083998
80.0,1,-1,confirm,1.0,13.76,-2.24,54.38,1867,40.61,0.0,3938,0.474,1.148,0.051,0.2635,14,0.3492,2019,0.784,1,618,7.26,1,618,7.26,1,618,7.26,1,633,6.66,0.0462,42.84,13,1085992
80.0,1,1,confirm,1.0,61.47,45.47,108.38,4469,46.91,0.0,8254,0.541,0.879,0.064,0.2669,15,0.4316,3688,0.957,1,674,13.09,1,674,13.09,1,674,13.09,1,2184,21.23,0.1731,40.84,14,1089930
80.0,1,-1,confirm,1.0,50.74,34.74,90.61,8217,39.86,0.0,8612,0.954,4.078,0.419,0.3197,19,0.5381,275,0.9452,1,1363,16.25,1,1363,16.25,1,1363,16.25,1,2397,18.65,0.2981,46.4,17,1098184
80.0,1,1,confirm,1.0,-64.47,-80.47,16.5,1119,80.96,64.47,10693,0.105,0.742,0.125,0.2355,19,0.59,9674,0.9725,1,219,-15.27,1,599,6.3,1,1165,6.6,1,1196,-1.11,0.2517,40.23,19,1106796
80.0,1,-1,fallback,1.0,-24.36,-40.36,16.98,478,41.33,24.36,970,0.493,2.558,0.192,0.3737,22,0.3755,482,0.8958,0,-1,,0,-1,,0,-1,,0,-1,,0.3983,80.83,22,1117489
80.0,1,1,confirm,1.0,-65.79,-81.79,13.77,7259,79.56,65.79,13609,0.533,1.84,0.249,0.2911,0,0.4981,3957,0.9709,1,424,-24.79,1,424,-24.79,1,424,-24.79,1,1191,-24.92,0.8958,41.4,22,1118459
80.0,1,-1,confirm,1.0,1.42,-14.58,43.22,3219,41.81,0.0,3463,0.93,2.849,0.38,0.226,3,0.6047,1869,0.9653,1,754,4.23,1,754,4.23,1,754,4.23,1,756,4.23,0.4728,79.45,2,1132068
80.0,1,1,confirm,1.0,11.88,-4.12,54.65,2413,42.77,5.52,3839,0.629,2.631,0.55,0.4895,4,0.6353,2427,0.9939,1,600,19.77,1,600,19.77,1,600,19.77,1,600,19.77,0.9233,41.99,3,1135531
80.0,1,-1,confirm,1.0,-50.1,-66.1,30.6,122,80.7,50.1,7217,0.017,6.435,0.432,0.2248,4,0.4515,1832,0.961,1,1044,17.49,1,1044,17.49,1,1044,17.49,1,1369,21.21,0.6939,42.54,4,1139370
80.0,1,1,fallback,1.0,57.61,41.61,99.09,8773,41.48,5.83,9942,0.882,0.965,0.311,0.3689,8,0.7305,292,0.9573,1,1090,19.81,1,1090,19.81,1,1090,19.81,1,1090,19.81,0.1317,80.95,6,1146587
80.0,1,-1,confirm,1.0,11.33,-4.67,52.23,8463,40.9,8.34,10832,0.781,1.22,0.118,0.4294,11,0.4924,640,0.9831,1,1240,5.22,1,1240,5.22,1,1240,5.22,1,1240,5.22,0.2325,41.08,9,1156529
80.0,1,1,confirm,1.0,-55.63,-71.63,26.53,1104,82.15,55.63,3131,0.353,2.769,0.244,0.2187,12,0.3037,4,0.8516,1,584,-9.49,1,584,-9.49,1,584,-9.49,1,847,-8.8,0.5669,41.11,12,1167361
80.0,1,-1,fallback,1.0,10.94,-5.06,51.13,1748,40.19,4.09,2479,0.705,2.132,0.093,0.3145,13,0.5558,212,0.911,0,-1,,0,-1,,0,-1,,0,-1,,0.4938,81.93,13,1170492
80.0,1,1,confirm,1.0,-70.09,-86.09,10.24,942,80.33,70.09,1809,0.521,0.613,0.21,-0.1308,14,-0.0039,1291,0.9212,0,-1,,0,-1,,0,-1,,0,-1,,0.6484,40.39,13,1172971
80.0,1,-1,fallback,1.0,12.81,-3.19,56.76,834,43.95,9.13,933,0.894,1.11,0.091,0.2614,14,0.6544,58,0.852,0,-1,,0,-1,,0,-1,,0,-1,,0.3399,80.25,14,1174780
80.0,1,1,confirm,1.0,11.91,-4.09,53.31,3650,41.4,12.46,4227,0.863,1.573,0.173,-0.1554,15,0.2682,2433,0.7685,1,690,7.18,1,690,7.18,1,2661,24.71,1,834,-2.62,0.6852,44.2,14,1175713
80.0,1,-1,confirm,1.0,-77.29,-93.29,3.35,2945,80.63,77.29,8293,0.355,1.219,0.166,0.2261,16,0.561,1760,0.964,1,673,-38.04,1,673,-38.04,1,673,-38.04,1,673,-38.04,0.5627,41.18,15,1179940
80.0,1,1,fallback,1.0,-40.16,-56.16,0.0,0,40.16,40.16,1091,0.0,1.852,0.301,0.3861,18,0.3917,3,0.8819,1,602,-20.46,1,602,-20.46,1,602,-20.46,0,-1,,0.4334,80.66,18,1188233
80.0,1,-1,confirm,1.0,21.6,5.6,62.15,3317,40.55,0.0,7169,0.463,0.739,0.157,0.0599,19,0.6161,4811,0.9336,1,2552,40.4,1,5276,45.58,1,5276,45.58,1,5276,45.58,0.3726,40.16,18,1189324
80.0,1,1,confirm,1.0,5.54,-10.46,46.54,21747,41.0,52.18,22587,0.963,3.781,0.395,0.4112,2,0.7373,17298,0.9891,1,109,-4.43,1,109,-4.43,1,2587,2.81,1,268,-10.98,0.2689,40.81,20,1196493
80.0,1,-1,confirm,1.0,53.14,37.14,93.07,18981,39.93,27.96,19187,0.989,6.208,0.353,0.5386,7,0.7121,10014,0.9839,1,283,-1.35,1,283,-1.35,1,2827,20.34,1,714,-2.72,0.871,40.81,2,1219080
80.0,1,1,confirm,1.0,-67.31,-83.31,12.21,37,79.52,67.31,2448,0.015,0.936,0.069,-0.341,7,0.1533,407,0.8821,1,494,-6.22,1,494,-6.22,0,-1,,1,531,-10.07,0.7097,40.3,7,1238267
80.0,1,-1,confirm,1.0,37.69,21.69,78.07,9531,40.38,1.78,11285,0.845,0.872,0.155,0.0729,11,0.6159,75,0.9913,1,1403,13.83,1,1403,13.83,1,1403,13.83,1,1621,17.78,0.3781,79.43,8,1240715
80.0,1,1,confirm,1.0,57.18,41.18,97.74,8937,40.55,36.59,9342,0.957,2.879,0.229,0.4827,14,0.6945,4855,0.9745,1,645,-0.13,1,645,-0.13,1,645,-0.13,1,645,-0.13,0.309,40.7,11,1252000
80.0,1,-1,confirm,1.0,21.29,5.29,63.88,1521,42.59,15.57,1611,0.944,5.647,0.256,0.3003,14,0.3388,1510,0.9048,1,811,-1.15,1,811,-1.15,1,811,-1.15,0,-1,,0.7586,40.16,14,1261342
80.0,1,1,confirm,1.0,170.97,154.97,212.82,5963,41.85,11.06,6086,0.98,3.11,0.256,0.201,16,0.4841,6052,0.8672,1,2308,37.5,1,2308,37.5,1,2308,37.5,1,2308,37.5,0.4891,42.87,14,1262953
80.0,1,-1,confirm,1.0,12.39,-3.61,56.22,2259,43.83,0.0,4949,0.456,3.534,0.134,0.4166,17,0.5226,1353,0.9809,1,860,30.51,1,860,30.51,1,860,30.51,1,860,30.51,0.5463,40.98,16,1269039
80.0,1,1,confirm,1.0,-67.03,-83.03,15.43,122,82.46,67.03,435,0.28,2.041,0.314,0.2492,17,0.2986,411,0.9017,1,413,-24.51,1,413,-24.51,1,413,-24.51,1,413,-24.51,0.739,44.07,17,1273988
80.0,1,-1,fallback,1.0,1.17,-14.83,41.67,38,40.5,6.64,97,0.392,5.911,0.162,0.1258,18,0.1258,38,0.3561,0,-1,,0,-1,,0,-1,,0,-1,,0.4964,82.33,18,1274423
80.0,1,1,confirm,1.0,-72.81,-88.81,7.41,1,80.22,72.81,194,0.005,1.168,0.064,-0.0746,18,-0.0746,1,0.3754,0,-1,,0,-1,,0,-1,,0,-1,,0.1283,40.67,18,1274520
80.0,1,-1,fallback,1.0,10.84,-5.16,51.61,28,40.77,1.32,72,0.389,3.149,0.23,0.1297,18,0.2136,12,0.4787,0,-1,,0,-1,,0,-1,,0,-1,,0.3754,80.16,18,1274714
80.0,1,1,confirm,1.0,34.91,18.91,80.69,1537,45.78,-0.0,1563,0.983,1.387,0.069,-0.0467,18,0.1406,1079,0.8004,1,542,48.75,1,634,48.12,0,-1,,1,766,39.82,0.0088,40.99,18,1274786
80.0,1,-1,confirm,1.0,-75.33,-91.33,5.72,132,81.06,75.33,639,0.207,0.702,0.029,0.024,18,0.2005,1,0.6756,1,17,-34.12,1,17,-34.12,1,17,-34.12,1,627,-68.53,0.6799,45.42,18,1276349
80.0,1,1,fallback,1.0,-5.66,-21.66,34.71,43,40.38,5.66,754,0.057,2.662,0.189,0.1765,18,0.1974,24,0.8847,1,657,12.66,1,657,12.66,0,-1,,0,-1,,0.2996,81.1,18,1276988
80.0,1,-1,confirm,1.0,22.62,6.62,62.8,177,40.17,0.49,328,0.54,0.84,0.201,-0.0054,18,0.0859,306,0.8615,0,-1,,0,-1,,0,-1,,0,-1,,0.3788,40.24,18,1277742
80.0,1,1,confirm,1.0,-76.8,-92.8,5.78,71,82.58,76.8,553,0.128,0.399,0.09,-0.0326,19,0.134,462,0.5839,1,348,-36.57,1,503,-61.72,0,-1,,0,-1,,0.6609,40.43,19,1278070
80.0,1,-1,fallback,1.0,-38.64,-54.64,3.79,84,42.43,38.64,194,0.433,1.101,0.205,0.1018,19,0.1021,86,0.3318,1,189,-32.81,1,189,-32.81,0,-1,,0,-1,,0.3507,82.53,19,1278623
80.0,1,1,confirm,1.0,-78.96,-94.96,5.87,35,84.83,78.96,334,0.105,1.299,0.022,0.0216,19,0.0237,4,0.6144,0,-1,,0,-1,,0,-1,,0,-1,,0.0238,42.45,19,1278817
80.0,1,-1,fallback,1.0,-1.54,-17.54,41.07,91,42.61,4.4,159,0.572,2.477,0.175,0.3467,19,0.3636,105,0.6264,0,-1,,0,-1,,0,-1,,0,-1,,0.4825,84.78,19,1279151
80.0,1,1,confirm,1.0,-69.55,-85.55,13.63,24,83.17,69.55,442,0.054,0.942,0.043,-0.2502,19,-0.176,434,0.4778,0,-1,,0,-1,,0,-1,,0,-1,,0.5537,42.79,19,1279310
80.0,1,-1,fallback,1.0,-31.61,-47.61,8.58,5,40.2,31.61,117,0.043,3.417,0.111,0.2697,19,0.3061,1,0.8424,0,-1,,0,-1,,0,-1,,0,-1,,0.4778,83.06,19,1279752
80.0,1,1,confirm,1.0,-70.2,-86.2,9.6,25,79.8,70.2,697,0.036,0.953,0.025,-0.0648,19,0.0253,487,0.4441,0,-1,,0,-1,,0,-1,,0,-1,,0.5307,40.23,19,1279869
80.0,1,-1,confirm,1.0,-16.88,-32.88,25.62,434,42.5,17.0,445,0.975,5.189,0.094,0.3169,19,0.3416,312,0.5622,0,-1,,0,-1,,0,-1,,0,-1,,0.3577,79.72,19,1280566
80.0,1,1,confirm,1.0,-50.72,-66.72,33.64,2905,84.36,50.72,7972,0.364,0.559,0.199,0.2666,20,0.5817,4261,0.9585,1,1175,14.63,1,1175,14.63,1,1175,14.63,1,2465,13.4,0.3672,42.61,19,1281011
80.0,1,-1,fallback,1.0,-35.54,-51.54,4.46,12,40.0,35.54,289,0.042,6.206,0.371,0.238,22,0.3572,0,0.71,0,-1,,0,-1,,0,-1,,0,-1,,0.1175,84.08,22,1288983
80.0,1,1,confirm,1.0,57.25,41.25,98.48,11070,41.24,15.89,13133,0.843,0.957,0.25,0.4861,1,0.5986,9791,0.9891,1,1643,34.21,1,1643,34.21,1,1643,34.21,1,1762,26.61,0.3764,40.02,22,1289272
80.0,1,-1,confirm,1.0,69.13,53.13,109.13,8707,40.0,36.45,8974,0.97,3.019,0.351,0.404,4,0.5166,8084,0.9881,1,109,-4.13,1,901,-8.78,1,901,-8.78,1,934,-10.32,0.7022,40.83,1,1302405
80.0,1,1,confirm,1.0,44.46,28.46,85.0,13999,40.54,62.24,16986,0.824,0.921,0.123,-0.3931,8,0.7396,8000,0.966,1,617,-12.04,1,617,-12.04,1,956,-25.9,1,985,-24.22,0.4917,40.45,4,1311379
80.0,1,-1,confirm,1.0,26.81,10.81,73.03,5113,46.22,15.19,6863,0.745,1.447,0.182,0.333,10,0.5685,5371,0.9641,1,255,-1.83,1,255,-1.83,1,255,-1.83,1,255,-1.83,0.4139,40.2,8,1328365
80.0,1,1,confirm,1.0,-3.67,-19.67,37.01,8285,40.68,50.94,9583,0.865,0.713,0.201,0.3069,13,0.4419,9166,0.984,1,610,-5.32,1,610,-5.32,1,610,-5.32,1,1094,-28.12,0.6181,46.56,10,1335228
80.0,1,-1,confirm,1.0,16.35,0.35,59.82,858,43.47,5.29,978,0.877,1.729,0.16,0.1753,13,0.1763,865,0.7165,1,565,33.76,1,565,33.76,0,-1,,0,-1,,0.5887,40.53,13,1344811
80.0,1,1,confirm,1.0,-63.49,-79.49,19.19,2058,82.68,63.49,3787,0.543,2.732,0.237,0.0852,14,0.4291,3071,0.864,1,436,-13.58,1,519,-15.76,1,519,-15.76,1,555,-28.34,0.712,43.73,13,1345789
80.0,1,-1,fallback,1.0,-29.49,-45.49,10.71,21,40.2,29.49,312,0.067,4.786,0.224,0.2868,14,0.3313,1,0.7089,0,-1,,0,-1,,0,-1,,0,-1,,0.2209,82.52,14,1349576
80.0,1,1,confirm,1.0,-74.54,-90.54,5.73,46,80.27,74.54,1180,0.039,1.203,0.05,-0.0775,14,0.222,309,0.9482,1,459,-42.34,1,459,-42.34,1,459,-42.34,1,534,-29.44,0.5074,40.24,14,1349888
80.0,1,-1,fallback,1.0,-13.57,-29.57,26.51,22,40.07,13.57,156,0.141,4.301,0.27,0.3704,15,0.3918,15,0.6562,0,-1,,0,-1,,0,-1,,0,-1,,0.5305,80.22,15,1351068
80.0,1,1,confirm,1.0,-79.11,-95.11,1.43,15,80.53,79.11,1025,0.015,1.67,0.1,-0.2034,15,0.3039,666,0.7058,1,968,-49.61,1,968,-49.61,1,968,-49.61,1,996,-58.92,0.5017,40.18,15,1351224
80.0,1,-1,fallback,1.0,67.19,51.19,107.06,1265,39.87,9.75,1408,0.898,1.762,0.155,0.3571,15,0.5573,201,0.8,1,600,31.11,1,600,31.11,1,600,31.11,1,750,30.79,0.412,80.52,15,1352249
80.0,1,1,confirm,1.0,2.29,-13.71,43.04,2748,40.75,5.25,3739,0.735,0.824,0.228,0.0007,16,0.3828,829,0.7587,1,1828,5.15,1,1828,5.15,1,1828,5.15,1,2539,27.68,0.2737,40.3,16,1353657
80.0,1,-1,confirm,1.0,-6.16,-22.16,45.88,1454,52.04,11.46,1546,0.94,1.844,0.249,0.1892,17,0.5076,16,0.962,1,1101,-7.18,1,1101,-7.18,1,1101,-7.18,1,1121,-1.95,0.3972,40.58,17,1357396
80.0,1,1,confirm,1.0,13.73,-2.27,57.85,3514,44.12,19.98,4342,0.809,0.346,0.245,0.4117,18,0.4787,1533,0.9899,1,600,-4.08,1,600,-4.08,1,1687,-11.42,1,1687,-11.42,0.0665,52.28,17,1358942
80.0,1,-1,confirm,1.0,-76.31,-92.31,9.9,978,86.21,76.31,4785,0.204,0.731,0.175,0.2345,18,0.445,60,0.8487,1,575,-20.17,1,575,-20.17,1,575,-20.17,1,598,-21.76,0.5435,43.87,18,1363284
80.0,1,1,fallback,1.0,-24.06,-40.06,16.42,1154,40.48,24.06,4256,0.271,1.876,0.236,0.028,20,0.2161,528,0.7257,1,600,-9.8,1,600,-9.8,1,600,-9.8,1,606,-9.8,0.5918,86.29,20,1368069
80.0,1,-1,confirm,1.0,0.86,-15.14,42.52,4920,41.66,5.6,11916,0.413,1.25,0.246,0.1148,22,0.6526,10971,0.9693,1,765,-3.25,1,765,-3.25,1,765,-3.25,1,1381,5.06,0.4975,40.42,21,1372325
80.0,1,1,confirm,1.0,-73.67,-89.67,16.79,5718,90.46,73.67,9871,0.579,1.842,0.517,0.2624,2,0.6212,2661,0.9847,1,555,0.23,1,555,0.23,1,1169,6.93,1,555,0.23,0.8623,41.84,0,1384241
80.0,1,-1,fallback,1.0,-16.25,-32.25,24.54,242,40.79,16.25,385,0.629,0.555,0.295,0.568,3,0.7541,0,0.8507,0,-1,,0,-1,,0,-1,,0,-1,,0.6396,90.31,3,1394112
80.0,1,1,confirm,1.0,3.19,-12.81,43.85,3374,40.65,3.83,4173,0.809,1.36,0.379,0.5014,4,0.612,3161,0.9643,1,1101,-0.19,1,1101,-0.19,1,1101,-0.19,1,1101,-0.19,0.553,40.89,3,1394497
80.0,1,-1,confirm,1.0,0.16,-15.84,40.29,1564,40.13,3.59,2272,0.688,1.241,0.229,0.2012,4,0.4244,162,0.8596,1,752,11.78,1,752,11.78,1,752,11.78,1,760,11.78,0.7653,40.48,4,1398670
80.0,1,1,confirm,1.0,0.22,-15.78,40.9,6692,40.68,15.87,8773,0.763,0.839,0.352,0.0815,7,0.4831,3665,0.9584,1,482,-3.35,1,482,-3.35,1,482,-3.35,1,618,-6.96,0.4989,40.29,5,1400942
80.0,1,-1,confirm,1.0,14.85,-1.15,55.21,6483,40.36,19.09,12063,0.537,1.658,0.051,0.0418,9,0.6199,11666,0.9702,1,2254,1.66,1,2254,1.66,1,6377,44.72,1,2704,2.35,0.2536,40.52,7,1409715
80.0,1,1,confirm,1.0,25.61,9.61,66.01,7758,40.4,34.58,8492,0.914,2.581,0.184,0.4478,13,0.4977,7388,0.9517,1,1143,-9.64,1,1143,-9.64,1,2184,11.61,1,1146,-8.28,0.3021,40.59,10,1421778
80.0,1,-1,confirm,1.0,-74.99,-90.99,10.14,48,85.13,74.99,1653,0.029,1.135,0.381,0.3592,13,0.4864,117,0.8879,1,713,-7.08,1,713,-7.08,1,713,-7.08,1,758,-10.88,0.3314,40.14,13,1430270
80.0,1,1,fallback,1.0,-9.18,-25.18,31.5,17,40.68,9.18,1256,0.014,3.983,0.405,0.4941,13,0.5748,15,0.7369,1,600,-2.69,1,600,-2.69,1,600,-2.69,1,615,-2.45,0.8192,85.22,13,1431923
80.0,1,-1,confirm,1.0,1.96,-14.04,43.37,12058,41.41,43.57,13314,0.906,0.955,0.208,-0.3073,17,0.8444,10090,0.9771,1,1476,-19.32,1,1476,-19.32,1,1476,-19.32,1,2174,-32.31,0.3652,40.55,14,1433179
80.0,1,1,confirm,1.0,61.36,45.36,102.39,24405,41.02,29.72,25453,0.959,3.62,0.374,0.2431,0,0.5786,21704,0.9801,1,192,7.98,1,892,3.54,1,892,3.54,1,892,3.54,0.4423,41.59,17,1446493
80.0,1,-1,confirm,1.0,-52.24,-68.24,31.0,7774,83.24,52.24,15466,0.503,0.355,0.116,0.1441,3,0.7594,6211,0.9874,1,80,-6.77,1,80,-6.77,1,769,-1.01,1,770,-1.01,0.2748,40.61,0,1471946
80.0,1,1,fallback,1.0,-33.79,-49.79,6.6,3,40.39,33.79,1158,0.003,4.066,0.446,0.5758,5,0.6115,0,0.8478,1,824,-19.49,1,824,-19.49,1,824,-19.49,1,1158,-33.79,0.8192,83.5,5,1487412
80.0,1,-1,confirm,1.0,29.55,13.55,70.16,31492,40.62,26.23,32810,0.96,0.667,0.193,0.5153,14,0.7882,18745,0.9898,1,562,-8.13,1,562,-8.13,1,562,-8.13,1,600,-8.13,0.6914,40.36,5,1488570
80.0,1,1,confirm,1.0,66.68,50.68,108.33,618,41.65,13.3,647,0.955,8.27,0.426,0.4739,14,0.5715,588,0.9109,1,412,-11.82,1,412,-11.82,1,412,-11.82,0,-1,,0.2224,40.9,14,1521380
80.0,1,-1,confirm,1.0,-75.03,-91.03,8.17,12,83.19,75.03,1996,0.006,6.209,0.156,-0.333,14,0.0599,914,0.684,1,991,-15.52,0,-1,,0,-1,,0,-1,,0.5043,41.21,14,1522027
80.0,1,1,fallback,1.0,-34.35,-50.35,6.31,3,40.66,34.35,642,0.005,2.193,0.225,0.3333,15,0.3333,3,0.8302,1,539,-25.55,1,539,-25.55,1,539,-25.55,1,593,-26.01,0.2838,83.26,15,1524023
80.0,1,-1,confirm,1.0,18.45,2.45,58.3,7517,39.85,11.49,20518,0.366,1.592,0.138,0.2781,17,0.7001,17286,0.9897,1,610,1.44,1,610,1.44,1,610,1.44,1,704,5.67,0.2524,40.64,15,1524665
80.0,1,1,confirm,1.0,49.99,33.99,90.61,26619,40.62,14.02,27598,0.965,0.763,0.227,0.3395,4,0.7137,7251,0.9724,1,604,-10.71,1,604,-10.71,1,7827,40.93,1,605,-10.71,0.3698,40.08,21,1545183
80.0,1,-1,confirm,1.0,26.77,10.77,66.51,13368,39.74,5.82,16988,0.787,1.724,0.692,0.626,8,0.8421,9432,0.9975,1,926,10.57,1,926,10.57,1,926,10.57,1,933,9.64,0.587,40.26,4,1572781
80.0,1,1,confirm,1.0,10.0,-6.0,50.54,5755,40.54,7.42,6077,0.947,2.317,0.065,0.1916,11,0.6668,239,0.9833,1,669,-4.96,1,669,-4.96,1,669,-4.96,1,825,0.49,0.7237,40.01,9,1589769
80.0,1,-1,confirm,1.0,0.68,-15.32,40.78,4771,40.1,29.08,6009,0.794,0.51,0.14,0.167,12,0.5898,3462,0.9766,1,580,-19.93,1,580,-19.93,1,580,-19.93,1,598,-20.69,0.8399,40.33,11,1595846
80.0,1,1,confirm,1.0,-59.54,-75.54,21.45,9986,80.99,59.54,28173,0.354,1.223,0.451,0.3271,15,0.6359,21691,0.9974,1,1904,-9.59,1,1904,-9.59,1,1904,-9.59,1,1904,-9.59,0.7015,40.27,12,1601855
80.0,1,-1,fallback,1.0,9.91,-6.09,50.02,1877,40.1,7.1,2158,0.87,1.042,0.154,0.3672,21,0.6132,1366,0.9658,1,2005,34.77,1,2005,34.77,1,2005,34.77,1,2026,28.04,0.9591,80.82,20,1630028
80.0,1,1,confirm,1.0,-49.61,-65.61,30.86,981,80.47,49.61,7705,0.127,2.425,0.271,0.2038,21,0.2951,1012,0.9731,1,447,-8.34,1,447,-8.34,1,447,-8.34,1,482,-6.27,0.6308,40.3,21,1632186
80.0,1,-1,fallback,1.0,-14.29,-30.29,26.9,934,41.19,14.29,2298,0.406,1.104,0.045,-0.1068,23,0.3295,9,0.8706,1,697,10.66,1,697,10.66,1,697,10.66,1,842,21.69,0.2886,80.22,23,1639891
80.0,1,1,confirm,1.0,44.6,28.6,85.88,1699,41.28,17.67,2423,0.701,2.835,0.316,0.4644,0,0.6079,1545,0.9541,1,381,-6.02,1,381,-6.02,1,381,-6.02,0,-1,,0.4423,41.3,0,1642189
80.0,1,-1,confirm,1.0,-66.51,-82.51,14.67,88,81.18,66.51,2008,0.044,0.531,0.318,-0.2508,0,0.3495,1605,0.9223,1,469,-8.82,1,469,-8.82,1,1691,-49.55,1,535,-3.5,0.1693,40.93,0,1644612
80.0,1,1,fallback,1.0,48.29,32.29,88.92,180,40.62,0.41,567,0.317,4.629,0.305,0.3812,1,0.4055,2,0.5602,0,-1,,0,-1,,0,-1,,0,-1,,0.308,81.3,1,1646620
80.0,1,-1,confirm,1.0,61.41,45.41,101.86,5326,40.44,20.68,5402,0.986,5.455,0.43,0.466,3,0.7096,4671,0.9759,1,1236,-11.69,1,1236,-11.69,1,1236,-11.69,1,1241,-13.24,0.4346,40.27,1,1647187
80.0,1,1,confirm,1.0,4.37,-11.63,45.73,1372,41.37,25.87,2053,0.668,0.647,0.344,0.5485,3,0.5652,1311,0.9803,1,1566,17.09,1,1566,17.09,1,1566,17.09,1,1827,17.46,0.6198,40.86,3,1652589
80.0,1,-1,confirm,1.0,10.91,-5.09,50.72,1430,39.81,10.59,5019,0.285,0.882,0.262,0.4995,4,0.6285,1121,0.981,1,783,-2.4,1,783,-2.4,1,783,-2.4,1,3557,21.19,0.4337,41.18,3,1654642
80.0,1,1,confirm,1.0,-2.18,-18.18,40.98,9040,43.16,27.76,11042,0.819,4.117,0.255,0.3768,7,0.67,2932,0.9855,1,1342,18.74,1,1342,18.74,1,1342,18.74,1,1730,21.21,0.2853,40.02,5,1659661
80.0,1,-1,confirm,1.0,-73.31,-89.31,10.29,2055,83.61,73.31,12487,0.165,1.494,0.323,0.2007,8,0.6676,9569,0.9792,1,575,-24.21,1,575,-24.21,1,575,-24.21,1,589,-30.88,0.8425,42.99,8,1670703
80.0,1,1,fallback,1.0,57.27,41.27,97.89,4790,40.62,2.17,6931,0.691,2.249,0.127,0.2753,12,0.3674,5851,0.9276,1,607,3.1,1,607,3.1,1,607,3.1,1,893,1.86,0.3112,83.69,11,1683190
80.0,1,-1,confirm,1.0,-81.24,-97.24,-0.0,0,81.24,81.24,1084,0.0,2.143,0.266,0.1966,13,0.1977,1,0.6037,1,117,-30.51,1,117,-30.51,0,-1,,1,141,-47.2,0.448,40.23,13,1690121
80.0,1,1,fallback,1.0,-18.25,-34.25,22.2,815,40.45,18.25,1196,0.681,1.483,0.074,0.1205,14,0.1899,861,0.6691,1,1124,-12.14,1,1124,-12.14,0,-1,,0,-1,,0.5993,81.24,13,1691205
80.0,1,-1,confirm,1.0,40.22,24.22,80.02,2950,39.8,6.42,3363,0.877,1.036,0.079,-0.0114,14,0.2301,2281,0.8615,1,369,4.28,1,369,4.28,1,2467,74.61,1,778,28.15,0.3313,40.36,14,1692401
80.0,1,1,confirm,1.0,-74.5,-90.5,5.94,124,80.44,74.5,5587,0.022,0.787,0.25,0.3128,15,0.4102,2418,0.9043,1,687,1.67,1,687,1.67,1,687,1.67,1,1028,-18.53,0.5166,40.12,15,1695764
80.0,1,-1,fallback,1.0,-26.38,-42.38,14.12,648,40.5,26.38,1248,0.519,1.053,0.151,0.3417,16,0.5224,373,0.9779,1,1073,-17.3,1,1073,-17.3,1,1073,-17.3,0,-1,,0.7254,80.39,16,1701351
80.0,1,1,confirm,1.0,-76.68,-92.68,3.76,90,80.44,76.68,10186,0.009,2.399,0.231,0.1917,16,0.2953,182,0.709,1,682,-15.74,1,682,-15.74,1,682,-15.74,1,689,-15.74,0.2384,40.56,16,1702599
80.0,1,-1,fallback,1.0,-39.61,-55.61,1.23,4,40.85,39.61,868,0.005,3.007,0.334,0.6208,19,0.621,7,0.9424,1,600,-31.78,1,600,-31.78,1,600,-31.78,0,-1,,0.6943,80.41,19,1712785
80.0,1,1,confirm,1.0,-61.45,-77.45,18.72,356,80.18,61.45,8769,0.041,0.607,0.287,0.2205,20,0.561,2948,0.9604,1,530,-2.12,1,530,-2.12,1,530,-2.12,1,629,-6.71,0.9409,40.85,20,1713653
80.0,1,-1,fallback,1.0,12.45,-3.55,52.59,1062,40.15,0.0,8186,0.13,1.578,0.216,0.1128,22,0.5441,3103,0.9622,1,664,39.44,1,664,39.44,1,664,39.44,1,666,39.04,0.2461,80.03,22,1722422
80.0,1,1,confirm,1.0,-48.41,-64.41,33.28,8053,81.7,48.41,14835,0.543,2.505,0.401,0.3658,2,0.7729,174,0.9609,1,774,7.47,1,774,7.47,1,774,7.47,1,774,7.47,0.5843,40.36,0,1730608
80.0,1,-1,fallback,1.0,144.9,128.9,185.18,5557,40.28,0.0,6129,0.907,1.084,0.236,0.2779,6,0.7262,1739,0.9762,1,900,7.53,1,900,7.53,1,900,7.53,1,931,5.44,0.8199,81.43,4,1745443
80.0,1,1,confirm,1.0,0.52,-15.48,42.27,2874,41.74,-0.0,5269,0.545,6.171,0.162,0.2334,7,0.2906,2082,0.8632,1,358,11.69,1,358,11.69,1,2678,30.29,1,660,12.06,0.389,41.04,6,1751572
80.0,1,-1,confirm,1.0,100.73,84.73,142.21,1646,41.47,18.08,1792,0.919,4.666,0.178,0.4364,8,0.5724,1174,0.8718,1,446,0.28,0,-1,,0,-1,,0,-1,,0.4587,41.57,8,1756841
80.0,1,1,confirm,1.0,21.65,5.65,62.29,5572,40.64,3.22,7108,0.784,2.105,0.367,0.0255,10,0.4365,5036,0.9389,1,3234,49.68,1,3234,49.68,1,3234,49.68,1,3972,45.8,0.5872,42.07,8,1758633
80.0,1,-1,confirm,1.0,19.88,3.88,59.88,10935,39.99,48.34,10971,0.997,3.099,0.159,0.2,13,0.5655,4923,0.965,1,41,-6.37,1,977,7.89,1,10373,34.85,1,1151,7.76,0.2811,40.39,10,1765741
80.0,1,1,confirm,1.0,62.8,46.8,103.47,2906,40.66,1.41,3056,0.951,0.424,0.136,0.0937,14,0.4334,2775,0.7598,1,1581,43.19,1,1581,43.19,1,1581,43.19,1,1676,39.01,0.5164,40.23,13,1776712
80.0,1,-1,confirm,1.0,23.97,7.97,64.22,3759,40.25,28.43,4283,0.878,0.737,0.147,-0.2929,15,0.4568,1500,0.8876,1,437,-2.55,1,437,-2.55,1,437,-2.55,1,2089,9.91,0.2036,40.25,14,1779768
80.0,1,1,confirm,1.0,20.43,4.43,60.81,2330,40.38,38.42,3175,0.734,1.601,0.225,0.4642,16,0.5023,2443,0.879,1,485,-26.57,1,485,-26.57,1,485,-26.57,1,661,-24.01,0.6641,40.51,15,1784051
80.0,1,-1,confirm,1.0,35.08,19.08,75.56,8448,40.48,18.4,9465,0.893,0.901,0.356,0.2658,18,0.4595,1208,0.9603,1,15,0.4,1,329,-8.57,1,329,-8.57,1,679,-4.55,0.5844,40.14,16,1787226
80.0,1,1,confirm,1.0,26.94,10.94,67.64,11500,40.7,16.49,13687,0.84,0.681,0.225,0.4121,22,0.5142,8552,0.989,1,97,4.17,1,12398,41.64,1,12398,41.64,0,-1,,0.3295,40.79,19,1796691
80.0,1,-1,confirm,1.0,-79.71,-95.71,2.67,803,82.38,79.71,6412,0.125,0.478,0.102,0.0163,23,0.4058,5530,0.9516,1,1146,-7.36,1,3196,-32.31,1,5543,-51.48,1,3212,-37.29,0.6522,40.43,22,1810378
80.0,1,1,fallback,1.0,-40.02,-56.02,0.0,1226,40.03,40.02,2338,0.524,1.236,0.064,0.0975,1,0.4494,2140,0.9973,1,426,-4.79,1,426,-4.79,1,426,-4.79,1,426,-4.79,0.214,82.4,0,1816790
80.0,1,-1,confirm,1.0,9.28,-6.72,49.27,7266,39.99,55.32,7924,0.917,0.502,0.168,0.198,3,0.5956,1734,0.9693,1,698,-27.69,1,698,-27.69,1,698,-27.69,1,759,-33.75,0.3474,40.03,1,1819128
80.0,1,1,confirm,1.0,16.55,0.55,57.1,7603,40.55,30.04,9024,0.843,5.075,0.547,0.248,5,0.427,6436,0.989,1,959,15.87,1,959,15.87,1,959,15.87,1,1146,9.71,0.4996,40.19,3,1827052
80.0,1,-1,confirm,1.0,38.02,22.02,79.22,19184,41.2,14.69,20162,0.951,0.967,0.047,-0.332,11,0.6192,2719,0.976,1,607,-7.33,1,607,-7.33,1,607,-7.33,1,638,-9.32,0.5904,40.32,6,1836076
80.0,1,1,confirm,1.0,60.27,44.27,101.7,737,41.43,-0.0,855,0.862,3.92,0.429,0.5235,11,0.5235,737,0.9304,0,-1,,0,-1,,0,-1,,0,-1,,0.0533,41.53,11,1856238
80.0,1,-1,confirm,1.0,156.62,140.62,198.96,5547,42.34,3.81,6085,0.912,1.831,0.131,0.3764,13,0.3934,5048,0.9045,1,2277,18.74,1,2277,18.74,1,3616,48.61,1,2610,16.86,0.6416,41.01,11,1857093
80.0,1,1,confirm,1.0,-51.64,-67.64,29.09,34,80.73,51.64,510,0.067,1.368,0.106,0.0058,13,0.0612,79,0.5892,1,98,17.43,0,-1,,0,-1,,0,-1,,0.3883,43.2,13,1863178
80.0,1,-1,fallback,1.0,15.66,-0.34,56.77,411,41.12,9.41,526,0.781,0.929,0.137,0.1663,13,0.3045,182,0.5434,0,-1,,0,-1,,0,-1,,0,-1,,0.4969,80.5,13,1863688
80.0,1,1,confirm,1.0,-64.74,-80.74,15.35,62,80.09,64.74,1384,0.045,0.52,0.013,-0.0973,13,0.0315,258,0.5024,0,-1,,0,-1,,0,-1,,0,-1,,0.2142,41.35,13,1864214
80.0,1,-1,fallback,1.0,-0.49,-16.49,40.61,434,41.1,25.2,575,0.755,1.302,0.158,0.2012,14,0.2248,249,0.633,1,317,9.65,1,317,9.65,1,317,9.65,0,-1,,0.1076,79.97,14,1865598
80.0,1,1,confirm,1.0,-43.59,-59.59,36.63,809,80.22,43.59,2745,0.295,0.545,0.064,-0.0372,14,0.3691,463,0.801,1,664,18.3,1,664,18.3,1,664,18.3,1,944,10.77,0.2127,41.26,14,1866173
80.0,1,-1,fallback,1.0,-33.6,-49.6,6.55,22,40.15,33.6,808,0.027,2.67,0.13,0.0817,15,0.3485,382,0.7794,1,770,-31.41,1,770,-31.41,1,770,-31.41,0,-1,,0.3496,79.93,15,1868918
80.0,1,1,confirm,1.0,-71.2,-87.2,8.84,33,80.04,71.2,962,0.034,0.952,0.138,0.0071,15,0.0155,26,0.4091,0,-1,,0,-1,,0,-1,,0,-1,,0.7485,40.17,15,1869726
80.0,1,-1,fallback,1.0,32.4,16.4,72.78,1720,40.38,8.04,1954,0.88,0.289,0.029,-0.3148,16,0.5359,441,0.8596,1,1026,40.06,1,1026,40.06,1,1026,40.06,1,1041,44.68,0.073,79.97,15,1870688
80.0,1,1,confirm,1.0,-46.79,-62.79,34.99,775,81.78,46.79,1975,0.392,1.323,0.117,-0.0072,16,0.3722,0,0.6673,1,401,3.23,1,401,3.23,1,401,3.23,1,444,8.41,0.4059,40.67,16,1872642
80.0,1,-1,fallback,1.0,49.74,33.74,90.77,498,41.03,13.37,543,0.917,6.663,0.179,0.3788,16,0.5243,449,0.8873,0,-1,,0,-1,,0,-1,,0,-1,,0.5297,81.5,16,1874617
80.0,1,1,confirm,1.0,-51.4,-67.4,28.65,603,80.05,51.4,1615,0.373,0.877,0.047,-0.013,17,0.1043,1490,0.78,1,1536,-30.76,1,1536,-30.76,0,-1,,1,1599,-47.96,0.4529,41.41,16,1875160
80.0,1,-1,confirm,1.0,-0.93,-16.93,39.39,192,40.33,9.46,280,0.686,1.259,0.14,0.2712,17,0.3408,62,0.6391,0,-1,,0,-1,,0,-1,,0,-1,,0.2625,79.82,17,1876775
80.0,1,1,confirm,1.0,-44.22,-60.22,35.58,213,79.81,44.22,1202,0.177,0.436,0.01,-0.2106,17,0.0641,484,0.6024,1,456,13.76,0,-1,,0,-1,,0,-1,,0.048,40.49,17,1877055
80.0,1,-1,confirm,1.0,-5.65,-21.65,35.5,245,41.15,7.33,304,0.806,3.319,0.137,0.3205,17,0.3281,232,0.6852,0,-1,,0,-1,,0,-1,,0,-1,,0.271,79.53,17,1878257
80.0,1,1,confirm,1.0,56.32,40.32,97.73,2152,41.41,6.59,2447,0.879,0.703,0.09,0.0922,18,0.1686,2320,0.5077,1,622,10.78,1,622,10.78,0,-1,,0,-1,,0.4131,41.3,17,1878561
80.0,1,-1,confirm,1.0,4.06,-11.94,44.6,1236,40.55,11.38,1896,0.652,0.848,0.056,0.0489,18,0.1827,1596,0.7922,1,982,21.02,1,982,21.02,0,-1,,0,-1,,0.1779,41.01,18,1881008
80.0,1,1,confirm,1.0,144.15,128.15,187.23,3967,43.08,21.79,4014,0.988,0.474,0.193,0.2917,20,0.3745,3865,0.892,1,273,-1.46,1,2573,18.95,1,2573,18.95,1,2896,22.47,0.0614,40.73,19,1882904
80.0,1,-1,confirm,1.0,-79.54,-95.54,1.19,2,80.73,79.54,2416,0.001,0.714,0.118,-0.2596,20,0.1248,2408,0.7444,1,576,-30.62,1,770,-40.32,0,-1,,1,1486,-50.96,0.2272,42.29,20,1886918
80.0,1,1,fallback,1.0,-9.41,-25.41,33.95,103,43.36,9.41,379,0.272,3.652,0.268,0.1067,20,0.1067,103,0.6393,1,152,5.25,1,152,5.25,0,-1,,0,-1,,0.3456,80.74,20,1889334
80.0,1,-1,confirm,1.0,5.29,-10.71,45.65,1006,40.36,16.08,2345,0.429,0.475,0.123,0.4296,21,0.5081,851,0.8696,1,1421,20.02,1,1421,20.02,1,1421,20.02,1,1550,6.89,0.3951,43.21,20,1889713
80.0,1,1,confirm,1.0,14.48,-1.52,56.99,1623,42.51,8.5,2427,0.669,5.089,0.204,0.295,22,0.4393,188,0.9487,1,1125,21.06,1,1125,21.06,1,1125,21.06,0,-1,,0.5262,40.55,21,1892058
80.0,1,-1,confirm,1.0,5.89,-10.11,45.86,11072,39.98,26.75,13040,0.849,0.545,0.098,-0.1117,1,0.5688,9909,0.9443,1,1118,10.82,1,1118,10.82,1,1118,10.82,1,1337,9.35,0.342,42.27,22,1894485
80.0,1,1,confirm,1.0,86.45,70.45,126.97,11743,40.52,45.29,12602,0.932,2.07,0.159,0.4656,5,0.6949,1081,0.9905,1,1313,-33.19,1,1313,-33.19,1,1313,-33.19,1,1313,-33.19,0.3379,40.16,1,1907525
80.0,1,-1,confirm,1.0,28.8,12.8,69.13,20700,40.34,76.64,21151,0.979,1.983,0.347,0.115,11,0.6958,1494,0.973,1,889,-22.26,1,1969,-24.21,1,1969,-24.21,1,2302,-23.62,0.5345,40.02,5,1920127
80.0,1,1,confirm,1.0,27.09,11.09,69.75,4552,42.66,38.17,4570,0.996,6.65,0.404,0.1466,12,0.4295,4290,0.8877,1,451,-1.63,1,451,-1.63,1,4570,27.09,1,603,-4.54,0.6518,40.62,11,1941278
80.0,1,-1,confirm,1.0,313.92,297.92,354.48,4694,40.55,12.86,4724,0.994,1.456,0.207,0.3376,13,0.4061,3504,0.8943,1,645,14.66,1,645,14.66,1,645,14.66,1,712,14.19,0.1343,42.37,12,1945848
80.0,1,1,confirm,1.0,-71.72,-87.72,9.05,69,80.77,71.72,232,0.297,0.631,0.117,-0.2754,13,-0.2105,232,0.2871,0,-1,,0,-1,,0,-1,,0,-1,,0.4841,42.04,13,1950572
80.0,1,-1,fallback,1.0,61.06,45.06,104.22,140,43.16,2.01,207,0.676,1.374,0.161,0.3476,13,0.4033,21,0.736,0,-1,,0,-1,,0,-1,,0,-1,,0.1888,80.7,13,1950804
80.0,1,1,confirm,1.0,-82.7,-98.7,0.0,0,82.7,82.7,76,0.0,0.847,0.101,-0.2935,13,-0.2897,5,0.2068,0,-1,,0,-1,,0,-1,,0,-1,,0.3229,43.61,13,1951011
80.0,1,-1,fallback,1.0,-15.71,-31.71,25.05,87,40.76,17.16,114,0.763,0.778,0.15,0.3199,13,0.3234,3,0.4392,0,-1,,0,-1,,0,-1,,0,-1,,0.2068,82.7,13,1951087
80.0,1,1,confirm,1.0,16.61,0.61,58.79,17,42.18,-0.0,73,0.233,0.903,0.084,-0.2864,14,-0.2641,66,0.2939,0,-1,,0,-1,,0,-1,,0,-1,,0.3035,40.87,14,1951201
80.0,1,-1,confirm,1.0,-91.15,-107.15,-0.0,0,91.15,91.15,58,0.0,0.766,0.084,0.2653,14,0.2695,43,0.2018,0,-1,,0,-1,,0,-1,,0,-1,,0.2182,41.94,14,1951274
80.0,1,1,fallback,1.0,-22.5,-38.5,21.8,15,44.3,22.5,157,0.096,0.995,0.016,-0.2587,14,-0.1468,107,0.0144,0,-1,,0,-1,,0,-1,,0,-1,,0.0582,91.15,14,1951332
80.0,1,-1,confirm,1.0,-82.52,-98.52,-0.0,0,82.52,82.52,217,0.0,0.557,0.007,0.1696,14,0.1756,21,0.4453,0,-1,,0,-1,,0,-1,,0,-1,,0.1526,44.2,14,1951489
80.0,1,1,fallback,1.0,22.54,6.54,63.28,118,40.75,3.22,205,0.576,0.706,0.113,-0.0342,14,-0.0032,87,0.4292,0,-1,,0,-1,,0,-1,,0,-1,,0.4421,82.52,14,1951706
80.0,1,-1,confirm,1.0,75.14,59.14,114.9,310,39.76,18.83,325,0.954,2.01,0.031,-0.094,14,0.0354,2,0.4645,0,-1,,0,-1,,0,-1,,0,-1,,0.3437,40.49,14,1951911
80.0,1,1,confirm,1.0,48.14,32.14,88.91,244,40.76,23.57,444,0.55,1.086,0.002,0.006,14,0.098,9,0.3045,1,174,50.96,0,-1,,0,-1,,0,-1,,0.044,40.23,14,1952236
80.0,1,-1,confirm,1.0,-61.23,-77.23,23.5,444,84.73,61.23,502,0.884,0.866,0.057,0.2539,14,0.2571,402,0.7453,1,498,-52.11,1,498,-52.11,1,498,-52.11,0,-1,,0.1842,40.4,14,1952680
80.0,1,1,fallback,1.0,86.01,70.01,130.13,38,44.12,0.18,50,0.76,6.641,0.147,0.0858,14,0.1292,11,0.5192,0,-1,,0,-1,,0,-1,,0,-1,,0.2191,84.93,14,1953182
80.0,1,-1,confirm,1.0,56.29,40.29,103.66,232,47.37,13.52,322,0.72,0.611,0.016,-0.0352,14,-0.0277,170,0.4365,0,-1,,0,-1,,0,-1,,0,-1,,0.2041,43.56,14,1953232
80.0,1,1,confirm,1.0,-80.13,-96.13,0.0,0,80.13,80.13,443,0.0,0.318,0.062,0.0846,14,0.0932,38,0.5166,1,223,-64.96,0,-1,,0,-1,,0,-1,,0.2137,47.87,14,1953554
80.0,1,-1,fallback,1.0,-37.8,-53.8,5.13,42,42.93,37.8,224,0.188,0.561,0.081,0.0832,14,0.1004,161,0.1471,1,214,-31.06,1,214,-31.06,0,-1,,0,-1,,0.4052,80.13,14,1953997
80.0,1,1,confirm,1.0,-52.18,-68.18,30.53,94,82.71,52.18,674,0.139,1.958,0.043,0.0083,14,0.0399,59,0.2509,0,-1,,0,-1,,0,-1,,0,-1,,0.0018,42.95,14,1954221
80.0,1,-1,fallback,1.0,-2.02,-18.02,39.71,105,41.72,2.02,199,0.528,1.321,0.157,0.151,15,0.1557,108,0.5325,0,-1,,0,-1,,0,-1,,0,-1,,0.2415,82.46,15,1954895
80.0,1,1,confirm,1.0,-64.91,-80.91,19.04,21,83.95,64.91,631,0.033,1.125,0.073,-0.058,15,0.0666,520,0.6667,1,602,-40.85,0,-1,,0,-1,,0,-1,,0.2254,41.89,15,1955094
80.0,1,-1,fallback,1.0,-32.52,-48.52,7.64,12,40.16,32.52,183,0.066,2.993,0.124,0.0947,15,0.1502,0,0.6231,0,-1,,0,-1,,0,-1,,0,-1,,0.4433,83.79,15,1955725
80.0,1,1,confirm,1.0,31.53,15.53,72.31,1075,40.78,-0.0,1242,0.866,1.589,0.078,0.2604,15,0.276,976,0.6807,1,904,7.55,1,904,7.55,0,-1,,0,-1,,0.3598,40.19,15,1955908
80.0,1,-1,confirm,1.0,-50.93,-66.93,37.02,243,87.95,50.93,1044,0.233,0.956,0.053,-0.1295,15,0.1264,540,0.7054,1,688,-6.75,1,688,-6.75,0,-1,,1,841,-8.03,0.3371,40.49,15,1957150
80.0,1,1,fallback,1.0,33.21,17.21,76.85,869,43.64,22.15,913,0.952,3.261,0.133,0.073,16,0.2479,193,0.6667,1,704,4.12,1,704,4.12,1,704,4.12,0,-1,,0.3789,88.27,15,1958194
80.0,1,-1,confirm,1.0,68.8,52.8,110.03,3300,41.23,7.04,3555,0.928,1.07,0.058,0.0855,17,0.3443,2076,0.7691,1,2676,88.28,1,2676,88.28,1,2676,88.28,1,2718,91.63,0.1156,43.31,16,1959107
80.0,1,1,confirm,1.0,17.11,1.11,59.19,1691,42.08,11.17,2045,0.827,0.909,0.097,-0.0465,17,0.2528,701,0.6757,1,1047,16.94,1,1047,16.94,1,1047,16.94,1,1291,25.85,0.4397,41.69,17,1962662
80.0,1,-1,confirm,1.0,9.6,-6.4,52.1,5931,42.5,50.96,6902,0.859,3.046,0.061,0.1423,19,0.3518,6876,0.8843,1,1633,-12.09,1,1633,-12.09,1,1633,-12.09,1,3096,-3.85,0.0213,41.83,17,1964707
80.0,1,1,confirm,1.0,10.99,-5.01,52.32,1491,41.34,40.84,3114,0.479,0.883,0.228,0.107,20,0.1344,1256,0.732,1,1855,30.13,1,1855,30.13,0,-1,,1,2320,28.44,0.4642,42.72,19,1971609
80.0,1,-1,confirm,1.0,-59.45,-75.45,25.6,1395,85.05,59.45,3629,0.384,0.595,0.342,-0.2824,20,0.2254,519,0.8471,1,948,2.79,1,948,2.79,1,948,2.79,1,957,1.75,0.6646,41.12,20,1974723
80.0,1,1,fallback,1.0,21.14,5.14,65.07,1558,43.93,7.35,2146,0.726,2.161,0.362,0.186,21,0.3874,1281,0.9343,1,1874,45.11,1,1874,45.11,1,1874,45.11,1,2125,25.06,0.7473,85.26,21,1978352
80.0,1,-1,confirm,1.0,-1.41,-17.41,39.44,2492,40.85,8.14,4121,0.605,0.995,0.117,0.0878,22,0.2954,1304,0.9266,1,2265,19.76,1,2265,19.76,1,2265,19.76,1,2972,18.1,0.0451,43.64,22,1980498
80.0,1,1,confirm,1.0,-46.65,-62.65,34.44,855,81.09,46.65,4253,0.201,0.402,0.124,0.4213,23,0.4689,630,0.9138,1,5,-0.0,1,5,-0.0,1,1206,17.68,1,9,-1.83,0.6048,41.01,23,1984619
80.0,1,-1,fallback,1.0,1.87,-14.13,42.73,2314,40.87,27.94,2624,0.882,2.232,0.191,0.1116,1,0.551,504,0.8664,1,820,-14.55,1,820,-14.55,1,820,-14.55,1,1038,-14.18,0.8605,80.81,0,1988872
80.0,1,1,confirm,1.0,-83.76,-99.76,0.52,15,84.28,83.76,3614,0.004,0.851,0.053,-0.0227,1,0.3473,2714,0.9883,1,540,-14.41,1,923,-48.84,1,2134,-70.02,1,3470,-60.31,0.0328,41.04,1,1991496
80.0,1,-1,fallback,1.0,82.44,66.44,124.64,290,42.2,0.6,315,0.921,2.432,0.259,0.4163,2,0.4752,106,0.8913,0,-1,,0,-1,,0,-1,,0,-1,,0.803,84.28,2,1995110
80.0,1,1,confirm,1.0,-56.38,-72.38,24.34,67,80.72,56.38,423,0.158,0.345,0.129,-0.3705,2,-0.1495,391,0.4086,0,-1,,0,-1,,0,-1,,0,-1,,0.5791,42.73,2,1995425
80.0,1,-1,fallback,1.0,-38.07,-54.07,2.78,20,40.85,38.07,105,0.19,0.565,0.08,0.123,2,0.1599,103,-0.0426,0,-1,,0,-1,,0,-1,,0,-1,,0.2189,80.52,2,1995848
80.0,1,1,confirm,1.0,28.12,12.12,68.74,363,40.61,-0.0,407,0.892,0.509,0.161,0.1127,2,0.1561,369,0.5498,0,-1,,0,-1,,0,-1,,0,-1,,0.0963,40.86,2,1995953
80.0,1,-1,confirm,1.0,30.97,14.97,72.33,1775,41.35,42.62,1856,0.956,1.632,0.082,0.0176,3,0.3909,1227,0.9305,1,1368,39.15,1,1368,39.15,1,1368,39.15,1,1568,35.07,0.2588,40.34,2,1996360
80.0,1,1,confirm,1.0,222.94,206.94,264.02,3175,41.08,16.46,3424,0.927,3.655,0.122,0.1343,3,0.3356,1445,0.8563,1,1058,56.32,1,1058,56.32,1,1058,56.32,0,-1,,0.2212,41.65,3,1998216
80.0,1,-1,confirm,1.0,-16.12,-32.12,25.05,5002,41.17,57.57,5206,0.961,0.962,0.172,0.0582,5,0.1694,3923,0.9329,1,454,-12.69,1,1776,-22.42,0,-1,,1,2813,-9.35,0.5107,40.02,4,2001640
80.0,1,1,confirm,1.0,87.37,71.37,127.96,7984,40.59,45.87,8417,0.949,1.062,0.108,0.4458,7,0.6749,1813,0.9646,1,574,-1.48,1,574,-1.48,1,2369,-31.75,1,719,-5.42,0.5054,41.27,5,2006846
80.0,1,-1,confirm,1.0,112.48,96.48,152.48,7491,39.99,22.53,7647,0.98,1.795,0.304,0.3228,9,0.373,7447,0.9288,1,1800,39.79,1,1800,39.79,1,1800,39.79,1,1824,35.8,0.5079,40.08,7,2015263
80.0,1,1,confirm,1.0,-74.05,-90.05,5.5,1270,79.56,74.05,3139,0.405,0.418,0.114,-0.3238,10,0.028,400,0.8713,0,-1,,0,-1,,0,-1,,0,-1,,0.2767,40.61,9,2022910
80.0,1,-1,confirm,1.0,-16.68,-32.68,24.11,672,40.79,16.68,970,0.693,0.778,0.104,0.3899,10,0.5218,953,0.9482,0,-1,,0,-1,,0,-1,,0,-1,,0.6293,79.51,10,2026049
80.0,1,1,confirm,1.0,45.73,29.73,86.45,5424,40.72,33.55,5506,0.985,1.741,0.225,0.3369,12,0.3369,5424,0.8846,1,2227,-7.86,1,2227,-7.86,1,2227,-7.86,1,2265,-14.18,0.6303,40.89,11,2027019
80.0,1,-1,confirm,1.0,91.71,75.71,131.22,513,39.51,1.41,543,0.945,2.537,0.282,0.3221,12,0.3371,518,0.7055,0,-1,,0,-1,,0,-1,,0,-1,,0.5188,40.38,12,2032525
80.0,1,1,confirm,1.0,22.36,6.36,63.62,104,41.26,22.5,227,0.458,1.675,0.039,-0.1901,12,-0.1005,226,0.3438,0,-1,,0,-1,,0,-1,,0,-1,,0.7022,40.03,12,2033068
80.0,1,-1,confirm,1.0,24.67,8.67,64.72,1370,40.05,10.14,1460,0.938,1.436,0.115,0.2481,13,0.4212,1030,0.8908,1,321,4.36,1,321,4.36,0,-1,,0,-1,,0.1555,41.0,12,2033295
80.0,1,1,confirm,1.0,-67.07,-83.07,12.92,24,80.0,67.07,404,0.059,1.282,0.036,-0.1806,13,-0.16,177,0.3741,0,-1,,0,-1,,0,-1,,0,-1,,0.1782,40.31,13,2034755
80.0,1,-1,confirm,1.0,6.26,-9.74,47.63,12,41.36,4.96,39,0.308,4.811,0.16,0.1848,13,0.2468,0,0.2491,0,-1,,0,-1,,0,-1,,0,-1,,0.1712,79.9,13,2035159
80.0,1,1,confirm,1.0,23.77,7.77,64.64,778,40.88,-0.0,814,0.956,1.143,0.048,-0.2442,13,-0.0892,39,0.481,0,-1,,0,-1,,0,-1,,0,-1,,0.1079,41.56,13,2035198
80.0,1,-1,confirm,1.0,-75.08,-91.08,7.72,37,82.81,75.08,522,0.071,0.565,0.028,0.2606,13,0.2698,1,0.2792,1,317,-54.37,1,317,-54.37,1,317,-54.37,0,-1,,0.434,40.62,13,2036012
80.0,1,1,fallback,1.0,118.64,102.64,159.76,1085,41.12,6.42,1149,0.944,1.158,0.175,0.287,14,0.2941,998,0.7196,0,-1,,0,-1,,0,-1,,0,-1,,0.0527,82.87,13,2036534
80.0,1,-1,confirm,1.0,41.23,25.23,81.28,2371,40.04,33.79,2804,0.846,1.94,0.143,0.2695,14,0.3011,2549,0.6745,0,-1,,0,-1,,0,-1,,0,-1,,0.2878,40.47,14,2037683
80.0,1,1,confirm,1.0,-62.89,-78.89,17.65,75,80.54,62.89,459,0.163,1.108,0.086,-0.1188,14,0.1375,342,0.5485,1,450,-56.49,1,450,-56.49,0,-1,,0,-1,,0.5925,40.37,14,2040487
80.0,1,-1,fallback,1.0,-35.77,-51.77,5.11,8,40.89,35.77,124,0.065,1.642,0.069,0.0,14,0.0231,27,0.437,0,-1,,0,-1,,0,-1,,0,-1,,0.3832,80.4,14,2040946
80.0,1,1,confirm,1.0,34.05,18.05,75.81,726,41.76,8.21,860,0.844,3.683,0.175,0.2522,15,0.2657,820,0.6427,1,42,2.52,0,-1,,0,-1,,0,-1,,0.4173,40.91,14,2041070
80.0,1,-1,confirm,1.0,-69.15,-85.15,12.87,45,82.01,69.15,832,0.054,0.747,0.029,-0.2181,15,-0.1073,466,0.3606,0,-1,,0,-1,,0,-1,,0,-1,,0.6234,41.45,15,2041930
80.0,1,1,fallback,1.0,-20.46,-36.46,20.95,56,41.41,20.46,149,0.376,2.045,0.193,0.2855,15,0.3098,13,0.4624,0,-1,,0,-1,,0,-1,,0,-1,,0.1851,82.12,15,2042762
80.0,1,-1,confirm,1.0,-14.45,-30.45,26.02,3175,40.47,74.73,3970,0.8,3.502,0.129,0.0075,16,0.2156,2658,0.7854,1,466,-26.86,1,1878,-34.46,1,2971,-12.23,1,1942,-74.73,0.2118,41.33,15,2042911
80.0,1,1,confirm,1.0,-52.02,-68.02,27.82,57,79.84,52.02,6786,0.008,2.329,0.214,0.3324,16,0.4914,5278,0.9454,1,600,-24.47,1,600,-24.47,1,600,-24.47,1,922,-14.5,0.2339,40.58,16,2046881
80.0,1,-1,confirm,1.0,14.71,-1.29,54.85,1803,40.14,0.65,2351,0.767,1.952,0.097,0.2549,18,0.5546,166,0.9751,1,585,15.72,1,585,15.72,1,585,15.72,1,663,19.53,0.3354,79.62,18,2053667
80.0,1,1,confirm,1.0,7.36,-8.64,47.82,179,40.46,-0.0,2538,0.071,3.084,0.28,0.3366,19,0.3816,170,0.8592,1,1822,17.06,1,1822,17.06,1,1822,17.06,0,-1,,0.6122,40.36,19,2056018
80.0,1,-1,confirm,1.0,4.68,-11.32,45.11,2834,40.44,21.72,5636,0.503,2.2,0.157,0.2315,20,0.3022,1428,0.9315,1,471,2.07,1,1650,13.61,1,1650,13.61,1,1825,10.02,0.3927,40.26,19,2058556
80.0,1,1,confirm,1.0,19.42,3.42,61.68,10067,42.26,12.37,11312,0.89,4.562,0.161,0.3766,0,0.8112,3772,0.9877,1,115,-5.01,1,1061,17.05,1,1061,17.05,1,2408,10.7,0.6679,40.62,21,2064192
80.0,1,-1,confirm,1.0,-70.29,-86.29,11.34,144,81.62,70.29,6993,0.021,0.357,0.441,0.2588,0,0.7295,5423,0.9798,1,266,4.87,1,266,4.87,1,266,4.87,1,266,4.87,0.6071,42.0,0,2075504
80.0,1,1,fallback,1.0,-34.06,-50.06,6.96,2049,41.02,34.06,2762,0.742,2.549,0.151,0.3031,3,0.6784,1630,0.9906,1,2647,-24.76,1,2647,-24.76,1,2647,-24.76,1,2649,-25.0,0.2788,81.72,2,2082497
80.0,1,-1,confirm,1.0,-84.08,-100.08,7.57,10691,91.66,84.08,37458,0.285,1.039,0.254,-0.1087,6,0.8582,16242,0.9912,1,3,-1.68,1,3,-1.68,1,3759,-42.05,1,74,-4.0,0.8282,40.99,3,2085259
80.0,1,1,fallback,1.0,2.91,-13.09,45.4,7177,42.49,25.67,9604,0.747,3.194,0.256,0.0953,15,0.6782,2835,0.9826,1,600,-18.09,1,600,-18.09,1,600,-18.09,1,643,-18.09,0.6714,91.73,13,2122717
80.0,1,-1,confirm,1.0,58.23,42.23,98.16,11940,39.93,23.17,16910,0.706,1.618,0.141,0.2994,19,0.5742,16279,0.9841,1,139,-8.66,1,139,-8.66,1,1151,-8.78,1,433,-5.24,0.2887,42.3,16,2132321
80.0,1,1,confirm,1.0,-62.16,-78.16,25.22,1814,87.38,62.16,4561,0.398,0.742,0.316,0.0558,21,0.518,1601,0.9858,1,604,4.17,1,604,4.17,1,1841,21.91,1,2027,21.58,0.3035,40.32,21,2149231
80.0,1,-1,fallback,1.0,-24.18,-40.18,16.45,12,40.63,24.18,665,0.018,5.316,0.35,0.5827,22,0.6598,0,0.7129,1,556,-16.51,1,556,-16.51,1,556,-16.51,1,600,-20.85,0.414,87.16,22,2153792
80.0,1,1,confirm,1.0,-0.33,-16.33,39.93,13807,40.26,24.63,14097,0.979,1.982,0.47,0.8187,2,0.8338,13749,0.9987,1,212,14.31,1,212,14.31,1,212,14.31,1,227,12.79,0.4931,40.7,22,2154457
80.0,1,-1,confirm,1.0,13.78,-2.22,54.52,11150,40.75,29.45,12805,0.871,1.667,0.289,0.3659,5,0.8296,9404,0.9898,1,1033,-4.41,1,1033,-4.41,1,1033,-4.41,1,1033,-4.41,0.7612,40.1,2,2168554
80.0,1,1,confirm,1.0,45.79,29.79,88.28,9767,42.49,34.53,11299,0.864,5.86,0.517,0.4583,8,0.717,6083,0.9962,1,851,-8.74,1,851,-8.74,1,851,-8.74,1,859,-9.91,0.1538,40.97,5,2181359
80.0,1,-1,confirm,1.0,12.76,-3.24,52.69,14647,39.93,28.04,18923,0.774,2.294,0.252,0.242,13,0.7027,1060,0.9885,1,183,-17.06,1,183,-17.06,1,183,-17.06,1,186,-20.64,0.6085,42.12,9,2192658
80.0,1,1,confirm,1.0,-74.25,-90.25,6.13,6,80.38,74.25,7564,0.001,4.107,0.262,0.2201,14,0.6356,4429,0.9944,1,614,-10.05,1,614,-10.05,1,614,-10.05,1,915,-9.8,0.4329,40.14,14,2211581
80.0,1,-1,fallback,1.0,-10.15,-26.15,29.84,1175,39.99,10.15,2478,0.474,1.812,0.057,0.0953,16,0.5359,1,0.8937,1,601,20.73,1,601,20.73,1,601,20.73,1,795,11.04,0.6434,80.33,16,2219145
80.0,1,1,confirm,1.0,-76.66,-92.66,3.57,4,80.23,76.66,9555,0.0,1.397,0.261,-0.194,17,0.4399,8727,0.9883,1,1419,-37.5,1,1419,-37.5,1,1419,-37.5,1,1552,-32.2,0.5791,40.11,17,2221623
80.0,1,-1,fallback,1.0,-24.59,-40.59,16.33,93,40.92,24.59,945,0.098,5.51,0.284,0.3299,19,0.3659,90,0.6734,1,686,-16.55,1,686,-16.55,1,686,-16.55,1,732,-15.37,0.3819,80.2,19,2231178
80.0,1,1,confirm,1.0,5.33,-10.67,45.7,5701,40.37,4.19,6276,0.908,1.266,0.369,0.2788,21,0.5556,4122,0.9759,1,1434,29.91,1,1434,29.91,1,1434,29.91,1,3207,24.53,0.5218,40.98,20,2232123
80.0,1,-1,confirm,1.0,-46.07,-62.07,35.67,416,81.74,46.07,971,0.428,0.545,0.15,0.198,21,0.3888,25,0.7626,1,914,-15.34,1,914,-15.34,1,914,-15.34,1,943,-14.23,0.8908,40.19,21,2238399
80.0,1,1,fallback,1.0,-27.09,-43.09,13.36,80,40.45,27.09,445,0.18,3.317,0.245,0.1283,22,0.2832,0,0.729,0,-1,,0,-1,,0,-1,,0,-1,,0.3653,82.03,22,2239370
80.0,1,-1,confirm,1.0,37.33,21.33,77.18,642,39.85,6.7,771,0.833,2.913,0.196,0.4743,22,0.5249,551,0.8844,1,179,3.06,1,179,3.06,0,-1,,0,-1,,0.2388,40.4,22,2239815
80.0,1,1,confirm,1.0,-66.17,-82.17,14.25,90,80.42,66.17,1806,0.05,0.423,0.043,-0.2468,22,0.1144,471,0.903,1,601,-22.76,1,601,-22.76,0,-1,,1,604,-22.76,0.4594,40.16,22,2240586
80.0,1,-1,fallback,1.0,-20.66,-36.66,21.93,27,42.59,20.66,469,0.058,5.32,0.101,0.5101,22,0.5785,11,0.8787,0,-1,,0,-1,,0,-1,,0,-1,,0.621,80.31,22,2242392
80.0,1,1,confirm,1.0,74.03,58.03,115.61,2271,41.58,-0.0,3471,0.654,1.736,0.194,0.3366,23,0.3647,221,0.958,1,772,25.35,1,772,25.35,1,772,25.35,1,833,16.57,0.6583,42.68,23,2242861
80.0,1,-1,confirm,1.0,15.44,-0.56,55.58,518,40.14,0.0,743,0.697,0.886,0.237,0.3606,0,0.5861,74,0.8531,0,-1,,0,-1,,0,-1,,0,-1,,0.7907,41.1,23,2246332
80.0,1,1,confirm,1.0,-48.73,-64.73,30.92,112,79.65,48.73,642,0.174,1.77,0.149,0.1157,0,0.2243,375,0.7575,1,631,-45.37,1,631,-45.37,1,631,-45.37,0,-1,,0.3324,40.37,0,2247075
80.0,1,-1,confirm,1.0,-5.06,-21.06,36.47,954,41.54,22.96,1156,0.825,2.83,0.115,0.3944,0,0.3944,954,0.7855,0,-1,,0,-1,,0,-1,,0,-1,,0.7461,79.4,0,2247717
80.0,1,1,confirm,1.0,35.44,19.44,75.95,1086,40.51,12.15,1932,0.562,2.289,0.233,0.1311,0,0.2846,540,0.8453,1,1137,72.57,1,1137,72.57,1,1137,72.57,0,-1,,0.6297,41.69,0,2248873
80.0,1,-1,confirm,1.0,-0.34,-16.34,42.72,1015,43.05,8.87,1416,0.717,1.367,0.035,-0.0684,1,0.2875,383,0.8964,1,844,18.5,1,844,18.5,1,844,18.5,1,983,27.57,0.1391,40.2,1,2250805
80.0,1,1,confirm,1.0,-60.71,-76.71,18.84,297,79.54,60.71,2161,0.137,1.213,0.156,0.1533,1,0.3818,481,0.9147,1,795,9.0,1,795,9.0,1,795,9.0,1,800,5.58,0.1076,43.24,1,2252221
80.0,1,-1,confirm,1.0,-6.93,-22.93,33.0,53,39.93,6.93,182,0.291,4.972,0.335,0.2832,2,0.3758,14,0.542,0,-1,,0,-1,,0,-1,,0,-1,,0.066,79.39,2,2254382
80.0,1,1,confirm,1.0,138.31,122.31,180.47,4449,42.16,6.09,4840,0.919,1.086,0.185,0.2443,3,0.5643,1327,0.8814,1,2052,95.37,1,2052,95.37,1,2052,95.37,1,2328,96.0,0.3949,40.07,2,2254564
80.0,1,-1,confirm,1.0,53.44,37.44,94.73,5772,41.29,19.35,5989,0.964,3.957,0.219,0.3679,5,0.6295,4705,0.9347,1,297,12.62,1,297,12.62,1,1810,3.68,1,557,4.44,0.2304,41.41,3,2259404
80.0,1,1,confirm,1.0,76.25,60.25,117.65,3747,41.39,10.99,4790,0.782,1.628,0.206,0.0073,6,0.5226,383,0.9277,1,1553,21.53,1,1553,21.53,1,1553,21.53,1,1649,31.26,0.506,41.68,5,2265393
80.0,1,-1,confirm,1.0,17.7,1.7,58.06,7017,40.35,15.08,9552,0.735,0.578,0.206,0.2601,8,0.6868,1594,0.9761,1,277,2.76,1,277,2.76,1,277,2.76,1,277,2.76,0.1869,40.91,6,2270183
80.0,1,1,confirm,1.0,13.53,-2.47,54.01,3791,40.48,33.5,5886,0.644,0.721,0.117,-0.1344,10,0.8352,10,0.965,1,610,-25.58,1,610,-25.58,1,610,-25.58,1,610,-25.58,0.2957,40.59,9,2279735
80.0,1,-1,confirm,1.0,0.85,-15.15,45.47,3572,44.61,24.45,4007,0.891,0.865,0.126,0.0234,11,0.5351,1453,0.9143,1,2048,11.96,1,2048,11.96,1,2048,11.96,1,2146,13.38,0.2626,40.26,10,2285621
80.0,1,1,confirm,1.0,-74.83,-90.83,5.23,3,80.05,74.83,38,0.079,5.406,0.293,0.4236,12,0.4293,0,0.661,1,34,-61.58,1,34,-61.58,1,34,-61.58,0,-1,,0.6118,44.82,12,2289628
80.0,1,-1,fallback,1.0,-37.82,-53.82,3.27,15,41.08,37.82,65,0.231,5.536,0.136,0.0886,12,0.1355,39,0.5295,0,-1,,0,-1,,0,-1,,0,-1,,0.6415,80.01,12,2289666
80.0,1,1,confirm,1.0,108.81,92.81,149.81,351,41.0,0.0,404,0.869,2.417,0.141,0.3094,12,0.3262,309,0.7253,0,-1,,0,-1,,0,-1,,0,-1,,0.4926,41.1,12,2289731
80.0,1,-1,confirm,1.0,75.67,59.67,115.58,2592,39.91,47.85,3214,0.806,1.287,0.075,-0.0731,12,0.3091,1448,0.8864,1,594,-37.78,1,2397,88.8,1,2397,88.8,1,2497,96.73,0.5893,40.39,12,2290135
80.0,1,1,confirm,1.0,9.24,-6.76,51.07,618,41.83,0.0,1240,0.498,1.557,0.191,0.4727,13,0.5233,234,0.8713,0,-1,,0,-1,,0,-1,,0,-1,,0.5727,40.37,13,2293349
80.0,1,-1,confirm,1.0,1.48,-14.52,42.42,443,40.94,5.18,469,0.945,2.238,0.281,0.0214,13,0.0214,443,0.7466,0,-1,,0,-1,,0,-1,,0,-1,,0.4587,41.61,13,2294589
80.0,1,1,confirm,1.0,-50.76,-66.76,32.28,44,83.04,50.76,463,0.095,2.512,0.055,0.1447,13,0.1991,255,0.4968,0,-1,,0,-1,,0,-1,,0,-1,,0.2403,41.11,13,2295058
80.0,1,-1,fallback,1.0,34.98,18.98,74.78,666,39.8,11.6,837,0.796,0.603,0.089,0.2747,13,0.3535,472,0.6412,0,-1,,0,-1,,0,-1,,0,-1,,0.4968,82.78,13,2295521
80.0,1,1,confirm,1.0,-75.15,-91.15,4.35,2,79.51,75.15,1206,0.002,0.686,0.008,-0.1823,13,0.2737,758,0.7974,1,936,-55.89,1,936,-55.89,1,936,-55.89,1,1168,-69.82,0.0485,40.1,13,2296358
80.0,1,-1,confirm,1.0,-23.74,-39.74,17.3,173,41.04,23.74,599,0.289,1.149,0.083,0.1563,14,0.1761,153,0.4295,0,-1,,0,-1,,0,-1,,0,-1,,0.415,79.47,14,2297564
80.0,1,1,confirm,1.0,33.31,17.31,74.48,687,41.17,21.03,1051,0.654,1.558,0.146,0.1312,14,0.1925,487,0.6156,0,-1,,0,-1,,0,-1,,0,-1,,0.3204,41.11,14,2298163
80.0,1,-1,confirm,1.0,19.88,3.88,60.28,1934,40.4,26.65,2182,0.886,0.52,0.102,0.2758,15,0.4098,1472,0.7537,0,-1,,0,-1,,0,-1,,0,-1,,0.2523,40.87,14,2299214
80.0,1,1,confirm,1.0,63.68,47.68,104.85,2057,41.17,33.34,3445,0.597,0.65,0.082,0.0295,15,0.2637,1174,0.7195,1,1764,79.81,1,1764,79.81,1,1764,79.81,1,2470,82.61,0.401,40.65,15,2301396
80.0,1,-1,confirm,1.0,-59.94,-75.94,21.97,871,81.91,59.94,2963,0.294,0.82,0.21,0.1919,16,0.315,1588,0.8682,1,1105,10.24,1,1105,10.24,1,1105,10.24,1,1114,11.17,0.2109,40.74,16,2304841
80.0,1,1,fallback,1.0,58.66,42.66,99.28,1656,40.62,3.29,2074,0.798,1.557,0.05,0.1153,17,0.6772,763,0.9281,1,1871,71.81,1,1871,71.81,1,1871,71.81,1,1899,67.31,0.5895,82.09,17,2307804
80.0,1,-1,confirm,1.0,4.97,-11.03,45.11,5328,40.15,37.83,6398,0.833,2.138,0.155,0.2657,19,0.5947,185,0.9549,1,425,-31.77,1,425,-31.77,1,425,-31.77,1,425,-31.77,0.4027,40.22,17,2309878
80.0,1,1,confirm,1.0,-50.41,-66.41,31.3,9019,81.7,50.41,17861,0.505,0.955,0.473,0.3822,21,0.5366,3710,0.9762,1,497,4.14,1,497,4.14,1,497,4.14,1,550,-2.56,0.7473,40.33,19,2316276
80.0,1,-1,fallback,1.0,25.22,9.22,65.16,592,39.94,5.07,3389,0.175,2.411,0.439,0.4282,0,0.5818,161,0.9348,1,1693,45.52,1,1693,45.52,1,1693,45.52,1,1757,41.53,0.8537,81.45,0,2334137
80.0,1,1,confirm,1.0,-62.64,-78.64,18.18,767,80.82,62.64,9836,0.078,1.258,0.202,0.4279,1,0.5515,4170,0.9927,1,1148,-3.03,1,1148,-3.03,1,1148,-3.03,1,1179,-9.67,0.6839,40.2,1,2337526
80.0,1,-1,fallback,1.0,-18.21,-34.21,22.02,475,40.23,18.21,1941,0.245,1.61,0.344,0.3567,4,0.4308,279,0.8825,1,688,2.61,1,688,2.61,1,688,2.61,1,876,10.33,0.5127,80.68,4,2347362
80.0,1,1,confirm,1.0,-73.73,-89.73,6.68,6886,80.41,73.73,14513,0.474,0.374,0.274,-0.0483,6,0.597,4187,0.9563,1,412,-17.02,1,412,-17.02,1,412,-17.02,1,454,-16.92,0.3953,40.32,4,2349303
80.0,1,-1,fallback,1.0,110.97,94.97,152.14,15953,41.17,31.57,16261,0.981,1.124,0.152,0.3564,13,0.6976,13727,0.9456,1,634,-2.67,1,634,-2.67,1,634,-2.67,1,1624,-24.33,0.5418,80.36,8,2363816
80.0,1,1,confirm,1.0,-48.35,-64.35,31.8,1408,80.15,48.35,1590,0.886,2.269,0.117,0.2006,13,0.3605,963,0.8648,1,161,2.78,1,1455,-26.4,1,1455,-26.4,1,1467,-30.92,0.4502,41.81,13,2380077
80.0,1,-1,confirm,1.0,-36.92,-52.92,9.66,22,46.58,36.92,343,0.064,1.797,0.076,0.1781,13,0.1843,20,0.5897,0,-1,,0,-1,,0,-1,,0,-1,,0.2056,79.9,13,2381667
80.0,1,1,confirm,1.0,84.48,68.48,131.31,1365,46.83,8.67,1456,0.938,2.232,0.146,0.1703,14,0.2969,1061,0.7103,0,-1,,0,-1,,0,-1,,0,-1,,0.5128,46.63,13,2382010
80.0,1,-1,confirm,1.0,30.51,14.51,70.41,2074,39.9,24.49,2385,0.87,1.95,0.205,0.2965,14,0.3176,2043,0.7774,0,-1,,0,-1,,0,-1,,0,-1,,0.2255,46.23,14,2383466
80.0,1,1,confirm,1.0,-61.11,-77.11,18.87,39,79.98,61.11,749,0.052,1.13,0.041,-0.1458,14,0.0148,475,0.6522,0,-1,,0,-1,,0,-1,,0,-1,,0.3164,40.18,14,2385851
80.0,1,-1,confirm,1.0,3.01,-12.99,44.74,595,41.73,25.26,982,0.606,1.739,0.117,0.3003,15,0.3226,764,0.7473,0,-1,,0,-1,,0,-1,,0,-1,,0.6522,79.82,14,2386600
80.0,1,1,confirm,1.0,17.2,1.2,60.06,1992,42.85,40.76,2197,0.907,6.2,0.265,0.062,15,0.2478,1945,0.6824,1,641,-16.59,1,965,-11.88,0,-1,,0,-1,,0.4002,41.92,15,2387582
80.0,1,-1,confirm,1.0,8.16,-7.84,49.49,2677,41.33,14.73,3877,0.69,3.538,0.158,0.2657,16,0.3529,3242,0.916,1,368,-0.05,1,1019,-8.72,1,2675,45.36,1,3872,12.0,0.0045,42.6,15,2389779
80.0,1,1,confirm,1.0,22.63,6.63,64.49,11783,41.86,31.97,15381,0.766,1.022,0.18,-0.0614,20,0.3584,14829,0.8808,1,251,-4.75,1,251,-4.75,1,8212,17.33,1,468,-3.04,0.6701,41.54,16,2393656
80.0,1,-1,confirm,1.0,14.01,-1.99,54.6,11756,40.59,28.37,12033,0.977,3.307,0.396,0.5294,0,0.7472,8665,0.956,1,403,3.09,1,403,3.09,1,403,3.09,1,1257,0.3,0.361,41.59,21,2409037
80.0,1,1,confirm,1.0,-67.98,-83.98,11.95,1323,79.93,67.98,2374,0.557,4.356,0.309,0.6392,0,0.6476,1334,0.9214,1,595,-18.79,1,595,-18.79,1,595,-18.79,1,676,-16.04,0.502,40.81,0,2421070
80.0,1,-1,confirm,1.0,17.8,1.8,58.67,161,40.87,3.09,189,0.852,6.563,0.262,0.5388,1,0.6078,124,0.9081,0,-1,,0,-1,,0,-1,,0,-1,,0.8342,79.84,1,2423444
80.0,1,1,confirm,1.0,6.36,-9.64,48.5,77,42.14,-0.0,163,0.472,0.46,0.011,-0.438,1,-0.4311,103,0.3135,0,-1,,0,-1,,0,-1,,0,-1,,0.6514,41.11,1,2423633
80.0,1,-1,confirm,1.0,-72.75,-88.75,8.0,27,80.75,72.75,936,0.029,0.203,0.058,0.4618,1,0.4978,147,0.5121,1,394,-45.9,1,394,-45.9,1,394,-45.9,1,713,-46.13,0.2278,41.94,1,2423796
80.0,1,1,fallback,1.0,42.06,26.06,83.6,808,41.54,11.94,1080,0.748,0.677,0.155,0.2505,1,0.4404,415,0.8736,0,-1,,0,-1,,0,-1,,0,-1,,0.2008,80.81,1,2424732
80.0,1,-1,confirm,1.0,-67.71,-83.71,14.48,964,82.19,67.71,3204,0.301,1.15,0.202,-0.2918,2,0.1777,3147,0.8504,1,2047,-37.44,0,-1,,0,-1,,0,-1,,0.0982,41.2,1,2425812
80.0,1,1,fallback,1.0,-36.39,-52.39,3.69,133,40.07,36.39,1987,0.067,0.739,0.109,-0.0225,2,0.4022,832,0.8457,1,1264,-18.86,1,1264,-18.86,1,1264,-18.86,1,1324,-16.54,0.5533,82.31,2,2429016
80.0,1,-1,confirm,1.0,-67.43,-83.43,14.35,942,81.78,67.43,5165,0.182,0.554,0.084,-0.1074,3,0.5658,409,0.8833,1,921,10.62,1,921,10.62,1,921,10.62,1,938,13.55,0.6414,40.06,3,2431003
80.0,1,1,fallback,1.0,-20.02,-36.02,21.07,219,41.09,20.02,2326,0.094,3.674,0.313,0.3322,4,0.3322,219,0.9461,1,561,6.07,1,561,6.07,1,561,6.07,1,561,6.07,0.344,81.9,4,2436168
80.0,1,-1,confirm,1.0,74.77,58.77,114.65,4608,39.88,14.38,5502,0.838,2.831,0.197,0.2805,6,0.632,2574,0.9254,1,1695,7.41,1,1695,7.41,1,1695,7.41,1,4285,66.8,0.7839,41.01,5,2438494
80.0,1,1,confirm,1.0,10.33,-5.67,54.37,8051,44.04,46.02,10067,0.8,2.221,0.229,0.1714,9,0.5089,1692,0.9893,1,175,-7.01,1,175,-7.01,1,642,-17.05,1,1005,-17.72,0.3802,40.34,6,2443996
80.0,1,-1,confirm,1.0,46.09,30.09,85.86,11285,39.77,24.24,11915,0.947,1.063,0.109,0.1908,12,0.5937,8181,0.9628,1,618,-13.06,1,618,-13.06,1,618,-13.06,1,938,-21.22,0.7967,43.8,9,2454063
80.0,1,1,confirm,1.0,16.4,0.4,58.74,1421,42.35,4.59,1833,0.775,2.193,0.204,0.4822,13,0.4851,1518,0.9872,0,-1,,0,-1,,0,-1,,0,-1,,0.1658,40.12,12,2465978
80.0,1,-1,confirm,1.0,-73.68,-89.68,9.21,16,82.88,73.68,934,0.017,2.898,0.055,-0.2477,13,-0.1075,190,0.2993,0,-1,,0,-1,,0,-1,,0,-1,,0.6765,42.1,13,2467811
80.0,1,1,fallback,1.0,125.55,109.55,169.89,2093,44.34,1.22,2508,0.835,0.458,0.122,0.163,14,0.3752,1494,0.7736,0,-1,,0,-1,,0,-1,,0,-1,,0.0173,82.96,13,2468745
80.0,1,-1,confirm,1.0,28.22,12.22,68.53,1142,40.3,2.16,1295,0.882,2.18,0.099,-0.3077,14,-0.1034,711,0.6382,0,-1,,0,-1,,0,-1,,0,-1,,0.3198,43.6,14,2471253
80.0,1,1,confirm,1.0,104.07,88.07,146.73,2095,42.66,23.99,2358,0.888,5.203,0.25,0.5844,15,0.6653,2037,0.8824,1,536,-19.27,1,536,-19.27,1,536,-19.27,0,-1,,0.1821,40.58,14,2472548
80.0,1,-1,confirm,1.0,15.26,-0.74,55.07,3260,39.81,16.26,3557,0.917,1.593,0.236,-0.0028,16,0.3072,372,0.9197,1,899,7.13,1,899,7.13,1,899,7.13,1,1147,6.31,0.5514,42.05,15,2474906
80.0,1,1,confirm,1.0,-66.69,-82.69,12.82,21,79.51,66.69,2178,0.01,1.854,0.127,0.1671,16,0.2275,481,0.867,1,570,-23.22,1,570,-23.22,1,570,-23.22,1,593,-23.44,0.2929,40.03,16,2478463
80.0,1,-1,confirm,1.0,-84.55,-100.55,0.21,127,84.76,84.55,6388,0.02,2.295,0.128,0.3077,17,0.4532,4331,0.9111,1,600,-13.93,1,600,-13.93,1,600,-13.93,1,699,-23.0,0.5277,79.41,17,2480641
80.0,1,1,fallback,1.0,-30.71,-46.71,9.76,1587,40.47,35.18,2140,0.742,2.419,0.331,0.2072,19,0.3706,887,0.9055,1,1303,-5.66,1,1303,-5.66,1,1303,-5.66,1,1727,-7.31,0.5821,84.76,18,2487029
80.0,1,-1,confirm,1.0,-44.76,-60.76,38.75,3188,83.51,44.76,6315,0.505,2.984,0.158,0.109,20,0.6194,47,0.9505,1,559,-19.81,1,559,-19.81,1,559,-19.81,1,572,-18.81,0.833,40.43,19,2489169
80.0,1,1,fallback,1.0,111.64,95.64,158.34,4201,46.69,7.57,4234,0.992,6.012,0.642,0.2819,22,0.5995,1629,0.9377,1,2244,72.15,1,2244,72.15,1,2244,72.15,1,3094,71.88,0.6412,83.84,21,2495484
80.0,1,-1,confirm,1.0,197.33,181.33,239.81,8480,42.47,20.44,8890,0.954,0.823,0.207,-0.3773,0,0.5458,3010,0.9558,1,1133,90.77,1,1133,90.77,1,1133,90.77,1,1204,83.5,0.4017,45.96,22,2499718
80.0,1,1,confirm,1.0,39.02,23.02,79.65,3032,40.63,25.51,4723,0.642,2.372,0.157,0.1146,1,0.548,2520,0.9878,1,705,-17.93,1,705,-17.93,1,705,-17.93,1,1185,-3.23,0.8809,43.52,0,2508608
80.0,1,-1,confirm,1.0,-69.77,-85.77,10.85,112,80.61,69.77,3993,0.028,0.97,0.158,0.2097,2,0.5186,3861,0.9337,1,433,-29.15,1,433,-29.15,1,433,-29.15,1,597,-20.61,0.3631,40.31,2,2513331
80.0,1,1,fallback,1.0,62.19,46.19,102.77,2521,40.58,32.61,3176,0.794,1.284,0.237,0.3493,3,0.5197,805,0.9908,1,481,-22.15,1,1354,14.32,1,1354,14.32,1,1385,25.8,0.8614,80.7,3,2517324
80.0,1,-1,confirm,1.0,37.07,21.07,77.86,7604,40.79,16.53,8749,0.869,1.429,0.155,-0.0475,6,0.626,4599,0.9705,1,307,-12.92,1,1293,3.41,1,1293,3.41,1,2729,-0.51,0.0599,40.17,4,2520500
80.0,1,1,confirm,1.0,-79.09,-95.09,0.35,2,79.45,79.09,2871,0.001,1.889,0.289,0.4957,6,0.5175,61,0.9389,1,228,-18.24,1,228,-18.24,1,228,-18.24,1,239,-17.2,0.2503,41.11,6,2529249
80.0,1,-1,confirm,1.0,-29.05,-45.05,11.12,2142,40.17,29.05,2790,0.768,0.92,0.023,0.0124,7,0.3886,534,0.9213,1,972,7.61,1,972,7.61,1,972,7.61,1,1037,4.37,0.7727,79.44,7,2532120
80.0,1,1,confirm,1.0,98.92,82.92,141.08,5655,42.15,14.47,5710,0.99,2.85,0.202,0.2171,9,0.6006,1963,0.983,1,392,-5.17,1,392,-5.17,1,392,-5.17,1,437,0.71,0.4872,40.21,8,2534910
80.0,1,-1,confirm,1.0,-73.27,-89.27,12.2,180,85.48,73.27,611,0.295,0.231,0.024,-0.0908,9,-0.0458,367,0.6924,0,-1,,0,-1,,0,-1,,0,-1,,0.2079,41.57,9,2540620
80.0,1,1,fallback,1.0,-34.58,-50.58,5.97,87,40.54,34.58,348,0.25,1.227,0.153,0.2213,9,0.2213,87,0.5936,0,-1,,0,-1,,0,-1,,0,-1,,0.0792,85.58,9,2541231
80.0,1,-1,confirm,1.0,-60.03,-76.03,20.57,632,80.61,60.03,9033,0.07,0.699,0.123,-0.079,10,0.4008,8750,0.8935,1,429,8.98,1,429,8.98,1,5847,-15.21,1,652,12.01,0.5936,40.52,9,2541579
80.0,1,1,fallback,1.0,-36.47,-52.47,4.2,60,40.67,36.47,73,0.822,2.936,0.193,0.2947,12,0.3035,44,0.4322,0,-1,,0,-1,,0,-1,,0,-1,,0.5703,80.77,12,2550612
80.0,1,-1,confirm,1.0,-60.96,-76.96,19.72,177,80.69,60.96,2470,0.072,0.912,0.0,-0.1529,12,0.2034,817,0.9065,1,706,-4.38,1,818,-12.9,1,818,-12.9,1,818,-12.9,0.324,40.65,12,2550685
80.0,1,1,fallback,1.0,4.2,-11.8,44.97,757,40.77,3.5,964,0.785,3.162,0.219,0.4055,13,0.4055,757,0.8873,0,-1,,0,-1,,0,-1,,0,-1,,0.2728,80.84,13,2553155
80.0,1,-1,confirm,1.0,-52.09,-68.09,29.7,107,81.79,52.09,499,0.214,1.106,0.1,-0.2465,13,-0.1362,447,0.3459,0,-1,,0,-1,,0,-1,,0,-1,,0.7274,40.59,13,2554119
80.0,1,1,fallback,1.0,-30.78,-46.78,9.51,1495,40.29,37.23,1636,0.914,3.025,0.089,0.0604,14,0.374,208,0.6995,1,1162,-30.78,1,1162,-30.78,1,1162,-30.78,1,1225,-27.67,0.2583,82.03,13,2554618
80.0,1,-1,confirm,1.0,33.51,17.51,73.65,2271,40.14,56.59,2706,0.839,2.052,0.142,0.2235,14,0.4326,1392,0.789,1,555,-43.27,1,555,-43.27,0,-1,,1,556,-48.5,0.2507,40.26,14,2556254
80.0,1,1,confirm,1.0,-53.27,-69.27,30.78,2380,84.04,53.27,5869,0.406,2.538,0.178,0.1963,15,0.3497,4396,0.9334,1,602,2.8,1,602,2.8,1,1737,-19.59,1,771,9.29,0.4641,40.43,14,2558960
80.0,1,-1,fallback,1.0,-13.57,-29.57,27.14,132,40.7,13.57,828,0.159,2.972,0.232,0.0331,16,0.1303,13,0.7538,1,97,15.23,1,97,15.23,0,-1,,1,595,3.98,0.285,83.78,16,2564829
80.0,1,1,confirm,1.0,46.16,30.16,90.98,2537,44.82,2.21,3279,0.774,5.124,0.266,0.5513,17,0.6238,12,0.9398,1,2119,65.8,1,2119,65.8,1,2119,65.8,1,2135,67.29,0.066,40.81,16,2565657
80.0,1,-1,confirm,1.0,14.75,-1.25,54.96,10940,40.21,30.97,12128,0.902,2.987,0.177,0.0235,20,0.5401,1038,0.9746,1,358,-15.42,1,358,-15.42,1,358,-15.42,1,439,-19.95,0.9038,44.42,17,2568936
100.0,0,-1,confirm,1.0,-40.86,-56.86,9.38,57,50.24,40.86,555,0.103,1.83,0.332,0.4084,1,0.4398,18,0.8725,1,283,-1.05,1,283,-1.05,1,283,-1.05,1,283,-1.05,0.7655,99.36,1,6221
100.0,0,1,confirm,1.0,-67.4,-83.4,33.12,67,100.52,67.4,5260,0.013,1.447,0.334,0.6249,1,0.647,57,0.9799,1,501,1.16,1,501,1.16,1,501,1.16,1,611,3.64,0.6129,50.29,1,6776
100.0,0,-1,fallback,1.0,85.49,69.49,135.9,1814,50.42,17.17,1910,0.95,3.682,0.169,0.4439,3,0.53,1786,0.912,0,-1,,0,-1,,0,-1,,0,-1,,0.1525,100.19,3,12036
100.0,0,1,confirm,1.0,75.49,59.49,126.56,2099,51.07,1.17,3652,0.575,1.557,0.197,0.2125,4,0.4116,3008,0.8773,1,1294,82.46,1,1294,82.46,1,1294,82.46,0,-1,,0.3369,51.11,3,13946
100.0,0,-1,confirm,1.0,-100.56,-116.56,1.38,40,101.94,100.56,660,0.061,2.641,0.177,0.0056,4,0.0432,185,0.6816,0,-1,,0,-1,,0,-1,,0,-1,,0.4367,50.43,4,17598
100.0,0,1,fallback,1.0,-1.68,-17.68,49.21,737,50.89,15.23,1599,0.461,0.532,0.111,0.1784,5,0.4676,30,0.8563,1,991,26.89,1,991,26.89,1,991,26.89,1,1028,19.82,0.4606,101.95,5,18258
100.0,0,-1,confirm,1.0,-78.0,-94.0,25.06,79,103.05,78.0,3842,0.021,1.562,0.266,0.2978,5,0.3368,541,0.9078,1,912,-17.82,1,912,-17.82,1,912,-17.82,1,972,-19.32,0.2467,50.64,5,19857
100.0,0,1,fallback,1.0,-45.08,-61.08,7.58,273,52.66,45.08,902,0.303,1.187,0.168,0.2424,6,0.2765,375,0.632,1,583,-22.66,1,583,-22.66,1,583,-22.66,1,707,-36.3,0.656,103.31,6,23699
100.0,0,-1,confirm,1.0,20.51,4.51,75.08,10726,54.58,25.86,10798,0.993,0.989,0.308,-0.1467,9,0.5089,553,0.9314,1,1044,21.83,1,1044,21.83,1,1044,21.83,1,1056,19.47,0.632,52.62,6,24601
100.0,0,1,confirm,1.0,16.26,0.26,67.62,1108,51.36,-0.0,6404,0.173,1.605,0.191,0.2991,10,0.4753,45,0.8854,1,644,7.61,1,644,7.61,1,644,7.61,1,785,17.75,0.8853,54.99,9,35399
100.0,0,-1,confirm,1.0,2.23,-13.77,52.04,2621,49.81,7.74,3297,0.795,0.788,0.283,0.1845,12,0.3376,65,0.8955,1,363,-5.74,1,363,-5.74,1,363,-5.74,1,2075,8.74,0.4368,51.02,11,41803
100.0,0,1,confirm,1.0,-80.21,-96.21,18.99,2930,99.2,80.21,9322,0.314,1.754,0.214,0.0848,13,0.3904,33,0.847,1,481,-38.21,1,481,-38.21,1,481,-38.21,1,599,-29.74,0.4493,50.07,12,45100
100.0,0,-1,confirm,1.0,-3.57,-19.57,48.39,886,51.96,13.7,1252,0.708,1.129,0.219,0.1371,15,0.2775,0,0.6835,1,1179,17.22,1,1179,17.22,1,1179,17.22,0,-1,,0.2323,99.01,15,54422
100.0,0,1,confirm,1.0,-89.18,-105.18,11.35,186,100.53,89.18,2000,0.093,0.662,0.182,0.2104,15,0.2493,239,0.7748,1,647,-50.92,1,647,-50.92,1,647,-50.92,1,1144,-61.62,0.3552,52.21,15,55674
100.0,0,-1,fallback,1.0,-31.14,-47.14,20.6,91,51.73,31.14,230,0.396,1.363,0.225,0.2404,16,0.2404,91,0.5777,0,-1,,0,-1,,0,-1,,0,-1,,0.7014,100.41,16,57674
100.0,0,1,confirm,1.0,-76.59,-92.59,23.36,91,99.95,76.59,1145,0.079,0.603,0.066,0.0316,16,0.0821,422,0.7059,1,484,-23.28,0,-1,,0,-1,,0,-1,,0.3105,51.84,16,57904
100.0,0,-1,confirm,1.0,-27.06,-43.06,23.11,215,50.18,27.06,818,0.263,1.074,0.172,0.2458,16,0.2969,59,0.6479,1,724,-0.99,1,724,-0.99,1,724,-0.99,0,-1,,0.4112,99.71,16,59049
100.0,0,1,confirm,1.0,-56.37,-72.37,45.69,3728,102.06,56.37,11666,0.32,0.854,0.164,0.2164,17,0.4187,8993,0.8653,1,32,-1.95,1,1642,-1.9,1,1642,-1.9,1,1689,-7.39,0.6479,50.29,16,59867
100.0,0,-1,fallback,1.0,-9.99,-25.99,39.88,637,49.87,9.99,1249,0.51,0.761,0.113,0.3118,20,0.4919,179,0.8302,1,779,27.98,1,779,27.98,1,779,27.98,1,1117,2.94,0.3923,101.6,19,71533
100.0,0,1,confirm,1.0,-99.84,-115.84,5.49,46,105.33,99.84,2523,0.018,0.674,0.194,0.244,20,0.4151,1019,0.8732,1,315,-37.93,1,315,-37.93,1,315,-37.93,1,315,-37.93,0.2859,50.07,20,72782
100.0,0,-1,fallback,1.0,-28.33,-44.33,22.79,2,51.13,28.33,427,0.005,7.091,0.199,0.6843,20,0.7344,0,0.8879,0,-1,,0,-1,,0,-1,,0,-1,,0.4901,105.27,20,75305
100.0,0,1,confirm,1.0,40.87,24.87,94.01,2049,53.14,-0.0,2322,0.882,4.419,0.153,0.2863,21,0.3195,2011,0.8071,1,991,70.91,1,991,70.91,1,991,70.91,0,-1,,0.7969,51.24,21,75732
100.0,0,-1,confirm,1.0,146.85,130.85,196.03,8068,49.18,74.34,8381,0.963,2.114,0.105,0.2147,23,0.5,7250,0.9091,1,412,-36.71,1,3071,22.64,1,3071,22.64,1,3134,19.81,0.4566,52.65,21,78054
100.0,0,1,confirm,1.0,-101.53,-117.53,2.17,100,103.7,101.53,1556,0.064,0.825,0.098,0.0455,0,0.2822,287,0.8992,1,581,-19.91,1,581,-19.91,1,581,-19.91,1,696,-7.76,0.4278,50.16,0,86435
100.0,0,-1,fallback,1.0,15.58,-0.42,67.15,209,51.57,12.54,274,0.763,2.338,0.208,0.4329,0,0.4742,0,0.5875,0,-1,,0,-1,,0,-1,,0,-1,,0.5502,103.68,0,87991
100.0,0,1,confirm,1.0,-78.96,-94.96,22.83,246,101.79,78.96,460,0.535,0.281,0.029,-0.2182,0,-0.098,358,0.4869,0,-1,,0,-1,,0,-1,,0,-1,,0.5415,51.91,0,88265
100.0,0,-1,fallback,1.0,-38.63,-54.63,12.98,43,51.62,38.63,258,0.167,1.759,0.078,0.2184,0,0.2617,0,0.6359,0,-1,,0,-1,,0,-1,,0,-1,,0.4869,101.56,0,88725
100.0,0,1,confirm,1.0,-60.76,-76.76,39.08,104,99.83,60.76,658,0.158,0.727,0.009,-0.2004,0,-0.062,415,0.6226,0,-1,,0,-1,,0,-1,,0,-1,,0.2741,51.68,0,88983
100.0,0,-1,confirm,1.0,19.03,3.03,69.93,1768,50.9,76.47,1950,0.907,1.443,0.099,0.3277,1,0.401,0,0.7938,1,600,-58.34,1,600,-58.34,1,600,-58.34,1,600,-58.34,0.394,99.44,0,89641
100.0,0,1,confirm,1.0,-60.64,-76.64,41.5,532,102.14,60.64,1376,0.387,0.725,0.082,0.2206,1,0.223,536,0.6207,1,1124,-8.05,1,1124,-8.05,1,1124,-8.05,1,1376,-60.64,0.1513,51.26,1,91591
100.0,0,-1,fallback,1.0,124.05,108.05,180.84,926,56.78,9.41,958,0.967,0.921,0.137,0.3569,2,0.4705,363,0.6934,0,-1,,0,-1,,0,-1,,0,-1,,0.5605,101.72,1,92967
100.0,0,1,confirm,1.0,61.5,45.5,113.65,158,52.15,1.33,239,0.661,1.538,0.023,-0.2564,2,-0.2483,144,0.2328,0,-1,,0,-1,,0,-1,,0,-1,,0.2969,57.83,2,93925
100.0,0,-1,confirm,1.0,-78.39,-94.39,23.8,47,102.19,78.39,463,0.102,0.874,0.021,0.2972,2,0.3197,83,0.8684,0,-1,,0,-1,,0,-1,,0,-1,,0.0516,51.56,2,94164
100.0,0,1,fallback,1.0,80.94,64.94,132.41,982,51.47,33.0,1104,0.889,1.298,0.117,0.012,2,0.0727,748,0.6534,1,778,57.28,0,-1,,0,-1,,0,-1,,0.6789,102.43,2,94627
100.0,0,-1,confirm,1.0,-96.07,-112.07,8.18,29,104.25,96.07,1721,0.017,0.818,0.035,0.1821,2,0.5397,1440,0.8981,1,781,-72.67,1,781,-72.67,1,781,-72.67,0,-1,,0.14,50.8,2,95731
100.0,0,1,fallback,1.0,110.54,94.54,163.95,4840,53.41,10.56,5287,0.915,0.557,0.06,-0.1443,4,0.3176,2152,0.8204,1,1188,39.41,1,1188,39.41,1,1188,39.41,1,1253,32.3,0.4878,104.33,3,97452
100.0,0,-1,confirm,1.0,69.54,53.54,120.44,3015,50.9,6.31,3600,0.838,0.889,0.073,-0.0655,5,0.4043,153,0.9387,1,673,3.42,1,673,3.42,1,673,3.42,1,752,1.24,0.18,52.55,4,102739
100.0,0,1,confirm,1.0,5.63,-10.37,56.56,193,50.93,-0.0,1105,0.175,0.884,0.161,-0.2075,5,0.1083,557,0.7034,1,665,37.29,1,665,37.29,0,-1,,1,898,35.33,0.4142,51.52,5,106339
100.0,0,-1,confirm,1.0,30.0,14.0,80.3,5398,50.3,73.3,6025,0.896,1.271,0.198,0.2914,7,0.4166,4642,0.8691,1,747,-18.49,1,747,-18.49,1,747,-18.49,1,1112,-30.18,0.1032,50.65,5,107444
100.0,0,1,confirm,1.0,-65.21,-81.21,35.73,714,100.94,65.21,2463,0.29,2.358,0.096,0.4365,7,0.44,738,0.8301,1,2268,-46.2,1,2268,-46.2,1,2268,-46.2,0,-1,,0.0652,50.71,7,113469
100.0,0,-1,fallback,1.0,-26.65,-42.65,24.91,599,51.56,26.65,748,0.801,2.079,0.062,0.339,8,0.3403,595,0.8778,0,-1,,0,-1,,0,-1,,0,-1,,0.8109,100.58,8,115932
100.0,0,1,confirm,1.0,-71.76,-87.76,27.58,2045,99.34,71.76,3246,0.63,0.806,0.175,0.1745,8,0.2681,724,0.9449,1,1558,-12.4,1,1558,-12.4,1,1558,-12.4,1,2393,-24.39,0.8466,51.69,8,116680
100.0,0,-1,confirm,1.0,8.16,-7.84,64.1,754,55.93,11.94,1620,0.465,1.419,0.123,0.364,9,0.4834,439,0.8688,1,1579,31.47,1,1579,31.47,1,1579,31.47,1,1614,23.82,0.6778,99.06,9,119926
100.0,0,1,confirm,1.0,-67.41,-83.41,32.81,852,100.22,67.41,2519,0.338,1.727,0.095,0.0697,9,0.3639,19,0.7995,1,600,-1.44,1,600,-1.44,1,600,-1.44,1,1138,-3.62,0.5414,56.29,9,121546
100.0,0,-1,confirm,1.0,-20.44,-36.44,33.65,143,54.08,20.44,470,0.304,2.84,0.191,0.4521,10,0.4585,159,0.6794,0,-1,,0,-1,,0,-1,,0,-1,,0.3642,99.89,10,124065
100.0,0,1,confirm,1.0,49.64,33.64,100.28,6522,50.63,89.7,6683,0.976,2.502,0.251,0.2428,12,0.5467,3308,0.8119,1,375,-1.83,1,375,-1.83,1,375,-1.83,1,2273,-79.02,0.6339,54.26,10,124535
100.0,0,-1,confirm,1.0,-101.65,-117.65,1.76,8,103.42,101.65,630,0.013,1.193,0.069,-0.1523,12,-0.035,440,0.3047,0,-1,,0,-1,,0,-1,,0,-1,,0.3719,50.13,12,131218
100.0,0,1,fallback,1.0,-11.75,-27.75,38.55,809,50.29,33.72,1380,0.586,1.006,0.095,0.2169,12,0.2211,782,0.5628,1,1354,3.63,1,1354,3.63,1,1354,3.63,0,-1,,0.3047,103.44,12,131848
100.0,0,-1,confirm,1.0,36.8,20.8,90.24,1482,53.43,29.22,1813,0.817,1.159,0.154,0.2394,13,0.3287,1327,0.776,1,182,-22.63,1,182,-22.63,1,1802,56.92,0,-1,,0.3517,50.1,13,133228
100.0,0,1,confirm,1.0,78.89,62.89,131.24,535,52.35,6.34,720,0.743,1.255,0.143,0.3785,13,0.4214,451,0.7253,0,-1,,0,-1,,0,-1,,0,-1,,0.4945,53.92,13,135041
100.0,0,-1,confirm,1.0,-63.8,-79.8,38.18,206,101.98,63.8,1546,0.133,0.485,0.025,-0.1908,13,0.2441,502,0.6097,1,985,-39.36,1,985,-39.36,1,985,-39.36,0,-1,,0.1377,51.68,13,135761
100.0,0,1,fallback,1.0,-23.55,-39.55,26.98,250,50.53,23.55,689,0.363,1.581,0.053,0.0854,14,0.0911,29,0.4649,1,304,11.1,0,-1,,0,-1,,0,-1,,0.5502,102.37,14,137307
100.0,0,-1,confirm,1.0,9.23,-6.77,59.14,1741,49.92,5.53,2743,0.635,1.437,0.062,0.1847,14,0.4002,1037,0.7423,1,2601,34.34,1,2601,34.34,1,2601,34.34,1,2652,25.1,0.2554,50.4,14,137996
100.0,0,1,confirm,1.0,-54.14,-70.14,46.0,573,100.14,54.14,2437,0.235,0.908,0.137,0.1894,15,0.2635,1778,0.7672,1,911,-18.39,1,911,-18.39,1,2089,-36.71,1,1001,-41.1,0.7193,50.21,15,140739
100.0,0,-1,confirm,1.0,-2.19,-18.19,47.99,3017,50.19,37.32,3187,0.947,0.669,0.135,0.174,16,0.1962,2940,0.705,1,497,-5.27,1,497,-5.27,0,-1,,1,585,5.96,0.2677,99.68,15,143176
100.0,0,1,confirm,1.0,-78.08,-94.08,22.58,564,100.66,78.08,2282,0.247,2.401,0.119,0.2284,16,0.4126,1919,0.7935,1,1540,-45.47,1,1540,-45.47,1,1540,-45.47,0,-1,,0.1073,50.43,16,146363
100.0,0,-1,fallback,1.0,-2.51,-18.51,50.45,1700,52.96,13.3,2027,0.839,1.343,0.07,0.3009,17,0.3209,1735,0.7585,1,2026,5.43,1,2026,5.43,1,2026,5.43,1,2026,5.43,0.2159,100.44,17,148645
100.0,0,1,confirm,1.0,3.46,-12.54,54.66,94,51.19,-0.0,909,0.103,1.716,0.244,0.3136,17,0.4495,434,0.8117,1,700,19.72,1,700,19.72,1,700,19.72,0,-1,,0.5965,53.23,17,150672
100.0,0,-1,confirm,1.0,-86.51,-102.51,26.23,511,112.74,86.51,1380,0.37,0.85,0.132,0.1527,18,0.3409,321,0.7121,1,574,23.73,1,574,23.73,1,574,23.73,1,908,-12.34,0.2678,50.92,18,151581
100.0,0,1,fallback,1.0,-16.15,-32.15,34.67,75,50.82,16.15,168,0.446,2.413,0.281,0.322,18,0.4325,0,0.8312,0,-1,,0,-1,,0,-1,,0,-1,,0.5118,113.04,18,152961
100.0,0,-1,confirm,1.0,40.85,24.85,90.59,6936,49.74,62.33,7190,0.965,2.031,0.164,0.482,20,0.6231,6887,0.9049,1,2509,-1.96,1,2509,-1.96,1,2509,-1.96,1,2576,-27.53,0.1618,50.64,18,153129
100.0,0,1,confirm,1.0,6.67,-9.33,59.21,2339,52.54,11.88,2989,0.783,0.999,0.122,-0.2706,21,0.0614,296,0.7949,1,310,-5.35,0,-1,,0,-1,,0,-1,,0.0344,50.2,20,160319
100.0,0,-1,confirm,1.0,14.22,-1.78,64.42,1177,50.2,14.59,1356,0.868,2.615,0.175,0.1811,21,0.56,69,0.9367,0,-1,,0,-1,,0,-1,,0,-1,,0.2371,52.23,21,163308
100.0,0,1,confirm,1.0,12.3,-3.7,63.04,5047,50.75,40.66,5567,0.907,0.976,0.078,0.0546,23,0.3744,4387,0.902,1,2680,-18.91,1,2680,-18.91,1,2680,-18.91,1,2785,-22.69,0.3884,50.53,21,164664
100.0,0,-1,confirm,1.0,25.19,9.19,75.24,6462,50.05,70.52,7228,0.894,1.798,0.254,0.3809,1,0.418,6584,0.8428,1,291,11.29,1,291,11.29,1,291,11.29,1,577,14.12,0.174,50.43,23,170231
100.0,0,1,confirm,1.0,-69.12,-85.12,30.93,774,100.05,69.12,3783,0.205,3.102,0.101,0.2328,1,0.3998,1168,0.92,1,659,-11.04,1,659,-11.04,1,659,-11.04,1,1373,-7.99,0.5832,50.43,1,177459
100.0,0,-1,confirm,1.0,-0.72,-16.72,49.58,578,50.29,5.08,950,0.608,1.139,0.142,0.2676,2,0.4811,0,0.7512,1,710,25.35,1,710,25.35,1,710,25.35,1,886,15.02,0.8859,99.74,2,181242
100.0,0,1,confirm,1.0,-43.93,-59.93,6.91,5495,50.84,94.94,6100,0.901,0.838,0.112,-0.1556,4,0.301,3656,0.8811,1,377,-36.08,1,377,-36.08,1,3961,-48.1,1,415,-53.7,0.0987,50.54,2,182192
100.0,0,-1,confirm,1.0,-101.85,-117.85,0.04,126,101.9,101.85,2194,0.057,0.648,0.121,0.1943,4,0.3871,1838,0.8457,1,362,-28.09,1,362,-28.09,1,362,-28.09,1,454,-55.05,0.5316,50.81,4,188292
100.0,0,1,fallback,1.0,11.03,-4.97,61.58,321,50.55,13.93,891,0.36,2.402,0.303,0.3736,5,0.4694,254,0.8946,1,854,16.08,1,854,16.08,1,854,16.08,0,-1,,0.417,101.9,4,190486
100.0,0,-1,confirm,1.0,66.6,50.6,117.13,2276,50.53,30.2,2543,0.895,1.502,0.161,0.2822,5,0.3988,1902,0.8761,1,284,-1.89,1,284,-1.89,0,-1,,1,301,-3.31,0.3238,50.24,5,191377
100.0,0,1,confirm,1.0,-96.59,-112.59,3.81,23,100.4,96.59,424,0.054,0.497,0.007,-0.1747,5,-0.054,330,0.6295,0,-1,,0,-1,,0,-1,,0,-1,,0.618,51.13,5,193920
100.0,0,-1,fallback,1.0,-0.64,-16.64,49.57,289,50.21,21.38,392,0.737,2.516,0.134,0.2954,6,0.4029,11,0.5689,0,-1,,0,-1,,0,-1,,0,-1,,0.609,100.36,5,194344
100.0,0,1,confirm,1.0,-54.84,-70.84,46.92,174,101.77,54.84,641,0.271,0.389,0.023,-0.1041,6,0.0374,497,0.652,0,-1,,0,-1,,0,-1,,0,-1,,0.3299,50.46,6,194736
100.0,0,-1,fallback,1.0,81.84,65.84,137.96,486,56.12,12.56,518,0.938,1.026,0.126,0.3505,6,0.3815,346,0.7778,0,-1,,0,-1,,0,-1,,0,-1,,0.3819,101.29,6,195377
100.0,0,1,confirm,1.0,29.73,13.73,81.85,526,52.12,19.68,608,0.865,0.996,0.055,-0.0843,6,-0.0362,575,0.4537,0,-1,,0,-1,,0,-1,,0,-1,,0.2818,56.9,6,195895
100.0,0,-1,confirm,1.0,-1.7,-17.7,48.17,2225,49.87,85.58,2506,0.888,1.05,0.076,0.1764,7,0.253,1894,0.6625,1,599,-82.32,1,599,-82.32,1,2477,4.57,0,-1,,0.2389,51.7,6,196503
100.0,0,1,confirm,1.0,177.73,161.73,232.35,2591,54.62,16.86,3119,0.831,1.599,0.087,0.2044,8,0.2658,1023,0.5894,1,196,-3.33,0,-1,,0,-1,,0,-1,,0.3819,50.12,7,199009
100.0,0,-1,confirm,1.0,27.01,11.01,78.6,2787,51.59,23.2,3215,0.867,2.252,0.167,0.3,8,0.3108,2786,0.7986,1,325,2.13,1,325,2.13,0,-1,,1,538,24.58,0.4017,53.38,8,202128
100.0,0,1,confirm,1.0,49.52,33.52,102.33,765,52.82,18.97,1078,0.71,3.875,0.264,0.398,9,0.4096,763,0.7884,1,594,11.89,0,-1,,0,-1,,0,-1,,0.5872,52.0,9,205343
100.0,0,-1,confirm,1.0,34.32,18.32,87.06,4772,52.74,34.52,5068,0.942,0.465,0.148,0.1629,10,0.3969,1459,0.8782,1,606,-24.5,1,606,-24.5,1,1904,-9.37,1,2590,9.05,0.5379,52.28,9,206421
100.0,0,1,confirm,1.0,-98.69,-114.69,0.76,1,99.45,98.69,3633,0.0,1.864,0.106,-0.0215,10,0.2701,433,0.9317,1,190,-15.71,1,857,-24.7,1,857,-24.7,1,899,-26.61,0.3476,53.2,10,211489
100.0,0,-1,confirm,1.0,18.68,2.68,70.85,1162,52.17,27.38,1281,0.907,0.975,0.131,0.21,12,0.2631,26,0.7749,1,615,9.93,1,615,9.93,1,615,9.93,1,619,3.56,0.6922,99.44,11,215122
100.0,0,1,confirm,1.0,26.4,10.4,78.4,1055,52.0,-0.0,1415,0.746,0.835,0.106,-0.1972,12,0.3238,781,0.7845,1,845,52.93,1,845,52.93,1,845,52.93,1,846,52.93,0.2431,52.54,12,216403
100.0,0,-1,confirm,1.0,32.54,16.54,82.66,368,50.11,10.04,439,0.838,0.718,0.133,0.3697,12,0.3926,374,0.7363,1,32,1.54,1,32,1.54,1,32,1.54,0,-1,,0.6008,51.59,12,217818
100.0,0,1,confirm,1.0,4.64,-11.36,59.84,2596,55.2,14.57,3158,0.822,1.214,0.121,0.2373,13,0.2627,2525,0.7562,1,1061,-5.07,1,1061,-5.07,1,1061,-5.07,1,1489,18.57,0.6672,50.53,12,218257
100.0,0,-1,confirm,1.0,155.03,139.03,205.47,1882,50.44,58.5,1948,0.966,0.911,0.097,0.3781,14,0.4519,1583,0.8218,1,163,-30.29,1,163,-30.29,0,-1,,0,-1,,0.5776,54.87,13,221415
100.0,0,1,confirm,1.0,-14.35,-30.35,35.89,412,50.24,88.46,497,0.829,0.803,0.07,-0.1971,14,-0.1845,430,0.3617,0,-1,,0,-1,,0,-1,,0,-1,,0.3165,51.5,14,223363
100.0,0,-1,confirm,1.0,41.04,25.04,95.06,1274,54.02,24.07,1422,0.896,0.605,0.109,0.2907,14,0.3267,1148,0.5946,0,-1,,0,-1,,0,-1,,0,-1,,0.2817,50.06,14,223860
100.0,0,1,confirm,1.0,35.03,19.03,86.05,193,51.02,-0.0,280,0.689,1.448,0.128,-0.038,14,-0.0161,140,0.4182,0,-1,,0,-1,,0,-1,,0,-1,,0.375,54.53,14,225282
100.0,0,-1,confirm,1.0,5.34,-10.66,59.54,2202,54.2,41.32,2324,0.948,1.564,0.081,0.1694,15,0.2349,2040,0.6925,1,1254,2.04,1,1254,2.04,0,-1,,0,-1,,0.3841,50.59,14,225562
100.0,0,1,confirm,1.0,-4.74,-20.74,46.2,496,50.94,30.4,607,0.817,1.194,0.128,0.12,15,0.12,496,0.6242,1,573,15.78,1,573,15.78,0,-1,,0,-1,,0.4046,54.53,15,227886
100.0,0,-1,confirm,1.0,74.51,58.51,126.13,810,51.62,6.21,885,0.915,5.952,0.175,0.5989,15,0.6134,798,0.8401,0,-1,,0,-1,,0,-1,,0,-1,,0.3994,50.7,15,228493
100.0,0,1,confirm,1.0,-54.6,-70.6,45.1,415,99.69,54.6,1635,0.254,0.629,0.097,-0.4445,15,0.1588,533,0.7488,1,978,10.12,1,978,10.12,0,-1,,1,1015,16.44,0.7917,52.28,15,229378
100.0,0,-1,confirm,1.0,-14.09,-30.09,41.05,117,55.14,20.25,137,0.854,2.117,0.09,0.3883,16,0.391,122,0.8047,0,-1,,0,-1,,0,-1,,0,-1,,0.3496,99.25,16,231013
100.0,0,1,confirm,1.0,107.29,91.29,159.42,125,52.13,-0.0,157,0.796,1.237,0.106,-0.201,16,-0.1945,156,0.4147,0,-1,,0,-1,,0,-1,,0,-1,,0.2866,55.36,16,231150
100.0,0,-1,confirm,1.0,-99.4,-115.4,3.21,134,102.62,99.4,380,0.353,0.482,0.028,0.2105,16,0.2118,140,0.3143,1,352,-41.9,1,352,-41.9,1,352,-41.9,0,-1,,0.0773,51.31,16,231307
100.0,0,1,fallback,1.0,-22.91,-38.91,28.61,79,51.52,22.91,124,0.637,0.768,0.11,0.1209,16,0.1502,49,0.4547,0,-1,,0,-1,,0,-1,,0,-1,,0.2021,102.65,16,231687
100.0,0,-1,confirm,1.0,30.61,14.61,83.86,634,53.24,7.27,1516,0.418,0.975,0.083,0.1123,16,0.127,676,0.5893,1,998,43.35,1,998,43.35,0,-1,,1,1491,37.41,0.2868,51.37,16,231811
100.0,0,1,confirm,1.0,21.96,5.96,77.14,721,55.19,4.26,1363,0.529,1.314,0.054,0.0236,17,0.2691,380,0.5678,1,710,72.86,1,710,72.86,1,710,72.86,1,980,54.83,0.5893,53.69,16,233327
100.0,0,-1,confirm,1.0,34.0,18.0,83.7,1075,49.69,0.0,1735,0.62,0.556,0.05,-0.0305,17,0.3953,566,0.7897,1,980,74.54,1,980,74.54,1,980,74.54,1,1490,54.6,0.1567,54.76,17,234690
100.0,0,1,confirm,1.0,-73.65,-89.65,28.96,28,102.61,73.65,2301,0.012,2.704,0.137,0.2165,17,0.2367,26,0.806,1,602,-37.08,1,602,-37.08,1,602,-37.08,1,823,-28.41,0.5579,50.11,17,236425
100.0,0,-1,fallback,1.0,38.75,22.75,89.38,1139,50.63,5.64,1237,0.921,3.604,0.073,0.1991,18,0.2186,1121,0.8746,0,-1,,0,-1,,0,-1,,0,-1,,0.4498,102.32,18,238726
100.0,0,1,confirm,1.0,-96.79,-112.79,9.31,65,106.1,96.79,282,0.23,0.602,0.043,-0.0922,18,-0.0557,91,0.3961,0,-1,,0,-1,,0,-1,,0,-1,,0.4958,51.09,18,239963
100.0,0,-1,fallback,1.0,43.05,27.05,93.14,675,50.09,45.73,733,0.921,1.477,0.123,0.2739,18,0.3335,495,0.6344,0,-1,,0,-1,,0,-1,,0,-1,,0.0797,106.0,18,240245
100.0,0,1,confirm,1.0,21.19,5.19,72.29,2019,51.1,50.11,2150,0.939,0.952,0.148,0.0533,19,0.085,2109,0.6513,0,-1,,0,-1,,0,-1,,0,-1,,0.5381,50.56,18,240978
100.0,0,-1,confirm,1.0,-98.6,-114.6,13.32,28,111.92,98.6,872,0.032,1.218,0.006,-0.0026,19,0.0854,596,0.7316,1,273,-26.52,0,-1,,0,-1,,0,-1,,0.0916,50.73,19,243128
100.0,0,1,fallback,1.0,-1.54,-17.54,49.34,95,50.89,1.54,435,0.218,2.174,0.151,0.108,19,0.2131,10,0.6201,1,216,14.09,1,216,14.09,1,216,14.09,0,-1,,0.2749,112.07,19,244000
100.0,0,-1,confirm,1.0,-68.9,-84.9,33.92,724,102.82,68.9,891,0.813,0.717,0.062,0.1183,20,0.1868,205,0.6344,1,891,-68.9,1,891,-68.9,0,-1,,0,-1,,0.1502,50.64,19,244435
100.0,0,1,fallback,1.0,32.89,16.89,83.4,431,50.51,0.19,470,0.917,1.284,0.187,0.2651,20,0.3007,418,0.8451,0,-1,,0,-1,,0,-1,,0,-1,,0.3484,103.17,20,245326
100.0,0,-1,confirm,1.0,-101.48,-117.48,5.85,26,107.33,101.48,1833,0.014,0.393,0.094,-0.2314,20,0.1921,548,0.6101,1,912,-81.05,1,912,-81.05,0,-1,,1,1053,-50.41,0.3029,50.1,20,245796
100.0,0,1,fallback,1.0,50.72,34.72,101.98,1693,51.26,12.4,2061,0.821,1.276,0.025,-0.0053,21,0.1905,213,0.6199,1,812,43.78,1,812,43.78,0,-1,,0,-1,,0.4682,107.39,20,247629
100.0,0,-1,confirm,1.0,18.23,2.23,73.48,2707,55.25,41.32,3309,0.818,3.245,0.246,0.3275,22,0.3839,2738,0.7586,1,894,7.3,1,894,7.3,1,894,7.3,1,1000,-20.53,0.2223,50.74,21,249690
100.0,0,1,confirm,1.0,-3.53,-19.53,48.25,1580,51.78,27.07,1741,0.908,1.519,0.088,0.5263,22,0.5276,1581,0.8594,1,567,-0.56,1,567,-0.56,1,567,-0.56,1,651,-4.7,0.3938,55.66,22,252999
100.0,0,-1,confirm,1.0,117.88,101.88,167.86,2898,49.97,67.39,3083,0.94,2.16,0.233,0.3186,23,0.4822,1807,0.8873,1,674,-43.14,1,674,-43.14,1,674,-43.14,0,-1,,0.6481,51.53,22,254740
100.0,0,1,confirm,1.0,64.35,48.35,115.81,2401,51.46,29.53,2730,0.879,0.924,0.15,0.2963,0,0.4262,2304,0.8883,1,445,-7.25,1,445,-7.25,1,2564,72.96,1,517,-20.65,0.5667,50.83,23,257823
100.0,0,-1,confirm,1.0,38.07,22.07,88.05,7038,49.98,33.16,7290,0.965,2.107,0.179,0.2146,2,0.4986,3049,0.8843,1,589,-19.49,1,589,-19.49,1,589,-19.49,1,646,-24.05,0.2328,50.87,0,260553
100.0,0,1,confirm,1.0,-68.5,-84.5,31.48,1652,99.98,68.5,4153,0.398,1.194,0.164,0.4543,2,0.4639,1637,0.8666,1,1016,-5.25,1,2102,-4.35,1,2102,-4.35,1,2156,-5.31,0.008,50.43,2,267843
100.0,0,-1,confirm,1.0,-43.87,-59.87,7.0,125,50.88,43.87,1731,0.072,1.134,0.138,0.1591,3,0.2642,0,0.8972,1,480,-12.1,1,480,-12.1,1,480,-12.1,1,525,-13.16,0.6381,99.67,3,271996
100.0,0,1,confirm,1.0,-94.7,-110.7,5.59,47,100.29,94.7,603,0.078,1.422,0.154,0.1506,4,0.1682,22,0.6872,1,88,-10.79,1,88,-10.79,0,-1,,1,195,-39.45,0.0061,50.91,4,273727
100.0,0,-1,fallback,1.0,-14.62,-30.62,38.32,202,52.94,14.62,245,0.824,1.267,0.192,0.4551,4,0.5157,130,0.677,0,-1,,0,-1,,0,-1,,0,-1,,0.3824,100.23,4,274330
100.0,0,1,confirm,1.0,-99.77,-115.77,0.0,0,99.77,99.77,954,0.0,1.388,0.057,-0.3372,4,0.0101,922,0.5922,0,-1,,0,-1,,0,-1,,0,-1,,0.1789,53.14,4,274575
100.0,0,-1,confirm,1.0,-10.38,-26.38,40.5,166,50.88,10.38,256,0.648,1.806,0.134,0.1542,4,0.1595,168,0.5554,0,-1,,0,-1,,0,-1,,0,-1,,0.4142,99.77,4,275529
100.0,0,1,confirm,1.0,29.43,13.43,81.03,1087,51.6,48.06,1280,0.849,1.177,0.128,0.0145,4,0.1744,721,0.6865,1,939,44.48,1,939,44.48,0,-1,,0,-1,,0.544,51.09,4,275785
100.0,0,-1,confirm,1.0,8.68,-7.32,59.82,280,51.14,23.17,439,0.638,1.882,0.183,0.2355,5,0.3092,321,0.704,1,42,-14.0,0,-1,,0,-1,,0,-1,,0.4384,51.18,4,277065
100.0,0,1,confirm,1.0,2.79,-13.21,53.93,359,51.14,27.69,556,0.646,1.166,0.069,0.0353,5,0.095,484,0.7939,0,-1,,0,-1,,0,-1,,0,-1,,0.3234,51.44,5,277504
100.0,0,-1,confirm,1.0,-97.38,-113.38,12.45,40,109.83,97.38,469,0.085,0.571,0.01,-0.0378,5,0.0699,385,0.414,1,387,-40.18,0,-1,,0,-1,,0,-1,,0.314,50.87,5,278060
100.0,0,1,fallback,1.0,35.64,19.64,88.16,248,52.53,19.65,374,0.663,0.713,0.178,0.3976,5,0.4201,39,0.769,0,-1,,0,-1,,0,-1,,0,-1,,0.1179,109.96,5,278529
100.0,0,-1,confirm,1.0,-79.32,-95.32,22.0,387,101.32,79.32,2120,0.183,0.533,0.047,-0.03,5,0.0226,474,0.5276,0,-1,,0,-1,,0,-1,,0,-1,,0.6536,52.07,5,278903
100.0,0,1,fallback,1.0,-42.4,-58.4,7.75,63,50.15,42.4,1712,0.037,2.168,0.143,0.2485,6,0.3551,17,0.6187,1,370,-17.13,1,370,-17.13,1,370,-17.13,1,404,-23.95,0.1804,101.54,6,281023
100.0,0,-1,confirm,1.0,-62.43,-78.43,45.64,1148,108.07,62.43,6996,0.164,1.518,0.158,0.3408,6,0.6545,201,0.8434,1,2122,14.25,1,2122,14.25,1,2122,14.25,1,2122,14.25,0.0454,50.11,6,282735
100.0,0,1,fallback,1.0,-26.55,-42.55,24.96,192,51.51,26.55,2104,0.091,1.727,0.184,0.4889,8,0.5511,41,0.939,1,790,-1.16,1,790,-1.16,1,790,-1.16,1,1395,12.82,0.3986,108.57,8,289731
100.0,0,-1,confirm,1.0,105.6,89.6,156.39,5271,50.79,22.55,6577,0.801,2.197,0.13,0.3634,10,0.607,5202,0.9114,1,586,-12.49,1,586,-12.49,1,586,-12.49,1,600,-12.75,0.7538,51.38,9,291835
100.0,0,1,confirm,1.0,40.32,24.32,92.8,4912,52.48,7.05,5644,0.87,1.059,0.158,0.148,12,0.4673,3456,0.9688,1,1167,22.95,1,1167,22.95,1,1167,22.95,1,1169,20.42,0.0596,51.6,10,298412
100.0,0,-1,confirm,1.0,13.49,-2.51,63.5,10288,50.01,65.41,11016,0.934,1.615,0.149,0.2627,15,0.5021,3863,0.9288,1,812,0.97,1,812,0.97,1,812,0.97,1,1209,-17.44,0.6188,52.0,12,304056
100.0,0,1,confirm,1.0,-1.87,-17.87,49.42,21805,51.29,50.42,23339,0.934,3.312,0.248,0.056,21,0.6246,6594,0.9955,1,1492,7.36,1,1492,7.36,1,1492,7.36,1,1533,14.17,0.2891,50.33,15,315072
100.0,0,-1,confirm,1.0,-57.82,-73.82,42.77,1836,100.59,57.82,11021,0.167,0.809,0.33,0.4457,22,0.5903,8978,0.9551,1,839,9.65,1,839,9.65,1,839,9.65,1,994,-5.17,0.5508,51.04,22,338411
100.0,0,1,fallback,1.0,49.88,33.88,100.68,1536,50.8,9.43,4369,0.352,0.953,0.063,0.2283,1,0.4951,663,0.9501,1,2082,68.45,1,2082,68.45,1,2082,68.45,1,2333,60.04,0.4117,101.02,1,349432
100.0,0,-1,confirm,1.0,-75.04,-91.04,26.08,261,101.12,75.04,8742,0.03,2.568,0.299,0.5503,2,0.5503,261,0.9298,1,607,13.65,1,607,13.65,1,607,13.65,1,672,16.19,0.3031,50.29,2,353801
100.0,0,1,fallback,1.0,5.99,-10.01,56.96,2148,50.96,16.88,2317,0.927,4.407,0.234,0.3497,5,0.4641,11,0.9209,1,1529,1.56,1,1529,1.56,1,1529,1.56,0,-1,,0.7493,101.39,4,362543
100.0,0,-1,confirm,1.0,-64.78,-80.78,35.9,2604,100.68,64.78,4527,0.575,0.279,0.128,0.0576,6,0.3831,2653,0.8365,1,1236,5.84,1,1236,5.84,1,1236,5.84,1,1254,6.03,0.6983,50.68,5,364860
100.0,0,1,fallback,1.0,63.22,47.22,114.55,7913,51.33,39.95,10062,0.786,2.059,0.13,0.4001,8,0.7556,7360,0.9804,1,2508,-28.49,1,2508,-28.49,1,2508,-28.49,1,3510,-3.73,0.6528,101.04,6,369387
100.0,0,-1,confirm,1.0,1.52,-14.48,53.82,5046,52.3,8.7,7953,0.634,1.778,0.086,-0.1014,10,0.4291,4596,0.8852,1,1183,12.02,1,1183,12.02,1,1183,12.02,1,1249,15.25,0.127,50.75,9,379449
100.0,0,1,confirm,1.0,-78.83,-94.83,20.51,642,99.34,78.83,2187,0.294,3.49,0.226,0.1203,11,0.3228,585,0.8402,1,703,13.1,1,703,13.1,1,703,13.1,1,769,14.39,0.0986,52.58,11,387402
100.0,0,-1,confirm,1.0,38.38,22.38,88.25,1790,49.87,16.17,2673,0.67,2.591,0.103,0.2844,12,0.4512,1252,0.9008,1,2390,53.27,1,2390,53.27,1,2390,53.27,1,2516,44.15,0.1609,99.14,12,389589
100.0,0,1,confirm,1.0,16.92,0.92,67.66,5655,50.74,39.4,6229,0.908,1.809,0.211,0.2619,14,0.436,2262,0.9577,1,233,-8.44,1,233,-8.44,1,233,-8.44,1,384,-15.74,0.5175,50.32,12,392262
100.0,0,-1,confirm,1.0,0.64,-15.36,52.27,1509,51.63,4.75,2931,0.515,0.962,0.274,0.1415,15,0.4137,87,0.8647,1,906,12.68,1,906,12.68,1,906,12.68,1,945,11.83,0.4169,50.4,14,398491
100.0,0,1,confirm,1.0,-0.21,-16.21,51.61,3357,51.82,5.1,5166,0.65,1.877,0.118,0.4767,16,0.4985,3117,0.885,1,1004,5.68,1,1004,5.68,1,1004,5.68,1,1308,21.84,0.4331,51.9,15,401422
100.0,0,-1,confirm,1.0,80.86,64.86,130.29,10231,49.42,54.31,11303,0.905,0.926,0.149,0.3058,19,0.6442,6106,0.9753,1,538,-36.25,1,538,-36.25,1,538,-36.25,1,600,-36.01,0.6256,51.56,16,406588
100.0,0,1,confirm,1.0,33.08,17.08,84.28,4092,51.2,4.68,5416,0.756,2.863,0.203,0.2184,21,0.3869,3246,0.9746,1,921,15.61,1,921,15.61,1,921,15.61,1,1603,45.75,0.5389,50.07,20,417891
100.0,0,-1,confirm,1.0,-95.08,-111.08,7.04,1212,102.11,95.08,2234,0.543,1.009,0.141,0.145,21,0.2186,808,0.878,1,26,-12.9,1,26,-12.9,1,1351,-11.76,1,26,-12.9,0.6873,50.77,21,423307
100.0,0,1,fallback,1.0,249.35,233.35,304.4,189,55.05,18.1,199,0.95,5.422,0.353,0.4323,22,0.575,124,0.7172,0,-1,,0,-1,,0,-1,,0,-1,,0.1111,102.18,22,425541
100.0,0,-1,confirm,1.0,115.14,99.14,164.93,1075,49.79,0.0,1207,0.891,0.359,0.052,-0.3323,22,-0.1904,1112,0.5648,0,-1,,0,-1,,0,-1,,0,-1,,0.3262,53.42,22,425740
100.0,0,1,confirm,1.0,4.22,-11.78,54.53,4402,50.31,45.64,4564,0.965,6.83,0.174,0.6755,23,0.719,158,0.9292,1,720,11.77,1,720,11.77,1,720,11.77,1,788,1.59,0.2326,50.62,22,426947
100.0,0,-1,confirm,1.0,-98.75,-114.75,3.58,69,102.33,98.75,2838,0.024,0.979,0.081,-0.3908,23,0.3481,1685,0.8306,1,572,-18.28,1,572,-18.28,1,1972,-25.56,1,2136,-55.54,0.9083,50.04,23,431511
100.0,0,1,fallback,1.0,-35.21,-51.21,16.17,83,51.38,35.21,1373,0.06,2.289,0.117,0.5251,0,0.5438,53,0.8419,1,650,-2.2,1,650,-2.2,1,650,-2.2,0,-1,,0.1212,102.37,0,434349
100.0,0,-1,confirm,1.0,76.43,60.43,126.49,1742,50.06,0.39,1999,0.871,0.929,0.1,0.2891,1,0.3295,787,0.8287,1,1387,102.39,1,1387,102.39,1,1387,102.39,0,-1,,0.7492,51.3,1,435722
100.0,0,1,confirm,1.0,14.56,-1.44,66.3,5718,51.74,19.35,7327,0.78,3.126,0.267,0.4041,3,0.4467,5218,0.9445,1,1391,19.99,1,1391,19.99,1,1391,19.99,1,2053,-3.49,0.6878,50.7,1,437721
100.0,0,-1,confirm,1.0,64.44,48.44,114.47,7492,50.03,12.39,8243,0.909,0.649,0.163,0.3228,5,0.5432,196,0.961,1,605,-0.93,1,605,-0.93,1,605,-0.93,1,635,3.45,0.8486,51.39,3,445048
100.0,0,1,confirm,1.0,16.13,0.13,66.8,1500,50.67,4.62,4258,0.352,1.482,0.165,0.1617,6,0.2879,1124,0.9475,1,1656,55.75,1,1656,55.75,1,1656,55.75,1,2000,50.03,0.7969,50.61,5,453291
100.0,0,-1,confirm,1.0,-99.19,-115.19,2.25,49,101.44,99.19,7866,0.006,1.104,0.178,0.585,7,0.5862,34,0.8795,1,566,-33.08,1,566,-33.08,1,566,-33.08,1,633,-33.4,0.2176,50.34,7,457549
100.0,0,1,fallback,1.0,-32.86,-48.86,18.39,5,51.25,32.86,1047,0.005,4.383,0.283,0.3293,9,0.3293,5,0.9049,1,471,-0.82,1,471,-0.82,1,471,-0.82,1,538,-5.13,0.6258,101.47,9,465415
100.0,0,-1,confirm,1.0,-73.04,-89.04,28.91,5279,101.95,73.04,7297,0.723,0.283,0.108,0.1197,11,0.7323,4959,0.9702,1,139,-25.38,1,139,-25.38,1,139,-25.38,1,883,-33.34,0.3786,51.16,9,466462
100.0,0,1,fallback,1.0,-23.79,-39.79,26.51,174,50.3,23.79,658,0.264,2.257,0.147,0.4453,11,0.5066,312,0.7489,0,-1,,0,-1,,0,-1,,0,-1,,0.6215,102.24,11,473759
100.0,0,-1,confirm,1.0,78.98,62.98,130.66,1682,51.68,16.5,2353,0.715,1.846,0.041,0.1752,12,0.5076,335,0.864,1,480,10.5,1,480,10.5,1,480,10.5,1,647,17.81,0.6355,50.17,11,474417
100.0,0,1,confirm,1.0,90.53,74.53,141.85,2847,51.32,6.85,3604,0.79,1.674,0.081,0.3081,13,0.4091,1909,0.8903,1,139,-2.8,1,139,-2.8,1,2509,124.79,1,1239,88.1,0.6097,52.36,12,476770
100.0,0,-1,confirm,1.0,-66.18,-82.18,40.54,362,106.72,66.18,5472,0.066,2.172,0.293,0.3297,13,0.5674,4011,0.8747,1,1069,11.32,1,1069,11.32,1,1069,11.32,1,1336,17.29,0.2426,50.6,13,480374
100.0,0,1,fallback,1.0,-25.81,-41.81,24.82,1365,50.63,25.81,1993,0.685,1.354,0.08,0.4926,15,0.5048,1159,0.9389,1,599,-1.83,1,599,-1.83,1,599,-1.83,1,599,-1.83,0.3107,107.16,14,485846
100.0,0,-1,confirm,1.0,38.36,22.36,89.37,5607,51.0,25.93,7067,0.793,1.488,0.253,0.1792,17,0.5445,723,0.9269,1,807,1.53,1,807,1.53,1,807,1.53,1,2413,11.52,0.7778,50.5,15,487839
100.0,0,1,confirm,1.0,-16.46,-32.46,33.9,15314,50.36,73.93,16383,0.935,2.028,0.308,0.1131,21,0.5975,1477,0.9794,1,202,-24.0,1,202,-24.0,1,202,-24.0,1,419,-33.74,0.5502,51.46,17,494906
100.0,0,-1,confirm,1.0,124.41,108.41,173.62,10097,49.21,10.7,12036,0.839,1.559,0.143,0.2479,0,0.6185,1043,0.9757,1,1653,25.5,1,1653,25.5,1,1653,25.5,1,2179,27.71,0.626,50.19,22,511289
100.0,0,1,confirm,1.0,75.25,59.25,125.9,15169,50.65,30.53,21905,0.692,2.549,0.278,0.3048,5,0.7343,9682,0.9813,1,1100,9.69,1,1100,9.69,1,1100,9.69,1,1101,9.62,0.4445,50.08,1,523325
100.0,0,-1,confirm,1.0,57.73,41.73,112.17,14096,54.44,1.3,16575,0.85,1.723,0.21,0.3109,11,0.6757,105,0.9806,1,686,12.55,1,686,12.55,1,686,12.55,1,705,11.67,0.8069,50.02,7,545230
100.0,0,1,confirm,1.0,-90.92,-106.92,8.32,221,99.25,90.92,4949,0.045,1.051,0.27,0.475,12,0.475,221,0.954,1,893,-9.05,1,893,-9.05,1,893,-9.05,1,905,-9.05,0.8655,55.06,12,561805
100.0,0,-1,confirm,1.0,-32.69,-48.69,18.2,717,50.89,37.98,1382,0.519,1.33,0.071,0.2345,13,0.2345,717,0.7827,1,404,-35.49,1,404,-35.49,1,1048,-28.05,0,-1,,0.6896,99.16,13,566754
100.0,0,1,confirm,1.0,-90.09,-106.09,9.29,214,99.38,90.09,1671,0.128,0.774,0.083,-0.0816,13,0.0201,727,0.7022,0,-1,,0,-1,,0,-1,,0,-1,,0.3388,50.98,13,568136
100.0,0,-1,confirm,1.0,71.14,55.14,121.33,1871,50.18,5.46,2527,0.74,2.471,0.136,0.1984,14,0.3552,122,0.759,1,642,18.09,1,642,18.09,1,642,18.09,1,2467,77.57,0.4746,99.29,14,569807
100.0,0,1,confirm,1.0,-63.98,-79.98,38.25,991,102.23,63.98,3479,0.285,0.376,0.165,0.2892,15,0.3471,925,0.8355,1,1460,-5.09,1,1460,-5.09,1,1460,-5.09,1,1524,-1.1,0.3633,50.8,14,572334
100.0,0,-1,fallback,1.0,-14.82,-30.82,36.17,1410,50.99,22.47,2170,0.65,1.623,0.067,0.3613,16,0.3815,1609,0.8087,1,2037,5.23,1,2037,5.23,1,2037,5.23,0,-1,,0.0543,101.84,15,575813
100.0,0,1,confirm,1.0,79.3,63.3,129.97,6356,50.68,61.7,7879,0.807,3.501,0.112,0.0613,18,0.4392,4092,0.9707,1,309,-34.08,1,309,-34.08,1,309,-34.08,1,401,-57.05,0.7081,51.18,16,577983
100.0,0,-1,confirm,1.0,-92.64,-108.64,8.43,35,101.08,92.64,5443,0.006,0.659,0.183,0.4084,18,0.411,34,0.9305,1,420,-13.45,1,420,-13.45,1,420,-13.45,1,1112,-24.33,0.07,50.03,18,585862
100.0,0,1,fallback,1.0,-42.93,-58.93,7.53,17,50.46,42.93,3907,0.004,2.523,0.241,0.0581,20,0.3113,1785,0.9355,1,551,-34.55,1,551,-34.55,1,551,-34.55,1,593,-34.55,0.4864,101.16,20,591305
100.0,0,-1,confirm,1.0,14.26,-1.74,64.88,8129,50.63,2.9,9928,0.819,4.597,0.314,0.51,23,0.5352,1591,0.9583,1,545,24.16,1,545,24.16,1,545,24.16,1,620,16.58,0.4477,50.42,21,595212
100.0,0,1,confirm,1.0,-83.89,-99.89,16.97,3561,100.87,83.89,7896,0.451,0.438,0.178,0.0018,1,0.3181,1531,0.9935,1,611,-14.33,1,611,-14.33,1,1741,-42.52,1,666,-20.31,0.8387,50.96,0,605140
100.0,0,-1,fallback,1.0,-31.79,-47.79,18.8,2208,50.6,31.84,4303,0.513,0.949,0.096,0.3425,2,0.7136,0,0.9138,1,623,-13.58,1,623,-13.58,1,623,-13.58,1,1185,-2.51,0.8037,100.69,2,613036
100.0,0,1,confirm,1.0,-12.62,-28.62,40.03,14751,52.66,75.67,18225,0.809,1.504,0.17,-0.3897,7,0.5334,14967,0.9748,1,340,-17.86,1,340,-17.86,1,340,-17.86,1,362,-14.31,0.4696,50.69,3,617339
100.0,0,-1,confirm,1.0,59.87,43.87,110.64,2940,50.78,6.38,3247,0.905,5.981,0.284,0.5266,9,0.7178,4,0.9269,1,853,40.91,1,853,40.91,1,853,40.91,1,1014,42.92,0.7878,52.45,8,635564
100.0,0,1,confirm,1.0,7.01,-8.99,58.26,3894,51.25,-0.0,5849,0.666,1.146,0.315,0.1642,10,0.5271,4199,0.9096,1,751,51.24,1,751,51.24,1,751,51.24,1,820,34.77,0.572,51.34,9,638811
100.0,0,-1,confirm,1.0,-58.41,-74.41,44.62,119,103.04,58.41,5157,0.023,2.256,0.193,0.2157,11,0.4869,2034,0.8955,1,731,-7.06,1,731,-7.06,1,731,-7.06,1,2569,10.64,0.678,50.95,11,644660
100.0,0,1,fallback,1.0,18.4,2.4,69.78,188,51.38,5.29,303,0.62,1.837,0.239,0.2279,12,0.3318,4,0.5124,0,-1,,0,-1,,0,-1,,0,-1,,0.4048,103.5,12,649817
100.0,0,-1,confirm,1.0,-75.72,-91.72,27.31,3099,103.03,75.72,3710,0.835,0.65,0.043,0.2314,13,0.473,1746,0.9234,1,3282,8.24,1,3282,8.24,1,3282,8.24,1,3283,-7.21,0.4522,51.03,12,650120
100.0,0,1,fallback,1.0,6.99,-9.01,59.0,760,52.02,6.22,1263,0.602,1.228,0.087,0.0955,13,0.2665,0,0.6195,1,1030,17.74,1,1030,17.74,1,1030,17.74,0,-1,,0.8135,103.31,13,653830
100.0,0,-1,confirm,1.0,-1.44,-17.44,49.62,3558,51.06,21.73,3676,0.968,0.604,0.089,-0.0148,14,0.4827,2236,0.8743,1,482,-15.29,1,482,-15.29,1,1491,17.49,1,1595,-3.08,0.0285,51.71,13,655093
100.0,0,1,confirm,1.0,18.03,2.03,69.52,2815,51.5,45.06,2930,0.961,3.46,0.133,0.1482,15,0.2085,661,0.8081,1,472,-27.96,1,472,-27.96,1,731,-40.87,1,1188,-18.85,0.475,51.31,14,658769
100.0,0,-1,confirm,1.0,-84.6,-100.6,16.38,44,100.98,84.6,358,0.123,1.21,0.019,0.2796,15,0.3486,0,0.7871,0,-1,,0,-1,,0,-1,,0,-1,,0.6591,51.14,15,661699
100.0,0,1,fallback,1.0,-39.6,-55.6,12.26,16,51.86,39.6,440,0.036,1.691,0.099,0.0085,15,0.3309,286,0.5486,0,-1,,0,-1,,0,-1,,0,-1,,0.0498,101.15,15,662057
100.0,0,-1,confirm,1.0,43.19,27.19,94.69,2944,51.5,14.07,3529,0.834,1.195,0.229,0.3716,16,0.3732,2945,0.9064,1,1038,31.5,1,1038,31.5,1,1038,31.5,1,1272,34.23,0.547,51.79,16,662497
100.0,0,1,confirm,1.0,-84.39,-100.39,17.35,247,101.74,84.39,1908,0.129,0.834,0.132,0.4542,17,0.5526,52,0.8438,1,452,-4.82,1,452,-4.82,1,452,-4.82,1,536,-12.94,0.5632,51.99,17,666026
100.0,0,-1,fallback,1.0,-39.1,-55.1,11.69,616,50.78,39.1,972,0.634,0.526,0.033,0.2749,17,0.5358,515,0.9465,1,868,-25.35,1,868,-25.35,1,868,-25.35,0,-1,,0.0284,101.56,17,667934
100.0,0,1,confirm,1.0,-70.17,-86.17,29.85,1065,100.02,70.17,12127,0.088,1.683,0.195,-0.0083,18,0.6268,3139,0.9801,1,323,-17.75,1,323,-17.75,1,3012,-27.75,1,607,5.27,0.1415,50.84,17,668906
100.0,0,-1,confirm,1.0,17.34,1.34,69.71,4184,52.36,30.04,4867,0.86,3.451,0.163,-0.0095,22,0.5861,204,0.9489,1,594,-8.01,1,594,-8.01,1,594,-8.01,1,700,-10.21,0.1879,99.72,21,681033
100.0,0,1,confirm,1.0,101.56,85.56,152.67,11417,51.11,42.4,14250,0.801,7.874,0.252,0.3252,1,0.7132,9494,0.9554,1,1306,-4.11,1,1306,-4.11,1,1306,-4.11,1,1309,-4.11,0.2875,52.73,22,685900
100.0,0,-1,confirm,1.0,-87.6,-103.6,17.1,322,104.7,87.6,5194,0.062,1.249,0.205,0.0934,2,0.4945,4,0.9539,1,245,6.78,1,245,6.78,1,245,6.78,1,1167,3.45,0.3661,50.34,2,700150
100.0,0,1,fallback,1.0,13.45,-2.55,64.25,8969,50.8,7.82,11269,0.796,1.254,0.146,0.1519,6,0.5112,2932,0.969,1,631,4.45,1,631,4.45,1,631,4.45,1,1598,6.74,0.7787,104.88,3,705344
100.0,0,-1,confirm,1.0,-90.39,-106.39,10.53,588,100.92,90.39,16084,0.037,1.729,0.191,0.4675,7,0.7891,82,0.9832,1,1093,-13.01,1,1093,-13.01,1,1093,-13.01,1,1187,-9.97,0.6278,50.48,7,716613
100.0,0,1,fallback,1.0,-49.67,-65.67,2.0,54,51.67,49.67,2974,0.018,2.467,0.178,0.3074,11,0.4043,0,0.8333,1,410,-25.39,1,410,-25.39,1,410,-25.39,1,474,-23.62,0.8939,101.03,11,732697
100.0,0,-1,confirm,1.0,16.13,0.13,66.49,559,50.36,0.0,1031,0.542,2.926,0.166,0.2658,12,0.3871,519,0.8692,0,-1,,0,-1,,0,-1,,0,-1,,0.0019,51.66,12,735671
100.0,0,1,confirm,1.0,14.81,-1.19,65.33,4542,50.52,24.05,5265,0.863,1.042,0.125,0.0398,13,0.4833,2614,0.9367,1,1482,14.49,1,1482,14.49,1,1482,14.49,1,1519,11.72,0.0482,50.7,12,736702
100.0,0,-1,confirm,1.0,9.63,-6.37,59.92,3318,50.29,23.2,3997,0.83,4.287,0.245,0.3779,15,0.5359,2642,0.9249,1,1304,-0.63,1,1304,-0.63,1,1304,-0.63,1,1423,-17.12,0.6692,50.19,14,741967
100.0,0,1,confirm,1.0,45.87,29.87,97.6,8417,51.72,81.67,8566,0.983,1.929,0.243,0.3053,17,0.4509,1729,0.9533,1,84,-18.68,1,1987,-34.58,1,1987,-34.58,1,2161,-38.72,0.7199,50.59,15,745964
100.0,0,-1,confirm,1.0,-99.45,-115.45,1.94,2,101.38,99.45,1603,0.001,0.435,0.129,-0.2164,17,0.076,500,0.7322,1,509,-25.39,0,-1,,0,-1,,0,-1,,0.521,51.22,17,754530
100.0,0,1,fallback,1.0,-48.53,-64.53,1.6,13,50.14,48.53,190,0.068,1.257,0.087,0.2102,18,0.217,2,0.4919,0,-1,,0,-1,,0,-1,,0,-1,,0.3751,101.4,18,756133
100.0,0,-1,confirm,1.0,-19.81,-35.81,31.23,9639,51.05,73.23,11285,0.854,0.943,0.215,0.2232,20,0.4822,8434,0.9857,1,816,-8.36,1,816,-8.36,1,816,-8.36,1,839,-9.74,0.3917,50.13,18,756323
100.0,0,1,confirm,1.0,-59.67,-75.67,42.45,26279,102.12,59.67,32549,0.807,0.988,0.267,0.2981,4,0.7551,10472,0.9962,1,132,-8.18,1,132,-8.18,1,2804,-11.01,1,650,-9.12,0.0763,51.21,21,767608
100.0,0,-1,fallback,1.0,8.61,-7.39,60.07,1374,51.46,0.0,6054,0.227,1.258,0.238,0.3761,6,0.6982,312,0.9656,1,612,9.27,1,612,9.27,1,612,9.27,1,715,8.0,0.6887,101.69,6,800157
100.0,0,1,confirm,1.0,74.71,58.71,125.66,5854,50.96,9.84,8966,0.653,1.838,0.329,0.4448,9,0.6374,5498,0.9854,1,2075,54.94,1,2075,54.94,1,2075,54.94,1,2091,53.35,0.4445,51.77,7,806211
100.0,0,-1,confirm,1.0,40.9,24.9,91.21,11807,50.3,39.68,12849,0.919,1.526,0.085,0.0724,13,0.6835,214,0.9774,1,638,-19.97,1,638,-19.97,1,638,-19.97,1,732,-16.97,0.4753,50.32,10,815177
100.0,0,1,confirm,1.0,14.5,-1.5,65.06,2206,50.56,8.16,2956,0.746,2.211,0.115,0.3216,14,0.4016,2179,0.8231,1,747,4.13,1,747,4.13,1,747,4.13,1,810,-0.27,0.3579,50.76,14,828026
100.0,0,-1,confirm,1.0,-101.54,-117.54,-0.0,0,101.54,101.54,663,0.0,0.821,0.193,0.2698,14,0.2698,0,0.7979,1,185,-54.97,1,185,-54.97,1,185,-54.97,1,192,-68.77,0.1884,50.23,14,830982
100.0,0,1,fallback,1.0,-5.93,-21.93,44.68,855,50.61,33.22,1786,0.479,0.56,0.183,0.3703,15,0.4059,769,0.7426,1,1214,19.35,1,1214,19.35,1,1214,19.35,1,1257,22.15,0.4391,101.54,15,831645
100.0,0,-1,confirm,1.0,35.59,19.59,87.33,1951,51.74,2.71,2553,0.764,2.417,0.171,0.1749,16,0.3328,272,0.8496,1,1812,60.69,1,1812,60.69,1,1812,60.69,1,2526,45.58,0.1877,50.38,15,833431
100.0,0,1,confirm,1.0,-57.33,-73.33,42.15,3182,99.48,57.33,16468,0.193,1.332,0.285,0.3515,17,0.6968,8162,0.959,1,600,0.32,1,600,0.32,1,600,0.32,1,605,-1.31,0.4915,52.2,16,835984
100.0,0,-1,confirm,1.0,-38.1,-54.1,11.97,415,50.08,38.1,17428,0.024,0.886,0.199,0.343,20,0.8651,13827,0.9961,1,697,2.21,1,697,2.21,1,697,2.21,1,1069,1.96,0.5984,99.06,20,852452
100.0,0,1,confirm,1.0,48.38,32.38,99.21,50625,50.83,40.94,52061,0.972,0.891,0.175,0.0165,15,0.7678,28018,0.9957,1,1686,10.66,1,1686,10.66,1,1686,10.66,1,1686,10.66,0.056,50.14,1,869880
100.0,0,-1,confirm,1.0,-86.87,-102.87,15.83,2710,102.7,86.87,20142,0.135,0.702,0.113,0.2758,16,0.6656,6859,0.9931,1,556,-9.99,1,556,-9.99,1,556,-9.99,1,557,-11.21,0.7033,50.33,16,921941
100.0,0,1,fallback,1.0,-24.2,-40.2,27.94,57,52.14,24.2,1161,0.049,7.117,0.494,0.456,21,0.5076,0,0.9094,1,642,-17.7,1,642,-17.7,1,642,-17.7,1,642,-17.7,0.1367,102.86,21,942083
100.0,0,-1,confirm,1.0,33.7,17.7,86.82,60688,53.12,44.08,66259,0.916,0.47,0.082,0.5622,14,0.8255,27199,0.9912,1,470,-2.07,1,470,-2.07,1,2592,-12.09,1,672,5.02,0.4579,52.0,22,943244
100.0,0,1,confirm,1.0,62.78,46.78,115.26,17636,52.48,82.13,18267,0.965,5.969,0.466,0.5533,21,0.7792,15011,0.9909,1,600,-4.53,1,600,-4.53,1,600,-4.53,1,600,-4.53,0.7216,53.59,16,1009503
100.0,0,-1,confirm,1.0,-117.31,-133.31,1.86,2,119.17,117.31,676,0.003,0.724,0.072,-0.0126,21,0.0529,271,0.6843,1,290,-48.25,0,-1,,0,-1,,0,-1,,0.7236,51.89,21,1027770
100.0,0,1,fallback,1.0,-5.0,-21.0,45.28,587,50.28,28.76,1064,0.552,1.403,0.123,0.5373,21,0.7541,1,0.8538,0,-1,,0,-1,,0,-1,,0,-1,,0.0627,119.19,21,1028446
100.0,0,-1,confirm,1.0,8.77,-7.23,59.53,548,50.76,30.02,933,0.587,1.465,0.146,0.1217,22,0.1262,531,0.7149,1,200,-19.88,1,596,55.17,0,-1,,0,-1,,0.5729,50.05,21,1029510
100.0,0,1,confirm,1.0,43.2,27.2,93.79,7255,50.59,42.89,8593,0.844,3.47,0.165,0.2738,0,0.4332,4531,0.9042,1,146,-28.39,1,146,-28.39,1,1115,-13.17,1,224,-39.07,0.5621,51.07,22,1030443
100.0,0,-1,confirm,1.0,-69.05,-85.05,31.73,1666,100.78,69.05,38054,0.044,1.463,0.285,0.659,1,0.7157,36872,0.9831,1,3669,-1.8,1,3669,-1.8,1,3669,-1.8,1,3706,-6.1,0.7296,50.12,0,1039036
100.0,0,1,fallback,1.0,90.48,74.48,141.56,8070,51.08,12.83,8917,0.905,0.389,0.128,0.1904,13,0.287,103,0.9365,1,847,43.43,1,847,43.43,1,847,43.43,1,1016,32.19,0.4761,101.1,11,1077090
100.0,0,-1,confirm,1.0,-54.45,-70.45,46.85,1852,101.3,54.45,7550,0.245,1.148,0.051,0.2635,14,0.3492,2004,0.7991,1,603,-0.3,1,603,-0.3,1,603,-0.3,1,618,-0.9,0.0462,50.37,13,1086007
100.0,0,1,fallback,1.0,-4.02,-20.02,47.4,842,51.42,4.02,4629,0.182,0.879,0.064,0.2669,15,0.4316,61,0.957,1,671,33.04,1,671,33.04,1,671,33.04,1,941,26.95,0.1731,101.77,15,1093557
100.0,0,-1,confirm,1.0,36.13,20.13,85.85,8215,49.72,3.54,9453,0.869,4.078,0.419,0.3197,19,0.5381,273,0.9452,1,1361,11.46,1,1361,11.46,1,1361,11.46,1,2395,13.86,0.2981,51.18,17,1098186
100.0,0,1,confirm,1.0,-92.56,-108.56,6.61,276,99.16,92.56,23516,0.012,0.742,0.125,0.2355,19,0.59,8831,0.9725,1,322,-3.28,1,322,-3.28,1,322,-3.28,1,353,-10.98,0.2517,50.15,19,1107639
100.0,0,-1,confirm,1.0,16.48,0.48,66.35,4132,49.86,10.82,4450,0.929,2.849,0.38,0.226,3,0.6047,2782,0.9653,1,137,3.1,1,137,3.1,1,1667,27.44,1,579,5.01,0.3983,99.1,2,1131155
100.0,0,1,confirm,1.0,101.71,85.71,153.45,19755,51.74,26.91,21142,0.934,0.965,0.311,0.3689,8,0.7305,11274,0.9939,1,526,11.59,1,526,11.59,1,526,11.59,1,526,11.59,0.9233,50.19,3,1135605
100.0,0,-1,confirm,1.0,57.78,41.78,107.86,15493,50.09,25.11,17164,0.903,2.132,0.093,0.3145,13,0.5558,13957,0.9831,1,1022,-4.71,1,1022,-4.71,1,1022,-4.71,1,1022,-4.71,0.2325,50.96,9,1156747
100.0,0,1,confirm,1.0,-100.43,-116.43,0.04,2,100.47,100.43,1071,0.002,0.613,0.21,-0.1308,14,-0.0039,351,0.8729,0,-1,,0,-1,,0,-1,,0,-1,,0.6484,50.63,14,1173911
100.0,0,-1,fallback,1.0,-14.63,-30.63,36.45,632,51.08,20.88,1002,0.631,1.11,0.091,0.2614,14,0.639,9,0.7423,0,-1,,0,-1,,0,-1,,0,-1,,0.3399,100.47,14,1174982
100.0,0,1,confirm,1.0,31.36,15.36,82.2,12249,50.84,13.09,13551,0.904,1.852,0.301,0.3861,18,0.5929,11566,0.9729,1,419,0.14,1,419,0.14,1,2390,17.66,1,563,-9.65,0.6852,51.26,14,1175984
100.0,0,-1,confirm,1.0,2.15,-13.85,51.9,3106,49.75,10.32,9714,0.32,0.739,0.157,0.0599,19,0.6161,4600,0.9813,1,2341,30.13,1,5065,35.31,1,5065,35.31,1,5065,35.31,0.3726,50.42,18,1189535
100.0,0,1,confirm,1.0,-62.28,-78.28,37.34,18991,99.62,62.28,37967,0.5,3.781,0.395,0.4112,2,0.8321,30184,0.9994,1,187,2.32,1,595,-15.58,1,595,-15.58,1,595,-15.58,0.2689,50.01,21,1199249
100.0,0,-1,confirm,1.0,-15.65,-31.65,34.59,845,50.24,15.65,1086,0.778,6.208,0.353,0.5386,7,0.5872,823,0.8576,1,425,-9.26,1,425,-9.26,1,425,-9.26,0,-1,,0.871,99.25,7,1237216
100.0,0,1,confirm,1.0,-96.91,-112.91,2.14,2,99.05,96.91,2764,0.001,0.936,0.069,-0.341,7,0.1533,372,0.8821,1,459,-16.27,1,459,-16.27,0,-1,,1,496,-20.12,0.7097,50.42,7,1238302
100.0,0,-1,confirm,1.0,7.63,-8.37,58.43,9180,50.79,20.37,14408,0.637,0.872,0.155,0.0729,11,0.4809,46,0.9913,1,1052,-5.94,1,1052,-5.94,1,1052,-5.94,1,1270,-1.98,0.3781,99.03,8,1241066
100.0,0,1,confirm,1.0,36.54,20.54,87.3,5463,50.75,6.91,6812,0.802,2.879,0.229,0.4827,14,0.6945,1381,0.9745,1,832,18.9,1,832,18.9,1,832,18.9,1,2052,26.53,0.309,51.09,12,1255474
100.0,0,-1,confirm,1.0,1.98,-14.02,53.74,577,51.76,11.08,730,0.79,5.647,0.256,0.3003,14,0.3388,566,0.7608,1,450,0.92,1,450,0.92,1,450,0.92,0,-1,,0.7586,50.31,14,1262286
100.0,0,1,confirm,1.0,151.55,135.55,203.5,5900,51.95,20.17,6048,0.976,3.11,0.256,0.201,16,0.4841,5989,0.8672,1,2245,28.34,1,2245,28.34,1,2245,28.34,1,2245,28.34,0.4891,52.04,14,1263016
100.0,0,-1,confirm,1.0,143.84,127.84,193.76,5678,49.93,13.01,5736,0.99,3.149,0.23,0.1297,18,0.5226,1328,0.9809,1,835,20.56,1,835,20.56,1,835,20.56,1,835,20.56,0.5463,50.91,16,1269064
100.0,0,1,confirm,1.0,19.65,3.65,70.73,1523,51.08,1.4,1622,0.939,1.387,0.069,-0.0467,18,0.1406,1065,0.8004,1,528,38.82,1,620,38.19,0,-1,,1,752,29.91,0.0088,50.91,18,1274800
100.0,0,-1,confirm,1.0,-100.92,-116.92,0.39,59,101.31,100.92,589,0.1,0.702,0.029,0.024,18,0.0474,0,0.6756,0,-1,,0,-1,,0,-1,,0,-1,,0.6799,50.72,18,1276422
100.0,0,1,fallback,1.0,-35.48,-51.48,14.63,20,50.12,35.48,788,0.025,2.662,0.189,0.1765,18,0.1974,1,0.8847,1,634,-7.37,1,634,-7.37,0,-1,,0,-1,,0.2996,101.31,18,1277011
100.0,0,-1,confirm,1.0,120.39,104.39,170.29,1443,49.9,0.0,1526,0.946,2.477,0.175,0.3467,19,0.3636,1457,0.8615,1,446,31.17,1,1013,56.97,0,-1,,0,-1,,0.3788,50.05,18,1277799
100.0,0,1,confirm,1.0,-95.22,-111.22,5.68,9,100.9,95.22,1008,0.009,0.942,0.043,-0.2502,19,-0.0556,899,0.5128,0,-1,,0,-1,,0,-1,,0,-1,,0.5537,50.77,19,1279325
100.0,0,-1,fallback,1.0,-3.29,-19.29,46.48,667,49.77,17.21,1413,0.472,5.189,0.094,0.3169,19,0.3416,545,0.7261,1,20,-14.23,1,20,-14.23,1,869,11.43,1,1267,4.04,0.4778,100.84,19,1280333
100.0,0,1,confirm,1.0,24.45,8.45,75.56,18596,51.11,62.47,20971,0.887,0.957,0.25,0.4861,1,0.5986,17317,0.9891,1,440,7.26,1,440,7.26,1,440,7.26,1,1730,6.04,0.3672,50.0,20,1281746
100.0,0,-1,confirm,1.0,71.23,55.23,121.12,11768,49.89,46.43,13481,0.873,0.901,0.197,0.5664,5,0.5935,11708,0.9881,1,589,-18.73,1,589,-18.73,1,589,-18.73,1,622,-20.28,0.7022,50.73,1,1302717
100.0,0,1,confirm,1.0,46.28,30.28,97.17,9180,50.89,26.24,12920,0.711,0.921,0.123,-0.3931,8,0.7396,3181,0.966,1,1770,-3.12,1,1770,-3.12,1,1770,-3.12,1,1823,-8.12,0.1407,50.51,5,1316198
100.0,0,-1,confirm,1.0,17.56,1.56,67.44,9054,49.88,25.46,11881,0.762,4.832,0.273,0.4979,11,0.5685,4618,0.9906,1,172,-11.83,1,172,-11.83,1,172,-11.83,1,203,-19.86,0.4139,50.4,9,1329118
100.0,0,1,confirm,1.0,-62.51,-78.51,37.99,2514,100.49,62.51,4670,0.538,0.713,0.201,0.3069,13,0.4419,3395,0.8938,1,585,-3.94,1,585,-3.94,1,585,-3.94,1,601,-4.13,0.7217,50.22,12,1340999
100.0,0,-1,fallback,1.0,-50.43,-66.43,-0.0,0,50.43,50.43,133,0.0,1.729,0.16,0.1753,13,0.1763,7,0.7165,0,-1,,0,-1,,0,-1,,0,-1,,0.5887,100.11,13,1345669
100.0,0,1,confirm,1.0,-86.67,-102.67,12.51,2045,99.18,86.67,5097,0.401,2.732,0.237,0.0852,14,0.4291,3058,0.9482,1,423,-20.24,1,506,-22.42,1,506,-22.42,1,542,-34.98,0.712,50.43,13,1345802
100.0,0,-1,confirm,1.0,149.14,133.14,200.15,2615,51.01,4.89,2874,0.91,1.762,0.155,0.3571,15,0.5573,1551,0.8,1,717,27.09,1,717,27.09,1,717,27.09,1,757,29.89,0.2209,99.06,15,1350899
100.0,0,1,confirm,1.0,2.88,-13.12,54.58,8683,51.7,55.24,10486,0.828,0.346,0.245,0.4117,18,0.4787,6702,0.9899,1,1712,-6.55,1,1712,-6.55,1,1712,-6.55,1,2423,15.96,0.2737,52.05,16,1353773
100.0,0,-1,confirm,1.0,-98.9,-114.9,2.31,3,101.21,98.9,4957,0.001,0.731,0.175,0.2345,18,0.3043,282,0.8487,1,518,-9.31,1,518,-9.31,1,518,-9.31,1,603,-11.49,0.5435,51.42,18,1364259
100.0,0,1,fallback,1.0,-48.44,-64.44,1.61,7,50.05,48.44,3178,0.002,1.876,0.236,0.028,20,0.2004,3077,0.7177,1,180,-22.68,1,180,-22.68,1,3117,-41.02,1,1771,-32.39,0.5918,101.23,20,1369216
100.0,0,-1,confirm,1.0,39.04,23.04,89.3,21960,50.26,25.62,22112,0.993,0.555,0.295,0.568,3,0.7541,21718,0.9698,1,696,-12.93,1,696,-12.93,1,696,-12.93,1,1312,-4.61,0.4975,50.04,21,1372394
100.0,0,1,confirm,1.0,-5.94,-21.94,44.52,35030,50.46,61.69,35812,0.978,2.581,0.184,0.4478,13,0.612,3152,0.9845,1,1092,-9.97,1,1092,-9.97,1,1092,-9.97,1,1092,-9.97,0.553,50.71,3,1394506
100.0,0,-1,confirm,1.0,-105.49,-121.49,-0.0,0,105.49,105.49,1620,0.0,1.135,0.381,0.3592,13,0.4864,69,0.8192,1,665,-17.23,1,665,-17.23,1,665,-17.23,1,710,-21.04,0.3314,50.24,13,1430318
100.0,0,1,fallback,1.0,-38.79,-54.79,11.38,2,50.17,38.79,1321,0.002,3.983,0.405,0.4941,13,0.5748,0,0.7369,1,585,-22.75,1,585,-22.75,1,585,-22.75,1,600,-22.51,0.8192,105.49,13,1431938
100.0,0,-1,confirm,1.0,-68.34,-84.34,33.81,11978,102.15,68.34,35334,0.339,0.955,0.208,-0.3073,17,0.8444,10010,0.9929,1,1396,-28.95,1,1396,-28.95,1,1396,-28.95,1,2094,-41.95,0.3652,50.11,14,1433259
100.0,0,1,fallback,1.0,-8.96,-24.96,41.49,2305,50.45,8.96,4264,0.541,3.62,0.374,0.2431,0,0.4805,1709,0.9724,1,1033,-5.75,1,1033,-5.75,1,1033,-5.75,1,3375,0.72,0.4423,102.49,23,1468593
100.0,0,-1,confirm,1.0,-8.55,-24.55,42.38,47205,50.93,68.61,49038,0.963,0.667,0.193,0.5153,14,0.7882,34458,0.9898,1,1121,6.64,1,1121,6.64,1,1121,6.64,1,1121,6.64,0.2748,50.24,1,1472857
100.0,0,1,confirm,1.0,86.85,70.85,138.27,2131,51.42,2.11,4533,0.47,2.193,0.225,0.3333,15,0.5715,73,0.9798,1,1029,62.37,1,1029,62.37,1,1029,62.37,1,2721,105.52,0.2224,51.15,14,1521895
100.0,0,-1,confirm,1.0,-58.15,-74.15,48.23,5754,106.38,58.15,40910,0.141,1.592,0.138,0.2781,17,0.8231,37879,0.9982,1,1336,2.73,1,1336,2.73,1,1336,2.73,1,1343,-0.0,0.2524,50.72,16,1526428
100.0,0,1,fallback,1.0,-26.34,-42.34,23.9,4464,50.25,26.34,6174,0.723,0.763,0.227,0.3395,4,0.6715,1324,0.9451,1,830,-15.52,1,830,-15.52,1,830,-15.52,1,5335,-13.94,0.3698,106.9,3,1567338
100.0,0,-1,confirm,1.0,5.88,-10.12,56.65,12637,50.77,15.74,16482,0.767,1.724,0.692,0.626,8,0.8421,8701,0.9975,1,195,0.66,1,195,0.66,1,1305,-5.25,1,202,-0.27,0.587,50.13,5,1573512
100.0,0,1,confirm,1.0,-61.22,-77.22,39.49,5530,100.7,61.22,40034,0.138,2.317,0.065,0.1916,11,0.6668,14,0.9974,1,444,-15.95,1,444,-15.95,1,444,-15.95,1,600,-10.51,0.7237,51.06,9,1589994
100.0,0,-1,fallback,1.0,-1.86,-17.86,50.02,1877,51.88,7.1,3116,0.602,1.042,0.154,0.3672,21,0.6132,1366,0.9727,1,2005,34.77,1,2005,34.77,1,2005,34.77,1,2026,28.04,0.8399,100.31,20,1630028
100.0,0,1,confirm,1.0,-82.45,-98.45,19.05,23,101.5,82.45,7051,0.003,2.425,0.271,0.2038,21,0.2951,54,0.9731,1,604,13.24,1,604,13.24,1,604,13.24,1,761,-4.87,0.6308,52.14,21,1633144
100.0,0,-1,fallback,1.0,-44.32,-60.32,5.66,630,49.98,44.32,2472,0.255,1.104,0.045,-0.1068,23,0.2772,0,0.8706,1,393,-10.62,1,393,-10.62,1,393,-10.62,1,538,0.43,0.2886,101.31,23,1640195
100.0,0,1,confirm,1.0,25.28,9.28,77.14,1221,51.86,7.76,1955,0.625,2.835,0.316,0.4644,0,0.6079,1067,0.9541,1,637,17.08,1,637,17.08,1,637,17.08,0,-1,,0.4423,50.0,0,1642667
100.0,0,-1,confirm,1.0,-99.07,-115.07,4.1,78,103.17,99.07,2001,0.039,0.531,0.318,-0.2508,0,0.3495,1595,0.9223,1,459,-19.42,1,459,-19.42,1,1681,-60.2,1,525,-14.09,0.1693,51.46,0,1644622
100.0,0,1,fallback,1.0,14.63,-1.37,67.03,177,52.41,11.66,635,0.279,4.629,0.305,0.3812,1,0.4008,154,0.5602,1,599,26.18,1,599,26.18,1,599,26.18,0,-1,,0.308,103.21,1,1646623
100.0,0,-1,confirm,1.0,39.71,23.71,90.13,5255,50.42,32.56,6152,0.854,5.455,0.43,0.466,3,0.7096,4600,0.9759,1,1165,-23.56,1,1165,-23.56,1,1165,-23.56,1,1170,-25.11,0.4346,52.06,1,1647258
100.0,0,1,confirm,1.0,165.65,149.65,216.85,38610,51.2,56.3,39292,0.983,1.483,0.074,0.1205,14,0.67,9183,0.9855,1,745,7.11,1,745,7.11,1,745,7.11,1,1006,7.47,0.6198,50.88,3,1653410
100.0,0,-1,confirm,1.0,89.14,73.14,138.73,12266,49.6,10.4,14090,0.871,1.51,0.194,0.4984,17,0.5224,9022,0.9779,1,68,-5.51,1,1382,37.72,1,2166,64.88,1,2291,42.52,0.3313,50.11,14,1692702
100.0,0,1,confirm,1.0,-96.42,-112.42,2.81,12,99.23,96.42,15641,0.001,1.163,0.13,-0.1483,18,0.561,9809,0.9604,1,6763,-35.85,1,7391,-28.91,1,7391,-28.91,1,7490,-33.49,0.8512,50.29,18,1706792
100.0,0,-1,confirm,1.0,-8.11,-24.11,44.22,1051,52.33,8.11,8809,0.119,1.578,0.216,0.1128,22,0.5441,3092,0.9622,1,653,31.05,1,653,31.05,1,653,31.05,1,655,30.65,0.0153,99.2,22,1722433
100.0,0,1,confirm,1.0,-82.22,-98.22,21.11,7419,103.33,82.22,14746,0.503,2.505,0.401,0.3658,2,0.4284,11157,0.9609,1,140,-4.68,1,140,-4.68,1,140,-4.68,1,140,-4.68,0.5843,52.56,0,1731242
100.0,0,-1,fallback,1.0,113.97,97.97,163.68,5012,49.71,18.14,5609,0.894,1.084,0.236,0.2779,6,0.7262,1194,0.963,1,355,-14.36,1,355,-14.36,1,355,-14.36,1,386,-16.46,0.8199,103.11,4,1745988
100.0,0,1,confirm,1.0,-70.43,-86.43,32.78,2849,103.21,70.43,6257,0.455,6.171,0.162,0.2334,7,0.2906,2057,0.8632,1,333,2.23,1,333,2.23,1,2653,20.82,1,635,2.6,0.389,50.53,6,1751597
100.0,0,-1,fallback,1.0,31.04,15.04,81.15,633,50.11,20.06,881,0.719,4.666,0.178,0.4364,8,0.5724,161,0.7555,0,-1,,0,-1,,0,-1,,0,-1,,0.4587,102.87,8,1757854
100.0,0,1,confirm,1.0,3.52,-12.48,53.83,5470,50.31,10.18,7758,0.705,2.105,0.367,0.0255,10,0.4365,4934,0.9389,1,3132,41.24,1,3132,41.24,1,3132,41.24,1,3870,37.36,0.5872,50.52,8,1758735
100.0,0,-1,confirm,1.0,-2.48,-18.48,50.23,10183,52.71,58.09,10228,0.996,3.099,0.159,0.2,13,0.5655,4171,0.965,1,225,-1.81,1,225,-1.81,1,9621,25.18,1,399,-1.94,0.2811,50.04,10,1766493
100.0,0,1,confirm,1.0,38.5,22.5,90.67,2897,52.17,11.59,3189,0.908,0.424,0.136,0.0937,14,0.4334,2766,0.7598,1,1572,30.47,1,1572,30.47,1,1572,30.47,1,1667,26.29,0.5164,52.97,13,1776721
100.0,0,-1,confirm,1.0,1.92,-14.08,52.78,3617,50.86,39.98,5748,0.629,0.737,0.147,-0.2929,15,0.4568,1358,0.8876,1,295,-14.07,1,295,-14.07,1,295,-14.07,1,1947,-1.6,0.2036,51.7,14,1779910
100.0,0,1,confirm,1.0,-1.59,-17.59,50.18,723,51.77,14.07,2967,0.244,1.601,0.225,0.4642,16,0.5023,836,0.8294,1,1431,14.35,1,1431,14.35,1,1431,14.35,1,1459,14.01,0.6641,51.13,16,1785658
100.0,0,-1,confirm,1.0,14.41,-1.59,64.21,7049,49.8,29.85,8102,0.87,0.901,0.356,0.2658,18,0.44,369,0.9481,1,600,-3.46,1,600,-3.46,1,600,-3.46,1,1503,9.48,0.5844,51.51,16,1788625
100.0,0,1,confirm,1.0,61.52,45.52,112.7,23416,51.18,25.77,25944,0.903,1.021,0.209,0.3046,1,0.5694,15895,0.9973,1,61,-5.13,1,12362,32.31,1,12362,32.31,1,16667,33.65,0.3295,50.13,19,1796727
100.0,0,-1,confirm,1.0,2.76,-13.24,53.68,3723,50.92,1.05,4637,0.803,0.502,0.168,0.198,3,0.5184,343,0.9693,1,1022,13.9,1,1022,13.9,1,1022,13.9,1,1023,14.65,0.1104,50.61,2,1822671
100.0,0,1,confirm,1.0,-57.04,-73.04,46.08,7347,103.12,57.04,26544,0.277,5.075,0.547,0.248,5,0.5773,22891,0.9931,1,703,4.9,1,703,4.9,1,703,4.9,1,890,-1.25,0.4996,51.2,3,1827308
100.0,0,-1,fallback,1.0,-33.64,-49.64,16.74,1408,50.38,33.64,2553,0.552,0.967,0.047,-0.332,11,0.0979,792,0.8034,1,737,12.2,0,-1,,0,-1,,0,-1,,0.5904,102.65,10,1853852
100.0,0,1,confirm,1.0,41.74,25.74,92.72,570,50.98,4.06,901,0.633,3.92,0.429,0.5235,11,0.5235,570,0.9304,0,-1,,0,-1,,0,-1,,0,-1,,0.0533,50.46,11,1856405
100.0,0,-1,confirm,1.0,135.27,119.27,189.61,5334,54.34,12.28,5884,0.907,1.831,0.131,0.3764,13,0.3934,4835,0.9045,1,2064,9.22,1,2064,9.22,1,3403,39.11,1,2397,7.33,0.6416,50.51,11,1857306
100.0,0,1,confirm,1.0,-84.31,-100.31,16.94,22,101.24,84.31,615,0.036,1.368,0.106,0.0058,13,0.0612,67,0.5892,1,86,5.29,0,-1,,0,-1,,0,-1,,0.3883,55.39,13,1863190
100.0,0,-1,fallback,1.0,-14.61,-30.61,36.1,294,50.71,14.61,460,0.639,0.929,0.137,0.1663,13,0.3045,65,0.5434,0,-1,,0,-1,,0,-1,,0,-1,,0.4969,101.07,13,1863805
100.0,0,1,confirm,1.0,-99.33,-115.33,5.84,11,105.17,99.33,1686,0.007,0.52,0.013,-0.0973,13,0.0336,1679,0.5695,0,-1,,0,-1,,0,-1,,0,-1,,0.2142,50.9,13,1864265
100.0,0,-1,fallback,1.0,-34.63,-50.63,15.3,81,49.94,34.63,244,0.332,1.302,0.158,0.2012,14,0.2038,85,0.633,0,-1,,0,-1,,0,-1,,0,-1,,0.1076,105.11,14,1865951
100.0,0,1,confirm,1.0,-72.29,-88.29,27.89,787,100.18,72.29,4077,0.193,0.545,0.064,-0.0372,14,0.3691,441,0.801,1,642,9.58,1,642,9.58,1,642,9.58,1,922,2.06,0.2127,50.01,14,1866195
100.0,0,-1,fallback,1.0,38.68,22.68,90.39,2136,51.71,6.08,2576,0.829,0.289,0.029,-0.3148,16,0.5359,857,0.8596,1,1442,57.73,1,1442,57.73,1,1442,57.73,1,1457,62.33,0.3496,99.9,15,1870272
100.0,0,1,confirm,1.0,-75.96,-91.96,23.5,569,99.46,75.96,1992,0.286,1.323,0.117,-0.0072,16,0.0844,165,0.6673,1,195,-8.22,0,-1,,0,-1,,0,-1,,0.4059,52.18,16,1872848
100.0,0,-1,confirm,1.0,20.96,4.96,73.02,275,52.06,14.65,428,0.643,6.663,0.179,0.3788,16,0.5243,226,0.8873,0,-1,,0,-1,,0,-1,,0,-1,,0.5297,99.23,16,1874840
100.0,0,1,confirm,1.0,-82.24,-98.24,17.64,495,99.88,82.24,1589,0.312,0.877,0.047,-0.013,17,0.1043,1382,0.78,1,1428,-41.7,1,1428,-41.7,0,-1,,1,1491,-58.88,0.4529,52.44,16,1875268
100.0,0,-1,confirm,1.0,-31.61,-47.61,19.39,110,51.0,31.61,343,0.321,1.259,0.14,0.2712,17,0.3388,17,0.6391,0,-1,,0,-1,,0,-1,,0,-1,,0.2625,99.71,17,1876857
100.0,0,1,confirm,1.0,-77.98,-93.98,24.99,68,102.97,77.98,1269,0.054,0.436,0.01,-0.2106,17,0.0641,339,0.6024,1,311,3.19,0,-1,,0,-1,,0,-1,,0.048,51.1,17,1877200
100.0,0,-1,fallback,1.0,-37.88,-53.88,12.16,33,50.04,37.88,112,0.295,3.319,0.137,0.3205,17,0.3281,20,0.5839,0,-1,,0,-1,,0,-1,,0,-1,,0.271,102.72,17,1878469
100.0,0,1,confirm,1.0,38.29,22.29,88.88,2132,50.6,15.34,2796,0.763,0.703,0.09,0.0922,18,0.1686,2300,0.5077,1,602,2.02,1,602,2.02,0,-1,,0,-1,,0.4131,50.1,17,1878581
100.0,0,-1,confirm,1.0,-65.85,-81.85,35.46,867,101.31,65.85,5091,0.17,0.848,0.056,0.0489,18,0.4343,2082,0.864,1,613,11.85,1,613,11.85,1,3009,-35.73,1,3377,-22.9,0.1779,50.15,18,1881377
100.0,0,1,fallback,1.0,144.66,128.66,197.66,2969,53.0,4.68,3647,0.814,3.652,0.268,0.1067,20,0.3745,301,0.7508,1,901,99.38,1,901,99.38,1,901,99.38,1,1204,118.61,0.0614,101.67,20,1886468
100.0,0,-1,confirm,1.0,-64.82,-80.82,36.88,604,101.71,64.82,28441,0.021,0.475,0.123,0.4296,21,0.5688,14279,0.9554,1,1019,11.23,1,1019,11.23,1,1019,11.23,1,1148,-1.91,0.3951,51.97,21,1890115
100.0,0,1,fallback,1.0,59.71,43.71,110.52,9978,50.81,0.82,15998,0.624,0.659,0.271,0.1526,7,0.5225,958,0.9491,1,2300,58.9,1,2300,58.9,1,2300,58.9,1,2601,54.65,0.5262,102.08,4,1918556
100.0,0,-1,confirm,1.0,45.0,29.0,94.89,6273,49.89,21.0,6762,0.928,1.983,0.347,0.115,11,0.4626,5474,0.9497,1,139,-1.78,1,139,-1.78,1,1586,-17.54,1,571,-7.52,0.2378,50.25,9,1934554
100.0,0,1,confirm,1.0,7.61,-8.39,59.97,4514,52.36,47.84,4545,0.993,6.65,0.404,0.1466,12,0.4295,4252,0.8877,1,413,-11.34,1,413,-11.34,1,4532,17.35,1,565,-14.24,0.6518,50.37,11,1941316
100.0,0,-1,confirm,1.0,295.72,279.72,345.09,4681,49.37,6.46,4780,0.979,1.456,0.207,0.3376,13,0.4061,3491,0.8943,1,632,4.94,1,632,4.94,1,632,4.94,1,699,4.47,0.1343,52.05,12,1945861
100.0,0,1,confirm,1.0,-99.32,-115.32,0.0,0,99.32,99.32,169,0.0,0.631,0.117,-0.2754,13,-0.2103,164,0.1888,0,-1,,0,-1,,0,-1,,0,-1,,0.4841,51.13,13,1950641
100.0,0,-1,confirm,1.0,96.18,80.18,149.46,364,53.29,0.0,394,0.924,0.778,0.15,0.3199,13,0.4033,15,0.736,0,-1,,0,-1,,0,-1,,0,-1,,0.1888,99.32,13,1950810
100.0,0,1,confirm,1.0,167.98,151.98,219.27,620,51.29,-0.0,710,0.873,0.706,0.113,-0.0342,14,-0.0032,589,0.4292,0,-1,,0,-1,,0,-1,,0,-1,,0.3035,54.1,14,1951204
100.0,0,-1,confirm,1.0,53.86,37.86,105.26,307,51.4,28.6,331,0.927,2.01,0.031,-0.094,14,0.0346,0,0.4645,0,-1,,0,-1,,0,-1,,0,-1,,0.3437,50.19,14,1951914
100.0,0,1,confirm,1.0,24.35,8.35,77.15,235,52.8,35.2,778,0.302,1.086,0.002,0.006,14,0.098,0,0.449,1,165,39.25,0,-1,,0,-1,,0,-1,,0.044,51.94,14,1952245
100.0,0,-1,confirm,1.0,-91.14,-107.14,11.47,101,102.61,91.14,163,0.62,0.866,0.057,0.2539,14,0.2571,59,0.2243,1,155,-64.22,1,155,-64.22,1,155,-64.22,0,-1,,0.1842,52.4,14,1953023
100.0,0,1,fallback,1.0,59.55,43.55,112.29,34,52.74,-0.0,57,0.596,6.641,0.147,0.0858,14,0.1292,7,0.5192,0,-1,,0,-1,,0,-1,,0,-1,,0.2191,102.73,14,1953186
100.0,0,-1,confirm,1.0,82.25,66.25,132.5,796,50.24,0.0,982,0.811,0.561,0.081,0.0832,14,0.1673,582,0.5858,1,968,96.78,1,968,96.78,0,-1,,0,-1,,0.2041,52.16,14,1953243
100.0,0,1,confirm,1.0,-77.57,-93.57,22.58,90,100.15,77.57,766,0.117,1.958,0.043,0.0083,14,0.0399,55,0.2509,0,-1,,0,-1,,0,-1,,0,-1,,0.0018,50.92,14,1954225
100.0,0,-1,fallback,1.0,-28.96,-44.96,22.14,9,51.1,28.96,114,0.079,1.321,0.157,0.151,15,0.1557,12,0.2254,0,-1,,0,-1,,0,-1,,0,-1,,0.2415,99.92,15,1954991
100.0,0,1,confirm,1.0,-21.57,-37.57,30.16,1878,51.73,81.71,2097,0.896,1.589,0.078,0.2604,15,0.276,1779,0.6807,1,591,-50.09,1,1707,-34.33,0,-1,,0,-1,,0.2254,51.21,15,1955105
100.0,0,-1,confirm,1.0,-85.2,-101.2,25.92,191,111.11,85.2,1613,0.118,0.956,0.053,-0.1295,15,0.1264,488,0.6361,1,636,-17.9,1,636,-17.9,0,-1,,1,789,-19.18,0.3371,51.57,15,1957202
100.0,0,1,fallback,1.0,1.85,-14.15,53.8,248,51.94,30.85,310,0.8,3.261,0.133,0.073,16,0.1068,26,0.6667,1,83,-18.76,1,83,-18.76,0,-1,,0,-1,,0.3789,111.4,16,1958815
100.0,0,-1,confirm,1.0,47.92,31.92,101.72,3282,53.8,15.44,3548,0.925,1.07,0.058,0.0855,17,0.3443,2058,0.7691,1,2658,79.96,1,2658,79.96,1,2658,79.96,1,2700,83.3,0.1156,51.67,16,1959125
100.0,0,1,confirm,1.0,4.92,-11.08,55.48,3005,50.56,23.75,3707,0.811,2.029,0.163,-0.1476,18,0.2528,690,0.744,1,1036,4.32,1,1036,4.32,1,1036,4.32,1,1280,13.22,0.4397,54.35,17,1962673
100.0,0,-1,confirm,1.0,2.31,-13.69,52.53,4258,50.22,43.59,6479,0.657,3.046,0.061,0.1423,19,0.3781,5733,0.8843,1,57,7.38,1,4238,30.85,1,4238,30.85,0,-1,,0.1071,50.28,18,1966380
100.0,0,1,confirm,1.0,76.51,60.51,128.2,7051,51.69,22.35,7757,0.909,2.161,0.362,0.186,21,0.4548,3092,0.982,1,605,22.38,1,605,22.38,1,3436,-12.96,1,1070,20.69,0.4642,50.49,20,1972859
100.0,0,-1,confirm,1.0,196.53,180.53,246.25,14784,49.72,43.31,14816,0.998,2.432,0.259,0.4163,2,0.551,8760,0.9266,1,2147,12.35,1,2147,12.35,1,2147,12.35,1,2854,10.68,0.0451,51.03,22,1980616
100.0,0,1,confirm,1.0,-8.5,-24.5,41.84,884,50.34,67.3,970,0.911,0.509,0.161,0.1127,2,0.2092,958,0.5498,0,-1,,0,-1,,0,-1,,0,-1,,0.5791,50.97,2,1995432
100.0,0,-1,confirm,1.0,9.67,-6.33,62.55,1733,52.88,52.51,1867,0.928,1.632,0.082,0.0176,3,0.3909,1185,0.9305,1,1326,29.34,1,1326,29.34,1,1326,29.34,1,1526,25.25,0.2588,50.13,2,1996402
100.0,0,1,confirm,1.0,218.36,202.36,269.98,4387,51.62,11.84,4924,0.891,3.246,0.179,0.2301,4,0.3356,1392,0.8682,1,1005,44.76,1,1005,44.76,1,1005,44.76,0,-1,,0.2212,53.21,3,1998269
100.0,0,-1,confirm,1.0,-67.8,-83.8,36.81,5841,104.61,67.8,7970,0.733,1.489,0.173,-0.3233,6,0.5513,7666,0.9329,1,223,-15.4,1,223,-15.4,1,5017,8.1,1,1260,-2.33,0.2878,50.26,4,2003193
100.0,0,1,fallback,1.0,18.18,2.18,68.91,3667,50.73,35.85,4941,0.742,1.062,0.108,0.4458,7,0.4547,3885,0.9646,1,1616,-1.05,1,1616,-1.05,1,1616,-1.05,1,1724,5.58,0.6475,104.99,6,2011163
100.0,0,-1,confirm,1.0,148.65,132.65,199.23,10617,50.58,0.65,11004,0.965,0.778,0.104,0.3899,10,0.5218,10898,0.9482,1,959,29.48,1,959,29.48,1,959,29.48,1,983,25.48,0.5079,50.38,8,2016104
100.0,0,1,confirm,1.0,24.41,8.41,75.7,5335,51.29,44.18,5482,0.973,1.741,0.225,0.3369,12,0.3369,5335,0.8846,1,2138,-18.52,1,2138,-18.52,1,2138,-18.52,1,2176,-24.83,0.6303,51.61,11,2027108
100.0,0,-1,confirm,1.0,71.18,55.18,120.78,448,49.59,0.0,546,0.821,2.537,0.282,0.3221,12,0.3371,453,0.7055,0,-1,,0,-1,,0,-1,,0,-1,,0.5188,50.9,12,2032590
100.0,0,1,confirm,1.0,1.02,-14.98,53.44,36,52.41,-0.0,162,0.222,1.675,0.039,-0.1901,12,-0.1005,158,0.3438,0,-1,,0,-1,,0,-1,,0,-1,,0.7022,50.2,12,2033136
100.0,0,-1,confirm,1.0,2.81,-13.19,53.6,1367,50.78,21.34,1480,0.924,1.436,0.115,0.2481,13,0.4212,1027,0.8908,1,318,-6.83,1,318,-6.83,0,-1,,0,-1,,0.1555,52.14,12,2033298
100.0,0,1,confirm,1.0,-96.9,-112.9,2.22,1,99.13,96.9,390,0.003,1.282,0.036,-0.1806,13,-0.16,154,0.3741,0,-1,,0,-1,,0,-1,,0,-1,,0.1782,51.06,13,2034778
100.0,0,-1,confirm,1.0,-22.81,-38.81,28.32,3,51.13,22.81,35,0.086,4.811,0.16,0.1848,13,0.2095,0,0.1412,0,-1,,0,-1,,0,-1,,0,-1,,0.1712,99.1,13,2035168
100.0,0,1,confirm,1.0,195.7,179.7,250.44,2416,54.75,7.84,2510,0.963,1.158,0.175,0.287,14,0.2941,2329,0.7196,0,-1,,0,-1,,0,-1,,0,-1,,0.1079,51.28,13,2035203
100.0,0,-1,confirm,1.0,18.68,2.68,68.37,2341,49.69,46.84,2823,0.829,1.94,0.143,0.2695,14,0.3011,2519,0.6745,0,-1,,0,-1,,0,-1,,0,-1,,0.2878,53.41,14,2037713
100.0,0,1,confirm,1.0,-12.29,-28.29,38.61,1260,50.9,77.52,1411,0.893,3.683,0.175,0.2522,15,0.2657,1354,0.6427,1,401,-66.05,1,401,-66.05,0,-1,,0,-1,,0.5925,50.03,14,2040536
100.0,0,-1,confirm,1.0,-97.49,-113.49,3.57,28,101.06,97.49,870,0.032,0.747,0.029,-0.2181,15,-0.1073,449,0.3606,0,-1,,0,-1,,0,-1,,0,-1,,0.6234,50.7,15,2041947
100.0,0,1,fallback,1.0,-28.36,-44.36,22.66,813,51.02,39.29,1450,0.561,1.263,0.103,0.2182,15,0.3153,1113,0.824,1,555,-24.82,1,555,-24.82,1,555,-24.82,0,-1,,0.1851,101.1,15,2042817
100.0,0,-1,confirm,1.0,-13.62,-29.62,36.88,1819,50.5,63.76,2622,0.694,3.502,0.129,0.0075,16,0.2156,1302,0.7854,1,522,-23.54,1,522,-23.54,1,1615,-1.33,1,586,-63.76,0.7275,50.91,15,2044267
100.0,0,1,confirm,1.0,-81.91,-97.91,17.73,49,99.64,81.91,6944,0.007,2.329,0.214,0.3324,16,0.4914,5270,0.9454,1,592,-34.51,1,592,-34.51,1,592,-34.51,1,914,-24.54,0.2339,50.69,16,2046889
100.0,0,-1,confirm,1.0,-16.34,-32.34,34.92,1637,51.26,17.0,2265,0.723,1.952,0.097,0.2549,18,0.5546,0,0.8836,1,419,-4.3,1,419,-4.3,1,419,-4.3,1,497,-0.47,0.3354,99.46,18,2053833
100.0,0,1,confirm,1.0,1.67,-14.33,53.27,18161,51.6,48.77,19543,0.929,4.562,0.161,0.3766,0,0.8112,11866,0.9877,1,1742,6.01,1,1742,6.01,1,1742,6.01,1,3710,-28.06,0.6122,51.44,19,2056098
100.0,0,-1,confirm,1.0,-100.92,-116.92,1.97,7,102.89,100.92,22429,0.0,0.357,0.441,0.2588,0,0.7702,20636,0.9883,1,129,-4.51,1,129,-4.51,1,129,-4.51,1,129,-4.51,0.6071,51.33,0,2075641
100.0,0,1,fallback,1.0,-36.99,-52.99,13.49,4090,50.48,36.99,16765,0.244,4.384,0.32,-0.3026,7,0.7668,5135,0.988,1,600,-21.06,1,600,-21.06,1,600,-21.06,1,600,-21.06,0.2788,102.91,6,2098070
100.0,0,-1,confirm,1.0,-91.01,-107.01,11.57,642,102.58,91.01,13419,0.048,1.841,0.206,0.4781,11,0.7291,2831,0.9821,1,1105,-24.45,1,1105,-24.45,1,1105,-24.45,1,1140,-15.3,0.3479,50.41,11,2114835
100.0,0,1,fallback,1.0,-29.82,-45.82,20.39,1640,50.21,29.82,6686,0.245,3.194,0.256,0.0953,15,0.459,0,0.9687,1,600,-8.17,1,600,-8.17,1,600,-8.17,1,706,-14.33,0.923,102.7,15,2128254
100.0,0,-1,confirm,1.0,39.64,23.64,90.39,9321,50.74,3.27,15056,0.619,1.618,0.141,0.2994,19,0.5742,13660,0.9841,1,555,12.32,1,555,12.32,1,555,12.32,1,615,11.25,0.2887,50.11,17,2134940
100.0,0,1,confirm,1.0,-88.41,-104.41,14.37,1049,102.78,88.41,3807,0.276,0.742,0.316,0.0558,21,0.518,836,0.9546,1,1076,11.06,1,1076,11.06,1,1076,11.06,1,1262,10.73,0.3035,51.21,21,2149996
100.0,0,-1,fallback,1.0,-51.66,-67.66,0.84,1,52.51,51.66,742,0.001,5.316,0.35,0.5827,22,0.5836,0,0.6453,1,545,-32.16,1,545,-32.16,1,545,-32.16,1,589,-36.51,0.414,102.63,22,2153803
100.0,0,1,confirm,1.0,10.68,-5.32,62.21,36581,51.52,66.54,41584,0.88,5.86,0.517,0.4583,8,0.8338,13661,0.9987,1,124,2.54,1,124,2.54,1,124,2.54,1,139,1.02,0.4931,52.51,22,2154545
100.0,0,-1,confirm,1.0,109.8,93.8,160.02,35142,50.22,33.27,36502,0.963,5.51,0.284,0.3299,19,0.7417,18410,0.9915,1,722,-6.78,1,722,-6.78,1,722,-6.78,1,761,-5.55,0.6085,51.2,10,2196129
100.0,0,1,confirm,1.0,4.09,-11.91,54.79,6819,50.7,40.33,7482,0.911,3.317,0.245,0.1283,22,0.5556,3614,0.9759,1,926,19.87,1,926,19.87,1,926,19.87,1,2699,14.5,0.5218,51.04,20,2232631
100.0,0,-1,confirm,1.0,17.44,1.44,67.19,344,49.74,5.87,476,0.723,2.913,0.196,0.4743,22,0.5249,253,0.8844,1,181,9.56,0,-1,,0,-1,,0,-1,,0.2388,50.42,22,2240113
100.0,0,1,confirm,1.0,-97.74,-113.74,4.37,87,102.11,97.74,1830,0.048,0.423,0.043,-0.2468,22,0.1144,468,0.903,1,598,-32.61,1,598,-32.61,0,-1,,1,601,-32.61,0.4594,50.08,22,2240589
100.0,0,-1,fallback,1.0,-50.85,-66.85,-0.0,0,50.85,50.85,464,0.0,5.32,0.101,0.5101,22,0.5101,0,0.6583,0,-1,,0,-1,,0,-1,,0,-1,,0.621,102.06,22,2242419
100.0,0,1,confirm,1.0,56.73,40.73,107.39,2249,50.66,4.79,3523,0.638,1.736,0.194,0.3366,23,0.3647,199,0.958,1,750,17.21,1,750,17.21,1,750,17.21,1,811,8.42,0.6583,50.85,23,2242883
100.0,0,-1,confirm,1.0,39.64,23.64,91.35,2265,51.72,24.52,2477,0.914,2.83,0.115,0.3944,0,0.5861,0,0.8531,1,698,0.34,1,698,0.34,1,698,0.34,1,773,-18.81,0.7907,50.13,0,2246406
100.0,0,1,confirm,1.0,11.2,-4.8,65.42,1076,54.22,22.59,2160,0.498,2.289,0.233,0.1311,0,0.2846,530,0.8453,1,1127,62.04,1,1127,62.04,1,1127,62.04,1,2154,19.22,0.6297,52.2,0,2248883
100.0,0,-1,confirm,1.0,28.14,12.14,79.56,3392,51.41,32.94,3554,0.954,4.972,0.335,0.2832,2,0.5828,2561,0.8964,1,606,4.78,1,606,4.78,1,606,4.78,1,745,13.87,0.1391,53.87,1,2251043
100.0,0,1,confirm,1.0,117.46,101.46,168.56,4416,51.1,15.08,4921,0.897,1.086,0.185,0.2443,3,0.5643,1294,0.8814,1,2019,83.55,1,2019,83.55,1,2019,83.55,1,2295,84.18,0.3949,51.83,2,2254597
100.0,0,-1,confirm,1.0,36.18,20.18,85.93,5658,49.74,28.25,5922,0.955,3.957,0.219,0.3679,5,0.6295,4591,0.9347,1,183,3.74,1,183,3.74,1,1696,-5.2,1,443,-4.44,0.2304,50.25,3,2259518
100.0,0,1,confirm,1.0,57.89,41.89,109.1,3700,51.21,19.43,6203,0.596,1.628,0.206,0.0073,6,0.5226,336,0.9291,1,1506,13.07,1,1506,13.07,1,1506,13.07,1,1602,22.78,0.506,50.17,5,2265440
100.0,0,-1,confirm,1.0,20.41,4.41,73.36,18038,52.95,46.04,18091,0.997,5.536,0.136,0.0886,12,0.6868,134,0.9761,1,2345,-12.64,1,2345,-12.64,1,2345,-12.64,1,3021,-12.74,0.1869,50.66,7,2271643
100.0,0,1,confirm,1.0,85.28,69.28,137.45,348,52.17,5.51,478,0.728,2.417,0.141,0.3094,12,0.3262,306,0.7253,0,-1,,0,-1,,0,-1,,0,-1,,0.4926,53.34,12,2289734
100.0,0,-1,confirm,1.0,55.05,39.05,104.58,2515,49.53,59.03,3144,0.8,1.287,0.075,-0.0731,12,0.3091,1371,0.8864,1,517,-48.94,1,2320,77.77,1,2320,77.77,1,2420,85.71,0.5893,51.46,12,2290212
100.0,0,1,confirm,1.0,-58.79,-74.79,41.39,611,100.18,58.79,2210,0.276,1.557,0.191,0.4727,13,0.5233,227,0.8713,1,1496,-20.8,1,1496,-20.8,1,1496,-20.8,0,-1,,0.5727,50.06,13,2293356
100.0,0,-1,confirm,1.0,68.97,52.97,120.86,2171,51.89,11.05,2740,0.792,1.149,0.083,0.1563,14,0.3535,427,0.6412,1,1026,61.8,1,1026,61.8,1,1026,61.8,1,1127,46.77,0.4587,99.77,13,2295566
100.0,0,1,confirm,1.0,7.7,-8.3,63.04,544,55.34,0.93,1110,0.49,1.558,0.146,0.1312,14,0.1925,344,0.6156,1,1006,31.32,1,1006,31.32,0,-1,,1,1102,19.47,0.3204,52.53,14,2298306
100.0,0,-1,confirm,1.0,-3.64,-19.64,46.17,1732,49.81,40.89,2138,0.81,0.52,0.102,0.2758,15,0.4098,1270,0.7537,0,-1,,0,-1,,0,-1,,0,-1,,0.2523,54.99,14,2299416
100.0,0,1,confirm,1.0,44.27,28.27,95.41,1899,51.14,42.65,3966,0.479,0.65,0.082,0.0295,15,0.2637,1016,0.7195,1,1606,70.39,1,1606,70.39,1,1606,70.39,1,2312,73.19,0.401,50.04,15,2301554
100.0,0,-1,confirm,1.0,-89.31,-105.31,12.03,192,101.34,89.31,2385,0.081,0.82,0.21,0.1919,16,0.315,909,0.8682,1,426,0.28,1,426,0.28,1,426,0.28,1,435,1.21,0.2109,50.66,16,2305520
100.0,0,1,fallback,1.0,29.07,13.07,79.91,1555,50.84,3.49,3302,0.471,1.557,0.05,0.1153,17,0.6772,662,0.9281,1,1770,52.5,1,1770,52.5,1,1770,52.5,1,1798,48.0,0.5895,101.46,17,2307905
100.0,0,-1,confirm,1.0,60.3,44.3,110.0,23522,49.7,36.61,26794,0.878,2.411,0.439,0.4282,0,0.5818,23091,0.9799,1,105,-7.29,1,105,-7.29,1,637,-22.53,1,754,-22.48,0.4027,50.44,18,2311207
100.0,0,1,confirm,1.0,-91.6,-107.6,8.16,292,99.76,91.6,9814,0.03,1.258,0.202,0.4279,1,0.5515,3695,0.9927,1,673,-13.03,1,673,-13.03,1,673,-13.03,1,704,-19.66,0.6839,50.25,1,2338001
100.0,0,-1,confirm,1.0,-34.73,-50.73,15.21,5154,49.94,41.98,6561,0.786,0.705,0.226,-0.1251,5,0.823,2678,0.9542,1,235,-16.58,1,235,-16.58,1,235,-16.58,1,423,-8.84,0.5127,99.68,4,2347815
100.0,0,1,confirm,1.0,-91.49,-107.49,9.39,1813,100.88,91.49,21768,0.083,0.374,0.274,-0.0483,6,0.4412,18975,0.9659,1,1264,-22.4,1,1264,-22.4,1,1264,-22.4,1,1268,-22.99,0.6746,50.01,5,2354376
100.0,0,-1,fallback,1.0,79.36,63.36,131.83,3625,52.47,1.15,3946,0.919,1.124,0.152,0.3564,13,0.6976,1399,0.9456,1,533,6.74,1,533,6.74,1,533,6.74,1,627,2.21,0.5418,100.78,12,2376144
100.0,0,1,confirm,1.0,57.5,41.5,108.12,3285,50.61,69.2,3388,0.97,2.232,0.146,0.1703,14,0.3605,950,0.8648,1,148,-8.52,1,1442,-37.67,1,1442,-37.67,1,1454,-42.18,0.4502,53.17,13,2380090
100.0,0,-1,confirm,1.0,14.11,-1.89,66.57,2062,52.46,28.37,2404,0.858,1.95,0.205,0.2965,14,0.3176,2031,0.7774,0,-1,,0,-1,,0,-1,,0,-1,,0.2255,50.07,14,2383478
100.0,0,1,confirm,1.0,-93.05,-109.05,6.28,8,99.33,93.05,1168,0.007,1.13,0.041,-0.1458,14,0.0148,444,0.684,0,-1,,0,-1,,0,-1,,0,-1,,0.3164,52.81,14,2385882
100.0,0,-1,confirm,1.0,-25.37,-41.37,25.19,145,50.56,25.37,2394,0.061,1.739,0.117,0.3003,15,0.3226,314,0.7473,1,745,6.2,1,745,6.2,1,745,6.2,1,1310,-17.14,0.6522,99.26,15,2387050
100.0,0,1,confirm,1.0,0.69,-15.31,51.29,130,50.6,8.89,480,0.271,6.2,0.265,0.062,15,0.2478,83,0.5583,1,373,8.89,1,373,8.89,1,373,8.89,0,-1,,0.4002,50.69,15,2389444
100.0,0,-1,confirm,1.0,-60.85,-76.85,41.75,2532,102.6,60.85,15505,0.163,3.538,0.158,0.2657,16,0.3951,6975,0.916,1,223,-7.84,1,874,-16.51,1,2530,37.61,1,3727,4.23,0.0045,50.34,15,2389924
100.0,0,1,fallback,1.0,-47.81,-63.81,3.23,10,51.04,47.81,3615,0.003,1.022,0.18,-0.0614,20,0.3584,3056,0.8808,1,3211,-21.4,1,3211,-21.4,1,3211,-21.4,1,3267,-21.64,0.6701,103.03,20,2405429
100.0,0,-1,confirm,1.0,79.65,63.65,130.73,14561,51.08,37.88,14594,0.998,6.563,0.262,0.5388,1,0.7472,8658,0.956,1,396,-6.39,1,396,-6.39,1,396,-6.39,1,1250,-9.18,0.361,51.02,21,2409044
100.0,0,1,confirm,1.0,101.87,85.87,152.65,1902,50.78,12.24,3120,0.61,0.677,0.155,0.2505,1,0.4404,1509,0.8736,1,600,31.66,0,-1,,0,-1,,0,-1,,0.6514,51.76,1,2423638
100.0,0,-1,confirm,1.0,-97.66,-113.66,5.63,18,103.29,97.66,6518,0.003,1.15,0.202,-0.2918,2,0.5658,4654,0.8853,1,1101,-46.34,1,2536,-72.76,1,5166,-29.3,1,2536,-72.76,0.0982,50.02,2,2426758
100.0,0,1,fallback,1.0,-19.18,-35.18,31.0,3111,50.17,35.64,5963,0.522,3.674,0.313,0.3322,4,0.3727,1,0.9461,1,601,-27.39,1,601,-27.39,1,601,-27.39,1,855,-24.85,0.5533,103.35,3,2433276
100.0,0,-1,confirm,1.0,60.7,44.7,111.49,10801,50.79,7.58,12015,0.899,4.212,0.185,0.3345,8,0.632,1829,0.951,1,950,-1.63,1,950,-1.63,1,950,-1.63,1,3540,57.81,0.7839,50.02,5,2439239
100.0,0,1,confirm,1.0,-1.41,-17.41,49.23,793,50.64,1.41,4591,0.173,2.221,0.229,0.1714,9,0.4903,232,0.9714,1,1347,31.42,1,1347,31.42,1,1347,31.42,1,1551,25.43,0.6803,51.36,8,2451254
100.0,0,-1,confirm,1.0,29.29,13.29,79.3,9503,50.0,0.99,10201,0.932,1.063,0.109,0.1908,12,0.5937,6399,0.9628,1,1375,8.47,1,1375,8.47,1,1375,8.47,1,1375,8.47,0.7967,50.39,10,2455845
100.0,0,1,confirm,1.0,199.59,183.59,251.11,4792,51.52,3.07,5225,0.917,0.458,0.122,0.163,14,0.4851,1450,0.9872,0,-1,,0,-1,,0,-1,,0,-1,,0.1658,50.4,13,2466046
100.0,0,-1,confirm,1.0,12.04,-3.96,61.88,1124,49.84,7.59,1509,0.745,2.18,0.099,-0.3077,14,-0.1034,693,0.6382,0,-1,,0,-1,,0,-1,,0,-1,,0.3198,50.26,14,2471271
100.0,0,1,confirm,1.0,86.25,70.25,137.06,1863,50.81,33.5,2530,0.736,5.203,0.25,0.5844,15,0.6653,1805,0.8824,1,304,-28.78,1,304,-28.78,1,304,-28.78,1,2419,91.76,0.1821,50.15,14,2472780
100.0,0,-1,confirm,1.0,23.42,7.42,74.0,5458,50.58,7.35,6308,0.865,2.295,0.128,0.3077,17,0.4086,4943,0.9197,1,495,-0.98,1,495,-0.98,1,495,-0.98,1,743,-1.81,0.5514,50.13,15,2475310
100.0,0,1,confirm,1.0,146.65,130.65,206.68,18067,60.03,35.94,18108,0.998,6.012,0.642,0.2819,22,0.5995,15495,0.9578,1,786,1.33,1,786,1.33,1,786,1.33,1,972,12.65,0.5821,50.95,17,2481618
100.0,0,-1,confirm,1.0,177.99,161.99,227.19,8472,49.2,33.39,10276,0.824,0.823,0.207,-0.3773,0,0.5458,3002,0.9558,1,1125,77.97,1,1125,77.97,1,1125,77.97,1,1196,70.68,0.4017,58.81,22,2499726
100.0,0,1,confirm,1.0,21.32,5.32,72.81,1638,51.49,7.89,3441,0.476,2.372,0.157,0.1146,1,0.548,1126,0.9878,1,1993,55.86,1,1993,55.86,1,1993,55.86,1,2233,44.76,0.8809,50.34,1,2510002
100.0,0,-1,confirm,1.0,-103.04,-119.04,-0.0,0,103.04,103.04,4629,0.0,0.97,0.158,0.2097,2,0.5186,3749,0.9337,1,321,-40.04,1,321,-40.04,1,321,-40.04,1,485,-31.49,0.3631,51.11,2,2513443
100.0,0,1,fallback,1.0,29.79,13.79,80.43,1773,50.64,24.74,3624,0.489,1.284,0.237,0.3493,3,0.5197,57,0.9072,1,606,-7.82,1,606,-7.82,1,606,-7.82,1,637,3.63,0.8614,103.04,3,2518072
100.0,0,-1,confirm,1.0,67.31,51.31,116.87,12566,49.56,12.03,14690,0.855,0.92,0.023,0.0124,7,0.6902,9407,0.9705,1,97,-6.71,1,97,-6.71,1,97,-6.71,1,1533,-10.63,0.0599,50.24,4,2521696
100.0,0,1,confirm,1.0,79.96,63.96,131.05,4179,51.09,5.44,4412,0.947,2.85,0.202,0.2171,9,0.6006,487,0.983,1,1415,19.6,1,1415,19.6,1,1415,19.6,1,1434,17.32,0.4872,50.14,8,2536386
100.0,0,-1,confirm,1.0,-99.05,-115.05,3.3,2,102.35,99.05,9803,0.0,0.231,0.024,-0.0908,9,0.4008,9531,0.8935,1,1210,-38.37,1,1210,-38.37,1,6628,-62.67,1,1433,-35.32,0.2079,50.43,9,2540798
100.0,0,1,fallback,1.0,-38.74,-54.74,12.77,71,51.51,38.74,224,0.317,2.936,0.193,0.2947,12,0.3136,1,0.7212,0,-1,,0,-1,,0,-1,,0,-1,,0.0792,102.39,12,2550601
100.0,0,-1,confirm,1.0,-92.99,-108.99,8.89,37,101.88,92.99,2954,0.013,0.912,0.0,-0.1529,12,0.2034,677,0.9065,1,566,-15.23,1,678,-23.77,1,678,-23.77,1,678,-23.77,0.324,51.45,12,2550825
100.0,0,1,fallback,1.0,-26.99,-42.99,23.96,133,50.95,26.99,376,0.354,3.162,0.219,0.4055,13,0.4055,133,0.7373,0,-1,,0,-1,,0,-1,,0,-1,,0.2728,101.97,13,2553779
100.0,0,-1,confirm,1.0,-81.75,-97.75,19.43,71,101.18,81.75,2659,0.027,1.106,0.1,-0.2465,13,0.177,2581,0.5938,1,1788,-48.63,1,1788,-48.63,0,-1,,1,2655,-80.12,0.7274,50.83,13,2554155
100.0,0,1,fallback,1.0,-46.96,-62.96,6.43,164,53.39,46.96,333,0.492,0.483,0.137,0.2044,14,0.2221,36,0.7567,1,233,-20.12,1,233,-20.12,1,233,-20.12,0,-1,,0.2583,101.37,14,2556814
100.0,0,-1,confirm,1.0,26.29,10.29,76.55,1378,50.26,2.69,1940,0.71,2.052,0.142,0.2235,14,0.4326,499,0.789,0,-1,,0,-1,,0,-1,,0,-1,,0.314,53.36,14,2557147
100.0,0,1,confirm,1.0,-83.35,-99.35,20.58,2253,103.93,83.35,5755,0.391,2.538,0.178,0.1963,15,0.3497,4269,0.9334,1,475,-7.37,1,475,-7.37,1,1610,-29.73,1,644,-0.88,0.4641,50.65,14,2559087
100.0,0,-1,fallback,1.0,-43.12,-59.12,7.05,119,50.17,43.12,1078,0.11,2.972,0.232,0.0331,16,0.1303,0,0.7538,1,84,-4.88,1,84,-4.88,0,-1,,1,582,-16.15,0.285,103.71,16,2564842
100.0,0,1,confirm,1.0,29.97,13.97,81.55,2274,51.58,2.44,8647,0.263,5.124,0.266,0.5513,17,0.6403,4976,0.9675,1,1856,56.4,1,1856,56.4,1,1856,56.4,1,1872,57.88,0.066,50.2,16,2565920
