theta,registry,side,kind,grid_s,gross_bp,net_real_bp,peak_fav_bp,t_peak_c,giveback_bp,max_adv_bp,dur_c,frac_peak,clmx60_pk,er600_pk,slean_pk,hod_pk,slmax,t_slmax_c,slmax60,r8_a05x0_trig,r8_a05x0_t_c,r8_a05x0_gx,r8_a10x0_trig,r8_a10x0_t_c,r8_a10x0_gx,r8_a20x0_trig,r8_a20x0_t_c,r8_a20x0_gx,r8_a10xm10_trig,r8_a10xm10_t_c,r8_a10xm10_gx,dive_depth,lag_bp,hod_entry,entry_idx
80.0,1,1,fallback,1.0,-9.82,-25.82,31.93,359,41.75,12.28,596,0.602,0.732,0.157,0.4389,0,0.4504,404,0.643,0,-1,,0,-1,,0,-1,,0,-1,,0.2739,80.87,0,820
80.0,1,-1,confirm,1.0,-72.93,-88.93,8.19,460,81.12,72.93,3803,0.121,0.355,0.149,0.1672,0,0.309,1858,0.9412,1,502,-11.47,1,502,-11.47,1,2042,-32.78,1,585,-22.94,0.4934,41.62,0,1416
80.0,1,1,fallback,1.0,-19.52,-35.52,21.15,230,40.67,19.52,520,0.442,3.229,0.264,0.1221,1,0.2126,172,0.8803,1,300,11.39,1,300,11.39,1,300,11.39,1,398,-2.44,0.206,81.19,1,5219
80.0,1,-1,confirm,1.0,30.16,14.16,70.1,801,39.94,0.0,951,0.842,0.945,0.11,-0.0427,1,0.2869,29,0.8998,1,603,52.98,1,603,52.98,1,603,52.98,1,629,54.61,0.0238,40.59,1,5739
80.0,1,1,confirm,1.0,-46.6,-62.6,34.34,155,80.94,46.6,2452,0.063,0.597,0.145,0.1036,1,0.1315,175,0.9218,1,257,8.18,1,257,8.18,0,-1,,1,643,-8.99,0.0822,40.22,1,6690
80.0,1,-1,fallback,1.0,-39.43,-55.43,0.82,1,40.25,39.43,443,0.002,1.543,0.082,0.2761,2,0.2865,3,0.9685,1,92,-12.32,1,92,-12.32,1,92,-12.32,1,121,-13.96,0.4069,80.66,2,9142
80.0,1,1,confirm,1.0,-68.72,-84.72,11.45,93,80.18,68.72,2448,0.038,0.977,0.13,-0.0298,2,0.3921,1659,0.9811,1,161,9.0,1,985,-19.64,1,1978,-30.27,1,2344,-65.45,0.9685,40.25,2,9585
80.0,1,-1,fallback,1.0,158.99,142.99,198.53,1818,39.54,18.12,1844,0.986,1.764,0.135,0.18,3,0.2976,363,0.8218,1,638,18.95,1,638,18.95,1,638,18.95,0,-1,,0.1176,80.08,3,12033
80.0,1,1,confirm,1.0,109.66,93.66,152.35,806,42.69,15.9,994,0.811,1.855,0.191,-0.0258,4,0.1282,622,0.726,1,789,131.42,1,789,131.42,0,-1,,0,-1,,0.3175,40.34,3,13877
80.0,1,-1,confirm,1.0,-69.55,-85.55,13.25,49,82.8,69.55,1124,0.044,0.761,0.111,-0.0198,4,-0.0116,276,0.4985,0,-1,,0,-1,,0,-1,,0,-1,,0.2009,42.05,4,14871
80.0,1,1,fallback,1.0,-37.0,-53.0,3.29,4,40.29,37.0,242,0.017,1.808,0.104,0.069,4,0.1172,122,0.5786,1,241,-36.18,1,241,-36.18,0,-1,,0,-1,,0.405,82.91,4,15995
80.0,1,-1,confirm,1.0,-50.35,-66.35,32.19,376,82.54,50.35,1588,0.237,1.029,0.186,0.172,4,0.2561,459,0.8457,1,625,-14.86,1,625,-14.86,1,625,-14.86,0,-1,,0.1264,40.28,4,16237
80.0,1,1,fallback,1.0,84.59,68.59,125.65,1039,41.06,12.32,1787,0.581,1.046,0.084,0.1034,5,0.2471,424,0.8624,1,827,101.01,1,827,101.01,1,827,101.01,1,1594,98.55,0.4626,82.8,4,17825
80.0,1,-1,confirm,1.0,-54.56,-70.56,26.06,305,80.62,54.56,1698,0.18,0.609,0.186,0.3188,5,0.3298,277,0.8832,1,834,-12.21,1,834,-12.21,1,834,-12.21,1,837,-13.03,0.3843,40.55,5,19612
80.0,1,1,fallback,1.0,54.26,38.26,95.57,2730,41.31,24.3,3035,0.9,1.188,0.131,0.403,6,0.4181,2786,0.9045,1,398,-17.82,1,398,-17.82,0,-1,,1,484,-18.63,0.2732,80.83,5,21310
80.0,1,-1,confirm,1.0,-50.75,-66.75,30.61,961,81.36,50.75,1868,0.514,1.646,0.174,0.019,7,0.1,695,0.8657,1,783,22.56,0,-1,,0,-1,,0,-1,,0.4861,40.91,6,24345
80.0,1,1,fallback,1.0,-30.46,-46.46,10.42,105,40.88,30.46,501,0.21,1.015,0.214,0.4171,7,0.5774,1,0.8454,0,-1,,0,-1,,0,-1,,0,-1,,0.3907,81.61,7,26213
80.0,1,-1,confirm,1.0,0.8,-15.2,42.61,2582,41.8,26.53,4091,0.631,0.527,0.184,0.3378,8,0.4136,2728,0.9416,1,149,-11.25,1,1588,-15.27,1,1588,-15.27,1,2032,2.41,0.0851,40.83,7,26714
80.0,1,1,confirm,1.0,-64.32,-80.32,15.28,1036,79.59,64.32,4487,0.231,1.778,0.159,0.1737,8,0.3328,0,0.8944,1,781,-29.75,1,781,-29.75,1,781,-29.75,1,1631,-6.43,0.1075,41.98,8,30805
80.0,1,-1,confirm,1.0,-38.03,-54.03,4.05,25,42.08,38.03,113,0.221,1.286,0.103,-0.1102,9,-0.1057,17,0.5631,0,-1,,0,-1,,0,-1,,0,-1,,0.7015,79.47,9,35292
80.0,1,1,confirm,1.0,-42.72,-58.72,37.08,165,79.81,42.72,7235,0.023,0.145,0.152,0.5342,9,0.5608,43,0.985,1,688,-8.87,1,688,-8.87,1,688,-8.87,1,688,-8.87,0.3636,42.1,9,35405
80.0,1,-1,confirm,1.0,-10.52,-26.52,30.76,1506,41.29,17.81,2239,0.673,6.734,0.136,0.3858,12,0.4018,1707,0.8812,1,667,-0.81,1,667,-0.81,1,667,-0.81,1,835,-12.95,0.4626,79.51,11,42640
80.0,1,1,confirm,1.0,-73.59,-89.59,10.51,232,84.11,73.59,4498,0.052,1.017,0.106,0.2777,12,0.2777,232,0.9355,1,632,-20.22,1,632,-20.22,1,632,-20.22,1,661,-30.73,0.5059,41.42,12,44879
80.0,1,-1,fallback,1.0,-30.96,-46.96,9.78,146,40.74,30.96,503,0.29,0.651,0.094,0.2459,13,0.3165,245,0.6695,0,-1,,0,-1,,0,-1,,0,-1,,0.508,84.02,13,49377
80.0,1,1,confirm,1.0,-58.48,-74.48,21.93,1519,80.41,58.48,1810,0.839,1.405,0.089,0.0363,14,0.0903,978,0.8677,1,454,-4.06,0,-1,,0,-1,,0,-1,,0.0017,40.78,13,49880
80.0,1,-1,fallback,1.0,-26.14,-42.14,13.89,758,40.03,26.14,943,0.804,0.969,0.073,-0.0091,14,0.1917,331,0.6043,1,498,3.27,1,498,3.27,0,-1,,1,786,2.45,0.5042,80.23,14,51690
80.0,1,1,confirm,1.0,10.59,-5.41,51.34,142,40.74,-0.0,329,0.432,3.438,0.175,0.2385,14,0.3351,135,0.6038,0,-1,,0,-1,,0,-1,,0,-1,,0.597,40.09,14,52633
80.0,1,-1,confirm,1.0,15.47,-0.53,56.98,2475,41.51,28.49,2683,0.922,0.401,0.118,0.1505,15,0.3109,1001,0.8587,1,1452,-0.81,1,1452,-0.81,1,1452,-0.81,0,-1,,0.1412,40.54,14,52962
80.0,1,1,confirm,1.0,-57.88,-73.88,26.9,34,84.79,57.88,2444,0.014,1.986,0.134,-0.0277,15,0.3329,1968,0.8527,1,419,-25.27,1,419,-25.27,1,2431,-29.35,1,457,-31.8,0.0318,41.75,15,55645
80.0,1,-1,fallback,1.0,-41.0,-57.0,-0.0,0,41.0,41.0,81,0.0,1.632,0.105,0.0917,16,0.1162,69,0.8319,0,-1,,0,-1,,0,-1,,0,-1,,0.1034,84.56,16,58089
80.0,1,1,confirm,1.0,-74.32,-90.32,5.72,114,80.03,74.32,678,0.168,0.372,0.023,-0.1858,16,-0.013,519,0.6314,0,-1,,0,-1,,0,-1,,0,-1,,0.8319,41.0,16,58170
80.0,1,-1,fallback,1.0,12.34,-3.66,53.48,371,41.14,0.0,722,0.514,1.35,0.191,0.1748,16,0.2541,200,0.5538,1,504,27.97,1,504,27.97,1,504,27.97,0,-1,,0.0254,79.99,16,58848
80.0,1,1,confirm,1.0,46.96,30.96,88.97,1688,42.01,15.65,1818,0.928,0.466,0.167,0.4134,17,0.4652,1172,0.8575,1,532,30.48,0,-1,,0,-1,,0,-1,,0.013,41.36,16,59570
80.0,1,-1,confirm,1.0,10.66,-5.34,50.84,255,40.18,4.92,476,0.536,1.492,0.169,0.0356,17,0.0772,285,0.6738,1,218,37.72,0,-1,,0,-1,,0,-1,,0.6008,41.64,17,61388
80.0,1,1,confirm,1.0,44.32,28.32,85.36,1706,41.04,19.7,2137,0.798,1.453,0.193,-0.2207,17,0.2484,1364,0.9768,1,12,-14.77,1,1440,81.26,1,1440,81.26,1,1527,70.59,0.19,40.38,17,61864
80.0,1,-1,confirm,1.0,44.13,28.13,86.62,2025,42.49,8.99,2720,0.744,2.491,0.242,0.2852,18,0.5075,1708,0.9003,1,1006,15.53,1,1006,15.53,1,1006,15.53,1,1016,12.26,0.6436,40.69,17,64001
80.0,1,1,confirm,1.0,-65.67,-81.67,16.42,588,82.08,65.67,2960,0.199,2.224,0.084,0.2903,18,0.3811,54,0.9768,1,1297,-10.67,1,1297,-10.67,1,1297,-10.67,1,1438,5.75,0.2671,42.87,18,66721
80.0,1,-1,fallback,1.0,13.22,-2.78,53.71,740,40.49,1.65,1002,0.739,0.491,0.127,-0.2721,19,-0.0771,179,0.852,0,-1,,0,-1,,0,-1,,0,-1,,0.5952,81.95,19,69681
80.0,1,1,confirm,1.0,-51.29,-67.29,38.88,559,90.18,51.29,1029,0.543,0.269,0.214,0.256,19,0.4243,265,0.9287,1,590,29.78,1,590,29.78,1,590,29.78,1,590,29.78,0.2266,40.7,19,70683
80.0,1,-1,fallback,1.0,-39.09,-55.09,2.49,3,41.58,39.09,89,0.034,0.827,0.161,0.2126,19,0.2176,0,0.1222,0,-1,,0,-1,,0,-1,,0,-1,,0.1531,89.83,19,71712
80.0,1,1,confirm,1.0,-72.07,-88.07,7.46,943,79.52,72.07,2493,0.378,0.763,0.15,0.4069,20,0.4721,1061,0.9568,1,1161,-46.39,1,1161,-46.39,1,1161,-46.39,1,1201,-62.13,0.1048,41.59,19,71801
80.0,1,-1,confirm,1.0,56.74,40.74,97.62,1013,40.88,14.18,1034,0.98,4.226,0.147,0.0187,20,0.172,3,0.7582,1,245,-13.35,1,245,-13.35,0,-1,,1,416,7.51,0.0874,79.46,20,74294
80.0,1,1,confirm,1.0,85.59,69.59,127.55,812,41.96,15.1,921,0.882,0.548,0.228,0.0672,21,0.0772,828,0.6489,1,634,100.7,0,-1,,0,-1,,0,-1,,0.3067,41.29,20,75328
80.0,1,-1,confirm,1.0,-76.55,-92.55,4.99,10,81.54,76.55,1195,0.008,0.458,0.134,-0.0282,21,-0.0089,71,0.6999,0,-1,,0,-1,,0,-1,,0,-1,,0.4586,41.43,21,76249
80.0,1,1,fallback,1.0,-12.39,-28.39,28.9,328,41.28,12.39,572,0.573,2.778,0.165,0.1715,21,0.3195,183,0.7235,1,363,16.51,1,363,16.51,1,363,16.51,0,-1,,0.2843,81.58,21,77444
80.0,1,-1,confirm,1.0,-82.67,-98.67,3.31,56,85.98,82.67,496,0.113,0.444,0.049,0.0252,21,0.0955,353,0.6269,1,361,-28.11,0,-1,,0,-1,,0,-1,,0.1227,41.17,21,78016
80.0,1,1,fallback,1.0,-34.44,-50.44,6.56,848,41.0,34.44,1147,0.739,2.294,0.033,-0.0443,22,0.0674,6,0.7491,1,145,-2.46,0,-1,,0,-1,,0,-1,,0.3081,86.01,21,78512
80.0,1,-1,confirm,1.0,9.05,-6.95,50.19,932,41.14,13.16,1272,0.733,1.446,0.095,0.09,22,0.2127,539,0.9337,1,144,-9.87,1,962,31.27,1,962,31.27,0,-1,,0.2983,40.97,22,79659
80.0,1,1,confirm,1.0,-78.23,-94.23,1.65,16,79.88,78.23,1574,0.01,0.148,0.026,-0.2044,22,0.1726,1146,0.7693,1,1459,-60.12,1,1459,-60.12,0,-1,,1,1459,-60.12,0.5082,41.35,22,80931
80.0,1,-1,confirm,1.0,15.77,-0.23,55.61,816,39.84,33.2,1133,0.72,0.786,0.14,0.1576,23,0.1857,761,0.838,1,14,-2.49,1,1082,33.2,0,-1,,0,-1,,0.2018,79.87,22,82505
80.0,1,1,confirm,1.0,0.83,-15.17,42.4,3670,41.57,34.08,4213,0.871,2.716,0.036,-0.0008,0,0.39,1976,0.9612,1,362,-18.29,1,362,-18.29,1,2153,-2.49,1,419,-11.64,0.424,40.06,23,83638
80.0,1,-1,confirm,1.0,89.78,73.78,131.34,349,41.56,7.48,409,0.853,3.432,0.254,0.2056,0,0.3692,88,0.6073,0,-1,,0,-1,,0,-1,,0,-1,,0.2233,41.39,0,87851
80.0,1,1,confirm,1.0,4.19,-11.81,46.13,97,41.94,-0.0,356,0.272,0.786,0.08,-0.1204,0,-0.0952,300,0.195,0,-1,,0,-1,,0,-1,,0,-1,,0.0708,42.12,0,88260
80.0,1,-1,confirm,1.0,6.71,-9.29,46.95,107,40.24,0.0,368,0.291,1.556,0.072,0.0282,0,0.1317,10,0.4841,1,364,15.09,1,364,15.09,0,-1,,0,-1,,0.022,41.75,0,88616
80.0,1,1,confirm,1.0,16.78,0.78,57.05,103,40.27,7.55,160,0.644,0.67,0.032,0.0305,0,0.0439,100,0.7205,0,-1,,0,-1,,0,-1,,0,-1,,0.0758,40.43,0,88984
80.0,1,-1,confirm,1.0,5.86,-10.14,46.91,497,41.04,5.03,804,0.618,1.381,0.089,0.1221,0,0.1763,480,0.7047,1,226,31.83,1,617,21.78,0,-1,,1,725,32.67,0.2864,40.04,0,89144
80.0,1,1,confirm,1.0,-51.96,-67.96,28.49,410,80.46,51.96,901,0.455,0.621,0.069,0.0835,1,0.241,270,0.392,1,553,-0.84,1,553,-0.84,1,553,-0.84,1,656,-10.9,0.2221,41.24,0,89948
80.0,1,-1,fallback,1.0,99.41,83.41,139.01,560,39.6,10.11,572,0.979,2.824,0.144,0.1668,1,0.2494,85,0.7952,1,422,83.4,1,422,83.4,1,422,83.4,0,-1,,0.4147,80.23,1,90849
80.0,1,1,confirm,1.0,-51.91,-67.91,36.59,175,88.5,51.91,362,0.483,0.317,0.038,-0.1656,1,-0.1474,324,0.4273,0,-1,,0,-1,,0,-1,,0,-1,,0.5372,40.15,1,91421
80.0,1,-1,fallback,1.0,-40.2,-56.2,1.71,7,41.91,40.2,77,0.091,1.205,0.079,0.2243,1,0.2461,0,0.3542,0,-1,,0,-1,,0,-1,,0,-1,,0.2775,88.17,1,91783
80.0,1,1,confirm,1.0,18.74,2.74,59.64,266,40.89,12.78,403,0.66,1.215,0.05,-0.0273,1,-0.0013,341,0.4919,0,-1,,0,-1,,0,-1,,0,-1,,0.1545,41.92,1,91860
80.0,1,-1,confirm,1.0,96.09,80.09,136.9,826,40.82,3.4,839,0.985,2.672,0.145,-0.0665,1,0.1777,543,0.6801,1,185,26.36,1,185,26.36,0,-1,,1,675,89.29,0.1091,40.65,1,92263
80.0,1,1,confirm,1.0,-72.12,-88.12,9.44,3,81.57,72.12,570,0.005,2.932,0.083,0.0891,1,0.1666,184,0.5037,1,536,-38.64,1,536,-38.64,0,-1,,0,-1,,0.0254,41.38,1,93102
80.0,1,-1,fallback,1.0,83.02,67.02,122.81,222,39.78,31.13,243,0.914,3.49,0.109,0.1759,2,0.1855,214,0.4505,1,152,35.46,0,-1,,0,-1,,0,-1,,0.0527,81.49,2,93672
80.0,1,1,confirm,1.0,122.96,106.96,163.95,180,40.99,-0.0,208,0.865,0.614,0.022,-0.0921,2,-0.0829,198,0.1989,0,-1,,0,-1,,0,-1,,0,-1,,0.3553,40.28,2,93915
80.0,1,-1,confirm,1.0,12.06,-3.94,53.41,92,41.35,6.03,140,0.657,0.373,0.037,0.0924,2,0.0988,31,0.4596,0,-1,,0,-1,,0,-1,,0,-1,,0.1026,40.33,2,94123
80.0,1,1,confirm,1.0,17.25,1.25,62.1,203,44.85,10.35,256,0.793,0.167,0.089,-0.1082,2,-0.0081,230,0.2841,0,-1,,0,-1,,0,-1,,0,-1,,0.2107,41.57,2,94263
80.0,1,-1,confirm,1.0,-65.44,-81.44,16.36,19,81.8,65.44,107,0.178,0.376,0.028,0.0335,2,0.074,78,0.4414,0,-1,,0,-1,,0,-1,,0,-1,,0.0709,44.57,2,94519
80.0,1,1,fallback,1.0,62.45,46.45,105.22,578,42.77,24.81,782,0.739,0.803,0.127,-0.0819,2,0.0168,749,0.433,0,-1,,0,-1,,0,-1,,0,-1,,0.0611,81.93,2,94626
80.0,1,-1,confirm,1.0,-77.36,-93.36,5.95,353,83.31,77.36,1106,0.319,0.556,0.024,-0.254,2,0.0253,0,0.2692,0,-1,,0,-1,,0,-1,,0,-1,,0.1413,42.33,2,95408
80.0,1,1,fallback,1.0,-27.84,-43.84,14.34,125,42.18,27.84,507,0.247,2.225,0.106,0.3246,2,0.3326,86,0.5998,0,-1,,0,-1,,0,-1,,0,-1,,0.2556,83.36,2,96514
80.0,1,-1,confirm,1.0,-66.83,-82.83,16.07,92,82.9,66.83,416,0.221,0.43,0.084,-0.0113,2,0.1111,239,0.5334,1,183,-2.54,1,335,-46.53,0,-1,,1,367,-49.91,0.4516,42.12,2,97021
80.0,1,1,fallback,1.0,85.71,69.71,126.89,957,41.18,-0.0,1061,0.902,0.636,0.1,-0.0147,3,0.2259,415,0.6141,1,836,119.33,1,836,119.33,1,836,119.33,1,1007,108.4,0.3619,83.04,3,97437
80.0,1,-1,confirm,1.0,-66.66,-82.66,14.16,477,80.82,66.66,1299,0.367,0.823,0.108,-0.0001,3,0.1434,4,0.5162,1,409,6.67,1,409,6.67,0,-1,,1,504,11.66,0.1624,40.66,3,98498
80.0,1,1,fallback,1.0,-15.73,-31.73,24.83,148,40.56,15.73,678,0.218,1.578,0.141,0.2432,3,0.2435,147,0.7138,1,397,10.76,1,397,10.76,1,397,10.76,1,669,-11.59,0.1484,80.93,3,99797
80.0,1,-1,confirm,1.0,-1.66,-17.66,38.96,2530,40.62,46.42,3036,0.833,1.087,0.185,0.0285,4,0.295,384,0.9218,1,860,-43.11,1,860,-43.11,1,860,-43.11,1,1004,-32.33,0.45,40.46,3,100475
80.0,1,1,confirm,1.0,-77.08,-93.08,2.49,261,79.57,77.08,995,0.262,0.225,0.063,-0.0081,4,0.2643,78,0.8958,1,254,-2.49,1,254,-2.49,1,254,-2.49,1,269,-21.55,0.4384,40.78,4,103511
80.0,1,-1,confirm,1.0,66.82,50.82,108.59,1257,41.76,8.35,1837,0.684,0.517,0.098,0.0021,5,0.2196,1630,0.7845,1,355,50.95,1,1161,81.86,0,-1,,0,-1,,0.1113,79.55,5,104506
80.0,1,1,confirm,1.0,21.02,5.02,63.07,188,42.05,0.84,314,0.599,0.641,0.145,-0.078,5,0.0165,238,0.7126,0,-1,,0,-1,,0,-1,,0,-1,,0.4344,42.22,5,106343
80.0,1,-1,confirm,1.0,1.68,-14.32,43.64,1351,41.96,31.89,1534,0.881,0.916,0.113,0.3579,6,0.4768,1030,0.8876,1,39,-5.03,0,-1,,0,-1,,0,-1,,0.1979,41.78,5,106657
80.0,1,1,confirm,1.0,31.05,15.05,71.34,938,40.29,5.04,1651,0.568,1.121,0.167,0.0298,6,0.0377,922,0.688,0,-1,,0,-1,,0,-1,,0,-1,,0.5253,42.14,6,108191
80.0,1,-1,confirm,1.0,153.11,137.11,192.44,3204,39.32,35.14,3573,0.897,0.81,0.145,0.0239,7,0.381,3538,0.9005,1,357,-30.96,1,357,-30.96,1,357,-30.96,0,-1,,0.4386,40.0,6,109842
80.0,1,1,confirm,1.0,-47.58,-63.58,33.14,67,80.72,47.58,1364,0.049,1.121,0.133,-0.3003,7,0.2475,535,0.7494,1,1126,-31.44,1,1126,-31.44,1,1126,-31.44,0,-1,,0.2032,40.1,7,113415
80.0,1,-1,fallback,1.0,7.68,-8.32,47.81,508,40.13,11.95,633,0.803,1.977,0.123,0.0065,8,0.067,299,0.702,1,303,18.78,0,-1,,0,-1,,0,-1,,0.2514,80.45,7,114779
80.0,1,1,confirm,1.0,-65.79,-81.79,14.52,140,80.31,65.79,544,0.257,0.325,0.024,0.2359,8,0.4171,493,0.5829,1,528,-60.66,1,528,-60.66,1,528,-60.66,1,528,-60.66,0.0063,40.32,8,115412
80.0,1,-1,fallback,1.0,-28.38,-44.38,12.9,163,41.28,28.38,357,0.457,0.775,0.174,0.1202,8,0.3416,330,0.8845,0,-1,,0,-1,,0,-1,,0,-1,,0.1365,80.2,8,115956
80.0,1,1,confirm,1.0,4.29,-11.71,44.6,732,40.31,37.74,790,0.927,0.941,0.061,0.2754,8,0.3925,558,0.849,0,-1,,0,-1,,0,-1,,0,-1,,0.0189,41.34,8,116313
80.0,1,-1,confirm,1.0,142.31,126.31,181.74,3575,39.43,38.58,3679,0.972,0.701,0.091,0.0289,9,0.2911,1554,0.7082,1,449,6.0,1,449,6.0,1,449,6.0,1,614,-5.14,0.1463,40.13,8,117103
80.0,1,1,confirm,1.0,68.7,52.7,110.44,1795,41.74,32.18,1888,0.951,0.557,0.112,0.1734,10,0.2567,1436,0.8238,1,1562,83.49,1,1562,83.49,1,1562,83.49,0,-1,,0.2568,40.16,9,120782
80.0,1,-1,confirm,1.0,11.23,-4.77,53.55,427,42.32,3.45,530,0.806,1.428,0.147,-0.0284,10,-0.0267,423,0.5969,0,-1,,0,-1,,0,-1,,0,-1,,0.2234,41.29,10,122670
80.0,1,1,confirm,1.0,-60.53,-76.53,19.02,1240,79.55,60.53,2116,0.586,1.113,0.041,-0.1912,10,0.1244,99,0.5173,1,374,11.24,1,374,11.24,0,-1,,1,553,-12.11,0.0016,42.55,10,123200
80.0,1,-1,confirm,1.0,5.22,-10.78,45.24,432,40.02,20.88,576,0.75,1.299,0.102,0.07,10,0.2785,10,0.7238,1,562,15.66,1,562,15.66,1,562,15.66,0,-1,,0.2625,79.4,10,125316
80.0,1,1,confirm,1.0,-48.74,-64.74,32.2,457,80.95,48.74,765,0.597,0.95,0.119,-0.0198,11,0.0743,33,0.7031,1,143,-16.54,0,-1,,0,-1,,0,-1,,0.0556,40.2,10,125892
80.0,1,-1,fallback,1.0,-27.11,-43.11,13.12,255,40.23,27.11,358,0.712,0.732,0.176,0.1568,11,0.1661,245,0.5176,0,-1,,0,-1,,0,-1,,0,-1,,0.3752,80.69,11,126657
80.0,1,1,confirm,1.0,65.42,49.42,108.16,885,42.74,16.57,938,0.943,2.634,0.121,0.1665,11,0.2007,493,0.7418,1,814,74.15,1,814,74.15,1,814,74.15,0,-1,,0.0213,40.29,11,127015
80.0,1,-1,confirm,1.0,33.8,17.8,74.53,608,40.73,7.8,928,0.655,1.219,0.122,0.0847,11,0.2188,807,0.768,0,-1,,0,-1,,0,-1,,0,-1,,0.6247,42.29,11,127953
80.0,1,1,confirm,1.0,53.04,37.04,93.91,1016,40.87,-0.0,1071,0.949,1.307,0.112,-0.0717,12,0.1166,512,0.7662,1,227,40.0,1,640,42.61,0,-1,,1,1029,82.61,0.3719,41.04,11,128881
80.0,1,-1,confirm,1.0,8.65,-7.35,49.3,469,40.65,15.57,647,0.725,0.64,0.126,0.143,12,0.2436,110,0.6747,1,600,21.62,1,600,21.62,1,600,21.62,0,-1,,0.12,40.49,12,129952
80.0,1,1,confirm,1.0,87.44,71.44,128.13,455,40.69,13.85,615,0.74,2.878,0.23,0.0662,12,0.117,424,0.6988,1,73,7.79,1,479,109.08,0,-1,,0,-1,,0.207,40.86,12,130599
80.0,1,-1,confirm,1.0,-72.09,-88.09,9.44,11,81.53,72.09,305,0.036,1.256,0.077,0.0538,12,0.0825,6,0.5705,1,115,-27.46,0,-1,,0,-1,,0,-1,,0.062,40.17,12,131214
80.0,1,1,fallback,1.0,-5.96,-21.96,34.94,99,40.9,5.96,215,0.46,0.912,0.108,-0.0091,12,0.0628,1,0.3786,1,51,10.22,0,-1,,0,-1,,0,-1,,0.4839,81.61,12,131519
80.0,1,-1,confirm,1.0,-76.73,-92.73,4.26,31,81.0,76.73,776,0.04,0.734,0.042,-0.0043,12,0.015,713,0.4675,0,-1,,0,-1,,0,-1,,0,-1,,0.1245,40.76,12,131734
80.0,1,1,fallback,1.0,-38.07,-54.07,4.23,9,42.3,38.07,522,0.017,1.045,0.061,0.0673,12,0.132,198,0.6283,0,-1,,0,-1,,0,-1,,0,-1,,0.2708,81.03,12,132510
80.0,1,-1,confirm,1.0,78.99,62.99,119.76,1677,40.77,37.37,1806,0.929,0.837,0.176,0.0637,13,0.1714,1534,0.772,1,364,-24.63,0,-1,,0,-1,,0,-1,,0.5484,42.29,12,133032
80.0,1,1,confirm,1.0,89.89,73.89,130.98,704,41.09,11.99,936,0.752,2.163,0.105,0.0595,13,0.0864,656,0.5783,0,-1,,0,-1,,0,-1,,0,-1,,0.5701,41.26,13,134838
80.0,1,-1,confirm,1.0,7.64,-8.36,49.21,655,41.57,16.12,916,0.715,1.211,0.049,-0.1957,13,-0.025,320,0.45,0,-1,,0,-1,,0,-1,,0,-1,,0.2598,40.56,13,135774
80.0,1,1,confirm,1.0,-2.55,-18.55,38.21,212,40.76,7.64,353,0.601,1.001,0.059,0.0847,14,0.2522,32,0.5427,1,327,14.43,1,327,14.43,1,327,14.43,0,-1,,0.372,41.78,13,136690
80.0,1,-1,confirm,1.0,26.33,10.33,66.25,2011,39.92,48.41,2253,0.893,0.954,0.082,0.1656,14,0.2096,2031,0.6975,1,876,1.7,1,876,1.7,1,876,1.7,1,1238,40.77,0.1187,40.6,14,137043
80.0,1,1,confirm,1.0,27.25,11.25,71.53,1647,44.28,51.95,2204,0.747,0.783,0.144,-0.0608,15,0.1462,109,0.7396,1,196,-15.33,1,196,-15.33,0,-1,,1,367,-20.44,0.1798,40.18,14,139296
80.0,1,-1,confirm,1.0,16.14,0.14,58.6,293,42.46,5.94,457,0.641,1.083,0.194,0.4015,15,0.4258,268,0.834,0,-1,,0,-1,,0,-1,,0,-1,,0.4508,43.97,15,141500
80.0,1,1,confirm,1.0,-75.71,-91.71,5.1,389,80.81,75.71,1757,0.221,1.026,0.08,-0.1238,15,0.0651,303,0.8821,1,313,-11.91,0,-1,,0,-1,,0,-1,,0.4138,42.71,15,141957
80.0,1,-1,fallback,1.0,-34.28,-50.28,6.0,21,40.28,34.28,137,0.153,2.578,0.113,0.1977,15,0.2708,40,0.7074,0,-1,,0,-1,,0,-1,,0,-1,,0.206,80.77,15,143714
80.0,1,1,confirm,1.0,-73.46,-89.46,5.98,90,79.44,73.46,1818,0.05,0.342,0.02,-0.223,15,0.0035,1604,0.7982,0,-1,,0,-1,,0,-1,,0,-1,,0.6664,40.31,15,143851
80.0,1,-1,confirm,1.0,-30.12,-46.12,10.33,220,40.44,30.12,552,0.399,1.049,0.107,0.1042,16,0.2735,8,0.6973,0,-1,,0,-1,,0,-1,,0,-1,,0.4098,79.39,16,145669
80.0,1,1,confirm,1.0,26.6,10.6,67.78,707,41.18,0.86,1123,0.63,1.079,0.108,-0.0754,16,0.1485,433,0.7875,1,624,42.9,1,624,42.9,0,-1,,1,710,66.06,0.1806,40.49,16,146221
80.0,1,-1,confirm,1.0,-12.83,-28.83,27.38,1763,40.22,58.18,2094,0.842,0.963,0.166,0.3419,17,0.6782,772,0.9524,1,1059,-53.05,1,1059,-53.05,1,1059,-53.05,1,1059,-53.05,0.5798,40.9,16,147344
80.0,1,1,confirm,1.0,-79.47,-95.47,0.0,0,79.47,79.47,727,0.0,1.55,0.067,-0.0258,17,0.027,130,0.7843,0,-1,,0,-1,,0,-1,,0,-1,,0.3459,40.33,17,149438
80.0,1,-1,confirm,1.0,-32.73,-48.73,8.61,4,41.35,32.73,506,0.008,1.808,0.139,0.4186,17,0.4347,474,0.8889,0,-1,,0,-1,,0,-1,,0,-1,,0.4406,79.47,17,150165
80.0,1,1,confirm,1.0,33.49,17.49,74.7,93,41.21,-0.0,357,0.261,0.967,0.227,0.0464,17,0.1653,345,0.9052,0,-1,,0,-1,,0,-1,,0,-1,,0.401,41.38,17,150671
80.0,1,-1,confirm,1.0,5.13,-10.87,45.35,1064,40.22,25.67,1195,0.89,0.342,0.13,0.4495,18,0.4855,1148,0.9125,0,-1,,0,-1,,0,-1,,0,-1,,0.2267,40.91,17,151028
80.0,1,1,confirm,1.0,83.9,67.9,125.86,816,41.95,5.99,883,0.924,2.329,0.307,0.065,18,0.1085,405,0.8723,1,423,28.25,1,423,28.25,0,-1,,1,427,27.4,0.6114,40.4,18,152223
80.0,1,-1,confirm,1.0,-52.64,-68.64,33.11,2362,85.75,52.64,3433,0.688,0.379,0.165,0.4467,19,0.5841,2536,0.9201,1,560,-28.87,1,940,-31.41,1,940,-31.41,1,1010,-39.06,0.1082,41.43,18,153106
80.0,1,1,fallback,1.0,-38.01,-54.01,3.38,1,41.39,38.01,251,0.004,6.133,0.136,0.2043,19,0.306,240,0.7898,0,-1,,0,-1,,0,-1,,0,-1,,0.6753,86.04,19,156539
80.0,1,-1,confirm,1.0,16.11,0.11,55.96,1414,39.85,16.96,1567,0.902,2.162,0.138,0.5083,19,0.558,1244,0.8769,0,-1,,0,-1,,0,-1,,0,-1,,0.3689,41.37,19,156790
80.0,1,1,confirm,1.0,-84.07,-100.07,0.85,6,84.92,84.07,441,0.014,0.444,0.006,-0.4522,19,-0.1782,438,0.9736,0,-1,,0,-1,,0,-1,,0,-1,,0.6978,40.07,19,158357
80.0,1,-1,fallback,1.0,-31.69,-47.69,8.56,111,40.25,31.69,348,0.319,1.703,0.245,0.01,20,0.1995,0,0.6418,1,35,-0.86,1,35,-0.86,0,-1,,1,190,-15.41,0.9734,84.91,20,158798
80.0,1,1,confirm,1.0,14.51,-1.49,55.49,1765,40.98,3.41,2131,0.828,1.663,0.102,0.0451,20,0.3373,126,0.9246,1,678,18.78,1,678,18.78,1,678,18.78,1,1856,52.93,0.0971,40.28,20,159146
80.0,1,-1,confirm,1.0,99.74,83.74,139.8,3213,40.06,49.44,3328,0.965,4.632,0.211,0.2657,21,0.4425,280,0.9441,1,736,-18.75,1,736,-18.75,1,736,-18.75,1,862,-29.84,0.5262,40.75,20,161277
80.0,1,1,confirm,1.0,-49.94,-65.94,30.14,119,80.08,49.94,1357,0.088,0.186,0.036,-0.2294,21,-0.044,1114,0.7734,0,-1,,0,-1,,0,-1,,0,-1,,0.135,40.63,21,164605
80.0,1,-1,confirm,1.0,-36.34,-52.34,4.33,1,40.67,36.34,190,0.005,2.83,0.082,0.252,22,0.3317,26,0.6427,0,-1,,0,-1,,0,-1,,0,-1,,0.2185,79.84,22,165962
80.0,1,1,confirm,1.0,66.39,50.39,106.91,3495,40.52,39.66,3706,0.943,0.526,0.095,0.2139,23,0.3028,2899,0.7217,1,860,26.73,1,3499,103.47,1,3499,103.47,1,3499,103.47,0.3727,40.69,22,166152
80.0,1,-1,confirm,1.0,34.26,18.26,75.37,547,41.11,12.85,967,0.566,2.007,0.242,0.1846,23,0.3312,768,0.7903,0,-1,,0,-1,,0,-1,,0,-1,,0.3235,40.1,23,169858
80.0,1,1,confirm,1.0,17.19,1.19,58.44,2394,41.25,12.89,2829,0.846,0.64,0.07,-0.1384,0,0.2955,1923,0.8457,1,1386,28.36,1,1386,28.36,1,2006,42.11,1,2079,38.68,0.1954,41.43,23,170825
80.0,1,-1,confirm,1.0,-51.48,-67.48,29.17,264,80.65,51.48,858,0.308,2.923,0.11,0.2431,0,0.2927,767,0.9632,0,-1,,0,-1,,0,-1,,0,-1,,0.0029,41.02,0,173654
80.0,1,1,fallback,1.0,-11.1,-27.1,29.88,134,40.97,11.1,413,0.324,3.566,0.13,0.075,0,0.0874,123,0.7665,1,295,9.39,0,-1,,0,-1,,0,-1,,0.9406,80.89,0,174512
80.0,1,-1,confirm,1.0,119.64,103.64,159.8,1767,40.16,14.53,1906,0.927,1.024,0.248,0.1406,1,0.4797,424,0.9517,1,218,7.69,1,628,-1.71,1,628,-1.71,1,628,-1.71,0.6529,40.85,0,174925
80.0,1,1,confirm,1.0,7.78,-8.22,51.03,1488,43.25,41.52,1850,0.804,0.768,0.086,-0.0132,1,0.2584,363,0.7643,1,509,-18.16,1,509,-18.16,1,509,-18.16,1,535,-24.22,0.1852,40.82,1,176831
80.0,1,-1,confirm,1.0,55.31,39.31,95.93,2592,40.62,25.93,2826,0.917,1.765,0.097,-0.002,2,0.3711,150,0.7425,1,2093,44.08,1,2093,44.08,1,2093,44.08,1,2148,53.58,0.4486,43.03,1,178681
80.0,1,1,confirm,1.0,-79.95,-95.95,0.87,1,80.82,79.95,1038,0.001,0.311,0.01,-0.0649,2,0.4275,984,0.8826,1,289,-57.36,1,289,-57.36,0,-1,,0,-1,,0.4529,41.01,2,181507
80.0,1,-1,fallback,1.0,-2.63,-18.63,39.42,64,42.05,2.63,100,0.64,2.315,0.11,-0.0358,2,0.0951,97,0.5562,0,-1,,0,-1,,0,-1,,0,-1,,0.0232,80.81,2,182545
80.0,1,1,confirm,1.0,-65.69,-81.69,14.01,156,79.7,65.69,1032,0.151,0.551,0.013,-0.2459,2,-0.0686,7,0.529,0,-1,,0,-1,,0,-1,,0,-1,,0.2802,42.22,2,182645
80.0,1,-1,confirm,1.0,-37.91,-53.91,4.41,87,42.32,37.91,136,0.64,0.826,0.089,0.1089,3,0.1861,43,0.4154,0,-1,,0,-1,,0,-1,,0,-1,,0.0131,79.59,3,183677
80.0,1,1,confirm,1.0,37.77,21.77,80.8,907,43.04,48.3,1015,0.894,0.637,0.171,-0.0225,3,0.0028,816,0.7105,0,-1,,0,-1,,0,-1,,0,-1,,0.5103,42.34,3,183813
80.0,1,-1,confirm,1.0,54.25,38.25,100.62,2622,46.37,25.37,2653,0.988,3.159,0.06,0.353,4,0.5593,1376,0.8714,1,198,-2.62,1,198,-2.62,1,773,-21.87,0,-1,,0.1847,42.69,3,184828
80.0,1,1,confirm,1.0,36.95,20.95,78.3,206,41.35,15.84,561,0.367,0.94,0.134,-0.1502,4,-0.0351,561,0.5726,0,-1,,0,-1,,0,-1,,0,-1,,0.5127,46.84,4,187481
80.0,1,-1,confirm,1.0,-44.7,-60.7,37.69,376,82.39,44.7,715,0.526,0.533,0.101,0.2165,4,0.2533,326,0.5189,1,580,16.65,1,580,16.65,1,580,16.65,1,668,-15.78,0.0568,41.03,4,188042
80.0,1,1,fallback,1.0,-15.71,-31.71,24.43,42,40.14,15.71,268,0.157,2.373,0.136,0.2632,4,0.28,25,0.5016,0,-1,,0,-1,,0,-1,,0,-1,,0.0567,82.7,4,188757
80.0,1,-1,confirm,1.0,53.31,37.31,93.52,1105,40.2,0.87,1212,0.912,0.435,0.16,0.3863,4,0.4805,858,0.8842,0,-1,,0,-1,,0,-1,,0,-1,,0.3209,40.04,4,189025
80.0,1,1,confirm,1.0,55.36,39.36,96.65,581,41.3,-0.0,636,0.914,1.681,0.191,0.054,5,0.2167,206,0.7716,1,616,70.29,1,616,70.29,1,616,70.29,0,-1,,0.2035,40.58,4,190237
80.0,1,-1,confirm,1.0,43.69,27.69,83.89,904,40.2,17.48,1193,0.758,2.552,0.179,0.1657,5,0.2367,503,0.5913,1,1011,75.15,1,1011,75.15,1,1011,75.15,1,1097,65.54,0.2591,40.9,5,190873
80.0,1,1,confirm,1.0,-50.03,-66.03,30.72,370,80.74,50.03,1000,0.37,1.072,0.156,0.2866,5,0.3187,353,0.7149,1,445,28.08,1,445,28.08,1,445,28.08,1,602,25.45,0.2724,40.54,5,192066
80.0,1,-1,fallback,1.0,37.05,21.05,78.5,592,41.46,20.29,854,0.693,1.487,0.107,0.1602,5,0.2309,247,0.5641,0,-1,,0,-1,,0,-1,,0,-1,,0.3489,80.5,5,193066
80.0,1,1,confirm,1.0,-76.14,-92.14,6.2,22,82.34,76.14,340,0.065,0.242,0.012,-0.0962,5,-0.0595,144,0.5686,0,-1,,0,-1,,0,-1,,0,-1,,0.1441,41.79,5,193920
80.0,1,-1,fallback,1.0,-7.14,-23.14,33.9,377,41.04,24.98,449,0.84,1.629,0.066,0.2256,6,0.2375,360,0.5906,0,-1,,0,-1,,0,-1,,0,-1,,0.1308,82.29,5,194260
80.0,1,1,confirm,1.0,2.67,-13.33,43.68,241,41.01,5.35,316,0.763,0.532,0.04,-0.1592,6,-0.1102,111,0.4525,0,-1,,0,-1,,0,-1,,0,-1,,0.3534,41.18,6,194709
80.0,1,-1,confirm,1.0,181.82,165.82,222.82,759,41.0,1.78,779,0.974,2.256,0.136,0.3827,6,0.4069,711,0.6866,0,-1,,0,-1,,0,-1,,0,-1,,0.5031,40.83,6,195025
80.0,1,1,confirm,1.0,-84.42,-100.42,4.54,8,88.96,84.42,57,0.14,1.582,0.094,-0.371,6,-0.3352,54,-0.0718,0,-1,,0,-1,,0,-1,,0,-1,,0.5358,41.93,6,195804
80.0,1,-1,fallback,1.0,-38.45,-54.45,1.83,2,40.28,38.45,19,0.105,1.599,0.145,0.3227,6,0.3367,0,0.1178,0,-1,,0,-1,,0,-1,,0,-1,,0.1955,88.92,6,195861
80.0,1,1,confirm,1.0,-3.65,-19.65,48.34,29,51.98,9.12,50,0.58,2.677,0.085,-0.3281,6,-0.3129,0,-0.075,0,-1,,0,-1,,0,-1,,0,-1,,0.0508,40.29,6,195880
80.0,1,-1,confirm,1.0,-86.67,-102.67,-0.0,0,86.67,86.67,131,0.0,2.318,0.104,0.3218,6,0.3218,0,0.3466,0,-1,,0,-1,,0,-1,,0,-1,,0.3055,51.73,6,195930
80.0,1,1,fallback,1.0,-26.23,-42.23,15.38,4,41.61,26.23,97,0.041,0.394,0.011,-0.2619,6,-0.2492,42,0.2004,0,-1,,0,-1,,0,-1,,0,-1,,0.3466,86.67,6,196061
80.0,1,-1,confirm,1.0,-79.8,-95.8,2.72,6,82.52,79.8,425,0.014,0.358,0.029,0.2597,6,0.2603,0,0.551,0,-1,,0,-1,,0,-1,,0,-1,,0.0112,41.54,6,196158
80.0,1,1,fallback,1.0,-31.49,-47.49,9.0,36,40.49,31.49,66,0.545,0.62,0.084,-0.0354,6,-0.027,47,0.0611,0,-1,,0,-1,,0,-1,,0,-1,,0.541,82.55,6,196583
80.0,1,-1,confirm,1.0,-73.1,-89.1,9.93,29,83.03,73.1,405,0.072,0.482,0.017,0.0489,6,0.1291,194,0.4004,0,-1,,0,-1,,0,-1,,0,-1,,0.2733,40.45,6,196649
80.0,1,1,fallback,1.0,-3.58,-19.58,41.21,52,44.8,3.58,98,0.531,2.266,0.114,-0.0684,6,-0.0609,37,0.2935,0,-1,,0,-1,,0,-1,,0,-1,,0.2985,83.12,6,197054
80.0,1,-1,confirm,1.0,25.1,9.1,65.43,1285,40.33,39.44,1363,0.943,1.375,0.089,0.1159,7,0.1655,1061,0.531,1,148,-8.96,1,148,-8.96,0,-1,,1,300,19.72,0.1869,44.61,6,197152
80.0,1,1,confirm,1.0,2.7,-13.3,44.03,940,41.33,71.88,986,0.953,1.252,0.104,0.1199,7,0.1309,975,0.6889,1,700,-38.64,0,-1,,0,-1,,0,-1,,0.2987,40.6,7,198515
80.0,1,-1,confirm,1.0,-74.56,-90.56,8.08,19,82.64,74.56,137,0.139,1.428,0.048,-0.0617,7,-0.0562,16,0.469,0,-1,,0,-1,,0,-1,,0,-1,,0.3101,41.15,7,199501
80.0,1,1,fallback,1.0,15.16,-0.84,56.17,212,41.02,9.81,248,0.855,1.484,0.162,0.0587,7,0.1802,23,0.3481,0,-1,,0,-1,,0,-1,,0,-1,,0.3455,82.71,7,199638
80.0,1,-1,confirm,1.0,-72.12,-88.12,8.9,21,81.02,72.12,241,0.087,1.257,0.091,-0.0467,7,0.0515,179,0.2792,1,225,-63.21,0,-1,,0,-1,,0,-1,,0.0189,40.79,7,199886
80.0,1,1,fallback,1.0,5.3,-10.7,45.96,202,40.66,2.65,288,0.701,0.594,0.122,-0.1116,7,-0.011,1,0.3163,0,-1,,0,-1,,0,-1,,0,-1,,0.1403,81.09,7,200127
80.0,1,-1,confirm,1.0,27.39,11.39,67.14,2266,39.76,56.54,2510,0.903,0.685,0.157,0.3729,8,0.4429,2163,0.8783,1,914,-15.02,1,914,-15.02,0,-1,,0,-1,,0.0651,40.48,7,200415
80.0,1,1,confirm,1.0,-55.81,-71.81,25.69,596,81.5,55.81,1053,0.566,2.087,0.051,0.0487,8,0.0487,596,0.5087,0,-1,,0,-1,,0,-1,,0,-1,,0.2473,40.02,8,202925
80.0,1,-1,fallback,1.0,5.35,-10.65,49.89,936,44.54,5.35,1235,0.758,1.319,0.053,0.2677,8,0.4074,248,0.7925,0,-1,,0,-1,,0,-1,,0,-1,,0.2298,81.29,8,203978
80.0,1,1,confirm,1.0,53.48,37.48,94.48,570,41.0,-0.0,766,0.744,0.204,0.188,0.1001,9,0.252,12,0.7111,1,610,77.55,1,610,77.55,1,610,77.55,1,611,77.55,0.6776,44.77,9,205213
80.0,1,-1,confirm,1.0,-78.91,-94.91,1.77,2,80.68,78.91,57,0.035,0.602,0.043,0.0111,9,0.0121,1,0.1232,0,-1,,0,-1,,0,-1,,0,-1,,0.5611,40.62,9,205979
80.0,1,1,fallback,1.0,-12.32,-28.32,29.03,70,41.34,14.95,129,0.543,1.975,0.144,0.2354,9,0.2571,83,0.5401,0,-1,,0,-1,,0,-1,,0,-1,,0.1232,80.7,9,206036
80.0,1,-1,confirm,1.0,-1.76,-17.76,41.4,1758,43.16,29.06,2160,0.814,1.122,0.129,0.1051,9,0.119,1734,0.7748,1,1569,29.06,1,1873,26.42,0,-1,,0,-1,,0.4379,41.22,9,206165
80.0,1,1,confirm,1.0,51.95,35.95,92.46,566,40.51,22.01,579,0.978,2.58,0.185,0.2094,10,0.2542,487,0.6513,1,104,-17.61,0,-1,,0,-1,,0,-1,,0.1598,43.34,9,208325
80.0,1,-1,confirm,1.0,50.81,34.81,91.98,1107,41.17,0.0,1756,0.63,1.062,0.107,-0.03,10,0.1384,584,0.8754,1,589,49.06,1,589,49.06,0,-1,,1,1203,69.21,0.1583,40.14,10,208904
80.0,1,1,confirm,1.0,-51.95,-67.95,28.18,829,80.13,51.95,2242,0.37,0.862,0.038,-0.2728,10,-0.0515,0,0.4599,0,-1,,0,-1,,0,-1,,0,-1,,0.1013,41.56,10,210660
80.0,1,-1,confirm,1.0,9.74,-6.26,50.45,423,40.72,0.89,546,0.775,0.315,0.182,0.2238,11,0.3148,66,0.7854,0,-1,,0,-1,,0,-1,,0,-1,,0.3286,79.9,11,212902
80.0,1,1,confirm,1.0,-8.86,-24.86,51.39,303,60.25,8.86,408,0.743,0.741,0.168,0.0382,11,0.0519,334,0.5954,1,406,17.72,0,-1,,0,-1,,0,-1,,0.12,40.92,11,213448
80.0,1,-1,confirm,1.0,34.58,18.58,74.49,1282,39.9,31.92,1642,0.781,1.186,0.155,0.1823,11,0.191,1284,0.7048,1,598,5.32,1,598,5.32,0,-1,,1,665,4.43,0.2957,59.94,11,213856
80.0,1,1,confirm,1.0,-80.09,-96.09,1.78,25,81.87,80.09,612,0.041,0.887,0.012,-0.1261,11,-0.0444,512,0.6067,0,-1,,0,-1,,0,-1,,0,-1,,0.479,40.2,11,215498
80.0,1,-1,fallback,1.0,-5.38,-21.38,34.98,135,40.37,5.38,264,0.511,1.154,0.164,0.0626,12,0.1308,47,0.4521,0,-1,,0,-1,,0,-1,,0,-1,,0.3864,81.85,12,216110
80.0,1,1,confirm,1.0,26.9,10.9,69.93,110,43.03,2.69,183,0.601,0.795,0.037,-0.1121,12,-0.0884,53,0.3863,0,-1,,0,-1,,0,-1,,0,-1,,0.1336,40.51,12,216374
80.0,1,-1,confirm,1.0,32.19,16.19,74.21,1624,42.02,66.17,1670,0.972,0.768,0.088,-0.0046,12,0.2842,476,0.7655,1,1245,-48.28,1,1245,-48.28,1,1245,-48.28,0,-1,,0.3371,42.74,12,216557
80.0,1,1,confirm,1.0,-0.9,-16.9,39.47,132,40.37,0.9,211,0.626,0.565,0.003,0.0685,12,0.0761,151,0.4746,1,174,17.94,0,-1,,0,-1,,0,-1,,0.3036,42.34,12,218227
80.0,1,-1,confirm,1.0,-66.39,-82.39,14.35,653,80.74,66.39,1186,0.551,0.956,0.06,-0.0601,12,0.029,445,0.5988,0,-1,,0,-1,,0,-1,,0,-1,,0.0072,40.21,12,218438
80.0,1,1,fallback,1.0,74.86,58.86,115.85,1272,40.99,12.48,1377,0.924,1.9,0.162,0.0981,13,0.3717,31,0.6919,1,854,44.56,1,854,44.56,1,854,44.56,1,925,31.19,0.1564,80.86,13,219624
80.0,1,-1,confirm,1.0,214.95,198.95,256.52,2162,41.57,64.57,2245,0.963,0.625,0.106,-0.0065,13,0.189,1760,0.6948,1,975,22.11,1,2133,241.49,0,-1,,0,-1,,0.562,40.53,13,221001
80.0,1,1,confirm,1.0,-56.95,-72.95,24.41,117,81.36,56.95,211,0.555,1.161,0.021,0.2063,14,0.2072,115,0.5874,0,-1,,0,-1,,0,-1,,0,-1,,0.6165,42.67,14,223246
80.0,1,-1,fallback,1.0,-25.46,-41.46,20.0,136,45.46,26.37,153,0.889,1.218,0.057,-0.0416,14,-0.0381,143,0.5181,0,-1,,0,-1,,0,-1,,0,-1,,0.1026,81.16,14,223457
80.0,1,1,confirm,1.0,85.25,69.25,126.05,191,40.81,-0.0,250,0.764,0.866,0.088,-0.0141,14,0.0643,26,0.3439,1,114,75.27,0,-1,,0,-1,,0,-1,,0.5181,45.55,14,223610
80.0,1,-1,confirm,1.0,8.09,-7.91,50.36,86,42.26,0.9,151,0.57,0.506,0.001,0.1266,14,0.1323,96,0.4857,0,-1,,0,-1,,0,-1,,0,-1,,0.0574,40.3,14,223860
80.0,1,1,confirm,1.0,17.1,1.1,57.6,175,40.5,8.1,210,0.833,0.647,0.114,-0.031,14,0.0152,209,0.2882,0,-1,,0,-1,,0,-1,,0,-1,,0.0195,42.48,14,224011
80.0,1,-1,confirm,1.0,37.73,21.73,78.16,923,40.43,30.55,1020,0.905,0.934,0.087,0.134,14,0.2354,762,0.7528,1,247,-25.15,1,989,49.41,1,989,49.41,0,-1,,0.2218,40.26,14,224221
80.0,1,1,confirm,1.0,42.38,26.38,82.97,234,40.58,24.35,273,0.857,1.858,0.074,0.0021,14,0.0428,187,0.4794,0,-1,,0,-1,,0,-1,,0,-1,,0.3358,40.75,14,225241
80.0,1,-1,confirm,1.0,11.67,-4.33,52.08,364,40.41,6.29,416,0.875,0.64,0.007,0.1086,14,0.1189,355,0.6013,0,-1,,0,-1,,0,-1,,0,-1,,0.2443,40.25,14,225514
80.0,1,1,confirm,1.0,-52.14,-68.14,29.67,32,81.81,52.14,237,0.135,0.6,0.017,-0.0662,14,-0.0609,36,0.6259,0,-1,,0,-1,,0,-1,,0,-1,,0.3179,40.62,14,225930
80.0,1,-1,fallback,1.0,-14.46,-30.46,28.02,53,42.48,14.46,93,0.57,1.374,0.088,0.0772,14,0.1021,32,0.2086,0,-1,,0,-1,,0,-1,,0,-1,,0.0427,81.57,14,226167
80.0,1,1,confirm,1.0,-61.37,-77.37,20.76,12,82.12,61.37,265,0.045,1.794,0.015,-0.0625,14,-0.0046,258,0.475,0,-1,,0,-1,,0,-1,,0,-1,,0.0605,42.6,14,226260
80.0,1,-1,fallback,1.0,-39.04,-55.04,1.82,2,40.86,39.04,105,0.019,1.127,0.112,0.021,14,0.0853,74,0.382,0,-1,,0,-1,,0,-1,,0,-1,,0.0994,81.95,14,226525
80.0,1,1,confirm,1.0,-52.46,-68.46,27.13,370,79.59,52.46,864,0.428,1.522,0.027,-0.0816,15,0.0287,49,0.6244,0,-1,,0,-1,,0,-1,,0,-1,,0.3285,40.87,14,226630
80.0,1,-1,confirm,1.0,3.64,-12.36,44.55,239,40.92,6.36,333,0.718,2.618,0.13,0.3277,15,0.3918,155,0.7307,0,-1,,0,-1,,0,-1,,0,-1,,0.2304,79.38,15,227494
80.0,1,1,confirm,1.0,0.91,-15.09,43.66,188,42.75,9.1,232,0.81,0.981,0.015,-0.0054,15,-0.0047,192,0.6703,0,-1,,0,-1,,0,-1,,0,-1,,0.2469,41.1,15,227827
80.0,1,-1,confirm,1.0,-81.86,-97.86,3.64,2,85.49,81.86,151,0.013,0.49,0.017,0.0382,15,0.0489,18,0.5256,0,-1,,0,-1,,0,-1,,0,-1,,0.5985,42.56,15,228059
80.0,1,1,fallback,1.0,-30.67,-46.67,10.83,172,41.5,31.57,307,0.56,1.049,0.114,0.1399,15,0.1522,199,0.2667,0,-1,,0,-1,,0,-1,,0,-1,,0.1474,85.52,15,228210
80.0,1,-1,confirm,1.0,57.01,41.01,101.35,685,44.34,18.1,822,0.833,1.563,0.1,0.0277,15,0.1392,560,0.4713,1,700,95.01,1,700,95.01,0,-1,,0,-1,,0.0056,41.45,15,228517
80.0,1,1,confirm,1.0,-54.61,-70.61,28.21,60,82.82,54.61,354,0.169,1.662,0.019,0.0246,15,0.035,16,0.1491,0,-1,,0,-1,,0,-1,,0,-1,,0.0053,44.79,15,229339
80.0,1,-1,fallback,1.0,-37.52,-53.52,3.66,2,41.18,37.52,84,0.024,1.278,0.05,0.0183,15,0.0505,25,0.2219,0,-1,,0,-1,,0,-1,,0,-1,,0.0312,82.58,15,229693
80.0,1,1,confirm,1.0,22.79,6.79,64.73,422,41.94,-0.0,573,0.736,0.535,0.075,-0.1111,15,-0.0074,18,0.2506,0,-1,,0,-1,,0,-1,,0,-1,,0.1781,41.19,15,229777
80.0,1,-1,confirm,1.0,24.56,8.56,67.31,313,42.75,13.64,451,0.694,0.909,0.095,0.2613,16,0.3153,154,0.5636,0,-1,,0,-1,,0,-1,,0,-1,,0.2585,41.67,15,230350
80.0,1,1,confirm,1.0,-73.86,-89.86,16.41,36,90.27,73.86,144,0.25,1.439,0.035,-0.1312,16,-0.1025,90,0.5969,0,-1,,0,-1,,0,-1,,0,-1,,0.0565,43.04,16,230801
80.0,1,-1,fallback,1.0,-6.43,-22.43,37.66,184,44.09,37.66,205,0.898,1.303,0.078,0.1415,16,0.175,156,0.5581,0,-1,,0,-1,,0,-1,,0,-1,,0.59,90.12,16,230945
80.0,1,1,confirm,1.0,106.49,90.49,149.64,125,43.15,-0.0,152,0.822,1.657,0.07,-0.0431,16,-0.0191,56,0.2555,0,-1,,0,-1,,0,-1,,0,-1,,0.0745,44.26,16,231150
80.0,1,-1,confirm,1.0,-80.84,-96.84,5.45,1,86.29,80.84,31,0.032,0.914,0.037,0.027,16,0.0342,3,0.002,0,-1,,0,-1,,0,-1,,0,-1,,0.136,42.51,16,231302
80.0,1,1,fallback,1.0,-33.34,-49.34,7.21,19,40.55,33.34,74,0.257,0.754,0.084,-0.0322,16,-0.0222,55,0.1215,0,-1,,0,-1,,0,-1,,0,-1,,0.0543,86.34,16,231333
80.0,1,-1,confirm,1.0,-82.27,-98.27,1.81,1,84.08,82.27,102,0.01,0.597,0.052,0.0565,16,0.0694,62,0.1578,0,-1,,0,-1,,0,-1,,0,-1,,0.0305,40.52,16,231407
80.0,1,1,fallback,1.0,-39.45,-55.45,1.79,1,41.25,39.45,66,0.015,1.076,0.102,-0.0217,16,0.005,42,0.3411,0,-1,,0,-1,,0,-1,,0,-1,,0.0309,84.09,16,231509
80.0,1,-1,confirm,1.0,65.72,49.72,105.33,910,39.61,53.11,967,0.941,0.951,0.116,0.217,16,0.2516,926,0.7275,0,-1,,0,-1,,0,-1,,0,-1,,0.2438,41.24,16,231575
80.0,1,1,confirm,1.0,136.84,120.84,179.43,1328,42.59,44.4,1524,0.871,0.959,0.148,-0.0495,16,0.0436,1117,0.5567,0,-1,,0,-1,,0,-1,,0,-1,,0.2679,40.03,16,232542
80.0,1,-1,confirm,1.0,-3.58,-19.58,38.44,325,42.02,24.14,452,0.719,0.864,0.069,0.2611,17,0.3141,428,0.6294,0,-1,,0,-1,,0,-1,,0,-1,,0.1709,41.84,17,234066
80.0,1,1,confirm,1.0,-81.32,-97.32,3.57,1,84.9,81.32,196,0.005,0.756,0.019,-0.2796,17,-0.2796,1,0.1147,0,-1,,0,-1,,0,-1,,0,-1,,0.5458,42.18,17,234518
80.0,1,-1,fallback,1.0,44.15,28.15,84.69,1109,40.54,23.43,1352,0.82,0.76,0.066,-0.1299,17,0.3148,5,0.401,1,567,23.43,1,567,23.43,1,567,23.43,1,928,60.37,0.1404,84.87,17,234714
80.0,1,1,confirm,1.0,28.05,12.05,68.78,382,40.72,25.34,419,0.912,2.553,0.135,0.2342,17,0.3957,166,0.72,0,-1,,0,-1,,0,-1,,0,-1,,0.2529,40.89,17,236066
80.0,1,-1,confirm,1.0,1.8,-14.2,42.41,211,40.61,10.83,731,0.289,1.584,0.018,0.0377,17,0.1238,331,0.7911,1,431,15.34,1,431,15.34,0,-1,,1,431,15.34,0.2501,40.45,17,236485
80.0,1,1,confirm,1.0,-0.9,-16.9,40.62,440,41.52,23.47,577,0.763,1.007,0.108,-0.0609,18,0.2445,83,0.508,1,300,18.95,1,300,18.95,1,300,18.95,1,300,18.95,0.5448,40.78,17,237216
80.0,1,-1,confirm,1.0,35.2,19.2,74.92,1052,39.72,51.45,1064,0.989,2.506,0.136,0.2841,18,0.302,1012,0.8206,1,120,-17.15,1,120,-17.15,0,-1,,1,223,-43.33,0.4359,41.35,18,237793
80.0,1,1,confirm,1.0,-73.38,-89.38,8.15,4,81.53,73.38,582,0.007,3.172,0.044,-0.2017,18,-0.1362,574,0.2259,0,-1,,0,-1,,0,-1,,0,-1,,0.2935,40.02,18,238857
80.0,1,-1,fallback,1.0,-20.99,-36.99,20.08,421,41.07,31.03,505,0.834,1.899,0.066,0.2064,18,0.2344,373,0.6378,0,-1,,0,-1,,0,-1,,0,-1,,0.0195,81.46,18,239439
80.0,1,1,confirm,1.0,0.0,-16.0,42.8,92,42.8,3.64,155,0.594,1.115,0.076,-0.126,18,-0.1015,154,0.4876,0,-1,,0,-1,,0,-1,,0,-1,,0.093,41.15,18,239944
80.0,1,-1,confirm,1.0,29.14,13.14,71.03,149,41.89,3.64,183,0.814,1.293,0.088,0.1723,18,0.1729,148,0.4937,0,-1,,0,-1,,0,-1,,0,-1,,0.2948,42.62,18,240099
80.0,1,1,confirm,1.0,-67.59,-83.59,12.79,18,80.37,67.59,143,0.126,1.719,0.01,-0.1518,18,-0.1044,96,0.101,0,-1,,0,-1,,0,-1,,0,-1,,0.4818,42.19,18,240282
80.0,1,-1,fallback,1.0,-40.46,-56.46,-0.0,0,40.46,40.46,139,0.0,1.815,0.079,0.1084,18,0.1502,60,0.3892,0,-1,,0,-1,,0,-1,,0,-1,,0.1676,80.27,18,240425
80.0,1,1,confirm,1.0,-74.18,-90.18,6.41,48,80.59,74.18,203,0.236,0.659,0.082,-0.1438,18,-0.103,14,0.0793,0,-1,,0,-1,,0,-1,,0,-1,,0.1448,40.46,18,240564
80.0,1,-1,fallback,1.0,-11.07,-27.07,29.53,152,40.6,23.99,185,0.822,1.304,0.099,0.2081,18,0.2338,126,0.5023,0,-1,,0,-1,,0,-1,,0,-1,,0.2363,80.54,18,240767
80.0,1,1,confirm,1.0,7.37,-8.63,48.85,64,41.47,25.81,126,0.508,1.355,0.007,-0.1641,18,-0.1623,61,0.1355,0,-1,,0,-1,,0,-1,,0,-1,,0.1815,40.72,18,240952
80.0,1,-1,confirm,1.0,26.71,10.71,67.23,164,40.52,3.68,187,0.877,1.457,0.09,0.2581,19,0.2666,158,0.654,0,-1,,0,-1,,0,-1,,0,-1,,0.0171,41.27,18,241078
80.0,1,1,confirm,1.0,-58.18,-74.18,25.86,158,84.03,58.18,354,0.446,0.616,0.003,-0.2229,19,-0.1727,234,0.1367,0,-1,,0,-1,,0,-1,,0,-1,,0.5036,40.8,19,241265
80.0,1,-1,fallback,1.0,-11.15,-27.15,32.51,120,43.66,11.15,160,0.75,0.665,0.074,0.2639,19,0.2844,98,0.3783,0,-1,,0,-1,,0,-1,,0,-1,,0.0282,83.82,19,241619
80.0,1,1,confirm,1.0,-74.23,-90.23,6.49,101,80.72,74.23,402,0.251,0.872,0.03,-0.0977,19,-0.0846,347,0.467,0,-1,,0,-1,,0,-1,,0,-1,,0.3419,43.8,19,241779
80.0,1,-1,fallback,1.0,-43.0,-59.0,-0.0,0,43.0,43.0,27,0.0,1.772,0.08,0.1297,19,0.1709,25,0.3962,0,-1,,0,-1,,0,-1,,0,-1,,0.4518,80.67,19,242181
80.0,1,1,confirm,1.0,86.56,70.56,131.24,828,44.68,44.68,855,0.968,0.469,0.147,-0.0482,19,-0.0471,834,0.523,0,-1,,0,-1,,0,-1,,0,-1,,0.2056,43.0,19,242208
80.0,1,-1,confirm,1.0,2.77,-13.23,45.22,93,42.45,2.77,151,0.616,0.913,0.023,0.0363,19,0.0522,20,0.2006,1,136,18.46,0,-1,,0,-1,,0,-1,,0.5137,44.1,19,243063
80.0,1,1,confirm,1.0,0.0,-16.0,42.46,403,42.46,30.46,461,0.874,0.534,0.006,0.1114,19,0.1414,443,0.7557,1,268,5.54,1,268,5.54,0,-1,,0,-1,,0.1378,42.64,19,243214
80.0,1,-1,confirm,1.0,-64.61,-80.61,17.54,23,82.15,64.61,311,0.074,1.063,0.005,-0.1155,19,-0.0018,194,0.3772,0,-1,,0,-1,,0,-1,,0,-1,,0.1037,42.28,19,243675
80.0,1,1,fallback,1.0,79.79,63.79,121.06,109,41.27,11.92,172,0.634,2.592,0.168,0.0875,19,0.1652,22,0.5,0,-1,,0,-1,,0,-1,,0,-1,,0.3034,82.29,19,243986
80.0,1,-1,confirm,1.0,80.07,64.07,121.92,1018,41.85,46.4,1047,0.972,0.421,0.129,0.3815,20,0.3952,1004,0.785,0,-1,,0,-1,,0,-1,,0,-1,,0.3411,40.78,19,244158
80.0,1,1,confirm,1.0,107.31,91.31,150.42,210,43.11,6.42,256,0.82,2.032,0.062,-0.0579,20,-0.0446,256,0.6064,0,-1,,0,-1,,0,-1,,0,-1,,0.1363,42.37,20,245205
80.0,1,-1,confirm,1.0,-58.98,-74.98,22.69,115,81.67,58.98,276,0.417,0.337,0.048,-0.0592,20,0.0466,2,0.3335,0,-1,,0,-1,,0,-1,,0,-1,,0.0457,42.47,20,245461
80.0,1,1,fallback,1.0,-38.79,-54.79,1.8,19,40.6,38.79,83,0.229,0.823,0.178,0.1363,20,0.1403,25,0.3717,0,-1,,0,-1,,0,-1,,0,-1,,0.0213,81.86,20,245737
80.0,1,-1,confirm,1.0,-65.21,-81.21,15.4,33,80.6,65.21,676,0.049,0.475,0.088,-0.0748,20,0.0228,132,0.598,0,-1,,0,-1,,0,-1,,0,-1,,0.0878,40.59,20,245820
80.0,1,1,fallback,1.0,-42.29,-58.29,0.0,0,42.29,42.29,120,0.0,1.275,0.084,0.1112,20,0.1286,53,0.4573,0,-1,,0,-1,,0,-1,,0,-1,,0.3935,80.73,20,246496
80.0,1,-1,confirm,1.0,-75.0,-91.0,7.23,253,82.23,75.0,1016,0.249,0.678,0.012,-0.0159,20,0.2754,726,0.6774,0,-1,,0,-1,,0,-1,,0,-1,,0.258,42.29,20,246616
80.0,1,1,fallback,1.0,-9.87,-25.87,31.39,252,41.26,26.91,415,0.607,2.12,0.099,0.0618,20,0.1103,382,0.5701,0,-1,,0,-1,,0,-1,,0,-1,,0.325,82.29,20,247632
80.0,1,-1,confirm,1.0,103.24,87.24,142.74,4337,39.5,53.86,4464,0.972,3.866,0.332,0.3995,22,0.4271,4328,0.8324,1,1414,-27.83,1,1414,-27.83,1,3251,-40.4,1,3473,-21.55,0.3258,41.13,20,248047
80.0,1,1,confirm,1.0,23.58,7.58,66.22,690,42.63,3.63,922,0.748,1.511,0.089,0.0442,22,0.1941,913,0.6472,0,-1,,0,-1,,0,-1,,0,-1,,0.5066,40.07,22,252511
80.0,1,-1,confirm,1.0,5.43,-10.57,45.25,182,39.82,0.9,747,0.244,0.31,0.067,0.3475,22,0.4964,610,0.8317,1,621,15.38,1,621,15.38,1,621,15.38,0,-1,,0.6386,42.35,22,253433
80.0,1,1,confirm,1.0,7.24,-8.76,47.99,214,40.75,5.43,556,0.385,2.412,0.113,0.0162,22,0.1268,541,0.7581,0,-1,,0,-1,,0,-1,,0,-1,,0.1886,40.0,22,254180
80.0,1,-1,confirm,1.0,-71.48,-87.48,9.95,4,81.43,71.48,930,0.004,1.158,0.028,-0.0711,22,0.2089,351,0.806,1,686,-25.33,1,686,-25.33,1,686,-25.33,1,781,-27.14,0.1731,40.55,22,254736
80.0,1,1,fallback,1.0,-26.05,-42.05,22.46,18,48.51,26.05,68,0.265,2.639,0.148,0.0228,23,0.0298,4,-0.1574,0,-1,,0,-1,,0,-1,,0,-1,,0.7642,81.51,23,255666
80.0,1,-1,confirm,1.0,51.34,35.34,91.88,1084,40.53,29.72,1202,0.902,1.309,0.107,0.1752,23,0.2778,411,0.7385,0,-1,,0,-1,,0,-1,,0,-1,,0.2039,48.4,23,255734
80.0,1,1,confirm,1.0,-80.58,-96.58,0.91,1,81.48,80.58,32,0.031,0.29,0.043,-0.2155,23,-0.2109,30,0.1475,0,-1,,0,-1,,0,-1,,0,-1,,0.3273,40.91,23,256936
80.0,1,-1,fallback,1.0,-11.87,-27.87,30.12,191,41.99,11.87,327,0.584,1.124,0.163,0.2774,23,0.2774,191,0.7452,0,-1,,0,-1,,0,-1,,0,-1,,0.1465,81.48,23,256968
80.0,1,1,confirm,1.0,-76.58,-92.58,4.56,51,81.14,76.58,290,0.176,0.108,0.075,-0.2198,23,-0.197,192,0.7585,0,-1,,0,-1,,0,-1,,0,-1,,0.4776,42.11,23,257295
80.0,1,-1,fallback,1.0,-29.4,-45.4,11.02,69,40.42,29.4,147,0.469,1.188,0.131,0.4508,23,0.4511,68,0.738,0,-1,,0,-1,,0,-1,,0,-1,,0.4117,81.1,23,257585
80.0,1,1,confirm,1.0,110.84,94.84,152.06,1974,41.22,28.4,2592,0.762,0.948,0.166,0.4916,0,0.4916,1974,0.941,1,2541,141.06,1,2541,141.06,1,2541,141.06,1,2574,120.91,0.5971,40.47,23,257732
80.0,1,-1,confirm,1.0,-56.17,-72.17,29.9,418,86.07,56.17,1692,0.247,0.474,0.168,0.0625,0,0.2461,1504,0.8068,1,71,0.91,1,71,0.91,1,1631,-28.08,1,570,1.81,0.7417,40.6,0,260324
80.0,1,1,fallback,1.0,-0.9,-16.9,39.64,1015,40.54,24.32,1460,0.695,0.838,0.136,-0.2365,1,0.3564,0,0.7686,1,598,11.71,1,598,11.71,1,598,11.71,1,816,17.12,0.0975,86.32,0,262016
80.0,1,-1,confirm,1.0,36.04,20.04,76.58,624,40.54,6.31,971,0.643,1.093,0.174,0.4172,1,0.4467,851,0.8928,0,-1,,0,-1,,0,-1,,0,-1,,0.1132,40.38,1,263476
80.0,1,1,confirm,1.0,9.95,-6.05,51.54,417,41.6,0.9,587,0.71,0.846,0.237,-0.0559,1,0.009,546,0.7745,0,-1,,0,-1,,0,-1,,0,-1,,0.8919,40.86,1,264447
80.0,1,-1,confirm,1.0,-2.71,-18.71,39.75,382,42.46,2.71,557,0.686,0.45,0.231,0.2962,1,0.3142,453,0.8106,0,-1,,0,-1,,0,-1,,0,-1,,0.1225,41.38,1,265034
80.0,1,1,confirm,1.0,-79.47,-95.47,0.0,0,79.47,79.47,1153,0.0,0.982,0.041,-0.2498,1,0.3124,911,0.951,1,1083,-78.57,1,1083,-78.57,1,1083,-78.57,0,-1,,0.2592,42.63,1,265591
80.0,1,-1,confirm,1.0,-21.85,-37.85,19.12,88,40.96,21.85,249,0.353,1.174,0.145,-0.0094,2,0.0872,134,0.7245,0,-1,,0,-1,,0,-1,,0,-1,,0.0399,79.47,2,266744
80.0,1,1,confirm,1.0,-68.13,-84.13,11.81,40,79.93,68.13,597,0.067,0.325,0.026,-0.0643,2,0.0032,373,0.598,0,-1,,0,-1,,0,-1,,0,-1,,0.1,41.04,2,266993
80.0,1,-1,confirm,1.0,-29.27,-45.27,10.97,54,40.24,29.27,202,0.267,1.021,0.21,0.1233,2,0.1382,70,0.3311,0,-1,,0,-1,,0,-1,,0,-1,,0.1769,79.84,2,267590
80.0,1,1,confirm,1.0,19.15,3.15,61.1,1646,41.95,18.24,1938,0.849,0.891,0.109,0.1736,2,0.344,1336,0.8079,1,735,5.47,1,735,5.47,1,1929,28.27,0,-1,,0.0719,40.29,2,267792
80.0,1,-1,confirm,1.0,49.15,33.15,89.2,844,40.05,0.91,1090,0.774,1.149,0.137,0.2501,3,0.6065,405,0.9473,0,-1,,0,-1,,0,-1,,0,-1,,0.5272,41.69,2,269730
80.0,1,1,confirm,1.0,-82.32,-98.32,0.0,0,82.32,82.32,1764,0.0,1.005,0.005,-0.0414,3,0.1779,1591,0.8123,1,662,-56.71,1,1759,-77.75,0,-1,,0,-1,,0.5724,40.41,3,270820
80.0,1,-1,fallback,1.0,-38.73,-54.73,1.84,2,40.58,38.73,99,0.02,3.298,0.043,0.0639,3,0.0931,50,0.4718,0,-1,,0,-1,,0,-1,,0,-1,,0.0349,82.32,3,272584
80.0,1,1,confirm,1.0,-68.9,-84.9,16.54,1089,85.44,68.9,1255,0.868,0.985,0.088,0.0458,4,0.1115,551,0.7724,1,811,-17.46,1,811,-17.46,0,-1,,1,1217,-37.67,0.4275,40.59,3,272683
80.0,1,-1,fallback,1.0,59.2,43.2,98.98,496,39.78,5.55,616,0.805,0.603,0.163,0.0422,4,0.2442,36,0.6224,1,567,70.31,1,567,70.31,1,567,70.31,0,-1,,0.0521,85.3,4,273938
80.0,1,1,confirm,1.0,0.0,-16.0,40.95,23,40.95,-0.0,93,0.247,0.669,0.009,0.0927,4,0.1101,64,0.5165,0,-1,,0,-1,,0,-1,,0,-1,,0.1463,40.18,4,274554
80.0,1,-1,confirm,1.0,33.5,17.5,77.24,172,43.74,3.72,275,0.625,2.4,0.07,0.0361,4,0.0544,248,0.5356,0,-1,,0,-1,,0,-1,,0,-1,,0.5014,40.78,4,274647
80.0,1,1,confirm,1.0,-80.3,-96.3,0.0,0,80.3,80.3,335,0.0,0.72,0.014,-0.0354,4,0.0149,327,0.6405,0,-1,,0,-1,,0,-1,,0,-1,,0.0487,44.08,4,274922
80.0,1,-1,fallback,1.0,-31.06,-47.06,16.94,3,48.0,31.06,25,0.12,1.845,0.109,0.064,4,0.064,3,0.3948,0,-1,,0,-1,,0,-1,,0,-1,,0.3826,80.3,4,275257
80.0,1,1,confirm,1.0,-76.01,-92.01,4.69,3,80.7,76.01,215,0.014,2.966,0.069,-0.0284,4,0.0013,159,0.7612,0,-1,,0,-1,,0,-1,,0,-1,,0.3948,48.09,4,275282
80.0,1,-1,fallback,1.0,-0.95,-16.95,39.71,196,40.66,10.4,226,0.867,2.268,0.116,-0.0256,4,0.0307,25,0.2697,0,-1,,0,-1,,0,-1,,0,-1,,0.1246,80.66,4,275497
80.0,1,1,confirm,1.0,-5.67,-21.67,36.87,813,42.55,52.95,845,0.962,0.879,0.066,-0.0053,4,0.1314,522,0.5633,1,784,8.51,1,784,8.51,0,-1,,0,-1,,0.0011,40.82,4,275723
80.0,1,-1,confirm,1.0,-65.27,-81.27,17.97,22,83.25,65.27,166,0.133,2.824,0.007,0.1285,4,0.1285,22,0.4099,0,-1,,0,-1,,0,-1,,0,-1,,0.3961,42.39,4,276568
80.0,1,1,fallback,1.0,-17.86,-33.86,23.5,138,41.35,17.86,200,0.69,0.3,0.103,-0.0848,4,-0.0564,172,0.5005,0,-1,,0,-1,,0,-1,,0,-1,,0.4099,83.4,4,276734
80.0,1,-1,confirm,1.0,29.19,13.19,69.67,146,40.49,5.65,220,0.664,0.32,0.036,0.1426,4,0.1467,134,0.6374,1,218,32.01,1,218,32.01,0,-1,,0,-1,,0.3663,41.26,4,276934
80.0,1,1,confirm,1.0,-79.32,-95.32,0.94,2,80.26,79.32,171,0.012,0.428,0.002,0.0012,4,0.0976,36,0.536,0,-1,,0,-1,,0,-1,,0,-1,,0.0155,40.77,4,277154
80.0,1,-1,fallback,1.0,-38.07,-54.07,4.76,19,42.83,38.07,46,0.413,1.768,0.166,0.0074,5,0.022,20,0.1883,0,-1,,0,-1,,0,-1,,0,-1,,0.4906,80.26,5,277325
80.0,1,1,confirm,1.0,-2.84,-18.84,49.31,247,52.15,14.22,289,0.855,0.69,0.009,0.0779,5,0.0849,227,0.5188,1,141,-10.43,0,-1,,0,-1,,0,-1,,0.0755,42.85,5,277371
80.0,1,-1,confirm,1.0,-69.24,-85.24,11.38,7,80.62,69.24,156,0.045,1.039,0.017,-0.0353,5,-0.034,4,0.4482,0,-1,,0,-1,,0,-1,,0,-1,,0.3217,51.9,5,277660
80.0,1,1,fallback,1.0,-8.48,-24.48,32.97,41,41.45,8.48,189,0.217,1.616,0.085,0.0223,5,0.0587,1,0.0503,1,53,22.61,0,-1,,0,-1,,0,-1,,0.4192,80.71,5,277816
80.0,1,-1,confirm,1.0,-17.91,-33.91,39.6,234,57.51,17.91,316,0.741,0.749,0.001,0.1339,5,0.171,102,0.568,0,-1,,0,-1,,0,-1,,0,-1,,0.2046,41.31,5,278005
80.0,1,1,confirm,1.0,-9.41,-25.41,31.06,3,40.47,9.41,15,0.2,3.398,0.101,-0.0042,5,-0.0042,3,0.2969,0,-1,,0,-1,,0,-1,,0,-1,,0.0856,57.74,5,278321
80.0,1,-1,confirm,1.0,-77.24,-93.24,4.71,4,81.95,77.24,141,0.028,3.988,0.052,0.0679,5,0.1002,64,0.3287,1,139,-69.71,1,139,-69.71,0,-1,,0,-1,,0.2969,40.34,5,278336
80.0,1,1,fallback,1.0,152.36,136.36,198.17,131,45.8,2.8,178,0.736,2.434,0.208,0.0615,5,0.1844,27,0.6122,0,-1,,0,-1,,0,-1,,0,-1,,0.033,81.99,5,278477
80.0,1,-1,confirm,1.0,54.32,38.32,97.6,643,43.27,23.94,683,0.941,0.571,0.106,0.1863,5,0.1863,643,0.5169,0,-1,,0,-1,,0,-1,,0,-1,,0.1523,44.91,5,278655
80.0,1,1,confirm,1.0,60.17,44.17,100.91,909,40.73,29.62,1046,0.869,0.538,0.108,-0.2255,5,0.1905,49,0.562,1,551,40.73,1,551,40.73,0,-1,,1,647,44.44,0.4792,43.7,5,279338
80.0,1,-1,confirm,1.0,-64.42,-80.42,19.32,82,83.74,64.42,451,0.182,0.828,0.001,0.2923,5,0.3072,38,0.7434,0,-1,,0,-1,,0,-1,,0,-1,,0.3011,40.33,5,280384
80.0,1,1,fallback,1.0,-12.8,-28.8,28.34,284,41.14,21.94,351,0.809,1.447,0.116,-0.0693,6,-0.0426,251,0.4048,0,-1,,0,-1,,0,-1,,0,-1,,0.5244,83.9,6,280835
80.0,1,-1,confirm,1.0,-76.9,-92.9,4.58,3,81.48,76.9,955,0.003,0.45,0.036,0.0538,6,0.0609,108,0.3506,1,244,-13.73,0,-1,,0,-1,,0,-1,,0.1287,41.03,6,281186
80.0,1,1,fallback,1.0,-39.07,-55.07,1.82,19,40.88,39.07,575,0.033,2.74,0.068,0.3293,6,0.3608,65,0.696,1,575,-39.07,1,575,-39.07,1,575,-39.07,0,-1,,0.2022,81.52,6,282141
80.0,1,-1,confirm,1.0,84.82,68.82,126.78,1174,41.96,22.8,1281,0.916,1.5,0.194,0.2493,6,0.3755,783,0.7894,0,-1,,0,-1,,0,-1,,0,-1,,0.5482,40.88,6,282716
80.0,1,1,confirm,1.0,43.23,27.23,84.63,1323,41.39,56.11,1672,0.791,2.627,0.161,0.2237,7,0.2675,1639,0.7616,0,-1,,0,-1,,0,-1,,0,-1,,0.5001,42.49,6,283997
80.0,1,-1,confirm,1.0,5.5,-10.5,45.8,425,40.3,4.58,715,0.594,1.512,0.197,0.0135,7,0.1626,249,0.7207,1,275,33.89,1,275,33.89,0,-1,,1,644,13.74,0.7025,41.05,7,285669
80.0,1,1,confirm,1.0,20.16,4.16,64.15,735,43.99,15.58,1059,0.694,6.27,0.089,-0.0527,7,0.1774,43,0.5805,1,204,2.75,1,204,2.75,0,-1,,1,245,2.75,0.3318,40.49,7,286384
80.0,1,-1,confirm,1.0,-48.47,-64.47,32.01,792,80.48,48.47,1866,0.424,0.697,0.092,0.3229,8,0.5317,887,0.8477,0,-1,,0,-1,,0,-1,,0,-1,,0.0737,43.71,7,287443
80.0,1,1,fallback,1.0,5.46,-10.54,48.24,465,42.78,34.59,696,0.668,3.557,0.119,0.1353,8,0.2195,663,0.9148,0,-1,,0,-1,,0,-1,,0,-1,,0.6222,80.74,8,289309
80.0,1,-1,confirm,1.0,-14.55,-30.55,39.12,2973,53.67,36.39,3290,0.904,0.377,0.031,0.0756,9,0.2686,1140,0.9184,1,570,-8.19,1,570,-8.19,1,1330,-21.83,1,599,-1.82,0.4412,42.57,8,290005
80.0,1,1,confirm,1.0,-59.95,-75.95,20.89,654,80.84,59.95,1144,0.572,0.681,0.036,0.0068,9,0.4598,0,0.8031,1,643,16.35,1,643,16.35,1,643,16.35,1,911,-20.89,0.3037,53.88,9,293295
80.0,1,-1,fallback,1.0,94.12,78.12,137.07,1412,42.95,0.91,1557,0.907,0.768,0.134,0.2201,10,0.5426,833,0.9365,0,-1,,0,-1,,0,-1,,0,-1,,0.0606,80.67,9,294439
80.0,1,1,confirm,1.0,-70.11,-86.11,11.99,661,82.1,70.11,1045,0.633,0.585,0.063,-0.2035,10,-0.0735,947,0.6501,0,-1,,0,-1,,0,-1,,0,-1,,0.8692,43.55,10,295996
80.0,1,-1,fallback,1.0,-26.94,-42.94,13.01,65,39.95,26.94,118,0.551,3.206,0.124,0.3004,10,0.4574,0,0.7149,0,-1,,0,-1,,0,-1,,0,-1,,0.1199,82.0,10,297041
80.0,1,1,confirm,1.0,17.6,1.6,58.37,1820,40.77,61.15,2547,0.715,0.543,0.191,0.186,11,0.5694,845,0.931,1,1162,-21.31,1,1162,-21.31,1,1162,-21.31,1,1162,-21.31,0.2122,40.0,10,297159
80.0,1,-1,confirm,1.0,-76.77,-92.77,8.32,327,85.09,76.77,1972,0.166,0.404,0.071,-0.1185,11,0.2006,1927,0.7672,1,39,-0.92,1,39,-0.92,1,1971,-67.52,1,158,-40.7,0.4966,40.53,11,299706
80.0,1,1,fallback,1.0,1.84,-14.16,42.22,944,40.39,30.29,1027,0.919,3.872,0.187,0.2735,12,0.3567,920,0.8845,1,35,-17.44,0,-1,,0,-1,,0,-1,,0.0609,85.16,11,301678
80.0,1,-1,confirm,1.0,41.3,25.3,82.59,1580,41.3,8.26,1864,0.848,0.32,0.169,-0.3719,12,-0.0297,493,0.8305,0,-1,,0,-1,,0,-1,,0,-1,,0.3136,40.22,12,302705
80.0,1,1,confirm,1.0,84.78,68.78,125.32,990,40.55,33.17,1506,0.657,2.958,0.254,-0.2723,12,0.2743,626,0.8374,1,236,-25.8,1,236,-25.8,1,831,73.72,1,437,-15.67,0.5722,41.64,12,304569
80.0,1,-1,confirm,1.0,-63.05,-79.05,22.84,1867,85.89,63.05,2673,0.698,1.039,0.1,0.3642,13,0.4399,1925,0.829,1,73,-10.96,1,73,-10.96,1,2215,-10.96,1,103,-10.05,0.3918,40.04,13,306075
80.0,1,1,fallback,1.0,-29.06,-45.06,11.8,15,40.86,29.06,136,0.11,4.245,0.152,0.2094,13,0.2179,5,0.503,0,-1,,0,-1,,0,-1,,0,-1,,0.6916,86.09,13,308748
80.0,1,-1,confirm,1.0,-71.03,-87.03,12.75,506,83.78,71.03,1225,0.413,0.974,0.126,0.0822,13,0.1401,481,0.687,1,572,6.37,1,572,6.37,0,-1,,1,636,-4.55,0.44,40.81,13,308884
80.0,1,1,fallback,1.0,-23.51,-39.51,17.18,865,40.69,33.46,1020,0.848,1.856,0.057,0.3539,14,0.3839,269,0.7255,0,-1,,0,-1,,0,-1,,0,-1,,0.6336,83.89,14,310109
80.0,1,-1,confirm,1.0,108.76,92.76,149.55,3214,40.79,58.01,3318,0.969,2.835,0.09,0.1363,15,0.494,459,0.8928,1,825,-42.6,1,825,-42.6,1,825,-42.6,1,1056,-41.69,0.7253,40.62,14,311129
80.0,1,1,confirm,1.0,1.83,-14.17,42.15,49,40.32,0.92,125,0.392,1.649,0.065,0.0033,15,0.0211,61,0.6641,0,-1,,0,-1,,0,-1,,0,-1,,0.3884,41.41,15,314447
80.0,1,-1,confirm,1.0,-61.38,-77.38,20.16,99,81.54,61.38,1089,0.091,0.205,0.036,0.0422,15,0.0422,99,0.8597,0,-1,,0,-1,,0,-1,,0,-1,,0.6176,40.15,15,314572
80.0,1,1,fallback,1.0,-19.12,-35.12,22.76,309,41.89,19.12,439,0.704,2.203,0.119,0.0143,15,0.0902,0,0.8763,1,1,1.82,0,-1,,0,-1,,0,-1,,0.3828,81.7,15,315661
80.0,1,-1,confirm,1.0,7.3,-8.7,47.44,2062,40.14,52.0,2281,0.904,2.065,0.141,0.1121,16,0.503,747,0.9514,1,853,-17.33,1,853,-17.33,1,853,-17.33,1,853,-17.33,0.8461,41.79,15,316100
80.0,1,1,confirm,1.0,9.13,-6.87,51.13,1262,42.0,63.91,1661,0.76,7.033,0.251,0.1689,16,0.4202,1232,0.9573,1,34,-24.65,1,34,-24.65,1,1455,38.35,1,34,-24.65,0.1846,40.33,16,318381
80.0,1,-1,confirm,1.0,21.89,5.89,62.03,1001,40.13,15.51,1142,0.877,0.898,0.176,-0.0338,17,0.3772,171,0.7896,1,394,2.74,1,394,2.74,1,394,2.74,1,394,2.74,0.1337,41.78,16,320042
80.0,1,1,confirm,1.0,-76.79,-92.79,3.66,25,80.45,76.79,1593,0.016,1.417,0.035,-0.1266,17,0.3393,1484,0.9749,1,1554,-69.48,1,1554,-69.48,1,1554,-69.48,0,-1,,0.2706,40.39,17,321184
80.0,1,-1,fallback,1.0,-26.72,-42.72,14.74,35,41.46,26.72,290,0.121,2.536,0.1,0.0911,17,0.1895,263,0.6734,0,-1,,0,-1,,0,-1,,0,-1,,0.4162,80.42,17,322777
80.0,1,1,confirm,1.0,-69.83,-85.83,11.03,60,80.85,69.83,1319,0.045,1.007,0.062,-0.162,17,0.286,1231,0.9159,1,661,-62.48,1,1319,-69.83,1,1319,-69.83,0,-1,,0.2527,41.52,17,323067
80.0,1,-1,fallback,1.0,-26.83,-42.83,14.8,177,41.64,26.83,931,0.19,0.661,0.116,0.0616,18,0.0682,54,0.7838,1,72,2.78,0,-1,,0,-1,,0,-1,,0.271,80.76,18,324386
80.0,1,1,confirm,1.0,16.61,0.61,57.21,2932,40.6,26.76,3305,0.887,1.362,0.186,0.3726,19,0.3832,2921,0.9637,1,486,17.53,1,486,17.53,1,486,17.53,1,521,-6.46,0.6053,41.7,18,325317
80.0,1,-1,confirm,1.0,27.64,11.64,69.09,2709,41.46,21.19,4562,0.594,4.452,0.17,0.543,20,0.543,2709,0.9358,1,254,-2.76,1,254,-2.76,1,1249,20.27,1,271,-3.68,0.2842,40.37,19,328622
80.0,1,1,confirm,1.0,63.74,47.74,104.39,3623,40.65,5.54,4367,0.83,1.427,0.132,0.1258,21,0.4326,2514,0.9807,1,16,-0.92,1,153,8.31,1,1535,18.48,1,488,0.92,0.7089,41.74,20,333184
80.0,1,-1,confirm,1.0,14.69,-1.31,55.99,1180,41.31,10.1,1938,0.609,1.935,0.211,0.2487,22,0.3744,1174,0.9292,1,54,0.92,1,54,0.92,1,54,0.92,1,425,-2.75,0.1103,40.23,21,337551
80.0,1,1,confirm,1.0,-10.11,-26.11,30.34,3399,40.45,57.0,4011,0.847,3.082,0.027,-0.2417,23,0.5217,2266,0.9932,1,1138,-31.26,1,1138,-31.26,1,1138,-31.26,1,2992,22.98,0.3193,41.54,22,339489
80.0,1,-1,confirm,1.0,-75.46,-91.46,5.52,32,80.98,75.46,981,0.033,2.739,0.194,0.2047,23,0.2352,45,0.7255,1,205,-17.48,1,205,-17.48,1,205,-17.48,1,249,-20.24,0.015,40.33,23,343500
80.0,1,1,fallback,1.0,-15.53,-31.53,24.66,2998,40.19,38.36,3748,0.8,3.076,0.202,0.3823,0,0.4202,3188,0.9498,1,785,-13.7,1,785,-13.7,1,785,-13.7,1,785,-13.7,0.7222,81.02,23,344481
80.0,1,-1,confirm,1.0,-4.57,-20.57,42.08,998,46.65,4.57,1190,0.839,0.469,0.177,-0.1708,1,0.5241,367,0.9188,1,719,24.7,1,719,24.7,1,719,24.7,1,889,31.1,0.6351,40.09,0,348229
80.0,1,1,confirm,1.0,201.15,185.15,243.21,1979,42.06,-0.0,2096,0.944,1.147,0.163,0.0098,1,0.4861,13,0.8955,1,1354,165.49,1,1354,165.49,1,1354,165.49,1,1407,169.15,0.2494,46.85,1,349419
80.0,1,-1,confirm,1.0,35.85,19.85,76.19,3176,40.33,32.27,3593,0.884,0.464,0.05,0.0501,2,0.3693,2299,0.9245,1,280,8.96,1,280,8.96,1,280,8.96,1,576,-8.07,0.3114,41.06,1,351515
80.0,1,1,confirm,1.0,63.87,47.87,106.14,727,42.28,2.7,825,0.881,4.814,0.297,-0.1012,2,0.0924,2,0.8252,1,3,0.0,0,-1,,0,-1,,0,-1,,0.421,40.64,2,355108
80.0,1,-1,confirm,1.0,34.86,18.86,75.08,5629,40.22,51.84,6152,0.915,1.669,0.115,0.0834,4,0.4401,4771,0.925,1,368,-7.15,1,368,-7.15,1,368,-7.15,1,532,4.47,0.0081,41.83,2,355933
80.0,1,1,confirm,1.0,53.82,37.82,95.97,2350,42.16,-0.0,2448,0.96,7.026,0.153,0.3951,5,0.4311,2348,0.9781,1,1588,50.23,1,1588,50.23,1,1588,50.23,1,1831,49.33,0.7706,40.53,4,362085
80.0,1,-1,confirm,1.0,1.78,-14.22,43.71,2925,41.93,54.42,3714,0.788,1.027,0.175,-0.0176,6,0.2575,1103,0.9186,1,783,-24.09,1,1253,-12.49,1,1253,-12.49,1,1589,-5.35,0.5661,41.76,5,364533
80.0,1,1,confirm,1.0,36.58,20.58,77.63,1192,41.05,8.92,2564,0.465,1.798,0.158,0.2971,6,0.4594,2040,0.9722,1,601,11.6,1,601,11.6,1,601,11.6,1,2244,55.32,0.2554,42.11,6,368247
80.0,1,-1,confirm,1.0,-64.01,-80.01,16.89,110,80.9,64.01,2071,0.053,3.954,0.207,0.6653,7,0.6809,133,0.8692,1,585,-40.01,1,585,-40.01,1,585,-40.01,1,668,-42.67,0.1737,40.73,7,370811
80.0,1,1,fallback,1.0,3.53,-12.47,46.82,1489,43.29,4.42,1843,0.808,1.01,0.116,0.1072,7,0.1495,1517,0.9385,1,411,-2.65,1,411,-2.65,0,-1,,1,985,14.13,0.8692,81.04,7,372882
80.0,1,-1,confirm,1.0,-65.35,-81.35,17.66,113,83.01,65.35,1378,0.082,0.426,0.126,0.1712,8,0.4986,235,0.8925,1,600,-10.6,1,600,-10.6,1,600,-10.6,1,646,-16.78,0.5265,43.08,8,374725
80.0,1,1,fallback,1.0,-39.48,-55.48,0.88,9,40.36,39.48,219,0.041,2.552,0.229,0.0092,8,0.0561,30,0.4529,1,97,-10.53,0,-1,,0,-1,,0,-1,,0.5467,83.16,8,376103
80.0,1,-1,confirm,1.0,-80.16,-96.16,1.76,11,81.92,80.16,887,0.012,0.541,0.024,0.1339,8,0.1407,38,0.708,1,244,-20.26,1,244,-20.26,0,-1,,1,391,-46.68,0.4039,40.35,8,376322
80.0,1,1,fallback,1.0,148.55,132.55,196.61,1174,48.06,0.87,1577,0.744,0.348,0.198,0.2309,9,0.5022,671,0.8697,1,112,46.31,1,112,46.31,1,1506,174.76,0,-1,,0.6074,81.93,8,377209
80.0,1,-1,confirm,1.0,14.64,-1.36,56.83,672,42.19,74.05,956,0.703,0.91,0.124,-0.01,9,0.0587,0,0.7614,1,1,-0.0,0,-1,,0,-1,,0,-1,,0.3211,47.13,9,378786
80.0,1,1,confirm,1.0,-60.36,-76.36,19.83,36,80.19,60.36,313,0.115,1.086,0.055,0.0883,9,0.0938,60,0.4153,1,112,-1.72,0,-1,,0,-1,,0,-1,,0.3212,42.43,9,379742
80.0,1,-1,fallback,1.0,18.22,2.22,58.99,911,40.77,3.47,1086,0.839,0.838,0.125,0.2584,9,0.3765,671,0.8041,0,-1,,0,-1,,0,-1,,0,-1,,0.0692,80.03,9,380055
80.0,1,1,confirm,1.0,-79.96,-95.96,0.87,1,80.83,79.96,590,0.002,0.871,0.023,-0.1365,9,-0.0242,380,0.6407,0,-1,,0,-1,,0,-1,,0,-1,,0.1684,41.02,9,381141
80.0,1,-1,fallback,1.0,35.04,19.04,75.35,2953,40.3,23.66,3858,0.765,0.72,0.07,0.3448,10,0.4912,2702,0.9316,1,190,-19.27,1,190,-19.27,1,190,-19.27,1,235,-3.5,0.0258,80.82,10,381731
80.0,1,1,confirm,1.0,-58.03,-74.03,30.77,1940,88.8,58.03,3790,0.512,1.082,0.09,0.1953,11,0.2565,211,0.9112,1,274,-16.7,1,274,-16.7,1,274,-16.7,1,376,-26.38,0.7272,40.61,11,385589
80.0,1,-1,fallback,1.0,40.68,24.68,82.24,282,41.56,5.31,337,0.837,1.537,0.195,0.0752,12,0.3177,0,0.4343,1,162,39.79,1,162,39.79,1,162,39.79,0,-1,,0.0377,88.53,12,389379
80.0,1,1,confirm,1.0,-64.82,-80.82,15.98,58,80.8,64.82,1131,0.051,0.788,0.111,-0.0569,12,0.109,850,0.7178,1,903,-27.53,1,903,-27.53,0,-1,,1,939,-24.86,0.1442,41.91,12,389716
80.0,1,-1,fallback,1.0,-43.79,-59.79,0.89,2,44.69,43.79,61,0.033,2.7,0.063,0.1538,12,0.171,42,0.4419,0,-1,,0,-1,,0,-1,,0,-1,,0.1886,80.67,12,390847
80.0,1,1,confirm,1.0,79.2,63.2,120.13,7283,40.93,47.16,7499,0.971,0.347,0.102,-0.1234,14,0.3045,5506,0.9263,1,1415,0.89,1,1415,0.89,1,1415,0.89,1,1439,-5.34,0.4419,44.69,12,390908
80.0,1,-1,confirm,1.0,-44.14,-60.14,37.08,606,81.22,44.14,6720,0.09,0.425,0.093,0.2001,14,0.54,4453,0.9438,1,760,-0.0,1,760,-0.0,1,760,-0.0,1,827,11.48,0.2083,40.45,14,398407
80.0,1,1,fallback,1.0,-25.49,-41.49,15.82,1330,41.31,25.49,1523,0.873,1.717,0.081,-0.1894,16,0.3042,229,0.8675,1,600,0.0,1,600,0.0,1,600,0.0,1,744,-2.64,0.0223,81.52,16,405127
80.0,1,-1,confirm,1.0,-79.31,-95.31,1.76,29,81.07,79.31,848,0.034,1.321,0.088,0.2792,16,0.3135,366,0.9491,1,575,-59.04,1,575,-59.04,1,575,-59.04,1,842,-76.67,0.097,41.25,16,406650
80.0,1,1,fallback,1.0,7.87,-8.13,49.83,3028,41.97,17.49,3195,0.948,2.344,0.153,0.2063,18,0.3314,1903,0.9587,1,289,13.11,1,289,13.11,1,289,13.11,1,594,-7.87,0.3756,81.09,17,407498
80.0,1,-1,confirm,1.0,73.38,57.38,114.44,3495,41.06,56.78,3574,0.978,2.049,0.236,0.427,19,0.6044,3139,0.9739,1,236,-20.09,1,556,-45.43,1,556,-45.43,1,578,-54.16,0.8487,41.76,18,410693
80.0,1,1,confirm,1.0,-65.12,-81.12,14.96,22,80.08,65.12,329,0.067,0.748,0.103,-0.3338,19,-0.2278,166,0.425,0,-1,,0,-1,,0,-1,,0,-1,,0.5554,41.53,19,414267
80.0,1,-1,fallback,1.0,7.09,-8.91,46.95,562,39.86,54.92,729,0.771,1.229,0.107,0.2113,19,0.3985,708,0.7675,0,-1,,0,-1,,0,-1,,0,-1,,0.3666,79.96,19,414596
80.0,1,1,confirm,1.0,-11.52,-27.52,30.14,2925,41.66,62.05,3223,0.908,1.086,0.226,0.1321,20,0.2498,2559,0.9218,1,1031,-28.37,1,1031,-28.37,1,2280,-46.1,1,1031,-28.37,0.6811,40.05,19,415325
80.0,1,-1,confirm,1.0,-78.98,-94.98,2.66,7,81.65,78.98,385,0.018,0.864,0.002,0.1032,20,0.1033,8,0.5032,1,53,-4.44,1,53,-4.44,0,-1,,1,81,-10.65,0.0306,41.54,20,418548
80.0,1,1,fallback,1.0,-35.22,-51.22,6.16,35,41.38,35.22,834,0.042,1.656,0.133,0.3007,20,0.3543,6,0.8558,0,-1,,0,-1,,0,-1,,0,-1,,0.4423,81.67,20,418933
80.0,1,-1,confirm,1.0,7.95,-8.05,52.13,4443,44.18,23.86,4967,0.895,1.316,0.022,0.3405,21,0.4782,4809,0.9731,1,907,-18.56,1,907,-18.56,1,907,-18.56,1,907,-18.56,0.2017,41.36,20,419767
80.0,1,1,confirm,1.0,313.94,297.94,359.92,985,45.99,21.22,994,0.991,6.281,0.324,0.0321,22,0.1694,854,0.7492,1,519,-3.54,1,519,-3.54,0,-1,,1,702,7.96,0.719,44.41,21,424734
80.0,1,-1,confirm,1.0,64.31,48.31,104.6,101,40.3,5.14,141,0.716,0.851,0.137,-0.0139,22,-0.0044,0,0.0705,0,-1,,0,-1,,0,-1,,0,-1,,0.0374,44.39,22,425728
80.0,1,1,confirm,1.0,-49.19,-65.19,31.93,17,81.12,49.19,336,0.051,0.398,0.157,0.0167,22,0.0235,14,0.3414,0,-1,,0,-1,,0,-1,,0,-1,,0.0477,40.72,22,425869
80.0,1,-1,fallback,1.0,-27.75,-43.75,19.08,161,46.83,31.22,193,0.834,0.491,0.043,-0.0408,22,0.0104,0,0.4227,0,-1,,0,-1,,0,-1,,0,-1,,0.0048,80.86,22,426205
80.0,1,1,confirm,1.0,10.38,-5.62,51.02,694,40.65,69.19,760,0.913,1.032,0.053,-0.1827,22,0.1438,117,0.4504,1,273,-32.0,1,273,-32.0,0,-1,,1,444,-44.97,0.1415,46.92,22,426398
80.0,1,-1,confirm,1.0,19.01,3.01,60.48,1018,41.47,41.47,1108,0.919,1.128,0.126,0.1593,22,0.19,38,0.6997,1,1075,33.69,1,1075,33.69,0,-1,,0,-1,,0.3143,40.44,22,427158
80.0,1,1,confirm,1.0,2.6,-13.4,43.28,1975,40.68,39.82,2259,0.874,0.527,0.095,0.1229,23,0.3312,2254,0.8817,1,80,-12.12,1,1631,-14.71,1,1631,-14.71,0,-1,,0.5196,41.72,22,428266
80.0,1,-1,confirm,1.0,19.9,3.9,59.71,2186,39.81,41.54,2747,0.796,1.697,0.116,0.3401,0,0.3923,2114,0.9017,1,751,-23.36,1,751,-23.36,1,1581,12.98,1,2518,32.02,0.7635,40.51,23,430525
80.0,1,1,confirm,1.0,41.62,25.62,86.71,599,45.09,26.88,671,0.893,1.907,0.18,0.1406,0,0.3479,35,0.9441,1,432,29.48,1,432,29.48,1,432,29.48,0,-1,,0.113,40.05,0,433272
80.0,1,-1,confirm,1.0,-79.44,-95.44,2.59,1,82.03,79.44,454,0.002,1.739,0.121,-0.0677,0,-0.0535,9,0.5113,0,-1,,0,-1,,0,-1,,0,-1,,0.7057,44.7,0,433943
80.0,1,1,fallback,1.0,-41.98,-57.98,3.43,22,45.4,41.98,73,0.301,1.114,0.12,0.2636,0,0.3258,1,0.2834,0,-1,,0,-1,,0,-1,,0,-1,,0.2666,82.05,0,434397
80.0,1,-1,confirm,1.0,124.74,108.74,164.32,2702,39.57,31.83,2794,0.967,0.711,0.106,0.116,1,0.1925,1363,0.811,1,1314,-13.76,1,1535,14.62,0,-1,,1,1798,61.94,0.3053,45.39,0,434470
80.0,1,1,confirm,1.0,28.75,12.75,69.69,1081,40.94,47.04,1354,0.798,0.735,0.11,-0.1173,1,-0.0054,887,0.6026,0,-1,,0,-1,,0,-1,,0,-1,,0.0948,40.23,1,437264
80.0,1,-1,confirm,1.0,-75.57,-91.57,5.21,2,80.79,75.57,1358,0.001,0.968,0.004,0.1296,1,0.1682,1016,0.9498,1,286,-19.98,1,286,-19.98,0,-1,,1,433,-48.64,0.0759,40.66,1,438618
80.0,1,1,fallback,1.0,-34.49,-50.49,6.04,11,40.52,34.49,308,0.036,0.895,0.066,0.1614,2,0.2062,2,0.5288,1,69,0.0,1,69,0.0,1,69,0.0,1,307,-33.62,0.0063,80.83,2,439976
80.0,1,-1,confirm,1.0,-11.25,-27.25,31.14,1863,42.39,51.04,2525,0.738,1.395,0.196,0.159,2,0.2563,2073,0.9373,1,361,-19.03,1,361,-19.03,1,361,-19.03,1,607,-31.14,0.0402,40.5,2,440284
80.0,1,1,confirm,1.0,-44.94,-60.94,35.43,631,80.37,44.94,1685,0.374,2.225,0.107,0.0904,3,0.279,198,0.9931,1,23,0.86,1,23,0.86,1,600,1.73,1,1081,-11.23,0.7274,42.52,3,442809
80.0,1,-1,fallback,1.0,32.99,16.99,72.92,2296,39.93,11.28,2508,0.915,5.713,0.243,0.472,4,0.472,2296,0.9351,1,80,18.23,1,1645,-0.0,1,1645,-0.0,1,1688,-6.94,0.4242,80.08,3,444494
80.0,1,1,confirm,1.0,-63.58,-79.58,18.29,32,81.87,63.58,1945,0.016,1.496,0.042,-0.2004,4,0.2246,1338,0.8467,1,1203,-41.8,1,1511,-41.8,1,1511,-41.8,1,1554,-47.9,0.5301,40.22,4,447002
80.0,1,-1,fallback,1.0,-30.68,-46.68,12.27,72,42.95,30.68,467,0.154,1.221,0.144,0.2872,4,0.293,57,0.8837,1,416,-21.04,1,416,-21.04,1,416,-21.04,0,-1,,0.5853,81.72,4,448947
80.0,1,1,confirm,1.0,-72.53,-88.53,6.99,145,79.52,72.53,1504,0.096,1.288,0.1,0.2075,4,0.313,214,0.8846,1,30,-10.49,1,584,-36.7,1,584,-36.7,1,1006,-53.3,0.6106,43.0,4,449414
80.0,1,-1,confirm,1.0,-24.65,-40.65,18.48,669,43.13,34.33,750,0.892,1.677,0.1,0.1157,5,0.3034,10,0.7315,1,500,-14.08,1,500,-14.08,1,500,-14.08,1,591,-7.04,0.5034,79.46,5,450918
80.0,1,1,confirm,1.0,-0.88,-16.88,39.51,3308,40.39,60.58,4952,0.668,1.175,0.105,0.0076,6,0.5857,2075,0.8974,1,362,-23.71,1,362,-23.71,1,1904,-31.61,1,860,-60.58,0.6168,43.21,5,451668
80.0,1,-1,confirm,1.0,-73.76,-89.76,7.02,750,80.79,73.76,1878,0.399,0.155,0.129,0.3025,7,0.3328,1013,0.8883,1,379,-15.81,1,1268,-18.44,1,1268,-18.44,1,1278,-24.59,0.4075,40.23,6,456620
80.0,1,1,fallback,1.0,-8.72,-24.72,32.25,1628,40.97,9.59,2329,0.699,0.873,0.133,0.393,7,0.4612,469,0.9277,1,920,-4.36,1,920,-4.36,1,920,-4.36,1,972,-6.97,0.1797,80.84,7,458498
80.0,1,-1,confirm,1.0,35.77,19.77,77.65,1366,41.88,6.11,2049,0.667,1.222,0.206,0.472,8,0.5224,1307,0.952,0,-1,,0,-1,,0,-1,,0,-1,,0.7571,40.84,8,460827
80.0,1,1,confirm,1.0,7.0,-9.0,47.28,2815,40.28,51.66,3571,0.788,0.954,0.143,0.3982,9,0.4141,2833,0.984,1,1591,-16.64,1,1591,-16.64,1,3383,22.77,1,1799,2.63,0.1407,42.21,8,462876
80.0,1,-1,confirm,1.0,-68.25,-84.25,15.75,109,84.0,68.25,1567,0.07,1.447,0.214,0.2164,9,0.3465,764,0.9589,1,1063,-56.87,1,1063,-56.87,1,1063,-56.87,1,1130,-51.62,0.5609,40.09,9,466447
80.0,1,1,fallback,1.0,-26.07,-42.07,14.77,47,40.84,26.07,1150,0.041,4.198,0.115,0.5173,10,0.5239,65,0.9713,1,625,-8.69,1,625,-8.69,1,625,-8.69,1,641,-13.04,0.67,84.13,10,468014
80.0,1,-1,confirm,1.0,-48.79,-64.79,39.21,1905,88.0,48.79,3095,0.616,2.481,0.203,0.4324,10,0.4561,2276,0.9266,1,32,1.74,1,1335,-4.36,1,1335,-4.36,1,2851,26.14,0.6849,40.78,10,469164
80.0,1,1,fallback,1.0,62.43,46.43,104.05,1687,41.62,24.28,1993,0.846,0.869,0.102,0.3712,11,0.5144,1367,0.9182,1,600,25.15,1,600,25.15,1,600,25.15,0,-1,,0.787,88.35,11,472259
80.0,1,-1,confirm,1.0,62.04,46.04,103.4,1305,41.36,13.79,1455,0.897,1.564,0.125,-0.0534,12,-0.0262,1417,0.8981,0,-1,,0,-1,,0,-1,,0,-1,,0.2278,41.19,11,474252
80.0,1,1,confirm,1.0,6.94,-9.06,48.56,1358,41.62,58.96,1414,0.96,2.231,0.187,0.2457,12,0.3235,1310,0.8396,1,138,-8.67,0,-1,,0,-1,,0,-1,,0.2209,41.79,12,475707
80.0,1,-1,confirm,1.0,-77.12,-93.12,5.2,36,82.32,77.12,690,0.052,2.678,0.062,-0.232,12,-0.0073,614,0.8036,0,-1,,0,-1,,0,-1,,0,-1,,0.0738,41.42,12,477121
80.0,1,1,fallback,1.0,24.08,8.08,64.49,1018,40.41,16.34,1064,0.957,1.771,0.153,0.3351,13,0.3382,1009,0.8541,1,621,6.02,1,621,6.02,1,621,6.02,1,638,-4.3,0.3327,82.36,12,477811
80.0,1,-1,confirm,1.0,44.6,28.6,84.92,1963,40.32,36.88,2046,0.959,0.433,0.151,0.2808,13,0.3263,1860,0.7895,1,935,-6.0,1,935,-6.0,1,935,-6.0,1,1090,12.01,0.4758,40.15,13,478875
80.0,1,1,confirm,1.0,4.31,-11.69,45.67,44,41.36,0.86,150,0.293,1.264,0.038,-0.1624,13,-0.1509,91,0.4492,0,-1,,0,-1,,0,-1,,0,-1,,0.0147,40.66,13,480921
80.0,1,-1,confirm,1.0,-50.81,-66.81,32.73,1595,83.54,50.81,3070,0.52,1.653,0.117,0.1972,14,0.3525,2991,0.8955,1,259,10.34,1,259,10.34,1,259,10.34,1,460,6.03,0.4067,41.17,13,481071
80.0,1,1,fallback,1.0,-16.28,-32.28,23.99,258,40.27,16.28,822,0.314,1.408,0.107,-0.1134,14,-0.0832,111,0.5495,0,-1,,0,-1,,0,-1,,0,-1,,0.3403,83.82,14,484141
80.0,1,-1,confirm,1.0,-79.82,-95.82,2.57,14,82.4,79.82,905,0.015,0.401,0.07,0.1835,14,0.1928,1,0.9462,1,208,-16.31,1,208,-16.31,0,-1,,1,304,-32.62,0.0004,40.18,14,484963
80.0,1,1,fallback,1.0,48.54,32.54,91.11,967,42.57,22.99,1094,0.884,1.301,0.229,0.1194,15,0.3665,201,0.6334,1,522,4.26,1,522,4.26,1,522,4.26,0,-1,,0.354,82.42,14,485868
80.0,1,-1,confirm,1.0,51.69,35.69,92.37,879,40.67,15.25,1778,0.494,1.711,0.172,0.0585,15,0.2908,445,0.9141,1,1494,72.88,1,1494,72.88,1,1494,72.88,1,1650,71.18,0.0888,42.19,15,486962
80.0,1,1,confirm,1.0,4.26,-11.74,45.14,436,40.89,11.07,597,0.73,2.095,0.168,0.2129,15,0.2888,2,0.8538,1,568,11.07,1,568,11.07,1,568,11.07,0,-1,,0.2114,41.05,15,488740
80.0,1,-1,confirm,1.0,16.18,0.18,56.19,331,40.02,0.0,466,0.71,1.399,0.135,0.0535,16,0.2158,450,0.9825,0,-1,,0,-1,,0,-1,,0,-1,,0.5827,40.7,15,489337
80.0,1,1,confirm,1.0,0.0,-16.0,40.93,910,40.93,17.91,1491,0.61,0.989,0.13,0.181,16,0.2347,999,0.8941,0,-1,,0,-1,,0,-1,,0,-1,,0.0025,40.24,16,489803
80.0,1,-1,confirm,1.0,23.88,7.88,63.96,405,40.08,1.71,503,0.805,2.341,0.229,0.2609,16,0.2762,481,0.6963,1,169,26.44,0,-1,,0,-1,,0,-1,,0.8638,40.77,16,491294
80.0,1,1,confirm,1.0,-76.08,-92.08,3.42,326,79.5,76.08,1617,0.202,0.511,0.015,-0.165,16,0.1306,1340,0.8934,1,1205,-43.6,1,1344,-47.87,0,-1,,0,-1,,0.2585,40.34,16,491797
80.0,1,-1,confirm,1.0,-28.43,-44.43,13.78,9,42.21,28.43,131,0.069,2.423,0.137,0.0002,17,0.0172,30,0.2095,0,-1,,0,-1,,0,-1,,0,-1,,0.7665,79.47,17,493414
80.0,1,1,confirm,1.0,-3.44,-19.44,36.94,1409,40.37,51.54,1580,0.892,1.823,0.206,0.2194,17,0.3187,660,0.8816,1,1041,-6.01,1,1041,-6.01,1,1041,-6.01,0,-1,,0.0238,42.27,17,493545
80.0,1,-1,confirm,1.0,-43.82,-59.82,36.95,238,80.77,43.82,1033,0.23,1.29,0.163,0.1024,17,0.1836,1006,0.8217,1,394,14.61,1,394,14.61,0,-1,,1,394,14.61,0.3792,40.22,17,495125
80.0,1,1,fallback,1.0,43.63,27.63,88.97,1061,45.34,3.42,1486,0.714,0.881,0.205,0.2888,18,0.5219,825,0.9572,1,1356,58.17,1,1356,58.17,1,1356,58.17,1,1417,56.46,0.1682,81.07,17,496158
80.0,1,-1,confirm,1.0,-60.48,-76.48,22.15,1431,82.62,60.48,3966,0.361,1.133,0.167,0.047,18,0.3979,2070,0.8933,1,58,-12.78,1,58,-12.78,1,1766,-17.04,1,58,-12.78,0.4008,44.94,18,497644
80.0,1,1,fallback,1.0,4.23,-11.77,45.72,740,41.49,5.93,1195,0.619,1.255,0.054,-0.0404,19,0.3573,124,0.7257,1,654,16.09,1,654,16.09,1,654,16.09,0,-1,,0.168,82.81,19,501610
80.0,1,-1,confirm,1.0,27.08,11.08,66.86,1071,39.78,22.85,1168,0.917,0.628,0.142,-0.0036,19,0.1689,563,0.8133,1,600,5.92,1,600,5.92,0,-1,,1,1136,40.62,0.2484,41.3,19,502805
80.0,1,1,confirm,1.0,-52.61,-68.61,27.16,368,79.77,52.61,818,0.45,0.705,0.063,0.0428,20,0.0955,610,0.6895,1,10,-4.24,0,-1,,0,-1,,0,-1,,0.2563,40.04,19,503973
80.0,1,-1,confirm,1.0,-12.8,-28.8,27.3,480,40.1,17.92,842,0.57,0.399,0.168,0.1697,20,0.215,2,0.8665,1,507,19.62,1,507,19.62,1,507,19.62,1,511,17.06,0.4402,79.55,20,504791
80.0,1,1,confirm,1.0,2.56,-13.44,43.45,796,40.9,26.41,1436,0.554,0.881,0.196,0.0974,20,0.4047,66,0.8764,1,308,11.08,1,308,11.08,1,308,11.08,1,369,16.19,0.5244,40.21,20,505633
80.0,1,-1,confirm,1.0,-78.36,-94.36,5.96,107,84.33,78.36,997,0.107,1.214,0.17,0.1672,20,0.1963,23,0.9233,1,292,-10.22,1,292,-10.22,0,-1,,1,381,-15.33,0.8212,40.72,20,507069
80.0,1,1,fallback,1.0,-12.68,-28.68,27.89,1136,40.57,21.97,3110,0.365,0.942,0.059,0.0429,21,0.3647,64,0.9347,1,419,5.07,1,419,5.07,1,419,5.07,1,704,-20.28,0.3595,84.38,21,508066
80.0,1,-1,confirm,1.0,42.31,26.31,82.93,1171,40.62,0.0,1330,0.88,1.669,0.108,-0.0516,22,0.4044,154,0.9142,1,753,60.93,1,753,60.93,1,753,60.93,1,1070,67.7,0.3063,40.46,21,511176
80.0,1,1,confirm,1.0,-0.85,-16.85,41.64,3069,42.49,28.04,3290,0.933,8.002,0.129,0.7982,23,0.8089,3057,0.9725,1,189,13.6,1,189,13.6,1,2678,0.0,1,243,17.85,0.1983,40.96,22,512506
80.0,1,-1,confirm,1.0,52.69,36.69,92.64,3568,39.95,1.7,3609,0.989,2.551,0.108,0.5965,0,0.5965,3568,0.9756,1,1537,42.5,1,1537,42.5,1,1537,42.5,0,-1,,0.9514,42.32,23,515796
80.0,1,1,confirm,1.0,-71.77,-87.77,8.54,14,80.31,71.77,388,0.036,3.33,0.072,-0.5043,0,-0.4368,91,0.443,0,-1,,0,-1,,0,-1,,0,-1,,0.6974,40.32,0,519405
80.0,1,-1,fallback,1.0,30.12,14.12,70.57,953,40.45,1.72,1114,0.855,1.034,0.083,0.463,0,0.6296,470,0.97,0,-1,,0,-1,,0,-1,,0,-1,,0.3081,80.25,0,519793
80.0,1,1,confirm,1.0,-75.1,-91.1,14.67,27,89.77,75.1,4166,0.006,0.555,0.04,-0.2127,0,0.4535,2290,0.9434,1,3047,-18.99,1,3047,-18.99,1,3047,-18.99,1,3747,-56.11,0.6792,40.73,0,520907
80.0,1,-1,fallback,1.0,-40.01,-56.01,1.74,27,41.75,40.01,713,0.038,2.681,0.123,0.2975,1,0.3029,29,0.7249,0,-1,,0,-1,,0,-1,,0,-1,,0.0839,89.64,1,525073
80.0,1,1,confirm,1.0,-77.96,-93.96,1.73,49,79.7,77.96,1953,0.025,1.116,0.159,-0.0974,2,0.4721,1824,0.9567,1,766,-50.24,1,766,-50.24,1,766,-50.24,1,1130,-55.44,0.5562,41.75,2,525786
80.0,1,-1,confirm,1.0,-24.45,-40.45,16.59,172,41.03,24.45,574,0.3,2.324,0.133,0.0253,2,0.1361,321,0.6394,1,401,-17.46,1,401,-17.46,0,-1,,0,-1,,0.4238,79.68,2,527739
80.0,1,1,confirm,1.0,29.61,13.61,70.55,1911,40.93,17.42,2332,0.819,1.132,0.068,0.0623,3,0.4102,2239,0.9686,1,352,-7.84,1,691,31.35,1,1837,63.58,1,876,34.84,0.515,41.1,2,528313
80.0,1,-1,confirm,1.0,-76.42,-92.42,8.68,458,85.1,76.42,4197,0.109,0.85,0.095,-0.0886,3,0.5524,3310,0.9881,1,645,1.74,1,645,1.74,1,1255,-26.05,1,1557,-31.26,0.5067,40.65,3,530645
80.0,1,1,fallback,1.0,64.63,48.63,106.0,418,41.37,6.89,502,0.833,0.906,0.195,0.2982,4,0.3966,47,0.6332,0,-1,,0,-1,,0,-1,,0,-1,,0.6686,85.17,4,534842
80.0,1,-1,confirm,1.0,6.85,-9.15,47.09,1843,40.24,27.4,2056,0.896,0.161,0.061,0.1035,5,0.3553,1964,0.9373,1,1145,9.42,1,1145,9.42,0,-1,,1,1356,0.86,0.4536,40.93,4,535344
80.0,1,1,confirm,1.0,36.84,20.84,77.97,1210,41.13,12.85,2131,0.568,1.037,0.229,0.044,5,0.5549,2021,0.9486,1,1214,70.26,1,1214,70.26,1,1214,70.26,1,1292,54.84,0.39,40.43,5,537400
80.0,1,-1,confirm,1.0,1.71,-14.29,41.83,5852,40.12,46.1,6442,0.908,1.388,0.19,0.6576,7,0.8336,5712,0.9905,1,1081,-18.78,1,1081,-18.78,1,1081,-18.78,1,1251,-22.2,0.3102,40.81,5,539531
80.0,1,1,confirm,1.0,-65.74,-81.74,16.22,654,81.97,65.74,6679,0.098,0.8,0.145,0.2365,7,0.4109,527,0.9918,1,656,11.95,1,656,11.95,1,656,11.95,1,657,9.39,0.4576,40.29,7,545973
80.0,1,-1,fallback,1.0,30.94,14.94,72.2,3812,41.25,7.74,4905,0.777,0.912,0.139,0.3391,10,0.5837,4222,0.9759,1,979,15.47,1,979,15.47,1,979,15.47,1,1047,14.61,0.0303,81.83,9,552652
80.0,1,1,confirm,1.0,-7.76,-23.76,32.76,4470,40.52,61.21,6646,0.673,0.543,0.211,-0.0981,12,0.3856,4248,0.9508,1,689,-26.73,1,689,-26.73,1,689,-26.73,1,759,-31.9,0.6586,41.55,10,557557
80.0,1,-1,confirm,1.0,-0.86,-16.86,40.55,3252,41.42,65.57,3552,0.916,1.585,0.066,0.1547,13,0.5056,2025,0.9185,1,278,0.86,1,981,-24.16,1,981,-24.16,1,998,-40.55,0.7067,40.39,12,564203
80.0,1,1,confirm,1.0,-44.86,-60.86,37.1,396,81.96,44.86,1721,0.23,0.77,0.115,0.3149,13,0.3661,452,0.7079,1,981,6.04,1,981,6.04,1,981,6.04,1,1040,-9.49,0.3582,41.58,13,567755
80.0,1,-1,fallback,1.0,68.46,52.46,108.33,626,39.86,19.07,699,0.896,2.9,0.144,0.4066,14,0.4095,625,0.7538,0,-1,,0,-1,,0,-1,,0,-1,,0.272,81.66,14,569476
80.0,1,1,confirm,1.0,-75.04,-91.04,4.36,10,79.41,75.04,775,0.013,0.818,0.084,-0.3119,14,-0.1012,532,0.641,0,-1,,0,-1,,0,-1,,0,-1,,0.4966,40.3,14,570175
80.0,1,-1,confirm,1.0,13.19,-2.81,56.27,794,43.08,22.86,996,0.797,2.686,0.112,0.2377,14,0.2501,791,0.6618,1,309,-11.43,1,309,-11.43,0,-1,,0,-1,,0.6351,79.37,14,570950
80.0,1,1,confirm,1.0,15.85,-0.15,56.34,1094,40.5,24.65,1516,0.722,0.602,0.081,0.1151,15,0.4264,727,0.924,1,1327,44.9,1,1327,44.9,1,1327,44.9,1,1327,44.9,0.2551,43.32,14,571946
80.0,1,-1,confirm,1.0,18.46,2.46,58.89,1248,40.43,21.97,1372,0.91,0.517,0.065,-0.044,15,0.0959,1284,0.7404,1,1323,28.13,0,-1,,0,-1,,0,-1,,0.4087,40.27,15,573462
80.0,1,1,confirm,1.0,-72.21,-88.21,7.93,97,80.13,72.21,1020,0.095,0.355,0.016,0.1048,15,0.2033,527,0.8974,1,598,-27.3,1,598,-27.3,1,598,-27.3,1,917,-41.39,0.636,40.67,15,574834
80.0,1,-1,fallback,1.0,-38.14,-54.14,3.55,17,41.69,38.14,241,0.071,1.67,0.11,0.1349,15,0.1441,0,0.2121,0,-1,,0,-1,,0,-1,,0,-1,,0.8208,80.07,15,575854
80.0,1,1,confirm,1.0,-79.53,-95.53,0.88,1,80.41,79.53,2201,0.0,1.01,0.009,-0.076,16,0.1842,1042,0.8363,1,362,-38.88,1,1104,-75.11,0,-1,,1,1199,-67.16,0.101,41.7,16,576095
80.0,1,-1,fallback,1.0,-15.14,-31.14,34.74,109,49.88,15.14,170,0.641,2.234,0.141,0.2766,16,0.3967,0,0.5552,0,-1,,0,-1,,0,-1,,0,-1,,0.198,80.4,16,578296
80.0,1,1,confirm,1.0,8.0,-8.0,48.91,268,40.91,2.67,567,0.473,1.173,0.005,-0.1492,16,0.0691,539,0.789,0,-1,,0,-1,,0,-1,,0,-1,,0.3791,50.05,16,578466
80.0,1,-1,confirm,1.0,-63.98,-79.98,16.88,285,80.87,63.98,752,0.379,0.366,0.095,-0.0491,16,0.0202,43,0.5987,0,-1,,0,-1,,0,-1,,0,-1,,0.5993,40.71,16,579033
80.0,1,1,fallback,1.0,90.95,74.95,131.57,1882,40.62,4.42,2177,0.864,1.047,0.118,-0.1075,17,0.4388,7,0.8862,1,314,-0.88,1,314,-0.88,1,314,-0.88,1,314,-0.88,0.3719,81.0,17,579785
80.0,1,-1,confirm,1.0,20.13,4.13,60.38,1476,40.25,24.5,2328,0.634,2.922,0.129,0.0118,18,0.4187,536,0.9438,1,1101,30.63,1,1101,30.63,1,1101,30.63,1,1126,29.75,0.7327,40.09,17,581962
80.0,1,1,confirm,1.0,9.64,-6.36,50.85,118,41.21,1.75,309,0.382,1.16,0.164,0.057,18,0.1932,292,0.9376,0,-1,,0,-1,,0,-1,,0,-1,,0.5545,40.5,18,584290
80.0,1,-1,confirm,1.0,-0.88,-16.88,39.42,1586,40.29,11.39,2452,0.647,2.117,0.181,-0.1639,18,0.039,2118,0.9735,0,-1,,0,-1,,0,-1,,0,-1,,0.3713,41.0,18,584599
80.0,1,1,confirm,1.0,-9.63,-25.63,30.66,3159,40.29,49.05,3344,0.945,0.923,0.179,0.1377,19,0.5599,1533,0.9797,1,246,-9.63,1,246,-9.63,1,2183,-33.28,1,616,-24.52,0.6369,40.45,19,587051
80.0,1,-1,confirm,1.0,17.53,1.53,57.86,7478,40.33,44.71,8376,0.893,1.273,0.057,0.0888,22,0.4432,1158,0.9897,1,261,2.63,1,261,2.63,1,1164,-2.63,1,515,-13.15,0.487,40.17,19,590395
80.0,1,1,confirm,1.0,-55.33,-71.33,24.59,821,79.92,55.33,8016,0.102,0.482,0.095,-0.3119,22,0.6217,6100,0.9883,1,177,9.66,1,177,9.66,1,177,9.66,1,362,11.42,0.7459,40.56,22,598771
80.0,1,-1,confirm,1.0,3.53,-12.47,45.04,660,41.51,13.25,974,0.678,1.28,0.176,0.2095,0,0.4223,0,0.7376,0,-1,,0,-1,,0,-1,,0,-1,,0.5054,79.73,0,606787
80.0,1,1,confirm,1.0,7.95,-8.05,48.59,534,40.64,16.79,1083,0.493,0.717,0.209,0.0943,0,0.1438,483,0.8187,1,601,33.57,1,601,33.57,0,-1,,1,1060,20.32,0.3598,41.7,0,607761
80.0,1,-1,confirm,1.0,7.06,-8.94,47.67,2139,40.61,37.08,2572,0.832,0.738,0.171,-0.0505,1,0.2837,51,0.775,1,178,8.83,1,178,8.83,1,178,8.83,1,178,8.83,0.2349,40.44,1,608844
80.0,1,1,confirm,1.0,-75.09,-91.09,4.42,19,79.51,75.09,1548,0.012,0.795,0.079,0.2952,1,0.577,499,0.953,0,-1,,0,-1,,0,-1,,0,-1,,0.1929,40.8,1,611416
80.0,1,-1,confirm,1.0,-6.23,-22.23,34.71,626,40.94,11.57,837,0.748,1.854,0.111,0.0351,2,0.0729,807,0.8157,0,-1,,0,-1,,0,-1,,0,-1,,0.2253,79.47,2,612964
80.0,1,1,confirm,1.0,-73.83,-89.83,7.12,4,80.95,73.83,1032,0.004,0.847,0.065,-0.033,2,0.1572,399,0.9864,1,603,-43.59,1,603,-43.59,0,-1,,1,642,-64.94,0.6928,41.09,2,613801
80.0,1,-1,fallback,1.0,-37.64,-53.64,3.58,394,41.22,37.64,1022,0.386,0.588,0.09,-0.1053,2,0.1863,953,0.752,1,209,-0.9,0,-1,,0,-1,,0,-1,,0.7807,80.89,2,614833
80.0,1,1,confirm,1.0,-48.21,-64.21,33.03,1510,81.24,48.21,5551,0.272,2.57,0.238,0.6045,3,0.6194,1532,0.9849,1,609,-2.68,1,609,-2.68,1,609,-2.68,1,706,6.25,0.0393,41.24,3,615855
80.0,1,-1,fallback,1.0,-8.07,-24.07,32.3,2568,40.37,25.12,3433,0.748,0.614,0.165,-0.246,5,0.6786,1725,0.9753,1,1099,-0.9,1,1099,-0.9,1,1099,-0.9,1,2409,13.46,0.8091,80.98,4,621406
80.0,1,1,confirm,1.0,-3.59,-19.59,37.65,7472,41.23,78.88,8857,0.844,1.122,0.097,0.3717,7,0.6386,7952,0.9715,1,597,-31.37,1,597,-31.37,1,597,-31.37,1,766,-34.06,0.3781,40.5,5,624839
80.0,1,-1,confirm,1.0,-0.9,-16.9,40.35,460,41.25,0.9,918,0.501,1.285,0.192,0.1905,8,0.2755,408,0.8985,0,-1,,0,-1,,0,-1,,0,-1,,0.8716,41.08,8,633696
80.0,1,1,confirm,1.0,-76.21,-92.21,4.48,34,80.7,76.21,1245,0.027,1.429,0.173,-0.0446,8,0.0905,411,0.9048,1,449,-30.49,0,-1,,0,-1,,0,-1,,0.1459,41.42,8,634614
80.0,1,-1,fallback,1.0,7.23,-8.77,48.79,2588,41.56,19.88,2962,0.874,1.6,0.19,0.3296,9,0.5002,2610,0.852,1,558,-0.0,1,558,-0.0,1,558,-0.0,1,600,6.32,0.5054,80.66,8,635859
80.0,1,1,confirm,1.0,0.0,-16.0,40.69,1782,40.69,-0.0,3067,0.581,2.69,0.117,-0.0098,9,0.2152,353,0.9524,1,460,19.89,1,460,19.89,1,460,19.89,1,605,17.18,0.4427,41.77,9,638821
80.0,1,-1,confirm,1.0,-9.95,-25.95,30.74,2806,40.69,49.73,2864,0.98,3.121,0.141,0.0009,11,0.4034,2151,0.8591,1,170,-1.81,1,170,-1.81,1,170,-1.81,1,295,-18.99,0.4518,40.52,10,641888
80.0,1,1,confirm,1.0,69.55,53.55,110.2,5076,40.65,48.78,5102,0.995,7.3,0.402,-0.0346,12,0.3795,4052,0.9322,1,3087,-22.58,1,3087,-22.58,1,4469,-39.74,1,3267,-31.61,0.1168,40.81,11,644752
80.0,1,-1,confirm,1.0,-82.53,-98.53,9.87,66,92.39,82.53,149,0.443,1.168,0.146,-0.0574,12,-0.0178,1,-0.0129,0,-1,,0,-1,,0,-1,,0,-1,,0.0201,40.2,12,649854
80.0,1,1,fallback,1.0,-37.37,-53.37,4.45,2,41.81,37.37,117,0.017,2.767,0.249,0.1343,12,0.1551,0,0.4708,0,-1,,0,-1,,0,-1,,0,-1,,0.3442,92.48,12,650003
80.0,1,-1,confirm,1.0,-50.01,-66.01,32.15,1933,82.16,50.01,3340,0.579,1.255,0.144,0.2472,13,0.3445,2213,0.8796,1,691,-4.47,1,691,-4.47,1,2627,6.25,1,1076,-8.04,0.3627,41.8,12,650120
80.0,1,1,fallback,1.0,65.75,49.75,106.63,844,40.87,23.1,1216,0.694,1.27,0.178,0.3534,13,0.4036,624,0.8227,1,1051,87.97,1,1051,87.97,1,1051,87.97,0,-1,,0.2315,82.42,13,653460
80.0,1,-1,confirm,1.0,74.15,58.15,114.76,1825,40.61,7.94,1889,0.966,0.897,0.153,0.0702,14,0.261,581,0.8139,1,272,14.12,1,1355,52.08,1,1355,52.08,1,1356,52.97,0.1555,40.44,13,654676
80.0,1,1,confirm,1.0,-45.36,-61.36,34.69,136,80.04,45.36,568,0.239,0.76,0.044,-0.0346,14,0.0599,223,0.5586,1,363,-1.78,0,-1,,0,-1,,0,-1,,0.6501,41.08,14,656565
80.0,1,-1,confirm,1.0,-30.38,-46.38,10.72,1516,41.1,67.9,1592,0.952,2.322,0.104,0.178,14,0.2349,177,0.7516,1,338,-5.36,1,338,-5.36,1,338,-5.36,1,648,-41.1,0.4557,79.77,14,657133
80.0,1,1,confirm,1.0,15.14,-0.86,58.79,285,43.64,1.78,378,0.754,0.787,0.149,0.0781,15,0.0954,327,0.5972,0,-1,,0,-1,,0,-1,,0,-1,,0.2354,41.14,14,658725
80.0,1,-1,confirm,1.0,9.78,-6.22,52.47,389,42.69,0.0,877,0.444,0.834,0.153,0.0323,15,0.1816,812,0.7619,1,486,33.8,0,-1,,0,-1,,0,-1,,0.2036,43.39,15,659103
80.0,1,1,confirm,1.0,9.79,-6.21,50.74,269,40.95,0.89,1121,0.24,0.85,0.101,-0.142,15,0.0688,1098,0.8358,1,816,37.39,0,-1,,0,-1,,0,-1,,0.5895,42.91,15,659980
80.0,1,-1,confirm,1.0,-2.67,-18.67,45.36,651,48.03,61.37,713,0.913,1.253,0.063,0.1973,15,0.2518,712,0.6731,0,-1,,0,-1,,0,-1,,0,-1,,0.6753,40.74,15,661101
80.0,1,1,confirm,1.0,36.45,20.45,78.24,271,41.79,38.23,341,0.795,1.901,0.05,-0.0585,15,-0.0373,292,0.5759,0,-1,,0,-1,,0,-1,,0,-1,,0.0084,48.24,15,661814
80.0,1,-1,confirm,1.0,60.24,44.24,100.11,1787,39.87,14.17,1933,0.924,1.645,0.15,-0.0687,16,0.2033,551,0.9367,1,264,-0.0,1,264,-0.0,1,630,-6.2,1,1176,37.21,0.0022,41.46,15,662155
80.0,1,1,confirm,1.0,-75.76,-91.76,4.46,17,80.21,75.76,1029,0.017,0.984,0.0,0.0937,16,0.1591,851,0.8971,1,136,1.78,1,899,-38.32,0,-1,,1,1019,-59.71,0.4705,40.27,16,664088
80.0,1,-1,fallback,1.0,4.49,-11.51,45.8,323,41.31,4.49,447,0.723,1.188,0.178,0.1921,16,0.2067,187,0.6051,1,59,-1.8,1,59,-1.8,0,-1,,0,-1,,0.091,80.18,16,665117
80.0,1,1,confirm,1.0,8.98,-7.02,49.42,689,40.43,15.27,1022,0.674,0.798,0.125,0.0582,17,0.1479,521,0.8752,1,928,15.27,1,928,15.27,0,-1,,1,1012,15.27,0.1576,41.5,16,665564
80.0,1,-1,confirm,1.0,50.27,34.27,90.66,1970,40.39,13.46,2316,0.851,1.535,0.096,0.1679,17,0.3076,200,0.8829,1,438,-1.8,1,438,-1.8,1,438,-1.8,1,556,-0.0,0.011,40.23,17,666586
80.0,1,1,confirm,1.0,-49.62,-65.62,30.67,95,80.3,49.62,3101,0.031,0.429,0.099,0.2348,17,0.4599,2590,0.9298,1,122,-0.9,1,122,-0.9,1,122,-0.9,1,122,-0.9,0.6022,40.76,17,668902
80.0,1,-1,fallback,1.0,-11.79,-27.79,28.11,415,39.89,11.79,544,0.763,6.587,0.102,-0.2086,18,0.2168,379,0.7303,1,382,26.29,1,382,26.29,1,382,26.29,1,382,26.29,0.272,80.05,18,672003
80.0,1,1,confirm,1.0,-49.81,-65.81,29.89,499,79.7,49.81,1714,0.291,0.185,0.148,-0.1546,18,0.3123,765,0.9403,1,438,0.0,1,438,0.0,1,438,0.0,1,438,0.0,0.3582,40.01,18,672547
80.0,1,-1,confirm,1.0,-31.86,-47.86,8.19,323,40.05,31.86,477,0.677,0.623,0.094,0.1613,19,0.2355,411,0.6197,0,-1,,0,-1,,0,-1,,0,-1,,0.0364,79.46,19,674261
80.0,1,1,confirm,1.0,-26.31,-42.31,14.52,3432,40.83,67.14,3892,0.882,3.597,0.07,0.0291,20,0.2967,857,0.9515,1,1240,-22.68,1,1240,-22.68,1,1240,-22.68,1,1246,-23.59,0.3649,40.08,19,674738
80.0,1,-1,confirm,1.0,30.93,14.93,71.86,2509,40.94,23.65,2837,0.884,4.188,0.172,0.2432,21,0.2861,2738,0.8645,1,1903,1.82,1,1903,1.82,1,1903,1.82,0,-1,,0.2031,40.77,20,678630
80.0,1,1,confirm,1.0,-4.56,-20.56,35.59,5163,40.15,60.22,5751,0.898,1.591,0.149,0.3217,22,0.3356,5171,0.9074,1,931,1.82,1,931,1.82,1,931,1.82,1,990,-7.3,0.5748,41.23,21,681467
80.0,1,-1,confirm,1.0,3.65,-12.35,52.04,1365,48.38,11.87,1560,0.875,0.642,0.211,0.358,23,0.5414,417,0.9433,1,807,9.13,1,807,9.13,1,807,9.13,0,-1,,0.8518,40.01,22,687218
80.0,1,1,confirm,1.0,40.18,24.18,81.28,3498,41.1,3.65,4783,0.731,2.175,0.189,0.355,0,0.4072,1854,0.9391,1,600,23.74,1,600,23.74,1,752,2.74,1,610,23.74,0.6958,48.64,23,688778
80.0,1,-1,confirm,1.0,-82.77,-98.77,-0.0,0,82.77,82.77,2433,0.0,0.315,0.119,0.288,0,0.3617,1451,0.8975,1,414,-22.74,1,414,-22.74,1,414,-22.74,1,419,-23.65,0.4691,40.76,0,693561
80.0,1,1,fallback,1.0,59.54,43.54,101.94,1659,42.4,21.65,2289,0.725,0.396,0.261,0.0664,1,0.5294,1244,0.9727,1,174,-19.85,1,174,-19.85,1,1801,97.43,1,620,0.0,0.7472,82.77,1,695994
80.0,1,-1,confirm,1.0,49.32,33.32,89.68,2981,40.36,25.11,3501,0.851,1.215,0.097,0.2399,2,0.4277,3355,0.9949,1,60,-10.76,1,466,-5.38,1,1156,19.73,0,-1,,0.0706,41.97,1,698283
80.0,1,1,confirm,1.0,76.6,60.6,118.96,3702,42.36,34.25,3912,0.946,0.847,0.209,0.152,3,0.2142,2349,0.9878,1,1415,-23.43,1,1415,-23.43,1,2835,31.54,1,1415,-23.43,0.4612,40.72,2,701784
80.0,1,-1,confirm,1.0,12.52,-3.48,53.66,7578,41.14,32.2,8018,0.945,0.71,0.147,-0.1193,6,0.5758,2172,0.9587,1,1572,3.58,1,1572,3.58,1,1572,3.58,1,1572,3.58,0.2491,41.86,4,705696
80.0,1,1,confirm,1.0,-1.79,-17.79,38.51,566,40.3,5.37,2088,0.271,0.535,0.165,0.2463,6,0.4337,1302,0.9739,1,1595,11.64,1,1595,11.64,1,1595,11.64,1,1596,11.64,0.2741,41.36,6,713714
80.0,1,-1,confirm,1.0,1.79,-14.21,42.1,3001,40.3,7.17,4246,0.707,1.837,0.273,0.1804,7,0.2995,474,0.9913,1,938,21.5,1,938,21.5,1,938,21.5,1,1259,15.23,0.8097,40.14,6,715802
80.0,1,1,confirm,1.0,25.98,9.98,66.29,1753,40.31,7.17,3939,0.445,0.527,0.196,0.2962,8,0.5958,760,0.9762,1,1918,58.23,1,1918,58.23,1,1918,58.23,1,1951,60.02,0.2068,40.47,8,720048
80.0,1,-1,confirm,1.0,-43.78,-59.78,39.31,4282,83.1,43.78,6294,0.68,1.938,0.126,-0.007,10,0.7545,872,0.9861,1,178,-0.89,1,178,-0.89,1,178,-0.89,1,1013,14.3,0.0064,40.05,9,723987
80.0,1,1,fallback,1.0,-32.03,-48.03,11.56,12,43.59,32.03,543,0.022,3.223,0.202,0.06,10,0.1104,413,0.7419,0,-1,,0,-1,,0,-1,,0,-1,,0.8959,83.42,10,730281
80.0,1,-1,confirm,1.0,60.69,44.69,102.63,5538,41.95,46.41,6067,0.913,0.799,0.055,0.2044,12,0.4224,3710,0.9635,1,420,-5.35,1,1712,-15.17,1,1712,-15.17,1,1804,-14.28,0.0927,43.54,11,730824
80.0,1,1,confirm,1.0,19.75,3.75,60.16,4135,40.41,51.18,4567,0.905,2.882,0.153,0.1777,13,0.525,187,0.9291,1,688,10.77,1,688,10.77,1,688,10.77,1,787,2.69,0.2609,42.38,12,736891
80.0,1,-1,confirm,1.0,0.9,-15.1,45.7,1160,44.81,20.61,1618,0.717,3.055,0.103,0.263,14,0.263,1160,0.9217,1,180,-9.86,1,180,-9.86,1,1539,19.72,1,280,-14.34,0.3913,40.16,13,741458
80.0,1,1,confirm,1.0,-65.42,-81.42,25.99,1635,91.41,65.42,2209,0.74,3.217,0.113,0.1478,14,0.3861,324,0.793,1,638,-25.99,1,638,-25.99,1,638,-25.99,1,680,-17.92,0.7498,45.01,14,743076
80.0,1,-1,fallback,1.0,-31.57,-47.57,10.83,288,42.4,31.57,387,0.744,1.256,0.153,0.3221,15,0.3401,294,0.8747,0,-1,,0,-1,,0,-1,,0,-1,,0.2777,91.18,15,745285
80.0,1,1,confirm,1.0,12.59,-3.41,54.86,1760,42.27,17.99,2143,0.821,0.4,0.067,-0.43,15,0.2294,824,0.6869,1,1375,12.59,1,1375,12.59,1,1375,12.59,1,1429,4.5,0.7005,42.45,15,745672
80.0,1,-1,confirm,1.0,7.19,-8.81,47.6,691,40.42,0.0,964,0.717,1.587,0.108,-0.1488,15,0.1554,85,0.6357,1,138,28.74,1,138,28.74,0,-1,,1,290,28.74,0.0689,42.04,15,747815
80.0,1,1,confirm,1.0,-54.83,-70.83,25.17,454,79.99,54.83,1942,0.234,0.987,0.167,0.0993,16,0.1977,393,0.9542,1,861,2.7,1,861,2.7,0,-1,,1,983,9.89,0.2674,40.61,15,748779
80.0,1,-1,confirm,1.0,-43.38,-59.38,18.98,2980,62.36,54.23,3408,0.874,0.264,0.108,0.1301,17,0.5258,984,0.9783,1,1785,-29.82,1,1785,-29.82,1,1785,-29.82,0,-1,,0.0412,79.79,16,750721
80.0,1,1,confirm,1.0,136.78,120.78,179.07,446,42.29,-0.0,523,0.853,0.899,0.179,-0.0226,17,0.1755,1,0.6073,1,17,18.9,1,17,18.9,0,-1,,0,-1,,0.8107,62.48,17,754129
80.0,1,-1,confirm,1.0,-82.56,-98.56,1.78,8,84.33,82.56,469,0.017,0.513,0.138,0.0456,17,0.1228,292,0.5414,1,362,-55.93,1,362,-55.93,0,-1,,0,-1,,0.1698,41.55,17,754652
80.0,1,1,fallback,1.0,-36.1,-52.1,5.28,28,41.38,36.1,85,0.329,1.239,0.082,0.0709,17,0.0755,9,0.2554,0,-1,,0,-1,,0,-1,,0,-1,,0.3745,84.35,17,755121
80.0,1,-1,confirm,1.0,-81.29,-97.29,0.88,1,82.18,81.29,162,0.006,1.315,0.037,-0.0277,17,0.0556,154,0.7405,1,156,-51.25,0,-1,,0,-1,,0,-1,,0.0581,41.36,17,755206
80.0,1,1,fallback,1.0,-21.91,-37.91,19.28,28,41.2,21.91,114,0.246,3.488,0.152,0.045,17,0.0503,23,0.1684,1,74,-12.27,0,-1,,0,-1,,0,-1,,0.3652,82.18,17,755368
80.0,1,-1,confirm,1.0,-2.64,-18.64,39.53,1051,42.16,37.77,1248,0.842,0.331,0.048,0.1248,18,0.2027,513,0.8943,0,-1,,0,-1,,0,-1,,0,-1,,0.1273,41.12,17,755482
80.0,1,1,confirm,1.0,22.83,6.83,64.11,287,41.28,15.81,371,0.774,4.111,0.164,0.3053,18,0.3123,267,0.806,0,-1,,0,-1,,0,-1,,0,-1,,0.4146,42.33,18,756730
80.0,1,-1,confirm,1.0,17.52,1.52,58.7,1194,41.18,7.01,1607,0.743,1.442,0.056,0.1849,18,0.2387,1269,0.8041,1,831,44.69,1,831,44.69,1,831,44.69,0,-1,,0.5288,41.01,18,757101
80.0,1,1,confirm,1.0,53.54,37.54,93.92,2751,40.38,44.76,3270,0.841,5.119,0.176,0.1702,19,0.3583,2177,0.8789,1,652,-1.76,1,652,-1.76,1,652,-1.76,1,1286,-24.58,0.5309,41.42,18,758708
80.0,1,-1,confirm,1.0,75.96,59.96,116.12,3773,40.16,30.56,4762,0.792,0.693,0.101,-0.3918,20,0.5298,336,0.9814,1,926,25.32,1,926,25.32,1,926,25.32,1,1172,26.19,0.3059,40.0,19,761978
80.0,1,1,confirm,1.0,46.63,30.63,87.97,5534,41.35,12.32,6268,0.883,3.797,0.123,0.3408,22,0.5137,588,0.9891,1,1623,34.31,1,1623,34.31,1,1623,34.31,1,1683,24.63,0.7457,40.63,20,766740
80.0,1,-1,confirm,1.0,7.88,-8.12,49.91,9884,42.03,27.15,11950,0.827,2.493,0.193,0.4653,1,0.5577,10453,0.9819,1,415,-4.38,1,415,-4.38,1,1903,8.76,1,843,-14.89,0.4607,40.99,22,773008
80.0,1,1,confirm,1.0,36.81,20.81,77.12,481,40.31,1.75,876,0.549,2.968,0.4,0.4636,2,0.492,454,0.9742,0,-1,,0,-1,,0,-1,,0,-1,,0.4288,42.24,2,784958
80.0,1,-1,confirm,1.0,-43.66,-59.66,39.29,4111,82.95,43.66,8166,0.503,2.308,0.186,0.1498,3,0.6697,2684,0.9944,1,321,-2.62,1,321,-2.62,1,321,-2.62,1,1630,-19.21,0.1899,40.0,2,785834
80.0,1,1,fallback,1.0,-35.64,-51.64,5.22,2,40.86,35.64,1610,0.001,1.547,0.18,0.1378,4,0.1395,0,0.9242,1,10,-0.87,1,10,-0.87,0,-1,,1,72,-8.69,0.9574,83.27,4,794000
80.0,1,-1,confirm,1.0,122.14,106.14,162.28,5921,40.13,3.49,7230,0.819,0.646,0.185,0.1894,6,0.4183,694,0.9721,1,1275,24.43,1,1275,24.43,1,1275,24.43,1,1308,24.43,0.2246,40.84,5,795610
80.0,1,1,confirm,1.0,71.54,55.54,112.17,4882,40.63,12.37,6329,0.771,2.386,0.207,0.2149,8,0.3993,3371,0.9828,1,1561,5.3,1,1561,5.3,1,1685,1.77,1,1827,4.42,0.5549,40.79,7,802840
80.0,1,-1,confirm,1.0,-71.91,-87.91,8.77,1228,80.68,71.91,2591,0.474,1.012,0.126,0.3157,9,0.3967,1186,0.9745,1,417,-18.42,1,417,-18.42,1,417,-18.42,1,690,-26.31,0.6116,40.18,8,809169
80.0,1,1,fallback,1.0,-12.19,-28.19,28.73,301,40.92,12.19,1809,0.166,0.57,0.189,-0.118,9,0.5129,1384,0.8548,1,814,7.84,1,814,7.84,0,-1,,0,-1,,0.4265,80.75,9,811760
80.0,1,-1,confirm,1.0,18.31,2.31,58.41,1650,40.1,15.69,4004,0.412,1.694,0.238,0.335,10,0.3736,1652,0.9882,1,1312,20.92,1,3005,23.54,1,3005,23.54,1,3197,29.64,0.0369,40.81,9,813569
80.0,1,1,confirm,1.0,-76.86,-92.86,2.62,553,79.48,76.86,4863,0.114,0.361,0.058,-0.0876,11,0.4977,134,0.9501,1,386,-11.35,1,386,-11.35,1,386,-11.35,1,557,0.87,0.5879,40.34,11,817573
80.0,1,-1,confirm,1.0,44.01,28.01,87.13,4548,43.13,19.36,4731,0.961,1.896,0.096,0.1034,13,0.3878,2023,0.9159,1,202,0.88,1,202,0.88,1,2536,-7.92,1,612,-6.16,0.1237,79.46,12,822436
80.0,1,1,confirm,1.0,77.79,61.79,118.46,3136,40.66,33.59,3447,0.91,0.894,0.116,0.1241,14,0.2644,3036,0.7775,1,419,-8.84,1,1744,29.17,0,-1,,1,1975,16.8,0.2096,43.51,13,827167
80.0,1,-1,confirm,1.0,-65.79,-81.79,19.3,18,85.09,65.79,559,0.032,1.027,0.026,-0.0468,14,0.1285,398,0.8471,1,547,-34.21,1,547,-34.21,0,-1,,1,552,-57.02,0.4113,40.19,14,830614
80.0,1,1,fallback,1.0,3.49,-12.51,46.19,571,42.7,4.36,648,0.881,0.642,0.146,0.1177,15,0.246,133,0.8768,1,24,0.0,0,-1,,0,-1,,0,-1,,0.5751,85.25,14,831173
80.0,1,-1,confirm,1.0,-70.56,-86.56,10.45,27,81.02,70.56,573,0.047,0.678,0.03,-0.1993,15,0.1892,85,0.74,1,272,-27.88,1,272,-27.88,0,-1,,0,-1,,0.1457,42.51,15,831821
80.0,1,1,fallback,1.0,-28.55,-44.55,14.71,109,43.25,28.55,400,0.273,0.662,0.145,-0.0233,15,0.0223,211,0.4548,0,-1,,0,-1,,0,-1,,0,-1,,0.5745,81.1,15,832394
80.0,1,-1,confirm,1.0,189.12,173.12,229.9,2588,40.77,6.07,2658,0.974,1.106,0.188,-0.1815,16,0.2422,1548,0.9367,1,276,19.95,1,1432,108.44,1,1432,108.44,1,2222,197.8,0.3123,43.19,15,832794
80.0,1,1,confirm,1.0,8.84,-7.16,49.52,537,40.68,13.26,882,0.609,2.439,0.194,0.3888,16,0.3888,537,0.9149,0,-1,,0,-1,,0,-1,,0,-1,,0.0287,41.73,16,835452
80.0,1,-1,confirm,1.0,-60.08,-76.08,22.09,123,82.16,60.08,2832,0.043,0.629,0.016,-0.2025,16,0.4364,2707,0.9266,1,2009,-21.2,1,2009,-21.2,1,2009,-21.2,0,-1,,0.7555,40.48,16,836334
80.0,1,1,fallback,1.0,-40.4,-56.4,0.0,0,40.4,40.4,403,0.0,2.061,0.192,-0.0782,17,-0.0118,389,0.7733,0,-1,,0,-1,,0,-1,,0,-1,,0.1481,82.34,17,839166
80.0,1,-1,confirm,1.0,12.34,-3.66,52.91,3318,40.56,2.65,3499,0.948,7.891,0.14,0.7503,18,0.7503,3318,0.9693,1,2117,17.64,0,-1,,0,-1,,0,-1,,0.6565,40.4,17,839569
80.0,1,1,confirm,1.0,31.78,15.78,72.39,27085,40.61,38.85,29056,0.932,6.804,0.173,0.3526,1,0.7796,15072,0.9978,1,614,-31.78,1,614,-31.78,1,614,-31.78,1,647,-33.55,0.9132,40.78,18,843068
80.0,1,-1,confirm,1.0,6.16,-9.84,46.64,4355,40.48,6.16,7671,0.568,5.332,0.217,0.421,3,0.6562,1511,0.985,1,590,5.28,1,590,5.28,1,590,5.28,1,812,0.88,0.5361,40.32,2,872124
80.0,1,1,confirm,1.0,55.48,39.48,95.98,15372,40.51,50.19,19436,0.791,0.247,0.114,0.1365,8,0.7384,10984,0.9947,1,351,-10.57,1,351,-10.57,1,1831,-2.64,1,382,-14.09,0.6215,40.67,4,879795
80.0,1,-1,confirm,1.0,-81.44,-97.44,-0.0,0,81.44,81.44,9912,0.0,0.264,0.096,0.4935,9,0.7742,4347,0.9973,1,276,-7.88,1,276,-7.88,1,276,-7.88,1,276,-7.88,0.6734,40.12,9,899231
80.0,1,1,fallback,1.0,-0.87,-16.87,39.96,1496,40.83,19.11,2842,0.526,2.841,0.186,0.5302,12,0.5325,1492,0.9548,1,178,-3.47,1,178,-3.47,1,178,-3.47,1,271,-6.08,0.8773,81.44,12,909143
80.0,1,-1,confirm,1.0,-72.1,-88.1,8.69,2143,80.79,72.1,8314,0.258,0.676,0.065,-0.2435,13,0.4432,5116,0.9673,1,305,-20.85,1,305,-20.85,1,305,-20.85,1,328,-25.19,0.7599,40.66,13,911985
80.0,1,1,fallback,1.0,-27.6,-43.6,12.94,70,40.54,27.6,334,0.21,3.585,0.215,0.3473,15,0.4312,104,0.8868,1,138,1.73,1,138,1.73,1,138,1.73,1,138,1.73,0.8297,80.86,15,920299
80.0,1,-1,confirm,1.0,64.87,48.87,105.52,3966,40.65,19.03,5753,0.689,1.893,0.116,-0.005,16,0.684,357,0.9731,1,510,-2.59,1,510,-2.59,1,510,-2.59,1,583,-16.43,0.8747,40.49,15,920633
80.0,1,1,confirm,1.0,25.25,9.25,67.03,15754,41.79,51.36,16974,0.928,6.051,0.378,0.3617,21,0.5823,13546,0.9996,1,1148,-3.48,1,1148,-3.48,1,1148,-3.48,1,1179,-5.22,0.459,41.08,17,926386
80.0,1,-1,confirm,1.0,21.71,5.71,61.65,27077,39.94,42.55,28760,0.941,3.543,0.181,0.3941,5,0.7096,22104,0.9976,1,1405,7.82,1,1405,7.82,1,1405,7.82,1,1406,6.08,0.5061,41.51,22,943360
80.0,1,1,confirm,1.0,-40.9,-56.9,39.16,1732,80.06,40.9,4404,0.393,2.454,0.1,-0.3336,6,0.3264,478,0.9989,1,1281,17.4,1,1281,17.4,1,1281,17.4,1,1281,17.4,0.8261,40.19,6,972120
80.0,1,-1,confirm,1.0,-27.96,-43.96,13.98,1579,41.94,27.96,3756,0.42,1.539,0.08,-0.1187,7,0.4733,978,0.9994,1,58,-0.87,1,58,-0.87,1,1552,3.5,1,175,-1.75,0.4186,79.75,7,976524
80.0,1,1,confirm,1.0,-68.84,-84.84,13.07,5024,81.91,68.84,15480,0.325,4.084,0.246,0.1016,9,0.5892,12157,0.9917,1,528,-4.36,1,528,-4.36,1,528,-4.36,1,600,-2.61,0.2904,42.0,8,980280
80.0,1,-1,fallback,1.0,71.95,55.95,112.31,7191,40.36,2.63,8405,0.856,1.443,0.226,0.2986,14,0.5498,4418,0.9901,1,619,0.88,1,619,0.88,1,619,0.88,1,699,14.04,0.012,81.8,12,995760
80.0,1,1,confirm,1.0,28.28,12.28,68.94,5338,40.65,6.19,9782,0.546,3.259,0.185,0.2599,16,0.617,5544,0.9809,1,409,16.79,1,409,16.79,1,409,16.79,1,419,14.14,0.2029,40.82,14,1004165
80.0,1,-1,confirm,1.0,-47.59,-63.59,35.25,5265,82.84,47.59,10634,0.495,2.35,0.154,0.2076,19,0.7284,4819,0.9908,1,129,-14.98,1,129,-14.98,1,129,-14.98,1,524,-8.81,0.9314,40.38,17,1013947
80.0,1,1,fallback,1.0,102.62,86.62,144.72,2558,42.1,21.93,2610,0.98,2.545,0.342,0.2074,21,0.4105,158,0.9905,1,600,-7.02,1,600,-7.02,1,600,-7.02,1,600,-7.02,0.3477,83.13,20,1024581
80.0,1,-1,confirm,1.0,-83.35,-99.35,-0.0,0,83.35,83.35,326,0.0,3.437,0.202,-0.116,21,-0.0752,312,0.3794,0,-1,,0,-1,,0,-1,,0,-1,,0.2258,41.5,21,1027191
80.0,1,1,fallback,1.0,-19.8,-35.8,20.66,49,40.47,19.8,139,0.353,1.852,0.159,0.1192,21,0.135,75,0.4083,1,88,-12.05,1,88,-12.05,0,-1,,0,-1,,0.0708,83.35,21,1027517
80.0,1,-1,confirm,1.0,3.45,-12.55,44.86,116,41.41,0.0,152,0.763,0.652,0.003,0.1485,21,0.154,145,0.7803,0,-1,,0,-1,,0,-1,,0,-1,,0.4083,40.38,21,1027656
80.0,1,1,confirm,1.0,104.43,88.43,145.85,1225,41.43,25.03,1705,0.718,1.201,0.123,0.3704,21,0.4699,1657,0.9826,0,-1,,0,-1,,0,-1,,0,-1,,0.0232,41.6,21,1027808
80.0,1,-1,confirm,1.0,28.19,12.19,70.04,639,41.85,17.08,760,0.841,1.068,0.072,0.1531,22,0.2703,755,0.696,0,-1,,0,-1,,0,-1,,0,-1,,0.2754,40.83,21,1029513
80.0,1,1,confirm,1.0,30.84,14.84,72.81,768,41.97,4.28,930,0.826,1.012,0.078,0.1575,22,0.241,677,0.8781,0,-1,,0,-1,,0,-1,,0,-1,,0.398,42.15,22,1030273
80.0,1,-1,confirm,1.0,-53.8,-69.8,28.18,53,81.97,53.8,3590,0.015,0.729,0.052,-0.0901,22,0.2113,375,0.8751,1,476,-23.91,1,476,-23.91,1,476,-23.91,1,521,-42.69,0.3866,41.67,22,1031203
80.0,1,1,fallback,1.0,46.71,30.71,88.33,1544,41.62,0.85,2166,0.713,0.813,0.141,0.3172,23,0.4345,1389,0.7782,1,289,22.93,1,289,22.93,1,1979,81.54,1,2066,67.95,0.0579,82.21,23,1034793
80.0,1,-1,confirm,1.0,-0.85,-16.85,43.11,5311,43.96,47.34,5816,0.913,0.693,0.098,0.0828,1,0.396,2216,0.9824,1,41,-12.68,1,3667,9.3,1,3667,9.3,1,4329,-3.38,0.2355,41.25,0,1036959
80.0,1,1,confirm,1.0,32.12,16.12,72.7,422,40.57,-0.0,658,0.641,1.905,0.282,0.2822,1,0.4673,286,0.9274,1,494,58.33,1,494,58.33,1,494,58.33,0,-1,,0.1891,44.15,1,1042775
80.0,1,-1,confirm,1.0,10.95,-5.05,53.08,658,42.13,5.06,945,0.696,0.83,0.204,-0.2047,2,0.0033,76,0.6234,0,-1,,0,-1,,0,-1,,0,-1,,0.0535,40.28,1,1043433
80.0,1,1,confirm,1.0,26.99,10.99,67.48,731,40.49,4.22,1316,0.555,1.567,0.172,0.1591,2,0.4173,419,0.9454,1,1185,32.9,1,1185,32.9,1,1185,32.9,0,-1,,0.1297,42.35,2,1044378
80.0,1,-1,confirm,1.0,21.03,5.03,61.41,1801,40.38,0.84,2677,0.673,0.965,0.04,-0.2176,2,0.1634,400,0.6901,1,585,11.78,1,585,11.78,0,-1,,1,893,21.03,0.2565,40.22,2,1045694
80.0,1,1,confirm,1.0,1.69,-14.31,42.15,2053,40.47,9.27,2839,0.723,1.505,0.157,0.164,3,0.3808,1056,0.9734,1,1520,2.53,1,1520,2.53,1,1520,2.53,0,-1,,0.3636,40.63,3,1048371
80.0,1,-1,confirm,1.0,11.8,-4.2,52.26,10911,40.46,19.39,11748,0.929,1.627,0.2,0.4498,7,0.7369,3956,0.9926,1,267,5.9,1,750,-3.37,1,2201,25.29,1,773,1.69,0.0006,40.3,4,1051210
80.0,1,1,confirm,1.0,-6.75,-22.75,33.76,10184,40.51,49.79,11647,0.874,3.651,0.198,-0.1787,10,0.5357,1257,0.9739,1,31,10.13,1,1847,-21.1,1,1847,-21.1,1,1854,-26.16,0.3565,40.67,7,1062958
80.0,1,-1,confirm,1.0,-80.22,-96.22,0.84,2,81.07,80.22,1476,0.001,1.055,0.126,0.3635,10,0.3696,25,0.9282,1,215,-20.27,1,215,-20.27,1,215,-20.27,1,228,-16.04,0.1376,40.37,10,1074605
80.0,1,1,fallback,1.0,103.88,87.88,146.6,918,42.72,12.57,1242,0.739,0.849,0.131,0.0152,11,0.5039,0,0.6747,1,845,114.77,1,845,114.77,1,845,114.77,0,-1,,0.8955,81.07,10,1076081
80.0,1,-1,confirm,1.0,-83.74,-99.74,0.83,2,84.57,83.74,272,0.007,0.587,0.074,0.029,11,0.0572,182,0.3981,1,131,-37.31,0,-1,,0,-1,,0,-1,,0.0996,42.11,11,1077323
80.0,1,1,fallback,1.0,55.09,39.09,96.2,428,41.11,6.58,511,0.838,1.444,0.174,0.1807,11,0.2128,297,0.8337,0,-1,,0,-1,,0,-1,,0,-1,,0.2498,84.58,11,1077595
80.0,1,-1,confirm,1.0,7.36,-8.64,47.43,508,40.07,40.89,650,0.782,0.559,0.107,0.1659,11,0.1885,519,0.7674,0,-1,,0,-1,,0,-1,,0,-1,,0.2843,40.72,11,1078106
80.0,1,1,confirm,1.0,44.19,28.19,92.47,1044,48.28,25.37,1388,0.752,0.372,0.157,0.1452,11,0.1992,892,0.6494,1,1313,76.92,1,1313,76.92,0,-1,,1,1342,62.19,0.2206,40.26,11,1078756
80.0,1,-1,confirm,1.0,-76.58,-92.58,6.52,963,83.1,76.58,1301,0.74,1.034,0.092,-0.043,12,0.2109,92,0.709,1,349,-45.62,1,349,-45.62,1,349,-45.62,1,578,-44.0,0.0289,47.84,12,1080144
80.0,1,1,fallback,1.0,-33.15,-49.15,8.89,47,42.04,33.15,177,0.266,0.864,0.097,0.0133,12,0.0582,140,0.255,0,-1,,0,-1,,0,-1,,0,-1,,0.0089,83.16,12,1081445
80.0,1,-1,confirm,1.0,-68.95,-84.95,12.17,93,81.12,68.95,891,0.104,1.115,0.044,0.103,12,0.1988,435,0.7881,1,673,-55.97,1,673,-55.97,0,-1,,0,-1,,0.1219,42.01,12,1081622
80.0,1,1,fallback,1.0,18.53,2.53,58.81,92,40.28,-0.0,420,0.219,2.586,0.157,0.0614,12,0.1214,50,0.5806,0,-1,,0,-1,,0,-1,,0,-1,,0.6267,81.22,12,1082513
80.0,1,-1,confirm,1.0,20.1,4.1,62.73,503,42.62,2.41,692,0.727,0.584,0.139,0.0882,12,0.1097,230,0.6764,1,410,24.13,1,410,24.13,0,-1,,1,684,28.15,0.0132,40.05,12,1082933
80.0,1,1,confirm,1.0,21.76,5.76,63.66,1245,41.9,56.41,1405,0.886,1.757,0.16,0.2378,13,0.3117,1328,0.8127,1,592,-44.32,1,592,-44.32,1,592,-44.32,0,-1,,0.655,42.89,13,1083625
80.0,1,-1,confirm,1.0,7.24,-8.76,47.44,996,40.2,46.64,1070,0.931,2.053,0.053,0.0372,13,0.1434,517,0.7057,1,891,-3.22,1,891,-3.22,0,-1,,0,-1,,0.1493,41.64,13,1085030
80.0,1,1,confirm,1.0,-51.5,-67.5,28.97,205,80.46,51.5,1176,0.174,1.112,0.016,0.0282,13,0.0448,185,0.7492,0,-1,,0,-1,,0,-1,,0,-1,,0.3582,40.39,13,1086100
80.0,1,-1,fallback,1.0,-25.07,-41.07,16.18,79,41.25,25.07,672,0.118,1.156,0.132,0.1828,14,0.2166,7,0.6634,0,-1,,0,-1,,0,-1,,0,-1,,0.0838,80.23,14,1087276
80.0,1,1,confirm,1.0,170.23,154.23,212.18,4478,41.95,40.34,4641,0.965,1.012,0.252,0.2621,15,0.2998,4358,0.8811,1,1268,11.29,1,1883,37.92,1,1883,37.92,1,1922,20.17,0.0668,41.32,14,1087948
80.0,1,-1,confirm,1.0,32.52,16.52,72.98,267,40.46,15.07,304,0.878,0.54,0.057,-0.0461,15,-0.0308,300,0.3888,0,-1,,0,-1,,0,-1,,0,-1,,0.3155,41.08,15,1092589
80.0,1,1,confirm,1.0,62.87,46.87,103.46,667,40.59,11.94,887,0.752,0.744,0.135,0.348,15,0.3739,477,0.8816,0,-1,,0,-1,,0,-1,,0,-1,,0.1337,40.75,15,1092893
80.0,1,-1,confirm,1.0,7.91,-8.09,49.04,973,41.13,48.24,1176,0.827,1.44,0.087,0.3947,16,0.4066,1024,0.7903,0,-1,,0,-1,,0,-1,,0,-1,,0.2021,40.17,15,1093780
80.0,1,1,confirm,1.0,20.58,4.58,62.53,306,41.95,-0.0,591,0.518,1.574,0.169,-0.2624,16,-0.0581,464,0.38,0,-1,,0,-1,,0,-1,,0,-1,,0.762,41.33,16,1094956
80.0,1,-1,confirm,1.0,-83.73,-99.73,-0.0,0,83.73,83.73,166,0.0,0.903,0.04,0.0697,16,0.0764,67,0.061,1,77,-31.6,0,-1,,0,-1,,0,-1,,0.1417,41.69,16,1095547
80.0,1,1,fallback,1.0,82.25,66.25,130.03,614,47.78,10.18,671,0.915,0.852,0.148,0.1316,16,0.2922,191,0.5291,0,-1,,0,-1,,0,-1,,0,-1,,0.1408,83.73,16,1095713
80.0,1,-1,confirm,1.0,41.95,25.95,82.36,332,40.4,10.88,471,0.705,1.209,0.091,0.0128,16,0.1221,470,0.5716,0,-1,,0,-1,,0,-1,,0,-1,,0.0668,47.17,16,1096384
80.0,1,1,confirm,1.0,16.38,0.38,56.96,121,40.57,1.56,303,0.399,0.475,0.011,-0.1546,16,-0.1221,0,0.5558,0,-1,,0,-1,,0,-1,,0,-1,,0.4523,40.74,16,1096855
80.0,1,-1,confirm,1.0,38.17,22.17,80.23,1135,42.06,10.91,1186,0.957,1.391,0.099,0.386,17,0.4098,1073,0.8296,0,-1,,0,-1,,0,-1,,0,-1,,0.0217,40.34,16,1097158
80.0,1,1,confirm,1.0,25.8,9.8,67.25,669,41.44,42.22,772,0.867,1.998,0.106,-0.0538,17,0.0548,549,0.7034,1,565,28.15,0,-1,,0,-1,,0,-1,,0.2807,42.4,17,1098344
80.0,1,-1,confirm,1.0,60.83,44.83,100.61,884,39.78,17.94,1059,0.835,1.59,0.129,0.3841,17,0.3852,886,0.8919,0,-1,,0,-1,,0,-1,,0,-1,,0.087,41.17,17,1099116
80.0,1,1,confirm,1.0,32.17,16.17,74.54,1080,42.37,2.35,1155,0.935,0.817,0.077,-0.0738,17,0.083,815,0.5736,1,869,49.44,0,-1,,0,-1,,0,-1,,0.5924,40.18,17,1100175
80.0,1,-1,confirm,1.0,-7.82,-23.82,32.07,2114,39.89,52.41,2225,0.95,1.264,0.167,0.2436,18,0.2813,1706,0.7976,0,-1,,0,-1,,0,-1,,0,-1,,0.0382,42.06,17,1101330
80.0,1,1,confirm,1.0,31.26,15.26,71.9,1050,40.64,11.72,1515,0.693,1.583,0.119,-0.0191,18,0.0694,820,0.6485,1,528,21.1,0,-1,,0,-1,,0,-1,,0.0809,40.02,18,1103555
80.0,1,-1,confirm,1.0,-60.77,-76.77,24.93,138,85.7,60.77,1046,0.132,0.677,0.168,-0.0196,19,0.1399,933,0.7081,1,44,0.78,0,-1,,0,-1,,0,-1,,0.0851,40.35,18,1105070
80.0,1,1,fallback,1.0,-38.72,-54.72,2.32,34,41.04,38.72,175,0.194,1.26,0.028,-0.1244,19,-0.0411,0,0.5212,0,-1,,0,-1,,0,-1,,0,-1,,0.1053,85.92,19,1106116
80.0,1,-1,confirm,1.0,60.64,44.64,100.29,109,39.65,0.0,168,0.649,2.007,0.161,0.1835,19,0.2251,65,0.4378,0,-1,,0,-1,,0,-1,,0,-1,,0.0021,41.03,19,1106291
80.0,1,1,confirm,1.0,-7.04,-23.04,35.2,1456,42.24,61.01,1532,0.95,1.204,0.16,-0.0004,19,0.1282,1186,0.6317,1,1293,-7.82,1,1293,-7.82,0,-1,,0,-1,,0.0846,40.05,19,1106459
80.0,1,-1,confirm,1.0,42.27,26.27,82.19,713,39.92,16.44,772,0.924,1.015,0.106,0.1489,19,0.26,284,0.7601,0,-1,,0,-1,,0,-1,,0,-1,,0.1315,42.09,19,1107991
80.0,1,1,confirm,1.0,5.5,-10.5,46.38,231,40.87,10.22,1272,0.182,0.571,0.086,-0.1272,20,0.2011,642,0.8064,1,749,33.01,1,749,33.01,1,749,33.01,1,1146,19.65,0.1693,40.25,19,1108763
80.0,1,-1,confirm,1.0,150.05,134.05,190.12,4753,40.07,27.5,4964,0.957,0.369,0.106,0.0361,21,0.4352,12,0.964,1,594,-4.71,1,594,-4.71,1,594,-4.71,1,3234,125.7,0.6192,40.69,20,1110035
80.0,1,1,confirm,1.0,-70.19,-86.19,13.56,1569,83.75,70.19,2568,0.611,0.184,0.255,-0.2685,22,0.11,2305,0.9906,1,95,-11.96,1,2363,-31.9,0,-1,,1,2501,-44.66,0.8297,40.84,21,1114999
80.0,1,-1,fallback,1.0,5.62,-10.38,46.59,413,40.96,4.02,505,0.818,0.942,0.167,0.3106,22,0.3443,345,0.731,0,-1,,0,-1,,0,-1,,0,-1,,0.2042,83.63,22,1117567
80.0,1,1,confirm,1.0,-55.45,-71.45,24.11,253,79.56,55.45,2827,0.089,0.608,0.067,-0.2842,22,-0.0602,1424,0.8355,0,-1,,0,-1,,0,-1,,0,-1,,0.2966,41.16,22,1118072
80.0,1,-1,confirm,1.0,-15.35,-31.35,26.67,934,42.02,21.01,1443,0.647,1.552,0.071,0.1414,23,0.3573,0,0.9053,1,324,-0.0,1,324,-0.0,1,324,-0.0,1,423,-14.55,0.503,79.37,23,1120899
80.0,1,1,confirm,1.0,-50.03,-66.03,29.86,1832,79.88,50.03,4269,0.429,1.506,0.119,0.0895,0,0.3657,2847,0.9172,1,344,0.0,1,344,0.0,1,344,0.0,1,457,-5.65,0.8985,42.14,23,1122342
80.0,1,-1,confirm,1.0,111.1,95.1,154.08,5549,42.98,42.98,5724,0.969,1.381,0.236,0.0096,2,0.4317,672,0.939,1,231,-20.27,1,231,-20.27,1,921,-14.6,1,1134,4.87,0.3533,79.65,0,1126611
80.0,1,1,confirm,1.0,42.64,26.64,83.65,5595,41.0,31.98,6934,0.807,5.67,0.144,0.5227,4,0.5847,5604,0.9962,1,1420,-20.5,1,1420,-20.5,1,1420,-20.5,1,2911,-18.04,0.0065,43.65,2,1132335
80.0,1,-1,confirm,1.0,-50.63,-66.63,30.21,1237,80.84,50.63,7685,0.161,3.104,0.143,0.2567,4,0.4509,277,0.9757,1,611,4.08,1,611,4.08,1,611,4.08,1,759,9.8,0.684,40.66,4,1139269
80.0,1,1,fallback,1.0,25.19,9.19,65.81,1975,40.62,0.81,2196,0.899,0.716,0.103,0.0376,7,0.3379,869,0.9967,1,255,30.87,1,255,30.87,1,255,30.87,0,-1,,0.0162,81.09,6,1146954
80.0,1,-1,confirm,1.0,-51.06,-67.06,29.99,637,81.04,51.06,3868,0.165,0.657,0.145,-0.1023,7,0.0948,3129,0.9435,1,478,20.26,0,-1,,0,-1,,0,-1,,0.6209,40.36,7,1149150
80.0,1,1,fallback,1.0,-27.41,-43.41,14.51,61,41.93,27.41,378,0.161,1.849,0.235,0.5109,8,0.5525,29,0.8574,0,-1,,0,-1,,0,-1,,0,-1,,0.1441,81.29,8,1153018
80.0,1,-1,confirm,1.0,-81.66,-97.66,-0.0,0,81.66,81.66,1645,0.0,0.782,0.012,-0.261,8,0.2005,1558,0.872,1,583,-23.45,1,1075,-40.43,0,-1,,0,-1,,0.4543,41.87,8,1153396
80.0,1,1,fallback,1.0,0.0,-16.0,41.7,258,41.7,0.8,442,0.584,0.592,0.216,-0.0341,8,0.0169,347,0.6079,0,-1,,0,-1,,0,-1,,0,-1,,0.2917,81.66,8,1155041
80.0,1,-1,confirm,1.0,40.1,24.1,80.2,2470,40.1,15.24,4952,0.499,0.654,0.074,-0.1834,9,0.3832,3872,0.9443,1,155,0.8,1,155,0.8,1,2218,53.73,1,687,8.82,0.5099,41.53,8,1155483
80.0,1,1,confirm,1.0,71.66,55.66,112.73,7999,41.07,60.39,8392,0.953,2.413,0.19,0.1446,12,0.6815,452,0.9508,1,626,-19.33,1,626,-19.33,1,626,-19.33,1,660,-14.49,0.0441,40.42,10,1160435
80.0,1,-1,confirm,1.0,120.72,104.72,161.5,1876,40.77,0.0,1934,0.97,1.757,0.27,-0.1383,13,0.3382,1692,0.8864,1,178,22.39,1,178,22.39,1,1226,47.97,1,1814,135.11,0.0818,40.61,12,1168827
80.0,1,1,confirm,1.0,-67.98,-83.98,19.42,252,87.4,67.98,1461,0.172,0.274,0.066,0.1517,13,0.2513,445,0.7129,1,480,5.66,1,480,5.66,1,480,5.66,1,480,5.66,0.4019,41.44,13,1170761
80.0,1,-1,fallback,1.0,-39.93,-55.93,1.63,10,41.55,39.93,260,0.038,1.367,0.064,0.2496,13,0.2496,10,0.4739,0,-1,,0,-1,,0,-1,,0,-1,,0.3142,87.23,13,1172222
80.0,1,1,confirm,1.0,-80.34,-96.34,0.81,1,81.16,80.34,2114,0.0,0.328,0.033,-0.2415,13,0.2561,1844,0.7529,0,-1,,0,-1,,0,-1,,0,-1,,0.4658,41.56,13,1172482
80.0,1,-1,fallback,1.0,98.18,82.18,139.08,1018,40.91,18.0,1097,0.928,1.116,0.116,0.0876,14,0.3088,336,0.669,1,861,66.27,1,861,66.27,1,861,66.27,0,-1,,0.1269,81.15,14,1174596
80.0,1,1,confirm,1.0,13.22,-2.78,56.18,2460,42.96,17.35,2745,0.896,1.08,0.119,0.2042,15,0.3685,1176,0.9006,1,2718,23.13,1,2718,23.13,1,2718,23.13,0,-1,,0.3232,41.48,14,1175693
80.0,1,-1,confirm,1.0,-1.65,-17.65,38.78,1580,40.43,47.03,1819,0.869,1.085,0.186,0.4949,15,0.5279,1516,0.9026,1,26,-7.43,1,560,-17.33,1,560,-17.33,1,848,-3.3,0.4383,42.72,15,1178438
80.0,1,1,confirm,1.0,35.48,19.48,75.9,5228,40.43,28.05,5475,0.955,1.496,0.129,0.176,17,0.2898,408,0.9128,1,526,-16.5,1,526,-16.5,1,526,-16.5,1,545,-16.5,0.3119,40.59,15,1180257
80.0,1,-1,confirm,1.0,-43.57,-59.57,37.82,1073,81.39,43.57,1833,0.585,0.535,0.083,-0.2393,17,0.3061,605,0.8324,1,860,16.44,1,860,16.44,1,860,16.44,1,895,18.09,0.529,40.12,17,1185732
80.0,1,1,fallback,1.0,35.2,19.2,76.12,1338,40.93,14.73,1677,0.798,1.18,0.072,0.0871,18,0.3488,152,0.9097,1,668,74.49,1,668,74.49,1,668,74.49,1,668,74.49,0.2302,81.7,17,1187565
80.0,1,-1,confirm,1.0,30.18,14.18,71.78,3396,41.6,32.63,3639,0.933,0.53,0.079,-0.0462,19,0.4358,318,0.9608,1,738,-11.42,1,738,-11.42,1,738,-11.42,1,1238,2.45,0.8317,40.62,18,1189242
80.0,1,1,confirm,1.0,-52.36,-68.36,28.63,6508,80.99,52.36,8302,0.784,1.997,0.112,-0.1279,21,0.5574,4860,0.9507,1,616,10.64,1,616,10.64,1,4720,-10.64,1,1155,-4.09,0.5169,41.9,19,1192881
80.0,1,-1,fallback,1.0,-44.41,-60.41,-0.0,0,44.41,44.41,1893,0.0,4.119,0.157,0.0157,21,0.4072,1439,0.9945,1,787,-33.72,1,787,-33.72,1,787,-33.72,1,836,-34.54,0.2155,80.76,21,1201183
80.0,1,1,confirm,1.0,-58.95,-74.95,22.93,3031,81.88,58.95,8367,0.362,4.043,0.319,-0.3247,23,0.3489,7094,0.9935,1,595,-9.83,1,595,-9.83,1,595,-9.83,1,600,-9.83,0.2521,44.41,22,1203076
80.0,1,-1,fallback,1.0,-36.24,-52.24,4.12,21,40.36,36.24,1034,0.02,2.837,0.191,0.2333,0,0.2351,19,0.8612,1,379,-14.0,1,379,-14.0,1,379,-14.0,1,521,-14.83,0.2094,81.69,0,1211443
80.0,1,1,confirm,1.0,-79.61,-95.61,0.0,0,79.61,79.61,2065,0.0,0.349,0.1,0.0516,0,0.2085,1089,0.8429,1,86,-9.85,1,1397,-22.98,1,1397,-22.98,1,1542,-24.62,0.0788,40.38,0,1212477
80.0,1,-1,confirm,1.0,-38.05,-54.05,4.14,17,42.19,38.05,1091,0.016,1.891,0.192,0.2167,1,0.2349,40,0.9202,1,590,1.65,1,590,1.65,1,590,1.65,1,610,-4.14,0.4821,79.61,1,1214542
80.0,1,1,confirm,1.0,79.94,63.94,121.15,2604,41.21,-0.0,3113,0.836,1.803,0.171,0.051,2,0.3338,99,0.9787,1,630,44.5,1,630,44.5,1,630,44.5,1,2362,71.7,0.4645,42.21,1,1215633
80.0,1,-1,confirm,1.0,44.15,28.15,84.21,3203,40.06,3.27,3686,0.869,0.3,0.074,-0.2841,3,0.0912,482,0.9698,1,654,37.61,0,-1,,0,-1,,0,-1,,0.4511,40.71,2,1218746
80.0,1,1,confirm,1.0,0.82,-15.18,41.06,5490,40.24,39.42,5657,0.97,2.099,0.232,0.1158,5,0.5184,0,0.9883,1,2168,-8.21,1,2168,-8.21,1,2168,-8.21,1,4949,4.11,0.4305,40.4,3,1222432
80.0,1,-1,confirm,1.0,27.92,11.92,70.62,7026,42.7,31.2,7504,0.936,1.727,0.138,0.3725,7,0.4074,6775,0.9889,1,652,9.85,1,652,9.85,1,3173,-1.64,1,1121,4.11,0.819,40.08,5,1228089
80.0,1,1,confirm,1.0,-69.17,-85.17,13.18,168,82.35,69.17,2446,0.069,1.305,0.166,0.01,7,0.3667,1054,0.9109,1,172,9.06,1,172,9.06,1,172,9.06,0,-1,,0.729,43.0,7,1235593
80.0,1,-1,fallback,1.0,-37.31,-53.31,3.32,24,40.63,37.31,263,0.091,3.545,0.14,-0.1222,7,0.0391,147,0.4769,0,-1,,0,-1,,0,-1,,0,-1,,0.406,82.24,7,1238039
80.0,1,1,confirm,1.0,-78.48,-94.48,1.65,5,80.13,78.48,1963,0.003,1.603,0.014,0.0986,7,0.3764,1947,0.9601,1,628,-31.39,1,628,-31.39,1,628,-31.39,1,701,-26.44,0.1184,40.64,7,1238302
80.0,1,-1,fallback,1.0,14.99,-1.01,54.95,3062,39.97,6.66,4739,0.646,0.934,0.11,0.0584,9,0.3928,2809,0.9008,1,649,4.16,1,649,4.16,1,649,4.16,1,1717,37.47,0.6797,80.12,8,1240265
80.0,1,1,confirm,1.0,-80.05,-96.05,0.83,5,80.89,80.05,4524,0.001,0.784,0.056,-0.0565,9,0.3288,3600,0.9101,1,2491,-25.02,1,2491,-25.02,1,3703,-15.84,1,2761,-15.84,0.8174,40.19,9,1245004
80.0,1,-1,fallback,1.0,-31.1,-47.1,10.93,1175,42.03,31.1,2120,0.554,0.861,0.066,-0.1097,11,0.2229,1,0.944,1,595,-10.93,1,595,-10.93,1,595,-10.93,1,951,-21.86,0.1316,80.88,11,1249528
80.0,1,1,confirm,1.0,72.07,56.07,115.65,7019,43.58,33.52,8163,0.86,1.932,0.17,-0.1631,13,0.755,5604,0.9906,1,542,-1.68,1,542,-1.68,1,542,-1.68,1,612,0.0,0.6606,42.08,11,1251648
80.0,1,-1,confirm,1.0,67.39,51.39,107.33,3055,39.94,18.3,3190,0.958,8.169,0.15,0.412,14,0.414,3052,0.8965,1,426,-2.5,1,426,-2.5,1,426,-2.5,1,853,18.3,0.0277,43.08,13,1259811
80.0,1,1,confirm,1.0,4.19,-11.81,46.91,173,42.72,1.68,1128,0.153,0.812,0.058,-0.1273,14,0.2789,525,0.7015,1,765,21.78,1,765,21.78,1,765,21.78,1,767,21.78,0.4832,40.37,14,1263001
80.0,1,-1,confirm,1.0,-74.52,-90.52,7.54,62,82.06,74.52,933,0.066,1.335,0.054,0.1435,15,0.1865,0,0.7521,1,229,-11.72,1,229,-11.72,0,-1,,1,419,-56.1,0.6802,42.52,15,1264129
80.0,1,1,fallback,1.0,140.46,124.46,181.18,3876,40.72,23.27,3977,0.975,3.244,0.194,0.0336,16,0.4034,2055,0.9267,1,62,1.66,1,62,1.66,1,2741,82.28,1,86,-1.66,0.5676,82.12,15,1265062
80.0,1,-1,confirm,1.0,51.64,35.64,92.62,2259,40.98,3.28,3371,0.67,3.313,0.147,0.2637,17,0.6231,2792,0.961,1,3251,64.75,1,3251,64.75,1,3251,64.75,1,3260,63.11,0.1077,40.0,16,1269039
80.0,1,1,confirm,1.0,-9.06,-25.06,44.49,1700,53.55,28.84,1991,0.854,1.031,0.205,0.1501,17,0.6535,371,0.9694,1,605,-4.12,1,605,-4.12,1,605,-4.12,1,793,-1.65,0.734,41.36,17,1272410
80.0,1,-1,confirm,1.0,42.05,26.05,82.46,62,40.41,5.77,76,0.816,7.042,0.135,0.2391,18,0.2554,56,0.5134,0,-1,,0,-1,,0,-1,,0,-1,,0.6328,53.31,18,1274401
80.0,1,1,confirm,1.0,-62.93,-78.93,18.22,44,81.15,62.93,237,0.186,1.276,0.05,-0.2175,18,-0.2075,1,0.1102,0,-1,,0,-1,,0,-1,,0,-1,,0.3409,40.74,18,1274477
80.0,1,-1,fallback,1.0,15.0,-1.0,55.0,41,40.0,3.33,67,0.612,1.232,0.199,0.2757,18,0.2812,37,0.46,0,-1,,0,-1,,0,-1,,0,-1,,0.0985,81.01,18,1274714
80.0,1,1,confirm,1.0,46.74,30.74,87.63,230,40.89,-0.0,453,0.508,0.629,0.032,-0.1967,18,-0.0258,453,0.5634,0,-1,,0,-1,,0,-1,,0,-1,,0.3604,40.22,18,1274781
80.0,1,-1,confirm,1.0,-0.83,-16.83,39.87,1244,40.7,27.41,1325,0.939,0.509,0.033,0.0779,18,0.1786,1068,0.8174,1,82,-13.29,1,468,-17.44,0,-1,,0,-1,,0.4824,40.54,18,1275234
80.0,1,1,confirm,1.0,88.88,72.88,129.58,999,40.7,-0.0,1181,0.846,0.867,0.067,0.2157,18,0.2692,701,0.7586,1,1065,109.64,1,1065,109.64,1,1065,109.64,0,-1,,0.1326,40.87,18,1276559
80.0,1,-1,confirm,1.0,65.87,49.87,107.03,892,41.17,6.59,1057,0.844,1.689,0.128,0.1521,19,0.2461,940,0.7978,1,270,37.87,1,270,37.87,0,-1,,0,-1,,0.3877,40.18,18,1277740
80.0,1,1,confirm,1.0,-54.7,-70.7,27.35,56,82.05,54.7,220,0.255,1.26,0.037,-0.1845,19,-0.0837,89,0.3573,0,-1,,0,-1,,0,-1,,0,-1,,0.6782,41.61,19,1278797
80.0,1,-1,fallback,1.0,50.0,34.0,93.33,239,43.33,7.5,278,0.86,2.332,0.175,0.006,19,0.189,27,0.2967,1,240,92.5,1,240,92.5,0,-1,,1,247,69.17,0.067,81.82,19,1279017
80.0,1,1,confirm,1.0,-53.6,-69.6,31.83,50,85.43,53.6,188,0.266,1.428,0.051,0.1581,19,0.1768,39,0.7915,0,-1,,0,-1,,0,-1,,0,-1,,0.0768,43.74,19,1279295
80.0,1,-1,fallback,1.0,-33.68,-49.68,10.1,8,43.79,33.68,152,0.053,1.441,0.206,-0.089,19,-0.086,18,0.1286,0,-1,,0,-1,,0,-1,,0,-1,,0.3848,85.16,19,1279483
80.0,1,1,confirm,1.0,-80.56,-96.56,0.84,1,81.4,80.56,122,0.008,0.699,0.078,0.1611,19,0.1752,68,0.4529,0,-1,,0,-1,,0,-1,,0,-1,,0.0763,43.83,19,1279635
80.0,1,-1,fallback,1.0,-40.61,-56.61,-0.0,0,40.61,40.61,35,0.0,2.797,0.112,-0.0544,19,-0.0478,25,0.2449,0,-1,,0,-1,,0,-1,,0,-1,,0.2974,81.4,19,1279757
80.0,1,1,confirm,1.0,-46.34,-62.34,33.7,102,80.05,46.34,541,0.189,1.013,0.02,0.0344,19,0.1228,519,0.5017,1,141,0.0,0,-1,,0,-1,,0,-1,,0.2449,40.61,19,1279792
80.0,1,-1,confirm,1.0,-11.85,-27.85,31.32,290,43.17,24.55,507,0.572,1.304,0.078,-0.0306,19,-0.0063,324,0.5708,0,-1,,0,-1,,0,-1,,0,-1,,0.3923,79.78,19,1280333
80.0,1,1,confirm,1.0,29.59,13.59,70.18,3088,40.59,43.12,3241,0.953,2.704,0.227,-0.177,20,0.2538,1426,0.9476,1,657,-21.98,1,657,-21.98,1,2032,-2.54,1,826,-32.98,0.0967,43.31,19,1280840
80.0,1,-1,confirm,1.0,83.46,67.46,123.08,4958,39.62,41.31,4987,0.994,7.422,0.242,-0.0757,22,0.5091,2125,0.9777,1,669,-5.9,1,669,-5.9,1,669,-5.9,1,757,-2.53,0.0062,40.3,20,1284081
80.0,1,1,confirm,1.0,65.46,49.46,106.27,1894,40.81,21.25,3307,0.573,1.183,0.142,0.0969,22,0.3685,2577,0.9887,1,1292,80.76,1,1292,80.76,1,1292,80.76,1,1446,91.81,0.0546,40.12,22,1289068
80.0,1,-1,confirm,1.0,135.14,119.14,178.21,22110,43.07,69.26,22259,0.993,1.61,0.186,-0.0693,5,0.6306,16067,0.9967,1,925,-9.29,1,1138,-39.7,1,1786,-27.03,1,1818,-27.87,0.4418,40.38,22,1292375
80.0,1,1,confirm,1.0,74.49,58.49,115.58,8789,41.1,41.95,10450,0.841,0.765,0.145,0.512,7,0.5396,8682,0.9855,1,448,-29.11,1,448,-29.11,1,2058,-11.99,1,2102,-18.84,0.4997,43.86,5,1314634
80.0,1,-1,confirm,1.0,72.24,56.24,113.03,11968,40.79,49.29,12209,0.98,1.508,0.181,-0.2121,11,0.2751,7495,0.969,1,1188,-20.4,1,1188,-20.4,1,1188,-20.4,1,1200,-19.55,0.5075,40.63,8,1325084
80.0,1,1,confirm,1.0,-5.99,-21.99,34.24,7093,40.23,57.35,7443,0.953,0.58,0.11,0.3897,13,0.4452,329,0.9564,1,1045,-29.96,1,1045,-29.96,1,1045,-29.96,1,1195,-45.37,0.2293,41.26,11,1337293
80.0,1,-1,confirm,1.0,59.1,43.1,99.36,933,40.26,6.0,1022,0.913,0.407,0.096,0.0706,13,0.3797,258,0.7777,1,935,95.07,1,935,95.07,1,935,95.07,0,-1,,0.6572,40.1,13,1344736
80.0,1,1,confirm,1.0,-2.58,-18.58,39.63,117,42.22,2.58,415,0.282,0.392,0.087,-0.0244,13,0.0369,13,0.5791,0,-1,,0,-1,,0,-1,,0,-1,,0.1054,40.66,13,1345758
80.0,1,-1,confirm,1.0,-52.57,-68.57,30.16,1158,82.74,52.57,1660,0.698,0.564,0.045,0.1321,14,0.2528,996,0.8521,1,199,3.45,1,199,3.45,1,1586,-32.75,1,1587,-32.75,0.0279,42.05,13,1346173
80.0,1,1,fallback,1.0,-12.86,-28.86,30.01,14,42.87,12.86,175,0.08,2.373,0.165,0.0726,14,0.1291,26,0.3471,0,-1,,0,-1,,0,-1,,0,-1,,0.2415,82.99,14,1347833
80.0,1,-1,confirm,1.0,-4.29,-20.29,38.63,568,42.92,5.15,787,0.722,1.608,0.102,0.0434,14,0.142,457,0.8039,1,304,23.18,1,602,31.76,0,-1,,1,643,13.74,0.1654,42.74,14,1348008
80.0,1,1,confirm,1.0,-76.37,-92.37,5.15,11,81.52,76.37,782,0.014,1.203,0.081,0.2905,14,0.2951,22,0.5919,1,486,-36.9,1,486,-36.9,1,486,-36.9,1,723,-52.34,0.3757,43.09,14,1348795
80.0,1,-1,fallback,1.0,-41.5,-57.5,-0.0,0,41.5,41.5,313,0.0,3.922,0.095,0.0745,14,0.1987,310,0.7352,0,-1,,0,-1,,0,-1,,0,-1,,0.3184,81.48,14,1349577
80.0,1,1,confirm,1.0,-74.92,-90.92,7.75,44,82.67,74.92,1157,0.038,0.906,0.002,-0.2217,14,-0.0519,1072,0.5983,0,-1,,0,-1,,0,-1,,0,-1,,0.0459,41.5,14,1349890
80.0,1,-1,fallback,1.0,-11.28,-27.28,29.5,99,40.78,11.28,160,0.619,1.175,0.191,0.368,15,0.4598,36,0.5853,0,-1,,0,-1,,0,-1,,0,-1,,0.1597,82.6,15,1351047
80.0,1,1,confirm,1.0,-66.73,-82.73,13.0,32,79.73,66.73,1000,0.032,0.994,0.062,-0.2377,15,0.1824,968,0.582,0,-1,,0,-1,,0,-1,,0,-1,,0.2207,40.9,15,1351207
80.0,1,-1,confirm,1.0,73.29,57.29,113.42,1043,40.13,5.23,1083,0.963,1.63,0.057,0.0773,15,0.3789,264,0.7466,1,829,75.03,1,829,75.03,1,829,75.03,0,-1,,0.0226,79.63,15,1352207
80.0,1,1,confirm,1.0,20.21,4.21,61.52,778,41.31,13.18,1303,0.597,0.217,0.124,-0.0949,16,0.1579,157,0.7345,1,595,31.64,1,595,31.64,0,-1,,1,610,37.79,0.0829,40.59,15,1353290
80.0,1,-1,confirm,1.0,-62.28,-78.28,18.42,164,80.69,62.28,2249,0.073,0.787,0.119,0.3188,16,0.3224,166,0.9645,1,779,-29.82,1,779,-29.82,1,779,-29.82,0,-1,,0.1346,41.06,16,1354593
80.0,1,1,fallback,1.0,-26.15,-42.15,13.95,687,40.1,26.15,1019,0.674,1.069,0.062,-0.1862,17,0.1143,359,0.8753,1,513,-6.1,1,513,-6.1,0,-1,,1,585,-10.46,0.5161,80.84,16,1356842
80.0,1,-1,confirm,1.0,9.61,-6.39,55.06,989,45.45,12.24,1081,0.915,1.268,0.193,0.3203,17,0.5199,722,0.9388,0,-1,,0,-1,,0,-1,,0,-1,,0.0003,40.04,17,1357861
80.0,1,1,confirm,1.0,10.5,-5.5,51.61,261,41.12,11.37,608,0.429,1.341,0.177,0.0749,17,0.1182,238,0.5888,1,600,21.87,1,600,21.87,0,-1,,1,603,18.37,0.24,45.7,17,1358942
80.0,1,-1,confirm,1.0,6.12,-9.88,47.19,2274,41.07,11.36,2418,0.94,1.578,0.123,-0.1676,18,0.4259,897,0.9461,1,86,6.12,1,86,6.12,1,1181,20.97,1,1671,15.73,0.0929,40.91,17,1359550
80.0,1,1,confirm,1.0,-52.47,-68.47,27.98,474,80.45,52.47,2273,0.209,1.448,0.157,-0.343,18,0.5101,28,0.7507,1,389,12.24,1,389,12.24,1,389,12.24,1,459,20.11,0.3905,41.27,18,1361968
80.0,1,-1,fallback,1.0,-22.86,-38.86,17.58,1280,40.44,22.86,2142,0.598,2.721,0.07,0.3165,19,0.3818,1438,0.9564,0,-1,,0,-1,,0,-1,,0,-1,,0.3288,80.22,18,1364241
80.0,1,1,confirm,1.0,86.83,70.83,128.05,3713,41.22,4.39,5852,0.634,0.55,0.184,-0.3574,20,0.0181,3296,0.8648,0,-1,,0,-1,,0,-1,,0,-1,,0.5268,40.51,19,1366383
80.0,1,-1,confirm,1.0,29.56,13.56,69.56,4056,40.0,5.22,4533,0.895,1.876,0.128,0.486,22,0.7282,2540,0.9946,0,-1,,0,-1,,0,-1,,0,-1,,0.316,40.7,21,1372235
80.0,1,1,confirm,1.0,3.49,-12.51,44.48,9534,40.99,34.88,9921,0.961,2.303,0.254,0.4658,1,0.5621,9591,0.9997,1,8246,23.55,1,8246,23.55,1,8246,23.55,1,8437,16.57,0.582,40.28,22,1376768
80.0,1,-1,confirm,1.0,48.82,32.82,90.66,7664,41.84,51.43,7730,0.991,0.623,0.227,0.0657,3,0.341,7424,0.9884,1,205,-6.97,1,205,-6.97,1,1455,10.46,1,337,-28.77,0.587,40.81,1,1386689
80.0,1,1,confirm,1.0,0.88,-15.12,41.17,414,40.3,18.4,928,0.446,0.667,0.141,-0.0114,3,0.1192,294,0.9237,1,333,21.9,1,333,21.9,0,-1,,1,823,11.39,0.1336,42.23,3,1394419
80.0,1,-1,confirm,1.0,35.04,19.04,75.33,1732,40.29,0.0,2069,0.837,0.687,0.203,0.2105,4,0.3177,1947,0.7879,1,110,7.01,1,110,7.01,0,-1,,1,110,7.01,0.0467,40.13,3,1395347
80.0,1,1,confirm,1.0,-55.38,-71.38,24.61,473,79.99,55.38,1246,0.38,0.734,0.144,0.2182,4,0.269,528,0.8915,1,296,-0.88,1,637,-22.86,1,637,-22.86,1,828,-27.25,0.1451,40.6,4,1397416
80.0,1,-1,confirm,1.0,7.96,-8.04,49.5,1516,41.55,1.77,1863,0.814,1.129,0.1,0.1349,4,0.1977,189,0.8012,1,771,20.33,1,771,20.33,0,-1,,1,776,18.56,0.8611,79.8,4,1398662
80.0,1,1,confirm,1.0,9.73,-6.27,50.42,3789,40.69,25.65,5384,0.704,3.023,0.183,0.0489,6,0.5978,5037,0.9918,1,810,-1.77,1,810,-1.77,1,810,-1.77,1,867,-1.77,0.3016,41.75,5,1400525
80.0,1,-1,confirm,1.0,49.49,33.49,89.26,4004,39.77,23.86,4770,0.839,2.402,0.16,0.1086,7,0.5606,380,0.9349,1,600,15.91,1,600,15.91,1,600,15.91,1,671,4.42,0.0956,40.49,6,1405909
80.0,1,1,confirm,1.0,5.33,-10.67,46.19,2863,40.86,17.76,3753,0.763,0.819,0.189,0.2194,8,0.5056,2432,0.932,1,1140,-11.55,1,1140,-11.55,1,1140,-11.55,1,1140,-11.55,0.1063,40.13,7,1410679
80.0,1,-1,confirm,1.0,7.1,-8.9,47.05,6443,39.95,16.87,7138,0.903,1.157,0.097,-0.3706,10,0.4735,3878,0.9527,1,477,-0.0,1,477,-0.0,1,477,-0.0,1,477,-0.0,0.209,40.67,8,1414432
80.0,1,1,confirm,1.0,-53.3,-69.3,29.32,1793,82.62,53.3,6883,0.26,1.33,0.168,0.2498,11,0.5768,2659,0.9873,1,73,4.44,1,253,3.55,1,890,-18.66,1,255,5.33,0.4929,40.14,10,1421570
80.0,1,-1,fallback,1.0,-39.3,-55.3,0.89,1,40.19,39.3,188,0.005,4.652,0.121,0.1701,12,0.2871,161,0.6929,0,-1,,0,-1,,0,-1,,0,-1,,0.3483,82.37,12,1428453
80.0,1,1,confirm,1.0,46.26,30.26,87.18,895,40.92,3.56,1668,0.537,1.242,0.09,0.3039,13,0.3109,884,0.832,1,1488,58.71,1,1488,58.71,1,1488,58.71,0,-1,,0.3651,40.19,12,1428641
80.0,1,-1,confirm,1.0,-85.89,-101.89,2.66,10,88.55,85.89,1614,0.006,0.865,0.16,-0.0133,13,0.3332,1376,0.9318,1,248,-11.51,1,248,-11.51,1,970,-30.11,1,1614,-85.89,0.5595,40.57,13,1430309
80.0,1,1,fallback,1.0,2.63,-13.37,43.02,65,40.39,3.51,387,0.168,4.682,0.285,0.0388,13,0.2074,20,0.6765,0,-1,,0,-1,,0,-1,,0,-1,,0.916,88.57,13,1431923
80.0,1,-1,confirm,1.0,-0.0,-16.0,42.13,1935,42.13,24.58,2108,0.918,2.515,0.076,0.2672,14,0.6276,1644,0.9501,1,751,-1.76,1,751,-1.76,1,751,-1.76,1,779,2.63,0.0721,40.21,13,1432310
80.0,1,1,confirm,1.0,-60.56,-76.56,19.31,611,79.87,60.56,8804,0.069,2.875,0.081,-0.2746,14,0.3976,5360,0.9689,1,354,-17.55,1,354,-17.55,1,354,-17.55,1,510,3.51,0.6947,42.31,14,1434418
80.0,1,-1,confirm,1.0,-8.83,-24.83,32.67,697,41.5,8.83,1408,0.495,1.251,0.101,0.3203,17,0.5892,505,0.9689,1,1037,14.13,1,1037,14.13,1,1037,14.13,1,1297,1.77,0.4745,79.72,16,1443222
80.0,1,1,confirm,1.0,7.06,-8.94,47.64,1902,40.59,14.12,2694,0.706,2.381,0.066,0.2396,17,0.4434,370,0.9477,1,603,-13.23,1,603,-13.23,1,603,-13.23,1,692,-7.94,0.7558,41.64,17,1444630
80.0,1,-1,confirm,1.0,8.82,-7.18,49.37,5132,40.56,1.76,6531,0.786,2.171,0.182,-0.0409,19,0.3728,4501,0.9575,1,1222,-1.76,1,1222,-1.76,1,2832,30.86,1,1222,-1.76,0.6588,40.39,18,1447324
80.0,1,1,confirm,1.0,44.12,28.12,84.72,17043,40.59,50.3,18132,0.94,1.514,0.151,0.22,0,0.6712,3594,0.9996,1,362,-20.3,1,362,-20.3,1,362,-20.3,1,373,-15.88,0.327,40.76,19,1453855
80.0,1,-1,confirm,1.0,-62.38,-78.38,18.45,5113,80.83,62.38,13860,0.369,1.508,0.292,0.1566,2,0.5137,9698,0.9955,1,1484,-6.15,1,1484,-6.15,1,1484,-6.15,1,2664,-31.63,0.4262,40.25,0,1471987
80.0,1,1,fallback,1.0,38.42,22.42,79.46,1792,41.04,20.96,2237,0.801,1.131,0.211,0.2538,5,0.3726,0,0.9827,1,476,-13.1,1,476,-13.1,1,476,-13.1,1,498,-12.22,0.6802,80.98,4,1485847
80.0,1,-1,confirm,1.0,0.87,-15.13,40.88,9667,40.01,15.66,14214,0.68,6.231,0.239,0.4135,8,0.7234,6071,0.9882,1,373,-4.35,1,1916,26.09,1,1916,26.09,1,1988,15.66,0.1326,40.71,5,1488084
80.0,1,1,confirm,1.0,-50.45,-66.45,29.58,2166,80.03,50.45,14688,0.147,0.39,0.176,0.1582,9,0.8227,1063,0.9991,1,2260,22.62,1,2260,22.62,1,2260,22.62,1,2396,26.1,0.6817,40.17,9,1502298
80.0,1,-1,confirm,1.0,42.84,26.84,83.93,2950,41.09,0.87,4909,0.601,0.592,0.201,0.1437,14,0.6118,2520,0.9728,1,908,19.23,1,908,19.23,1,908,19.23,1,1227,13.99,0.3715,79.79,13,1516986
80.0,1,1,confirm,1.0,70.24,54.24,111.51,100,41.27,0.88,133,0.752,7.607,0.386,0.1763,14,0.2856,76,0.5854,0,-1,,0,-1,,0,-1,,0,-1,,0.7673,41.44,14,1521895
80.0,1,-1,confirm,1.0,-67.14,-83.14,19.18,609,86.32,67.14,1950,0.312,0.329,0.033,-0.2473,14,0.1171,1271,0.8856,1,1425,3.49,1,1425,3.49,0,-1,,1,1425,3.49,0.2764,40.81,14,1522028
80.0,1,1,fallback,1.0,-35.51,-51.51,5.2,50,40.71,35.51,104,0.481,1.818,0.167,0.3187,15,0.3241,54,0.5794,0,-1,,0,-1,,0,-1,,0,-1,,0.4992,86.49,15,1523978
80.0,1,-1,confirm,1.0,13.04,-2.96,54.76,4232,41.72,7.82,5908,0.716,1.365,0.154,0.1905,16,0.5734,3334,0.982,1,1361,26.94,1,1361,26.94,1,1361,26.94,1,1361,26.94,0.5444,40.69,15,1524082
80.0,1,1,confirm,1.0,-80.94,-96.94,0.0,0,80.94,80.94,2140,0.0,0.711,0.103,-0.2705,16,0.0987,992,0.8916,1,1022,-43.52,0,-1,,0,-1,,0,-1,,0.5585,41.95,16,1529990
80.0,1,-1,fallback,1.0,-35.97,-51.97,4.39,51,40.36,35.97,712,0.072,1.987,0.155,0.2991,17,0.3789,24,0.8777,0,-1,,0,-1,,0,-1,,0,-1,,0.1117,80.94,17,1532130
80.0,1,1,confirm,1.0,61.2,45.2,102.29,17215,41.09,35.85,21527,0.8,1.946,0.149,0.2056,22,0.5999,2339,0.9988,1,1273,-3.5,1,1273,-3.5,1,1273,-3.5,1,1466,1.75,0.5881,40.38,17,1532842
80.0,1,-1,confirm,1.0,26.94,10.94,66.91,22026,39.97,13.9,26709,0.825,1.4,0.233,0.6907,5,0.7742,9273,0.9967,1,2,-2.61,1,174,6.08,1,1741,17.38,1,241,-3.48,0.7622,40.68,23,1554369
80.0,1,1,confirm,1.0,9.58,-6.42,50.54,11608,40.95,55.76,13445,0.863,3.067,0.124,-0.0528,10,0.7576,8512,0.9942,1,26,-1.74,1,1781,1.74,1,1781,1.74,1,1781,1.74,0.8796,40.24,7,1581078
80.0,1,-1,confirm,1.0,35.69,19.69,75.73,5000,40.04,13.06,7090,0.705,0.746,0.148,0.3397,12,0.4759,1481,0.9925,1,990,-8.7,1,990,-8.7,1,990,-8.7,1,1002,-8.7,0.8024,40.75,10,1594523
80.0,1,1,confirm,1.0,19.22,3.22,60.28,9392,41.06,27.08,11856,0.792,1.066,0.119,0.2216,15,0.5805,696,0.9974,1,1944,-6.99,1,1944,-6.99,1,1944,-6.99,1,2344,-14.85,0.5387,40.35,12,1601613
80.0,1,-1,confirm,1.0,-0.0,-16.0,40.98,1603,40.98,11.33,2461,0.651,0.658,0.286,0.1571,16,0.7519,1405,0.9933,1,569,0.87,1,569,0.87,1,569,0.87,1,617,-0.0,0.1677,40.81,16,1613469
80.0,1,1,confirm,1.0,-28.77,-44.77,11.33,7810,40.11,68.88,12368,0.631,4.024,0.306,0.3889,19,0.6209,11466,0.9923,1,600,-12.21,1,600,-12.21,1,600,-12.21,1,978,-1.74,0.6279,41.15,16,1615930
80.0,1,-1,confirm,1.0,138.16,122.16,179.26,3100,41.1,0.0,3106,0.998,9.58,0.441,-0.0606,21,0.3823,40,0.9953,1,62,13.99,1,62,13.99,1,62,13.99,1,82,13.99,0.4249,40.06,20,1628298
80.0,1,1,confirm,1.0,-8.87,-24.87,41.67,32,50.54,8.87,51,0.627,9.499,0.155,0.0611,21,0.1147,10,0.1362,0,-1,,0,-1,,0,-1,,0,-1,,0.0667,41.85,21,1631404
80.0,1,-1,confirm,1.0,-71.0,-87.0,10.65,2,81.65,71.0,1694,0.001,4.88,0.239,-0.0331,21,0.1067,611,0.9196,1,600,-42.6,1,617,-51.47,0,-1,,1,704,-52.36,0.0718,50.33,21,1631455
80.0,1,1,fallback,1.0,-20.27,-36.27,21.15,552,41.42,20.27,1255,0.44,0.21,0.125,-0.1089,21,0.0257,102,0.9265,0,-1,,0,-1,,0,-1,,0,-1,,0.0071,81.73,21,1633149
80.0,1,-1,confirm,1.0,0.88,-15.12,42.38,1856,41.5,39.74,3153,0.589,4.969,0.281,0.0818,22,0.4185,2812,0.9077,1,67,-0.88,1,67,-0.88,1,3052,15.01,1,961,-11.48,0.7977,41.33,22,1634404
80.0,1,1,confirm,1.0,-71.53,-87.53,7.95,166,79.48,71.53,2637,0.063,1.26,0.196,-0.0486,22,0.2792,1135,0.9826,1,23,-2.65,1,351,0.0,1,1261,-26.49,1,379,-3.53,0.3188,41.68,22,1637557
80.0,1,-1,confirm,1.0,-35.58,-51.58,5.34,50,40.91,35.58,1756,0.028,0.848,0.144,0.4013,23,0.5733,1061,0.8796,1,1739,-32.02,1,1739,-32.02,1,1739,-32.02,0,-1,,0.3403,79.41,23,1640194
80.0,1,1,confirm,1.0,69.13,53.13,109.9,1936,40.77,11.52,2681,0.722,3.159,0.23,0.178,0,0.2763,248,0.9534,1,598,7.09,1,598,7.09,1,598,7.09,1,640,13.29,0.5904,40.94,0,1641950
80.0,1,-1,confirm,1.0,-75.7,-91.7,16.72,1415,92.42,75.7,1991,0.711,0.789,0.215,-0.1015,1,0.644,374,0.9261,1,981,-16.72,1,981,-16.72,1,981,-16.72,1,1204,-8.8,0.3526,40.33,0,1644631
80.0,1,1,fallback,1.0,22.71,6.71,64.65,216,41.93,9.61,325,0.665,4.033,0.194,0.0078,1,0.2259,0,0.5128,1,252,46.3,1,252,46.3,1,252,46.3,0,-1,,0.2785,92.58,1,1646622
80.0,1,-1,confirm,1.0,12.2,-3.8,53.17,430,40.97,13.07,669,0.643,0.342,0.115,-0.0934,1,-0.0229,33,0.4109,0,-1,,0,-1,,0,-1,,0,-1,,0.0406,41.66,1,1646947
80.0,1,1,confirm,1.0,-74.18,-90.18,6.11,14,80.29,74.18,4305,0.003,1.715,0.027,0.1478,1,0.3726,3604,0.9979,1,533,-15.71,1,533,-15.71,1,533,-15.71,1,584,-7.85,0.0918,41.18,1,1647616
80.0,1,-1,fallback,1.0,20.22,4.22,61.54,592,41.32,6.15,666,0.889,4.791,0.328,0.096,3,0.137,561,0.7841,0,-1,,0,-1,,0,-1,,0,-1,,0.0789,80.24,2,1651921
80.0,1,1,confirm,1.0,-56.38,-72.38,29.95,1742,86.34,56.38,3175,0.549,0.661,0.096,0.1679,3,0.3602,621,0.9773,1,2506,-14.1,1,2506,-14.1,1,2506,-14.1,1,2841,-25.55,0.1912,41.58,3,1652587
80.0,1,-1,fallback,1.0,-38.1,-54.1,3.54,57,41.64,38.1,1024,0.056,3.175,0.183,0.1011,3,0.1641,1,0.7552,1,601,-19.49,1,601,-19.49,0,-1,,1,601,-19.49,0.2609,86.08,3,1655762
80.0,1,1,confirm,1.0,9.71,-6.29,50.31,4379,40.6,21.18,5856,0.748,1.544,0.109,0.1705,5,0.5639,2509,0.9994,1,3671,39.72,1,3671,39.72,1,3671,39.72,1,3819,36.19,0.2336,41.66,4,1656786
80.0,1,-1,confirm,1.0,-0.0,-16.0,41.44,3692,41.44,31.74,4411,0.837,2.868,0.209,-0.1915,6,0.3326,1056,0.9738,1,1340,-13.23,1,1340,-13.23,1,1340,-13.23,1,1585,-14.11,0.0101,40.4,5,1662642
80.0,1,1,confirm,1.0,8.82,-7.18,49.38,1646,40.56,14.11,3593,0.458,2.673,0.079,0.3267,7,0.4817,3108,0.9813,1,179,-7.05,0,-1,,0,-1,,0,-1,,0.1996,41.62,7,1667053
80.0,1,-1,confirm,1.0,-57.26,-73.26,25.55,2116,82.81,57.26,10905,0.194,0.702,0.122,0.0115,8,0.6716,10158,0.9927,1,1713,-0.0,1,1713,-0.0,1,5581,17.62,1,2192,15.86,0.6501,40.36,8,1670646
80.0,1,1,fallback,1.0,112.12,96.12,154.17,6748,42.05,7.01,7225,0.934,1.399,0.174,0.013,12,0.4696,2732,0.9377,1,87,16.64,1,2433,45.55,1,2433,45.55,1,3993,55.19,0.336,83.02,11,1681551
80.0,1,-1,confirm,1.0,-63.24,-79.24,17.33,1345,80.56,63.24,2654,0.507,0.709,0.134,0.7246,13,0.7345,1317,0.9917,1,334,-16.46,1,334,-16.46,1,334,-16.46,1,334,-16.46,0.1915,41.41,13,1688776
80.0,1,1,fallback,1.0,-21.52,-37.52,18.94,575,40.46,21.52,889,0.647,0.827,0.112,0.0845,14,0.3061,361,0.848,1,545,12.05,1,545,12.05,1,545,12.05,1,682,6.89,0.6089,80.7,13,1691430
80.0,1,-1,confirm,1.0,119.05,103.05,159.59,1992,40.55,3.45,2701,0.738,1.505,0.164,-0.0241,14,0.6542,781,0.8845,1,1388,80.23,1,1388,80.23,1,1388,80.23,1,2343,138.89,0.5515,40.38,14,1692319
80.0,1,1,confirm,1.0,-57.62,-73.62,22.7,2583,80.32,57.62,3555,0.727,3.745,0.104,0.058,15,0.4979,1544,0.9436,1,346,-27.06,1,346,-27.06,1,1760,-6.11,1,1832,-8.73,0.0693,41.2,14,1695020
80.0,1,-1,fallback,1.0,-29.86,-45.86,10.54,713,40.39,29.86,1865,0.382,0.691,0.014,0.076,16,0.3386,9,0.9357,1,850,-0.0,1,850,-0.0,1,850,-0.0,1,1762,-17.56,0.4191,80.14,15,1698575
80.0,1,1,confirm,1.0,-70.92,-86.92,8.76,74,79.67,70.92,4132,0.018,0.313,0.115,0.0127,16,0.5649,2248,0.9709,1,207,-6.13,1,207,-6.13,1,2848,-33.27,1,264,-21.89,0.2654,40.44,16,1700440
80.0,1,-1,confirm,1.0,-29.98,-45.98,10.58,73,40.56,29.98,1234,0.059,3.354,0.16,0.1032,17,0.1718,32,0.8938,1,136,1.76,1,136,1.76,0,-1,,1,161,3.53,0.2609,79.6,17,1704572
80.0,1,1,confirm,1.0,14.07,-1.93,55.38,1608,41.32,-0.0,2969,0.542,0.921,0.066,-0.1628,18,0.0896,184,0.9937,1,312,18.46,0,-1,,0,-1,,0,-1,,0.0315,40.6,17,1705806
80.0,1,-1,confirm,1.0,39.5,23.5,79.89,4012,40.38,7.02,4800,0.836,3.625,0.24,0.1718,19,0.3193,147,0.9829,1,257,-4.39,1,257,-4.39,1,257,-4.39,1,330,-3.51,0.7594,41.09,18,1708775
80.0,1,1,confirm,1.0,-54.64,-70.64,25.56,252,80.2,54.64,5995,0.042,0.565,0.205,-0.1111,20,0.513,5008,0.9927,1,26,-0.88,1,26,-0.88,1,26,-0.88,1,27,-1.76,0.283,40.71,19,1713575
80.0,1,-1,fallback,1.0,-23.93,-39.93,18.61,12,42.54,23.93,1115,0.011,7.726,0.293,0.3198,21,0.4146,2,0.8962,1,601,-6.2,1,601,-6.2,1,601,-6.2,1,601,-6.2,0.714,80.0,21,1719570
80.0,1,1,confirm,1.0,-52.16,-68.16,29.18,288,81.34,52.16,1801,0.16,1.858,0.326,0.4165,22,0.7015,4,0.9619,1,379,13.26,1,379,13.26,1,379,13.26,1,495,9.73,0.381,42.62,21,1720685
80.0,1,-1,fallback,1.0,-10.66,-26.66,30.22,620,40.88,13.33,1323,0.469,1.568,0.048,-0.1485,22,0.2494,1,0.8081,1,8,17.77,1,8,17.77,1,8,17.77,1,279,7.11,0.2593,81.1,22,1722486
80.0,1,1,confirm,1.0,9.77,-6.23,51.49,5151,41.73,7.1,5730,0.899,0.336,0.131,0.0445,0,0.46,1707,0.9856,1,305,9.77,1,305,9.77,1,305,9.77,1,431,2.66,0.2291,41.01,22,1723809
80.0,1,-1,confirm,1.0,1.77,-14.23,42.57,5069,40.8,56.76,5290,0.958,2.663,0.268,0.1228,1,0.3948,5,0.9964,1,604,-17.74,1,604,-17.74,1,604,-17.74,1,781,-0.0,0.5479,41.51,0,1729539
80.0,1,1,confirm,1.0,-52.34,-68.34,29.27,3820,81.61,52.34,10614,0.36,0.674,0.22,0.0637,2,0.4744,3006,1.0,1,1017,-7.1,1,1017,-7.1,1,1017,-7.1,1,1031,-14.19,0.2802,40.97,1,1734829
80.0,1,-1,fallback,1.0,78.47,62.47,118.6,5502,40.13,0.0,6155,0.894,1.753,0.108,0.1978,6,0.5898,3033,0.9313,1,602,27.64,1,602,27.64,1,602,27.64,1,603,27.64,0.9678,81.37,4,1745443
80.0,1,1,confirm,1.0,2.7,-13.3,43.14,2848,40.45,4.49,5159,0.552,2.768,0.14,-0.0419,7,0.3482,461,0.9742,1,609,-0.9,1,609,-0.9,1,609,-0.9,1,681,1.8,0.1585,40.61,6,1751598
80.0,1,-1,confirm,1.0,88.96,72.96,130.29,1508,41.33,23.36,1526,0.988,2.108,0.131,0.342,8,0.569,941,0.9585,1,863,-13.48,1,863,-13.48,1,863,-13.48,0,-1,,0.093,40.27,7,1756757
80.0,1,1,confirm,1.0,-75.25,-91.25,11.79,67,87.04,75.25,204,0.328,1.21,0.052,-0.2041,8,-0.1659,184,0.3912,0,-1,,0,-1,,0,-1,,0,-1,,0.5741,41.88,8,1758283
80.0,1,-1,fallback,1.0,-40.19,-56.19,-0.0,0,40.19,40.19,54,0.0,1.378,0.117,0.1886,8,0.1886,0,0.0566,0,-1,,0,-1,,0,-1,,0,-1,,0.3377,86.93,8,1758487
80.0,1,1,confirm,1.0,35.48,19.48,76.43,5664,40.94,15.47,7356,0.77,0.899,0.149,-0.2973,10,0.3803,3878,0.9926,1,1339,7.28,1,1339,7.28,1,1339,7.28,1,1900,27.3,0.0566,40.19,8,1758541
80.0,1,-1,confirm,1.0,12.69,-3.31,58.93,10774,46.24,65.28,10815,0.996,1.183,0.14,-0.1128,13,0.813,809,0.9935,1,1403,0.91,1,1403,0.91,1,1403,0.91,1,2643,-33.54,0.6835,40.63,10,1765897
80.0,1,1,confirm,1.0,-1.82,-17.82,40.85,13,42.67,3.63,190,0.068,3.442,0.151,0.2344,13,0.2527,4,0.7326,0,-1,,0,-1,,0,-1,,0,-1,,0.2596,46.51,13,1776712
80.0,1,-1,confirm,1.0,-53.57,-69.57,27.24,717,80.81,53.57,2388,0.3,0.863,0.047,0.0338,13,0.1421,944,0.7686,1,719,23.61,1,719,23.61,0,-1,,1,1084,-25.42,0.4749,42.49,13,1776902
80.0,1,1,fallback,1.0,-28.9,-44.9,11.74,230,40.64,28.9,615,0.374,1.339,0.129,0.1025,14,0.2017,209,0.782,0,-1,,0,-1,,0,-1,,0,-1,,0.0458,81.03,14,1779290
80.0,1,-1,confirm,1.0,62.49,46.49,102.35,3620,39.85,37.13,4143,0.874,2.814,0.152,-0.0175,15,0.223,2317,0.8987,1,121,1.81,1,606,4.53,1,2611,61.59,1,712,-19.93,0.4958,40.59,14,1779905
80.0,1,1,confirm,1.0,23.7,7.7,64.71,2455,41.01,42.84,2823,0.87,0.994,0.123,0.2402,16,0.4116,77,0.9717,1,358,-8.2,1,358,-8.2,1,358,-8.2,1,447,-3.65,0.1949,40.26,15,1784048
80.0,1,-1,confirm,1.0,-4.55,-20.55,35.46,6406,40.01,45.46,7295,0.878,0.389,0.103,-0.1964,18,0.5138,2777,0.9578,1,172,6.36,1,696,2.73,1,696,2.73,1,776,-0.0,0.4802,40.75,16,1786871
80.0,1,1,confirm,1.0,63.62,47.62,108.15,14023,44.53,38.17,14386,0.975,1.659,0.341,0.6847,22,0.7585,13858,0.9934,1,255,6.36,1,255,6.36,1,255,6.36,1,442,-9.09,0.2794,40.15,18,1794166
80.0,1,-1,confirm,1.0,34.32,18.32,74.05,17850,39.74,56.9,18503,0.965,4.487,0.263,0.4313,3,0.4956,2747,0.9968,1,600,-3.61,1,600,-3.61,1,4480,-11.74,1,600,-3.61,0.5888,44.06,22,1808552
80.0,1,1,confirm,1.0,-61.62,-77.62,23.56,409,85.18,61.62,3236,0.126,0.28,0.334,-0.2607,3,0.1788,1451,0.9583,1,119,9.06,1,119,9.06,0,-1,,1,154,7.25,0.9811,40.03,3,1827055
80.0,1,-1,fallback,1.0,-22.8,-38.8,17.32,11,40.12,22.8,435,0.025,5.914,0.246,0.3874,4,0.3928,18,0.504,0,-1,,0,-1,,0,-1,,0,-1,,0.1519,84.98,4,1830291
80.0,1,1,confirm,1.0,29.11,13.11,70.05,3917,40.94,0.91,8834,0.443,3.442,0.192,0.025,5,0.565,8684,0.9995,1,956,33.66,1,956,33.66,1,956,33.66,1,1071,37.3,0.405,40.19,4,1830726
80.0,1,-1,confirm,1.0,7.26,-8.74,47.17,3243,39.91,5.44,5597,0.579,2.969,0.101,0.2036,7,0.5385,4962,0.966,1,569,9.98,1,2994,33.56,1,2994,33.56,1,3844,29.03,0.3018,40.65,6,1839560
80.0,1,1,confirm,1.0,-76.25,-92.25,18.16,734,94.41,76.25,6386,0.115,1.722,0.045,0.5324,8,0.6571,62,0.9993,1,974,-0.91,1,974,-0.91,1,974,-0.91,1,1233,6.35,0.7923,40.1,8,1845157
80.0,1,-1,fallback,1.0,58.54,42.54,98.79,2997,40.25,0.0,4658,0.643,5.064,0.151,0.1229,11,0.3849,2,0.92,1,599,55.8,1,599,55.8,1,599,55.8,1,613,57.63,0.958,94.24,10,1851543
80.0,1,1,confirm,1.0,98.45,82.45,139.86,774,41.41,0.92,1046,0.74,4.528,0.399,0.1284,11,0.243,759,0.8734,1,126,12.88,1,126,12.88,1,800,123.3,0,-1,,0.5393,40.65,11,1856201
80.0,1,-1,confirm,1.0,160.36,144.36,200.46,5393,40.09,10.02,5442,0.991,1.017,0.133,0.1774,13,0.5296,3126,0.9116,1,443,38.27,1,443,38.27,1,443,38.27,1,2456,44.65,0.2342,40.83,11,1857247
80.0,1,1,confirm,1.0,29.63,13.63,70.38,523,40.74,24.08,737,0.71,2.694,0.138,0.2033,13,0.2147,555,0.5853,0,-1,,0,-1,,0,-1,,0,-1,,0.1845,40.91,13,1862689
80.0,1,-1,confirm,1.0,24.01,8.01,71.09,673,47.09,26.77,758,0.888,0.929,0.097,0.2877,13,0.3315,436,0.8178,0,-1,,0,-1,,0,-1,,0,-1,,0.4525,40.46,13,1863426
80.0,1,1,confirm,1.0,-57.38,-73.38,22.21,111,79.59,57.38,3920,0.028,0.612,0.031,-0.2176,13,0.1678,3829,0.692,1,1798,-45.35,1,1798,-45.35,0,-1,,1,1966,-25.91,0.573,47.42,13,1864184
80.0,1,-1,confirm,1.0,122.87,106.87,164.76,3805,41.89,19.55,3930,0.968,1.421,0.074,-0.0175,15,0.1371,3024,0.805,1,630,-0.93,1,2848,110.77,0,-1,,1,3616,138.69,0.0213,79.42,14,1868104
80.0,1,1,confirm,1.0,19.79,3.79,63.14,1414,43.35,17.91,2219,0.637,1.111,0.109,0.0179,16,0.3401,498,0.772,1,612,10.37,1,612,10.37,1,612,10.37,1,1032,22.62,0.1909,42.59,16,1872034
80.0,1,-1,confirm,1.0,60.2,44.2,104.4,860,44.21,6.58,874,0.984,7.158,0.135,0.1465,16,0.4715,568,0.9424,0,-1,,0,-1,,0,-1,,0,-1,,0.0684,43.08,16,1874253
80.0,1,1,confirm,1.0,-1.89,-17.89,40.69,676,42.58,13.25,889,0.76,0.608,0.046,-0.026,17,0.1229,868,0.6978,1,656,32.17,1,656,32.17,0,-1,,0,-1,,0.0846,44.67,16,1875127
80.0,1,-1,confirm,1.0,26.5,10.5,66.25,1091,39.75,37.86,1188,0.918,2.86,0.129,0.2509,17,0.3528,380,0.8295,0,-1,,0,-1,,0,-1,,0,-1,,0.3664,42.41,17,1876016
80.0,1,1,confirm,1.0,-42.7,-58.7,37.01,96,79.71,42.7,1168,0.082,0.438,0.011,-0.218,17,0.0437,826,0.577,0,-1,,0,-1,,0,-1,,0,-1,,0.8295,40.02,17,1877204
80.0,1,-1,confirm,1.0,-11.44,-27.44,28.59,107,40.03,11.44,195,0.549,2.013,0.119,0.2379,17,0.3408,2,0.682,0,-1,,0,-1,,0,-1,,0,-1,,0.1253,79.42,17,1878372
80.0,1,1,confirm,1.0,151.36,135.36,192.29,2146,40.93,9.52,2421,0.886,0.726,0.171,-0.0315,18,0.2137,1797,0.8449,1,617,7.62,1,1025,38.08,1,1025,38.08,1,1121,56.16,0.1014,40.14,17,1878567
80.0,1,-1,confirm,1.0,84.4,68.4,126.59,2725,42.2,14.07,3801,0.717,4.065,0.144,0.0022,19,0.161,409,0.8308,1,575,13.13,1,575,13.13,0,-1,,1,584,10.32,0.5498,40.16,18,1880988
80.0,1,1,confirm,1.0,3.78,-12.22,45.39,1550,41.61,27.43,1568,0.989,1.099,0.179,0.1647,19,0.3639,793,0.9668,1,1012,-18.91,1,1012,-18.91,1,1012,-18.91,0,-1,,0.2785,42.74,19,1884789
80.0,1,-1,confirm,1.0,-57.67,-73.67,31.2,95,88.86,57.67,147,0.646,2.837,0.018,-0.0624,20,-0.0013,8,0.3307,0,-1,,0,-1,,0,-1,,0,-1,,0.3773,41.42,19,1886357
80.0,1,1,fallback,1.0,-25.38,-41.38,15.98,6,41.36,25.38,156,0.038,2.799,0.139,0.1232,20,0.1623,147,0.5822,0,-1,,0,-1,,0,-1,,0,-1,,0.0124,89.14,20,1886504
80.0,1,-1,confirm,1.0,-75.39,-91.39,5.65,13,81.04,75.39,112,0.116,0.726,0.051,-0.1565,20,-0.1565,16,-0.2602,0,-1,,0,-1,,0,-1,,0,-1,,0.3239,41.29,20,1886660
80.0,1,1,fallback,1.0,-35.54,-51.54,4.68,1,40.22,35.54,164,0.006,1.335,0.126,0.1871,20,0.1902,0,0.3808,0,-1,,0,-1,,0,-1,,0,-1,,0.405,81.09,20,1886772
80.0,1,-1,confirm,1.0,-80.72,-96.72,-0.0,0,80.72,80.72,2272,0.0,0.413,0.029,-0.1008,20,0.2337,2056,0.8625,1,1213,-22.53,0,-1,,0,-1,,0,-1,,0.3506,40.2,20,1886936
80.0,1,1,fallback,1.0,0.0,-16.0,40.97,205,40.97,1.86,270,0.759,4.081,0.19,0.0735,20,0.1931,257,0.7223,0,-1,,0,-1,,0,-1,,0,-1,,0.121,80.72,20,1889208
80.0,1,-1,confirm,1.0,23.28,7.28,64.25,1262,40.97,27.93,2105,0.6,0.788,0.155,0.5363,21,0.5531,1253,0.9205,1,652,14.9,1,652,14.9,1,652,14.9,1,1856,30.73,0.0183,40.8,20,1889478
80.0,1,1,confirm,1.0,43.86,27.86,86.79,2192,42.93,8.4,2816,0.778,1.376,0.165,0.1927,22,0.456,0,0.9684,1,351,-2.8,1,351,-2.8,1,351,-2.8,1,460,-5.6,0.5603,41.23,21,1891583
80.0,1,-1,confirm,1.0,17.65,1.65,58.54,3988,40.88,0.93,4304,0.927,1.322,0.027,0.377,23,0.6183,1515,0.9437,1,22,0.93,1,22,0.93,1,1817,33.45,1,1993,35.31,0.2952,42.56,22,1894399
80.0,1,1,confirm,1.0,-45.61,-61.61,34.44,5824,80.05,45.61,11967,0.487,1.978,0.068,-0.227,1,0.478,9828,0.9852,1,196,-3.72,1,196,-3.72,1,847,6.52,1,1118,-2.79,0.9006,41.13,23,1898703
80.0,1,-1,confirm,1.0,-35.53,-51.53,4.68,1838,40.21,39.27,7327,0.251,3.618,0.183,0.1012,3,0.5749,6383,0.9925,1,54,-12.16,1,54,-12.16,1,54,-12.16,1,80,-14.03,0.2298,79.78,2,1910670
80.0,1,1,confirm,1.0,98.77,82.77,139.77,2270,41.0,-0.0,3494,0.65,3.484,0.125,0.1327,5,0.3724,1410,0.9478,1,2186,105.29,1,2186,105.29,1,2186,105.29,1,3273,101.57,0.7167,40.23,4,1917997
80.0,1,-1,confirm,1.0,106.11,90.11,145.78,19487,39.68,56.28,19798,0.984,0.732,0.192,0.4175,11,0.6519,16763,0.9943,1,1368,-11.07,1,1368,-11.07,1,1368,-11.07,1,1368,-11.07,0.3414,40.43,5,1921491
80.0,1,1,confirm,1.0,20.52,4.52,66.21,4539,45.7,47.56,4571,0.993,6.325,0.278,-0.0166,12,0.1042,317,0.9739,1,374,-12.12,1,374,-12.12,0,-1,,1,631,-13.06,0.5056,40.26,11,1941289
80.0,1,-1,confirm,1.0,218.71,202.71,257.79,4548,39.09,27.92,4564,0.996,4.632,0.249,-0.0244,13,0.3282,1523,0.9656,1,1010,-6.51,1,1010,-6.51,1,1010,-6.51,1,1058,-9.31,0.1175,45.4,12,1945860
80.0,1,1,confirm,1.0,-71.36,-87.36,8.56,6,79.92,71.36,78,0.077,3.164,0.177,0.0254,13,0.0254,6,0.0763,0,-1,,0,-1,,0,-1,,0,-1,,0.0903,40.12,13,1950424
80.0,1,-1,confirm,1.0,-10.54,-26.54,35.46,30,46.0,10.54,70,0.429,1.898,0.195,0.0528,13,0.0569,29,0.258,0,-1,,0,-1,,0,-1,,0,-1,,0.0288,79.86,13,1950502
80.0,1,1,confirm,1.0,-80.41,-96.41,0.0,0,80.41,80.41,93,0.0,1.169,0.147,-0.0351,13,-0.017,88,0.3884,0,-1,,0,-1,,0,-1,,0,-1,,0.2226,46.16,13,1950572
80.0,1,-1,fallback,1.0,33.78,17.78,74.31,108,40.53,11.58,126,0.857,1.048,0.165,0.0429,13,0.0481,0,0.2345,0,-1,,0,-1,,0,-1,,0,-1,,0.0353,80.41,13,1950665
80.0,1,1,confirm,1.0,-81.34,-97.34,0.97,1,82.31,81.34,21,0.048,1.078,0.132,-0.0427,13,-0.0386,9,-0.0564,0,-1,,0,-1,,0,-1,,0,-1,,0.0287,40.84,13,1950791
80.0,1,-1,fallback,1.0,-5.86,-21.86,45.88,72,51.74,19.53,88,0.818,1.619,0.154,0.0399,13,0.0444,0,0.1176,0,-1,,0,-1,,0,-1,,0,-1,,0.0993,82.3,13,1950812
80.0,1,1,confirm,1.0,-62.45,-78.45,17.56,6,80.01,62.45,39,0.154,1.419,0.127,-0.0337,13,-0.0322,2,0.0013,0,-1,,0,-1,,0,-1,,0,-1,,0.1075,51.98,13,1950900
80.0,1,-1,confirm,1.0,-19.64,-35.64,24.55,6,44.18,19.64,21,0.286,1.249,0.158,0.0349,13,0.0372,15,0.011,0,-1,,0,-1,,0,-1,,0,-1,,0.022,79.87,13,1950939
80.0,1,1,confirm,1.0,-1.96,-17.96,39.2,24,41.16,9.8,39,0.615,1.326,0.105,-0.0589,13,-0.0371,0,-0.011,0,-1,,0,-1,,0,-1,,0,-1,,0.0,44.29,13,1950960
80.0,1,-1,confirm,1.0,38.22,22.22,79.39,160,41.16,41.16,201,0.796,0.663,0.12,0.0128,13,0.053,0,0.0677,0,-1,,0,-1,,0,-1,,0,-1,,0.0362,41.0,13,1950999
80.0,1,1,confirm,1.0,34.44,18.44,78.71,12,44.27,-0.0,74,0.162,1.223,0.072,0.007,14,0.0203,65,0.2651,0,-1,,0,-1,,0,-1,,0,-1,,0.1337,41.49,14,1951200
80.0,1,-1,confirm,1.0,-81.38,-97.38,-0.0,0,81.38,81.38,70,0.0,0.645,0.055,-0.007,14,-0.0011,3,0.0602,0,-1,,0,-1,,0,-1,,0,-1,,0.2048,43.93,14,1951274
80.0,1,1,fallback,1.0,-16.53,-32.53,25.29,55,41.82,17.51,126,0.437,0.446,0.002,0.0429,14,0.048,67,0.3046,0,-1,,0,-1,,0,-1,,0,-1,,0.0469,81.38,14,1951344
80.0,1,-1,confirm,1.0,-67.22,-83.22,16.56,18,83.78,67.22,204,0.088,0.539,0.017,-0.0417,14,0.0163,145,0.4971,0,-1,,0,-1,,0,-1,,0,-1,,0.1911,41.72,14,1951470
80.0,1,1,fallback,1.0,56.13,40.13,96.77,155,40.64,3.87,266,0.583,0.756,0.124,0.0014,14,0.0267,17,0.5909,0,-1,,0,-1,,0,-1,,0,-1,,0.4081,83.92,14,1951674
80.0,1,-1,confirm,1.0,63.51,47.51,105.85,280,42.34,17.32,302,0.927,0.984,0.015,-0.1207,14,0.0508,50,0.3067,1,150,19.25,0,-1,,0,-1,,0,-1,,0.4978,40.25,14,1951940
80.0,1,1,confirm,1.0,50.36,34.36,93.94,257,43.58,32.93,347,0.741,1.568,0.006,0.0302,14,0.1171,9,0.3616,1,132,-9.68,1,132,-9.68,0,-1,,0,-1,,0.113,42.79,14,1952242
80.0,1,-1,confirm,1.0,30.83,14.83,73.23,535,42.4,5.78,565,0.947,1.067,0.088,-0.2158,14,-0.0364,38,0.0368,0,-1,,0,-1,,0,-1,,0,-1,,0.2532,43.17,14,1952589
80.0,1,1,confirm,1.0,99.56,83.56,142.08,66,42.53,3.87,89,0.742,4.518,0.093,0.2588,14,0.2749,23,0.4433,0,-1,,0,-1,,0,-1,,0,-1,,0.2985,42.71,14,1953154
80.0,1,-1,confirm,1.0,45.94,29.94,86.13,217,40.2,0.0,311,0.698,0.877,0.009,-0.181,14,-0.1713,278,0.2822,0,-1,,0,-1,,0,-1,,0,-1,,0.2166,41.93,14,1953243
80.0,1,1,confirm,1.0,-79.8,-95.8,0.0,0,79.8,79.8,445,0.0,0.396,0.052,0.1811,14,0.1929,21,0.5097,0,-1,,0,-1,,0,-1,,0,-1,,0.0189,40.54,14,1953554
80.0,1,-1,confirm,1.0,-2.91,-18.91,37.8,1004,40.71,75.6,1105,0.909,1.911,0.145,0.1503,15,0.2687,927,0.7293,0,-1,,0,-1,,0,-1,,0,-1,,0.2277,79.8,14,1953999
80.0,1,1,confirm,1.0,-68.79,-84.79,10.66,11,79.45,68.79,616,0.018,0.775,0.063,-0.0912,15,-0.0043,372,0.5696,0,-1,,0,-1,,0,-1,,0,-1,,0.1729,40.86,15,1955104
80.0,1,-1,confirm,1.0,-27.32,-43.32,12.68,12,40.0,27.32,183,0.066,2.351,0.11,0.1441,15,0.2143,0,0.4332,0,-1,,0,-1,,0,-1,,0,-1,,0.228,79.37,15,1955720
80.0,1,1,confirm,1.0,30.16,14.16,71.03,392,40.86,-0.0,500,0.784,0.761,0.091,0.0823,15,0.1225,374,0.6085,0,-1,,0,-1,,0,-1,,0,-1,,0.1868,40.05,15,1955903
80.0,1,-1,confirm,1.0,-69.84,-85.84,13.58,1027,83.42,69.84,2395,0.429,1.084,0.059,0.0891,15,0.1651,410,0.797,1,838,-22.31,1,838,-22.31,0,-1,,1,1566,-12.61,0.3513,40.58,15,1956403
80.0,1,1,fallback,1.0,22.16,6.16,63.58,264,41.42,1.93,327,0.807,1.541,0.117,0.0237,16,0.0275,268,0.64,0,-1,,0,-1,,0,-1,,0,-1,,0.2938,83.54,16,1958798
80.0,1,-1,confirm,1.0,92.27,76.27,132.64,2017,40.37,9.61,2299,0.877,0.458,0.198,-0.1726,16,0.3282,1367,0.876,1,1613,85.54,1,1613,85.54,1,1613,85.54,1,1613,85.54,0.3457,41.16,16,1959125
80.0,1,1,confirm,1.0,79.55,63.55,120.29,1550,40.75,21.34,1778,0.872,0.8,0.282,0.2826,17,0.399,1249,0.9252,1,63,-0.97,1,63,-0.97,0,-1,,1,86,-6.79,0.089,40.91,16,1961424
80.0,1,-1,confirm,1.0,-69.3,-85.3,11.55,7,80.85,69.3,2396,0.003,0.375,0.08,-0.1593,17,0.3523,2194,0.7572,1,801,-28.87,1,801,-28.87,0,-1,,1,1092,-54.86,0.0683,40.26,17,1963202
80.0,1,1,fallback,1.0,-23.9,-39.9,16.25,79,40.15,23.9,158,0.5,0.74,0.168,-0.1734,18,-0.1473,12,0.0851,0,-1,,0,-1,,0,-1,,0,-1,,0.154,80.94,17,1965598
80.0,1,-1,confirm,1.0,7.67,-8.33,48.86,693,41.2,13.41,981,0.706,0.326,0.097,0.2276,18,0.3494,418,0.756,1,970,15.33,1,970,15.33,1,970,15.33,0,-1,,0.3605,40.08,18,1965756
80.0,1,1,confirm,1.0,-51.78,-67.78,27.81,18,79.59,51.78,923,0.02,4.205,0.031,-0.0113,18,0.182,797,0.7878,1,589,-7.67,1,589,-7.67,0,-1,,0,-1,,0.2776,41.4,18,1966737
80.0,1,-1,confirm,1.0,45.3,29.3,87.71,2968,42.41,1.93,3605,0.823,2.978,0.025,0.4271,19,0.4271,2968,0.9038,1,181,2.89,1,928,25.06,1,3259,71.33,1,928,25.06,0.2128,79.37,18,1967660
80.0,1,1,confirm,1.0,30.98,14.98,71.65,1617,40.67,22.27,2338,0.692,1.196,0.212,-0.2788,20,0.2996,1256,0.9248,1,600,3.87,1,600,3.87,1,600,3.87,1,1447,17.43,0.7906,42.78,19,1971265
80.0,1,-1,confirm,1.0,1.93,-14.07,43.44,2222,41.51,37.64,4499,0.494,1.348,0.13,-0.0926,20,0.4344,1206,0.9409,1,624,-22.2,1,624,-22.2,1,624,-22.2,1,709,-30.89,0.3332,40.38,20,1973603
80.0,1,1,confirm,1.0,26.07,10.07,66.62,457,40.55,2.9,759,0.602,3.078,0.316,0.2105,21,0.5974,22,0.9718,1,659,43.44,1,659,43.44,1,659,43.44,0,-1,,0.7419,41.69,21,1978102
80.0,1,-1,confirm,1.0,-75.11,-91.11,11.56,5356,86.66,75.11,6035,0.887,2.195,0.242,0.2682,23,0.4305,4130,0.9817,1,823,-21.18,1,823,-21.18,1,823,-21.18,1,1021,-38.52,0.0128,40.28,21,1978861
80.0,1,1,fallback,1.0,-18.16,-34.16,21.98,623,40.14,18.16,1441,0.432,0.926,0.103,0.3071,23,0.3718,4,0.7363,1,905,11.47,1,905,11.47,1,905,11.47,1,932,8.6,0.8022,86.76,23,1984896
80.0,1,-1,confirm,1.0,107.24,91.24,147.45,6431,40.21,18.19,7467,0.861,0.649,0.268,0.391,1,0.5937,7151,0.9743,1,145,3.83,1,145,3.83,1,145,3.83,1,213,5.74,0.7132,40.05,23,1986337
80.0,1,1,confirm,1.0,-80.33,-96.33,0.97,3,81.3,80.33,1323,0.002,0.404,0.085,-0.1829,1,0.3699,1130,0.8783,0,-1,,0,-1,,0,-1,,0,-1,,0.1283,40.82,1,1993804
80.0,1,-1,fallback,1.0,38.05,22.05,79.03,106,40.98,3.9,189,0.561,3.716,0.262,0.0976,2,0.0981,110,0.4989,0,-1,,0,-1,,0,-1,,0,-1,,0.3929,81.29,2,1995127
80.0,1,1,confirm,1.0,-73.46,-89.46,8.81,166,82.27,73.46,378,0.439,0.566,0.082,-0.0428,2,-0.0197,49,0.5729,0,-1,,0,-1,,0,-1,,0,-1,,0.1747,41.31,2,1995316
80.0,1,-1,fallback,1.0,-26.64,-42.64,14.8,156,41.44,29.6,269,0.58,0.998,0.08,-0.1005,2,0.0806,1,0.4336,1,76,-4.93,0,-1,,0,-1,,0,-1,,0.4087,82.2,2,1995694
80.0,1,1,confirm,1.0,23.62,7.62,64.95,352,41.33,6.89,392,0.898,0.556,0.116,0.0806,2,0.1006,43,0.5169,0,-1,,0,-1,,0,-1,,0,-1,,0.1016,41.5,2,1995963
80.0,1,-1,confirm,1.0,47.12,31.12,91.3,1844,44.18,47.12,1858,0.992,2.973,0.058,0.1481,3,0.1498,1829,0.6124,0,-1,,0,-1,,0,-1,,0,-1,,0.2145,41.06,2,1996355
80.0,1,1,confirm,1.0,44.39,28.39,84.83,506,40.44,17.75,1129,0.448,0.353,0.129,-0.1381,3,0.1531,779,0.6078,1,1078,55.24,1,1078,55.24,0,-1,,0,-1,,0.4032,44.59,3,1998213
80.0,1,-1,confirm,1.0,-65.8,-81.8,14.73,43,80.53,65.8,1348,0.032,0.582,0.11,0.0373,3,0.0947,251,0.8861,1,289,-22.59,0,-1,,0,-1,,0,-1,,0.1574,40.1,3,1999342
80.0,1,1,fallback,1.0,65.37,49.37,106.34,709,40.98,3.9,777,0.912,3.136,0.075,-0.0118,3,0.3168,92,0.6901,1,692,96.59,1,692,96.59,1,692,96.59,0,-1,,0.7759,80.65,3,2000690
80.0,1,-1,confirm,1.0,1.94,-14.06,46.53,4097,44.59,38.77,4693,0.873,0.42,0.031,0.0876,5,0.3817,2086,0.8912,1,1156,-17.45,1,1156,-17.45,1,1156,-17.45,1,1162,-21.32,0.0719,40.54,3,2001467
80.0,1,1,confirm,1.0,-2.91,-18.91,37.81,1200,40.72,29.08,1777,0.675,0.736,0.152,0.1264,5,0.299,361,0.9304,1,587,-4.85,1,587,-4.85,1,587,-4.85,1,613,0.97,0.6046,44.8,5,2006160
80.0,1,-1,confirm,1.0,-68.85,-84.85,14.55,1410,83.4,68.85,2306,0.611,1.035,0.147,0.4099,6,0.4496,1356,0.9771,1,211,-3.88,1,211,-3.88,1,1947,5.82,1,211,-3.88,0.4838,40.56,5,2007937
80.0,1,1,fallback,1.0,98.24,82.24,140.61,4587,42.38,27.93,4934,0.93,0.687,0.131,-0.1588,7,0.4841,1,0.895,1,599,-22.15,1,599,-22.15,1,599,-22.15,1,599,-22.15,0.0043,83.52,6,2010243
80.0,1,-1,confirm,1.0,144.02,128.02,185.98,7610,41.96,21.94,7725,0.985,3.236,0.189,0.4485,9,0.5458,7561,0.9365,1,30,-10.49,1,30,-10.49,1,2263,67.72,1,3489,97.28,0.0009,41.79,7,2015177
80.0,1,1,confirm,1.0,-72.58,-88.58,7.74,44,80.32,72.58,3186,0.014,0.458,0.032,-0.3901,9,0.1826,2089,0.919,1,1992,4.84,1,1992,4.84,0,-1,,1,2524,-16.45,0.5027,42.76,9,2022902
80.0,1,-1,fallback,1.0,-43.86,-59.86,-0.0,0,43.86,43.86,930,0.0,1.359,0.137,-0.0644,10,0.1635,721,0.9746,1,686,-19.5,1,686,-19.5,0,-1,,0,-1,,0.1085,80.26,10,2026088
80.0,1,1,confirm,1.0,-70.85,-86.85,8.73,20,79.58,70.85,2423,0.008,1.315,0.167,0.1176,11,0.5619,1035,0.9449,0,-1,,0,-1,,0,-1,,0,-1,,0.4964,43.86,11,2027018
80.0,1,-1,confirm,1.0,-8.8,-24.8,31.28,574,40.07,8.8,1013,0.567,4.313,0.166,0.1742,11,0.3524,717,0.7999,0,-1,,0,-1,,0,-1,,0,-1,,0.878,79.51,11,2029441
80.0,1,1,confirm,1.0,55.66,39.66,96.68,1989,41.02,17.58,2129,0.934,3.482,0.166,-0.1138,12,0.1309,304,0.7596,1,375,3.91,1,375,3.91,0,-1,,1,399,-0.98,0.5869,40.2,12,2030454
80.0,1,-1,confirm,1.0,84.49,68.49,124.31,459,39.82,4.86,554,0.829,2.151,0.255,0.2566,12,0.3066,427,0.8214,0,-1,,0,-1,,0,-1,,0,-1,,0.2157,40.62,12,2032583
80.0,1,1,confirm,1.0,9.79,-6.21,50.93,66,41.14,1.96,209,0.316,1.722,0.039,-0.0994,12,-0.0736,157,0.7653,0,-1,,0,-1,,0,-1,,0,-1,,0.0234,40.32,12,2033137
80.0,1,-1,confirm,1.0,12.72,-3.28,53.82,1319,41.1,19.57,1409,0.936,0.917,0.076,-0.3863,13,0.0987,35,0.8173,1,206,2.94,0,-1,,0,-1,,0,-1,,0.0562,40.93,12,2033346
80.0,1,1,confirm,1.0,-72.5,-88.5,18.61,24,91.11,72.5,413,0.058,0.941,0.077,0.3325,13,0.3546,4,0.5816,1,413,-72.5,1,413,-72.5,1,413,-72.5,0,-1,,0.006,41.32,13,2034755
80.0,1,-1,fallback,1.0,-21.71,-37.71,19.74,3,41.45,21.71,33,0.091,4.322,0.104,0.0039,13,0.0173,2,0.2281,0,-1,,0,-1,,0,-1,,0,-1,,0.1393,90.94,13,2035168
80.0,1,1,confirm,1.0,28.56,12.56,69.92,732,41.36,6.89,811,0.903,1.812,0.052,-0.0579,13,0.0707,23,0.7048,1,89,12.8,0,-1,,0,-1,,0,-1,,0.1679,41.53,13,2035201
80.0,1,-1,confirm,1.0,-66.77,-82.77,14.73,37,81.5,66.77,128,0.289,1.004,0.014,0.1334,13,0.1334,37,0.5214,0,-1,,0,-1,,0,-1,,0,-1,,0.0712,41.07,13,2036012
80.0,1,1,fallback,1.0,-39.02,-55.02,1.95,1,40.97,39.02,101,0.01,1.065,0.085,-0.0687,13,-0.0522,86,0.3448,0,-1,,0,-1,,0,-1,,0,-1,,0.1723,81.62,13,2036140
80.0,1,-1,confirm,1.0,-71.48,-87.48,9.79,7,81.28,71.48,665,0.011,0.533,0.028,0.0598,13,0.0794,233,0.6122,1,58,2.94,0,-1,,0,-1,,0,-1,,0.0886,40.96,13,2036241
80.0,1,1,fallback,1.0,98.2,82.2,139.04,713,40.84,33.06,805,0.886,2.654,0.19,0.0461,14,0.1868,419,0.6278,1,578,70.0,1,578,70.0,0,-1,,0,-1,,0.2378,81.36,13,2036906
80.0,1,-1,confirm,1.0,-47.18,-63.18,33.7,109,80.88,47.18,649,0.168,0.864,0.055,-0.0012,14,0.3397,612,0.6334,0,-1,,0,-1,,0,-1,,0,-1,,0.0464,40.28,14,2037711
80.0,1,1,fallback,1.0,-29.71,-45.71,13.42,253,43.12,29.71,314,0.806,0.763,0.128,-0.3391,14,-0.2847,0,0.2348,0,-1,,0,-1,,0,-1,,0,-1,,0.2899,81.15,14,2038360
80.0,1,-1,confirm,1.0,-2.88,-18.88,37.49,153,40.37,16.34,176,0.869,1.024,0.063,0.2721,14,0.3564,0,0.4525,0,-1,,0,-1,,0,-1,,0,-1,,0.2315,43.07,14,2038674
80.0,1,1,confirm,1.0,27.87,11.87,69.18,483,41.32,15.37,570,0.847,0.808,0.09,-0.1649,14,-0.1399,424,0.4552,0,-1,,0,-1,,0,-1,,0,-1,,0.2435,40.52,14,2038850
80.0,1,-1,confirm,1.0,43.12,27.12,84.32,388,41.2,29.7,476,0.815,1.32,0.126,0.295,14,0.3268,453,0.6175,0,-1,,0,-1,,0,-1,,0,-1,,0.1406,41.03,14,2039420
80.0,1,1,confirm,1.0,11.55,-4.45,53.89,672,42.34,26.95,964,0.697,1.211,0.113,-0.3048,14,-0.2781,133,0.1301,0,-1,,0,-1,,0,-1,,0,-1,,0.5309,41.55,14,2039896
80.0,1,-1,confirm,1.0,8.65,-7.35,50.95,733,42.3,8.65,908,0.807,0.476,0.039,0.2488,15,0.4062,324,0.7632,0,-1,,0,-1,,0,-1,,0,-1,,0.1499,42.12,14,2040860
80.0,1,1,confirm,1.0,1.92,-14.08,42.33,28,40.41,1.92,162,0.173,2.578,0.107,0.1053,15,0.1115,27,0.6949,0,-1,,0,-1,,0,-1,,0,-1,,0.5572,42.51,15,2041768
80.0,1,-1,confirm,1.0,-62.52,-78.52,21.16,180,83.69,62.52,1458,0.123,0.395,0.012,-0.0714,15,0.2174,1452,0.6111,0,-1,,0,-1,,0,-1,,0,-1,,0.5778,40.24,15,2041930
80.0,1,1,fallback,1.0,-8.6,-24.6,31.55,431,40.15,10.52,604,0.714,0.602,0.157,-0.0146,15,0.0359,546,0.9355,0,-1,,0,-1,,0,-1,,0,-1,,0.1011,83.86,15,2043388
80.0,1,-1,confirm,1.0,7.65,-8.35,49.75,311,42.1,22.96,552,0.563,4.493,0.164,0.057,15,0.1699,453,0.8286,1,156,-10.52,0,-1,,0,-1,,0,-1,,0.3103,40.02,15,2043992
80.0,1,1,confirm,1.0,45.0,29.0,88.09,316,43.09,4.79,374,0.845,3.037,0.1,0.0432,16,0.2268,342,0.8911,0,-1,,0,-1,,0,-1,,0,-1,,0.2864,42.31,15,2044544
80.0,1,-1,confirm,1.0,45.75,29.75,85.79,1185,40.03,13.34,1604,0.739,3.341,0.132,-0.0762,16,0.0466,1461,0.7256,0,-1,,0,-1,,0,-1,,0,-1,,0.1737,42.71,16,2044918
80.0,1,1,confirm,1.0,29.68,13.68,70.86,408,41.18,3.83,743,0.549,2.259,0.234,0.0188,16,0.1415,136,0.8278,1,170,14.36,1,170,14.36,0,-1,,1,216,12.45,0.0657,40.38,16,2046522
80.0,1,-1,confirm,1.0,36.28,20.28,77.33,8626,41.05,37.24,8763,0.984,0.918,0.049,-0.0503,19,0.5312,6456,0.9195,1,121,-2.86,1,121,-2.86,1,3433,6.68,1,394,5.73,0.0086,40.89,16,2047265
80.0,1,1,confirm,1.0,37.37,21.37,95.82,3144,58.45,17.25,3170,0.992,2.05,0.198,0.1599,19,0.5891,845,0.9136,1,815,-4.79,1,815,-4.79,1,815,-4.79,1,1445,25.87,0.4345,41.37,19,2056028
80.0,1,-1,confirm,1.0,22.91,6.91,63.96,4041,41.05,79.24,5471,0.739,1.317,0.177,0.0705,21,0.4773,4870,0.9357,1,821,-3.82,1,821,-3.82,1,1925,6.68,1,978,-6.68,0.1864,57.9,19,2059198
80.0,1,1,confirm,1.0,-65.07,-81.07,19.14,786,84.2,65.07,1981,0.397,2.175,0.165,0.1521,21,0.2137,776,0.7872,1,887,17.22,1,887,17.22,1,887,17.22,1,1033,0.96,0.5599,41.31,21,2064669
80.0,1,-1,fallback,1.0,-42.38,-58.38,-0.0,0,42.38,42.38,410,0.0,2.689,0.269,0.325,22,0.4023,68,0.8966,0,-1,,0,-1,,0,-1,,0,-1,,0.555,84.04,22,2066650
80.0,1,1,confirm,1.0,50.83,34.83,92.07,6970,41.24,16.3,7995,0.872,2.595,0.194,0.2923,0,0.4847,1938,0.9972,1,630,1.92,1,630,1.92,1,630,1.92,1,672,0.96,0.3879,42.38,22,2067060
80.0,1,-1,confirm,1.0,-43.89,-59.89,37.21,797,81.11,43.89,5616,0.142,0.609,0.195,0.2541,0,0.4433,710,0.9946,1,1185,30.53,1,1185,30.53,1,1185,30.53,1,1208,33.4,0.5959,40.86,0,2075055
80.0,1,1,fallback,1.0,95.0,79.0,136.8,1631,41.8,14.25,1774,0.919,1.013,0.225,0.1325,2,0.5208,1085,0.9168,0,-1,,0,-1,,0,-1,,0,-1,,0.1835,81.41,1,2080671
80.0,1,-1,confirm,1.0,16.0,-0.0,56.47,2393,40.47,38.58,3076,0.778,1.061,0.195,0.3109,3,0.3274,2377,0.9562,1,761,-28.23,1,1455,-12.23,0,-1,,1,1490,-16.94,0.0237,41.24,2,2082445
80.0,1,1,confirm,1.0,-51.84,-67.84,30.16,4047,82.01,51.84,7797,0.519,3.806,0.131,0.0977,4,0.3219,2779,0.9904,1,822,-16.97,1,822,-16.97,1,822,-16.97,1,1824,-9.43,0.3708,40.7,3,2085521
80.0,1,-1,fallback,1.0,-18.95,-34.95,22.74,66,41.69,18.95,1090,0.061,3.659,0.221,0.297,5,0.3668,202,0.9014,1,712,-7.58,1,712,-7.58,1,712,-7.58,1,758,-1.9,0.2367,81.76,5,2093318
80.0,1,1,confirm,1.0,5.67,-10.33,46.34,5842,40.67,31.21,7583,0.77,4.201,0.203,0.4204,7,0.5418,6089,0.9781,1,486,-4.73,1,486,-4.73,1,486,-4.73,1,486,-4.73,0.6501,41.79,5,2094408
80.0,1,-1,confirm,1.0,-48.2,-64.2,34.97,5054,83.18,48.2,19058,0.265,1.59,0.175,0.4996,9,0.6472,7317,0.9887,1,26,-4.73,1,26,-4.73,1,2770,18.9,1,62,-6.62,0.7803,40.48,7,2101991
80.0,1,1,fallback,1.0,95.01,79.01,136.39,10757,41.39,23.52,11157,0.964,3.889,0.095,0.4081,16,0.4628,9251,0.9674,1,164,-13.17,1,164,-13.17,1,164,-13.17,1,173,-13.17,0.7879,83.47,13,2121049
80.0,1,-1,confirm,1.0,151.88,135.88,191.95,12051,40.07,3.73,18766,0.642,2.737,0.074,0.4966,19,0.6962,14902,0.9986,1,751,9.32,1,751,9.32,1,751,9.32,1,926,5.59,0.6694,40.83,16,2132206
80.0,1,1,confirm,1.0,-72.85,-88.85,9.46,73,82.32,72.85,2777,0.026,0.971,0.147,0.0297,21,0.0408,57,0.7843,0,-1,,0,-1,,0,-1,,0,-1,,0.7074,40.85,21,2150972
80.0,1,-1,fallback,1.0,-5.72,-21.72,34.31,54,40.03,5.72,395,0.137,6.22,0.223,0.1927,22,0.4301,0,0.6699,0,-1,,0,-1,,0,-1,,0,-1,,0.6057,82.24,22,2153749
80.0,1,1,confirm,1.0,13.34,-2.66,54.3,2711,40.96,5.72,3129,0.866,1.198,0.116,0.0277,23,0.3468,1276,0.8783,1,251,0.0,1,507,12.38,1,507,12.38,1,535,14.29,0.0539,40.17,22,2154144
80.0,1,-1,confirm,1.0,-0.0,-16.0,40.91,2750,40.91,8.56,4428,0.621,0.707,0.105,0.0763,0,0.5949,3880,0.9951,1,568,15.22,1,568,15.22,1,568,15.22,1,633,17.12,0.0101,40.74,23,2157273
80.0,1,1,confirm,1.0,-58.03,-74.03,21.88,5903,79.91,58.03,17769,0.332,0.188,0.191,-0.3254,2,0.6236,15285,0.9902,1,785,-21.88,1,785,-21.88,1,785,-21.88,1,797,-20.93,0.902,41.07,0,2161701
80.0,1,-1,confirm,1.0,-17.22,-33.22,22.96,368,40.19,17.22,1874,0.196,0.842,0.163,0.4147,5,0.4994,231,0.9834,1,784,-7.65,1,784,-7.65,1,784,-7.65,1,965,-7.65,0.7755,79.73,5,2179470
80.0,1,1,confirm,1.0,74.51,58.51,115.58,9861,41.07,46.8,11038,0.893,2.158,0.205,0.3502,8,0.7104,9653,0.9991,1,584,6.69,1,584,6.69,1,584,6.69,1,584,6.69,0.2707,40.28,5,2181344
80.0,1,-1,confirm,1.0,41.72,25.72,82.49,5168,40.77,4.74,7356,0.703,5.015,0.239,-0.1195,10,0.7283,346,0.999,1,835,13.27,1,835,13.27,1,835,13.27,1,840,12.33,0.4697,40.6,8,2192382
80.0,1,1,confirm,1.0,6.66,-9.34,48.56,5298,41.89,33.32,5839,0.907,2.257,0.295,-0.2482,12,0.3864,840,0.9873,1,86,2.86,1,86,2.86,1,967,-23.8,1,96,0.95,0.0683,41.11,11,2199738
80.0,1,-1,confirm,1.0,4.76,-11.24,44.72,1527,39.96,15.22,2648,0.577,1.799,0.182,0.2243,13,0.6114,65,0.9461,1,738,-3.81,1,738,-3.81,1,738,-3.81,1,770,-2.85,0.385,41.69,12,2205577
80.0,1,1,confirm,1.0,24.75,8.75,65.68,3362,40.93,17.13,3775,0.891,4.803,0.255,-0.0159,14,0.312,1687,0.9777,1,26,-2.86,1,1773,1.9,1,1773,1.9,1,1873,-0.95,0.5735,40.14,13,2208225
80.0,1,-1,confirm,1.0,39.88,23.88,85.46,7677,45.58,42.73,9596,0.8,1.8,0.188,0.2234,16,0.609,6688,0.9896,1,401,-20.89,1,401,-20.89,1,401,-20.89,1,2236,-11.39,0.0352,40.67,14,2212000
80.0,1,1,confirm,1.0,-71.5,-87.5,8.58,31,80.08,71.5,1826,0.017,1.788,0.155,0.3218,17,0.3357,37,0.9328,1,270,-29.55,1,270,-29.55,1,270,-29.55,1,405,-35.28,0.2826,45.97,17,2221596
80.0,1,-1,fallback,1.0,-39.37,-55.37,0.96,1,40.33,39.37,419,0.002,3.303,0.121,-0.065,17,0.0574,32,0.895,1,37,-4.8,0,-1,,0,-1,,0,-1,,0.6927,80.02,17,2223422
80.0,1,1,confirm,1.0,-46.87,-62.87,36.35,6503,83.21,46.87,7422,0.876,4.877,0.318,0.1526,19,0.4612,1724,0.9616,1,218,6.7,1,218,6.7,1,2032,-1.91,1,278,2.87,0.1713,40.33,17,2223841
80.0,1,-1,fallback,1.0,-32.67,-48.67,8.65,8,41.32,32.67,385,0.021,5.033,0.2,0.0362,19,0.0523,96,0.3646,1,120,-14.41,0,-1,,0,-1,,0,-1,,0.1318,82.91,19,2231263
80.0,1,1,confirm,1.0,17.24,1.24,58.43,1279,41.19,6.7,4038,0.317,1.594,0.255,-0.1019,20,0.6046,283,0.9905,1,115,-3.83,1,115,-3.83,1,738,10.54,1,834,9.58,0.2184,41.36,19,2231648
80.0,1,-1,confirm,1.0,26.77,10.77,68.85,2913,42.07,6.69,3524,0.827,2.45,0.228,0.3455,21,0.6074,2718,0.9786,1,409,-5.74,1,409,-5.74,1,409,-5.74,1,440,-3.82,0.6701,40.95,21,2235686
80.0,1,1,confirm,1.0,44.1,28.1,85.33,450,41.23,6.71,528,0.852,0.601,0.179,-0.0933,22,0.2296,27,0.903,1,65,9.59,1,65,9.59,1,65,9.59,1,237,78.62,0.3778,42.36,22,2239210
80.0,1,-1,confirm,1.0,37.23,21.23,78.27,638,41.05,7.64,831,0.768,2.787,0.231,0.0626,22,0.2145,523,0.9564,1,650,63.96,1,650,63.96,1,650,63.96,0,-1,,0.5316,40.88,22,2239738
80.0,1,1,confirm,1.0,-59.4,-75.4,20.12,20,79.52,59.4,1833,0.011,1.265,0.012,0.1784,22,0.1973,328,0.9228,1,618,-5.75,1,618,-5.75,0,-1,,1,1034,-10.54,0.2872,41.37,22,2240569
80.0,1,-1,confirm,1.0,-4.82,-20.82,35.66,17,40.48,4.82,241,0.071,6.645,0.188,0.3762,22,0.4414,0,0.8312,0,-1,,0,-1,,0,-1,,0,-1,,0.9228,79.37,22,2242402
80.0,1,1,confirm,1.0,95.38,79.38,137.76,2476,42.39,7.71,3764,0.658,1.39,0.164,-0.228,23,0.0268,705,0.9926,0,-1,,0,-1,,0,-1,,0,-1,,0.4386,40.63,22,2242643
80.0,1,-1,confirm,1.0,17.18,1.18,57.26,393,40.08,0.0,697,0.564,1.499,0.19,0.2049,0,0.4046,137,0.8532,1,601,24.81,1,601,24.81,1,601,24.81,1,629,25.77,0.2026,41.81,0,2246407
80.0,1,1,confirm,1.0,-52.58,-68.58,31.55,83,84.12,52.58,602,0.138,1.038,0.101,0.192,0,0.3053,342,0.79,0,-1,,0,-1,,0,-1,,0,-1,,0.4574,40.31,0,2247104
80.0,1,-1,fallback,1.0,24.02,8.02,64.39,610,40.36,7.69,911,0.67,1.617,0.135,-0.1185,0,0.0792,119,0.7859,1,136,-5.77,0,-1,,0,-1,,0,-1,,0.606,83.86,0,2247706
80.0,1,1,confirm,1.0,11.56,-4.44,52.98,345,41.42,28.9,647,0.533,1.315,0.143,0.1248,0,0.1668,318,0.6485,1,421,32.75,1,421,32.75,0,-1,,1,496,43.35,0.1576,40.62,0,2248617
80.0,1,-1,confirm,1.0,-71.2,-87.2,10.58,38,81.79,71.2,496,0.077,2.135,0.032,0.1405,0,0.3616,306,0.8558,0,-1,,0,-1,,0,-1,,0,-1,,0.1559,41.2,0,2249264
80.0,1,1,fallback,1.0,-23.88,-39.88,17.2,274,41.08,23.88,379,0.723,0.688,0.107,-0.3634,1,-0.1244,1,0.8113,0,-1,,0,-1,,0,-1,,0,-1,,0.0461,81.87,0,2249760
80.0,1,-1,confirm,1.0,2.87,-13.13,43.1,971,40.22,27.77,1454,0.668,2.022,0.197,0.3747,1,0.4847,522,0.97,1,1122,12.45,1,1122,12.45,1,1122,12.45,1,1226,21.07,0.62,41.01,1,2250139
80.0,1,1,confirm,1.0,-56.52,-72.52,23.95,835,80.47,56.52,2691,0.31,0.657,0.126,0.1751,1,0.4157,180,0.9382,1,1374,-1.92,1,1374,-1.92,1,1374,-1.92,1,2003,-4.79,0.134,40.4,1,2251593
80.0,1,-1,fallback,1.0,13.49,-2.51,54.91,151,41.43,3.85,276,0.547,4.425,0.243,0.0916,2,0.0916,151,0.4305,0,-1,,0,-1,,0,-1,,0,-1,,0.5088,80.28,2,2254284
80.0,1,1,confirm,1.0,137.95,121.95,180.4,3268,42.45,2.89,3808,0.858,1.049,0.158,0.0388,3,0.3766,2573,0.9477,1,894,75.25,1,894,75.25,1,894,75.25,0,-1,,0.1547,41.65,2,2254560
80.0,1,-1,confirm,1.0,98.01,82.01,139.88,6808,41.87,48.53,6969,0.977,1.67,0.124,-0.1095,5,0.234,6218,0.9565,1,603,-46.63,1,5029,78.03,1,6229,91.35,1,5132,70.42,0.2836,41.69,3,2258368
80.0,1,1,confirm,1.0,95.14,79.14,136.46,3758,41.32,14.41,4722,0.796,1.561,0.051,0.1245,6,0.4504,4602,0.9445,1,885,18.26,1,885,18.26,1,885,18.26,1,929,0.96,0.3988,42.46,5,2265337
80.0,1,-1,confirm,1.0,3.81,-12.19,44.74,1670,40.93,0.0,2442,0.684,1.907,0.179,-0.0327,7,0.1318,393,0.955,1,404,14.28,1,404,14.28,0,-1,,1,412,2.86,0.2441,40.77,6,2270059
80.0,1,1,confirm,1.0,-60.95,-76.95,19.05,29,79.99,60.95,4282,0.007,3.698,0.212,-0.176,7,0.3184,3190,0.7742,1,634,-8.57,1,897,3.81,1,3335,-13.33,1,934,5.71,0.5107,41.12,7,2272501
80.0,1,-1,confirm,1.0,-24.91,-40.91,15.33,373,40.24,24.91,1280,0.291,0.643,0.13,0.0302,8,0.2137,1,0.8277,1,390,12.46,1,390,12.46,1,390,12.46,1,668,-18.2,0.4634,79.84,8,2276783
80.0,1,1,confirm,1.0,45.88,29.88,86.97,4948,41.1,28.67,6465,0.765,2.454,0.189,0.0398,10,0.5196,1471,0.9064,1,1633,5.73,1,1633,5.73,1,1633,5.73,1,1679,18.16,0.6733,40.3,8,2278063
80.0,1,-1,confirm,1.0,-66.6,-82.6,29.49,2548,96.09,66.6,3342,0.762,0.355,0.121,-0.2082,11,0.4243,707,0.877,1,75,-4.76,1,75,-4.76,1,75,-4.76,1,1475,-8.56,0.0276,40.74,10,2284528
80.0,1,1,fallback,1.0,-11.34,-27.34,29.3,10,40.64,11.34,60,0.167,5.521,0.298,0.2292,11,0.3643,0,0.7622,0,-1,,0,-1,,0,-1,,0,-1,,0.0948,96.37,11,2287870
80.0,1,-1,confirm,1.0,8.52,-7.48,52.04,1297,43.52,1.89,1701,0.762,1.191,0.123,0.2158,11,0.3506,550,0.9682,1,1000,26.49,1,1000,26.49,1,1000,26.49,1,1036,29.33,0.3169,40.52,11,2287930
80.0,1,1,confirm,1.0,37.88,21.88,78.6,451,40.72,71.02,581,0.776,1.876,0.11,0.0435,12,0.0715,314,0.5862,1,386,40.72,0,-1,,0,-1,,0,-1,,0.5236,43.75,12,2289631
80.0,1,-1,confirm,1.0,32.08,16.08,72.64,2547,40.57,56.6,2999,0.849,2.116,0.079,-0.0191,12,0.351,2108,0.8684,1,1479,-25.47,1,1479,-25.47,1,1479,-25.47,1,1497,-36.79,0.2131,40.4,12,2290212
80.0,1,1,confirm,1.0,14.2,-1.8,54.89,756,40.7,1.89,1379,0.548,1.046,0.13,0.0202,13,0.2486,1164,0.9021,1,412,23.66,1,412,23.66,1,1374,20.82,1,414,22.71,0.1874,40.86,13,2293211
80.0,1,-1,confirm,1.0,10.4,-5.6,53.87,442,43.47,4.73,466,0.948,3.836,0.23,0.2614,13,0.282,451,0.8976,0,-1,,0,-1,,0,-1,,0,-1,,0.7299,40.47,13,2294590
80.0,1,1,confirm,1.0,-3.78,-19.78,37.84,43,41.63,3.78,194,0.222,2.247,0.035,-0.1397,13,-0.0884,130,0.5916,0,-1,,0,-1,,0,-1,,0,-1,,0.5077,43.71,13,2295056
80.0,1,-1,confirm,1.0,71.93,55.93,113.57,740,41.64,25.55,1015,0.729,1.193,0.113,0.0805,13,0.186,593,0.6532,1,372,62.46,1,372,62.46,0,-1,,0,-1,,0.3796,41.47,13,2295250
80.0,1,1,confirm,1.0,-58.15,-74.15,22.88,827,81.03,58.15,1260,0.656,1.082,0.052,0.3396,14,0.3525,603,0.7945,1,1193,-26.69,1,1193,-26.69,1,1193,-26.69,1,1221,-48.62,0.2109,42.12,13,2296265
80.0,1,-1,fallback,1.0,-14.38,-30.38,25.89,667,40.27,26.85,798,0.836,1.02,0.043,-0.2168,14,0.1295,1,0.6577,1,208,5.75,1,208,5.75,0,-1,,1,297,5.75,0.7314,80.84,14,2297525
80.0,1,1,confirm,1.0,9.57,-6.43,50.75,1763,41.17,18.19,2263,0.779,4.159,0.127,0.2247,14,0.5136,658,0.8812,1,85,-4.79,1,85,-4.79,1,1178,-7.66,1,1386,-1.91,0.3174,40.38,14,2298323
80.0,1,-1,confirm,1.0,-0.0,-16.0,40.18,562,40.18,2.87,949,0.592,1.071,0.138,0.4211,15,0.4854,622,0.9565,0,-1,,0,-1,,0,-1,,0,-1,,0.744,40.96,15,2300586
80.0,1,1,confirm,1.0,23.91,7.91,65.05,2096,41.13,30.61,3296,0.636,2.604,0.045,0.0505,15,0.3206,845,0.8974,1,1310,43.05,1,1310,43.05,1,1310,43.05,1,1329,42.09,0.3292,40.34,15,2301535
80.0,1,-1,confirm,1.0,5.73,-10.27,45.81,804,40.08,9.54,1559,0.516,1.726,0.218,0.218,16,0.2564,858,0.898,1,370,2.86,1,979,30.54,1,979,30.54,1,994,31.49,0.2129,40.87,16,2304831
80.0,1,1,confirm,1.0,152.77,136.77,195.74,2150,42.97,0.95,2260,0.951,3.13,0.146,0.1822,17,0.4746,77,0.9561,1,1092,40.1,1,1092,40.1,1,1092,40.1,1,1431,69.7,0.4269,40.26,16,2306390
80.0,1,-1,confirm,1.0,-65.83,-81.83,15.05,358,80.88,65.83,7626,0.047,0.335,0.029,-0.0684,17,0.4734,4530,0.9518,1,849,-45.14,1,849,-45.14,1,849,-45.14,1,852,-44.2,0.572,42.14,17,2308650
80.0,1,1,fallback,1.0,18.69,2.69,60.73,1237,42.04,10.28,1528,0.81,1.464,0.215,0.2653,19,0.3981,1149,0.7923,0,-1,,0,-1,,0,-1,,0,-1,,0.2336,81.0,19,2316276
80.0,1,-1,confirm,1.0,72.74,56.74,112.84,4546,40.1,29.84,6974,0.652,2.204,0.143,0.2492,21,0.3893,2581,0.9548,1,479,-10.26,1,479,-10.26,1,1843,29.84,1,553,-15.85,0.1682,41.79,19,2317804
80.0,1,1,confirm,1.0,-66.7,-82.7,14.09,552,80.79,66.7,5624,0.098,0.362,0.108,0.0982,21,0.5581,4262,0.935,1,455,5.64,1,455,5.64,1,455,5.64,1,2478,-18.79,0.2166,40.56,21,2324778
80.0,1,-1,fallback,1.0,-23.64,-39.64,17.02,616,40.67,23.64,1718,0.359,2.007,0.102,0.3986,23,0.5667,21,0.8936,1,827,0.95,1,827,0.95,1,827,0.95,1,835,-1.89,0.6039,80.68,23,2330402
80.0,1,1,confirm,1.0,-80.2,-96.2,0.94,2,81.14,80.2,2526,0.001,2.634,0.106,-0.0185,23,0.3713,1337,0.943,1,86,-2.83,1,722,-17.93,1,722,-17.93,1,722,-17.93,0.1373,40.74,23,2332120
80.0,1,-1,fallback,1.0,-3.8,-19.8,36.14,1878,39.95,9.51,3370,0.557,1.637,0.13,0.0231,1,0.4897,0,0.9488,1,675,15.22,1,675,15.22,1,675,15.22,1,687,18.07,0.2433,81.13,0,2334646
80.0,1,1,confirm,1.0,-69.4,-85.4,10.46,6814,79.86,69.4,8773,0.777,3.25,0.226,-0.1015,3,0.5722,1855,0.9957,1,841,-31.37,1,841,-31.37,1,841,-31.37,1,1092,-27.57,0.2901,40.09,1,2338016
80.0,1,-1,confirm,1.0,-24.89,-40.89,15.32,1040,40.21,24.89,2387,0.436,1.472,0.118,0.1567,4,0.5775,1828,0.9852,1,1190,-5.74,1,1190,-5.74,1,1190,-5.74,1,2229,-11.49,0.8179,79.78,3,2346789
80.0,1,1,confirm,1.0,0.0,-16.0,41.07,7035,41.07,16.24,9540,0.737,1.563,0.225,-0.0588,6,0.6338,2025,0.9836,1,442,0.96,1,442,0.96,1,442,0.96,1,450,0.96,0.2559,40.27,4,2349176
80.0,1,-1,confirm,1.0,14.33,-1.67,55.39,5102,41.07,17.19,6682,0.764,6.503,0.188,0.3591,8,0.6674,4459,0.9783,1,143,-1.91,1,143,-1.91,1,143,-1.91,1,180,-2.87,0.1664,40.9,7,2358716
80.0,1,1,confirm,1.0,-76.51,-92.51,5.74,81,82.25,76.51,10340,0.008,1.479,0.071,0.1049,9,0.4145,8270,0.965,1,600,-4.78,1,600,-4.78,1,600,-4.78,1,692,-4.78,0.3752,41.29,9,2365398
80.0,1,-1,fallback,1.0,56.86,40.86,97.34,4052,40.48,13.49,4282,0.946,1.213,0.065,0.3346,13,0.4371,3784,0.9099,1,610,1.93,1,610,1.93,1,610,1.93,1,2290,59.75,0.2207,82.2,11,2375738
80.0,1,1,confirm,1.0,1.94,-14.06,42.65,1466,40.71,10.66,1508,0.972,3.541,0.135,-0.1205,13,0.3418,1125,0.9287,1,737,0.97,1,1308,-1.94,1,1308,-1.94,1,1348,0.0,0.5087,40.88,13,2380020
80.0,1,-1,confirm,1.0,-46.52,-62.52,37.79,365,84.31,46.52,1774,0.206,0.507,0.062,0.2813,13,0.3289,179,0.8282,1,617,5.81,1,617,5.81,1,617,5.81,1,1144,-12.6,0.0326,40.54,13,2381528
80.0,1,1,fallback,1.0,20.26,4.26,60.77,83,40.51,2.89,652,0.127,2.689,0.149,0.2149,14,0.3307,21,0.5813,1,620,32.8,1,620,32.8,1,620,32.8,0,-1,,0.288,84.63,14,2383302
80.0,1,-1,confirm,1.0,41.39,25.39,82.79,3243,41.39,61.61,3628,0.894,1.433,0.078,-0.0184,15,0.5064,782,0.9208,1,512,-16.37,1,512,-16.37,1,1252,-49.1,1,1423,-39.47,0.1096,40.27,14,2383954
80.0,1,1,confirm,1.0,22.23,6.23,62.83,1992,40.6,46.4,2315,0.86,3.059,0.187,0.2477,15,0.3937,1260,0.9015,0,-1,,0,-1,,0,-1,,0,-1,,0.2525,41.74,15,2387582
80.0,1,-1,confirm,1.0,-4.82,-20.82,44.37,2170,49.19,17.36,2814,0.771,0.851,0.1,0.2282,16,0.42,1524,0.922,1,363,2.89,1,363,2.89,1,2027,41.47,0,-1,,0.3658,40.35,15,2389897
80.0,1,1,confirm,1.0,28.92,12.92,69.41,1839,40.49,2.89,2117,0.869,1.091,0.161,0.0578,17,0.4542,952,0.9766,1,600,23.14,1,600,23.14,1,1541,59.77,1,1658,46.27,0.2764,49.41,16,2392711
80.0,1,-1,confirm,1.0,-54.79,-70.79,25.95,3057,80.75,54.79,3866,0.791,0.718,0.085,0.2275,18,0.5411,823,0.9298,1,216,-15.38,1,216,-15.38,1,216,-15.38,1,1695,0.96,0.1914,40.21,17,2394828
80.0,1,1,fallback,1.0,-29.64,-45.64,15.3,94,44.93,29.64,398,0.236,2.208,0.184,0.3054,18,0.4202,0,0.6476,0,-1,,0,-1,,0,-1,,0,-1,,0.5722,80.96,18,2398694
80.0,1,-1,confirm,1.0,-1.92,-17.92,40.27,3426,42.19,19.18,3984,0.86,1.682,0.134,-0.0242,19,0.4026,302,0.9637,1,1095,10.55,1,1095,10.55,1,1095,10.55,1,1121,13.42,0.1102,44.86,18,2399092
80.0,1,1,confirm,1.0,25.88,9.88,66.15,1630,40.26,4.79,1693,0.963,4.373,0.193,0.2645,19,0.3052,1446,0.8679,1,43,1.92,0,-1,,0,-1,,0,-1,,0.6324,42.36,19,2403076
80.0,1,-1,confirm,1.0,25.82,9.82,67.89,4275,42.07,15.3,7261,0.589,4.44,0.192,-0.0717,21,0.4125,1321,0.9392,1,626,-0.0,1,626,-0.0,1,626,-0.0,1,692,-3.82,0.2202,40.0,19,2404769
80.0,1,1,confirm,1.0,-68.07,-84.07,12.46,1159,80.53,68.07,8727,0.133,2.897,0.156,0.1859,22,0.5112,2513,0.9955,1,1241,7.67,1,1241,7.67,1,1241,7.67,1,1272,0.96,0.1586,42.36,22,2412030
80.0,1,-1,fallback,1.0,-35.71,-51.71,6.76,38,42.47,35.71,314,0.121,3.91,0.181,0.5691,0,0.5695,42,0.9369,0,-1,,0,-1,,0,-1,,0,-1,,0.0219,80.43,0,2420757
80.0,1,1,confirm,1.0,-76.95,-92.95,2.89,1,79.83,76.95,2356,0.0,0.808,0.048,-0.338,0,0.2349,870,0.9799,1,1061,-36.55,1,1061,-36.55,1,1061,-36.55,1,1143,-38.47,0.6291,42.5,0,2421071
80.0,1,-1,confirm,1.0,52.34,36.34,93.05,178,40.71,0.0,204,0.873,5.018,0.266,0.3433,1,0.8022,11,0.8624,0,-1,,0,-1,,0,-1,,0,-1,,0.6221,79.81,1,2423427
80.0,1,1,confirm,1.0,28.26,12.26,69.18,79,40.92,-0.0,160,0.494,0.765,0.007,-0.2226,1,-0.1245,142,0.4036,0,-1,,0,-1,,0,-1,,0,-1,,0.0148,41.09,1,2423631
80.0,1,-1,confirm,1.0,-69.96,-85.96,10.69,17,80.65,69.96,1325,0.013,0.288,0.061,0.1232,1,0.1344,109,0.7368,1,289,-32.06,1,289,-32.06,0,-1,,1,375,-48.58,0.2067,40.64,1,2423791
80.0,1,1,fallback,1.0,25.09,9.09,65.61,155,40.52,-0.0,1652,0.094,1.407,0.126,0.1644,1,0.3561,31,0.8551,1,261,38.6,1,261,38.6,1,261,38.6,1,631,41.49,0.1462,80.73,1,2425116
80.0,1,-1,confirm,1.0,-75.07,-91.07,6.74,4,81.81,75.07,1515,0.003,1.945,0.203,0.1162,2,0.1162,4,0.8504,1,24,-8.66,1,24,-8.66,0,-1,,1,87,-2.89,0.2518,40.26,2,2426768
80.0,1,1,fallback,1.0,-25.79,-41.79,16.24,2172,42.03,30.57,2705,0.803,3.794,0.116,-0.1215,3,0.2764,1011,0.9621,1,93,-22.93,1,93,-22.93,1,93,-22.93,1,1611,-6.69,0.563,81.86,2,2428283
80.0,1,-1,confirm,1.0,-69.92,-85.92,16.28,266,86.2,69.92,1240,0.215,0.621,0.203,0.5118,3,0.548,44,0.9519,1,863,-22.03,1,863,-22.03,1,863,-22.03,1,1183,-22.99,0.06,41.96,3,2430988
80.0,1,1,fallback,1.0,-24.73,-40.73,16.17,1091,40.9,31.39,1506,0.724,1.752,0.134,0.1114,3,0.3429,3,0.9366,1,598,-1.9,1,598,-1.9,1,598,-1.9,1,601,-4.76,0.9344,86.34,3,2432228
80.0,1,-1,confirm,1.0,50.53,34.53,91.53,11151,41.0,51.49,12025,0.927,1.339,0.162,0.0881,7,0.6282,5471,0.9949,1,124,-13.35,1,124,-13.35,1,2177,-29.56,1,374,-19.07,0.3153,40.83,4,2433734
80.0,1,1,confirm,1.0,14.37,-1.63,54.62,6270,40.25,50.79,8658,0.724,0.53,0.187,0.1072,9,0.6411,339,0.9986,1,3420,-18.21,1,3420,-18.21,1,3420,-18.21,1,3821,-29.71,0.3093,41.38,7,2445759
80.0,1,-1,confirm,1.0,23.92,7.92,66.03,4517,42.11,18.18,5079,0.889,3.677,0.146,0.3084,11,0.5237,1896,0.9836,1,726,-9.57,1,726,-9.57,1,726,-9.57,1,726,-9.57,0.0773,40.03,9,2454417
80.0,1,1,confirm,1.0,-28.78,-44.78,11.51,7896,40.29,76.74,8315,0.95,2.273,0.128,0.3396,13,0.4377,5909,0.9658,1,703,-31.65,1,703,-31.65,1,703,-31.65,1,1027,-25.9,0.4094,42.39,11,2459496
80.0,1,-1,confirm,1.0,-54.83,-70.83,26.94,23,81.77,54.83,914,0.025,5.307,0.127,0.1198,13,0.1538,233,0.559,1,323,-26.94,1,323,-26.94,0,-1,,1,416,-45.21,0.3093,40.24,13,2467811
80.0,1,1,fallback,1.0,106.2,90.2,147.34,1938,41.14,8.61,2447,0.792,3.29,0.216,0.3632,14,0.426,0,0.9102,1,1177,25.83,1,1177,25.83,1,1177,25.83,1,1243,31.57,0.2385,81.99,13,2468725
80.0,1,-1,confirm,1.0,47.34,31.34,88.04,1222,40.71,4.73,1365,0.895,1.522,0.108,0.1191,14,0.3817,91,0.7936,1,553,44.49,1,553,44.49,1,553,44.49,0,-1,,0.5065,40.54,14,2471172
80.0,1,1,confirm,1.0,93.22,77.22,134.12,2288,40.9,10.46,2724,0.84,0.254,0.173,0.1781,15,0.5454,2046,0.9418,1,319,11.41,1,319,11.41,1,2646,97.97,1,723,5.71,0.7842,41.07,14,2472537
80.0,1,-1,confirm,1.0,19.79,3.79,60.31,5379,40.52,34.87,6296,0.854,1.733,0.105,0.15,17,0.5235,3924,0.9689,1,2262,9.42,1,2262,9.42,1,2262,9.42,1,3449,-13.19,0.1149,40.36,15,2475261
80.0,1,1,confirm,1.0,6.61,-9.39,49.1,3632,42.49,0.94,5329,0.682,1.523,0.129,-0.0397,18,0.2979,444,0.9534,1,853,8.5,1,853,8.5,1,853,8.5,1,895,8.5,0.2691,40.77,17,2481557
80.0,1,-1,confirm,1.0,-8.49,-24.49,33.97,5473,42.46,55.68,8238,0.664,1.217,0.087,0.1779,20,0.6485,3546,0.9775,1,768,-11.32,1,768,-11.32,1,768,-11.32,1,815,-17.93,0.6871,42.29,18,2486886
80.0,1,1,confirm,1.0,81.09,65.09,124.46,4573,43.37,11.31,4602,0.994,7.485,0.23,0.0528,22,0.5992,14,0.954,1,690,15.09,1,690,15.09,1,690,15.09,1,912,28.29,0.4218,42.61,21,2495124
80.0,1,-1,confirm,1.0,186.12,170.12,225.4,8451,39.28,35.54,10020,0.843,0.161,0.132,0.3285,0,0.5233,7797,0.9848,1,972,47.7,1,972,47.7,1,972,47.7,1,991,46.76,0.0398,42.84,22,2499726
80.0,1,1,confirm,1.0,60.99,44.99,101.97,1894,40.98,3.81,2500,0.758,3.277,0.182,0.2995,1,0.587,2359,0.9567,0,-1,,0,-1,,0,-1,,0,-1,,0.2933,40.19,1,2509746
80.0,1,-1,confirm,1.0,-75.78,-91.78,6.63,1253,82.41,75.78,5832,0.215,1.06,0.089,-0.2203,2,0.316,4921,0.9778,1,830,-21.79,1,830,-21.79,1,2205,-29.36,1,830,-21.79,0.7551,40.57,1,2512246
80.0,1,1,fallback,1.0,20.68,4.68,62.05,1494,41.37,18.8,1981,0.754,6.407,0.143,-0.0353,3,0.2683,0,0.8558,1,592,-15.04,1,592,-15.04,1,592,-15.04,1,595,-16.92,0.6459,82.46,3,2518078
80.0,1,-1,confirm,1.0,39.4,23.4,79.74,8127,40.34,17.83,9159,0.887,0.916,0.092,0.3997,6,0.5705,5421,0.9932,1,654,5.63,1,654,5.63,1,2591,20.64,1,722,4.69,0.0435,41.11,4,2520059
80.0,1,1,confirm,1.0,144.11,128.11,186.49,11347,42.38,56.51,11395,0.996,0.505,0.142,0.019,9,0.6331,9277,0.986,1,33,2.83,1,33,2.83,1,705,-20.72,1,711,-21.66,0.1155,40.67,6,2529218
80.0,1,-1,confirm,1.0,-0.0,-16.0,39.93,998,39.93,34.35,2877,0.347,1.261,0.103,0.0642,10,0.2257,1218,0.8621,1,2016,35.28,1,2016,35.28,1,2016,35.28,1,2231,29.71,0.5375,41.61,9,2540613
80.0,1,1,confirm,1.0,8.36,-7.64,49.21,1370,40.85,-0.0,1857,0.738,1.432,0.067,0.197,10,0.3333,34,0.9033,1,330,28.78,1,330,28.78,1,330,28.78,1,381,29.71,0.2788,40.09,10,2543490
80.0,1,-1,confirm,1.0,-74.22,-90.22,6.49,10,80.71,74.22,1757,0.006,0.764,0.108,-0.3125,11,0.0577,1636,0.8314,1,470,-23.19,0,-1,,0,-1,,0,-1,,0.7892,40.65,11,2545347
80.0,1,1,fallback,1.0,-37.76,-53.76,2.76,20,40.52,37.76,338,0.059,0.988,0.027,0.0033,11,0.1465,134,0.6095,1,265,-29.47,1,265,-29.47,0,-1,,0,-1,,0.1101,80.76,11,2547104
80.0,1,-1,confirm,1.0,-83.19,-99.19,4.62,1118,87.82,83.19,2200,0.508,1.311,0.137,-0.0555,11,0.1575,466,0.9412,1,492,-32.35,1,492,-32.35,0,-1,,1,565,-27.73,0.1292,40.51,11,2547442
80.0,1,1,fallback,1.0,-30.25,-46.25,10.08,16,40.34,30.25,335,0.048,4.847,0.204,0.1954,12,0.2358,9,0.851,0,-1,,0,-1,,0,-1,,0,-1,,0.8662,87.86,12,2549642
80.0,1,-1,confirm,1.0,-76.32,-92.32,11.03,12,87.36,76.32,625,0.019,1.338,0.008,-0.1175,12,0.1253,298,0.8627,1,381,-32.18,1,381,-32.18,0,-1,,0,-1,,0.4283,40.3,12,2549977
80.0,1,1,fallback,1.0,-32.85,-48.85,8.21,28,41.07,32.85,80,0.35,6.907,0.138,-0.1224,12,0.0446,0,0.0432,0,-1,,0,-1,,0,-1,,0,-1,,0.2573,87.45,12,2550602
80.0,1,-1,confirm,1.0,-47.61,-63.61,32.96,858,80.57,47.61,3041,0.282,1.768,0.114,0.2151,12,0.3058,520,0.8265,1,1415,-38.45,1,1415,-38.45,1,1415,-38.45,1,1438,-17.4,0.2207,41.03,12,2550682
80.0,1,1,fallback,1.0,24.6,8.6,65.61,189,41.01,0.91,260,0.727,2.287,0.197,0.2232,13,0.2498,62,0.6162,0,-1,,0,-1,,0,-1,,0,-1,,0.4381,80.84,13,2553723
80.0,1,-1,confirm,1.0,1.82,-14.18,44.54,243,42.72,19.09,307,0.792,1.378,0.005,-0.0154,13,0.0026,237,0.6887,0,-1,,0,-1,,0,-1,,0,-1,,0.0643,40.74,13,2553983
80.0,1,1,confirm,1.0,73.64,57.64,114.56,985,40.91,8.18,1069,0.921,0.464,0.055,-0.0375,13,0.2478,762,0.6097,1,156,25.46,1,881,93.64,1,881,93.64,1,1037,87.28,0.0003,42.91,13,2554290
80.0,1,-1,confirm,1.0,9.03,-6.97,49.64,449,40.61,18.05,793,0.566,1.614,0.115,0.3145,13,0.3557,303,0.7026,0,-1,,0,-1,,0,-1,,0,-1,,0.0785,40.45,13,2555359
80.0,1,1,confirm,1.0,-73.17,-89.17,6.32,10,79.49,73.17,973,0.01,1.346,0.017,-0.063,14,0.1021,256,0.6534,1,245,-42.46,1,426,-47.88,0,-1,,1,525,-48.78,0.4203,40.82,14,2556152
80.0,1,-1,confirm,1.0,2.73,-13.27,43.68,129,40.95,0.91,257,0.502,1.999,0.097,0.3462,14,0.353,115,0.7729,0,-1,,0,-1,,0,-1,,0,-1,,0.2738,79.44,14,2557125
80.0,1,1,confirm,1.0,-78.28,-94.28,2.73,3,81.01,78.28,735,0.004,0.454,0.054,-0.3076,14,-0.1185,482,0.3423,0,-1,,0,-1,,0,-1,,0,-1,,0.6471,41.13,14,2557382
80.0,1,-1,fallback,1.0,-23.85,-39.85,16.51,408,40.37,27.52,903,0.452,1.621,0.091,0.0367,14,0.2082,2,0.6829,1,189,-12.84,1,189,-12.84,1,189,-12.84,0,-1,,0.2236,80.99,14,2558117
80.0,1,1,confirm,1.0,-2.75,-18.75,37.53,3338,40.27,57.66,4319,0.773,0.938,0.032,-0.0381,15,0.5222,2242,0.9559,1,138,-30.2,1,2452,0.0,1,2452,0.0,1,2679,11.9,0.2236,40.43,14,2559020
80.0,1,-1,confirm,1.0,9.15,-6.85,51.27,1622,42.11,38.45,2625,0.618,1.024,0.125,0.2501,16,0.2644,1523,0.9704,1,194,-21.97,1,194,-21.97,1,2101,25.63,1,216,-24.72,0.3914,40.12,16,2563339
80.0,1,1,confirm,1.0,-56.81,-72.81,26.57,2626,83.39,56.81,9058,0.29,0.285,0.136,0.4297,17,0.6369,6222,0.9923,1,776,1.83,1,776,1.83,1,776,1.83,1,788,2.75,0.7087,42.33,16,2565964
80.0,1,-1,fallback,1.0,-32.26,-48.26,12.9,209,45.16,32.26,1987,0.105,3.586,0.193,0.5862,19,0.6929,167,0.9713,1,755,6.45,1,755,6.45,1,755,6.45,1,1139,5.53,0.8703,83.17,19,2575022
80.0,1,1,confirm,1.0,-79.92,-95.92,0.0,0,79.92,79.92,6972,0.0,6.433,0.222,0.3815,19,0.5161,5612,0.9983,1,387,-32.15,1,387,-32.15,1,387,-32.15,1,1201,-38.58,0.6826,45.22,19,2577009
80.0,1,-1,confirm,1.0,-32.41,-48.41,8.33,1410,40.74,32.41,4082,0.345,3.947,0.122,0.3715,22,0.4869,2608,0.9938,1,335,-11.11,1,335,-11.11,1,1966,-0.0,1,430,-11.11,0.6197,79.92,21,2583981
100.0,0,1,fallback,1.0,9.8,-6.2,63.72,4423,53.92,38.4,4742,0.933,3.229,0.264,0.1221,1,0.4504,198,0.9924,1,614,-8.99,1,614,-8.99,1,614,-8.99,1,721,-26.14,0.2739,101.5,0,1026
100.0,0,-1,confirm,1.0,6.53,-9.47,57.13,772,50.6,2.45,1016,0.76,0.945,0.11,-0.0427,1,0.2869,0,0.8998,1,574,39.99,1,574,39.99,1,574,39.99,1,600,41.62,0.0238,53.58,1,5768
100.0,0,1,confirm,1.0,-75.95,-91.95,23.68,61,99.63,75.95,5126,0.012,0.597,0.145,0.1036,1,0.3921,4460,0.9811,1,163,-2.45,1,163,-2.45,1,4779,-48.18,1,549,-19.6,0.0822,50.89,1,6784
100.0,0,-1,confirm,1.0,158.82,142.82,209.02,1941,50.2,7.41,2033,0.955,1.764,0.135,0.18,3,0.2976,486,0.8218,1,761,29.62,1,761,29.62,1,761,29.62,0,-1,,0.4069,99.4,3,11910
100.0,0,1,confirm,1.0,87.8,71.8,141.32,740,53.52,4.18,951,0.778,1.855,0.191,-0.0258,4,0.1282,556,0.726,1,723,120.41,1,723,120.41,0,-1,,0,-1,,0.3175,51.27,3,13943
100.0,0,-1,confirm,1.0,-98.64,-114.64,2.49,26,101.13,98.64,3042,0.009,0.761,0.111,-0.0198,4,0.2561,1802,0.8501,1,1968,-58.02,1,1968,-58.02,1,1968,-58.02,1,3033,-95.32,0.2009,52.77,4,14894
100.0,0,1,fallback,1.0,69.77,53.77,120.66,928,50.89,6.57,1940,0.478,1.046,0.084,0.1034,5,0.2471,313,0.7087,1,716,96.04,1,716,96.04,1,716,96.04,1,1483,93.57,0.405,101.15,4,17936
100.0,0,-1,confirm,1.0,-84.77,-100.77,16.3,41,101.08,84.77,2766,0.015,0.609,0.186,0.3188,5,0.3298,13,0.9302,1,570,-22.01,1,570,-22.01,1,570,-22.01,1,573,-22.82,0.3843,50.28,5,19876
100.0,0,1,fallback,1.0,24.25,8.25,75.17,1398,50.92,19.4,2268,0.616,1.188,0.131,0.403,6,0.4181,1454,0.848,1,679,29.91,1,679,29.91,1,1957,43.65,0,-1,,0.2732,101.24,6,22642
100.0,0,-1,confirm,1.0,-20.16,-36.16,39.51,10407,59.67,70.96,10533,0.988,1.286,0.103,-0.1102,9,0.4136,4532,0.9528,1,218,12.9,1,3392,-45.15,1,3392,-45.15,1,3836,-27.41,0.4861,50.54,6,24910
100.0,0,1,confirm,1.0,-82.08,-98.08,19.31,127,101.39,82.08,8684,0.015,0.145,0.152,0.5342,9,0.5608,5,0.985,1,650,-26.56,1,650,-26.56,1,650,-26.56,1,650,-26.56,0.3636,59.9,9,35443
100.0,0,-1,fallback,1.0,-41.38,-57.38,8.92,19,50.3,41.38,976,0.019,6.734,0.136,0.3858,12,0.4018,220,0.7645,1,719,-29.21,1,719,-29.21,1,719,-29.21,1,757,-30.83,0.4626,101.2,12,44127
100.0,0,1,confirm,1.0,-98.58,-114.58,1.62,8,100.19,98.58,6525,0.001,1.017,0.106,0.2777,12,0.2777,8,0.9355,1,408,-29.09,1,408,-29.09,1,408,-29.09,1,437,-39.59,0.5059,50.35,12,45103
100.0,0,-1,fallback,1.0,-25.3,-41.3,25.3,820,50.6,25.3,1012,0.81,0.969,0.073,-0.0091,14,0.1917,393,0.6043,1,560,14.69,1,560,14.69,0,-1,,1,848,13.87,0.508,100.18,14,51628
100.0,0,1,confirm,1.0,-61.05,-77.05,40.7,135,101.75,61.05,4178,0.032,3.438,0.175,0.2385,14,0.3351,128,0.9594,1,727,22.79,1,727,22.79,1,727,22.79,1,937,8.14,0.597,50.72,14,52640
100.0,0,-1,fallback,1.0,-51.6,-67.6,-0.0,0,51.6,51.6,1109,0.0,2.273,0.095,0.2717,15,0.2777,16,0.6434,1,547,-46.68,1,547,-46.68,1,547,-46.68,1,600,-38.49,0.1412,101.34,15,56818
100.0,0,1,confirm,1.0,-96.15,-112.15,10.59,68,106.74,96.15,825,0.082,0.979,0.048,0.0969,16,0.2425,7,0.7117,1,149,-35.04,1,149,-35.04,1,149,-35.04,1,230,-30.96,0.6434,51.6,16,57927
100.0,0,-1,fallback,1.0,3.29,-12.71,54.3,467,51.01,23.86,1083,0.431,1.35,0.191,0.1748,16,0.2541,296,0.6793,1,600,28.79,1,600,28.79,1,600,28.79,0,-1,,0.2792,106.63,16,58752
100.0,0,1,confirm,1.0,27.16,11.16,79.01,1423,51.85,3.29,1620,0.878,0.466,0.167,0.4134,17,0.4652,907,0.8575,1,267,20.57,0,-1,,0,-1,,0,-1,,0.013,51.29,16,59835
100.0,0,-1,confirm,1.0,-66.48,-82.48,41.04,188,107.52,66.48,1764,0.107,1.492,0.169,0.0356,17,0.251,1001,0.9319,1,151,27.91,1,1406,-17.24,1,1406,-17.24,1,1547,-17.24,0.6008,51.44,17,61455
100.0,0,1,fallback,1.0,-33.43,-49.43,17.94,351,51.37,33.43,929,0.378,1.453,0.193,-0.2207,17,0.2484,9,0.8718,1,85,13.86,1,85,13.86,1,85,13.86,1,172,3.26,0.19,107.96,17,63219
100.0,0,-1,confirm,1.0,26.18,10.18,76.08,1878,49.9,19.63,3138,0.598,2.491,0.242,0.2852,18,0.5075,1561,0.9003,1,859,4.91,1,859,4.91,1,859,4.91,1,869,1.64,0.6436,51.27,17,64148
100.0,0,1,confirm,1.0,-91.04,-107.04,9.02,23,100.07,91.04,2462,0.009,2.224,0.084,0.2903,18,0.3283,730,0.9768,1,732,-18.04,1,732,-18.04,1,732,-18.04,1,873,-1.64,0.2671,50.28,18,67286
100.0,0,-1,fallback,1.0,-14.9,-30.9,35.59,673,50.49,14.9,1051,0.64,0.491,0.127,-0.2721,19,-0.0771,112,0.852,0,-1,,0,-1,,0,-1,,0,-1,,0.5952,99.98,19,69748
100.0,0,1,confirm,1.0,-71.08,-87.08,28.93,443,100.01,71.08,1231,0.36,0.269,0.214,0.256,19,0.4243,149,0.9287,1,474,19.84,1,474,19.84,1,474,19.84,1,474,19.84,0.2266,50.67,19,70799
100.0,0,-1,confirm,1.0,-40.79,-56.79,10.82,141,51.61,40.79,511,0.276,1.671,0.089,-0.21,20,0.1016,0,0.5262,1,67,-8.32,1,67,-8.32,0,-1,,1,67,-8.32,0.1531,99.72,20,72030
100.0,0,1,confirm,1.0,-83.73,-99.73,15.75,203,99.49,83.73,2230,0.091,0.763,0.15,0.4069,20,0.4721,321,0.9286,1,421,-38.14,1,421,-38.14,1,421,-38.14,1,461,-53.89,0.3152,51.67,20,72541
100.0,0,-1,confirm,1.0,24.25,8.25,77.75,536,53.51,13.38,781,0.686,4.226,0.147,0.0187,20,0.1482,768,0.483,0,-1,,0,-1,,0,-1,,0,-1,,0.0874,99.33,20,74771
100.0,0,1,confirm,1.0,174.32,158.32,227.96,3808,53.64,12.57,4376,0.87,2.294,0.033,-0.0443,22,0.3624,1371,0.951,1,410,88.0,1,2255,166.78,1,2255,166.78,1,3155,214.55,0.3067,53.93,20,75552
100.0,0,-1,confirm,1.0,79.9,63.9,130.97,3393,51.07,5.77,4711,0.72,0.786,0.14,0.1576,23,0.487,1508,0.9467,1,693,19.77,1,693,19.77,1,693,19.77,1,2147,56.01,0.2983,52.44,22,79928
100.0,0,1,confirm,1.0,-68.92,-84.92,30.72,2669,99.64,68.92,3380,0.79,2.716,0.036,-0.0008,0,0.39,975,0.8852,1,1152,-14.12,1,1152,-14.12,1,1152,-14.12,1,1190,-8.3,0.424,51.75,23,84639
100.0,0,-1,confirm,1.0,18.39,2.39,73.58,181,55.18,25.08,243,0.745,3.432,0.254,0.2056,0,0.3243,92,0.6073,0,-1,,0,-1,,0,-1,,0,-1,,0.2233,99.34,0,88019
100.0,0,1,confirm,1.0,-63.66,-79.66,41.05,825,104.71,63.66,2615,0.315,0.67,0.032,0.0305,0,0.241,1956,0.789,1,2239,-5.86,1,2239,-5.86,1,2239,-5.86,1,2342,-15.92,0.0708,55.59,0,88262
100.0,0,-1,fallback,1.0,80.09,64.09,132.36,532,52.27,10.12,547,0.973,2.824,0.144,0.1668,1,0.2494,57,0.7952,1,394,76.72,1,394,76.72,1,394,76.72,0,-1,,0.2864,104.28,1,90877
100.0,0,1,confirm,1.0,-16.15,-32.15,34.84,702,50.99,66.29,859,0.817,1.215,0.05,-0.0273,1,-0.0013,777,0.4919,0,-1,,0,-1,,0,-1,,0,-1,,0.5372,52.97,1,91424
100.0,0,-1,confirm,1.0,76.61,60.61,126.83,806,50.22,13.62,822,0.981,2.672,0.145,-0.0665,1,0.1777,523,0.6801,1,165,16.17,1,165,16.17,0,-1,,1,655,79.16,0.1091,50.81,1,92283
100.0,0,1,confirm,1.0,-102.08,-118.08,0.0,0,102.08,102.08,644,0.0,2.932,0.083,0.0891,1,0.1666,181,0.5037,1,533,-48.04,1,533,-48.04,0,-1,,0,-1,,0.0254,50.87,1,93105
100.0,0,-1,fallback,1.0,52.0,36.0,102.26,145,50.26,8.67,168,0.863,3.49,0.109,0.1759,2,0.1855,137,0.4505,1,75,14.73,0,-1,,0,-1,,0,-1,,0.0527,102.08,2,93749
100.0,0,1,confirm,1.0,101.93,85.93,153.32,178,51.4,9.58,236,0.754,0.614,0.022,-0.0921,2,-0.0829,196,0.1989,0,-1,,0,-1,,0,-1,,0,-1,,0.3553,50.78,2,93917
100.0,0,-1,confirm,1.0,-59.5,-75.5,43.12,62,102.62,59.5,307,0.202,0.373,0.037,0.0924,2,0.1139,306,0.4596,0,-1,,0,-1,,0,-1,,0,-1,,0.1026,50.62,2,94153
100.0,0,1,fallback,1.0,-49.72,-65.72,0.86,6,50.58,49.72,63,0.095,0.167,0.089,-0.1082,2,-0.0081,33,0.0854,0,-1,,0,-1,,0,-1,,0,-1,,0.2107,103.07,2,94460
100.0,0,-1,confirm,1.0,-91.32,-107.32,10.34,15,101.66,91.32,427,0.035,0.376,0.028,0.0335,2,0.1235,220,0.4414,0,-1,,0,-1,,0,-1,,0,-1,,0.0709,50.57,2,94523
100.0,0,1,fallback,1.0,45.25,29.25,97.33,653,52.08,-0.0,780,0.837,1.926,0.07,0.1183,2,0.2121,768,0.5712,0,-1,,0,-1,,0,-1,,0,-1,,0.0611,101.77,2,94950
100.0,0,-1,confirm,1.0,-93.49,-109.49,8.5,31,101.99,93.49,1626,0.019,0.556,0.024,-0.254,2,0.1111,1530,0.5334,1,1474,-49.29,1,1626,-93.49,0,-1,,0,-1,,0.4891,51.58,2,95730
100.0,0,1,fallback,1.0,95.15,79.15,147.36,1038,52.21,-0.0,1178,0.881,0.636,0.1,-0.0147,3,0.2259,496,0.6894,1,917,139.78,1,917,139.78,1,917,139.78,1,1088,128.83,0.2556,102.08,3,97356
100.0,0,-1,confirm,1.0,-100.09,-116.09,3.34,441,103.43,100.09,1404,0.314,0.823,0.108,-0.0001,3,0.0902,218,0.3812,1,373,-4.17,0,-1,,0,-1,,0,-1,,0.1624,51.45,3,98534
100.0,0,1,fallback,1.0,-42.12,-58.12,8.26,1782,50.38,42.12,2771,0.643,0.473,0.044,0.2855,4,0.3315,1866,0.787,1,256,-11.56,1,256,-11.56,1,256,-11.56,1,528,-33.86,0.1484,103.46,3,99938
100.0,0,-1,confirm,1.0,129.37,113.37,179.13,3054,49.76,8.29,3647,0.837,0.517,0.098,0.0021,5,0.3255,1397,0.8561,1,111,12.44,1,1671,34.83,1,1671,34.83,1,1675,34.83,0.2839,50.33,4,102709
100.0,0,1,confirm,1.0,1.68,-14.32,54.61,175,52.93,3.36,316,0.554,0.641,0.145,-0.078,5,0.0165,225,0.7126,0,-1,,0,-1,,0,-1,,0,-1,,0.4344,50.67,5,106356
100.0,0,-1,confirm,1.0,-68.04,-84.04,32.76,1336,100.81,68.04,2440,0.548,0.916,0.113,0.3579,6,0.4768,1015,0.8876,1,24,-15.96,1,2427,-63.84,1,2427,-63.84,0,-1,,0.1979,52.64,5,106672
100.0,0,1,fallback,1.0,-37.55,-53.55,12.52,17,50.06,37.55,775,0.022,1.121,0.167,0.0298,6,0.0377,1,0.6465,0,-1,,0,-1,,0,-1,,0,-1,,0.5253,101.14,6,109112
100.0,0,-1,confirm,1.0,131.49,115.49,182.58,3159,51.09,45.23,3578,0.883,0.81,0.145,0.0239,7,0.381,3493,0.862,1,312,-41.04,1,312,-41.04,1,312,-41.04,0,-1,,0.4386,50.0,6,109887
100.0,0,1,confirm,1.0,-78.08,-94.08,21.22,17,99.3,78.08,1617,0.011,1.121,0.133,-0.3003,7,0.2475,485,0.7494,1,1076,-43.28,1,1076,-43.28,1,1076,-43.28,0,-1,,0.2032,52.04,7,113465
100.0,0,-1,confirm,1.0,-21.38,-37.38,29.08,205,50.47,21.38,402,0.51,1.977,0.123,0.0065,8,0.0224,174,0.673,0,-1,,0,-1,,0,-1,,0,-1,,0.2514,99.09,7,115082
100.0,0,1,confirm,1.0,-95.6,-111.6,4.27,68,99.86,95.6,3579,0.019,0.325,0.024,0.2359,8,0.4171,421,0.9481,1,456,-70.84,1,456,-70.84,1,456,-70.84,1,456,-70.84,0.0063,50.61,8,115484
100.0,0,-1,confirm,1.0,79.28,63.28,130.13,1615,50.84,6.89,1890,0.854,0.701,0.091,0.0289,9,0.2484,0,0.7082,1,582,26.71,1,582,26.71,1,582,26.71,1,644,40.5,0.1365,99.82,9,119063
100.0,0,1,confirm,1.0,47.78,31.78,99.03,1624,51.25,43.43,1750,0.928,0.557,0.112,0.1734,10,0.2567,1265,0.8238,1,1391,72.1,1,1391,72.1,1,1391,72.1,0,-1,,0.2568,51.51,9,120953
100.0,0,-1,confirm,1.0,57.06,41.06,107.2,3045,50.14,17.29,3541,0.86,1.299,0.102,0.07,10,0.2839,1452,0.7614,1,3175,77.81,1,3175,77.81,1,3175,77.81,0,-1,,0.2234,50.75,10,122703
100.0,0,1,confirm,1.0,23.48,7.48,75.65,1656,52.17,72.17,1711,0.968,2.634,0.121,0.1665,11,0.2007,1264,0.7418,1,1585,41.74,1,1585,41.74,1,1585,41.74,0,-1,,0.0556,50.69,11,126244
100.0,0,-1,confirm,1.0,14.75,-1.25,65.06,606,50.31,17.35,938,0.646,1.219,0.122,0.0847,11,0.2188,805,0.768,0,-1,,0,-1,,0,-1,,0,-1,,0.6247,51.78,11,127955
100.0,0,1,confirm,1.0,33.01,17.01,84.27,1004,51.26,6.08,1216,0.826,1.307,0.112,-0.0717,12,0.1166,500,0.7662,1,215,30.41,1,628,33.01,0,-1,,1,1017,72.97,0.3719,50.64,11,128893
100.0,0,-1,confirm,1.0,-62.34,-78.34,38.96,312,101.31,62.34,864,0.361,0.64,0.126,0.143,12,0.1769,170,0.6747,1,443,11.26,1,443,11.26,0,-1,,0,-1,,0.12,50.83,12,130109
100.0,0,1,fallback,1.0,123.05,107.05,174.68,1546,51.63,2.58,3115,0.496,1.045,0.061,0.0673,12,0.143,881,0.7698,1,105,48.19,1,105,48.19,0,-1,,1,2516,154.89,0.207,101.7,12,130973
100.0,0,-1,confirm,1.0,59.5,43.5,111.36,621,51.85,8.5,864,0.719,0.837,0.176,0.0637,13,0.1714,478,0.772,0,-1,,0,-1,,0,-1,,0,-1,,0.5484,50.74,13,134088
100.0,0,1,confirm,1.0,65.85,49.85,119.72,590,53.87,23.09,841,0.702,2.163,0.105,0.0595,13,0.0864,542,0.5783,0,-1,,0,-1,,0,-1,,0,-1,,0.5701,52.44,13,134952
100.0,0,-1,confirm,1.0,25.49,9.49,75.61,3944,50.12,50.97,4652,0.848,1.406,0.053,0.1571,14,0.469,4212,0.9071,1,2126,-0.85,1,2126,-0.85,1,2126,-0.85,1,2488,38.23,0.2598,53.24,13,135793
100.0,0,1,confirm,1.0,22.14,6.14,73.25,498,51.1,27.25,1084,0.459,0.783,0.144,-0.0608,15,0.0805,177,0.7396,1,309,33.22,0,-1,,0,-1,,0,-1,,0.3702,50.51,15,140445
100.0,0,-1,confirm,1.0,83.28,67.28,134.27,4360,50.99,12.75,4770,0.914,1.049,0.107,0.1042,16,0.4978,1340,0.9348,1,597,22.1,1,597,22.1,1,597,22.1,0,-1,,0.4508,50.73,15,141529
100.0,0,1,confirm,1.0,21.42,5.42,73.7,2016,52.28,1.71,2319,0.869,3.439,0.136,-0.3233,17,0.1485,355,0.7875,1,546,31.71,1,546,31.71,0,-1,,1,632,54.85,0.1806,51.68,16,146299
100.0,0,-1,confirm,1.0,29.93,13.93,81.24,1551,51.31,6.84,2055,0.755,1.808,0.139,0.4186,17,0.4617,1434,0.8889,1,943,22.23,1,943,22.23,1,943,22.23,0,-1,,0.2576,51.89,17,148618
100.0,0,1,confirm,1.0,13.72,-2.28,64.33,91,50.6,-0.0,823,0.111,0.967,0.227,0.0464,17,0.2042,580,0.8107,1,599,36.88,1,599,36.88,1,599,36.88,1,665,36.02,0.401,51.73,17,150673
100.0,0,-1,confirm,1.0,-83.08,-99.08,35.97,596,119.06,83.08,1465,0.407,0.342,0.13,0.4495,18,0.4855,680,0.9125,1,1113,-26.55,1,1113,-26.55,1,1113,-26.55,1,1113,-26.55,0.2267,50.28,18,151496
100.0,0,1,fallback,1.0,-4.25,-20.25,46.72,78,50.97,4.25,170,0.459,2.329,0.307,0.065,18,0.0689,71,0.8723,0,-1,,0,-1,,0,-1,,0,-1,,0.6114,119.49,18,152961
100.0,0,-1,confirm,1.0,34.84,18.84,84.98,5778,50.14,65.44,6021,0.96,1.703,0.245,0.01,20,0.5841,2511,0.9201,1,535,-38.24,1,915,-40.79,1,915,-40.79,1,985,-48.44,0.1082,50.73,18,153131
100.0,0,1,confirm,1.0,3.41,-12.59,53.73,3506,50.32,13.64,3938,0.89,0.537,0.075,0.1488,21,0.3373,120,0.9246,1,672,8.53,1,672,8.53,1,672,8.53,1,1850,42.64,0.0971,50.57,20,159152
100.0,0,-1,confirm,1.0,89.51,73.51,138.96,1400,49.45,0.0,1552,0.902,4.632,0.211,0.2657,21,0.4377,616,0.9441,0,-1,,0,-1,,0,-1,,0,-1,,0.1718,50.05,21,163090
100.0,0,1,confirm,1.0,30.97,14.97,83.44,5005,52.47,63.66,5579,0.897,0.526,0.095,0.2139,23,0.3028,4409,0.7734,1,2370,3.44,1,5009,80.0,1,5009,80.0,1,5009,80.0,0.135,50.14,21,164642
100.0,0,-1,confirm,1.0,13.72,-2.28,63.46,184,49.74,1.72,635,0.29,2.007,0.242,0.1846,23,0.3312,405,0.7903,0,-1,,0,-1,,0,-1,,0,-1,,0.3235,52.04,23,170221
100.0,0,1,confirm,1.0,-1.72,-17.72,49.81,2363,51.52,21.47,2865,0.825,0.64,0.07,-0.1384,0,0.2955,1892,0.8457,1,1355,19.75,1,1355,19.75,1,1975,33.49,1,2048,30.06,0.1954,50.06,23,170856
100.0,0,-1,confirm,1.0,-83.31,-99.31,18.9,197,102.21,83.31,871,0.226,2.923,0.11,0.2431,0,0.2927,700,0.9632,0,-1,,0,-1,,0,-1,,0,-1,,0.0029,51.27,0,173721
100.0,0,1,fallback,1.0,-41.74,-57.74,8.52,54,50.26,41.74,417,0.129,3.566,0.13,0.075,0,0.0874,43,0.7097,1,215,-11.93,0,-1,,0,-1,,0,-1,,0.9406,102.4,0,174592
100.0,0,-1,confirm,1.0,100.93,84.93,150.54,1683,49.61,23.95,1839,0.915,1.024,0.248,0.1406,1,0.4797,340,0.9517,1,134,-1.71,1,544,-11.12,1,544,-11.12,1,544,-11.12,0.6529,50.21,0,175009
100.0,0,1,confirm,1.0,-62.21,-78.21,41.48,1471,103.69,62.21,4051,0.363,0.768,0.086,-0.0132,1,0.2584,346,0.7847,1,492,-27.65,1,492,-27.65,1,492,-27.65,1,518,-33.7,0.1852,50.37,1,176848
100.0,0,-1,fallback,1.0,64.34,48.34,113.9,1710,49.56,26.95,1857,0.921,2.315,0.11,-0.0358,2,0.2255,1847,0.8419,1,825,30.43,0,-1,,0,-1,,0,-1,,0.4486,103.26,2,180899
100.0,0,1,confirm,1.0,-9.63,-25.63,44.63,1964,54.26,84.01,2104,0.933,0.637,0.171,-0.0225,3,0.0028,1873,0.7105,0,-1,,0,-1,,0,-1,,0,-1,,0.2802,50.13,2,182756
100.0,0,-1,confirm,1.0,38.54,22.54,89.35,2590,50.81,36.79,2709,0.956,3.159,0.06,0.353,4,0.5593,1344,0.8714,1,166,-14.02,1,166,-14.02,1,741,-33.29,0,-1,,0.1847,54.02,3,184860
100.0,0,1,confirm,1.0,22.86,6.86,73.87,118,51.0,-0.0,590,0.2,0.94,0.134,-0.1502,4,-0.015,481,0.5726,0,-1,,0,-1,,0,-1,,0,-1,,0.5127,51.26,4,187569
100.0,0,-1,confirm,1.0,-73.7,-89.7,28.08,259,101.77,73.7,612,0.423,0.533,0.101,0.2165,4,0.2533,209,0.5189,1,463,7.02,1,463,7.02,1,463,7.02,1,551,-25.44,0.0568,50.63,4,188159
100.0,0,1,fallback,1.0,-46.16,-62.16,5.23,28,51.38,46.16,267,0.105,2.373,0.136,0.2632,4,0.28,11,0.4793,0,-1,,0,-1,,0,-1,,0,-1,,0.0567,102.06,4,188771
100.0,0,-1,confirm,1.0,29.75,13.75,82.25,1092,52.5,0.0,1222,0.894,0.435,0.16,0.3863,4,0.4805,845,0.8842,0,-1,,0,-1,,0,-1,,0,-1,,0.3209,51.36,4,189038
100.0,0,1,confirm,1.0,33.35,17.35,84.25,558,50.9,12.29,750,0.744,1.681,0.191,0.054,5,0.2167,183,0.6878,1,593,57.92,1,593,57.92,1,593,57.92,0,-1,,0.2035,52.93,4,190260
100.0,0,-1,confirm,1.0,23.62,7.62,74.35,767,50.73,1.75,1058,0.725,2.552,0.179,0.1657,5,0.2367,366,0.5913,1,874,65.6,1,874,65.6,1,874,65.6,1,960,55.98,0.2591,50.47,5,191010
100.0,0,1,confirm,1.0,-83.29,-99.29,20.16,368,103.45,83.29,1245,0.296,1.072,0.156,0.2866,5,0.3187,351,0.7149,1,443,17.53,1,443,17.53,1,443,17.53,1,600,14.9,0.2724,51.11,5,192068
100.0,0,-1,fallback,1.0,71.61,55.61,123.77,1324,52.16,15.03,1425,0.929,1.629,0.066,0.2256,6,0.2375,1307,0.639,0,-1,,0,-1,,0,-1,,0,-1,,0.3489,103.25,5,193313
100.0,0,1,confirm,1.0,-68.57,-84.57,32.06,212,100.62,68.57,541,0.392,0.532,0.04,-0.1592,6,-0.0631,482,0.4535,0,-1,,0,-1,,0,-1,,0,-1,,0.3534,52.82,6,194738
100.0,0,-1,fallback,1.0,150.63,134.63,208.02,584,57.38,20.62,616,0.948,1.599,0.145,0.3227,6,0.4069,457,0.6866,0,-1,,0,-1,,0,-1,,0,-1,,0.5031,100.3,6,195279
100.0,0,1,confirm,1.0,62.81,46.81,115.61,541,52.8,21.85,608,0.89,0.373,0.066,-0.1065,6,-0.0376,592,0.3277,0,-1,,0,-1,,0,-1,,0,-1,,0.0508,58.6,6,195895
100.0,0,-1,confirm,1.0,-108.56,-124.56,1.81,37,110.37,108.56,552,0.067,0.626,0.036,0.0323,6,0.1291,340,0.4195,0,-1,,0,-1,,0,-1,,0,-1,,0.0599,52.2,6,196503
100.0,0,1,fallback,1.0,-23.27,-39.27,29.53,51,52.8,23.27,111,0.459,2.266,0.114,-0.0684,6,-0.0609,36,0.2935,0,-1,,0,-1,,0,-1,,0,-1,,0.1492,110.39,6,197055
100.0,0,-1,confirm,1.0,36.78,20.78,88.81,1567,52.03,47.54,1614,0.971,0.811,0.068,0.0229,7,0.1655,1047,0.531,1,134,-17.04,1,134,-17.04,0,-1,,1,286,11.66,0.1869,52.65,6,197166
100.0,0,1,confirm,1.0,180.97,164.97,232.29,1549,51.32,48.62,1649,0.939,0.594,0.122,-0.1116,7,0.1802,881,0.6889,1,435,-18.91,1,1193,146.75,0,-1,,1,1417,204.38,0.2051,52.49,7,198780
100.0,0,-1,confirm,1.0,7.07,-8.93,57.48,2252,50.41,66.32,2833,0.795,0.685,0.157,0.3729,8,0.4429,2149,0.8783,1,900,-24.76,1,900,-24.76,0,-1,,0,-1,,0.0651,50.15,7,200429
100.0,0,1,confirm,1.0,-85.84,-101.84,15.04,259,100.88,85.84,923,0.281,2.087,0.051,0.0487,8,0.0487,259,0.5087,0,-1,,0,-1,,0,-1,,0,-1,,0.2473,50.7,8,203262
100.0,0,-1,fallback,1.0,-20.53,-36.53,30.35,729,50.88,20.53,1034,0.705,1.319,0.053,0.2677,8,0.4074,41,0.7925,0,-1,,0,-1,,0,-1,,0,-1,,0.2298,100.73,8,204185
100.0,0,1,confirm,1.0,103.33,87.33,155.89,887,52.56,3.56,964,0.92,1.975,0.144,0.2354,9,0.2571,900,0.7631,1,604,71.26,1,604,71.26,1,604,71.26,1,605,71.26,0.6776,51.03,9,205219
100.0,0,-1,confirm,1.0,-70.53,-86.53,30.86,1740,101.39,70.53,2660,0.654,1.122,0.129,0.1051,9,0.119,1716,0.7748,1,1551,18.52,1,1855,15.87,0,-1,,1,2358,-14.99,0.4379,51.75,9,206183
100.0,0,1,fallback,1.0,-18.39,-34.39,34.14,48,52.53,18.39,84,0.571,2.58,0.185,0.2094,10,0.2482,4,0.3598,0,-1,,0,-1,,0,-1,,0,-1,,0.1598,101.71,10,208843
100.0,0,-1,confirm,1.0,28.94,12.94,79.82,1084,50.87,0.0,1829,0.593,1.062,0.107,-0.03,10,0.1659,1827,0.8754,1,566,36.84,1,566,36.84,0,-1,,1,1180,57.01,0.1583,52.35,10,208927
100.0,0,1,confirm,1.0,-99.4,-115.4,18.47,733,117.87,99.4,2208,0.332,0.862,0.038,-0.2728,10,-0.1408,49,0.4599,0,-1,,0,-1,,0,-1,,0,-1,,0.1013,51.28,10,210756
100.0,0,-1,fallback,1.0,-38.21,-54.21,12.44,361,50.64,38.21,502,0.719,0.315,0.182,0.2238,11,0.3148,4,0.7854,0,-1,,0,-1,,0,-1,,0,-1,,0.3286,117.66,11,212964
100.0,0,1,confirm,1.0,-58.42,-74.42,41.6,285,100.02,58.42,1379,0.207,0.741,0.168,0.0382,11,0.1209,1057,0.6547,1,388,7.97,1,1226,-47.8,0,-1,,0,-1,,0.12,50.71,11,213466
100.0,0,-1,confirm,1.0,58.76,42.76,109.51,1400,50.75,12.46,1544,0.907,1.154,0.164,0.0626,12,0.191,295,0.7383,0,-1,,0,-1,,0,-1,,0,-1,,0.2957,99.6,11,214845
100.0,0,1,confirm,1.0,25.08,9.08,78.81,784,53.73,-0.0,956,0.82,1.679,0.081,-0.1412,12,-0.0884,38,0.444,0,-1,,0,-1,,0,-1,,0,-1,,0.1336,51.31,12,216389
100.0,0,-1,confirm,1.0,31.27,15.27,83.08,836,51.81,57.17,886,0.944,0.768,0.088,-0.0046,12,0.218,427,0.7655,1,457,-39.31,1,457,-39.31,1,457,-39.31,0,-1,,0.3708,53.31,12,217345
100.0,0,1,confirm,1.0,132.63,116.63,184.6,2944,51.98,25.09,3172,0.928,1.499,0.163,0.169,13,0.3717,1424,0.8413,1,170,8.07,1,644,13.44,1,2247,100.37,1,2318,86.93,0.3036,52.25,12,218231
100.0,0,-1,confirm,1.0,212.26,196.26,264.44,1894,52.18,62.79,1930,0.981,0.784,0.094,-0.0667,14,0.189,1358,0.6948,1,573,23.88,1,1731,243.21,0,-1,,0,-1,,0.3807,51.03,13,221403
100.0,0,1,confirm,1.0,-81.32,-97.32,19.88,30,101.2,81.32,260,0.115,1.161,0.021,0.2063,14,0.2072,28,0.2562,0,-1,,0,-1,,0,-1,,0,-1,,0.1823,53.6,14,223333
100.0,0,-1,fallback,1.0,-50.1,-66.1,-0.0,0,50.1,50.1,18,0.0,1.218,0.057,-0.0416,14,-0.0381,7,0.5181,0,-1,,0,-1,,0,-1,,0,-1,,0.1026,101.0,14,223593
100.0,0,1,confirm,1.0,69.8,53.8,121.46,190,51.67,4.53,257,0.739,0.866,0.088,-0.0141,14,0.0643,25,0.3439,1,113,70.7,0,-1,,0,-1,,0,-1,,0.5181,50.1,14,223611
100.0,0,-1,confirm,1.0,8.1,-7.9,58.51,1276,50.41,60.31,1416,0.901,0.934,0.087,0.134,14,0.2354,1115,0.7528,1,327,-43.21,1,327,-43.21,1,1342,29.71,0,-1,,0.0574,51.05,14,223868
100.0,0,1,confirm,1.0,22.52,6.52,72.97,191,50.45,7.21,244,0.783,1.858,0.074,0.0021,14,0.0428,144,0.4794,0,-1,,0,-1,,0,-1,,0,-1,,0.3358,50.71,14,225284
100.0,0,-1,confirm,1.0,30.56,14.56,81.8,692,51.24,27.87,741,0.934,1.374,0.088,0.0772,14,0.1752,500,0.5944,0,-1,,0,-1,,0,-1,,0,-1,,0.2443,50.08,14,225528
100.0,0,1,confirm,1.0,-91.97,-107.97,11.72,3,103.69,91.97,1251,0.002,1.794,0.015,-0.0625,14,0.0287,410,0.6244,0,-1,,0,-1,,0,-1,,0,-1,,0.0605,51.66,14,226269
100.0,0,-1,fallback,1.0,-13.65,-29.65,36.4,213,50.05,14.56,321,0.664,2.618,0.13,0.3277,15,0.3918,129,0.7307,0,-1,,0,-1,,0,-1,,0,-1,,0.0994,103.57,15,227520
100.0,0,1,confirm,1.0,31.81,15.81,84.51,541,52.71,14.54,696,0.777,1.049,0.114,0.1399,15,0.1522,568,0.6703,0,-1,,0,-1,,0,-1,,0,-1,,0.2469,50.23,15,227841
100.0,0,-1,confirm,1.0,40.76,24.76,90.59,665,49.82,28.99,821,0.81,1.563,0.1,0.0277,15,0.1392,540,0.4713,1,680,84.25,1,680,84.25,0,-1,,0,-1,,0.0056,52.27,15,228537
100.0,0,1,confirm,1.0,-10.01,-26.01,41.84,841,51.85,63.67,1055,0.797,0.535,0.075,-0.1111,15,0.0299,4,0.2506,0,-1,,0,-1,,0,-1,,0,-1,,0.0053,50.28,15,229358
100.0,0,-1,confirm,1.0,7.28,-8.72,57.36,250,50.08,0.0,406,0.616,0.909,0.095,0.2613,16,0.3153,91,0.4083,0,-1,,0,-1,,0,-1,,0,-1,,0.2585,51.63,16,230413
100.0,0,1,confirm,1.0,-92.94,-108.94,9.11,18,102.05,92.94,282,0.064,1.439,0.035,-0.1312,16,-0.1025,72,0.5969,0,-1,,0,-1,,0,-1,,0,-1,,0.0565,50.37,16,230819
100.0,0,-1,fallback,1.0,-32.19,-48.19,25.75,28,57.94,32.19,50,0.56,1.303,0.078,0.1415,16,0.175,0,0.401,0,-1,,0,-1,,0,-1,,0,-1,,0.59,101.96,16,231101
100.0,0,1,confirm,1.0,174.18,158.18,225.52,359,51.34,7.33,446,0.805,1.076,0.102,-0.0217,16,0.005,400,0.3411,0,-1,,0,-1,,0,-1,,0,-1,,0.0745,58.09,16,231151
100.0,0,-1,confirm,1.0,46.86,30.86,96.41,888,49.56,62.17,962,0.923,0.951,0.116,0.217,16,0.2516,904,0.7275,0,-1,,0,-1,,0,-1,,0,-1,,0.2438,50.21,16,231597
100.0,0,1,confirm,1.0,117.69,101.69,169.29,1311,51.6,54.32,1551,0.845,0.959,0.148,-0.0495,16,0.0436,1100,0.5567,0,-1,,0,-1,,0,-1,,0,-1,,0.2679,50.04,16,232559
100.0,0,-1,confirm,1.0,102.0,86.0,153.01,1713,51.0,33.11,2209,0.775,0.76,0.066,-0.1299,17,0.3566,506,0.778,1,1171,92.16,1,1171,92.16,1,1171,92.16,1,1532,128.85,0.1709,50.74,17,234110
100.0,0,1,confirm,1.0,5.42,-10.58,57.86,129,52.43,9.04,341,0.378,2.553,0.135,0.2342,17,0.2759,11,0.5687,0,-1,,0,-1,,0,-1,,0,-1,,0.2529,51.79,17,236319
100.0,0,-1,confirm,1.0,63.25,47.25,119.26,3200,56.02,60.53,3303,0.969,1.899,0.066,0.2064,18,0.302,2145,0.8531,1,256,3.61,1,256,3.61,1,1253,-26.2,1,256,3.61,0.2501,52.13,17,236660
100.0,0,1,confirm,1.0,-72.74,-88.74,27.28,73,100.02,72.74,280,0.261,1.115,0.076,-0.126,18,-0.1015,135,0.4876,0,-1,,0,-1,,0,-1,,0,-1,,0.093,56.69,18,239963
100.0,0,-1,confirm,1.0,-36.64,-52.64,13.74,5,50.38,36.64,56,0.089,1.293,0.088,0.1723,18,0.1729,4,0.489,0,-1,,0,-1,,0,-1,,0,-1,,0.2948,99.75,18,240243
100.0,0,1,confirm,1.0,-100.38,-116.38,4.56,1,104.95,100.38,455,0.002,1.719,0.01,-0.1518,18,-0.085,204,0.1169,0,-1,,0,-1,,0,-1,,0,-1,,0.4818,50.44,18,240299
100.0,0,-1,fallback,1.0,-16.59,-32.59,38.72,165,55.31,16.59,246,0.671,1.304,0.099,0.2081,18,0.2338,139,0.5023,0,-1,,0,-1,,0,-1,,0,-1,,0.1676,104.9,18,240754
100.0,0,1,confirm,1.0,-65.34,-81.34,34.05,16,99.39,65.34,239,0.067,1.355,0.007,-0.1641,18,-0.1623,13,0.0769,0,-1,,0,-1,,0,-1,,0,-1,,0.1815,55.52,18,241000
100.0,0,-1,confirm,1.0,-40.76,-56.76,9.26,3,50.02,40.76,128,0.023,1.457,0.09,0.2581,19,0.2751,45,0.6075,0,-1,,0,-1,,0,-1,,0,-1,,0.0171,99.06,19,241239
100.0,0,1,confirm,1.0,-83.03,-99.03,16.61,56,99.64,83.03,264,0.212,0.616,0.003,-0.2229,19,-0.1727,132,0.1367,0,-1,,0,-1,,0,-1,,0,-1,,0.5036,50.07,19,241367
100.0,0,-1,confirm,1.0,-33.49,-49.49,16.75,108,50.24,33.49,249,0.434,0.665,0.074,0.2639,19,0.2844,86,0.3783,0,-1,,0,-1,,0,-1,,0,-1,,0.0282,99.47,19,241631
100.0,0,1,confirm,1.0,40.8,24.8,92.72,1156,51.92,82.52,1194,0.968,0.469,0.147,-0.0482,19,-0.038,1187,0.523,0,-1,,0,-1,,0,-1,,0,-1,,0.3419,50.32,19,241880
100.0,0,-1,confirm,1.0,-67.41,-83.41,37.86,82,105.27,67.41,908,0.09,0.913,0.023,0.0363,19,0.0522,9,0.5648,1,125,11.08,0,-1,,0,-1,,0,-1,,0.5137,51.45,19,243074
100.0,0,1,fallback,1.0,68.79,52.79,122.91,113,54.12,10.09,221,0.511,2.592,0.168,0.0875,19,0.1652,26,0.5,0,-1,,0,-1,,0,-1,,0,-1,,0.1378,105.67,19,243982
100.0,0,-1,confirm,1.0,56.48,40.48,109.32,973,52.84,59.21,1024,0.95,0.421,0.129,0.3815,20,0.3952,959,0.785,0,-1,,0,-1,,0,-1,,0,-1,,0.3411,53.46,19,244203
100.0,0,1,confirm,1.0,87.04,71.04,139.26,188,52.22,2.75,261,0.72,2.032,0.062,-0.0579,20,-0.0205,260,0.6064,0,-1,,0,-1,,0,-1,,0,-1,,0.1363,53.42,20,245227
100.0,0,-1,confirm,1.0,-94.46,-110.46,13.62,88,108.08,94.46,1008,0.087,0.337,0.048,-0.0592,20,0.0322,8,0.598,0,-1,,0,-1,,0,-1,,0,-1,,0.0457,51.5,20,245488
100.0,0,1,fallback,1.0,-47.69,-63.69,2.7,213,50.39,48.59,372,0.573,1.129,0.081,0.0606,20,0.1286,53,0.4573,0,-1,,0,-1,,0,-1,,0,-1,,0.0213,108.23,20,246496
100.0,0,-1,confirm,1.0,-102.16,-118.16,1.81,1,103.97,102.16,976,0.001,0.678,0.012,-0.0159,20,0.2754,474,0.6774,0,-1,,0,-1,,0,-1,,0,-1,,0.3109,50.37,20,246868
100.0,0,1,fallback,1.0,-41.17,-57.17,9.84,40,51.01,41.17,258,0.155,2.12,0.099,0.0618,20,0.1103,170,0.4039,0,-1,,0,-1,,0,-1,,0,-1,,0.325,103.99,20,247844
100.0,0,-1,confirm,1.0,79.98,63.98,133.0,4282,53.02,63.8,4442,0.964,3.866,0.332,0.3995,22,0.4271,4273,0.8324,1,1359,-37.74,1,1359,-37.74,1,3196,-50.32,1,3418,-31.45,0.3258,50.96,20,248102
100.0,0,1,confirm,1.0,0.0,-16.0,52.54,657,52.54,17.21,904,0.727,1.511,0.089,0.0442,22,0.1987,899,0.6472,1,904,0.0,1,904,0.0,0,-1,,1,904,0.0,0.5066,53.73,22,252544
100.0,0,-1,confirm,1.0,-67.94,-83.94,35.33,167,103.27,67.94,2194,0.076,0.31,0.067,0.3475,22,0.4964,595,0.8317,1,606,5.44,1,606,5.44,1,606,5.44,1,1127,-44.39,0.6386,52.27,22,253448
100.0,0,1,fallback,1.0,-16.2,-32.2,37.79,42,53.99,16.2,93,0.452,2.639,0.148,0.0228,23,0.0711,21,0.0045,1,47,34.19,0,-1,,0,-1,,0,-1,,0.1886,103.64,23,255642
100.0,0,-1,confirm,1.0,151.41,135.41,200.97,1919,49.57,35.15,2003,0.958,1.188,0.131,0.4508,23,0.4511,1918,0.8942,0,-1,,0,-1,,0,-1,,0,-1,,0.2039,53.78,23,255735
100.0,0,1,confirm,1.0,89.68,73.68,141.84,1968,52.16,38.43,2806,0.701,0.948,0.166,0.4916,0,0.4916,1968,0.941,1,2535,130.86,1,2535,130.86,1,2535,130.86,1,2568,110.72,0.5971,50.58,23,257738
100.0,0,-1,confirm,1.0,-83.44,-99.44,19.05,198,102.49,83.44,1995,0.099,0.474,0.168,0.0625,0,0.2461,1284,0.8133,1,318,2.72,1,1411,-39.0,1,1411,-39.0,1,1421,-53.51,0.7417,51.43,0,260544
100.0,0,1,fallback,1.0,-30.58,-46.58,23.39,492,53.97,30.58,1025,0.48,0.838,0.136,-0.2365,1,0.1077,0,0.7294,1,75,-4.5,1,75,-4.5,0,-1,,1,293,0.9,0.0975,102.68,0,262539
100.0,0,-1,confirm,1.0,9.02,-6.98,63.15,536,54.13,8.12,942,0.569,1.093,0.174,0.4172,1,0.4467,763,0.8928,0,-1,,0,-1,,0,-1,,0,-1,,0.1132,53.84,1,263564
100.0,0,1,confirm,1.0,-63.21,-79.21,37.93,358,101.14,63.21,1389,0.258,0.846,0.237,-0.0559,1,0.0413,551,0.8842,0,-1,,0,-1,,0,-1,,0,-1,,0.8919,54.48,1,264506
100.0,0,-1,fallback,1.0,-15.45,-31.45,36.35,937,51.8,33.62,1116,0.84,1.174,0.145,-0.0094,2,0.4177,0,0.7511,1,90,-23.63,1,90,-23.63,1,90,-23.63,1,175,-33.62,0.1225,100.76,1,265895
100.0,0,1,confirm,1.0,-39.92,-55.92,10.89,2427,50.81,89.83,2738,0.886,0.891,0.109,0.1736,2,0.344,2117,0.8079,1,1516,-44.46,1,1516,-44.46,1,2710,-21.78,0,-1,,0.1,51.99,2,267011
100.0,0,-1,confirm,1.0,65.59,49.59,115.7,2372,50.1,8.2,2432,0.975,2.031,0.053,-0.1628,3,0.6065,386,0.9473,1,1536,68.32,1,1536,68.32,1,1536,68.32,1,2354,99.3,0.5272,50.76,2,269749
100.0,0,1,confirm,1.0,-87.12,-103.12,15.59,103,102.71,87.12,1757,0.059,0.736,0.026,0.1328,3,0.1779,230,0.7724,1,398,-52.27,1,398,-52.27,0,-1,,1,542,-16.51,0.4179,50.69,3,272181
100.0,0,-1,fallback,1.0,49.03,33.03,98.98,496,49.95,5.55,623,0.796,0.603,0.163,0.0422,4,0.2442,36,0.6224,1,567,70.31,1,567,70.31,1,567,70.31,0,-1,,0.0758,102.55,4,273938
100.0,0,1,confirm,1.0,-75.3,-91.3,30.68,16,105.98,75.3,235,0.068,0.669,0.009,0.0927,4,0.1101,57,0.5165,1,166,-44.62,1,166,-44.62,0,-1,,0,-1,,0.1463,50.45,4,274561
100.0,0,-1,fallback,1.0,14.05,-1.95,65.57,464,51.52,31.85,488,0.951,1.845,0.109,0.064,4,0.0962,313,0.5356,1,431,21.54,0,-1,,0,-1,,0,-1,,0.5014,105.65,4,274796
100.0,0,1,confirm,1.0,-101.3,-117.3,0.94,1,102.24,101.3,360,0.003,2.966,0.069,-0.0284,4,0.0292,358,0.7612,0,-1,,0,-1,,0,-1,,0,-1,,0.3948,51.86,4,275284
100.0,0,-1,fallback,1.0,-35.06,-51.06,18.0,49,53.07,35.06,121,0.405,2.268,0.116,-0.0256,4,0.0288,1,0.263,0,-1,,0,-1,,0,-1,,0,-1,,0.1246,102.23,4,275644
100.0,0,1,confirm,1.0,19.83,3.83,70.82,1107,50.99,65.16,1203,0.92,0.3,0.103,-0.0848,4,0.1314,480,0.5633,1,742,-3.78,1,742,-3.78,0,-1,,1,810,-20.77,0.0011,53.16,4,275765
100.0,0,-1,confirm,1.0,50.89,34.89,103.67,376,52.78,2.83,539,0.698,1.768,0.166,0.0074,5,0.1467,100,0.6374,1,184,22.62,1,184,22.62,0,-1,,0,-1,,0.3663,50.63,4,276968
100.0,0,1,confirm,1.0,32.21,16.21,89.04,350,56.83,24.63,514,0.681,1.616,0.085,0.0223,5,0.0886,296,0.7534,1,362,78.62,0,-1,,0,-1,,0,-1,,0.0755,53.33,5,277507
100.0,0,-1,confirm,1.0,-77.42,-93.42,24.55,218,101.97,77.42,440,0.495,0.749,0.001,0.1339,5,0.171,86,0.568,0,-1,,0,-1,,0,-1,,0,-1,,0.2046,56.33,5,278021
100.0,0,1,fallback,1.0,169.59,153.59,222.06,147,52.47,7.5,244,0.602,2.434,0.208,0.0615,5,0.1844,43,0.6122,0,-1,,0,-1,,0,-1,,0,-1,,0.0856,102.22,5,278461
100.0,0,-1,confirm,1.0,40.54,24.54,91.21,593,50.67,30.4,636,0.932,0.571,0.106,0.1863,5,0.1863,593,0.5169,0,-1,,0,-1,,0,-1,,0,-1,,0.1523,51.33,5,278705
100.0,0,1,confirm,1.0,41.63,25.63,93.43,906,51.8,37.0,1068,0.848,0.538,0.108,-0.2255,5,0.1905,46,0.562,1,548,33.3,1,548,33.3,0,-1,,1,644,37.0,0.4792,51.14,5,279341
100.0,0,-1,confirm,1.0,-96.73,-112.73,8.29,57,105.02,96.73,591,0.096,0.828,0.001,0.2923,5,0.3072,13,0.7434,0,-1,,0,-1,,0,-1,,0,-1,,0.3011,51.32,5,280409
100.0,0,1,fallback,1.0,-7.3,-23.3,44.71,1160,52.01,38.32,2136,0.543,2.74,0.068,0.3293,6,0.3608,1206,0.8166,1,1716,3.65,1,1716,3.65,1,1716,3.65,1,1738,10.04,0.5244,105.11,6,281000
100.0,0,-1,confirm,1.0,79.44,63.44,129.66,1121,50.22,4.57,1596,0.702,0.61,0.139,0.4099,6,0.4899,1208,0.8643,0,-1,,0,-1,,0,-1,,0,-1,,0.5482,51.78,6,283136
100.0,0,1,confirm,1.0,36.82,20.82,90.2,588,53.38,7.36,978,0.601,2.627,0.161,0.2237,7,0.2675,904,0.7298,0,-1,,0,-1,,0,-1,,0,-1,,0.2505,50.88,7,284732
100.0,0,-1,confirm,1.0,-69.69,-85.69,33.93,384,103.62,69.69,1357,0.283,1.512,0.197,0.0135,7,0.2834,1321,0.7207,1,234,22.01,1,234,22.01,0,-1,,1,603,1.83,0.7025,52.91,7,285710
100.0,0,1,fallback,1.0,-49.18,-65.18,0.91,52,50.09,49.18,878,0.059,6.27,0.089,-0.0527,7,0.1283,1,0.5575,1,21,-12.75,1,21,-12.75,0,-1,,1,58,-3.64,0.3318,103.97,7,287067
100.0,0,-1,confirm,1.0,-78.7,-94.7,25.62,290,104.33,78.7,1786,0.162,0.697,0.092,0.3229,8,0.5317,385,0.8477,1,1642,-38.44,1,1642,-38.44,1,1642,-38.44,0,-1,,0.0737,50.08,7,287945
100.0,0,1,fallback,1.0,-26.33,-42.33,24.52,43,50.85,26.33,1007,0.043,3.557,0.119,0.1353,8,0.2195,241,0.8329,1,766,-20.88,1,766,-20.88,1,766,-20.88,1,790,-14.53,0.6222,104.6,8,289731
100.0,0,-1,confirm,1.0,123.82,107.82,173.89,5113,50.07,44.61,5864,0.872,0.768,0.134,0.2201,10,0.5426,4534,0.9365,1,289,-17.3,1,289,-17.3,1,597,-30.04,1,647,-33.69,0.4412,50.72,8,290738
100.0,0,1,confirm,1.0,-102.32,-118.32,4.61,55,106.93,102.32,780,0.071,0.585,0.063,-0.2035,10,-0.0735,341,0.5385,0,-1,,0,-1,,0,-1,,0,-1,,0.8692,50.96,10,296602
100.0,0,-1,fallback,1.0,-43.77,-59.77,9.31,107,53.09,43.77,400,0.268,0.393,0.129,0.2,10,0.2285,2,0.5843,1,270,-1.86,1,270,-1.86,1,270,-1.86,1,284,-3.73,0.1199,106.88,10,297382
100.0,0,1,confirm,1.0,18.55,2.55,70.47,2086,51.93,33.38,2229,0.936,2.841,0.03,0.0983,11,0.5694,222,0.931,1,539,-12.98,1,539,-12.98,1,539,-12.98,1,539,-12.98,0.0866,53.14,10,297782
100.0,0,-1,confirm,1.0,-100.89,-116.89,0.93,22,101.81,100.89,2565,0.009,0.404,0.071,-0.1185,11,0.2847,2284,0.8226,1,1666,-74.97,1,1666,-74.97,1,1666,-74.97,1,2471,-82.38,0.4215,51.57,11,300011
100.0,0,1,fallback,1.0,-26.57,-42.57,25.66,46,52.23,26.57,448,0.103,3.872,0.187,0.2735,12,0.3567,22,0.8156,0,-1,,0,-1,,0,-1,,0,-1,,0.0609,101.82,12,302576
100.0,0,-1,confirm,1.0,10.11,-5.89,70.75,1261,60.64,14.7,2088,0.604,0.32,0.169,-0.3719,12,0.1483,2055,0.8976,1,1861,46.86,1,2019,25.73,0,-1,,0,-1,,0.3136,52.1,12,303024
100.0,0,1,confirm,1.0,55.18,39.18,105.77,447,50.58,1.84,2721,0.164,2.958,0.254,-0.2723,12,0.3964,2125,0.9711,1,288,54.26,1,288,54.26,1,288,54.26,1,288,54.26,0.5722,61.07,12,305112
100.0,0,-1,confirm,1.0,-90.55,-106.55,12.81,109,103.36,90.55,1946,0.056,1.039,0.1,0.3642,13,0.4399,167,0.8199,1,457,-21.04,1,457,-21.04,1,457,-21.04,1,621,-31.1,0.3918,50.05,13,307833
100.0,0,1,fallback,1.0,-9.97,-25.97,41.7,1195,51.67,18.13,1654,0.722,1.856,0.057,0.3539,14,0.3839,599,0.8462,1,1621,-0.91,1,1621,-0.91,1,1621,-0.91,0,-1,,0.6916,103.49,14,309779
100.0,0,-1,confirm,1.0,87.11,71.11,138.83,2910,51.72,68.96,3051,0.954,2.835,0.09,0.1363,15,0.494,155,0.867,1,521,-53.53,1,521,-53.53,1,521,-53.53,1,752,-52.63,0.7253,51.45,14,311433
100.0,0,1,confirm,1.0,21.05,5.05,75.06,1486,54.0,29.29,1917,0.775,2.203,0.119,0.0143,15,0.5022,637,0.905,1,1178,54.0,1,1178,54.0,1,1178,54.0,1,1326,56.75,0.3884,52.45,15,314484
100.0,0,-1,confirm,1.0,8.22,-7.78,59.37,2490,51.15,63.94,3134,0.795,2.478,0.076,0.163,16,0.503,446,0.9514,1,552,-29.23,1,552,-29.23,1,552,-29.23,1,552,-29.23,0.8461,53.6,15,316401
100.0,0,1,confirm,1.0,11.88,-4.12,63.99,108,52.11,-0.0,566,0.191,7.033,0.251,0.1689,16,0.4202,78,0.9306,1,301,51.19,1,301,51.19,1,301,51.19,1,301,51.19,0.1939,51.46,16,319535
100.0,0,-1,confirm,1.0,30.13,14.13,80.35,1796,50.22,25.57,2333,0.77,2.338,0.149,-0.0685,17,0.3772,112,0.7896,1,335,-7.3,1,335,-7.3,1,335,-7.3,1,335,-7.3,0.1337,51.78,16,320101
100.0,0,1,confirm,1.0,-95.25,-111.25,6.41,112,101.66,95.25,1263,0.089,1.011,0.126,0.1675,17,0.3393,234,0.8907,1,304,-51.29,1,304,-51.29,1,304,-51.29,1,477,-61.36,0.3534,50.63,17,322434
100.0,0,-1,fallback,1.0,-30.51,-46.51,21.27,866,51.78,30.51,2033,0.426,0.661,0.116,0.0616,18,0.0764,0,0.7838,1,15,2.77,0,-1,,0,-1,,0,-1,,0.0353,101.59,17,323697
100.0,0,1,confirm,1.0,-52.54,-68.54,47.01,2519,99.56,52.54,5594,0.45,1.362,0.186,0.3726,19,0.4966,4889,0.9637,1,73,7.37,1,73,7.37,1,73,7.37,1,108,-16.59,0.6053,51.89,18,325730
100.0,0,-1,confirm,1.0,-40.77,-56.77,10.19,7,50.97,40.77,1960,0.004,4.452,0.17,0.543,20,0.543,7,0.8292,1,766,-9.27,1,766,-9.27,1,766,-9.27,0,-1,,0.2842,99.09,20,331324
100.0,0,1,confirm,1.0,44.3,28.3,95.06,3523,50.76,14.77,4935,0.714,1.427,0.132,0.1258,21,0.4326,2414,0.9807,1,53,-0.92,1,53,-0.92,1,1435,9.23,1,388,-8.31,0.7089,51.02,20,333284
100.0,0,-1,confirm,1.0,8.27,-7.73,61.56,1790,53.29,11.95,2926,0.612,0.829,0.149,-0.2263,22,0.3744,506,0.9044,1,1075,30.32,1,1075,30.32,1,1075,30.32,1,1090,33.08,0.1103,50.28,21,338219
100.0,0,1,confirm,1.0,40.46,24.46,93.8,6334,53.34,11.96,7210,0.879,3.076,0.202,0.3823,0,0.5217,610,0.9932,1,554,16.55,1,554,16.55,1,554,16.55,1,1336,26.67,0.4513,53.62,22,341145
100.0,0,-1,confirm,1.0,-71.44,-87.44,29.31,872,100.75,71.44,1329,0.656,0.469,0.177,-0.1708,1,0.5241,241,0.8939,1,593,11.91,1,593,11.91,1,593,11.91,1,763,18.32,0.6351,52.84,0,348355
100.0,0,1,fallback,1.0,133.68,117.68,188.25,1714,54.57,1.82,2081,0.824,1.147,0.163,0.0098,1,0.2935,89,0.8955,1,1089,110.95,1,1089,110.95,1,1089,110.95,1,1142,114.59,0.2494,101.05,1,349684
100.0,0,-1,confirm,1.0,12.56,-3.44,63.72,2926,51.15,44.87,3405,0.859,0.464,0.05,0.0501,2,0.3693,2049,0.9245,1,178,-9.87,1,2897,55.64,1,2897,55.64,1,3128,27.82,0.3114,53.56,1,351765
100.0,0,1,confirm,1.0,42.23,26.23,95.25,665,53.01,13.48,785,0.847,4.814,0.297,-0.1012,2,0.0456,196,0.8252,0,-1,,0,-1,,0,-1,,0,-1,,0.421,51.48,2,355170
100.0,0,-1,confirm,1.0,10.74,-5.26,64.42,5607,53.69,62.63,6162,0.91,1.669,0.115,0.0834,4,0.4401,4749,0.925,1,346,-17.9,1,346,-17.9,1,346,-17.9,1,510,-6.26,0.0081,52.51,2,355955
100.0,0,1,confirm,1.0,43.0,27.0,94.95,2574,51.95,3.58,2724,0.945,1.479,0.139,0.4209,5,0.4311,2316,0.9781,1,1556,36.73,1,1556,36.73,1,1556,36.73,1,1799,35.83,0.7706,54.03,4,362117
100.0,0,-1,confirm,1.0,-54.41,-70.41,46.38,2617,100.78,54.41,4533,0.577,1.027,0.175,-0.0176,6,0.2575,795,0.9186,1,475,-21.41,1,945,-9.81,1,945,-9.81,1,1281,-2.68,0.4431,51.46,5,364841
100.0,0,1,fallback,1.0,-31.93,-47.93,18.63,65,50.56,31.93,1524,0.043,1.798,0.158,0.2971,6,0.4594,913,0.9722,1,1096,-9.76,1,1096,-9.76,1,1096,-9.76,1,1117,-3.55,0.2554,101.25,6,369374
100.0,0,-1,confirm,1.0,-95.22,-111.22,7.12,23,102.34,95.22,2184,0.011,3.954,0.207,0.6653,7,0.6809,46,0.8692,1,498,-49.84,1,498,-49.84,1,498,-49.84,1,581,-52.51,0.1737,50.47,7,370898
100.0,0,1,fallback,1.0,-24.68,-40.68,25.56,1289,50.25,24.68,1654,0.779,1.01,0.116,0.1072,7,0.1495,1317,0.9385,1,211,-23.8,1,211,-23.8,0,-1,,1,785,-7.05,0.8692,102.41,7,373082
100.0,0,-1,confirm,1.0,-91.02,-107.02,10.6,102,101.63,91.02,2381,0.043,0.426,0.126,0.1712,8,0.4986,224,0.8925,1,589,-17.67,1,589,-17.67,1,589,-17.67,1,635,-23.86,0.5265,50.12,8,374736
100.0,0,1,fallback,1.0,192.66,176.66,246.08,1823,53.42,7.88,2085,0.874,2.111,0.072,0.1072,9,0.5022,763,0.8697,1,204,68.31,1,204,68.31,1,204,68.31,0,-1,,0.5467,101.73,8,377117
100.0,0,-1,confirm,1.0,27.49,11.49,78.19,256,50.69,5.16,569,0.45,0.91,0.124,-0.01,9,0.0287,92,0.7614,0,-1,,0,-1,,0,-1,,0,-1,,0.1588,52.14,9,379202
100.0,0,1,confirm,1.0,-88.74,-104.74,11.2,7,99.94,88.74,320,0.022,1.086,0.055,0.0883,9,0.0938,31,0.4153,1,83,-10.34,0,-1,,0,-1,,0,-1,,0.3212,51.09,9,379771
100.0,0,-1,confirm,1.0,99.1,83.1,152.99,4593,53.89,23.47,7311,0.628,0.72,0.07,0.3448,10,0.4912,4342,0.9316,1,1830,59.11,1,1830,59.11,1,1830,59.11,1,1875,74.76,0.0692,99.83,9,380091
100.0,0,1,confirm,1.0,-86.92,-102.92,16.68,127,103.6,86.92,2015,0.063,1.082,0.09,0.1953,11,0.2481,1357,0.9112,1,548,2.63,1,548,2.63,1,548,2.63,1,600,3.51,0.7272,54.73,11,387402
100.0,0,-1,fallback,1.0,15.94,-0.06,67.31,244,51.37,1.77,319,0.765,1.537,0.195,0.0752,12,0.1608,1,0.3361,1,124,24.8,1,124,24.8,0,-1,,0,-1,,0.0377,103.43,12,389417
100.0,0,1,confirm,1.0,36.37,20.37,88.71,8455,52.34,78.06,8695,0.972,0.347,0.102,-0.1234,14,0.3045,6678,0.9263,1,883,-37.26,1,883,-37.26,1,2587,-30.16,1,919,-34.6,0.1442,51.72,12,389736
100.0,0,-1,confirm,1.0,-83.08,-99.08,25.63,582,108.71,83.08,8645,0.067,0.425,0.093,0.2001,14,0.54,4429,0.9438,1,736,-11.49,1,736,-11.49,1,736,-11.49,1,803,-0.0,0.2083,51.88,14,398431
100.0,0,1,fallback,1.0,39.45,23.45,91.16,4241,51.72,4.38,5550,0.764,2.795,0.186,0.0962,18,0.3314,2325,0.9587,1,313,13.15,1,711,39.45,1,711,39.45,1,1016,18.41,0.0223,108.99,17,407076
100.0,0,-1,confirm,1.0,68.1,52.1,119.62,1562,51.51,5.24,1647,0.948,2.049,0.236,0.427,19,0.6044,1206,0.9739,1,390,11.35,1,390,11.35,0,-1,,0,-1,,0.524,51.25,18,412626
100.0,0,1,confirm,1.0,-95.82,-111.82,4.4,16,100.22,95.82,657,0.024,0.748,0.103,-0.3338,19,-0.19,411,0.66,0,-1,,0,-1,,0,-1,,0,-1,,0.5554,52.14,19,414273
100.0,0,-1,fallback,1.0,-23.97,-39.97,26.63,228,50.59,23.97,402,0.567,1.229,0.107,0.2113,19,0.3985,374,0.7228,0,-1,,0,-1,,0,-1,,0,-1,,0.3666,100.18,19,414930
100.0,0,1,confirm,1.0,10.63,-5.37,62.87,3636,52.24,72.61,4593,0.792,1.656,0.133,0.3007,20,0.3543,3607,0.9218,1,1024,-38.96,1,1024,-38.96,1,2273,-56.67,1,1024,-38.96,0.6811,50.73,19,415332
100.0,0,-1,confirm,1.0,-61.92,-77.92,41.57,4285,103.49,61.92,5603,0.765,1.316,0.022,0.3405,21,0.4782,4651,0.9731,1,749,-29.19,1,749,-29.19,1,749,-29.19,1,749,-29.19,0.2017,51.92,20,419925
100.0,0,1,fallback,1.0,245.27,229.27,298.9,191,53.63,1.76,201,0.95,6.281,0.324,0.0321,22,0.1694,60,0.429,0,-1,,0,-1,,0,-1,,0,-1,,0.719,103.93,22,425528
100.0,0,-1,confirm,1.0,46.34,30.34,96.96,100,50.63,12.87,148,0.676,0.851,0.137,-0.0139,22,-0.0048,63,0.0705,0,-1,,0,-1,,0,-1,,0,-1,,0.0374,52.07,22,425729
100.0,0,1,confirm,1.0,-78.45,-94.45,21.55,9,100.0,78.45,489,0.018,0.398,0.157,0.0167,22,0.0664,450,0.5208,0,-1,,0,-1,,0,-1,,0,-1,,0.0477,51.12,22,425877
100.0,0,-1,confirm,1.0,-28.67,-44.67,22.59,393,51.26,56.48,511,0.769,3.422,0.073,0.0541,22,0.1485,489,0.6752,1,361,5.21,0,-1,,0,-1,,0,-1,,0.0048,99.78,22,426366
100.0,0,1,confirm,1.0,17.33,1.33,69.31,215,51.98,13.86,293,0.734,1.032,0.053,-0.1827,22,-0.1149,143,0.3344,0,-1,,0,-1,,0,-1,,0,-1,,0.0593,51.38,22,426877
100.0,0,-1,confirm,1.0,-1.73,-17.73,49.3,1006,51.03,52.76,1300,0.774,1.128,0.126,0.1593,22,0.19,26,0.8086,1,1063,22.49,1,1063,22.49,0,-1,,0,-1,,0.3143,51.63,22,427170
100.0,0,1,confirm,1.0,-64.86,-80.86,34.59,2870,99.45,64.86,4228,0.679,1.496,0.065,0.0494,23,0.4873,2416,0.8817,1,624,-6.05,1,1427,-24.21,1,1427,-24.21,1,2762,6.05,0.5196,51.28,23,428470
100.0,0,-1,confirm,1.0,-49.61,-65.61,1.74,13,51.35,49.61,858,0.015,1.697,0.116,0.3401,0,0.3572,0,0.8232,1,301,-20.89,1,301,-20.89,1,301,-20.89,1,345,-26.11,0.4201,99.1,0,432698
100.0,0,1,confirm,1.0,62.36,46.36,113.46,863,51.1,1.73,1224,0.705,1.114,0.12,0.2636,0,0.3419,743,0.8615,1,148,18.19,1,148,18.19,0,-1,,0,-1,,0.113,51.36,0,433556
100.0,0,-1,confirm,1.0,112.76,96.76,166.12,2672,53.37,37.01,2726,0.98,0.583,0.088,0.1766,1,0.2375,2561,0.811,1,1004,-18.94,1,1225,9.47,0,-1,,1,1488,56.81,0.3053,50.53,0,434780
100.0,0,1,confirm,1.0,51.36,35.36,103.6,2481,52.23,26.12,2805,0.884,0.895,0.066,0.1614,2,0.2299,2445,0.8042,1,1865,72.26,1,1865,72.26,1,2539,97.5,1,2093,80.09,0.001,54.27,1,437506
100.0,0,-1,confirm,1.0,45.04,29.04,95.27,6479,50.23,62.36,6721,0.964,5.713,0.243,0.472,4,0.472,6479,0.944,1,334,-30.31,1,334,-30.31,1,334,-30.31,1,580,-42.44,0.0402,51.7,2,440311
100.0,0,1,confirm,1.0,-92.22,-108.22,7.83,2,100.05,92.22,3382,0.001,1.496,0.042,-0.2004,4,0.313,2596,0.8846,1,1173,-52.2,1,1481,-52.2,1,1481,-52.2,1,1524,-58.29,0.5301,50.72,4,447032
100.0,0,-1,fallback,1.0,9.66,-6.34,59.71,2114,50.05,17.56,3224,0.656,2.81,0.071,0.1066,5,0.3059,481,0.8237,1,1004,9.66,1,1004,9.66,1,1004,9.66,1,1095,16.68,0.5853,99.97,5,450414
100.0,0,1,confirm,1.0,63.29,47.29,116.02,6488,52.74,6.15,7254,0.894,0.873,0.133,0.393,7,0.5857,105,0.957,1,696,13.18,1,696,13.18,1,696,13.18,1,696,13.18,0.5264,50.35,6,453638
100.0,0,-1,confirm,1.0,23.58,7.58,75.99,2995,52.41,15.72,3687,0.812,0.89,0.082,0.4224,8,0.5224,1242,0.952,1,3422,54.15,1,3422,54.15,1,3422,54.15,1,3422,54.15,0.7571,52.13,8,460892
100.0,0,1,confirm,1.0,35.9,19.9,89.3,3482,53.41,9.63,4902,0.71,4.198,0.115,0.5173,10,0.5239,3500,0.984,1,1680,21.89,1,1680,21.89,1,1680,21.89,1,1937,-1.75,0.048,52.81,9,464579
100.0,0,-1,confirm,1.0,-79.39,-95.39,27.04,1588,106.43,79.39,3054,0.52,2.481,0.203,0.4324,10,0.4561,1959,0.9266,1,49,3.49,1,1018,-16.58,1,1018,-16.58,1,2534,13.96,0.6849,52.93,10,469481
100.0,0,1,fallback,1.0,34.62,18.62,85.68,1411,51.06,25.97,1834,0.769,0.869,0.102,0.3712,11,0.5144,1091,0.9182,1,324,6.92,1,324,6.92,1,324,6.92,0,-1,,0.787,106.72,11,472535
100.0,0,-1,confirm,1.0,59.51,43.51,111.26,2046,51.75,23.29,2468,0.829,0.346,0.113,0.2775,12,0.3594,2459,0.9468,1,1609,56.93,0,-1,,0,-1,,0,-1,,0.2278,50.63,11,474369
100.0,0,1,confirm,1.0,102.39,86.39,156.18,1992,53.8,5.21,2589,0.769,1.771,0.153,0.3351,13,0.3382,1983,0.9335,1,1595,97.18,1,1595,97.18,1,1595,97.18,1,1612,86.77,0.0898,52.33,12,476837
100.0,0,-1,confirm,1.0,22.33,6.33,72.15,1412,49.82,49.82,1506,0.938,0.433,0.151,0.2808,13,0.3263,1309,0.7882,1,384,-18.9,1,384,-18.9,1,384,-18.9,1,539,-0.86,0.4758,52.97,13,479426
100.0,0,1,confirm,1.0,148.92,132.92,201.43,5903,52.51,37.88,6059,0.974,1.301,0.229,0.1194,15,0.3665,5137,0.873,1,475,-27.55,1,959,6.03,1,5458,113.63,1,1287,24.96,0.0147,50.18,13,480932
100.0,0,-1,confirm,1.0,33.08,17.08,83.12,850,50.04,24.6,1832,0.464,1.711,0.172,0.0585,15,0.2908,416,0.9141,1,1465,63.61,1,1465,63.61,1,1465,63.61,1,1621,61.92,0.0888,51.47,15,486991
100.0,0,1,confirm,1.0,-63.82,-79.82,35.74,353,99.57,63.82,2775,0.127,2.095,0.168,0.2129,15,0.2546,144,0.8941,1,485,1.7,1,485,1.7,1,485,1.7,1,521,-10.21,0.2114,50.46,15,488823
100.0,0,-1,confirm,1.0,28.26,12.26,80.51,2294,52.24,22.27,3033,0.756,0.504,0.077,-0.0653,17,0.291,1195,0.9466,1,917,-0.86,1,917,-0.86,1,917,-0.86,1,1539,20.55,0.5827,99.21,16,491598
100.0,0,1,confirm,1.0,82.45,66.45,133.99,4011,51.53,41.23,4384,0.915,2.504,0.172,0.3149,18,0.5219,2352,0.9572,1,165,12.02,1,165,12.02,1,477,4.29,1,637,-30.92,0.0119,52.67,17,494631
100.0,0,-1,confirm,1.0,-80.07,-96.07,21.3,60,101.37,80.07,2659,0.023,1.133,0.167,0.047,18,0.3979,699,0.8933,1,395,-17.89,1,395,-17.89,1,395,-17.89,1,1279,-9.37,0.6376,50.85,18,499015
100.0,0,1,fallback,1.0,-23.66,-39.66,27.04,676,50.71,24.51,1151,0.587,1.255,0.054,-0.0404,19,0.3573,60,0.7257,1,590,-2.54,1,590,-2.54,1,590,-2.54,1,1150,-22.82,0.168,101.59,19,501674
100.0,0,-1,confirm,1.0,5.93,-10.07,57.6,1051,51.67,32.19,1152,0.912,0.628,0.142,-0.0036,19,0.1689,543,0.8133,1,580,-3.39,1,580,-3.39,0,-1,,1,1116,31.34,0.2484,50.57,19,502825
100.0,0,1,confirm,1.0,-83.91,-99.91,15.26,364,99.17,83.91,1122,0.324,0.705,0.063,0.0428,20,0.0955,606,0.8393,1,6,-16.1,0,-1,,0,-1,,0,-1,,0.2563,51.97,19,503977
100.0,0,-1,confirm,1.0,-42.74,-58.74,7.69,172,50.43,42.74,840,0.205,0.399,0.168,0.1697,20,0.2112,196,0.8689,1,199,-0.0,1,199,-0.0,1,199,-0.0,1,203,-2.56,0.4402,99.02,20,505099
100.0,0,1,confirm,1.0,44.26,28.26,98.73,3263,54.47,13.62,5261,0.62,0.942,0.059,0.0429,21,0.482,1946,0.9347,1,2,0.85,1,2,0.85,1,2,0.85,1,63,5.96,0.5244,50.47,20,505939
100.0,0,-1,confirm,1.0,18.64,2.64,69.49,1147,50.84,1.69,1358,0.845,1.669,0.108,-0.0516,22,0.4044,130,0.8955,1,729,47.45,1,729,47.45,1,729,47.45,1,1046,54.23,0.3063,53.94,22,511200
100.0,0,1,confirm,1.0,-68.77,-84.77,31.41,3017,100.18,68.77,4140,0.729,8.002,0.129,0.7982,23,0.8089,3005,0.9725,1,137,3.4,1,137,3.4,1,2626,-10.19,1,191,7.64,0.1983,51.2,22,512558
100.0,0,-1,confirm,1.0,87.19,71.19,136.78,4048,49.58,23.08,4224,0.958,1.034,0.083,0.463,0,0.6296,3565,0.97,1,635,-15.39,1,635,-15.39,1,635,-15.39,0,-1,,0.9514,99.86,23,516698
100.0,0,1,confirm,1.0,-94.86,-110.86,5.17,12,100.03,94.86,5630,0.002,0.555,0.04,-0.2127,0,0.4535,2275,0.9567,1,3032,-28.46,1,3032,-28.46,1,3032,-28.46,1,3732,-65.54,0.6792,50.27,0,520922
100.0,0,-1,fallback,1.0,-6.09,-22.09,44.4,1359,50.5,13.06,1871,0.726,2.324,0.133,0.0253,2,0.1385,413,0.6728,1,67,0.87,1,563,-2.61,0,-1,,1,600,-3.48,0.0839,99.98,2,526552
100.0,0,1,confirm,1.0,151.4,135.4,203.6,6837,52.21,26.97,7139,0.958,0.906,0.195,0.2982,4,0.4681,4918,0.9939,1,242,-17.4,1,581,21.75,1,1727,53.95,1,766,25.23,0.515,50.72,2,528423
100.0,0,-1,confirm,1.0,-64.28,-80.28,36.86,1625,101.14,64.28,2911,0.558,0.161,0.061,0.1035,5,0.3553,1746,0.9373,1,927,-0.86,1,927,-0.86,1,1986,9.43,1,1138,-9.43,0.4536,51.16,4,535562
100.0,0,1,fallback,1.0,-28.96,-44.96,22.14,2823,51.1,28.96,6668,0.423,1.906,0.102,0.2832,6,0.5549,948,0.9867,1,1321,-17.03,1,1321,-17.03,1,1321,-17.03,1,1321,-17.03,0.39,101.51,5,538473
100.0,0,-1,confirm,1.0,104.2,88.2,153.74,13734,49.54,19.64,16611,0.827,3.308,0.117,0.3829,11,0.8336,102,0.9791,1,1035,2.56,1,1035,2.56,1,1035,2.56,1,1128,0.85,0.6786,50.99,7,545141
100.0,0,1,confirm,1.0,15.54,-0.46,69.05,3889,53.51,7.77,4523,0.86,0.31,0.132,0.2582,13,0.3856,53,0.9193,1,167,24.17,1,167,24.17,1,167,24.17,1,169,20.71,0.6523,50.31,12,561752
100.0,0,-1,confirm,1.0,1.72,-14.28,52.57,1180,50.84,0.86,1523,0.775,1.585,0.066,0.1547,13,0.3553,112,0.6064,1,360,22.41,1,360,22.41,1,360,22.41,1,360,22.41,0.0565,53.15,13,566275
100.0,0,1,confirm,1.0,-72.4,-88.4,27.58,353,99.98,72.4,1889,0.187,0.77,0.115,0.3149,13,0.3661,409,0.7038,1,938,-3.45,1,938,-3.45,1,938,-3.45,1,997,-18.96,0.3582,51.11,13,567798
100.0,0,-1,confirm,1.0,130.23,114.23,180.59,2057,50.36,1.74,2639,0.779,2.686,0.112,0.2377,14,0.4095,414,0.7538,1,1572,113.74,1,1572,113.74,1,1572,113.74,0,-1,,0.272,99.71,14,569687
100.0,0,1,confirm,1.0,-51.9,-67.9,48.38,714,100.28,51.9,3333,0.214,0.602,0.081,0.1151,15,0.427,1751,0.937,1,947,36.95,1,947,36.95,1,947,36.95,1,947,36.95,0.2551,51.28,14,572326
100.0,0,-1,confirm,1.0,17.69,1.69,68.97,1564,51.29,8.84,2277,0.687,1.601,0.117,0.0122,16,0.2257,1693,0.8541,1,760,28.3,1,760,28.3,1,2118,38.91,1,1061,-1.77,0.4087,99.8,15,575659
100.0,0,1,confirm,1.0,-85.04,-101.04,16.83,270,101.87,85.04,450,0.6,0.976,0.13,0.0228,16,0.06,219,0.7392,1,253,10.63,0,-1,,0,-1,,0,-1,,0.644,51.64,16,577936
100.0,0,-1,fallback,1.0,-45.56,-61.56,4.47,19,50.03,45.56,80,0.237,2.234,0.141,0.2766,16,0.2874,5,0.386,0,-1,,0,-1,,0,-1,,0,-1,,0.648,101.7,16,578386
100.0,0,1,confirm,1.0,152.08,136.08,204.55,3201,52.47,8.89,3838,0.834,1.047,0.118,-0.1075,17,0.479,1294,0.8862,1,602,11.56,1,1633,71.15,1,1633,71.15,1,1633,71.15,0.3791,50.05,16,578466
100.0,0,-1,confirm,1.0,-1.75,-17.75,49.06,1134,50.81,6.13,2015,0.563,2.922,0.129,0.0118,18,0.4187,194,0.9438,1,759,19.27,1,759,19.27,1,759,19.27,1,784,18.4,0.7327,51.42,17,582304
100.0,0,1,confirm,1.0,-59.56,-75.56,40.29,89,99.85,59.56,13060,0.007,1.16,0.164,0.057,18,0.5599,4265,0.9985,1,2286,-30.66,1,2286,-30.66,1,2286,-30.66,1,3348,-24.52,0.5545,51.06,18,584319
100.0,0,-1,confirm,1.0,-42.29,-58.29,7.93,494,50.22,42.29,1418,0.348,1.273,0.057,0.0888,22,0.4139,1358,0.9897,1,299,-7.05,1,299,-7.05,0,-1,,1,299,-7.05,0.3713,99.45,21,597379
100.0,0,1,confirm,1.0,-85.99,-101.99,14.92,795,100.9,85.99,8465,0.094,0.482,0.095,-0.3119,22,0.6217,6074,0.9883,1,151,0.0,1,151,0.0,1,151,0.0,1,336,1.75,0.7459,50.26,22,598797
100.0,0,-1,fallback,1.0,-26.55,-42.55,23.9,185,50.45,26.55,739,0.25,1.28,0.176,0.2095,0,0.298,7,0.7507,0,-1,,0,-1,,0,-1,,0,-1,,0.5054,100.75,0,607262
100.0,0,1,confirm,1.0,-61.79,-77.79,39.72,294,101.51,61.79,4721,0.062,0.717,0.209,0.0943,0,0.577,3914,0.953,1,361,24.72,1,361,24.72,1,2124,1.77,1,820,11.47,0.3598,50.57,0,608001
100.0,0,-1,fallback,1.0,42.63,26.63,92.37,2505,49.74,8.88,3187,0.786,0.588,0.09,-0.1053,2,0.1863,3064,0.8157,1,1464,58.62,1,1464,58.62,0,-1,,1,1465,58.62,0.2349,101.11,2,612722
100.0,0,1,confirm,1.0,-75.82,-91.82,24.08,1456,99.9,75.82,7854,0.185,2.57,0.238,0.6045,3,0.6194,1478,0.9849,1,555,-11.6,1,555,-11.6,1,555,-11.6,1,652,-2.68,0.0393,50.2,3,615909
100.0,0,-1,confirm,1.0,1.8,-14.2,52.13,4762,50.33,26.96,4923,0.967,0.612,0.126,-0.0275,6,0.3255,1971,0.8027,1,52,-5.39,1,52,-5.39,1,2436,-3.6,1,52,-5.39,0.8091,99.66,5,623763
100.0,0,1,confirm,1.0,16.18,0.18,66.52,3625,50.34,12.59,5027,0.721,1.122,0.097,0.3717,7,0.6386,4105,0.9711,1,756,-8.99,1,756,-8.99,1,756,-8.99,1,756,-8.99,0.2941,50.6,6,628686
100.0,0,-1,confirm,1.0,64.62,48.62,114.88,4734,50.26,14.36,5125,0.924,1.6,0.19,0.3296,9,0.5002,4756,0.9049,1,1277,6.28,1,1277,6.28,1,1277,6.28,1,2746,72.7,0.8716,50.01,8,633713
100.0,0,1,confirm,1.0,60.52,44.52,115.63,11039,55.1,47.88,11082,0.996,4.475,0.276,0.039,12,0.3795,9966,0.9524,1,443,10.84,1,443,10.84,1,443,10.84,1,588,8.13,0.4427,50.84,9,638838
100.0,0,-1,confirm,1.0,-103.26,-119.26,-0.0,0,103.26,103.26,3537,0.0,1.168,0.146,-0.0574,12,0.3445,2413,0.8796,1,891,-59.26,1,891,-59.26,1,2827,-48.49,1,1276,-62.85,0.187,54.47,12,649920
100.0,0,1,fallback,1.0,56.88,40.88,108.43,847,51.55,21.33,1330,0.637,1.27,0.178,0.3534,13,0.4036,627,0.8227,1,1054,89.76,1,1054,89.76,1,1054,89.76,0,-1,,0.3442,103.26,13,653457
100.0,0,-1,confirm,1.0,54.79,38.79,104.28,1714,49.49,10.6,1861,0.921,0.897,0.153,0.0702,14,0.261,470,0.8139,1,161,3.53,1,1244,41.53,1,1244,41.53,1,1245,42.42,0.1555,50.99,13,654787
100.0,0,1,confirm,1.0,-17.77,-33.77,34.65,2362,52.43,64.87,2464,0.959,0.787,0.149,0.0781,15,0.1945,1396,0.848,1,280,-10.66,1,1624,-22.21,0,-1,,1,1624,-22.21,0.6501,50.01,14,656648
100.0,0,-1,confirm,1.0,-61.42,-77.42,43.62,380,105.04,61.42,2454,0.155,0.834,0.153,0.0323,15,0.2005,1112,0.7619,1,477,24.92,1,1188,-39.17,1,1188,-39.17,1,2041,-3.56,0.2036,52.24,15,659112
100.0,0,1,fallback,1.0,-48.66,-64.66,8.85,44,57.51,48.66,85,0.518,1.81,0.061,-0.0085,15,-0.0074,43,0.5352,0,-1,,0,-1,,0,-1,,0,-1,,0.5895,105.5,15,661566
100.0,0,-1,confirm,1.0,-0.89,-16.89,48.9,101,49.79,8.89,333,0.303,1.253,0.063,0.1973,15,0.2518,162,0.6731,0,-1,,0,-1,,0,-1,,0,-1,,0.2556,57.46,15,661651
100.0,0,1,confirm,1.0,25.78,9.78,76.45,101,50.67,8.89,351,0.288,1.901,0.05,-0.0585,15,-0.0102,272,0.4603,0,-1,,0,-1,,0,-1,,0,-1,,0.0084,50.03,15,661984
100.0,0,-1,confirm,1.0,47.88,31.88,99.31,1999,51.43,17.73,2165,0.923,2.252,0.145,0.0806,16,0.2033,371,0.9367,1,450,-15.07,1,450,-15.07,1,450,-15.07,1,996,28.37,0.0022,50.29,15,662335
100.0,0,1,confirm,1.0,-99.79,-115.79,0.0,0,99.79,99.79,768,0.0,0.589,0.031,-0.0291,16,0.1591,439,0.8971,1,487,-41.87,1,487,-41.87,0,-1,,1,607,-63.26,0.3611,51.94,16,664500
100.0,0,-1,confirm,1.0,-26.1,-42.1,25.2,172,51.3,26.1,392,0.439,1.188,0.178,0.1921,16,0.2067,36,0.6051,0,-1,,0,-1,,0,-1,,0,-1,,0.5183,99.79,16,665268
100.0,0,1,confirm,1.0,-61.93,-77.93,39.49,593,101.43,61.93,2274,0.261,0.798,0.125,0.0582,17,0.3907,1711,0.8752,1,832,5.39,1,832,5.39,1,2082,-27.83,1,916,5.39,0.1576,51.43,16,665660
100.0,0,-1,fallback,1.0,-20.77,-36.77,29.8,622,50.58,27.1,973,0.639,1.535,0.096,0.1679,17,0.2354,43,0.8634,1,841,9.93,1,841,9.93,1,841,9.93,1,852,9.93,0.011,101.03,17,667934
100.0,0,1,confirm,1.0,-79.32,-95.32,20.73,90,100.05,79.32,3380,0.027,0.429,0.099,0.2348,17,0.4599,2585,0.9298,1,117,-10.82,1,117,-10.82,1,117,-10.82,1,117,-10.82,0.6022,50.73,17,668907
100.0,0,-1,confirm,1.0,-36.34,-52.34,13.63,360,49.97,39.07,537,0.67,1.942,0.089,-0.1191,18,0.2168,95,0.7303,1,98,6.36,1,98,6.36,1,98,6.36,1,98,6.36,0.272,99.84,18,672287
100.0,0,1,confirm,1.0,-77.85,-93.85,25.35,222,103.2,77.85,3378,0.066,0.185,0.148,-0.1546,18,0.3123,488,0.9403,1,161,-4.53,1,161,-4.53,1,161,-4.53,1,161,-4.53,0.2051,50.04,18,672824
100.0,0,-1,fallback,1.0,-41.97,-57.97,11.86,1173,53.83,41.97,1355,0.866,1.943,0.095,0.0394,20,0.1725,597,0.6916,1,1208,-8.21,1,1208,-8.21,0,-1,,0,-1,,0.0364,102.93,19,676202
100.0,0,1,confirm,1.0,-74.5,-90.5,28.16,613,102.66,74.5,3449,0.178,3.597,0.07,0.0291,20,0.3119,1733,0.9515,1,450,-18.17,1,450,-18.17,1,2067,-25.44,1,600,15.44,0.0416,53.89,20,677557
100.0,0,-1,fallback,1.0,-39.36,-55.36,10.98,865,50.34,39.36,2288,0.378,1.534,0.023,0.0161,21,0.4831,1793,0.9094,1,24,-1.83,1,792,-20.14,1,792,-20.14,1,940,-1.83,0.2031,102.37,21,681006
100.0,0,1,confirm,1.0,158.64,142.64,209.7,14359,51.06,68.38,15514,0.926,0.396,0.261,0.0664,1,0.5294,13944,0.9727,1,63,-7.29,1,63,-7.29,1,3544,3.65,1,119,-32.82,0.2764,50.4,21,683294
100.0,0,-1,confirm,1.0,29.62,13.62,81.67,2456,52.06,6.28,3023,0.812,1.215,0.097,0.2399,2,0.4277,2830,0.9949,1,631,11.67,1,631,11.67,1,631,11.67,0,-1,,0.0706,50.01,2,698808
100.0,0,1,confirm,1.0,55.81,39.81,107.12,3655,51.31,45.91,4092,0.893,0.847,0.209,0.152,3,0.2142,2302,0.9878,1,1368,-35.11,1,1368,-35.11,1,2788,19.8,1,1368,-35.11,0.4612,52.48,2,701831
100.0,0,-1,confirm,1.0,-53.71,-69.71,47.44,12880,101.15,53.71,15815,0.814,1.837,0.273,0.1804,7,0.5758,1945,0.9913,1,1345,-5.37,1,1345,-5.37,1,1345,-5.37,1,1345,-5.37,0.2491,50.77,4,705923
100.0,0,1,fallback,1.0,-46.3,-62.3,5.34,63,51.64,46.3,2800,0.022,0.527,0.196,0.2962,8,0.4579,1208,0.9359,1,228,-2.67,1,228,-2.67,1,228,-2.67,1,261,-0.89,0.2068,101.64,8,721738
100.0,0,-1,confirm,1.0,16.1,0.1,79.61,11824,63.51,69.77,12540,0.943,0.799,0.055,0.2044,12,0.7545,321,0.9861,1,442,3.58,1,442,3.58,1,442,3.58,1,462,2.68,0.0064,51.62,9,724538
100.0,0,1,confirm,1.0,-12.54,-28.54,38.53,3948,51.07,72.57,4936,0.8,2.882,0.153,0.1777,13,0.525,0,0.8958,1,501,-10.75,1,501,-10.75,1,501,-10.75,1,600,-18.82,0.2609,64.02,12,737078
100.0,0,-1,confirm,1.0,16.15,0.15,66.39,3559,50.24,35.88,3673,0.969,1.256,0.153,0.3221,15,0.3401,3565,0.8747,1,321,15.25,1,983,8.97,1,983,8.97,1,1204,5.38,0.3913,50.87,14,742014
100.0,0,1,confirm,1.0,-54.81,-70.81,46.72,1745,101.54,54.81,4638,0.376,0.4,0.067,-0.43,15,0.2945,2664,0.8895,1,1360,4.49,1,1360,4.49,1,1360,4.49,1,1414,-3.59,0.7005,50.57,15,745687
100.0,0,-1,fallback,1.0,-47.89,-63.89,2.71,396,50.6,47.89,648,0.611,0.869,0.105,-0.0884,16,0.2793,0,0.8082,1,385,-11.75,1,385,-11.75,1,385,-11.75,1,387,-9.94,0.0689,101.06,16,750325
100.0,0,1,confirm,1.0,226.6,210.6,278.75,4423,52.15,69.24,4656,0.95,3.488,0.152,0.045,17,0.2435,25,0.894,1,200,-13.49,1,200,-13.49,1,200,-13.49,1,492,-23.38,0.2201,50.61,16,750973
100.0,0,-1,confirm,1.0,-72.1,-88.1,29.9,904,102.0,72.1,1339,0.675,0.331,0.048,0.1248,18,0.2027,366,0.8943,1,1285,-40.45,1,1285,-40.45,1,1285,-40.45,1,1333,-69.46,0.1273,50.74,17,755629
100.0,0,1,fallback,1.0,-47.14,-63.14,4.36,49,51.51,47.14,149,0.329,4.111,0.164,0.3053,18,0.3123,29,0.5826,0,-1,,0,-1,,0,-1,,0,-1,,0.4146,102.3,18,756968
100.0,0,-1,confirm,1.0,-3.51,-19.51,51.75,3018,55.26,17.54,3223,0.936,0.809,0.157,0.1807,19,0.3059,3027,0.9728,1,815,34.21,1,815,34.21,1,815,34.21,1,1642,8.77,0.5288,51.48,18,757117
100.0,0,1,confirm,1.0,30.69,14.69,83.3,1119,52.61,33.32,1973,0.567,5.119,0.176,0.1702,19,0.3583,545,0.8789,1,1063,9.64,1,1063,9.64,1,1063,9.64,1,1929,44.72,0.4504,55.55,19,760340
100.0,0,-1,confirm,1.0,53.32,37.32,104.02,3438,50.7,11.36,4809,0.715,0.693,0.101,-0.3918,20,0.5298,1,0.9814,1,591,13.11,1,591,13.11,1,591,13.11,1,837,13.99,0.3059,52.17,19,762313
100.0,0,1,confirm,1.0,26.36,10.36,77.34,5152,50.97,5.27,6118,0.842,3.797,0.123,0.3408,22,0.5137,206,0.9891,1,1241,23.73,1,1241,23.73,1,1241,23.73,1,1301,14.06,0.7457,51.23,21,767122
100.0,0,-1,confirm,1.0,-62.23,-78.23,40.32,9652,102.55,62.23,12160,0.794,2.493,0.193,0.4653,1,0.5577,10221,0.9819,1,183,-14.02,1,183,-14.02,1,1671,-0.88,1,611,-24.54,0.4607,50.58,22,773240
100.0,0,1,fallback,1.0,-35.71,-51.71,16.55,39,52.26,35.71,1029,0.038,2.968,0.4,0.4636,2,0.492,12,0.8271,1,458,-27.87,1,458,-27.87,1,458,-27.87,1,556,-27.0,0.4288,102.97,2,785400
100.0,0,-1,confirm,1.0,92.67,76.67,142.49,15102,49.83,61.19,16768,0.901,0.646,0.185,0.1894,6,0.6697,2089,0.9944,1,683,-24.48,1,683,-24.48,1,683,-24.48,1,1035,-31.47,0.1899,52.18,2,786429
100.0,0,1,confirm,1.0,111.18,95.18,163.24,8864,52.06,22.06,11091,0.799,0.57,0.189,-0.118,9,0.5129,9947,0.9828,1,1204,-4.41,1,1204,-4.41,1,1328,-7.94,1,1470,-5.29,0.5549,50.55,7,803197
100.0,0,-1,confirm,1.0,121.3,105.3,171.04,12696,49.74,6.98,13739,0.924,1.896,0.096,0.1034,13,0.5064,6694,0.9882,1,593,10.47,1,2286,13.09,1,2286,13.09,1,2478,19.2,0.0369,51.22,10,814288
100.0,0,1,confirm,1.0,59.19,43.19,111.31,2276,52.12,6.18,2598,0.876,0.894,0.116,0.1241,14,0.2644,2176,0.7775,1,884,22.08,1,884,22.08,0,-1,,1,1115,9.72,0.2096,50.61,14,828027
100.0,0,-1,confirm,1.0,-95.72,-111.72,7.9,7,103.63,95.72,588,0.012,1.027,0.026,-0.0468,14,0.1285,387,0.8471,1,536,-45.67,1,536,-45.67,0,-1,,1,541,-68.5,0.4113,51.55,14,830625
100.0,0,1,fallback,1.0,-22.62,-38.62,27.84,531,50.45,22.62,611,0.869,0.642,0.146,0.1177,15,0.246,93,0.8768,0,-1,,0,-1,,0,-1,,0,-1,,0.5751,103.71,14,831213
100.0,0,-1,confirm,1.0,115.95,99.95,181.34,3558,65.39,93.29,4160,0.855,1.106,0.188,-0.1815,16,0.2422,2518,0.9367,1,269,-35.75,1,269,-35.75,1,2402,59.29,1,3192,149.08,0.1457,50.31,15,831824
100.0,0,1,confirm,1.0,-6.17,-22.17,44.1,3182,50.28,37.93,3610,0.881,2.061,0.192,-0.0782,17,0.3888,5,0.9343,1,2153,6.17,1,2153,6.17,1,2153,6.17,1,2252,6.17,0.0287,66.6,16,835984
100.0,0,-1,confirm,1.0,-62.67,-78.67,43.25,3293,105.91,62.67,30538,0.108,7.891,0.14,0.7503,18,0.7503,3293,0.9982,1,2092,7.94,1,3854,19.42,1,3854,19.42,1,3867,26.48,0.6565,50.06,17,839594
100.0,0,1,fallback,1.0,-43.86,-59.86,7.02,21,50.87,43.86,2611,0.008,6.804,0.173,0.3526,1,0.5309,0,0.9232,1,599,-5.26,1,599,-5.26,1,599,-5.26,1,599,-5.26,0.9132,106.37,1,870132
100.0,0,-1,confirm,1.0,-59.91,-75.91,45.81,12374,105.72,59.91,18163,0.681,2.303,0.211,0.1498,5,0.6852,9105,0.9951,1,116,-4.4,1,1941,8.81,1,1941,8.81,1,1941,8.81,0.5361,50.84,2,872743
100.0,0,1,fallback,1.0,111.22,95.22,166.39,29463,55.17,12.26,30752,0.958,3.585,0.215,0.3473,15,0.5725,17908,0.9967,1,473,-3.5,1,473,-3.5,1,473,-3.5,1,473,-3.5,0.9155,106.2,7,890906
100.0,0,-1,confirm,1.0,51.1,35.1,102.2,6932,51.1,6.93,13667,0.507,1.531,0.233,0.4931,17,0.7543,11282,0.9991,1,865,26.85,1,865,26.85,1,865,26.85,1,1202,32.91,0.8747,54.27,16,921658
100.0,0,1,confirm,1.0,16.54,0.54,67.03,6815,50.49,30.47,8210,0.83,6.051,0.378,0.3617,21,0.5823,4607,0.9996,1,333,-2.61,1,333,-2.61,1,333,-2.61,1,343,-2.61,0.5858,51.63,19,935325
100.0,0,-1,confirm,1.0,2.61,-13.39,53.02,26902,50.41,51.28,28741,0.936,3.543,0.181,0.3941,5,0.7096,21929,0.9976,1,1230,-0.87,1,1230,-0.87,1,1230,-0.87,1,1231,-2.61,0.5061,50.16,22,943535
100.0,0,1,confirm,1.0,-71.29,-87.29,28.69,1576,99.97,71.29,11624,0.136,2.454,0.1,-0.3336,6,0.5849,11237,0.9989,1,1125,6.95,1,1125,6.95,1,1125,6.95,1,1125,6.95,0.8261,50.68,6,972276
100.0,0,-1,confirm,1.0,-42.9,-58.9,7.88,48,50.78,42.9,1267,0.038,5.429,0.171,0.1866,9,0.2422,5,0.9629,1,590,-11.38,1,590,-11.38,1,590,-11.38,1,601,-11.38,0.4186,99.69,9,983900
100.0,0,1,confirm,1.0,-81.95,-97.95,18.31,137,100.26,81.95,10692,0.013,4.084,0.246,0.1016,9,0.5892,7270,0.9917,1,119,-0.87,1,119,-0.87,1,119,-0.87,1,1277,8.72,0.2218,50.82,9,985167
100.0,0,-1,fallback,1.0,43.95,27.95,94.06,7092,50.11,18.46,8547,0.83,1.443,0.226,0.2986,14,0.5498,4319,0.9901,1,520,-17.58,1,520,-17.58,1,520,-17.58,1,600,-4.4,0.012,100.08,12,995859
100.0,0,1,confirm,1.0,8.83,-7.17,59.16,5097,50.33,-0.0,10277,0.496,3.259,0.185,0.2599,16,0.617,5303,0.9809,1,168,7.06,1,168,7.06,1,168,7.06,1,178,4.41,0.2029,50.58,15,1004406
100.0,0,-1,confirm,1.0,-75.86,-91.86,25.58,4529,101.45,75.86,12246,0.37,2.35,0.154,0.2076,19,0.7284,4083,0.9908,1,1282,-12.35,1,1282,-12.35,1,1282,-12.35,1,1513,-14.11,0.9314,50.03,17,1014683
100.0,0,1,fallback,1.0,135.7,119.7,189.11,637,53.41,-0.0,737,0.864,1.852,0.159,0.1192,21,0.3032,16,0.6874,1,676,155.84,1,676,155.84,1,676,155.84,1,735,138.33,0.3477,101.71,21,1026929
100.0,0,-1,confirm,1.0,-69.97,-85.97,32.82,106,102.79,69.97,673,0.158,0.652,0.003,0.1485,21,0.2647,524,0.5453,1,598,-37.14,1,598,-37.14,1,598,-37.14,0,-1,,0.4083,52.41,21,1027666
100.0,0,1,fallback,1.0,32.6,16.6,84.06,694,51.47,3.43,1195,0.581,1.201,0.123,0.3704,21,0.4699,1126,0.9826,0,-1,,0,-1,,0,-1,,0,-1,,0.0232,103.13,21,1028339
100.0,0,-1,confirm,1.0,7.69,-8.31,59.85,618,52.15,27.36,784,0.788,1.068,0.072,0.1531,22,0.3151,775,0.696,0,-1,,0,-1,,0,-1,,0,-1,,0.2754,51.04,21,1029534
100.0,0,1,confirm,1.0,11.12,-4.88,62.46,723,51.34,4.28,887,0.815,1.012,0.078,0.1575,22,0.241,632,0.8781,0,-1,,0,-1,,0,-1,,0,-1,,0.398,52.47,22,1030318
100.0,0,-1,confirm,1.0,-83.76,-99.76,18.8,51,102.56,83.76,3638,0.014,0.729,0.052,-0.0901,22,0.2113,373,0.8751,1,474,-33.33,1,474,-33.33,1,474,-33.33,1,519,-52.14,0.3866,51.02,22,1031205
100.0,0,1,fallback,1.0,22.89,6.89,73.74,2855,50.86,18.65,3324,0.859,1.439,0.107,0.0825,0,0.4345,1339,0.7782,1,239,2.54,1,239,2.54,1,1929,61.03,1,2016,47.47,0.0579,102.76,23,1034843
100.0,0,-1,confirm,1.0,-61.73,-77.73,39.75,4103,101.48,61.73,4998,0.821,0.693,0.098,0.0828,1,0.396,1008,0.9824,1,2459,5.92,1,2459,5.92,1,2459,5.92,1,3121,-6.77,0.3294,50.48,0,1038167
100.0,0,1,fallback,1.0,-37.82,-53.82,15.13,32,52.95,37.82,480,0.067,1.905,0.282,0.2822,1,0.3831,5,0.6525,1,104,0.84,1,104,0.84,1,104,0.84,0,-1,,0.1891,101.88,1,1043165
100.0,0,-1,confirm,1.0,-62.43,-78.43,40.5,446,102.93,62.43,1326,0.336,0.83,0.204,-0.2047,2,-0.0079,24,0.3951,0,-1,,0,-1,,0,-1,,0,-1,,0.0535,52.87,1,1043645
100.0,0,1,fallback,1.0,-43.6,-59.6,6.71,138,50.31,43.6,829,0.166,1.567,0.172,0.1591,2,0.3748,2,0.8342,1,592,-27.67,1,592,-27.67,1,592,-27.67,0,-1,,0.1297,103.35,2,1044971
100.0,0,-1,confirm,1.0,0.84,-15.16,51.37,1695,50.53,5.89,2590,0.654,0.965,0.04,-0.2176,2,0.1634,294,0.6821,1,479,1.68,1,479,1.68,0,-1,,1,787,10.95,0.2565,50.27,2,1045800
100.0,0,1,confirm,1.0,-68.22,-84.22,32.0,2034,100.22,68.22,17294,0.118,1.505,0.157,0.164,3,0.5768,3893,0.9933,1,1501,-7.58,1,1501,-7.58,1,1501,-7.58,1,3124,-15.16,0.3636,50.79,3,1048390
100.0,0,-1,confirm,1.0,-48.33,-64.33,1.7,1274,50.03,48.33,4620,0.276,0.277,0.074,-0.0613,8,0.4079,0,0.9775,1,802,-18.66,1,802,-18.66,1,802,-18.66,1,838,-22.89,0.0006,99.9,8,1065684
100.0,0,1,confirm,1.0,309.7,293.7,362.03,7719,52.32,49.79,7850,0.983,1.444,0.174,0.1807,11,0.5444,5776,0.9765,1,600,10.97,1,600,10.97,1,6622,189.03,1,914,-6.75,0.5147,50.04,9,1070304
100.0,0,-1,confirm,1.0,-63.03,-79.03,37.65,460,100.68,63.03,1300,0.354,0.559,0.107,0.1659,11,0.2846,750,0.7674,1,1177,-27.83,1,1177,-27.83,1,1177,-27.83,0,-1,,0.2843,50.49,11,1078154
100.0,0,1,fallback,1.0,-18.71,-34.71,31.72,346,50.43,18.71,709,0.488,0.372,0.157,0.1452,11,0.1992,194,0.4937,1,615,16.27,1,615,16.27,0,-1,,1,644,1.63,0.2206,101.06,11,1079454
100.0,0,-1,confirm,1.0,-96.98,-112.98,4.07,944,101.05,96.98,2107,0.448,1.034,0.092,-0.043,12,0.2109,73,0.7881,1,330,-48.08,1,330,-48.08,1,330,-48.08,1,559,-46.45,0.0289,50.27,12,1080163
100.0,0,1,fallback,1.0,19.37,3.37,76.67,335,57.3,4.04,714,0.469,2.586,0.157,0.0614,12,0.1214,293,0.5806,0,-1,,0,-1,,0,-1,,0,-1,,0.0089,101.09,12,1082270
100.0,0,-1,confirm,1.0,4.03,-11.97,59.61,977,55.58,16.92,1613,0.606,1.057,0.062,-0.155,13,0.1097,179,0.7263,1,359,7.25,1,359,7.25,0,-1,,1,633,11.28,0.0132,56.87,12,1082984
100.0,0,1,confirm,1.0,11.28,-4.72,64.47,273,53.19,14.51,599,0.456,1.757,0.16,0.2378,13,0.3117,356,0.8085,0,-1,,0,-1,,0,-1,,0,-1,,0.1875,55.92,13,1084597
100.0,0,-1,confirm,1.0,10.46,-5.54,63.59,2159,53.13,57.96,3966,0.544,1.156,0.132,0.1828,14,0.238,1690,0.8433,1,725,-14.49,1,725,-14.49,0,-1,,0,-1,,0.1493,52.85,13,1085196
100.0,0,1,confirm,1.0,142.63,126.63,199.84,3264,57.21,28.2,3461,0.943,1.012,0.252,0.2621,15,0.2998,3144,0.8811,1,54,-0.81,1,669,25.79,1,669,25.79,1,708,8.06,0.0668,53.47,14,1089162
100.0,0,-1,confirm,1.0,7.94,-8.06,58.0,233,50.05,25.42,341,0.683,0.54,0.057,-0.0461,15,0.053,339,0.3888,0,-1,,0,-1,,0,-1,,0,-1,,0.3155,56.09,15,1092623
100.0,0,1,confirm,1.0,42.94,26.94,93.82,596,50.89,0.8,963,0.619,0.744,0.135,0.348,15,0.3739,406,0.8816,0,-1,,0,-1,,0,-1,,0,-1,,0.1337,50.34,15,1092964
100.0,0,-1,confirm,1.0,-63.34,-79.34,38.79,826,102.13,63.34,1291,0.64,1.44,0.087,0.3947,16,0.4313,1070,0.7903,0,-1,,0,-1,,0,-1,,0,-1,,0.2021,50.41,15,1093927
100.0,0,1,fallback,1.0,120.37,104.37,173.87,1109,53.5,40.12,1168,0.949,0.852,0.148,0.1316,16,0.2922,686,0.6559,0,-1,,0,-1,,0,-1,,0,-1,,0.762,102.53,16,1095218
100.0,0,-1,confirm,1.0,26.43,10.43,76.96,330,50.53,16.32,508,0.65,1.209,0.091,0.0128,16,0.1894,507,0.5716,0,-1,,0,-1,,0,-1,,0,-1,,0.0668,52.58,16,1096386
100.0,0,1,confirm,1.0,-57.68,-73.68,46.77,82,104.44,57.68,1293,0.063,0.475,0.011,-0.1546,16,-0.0127,1102,0.6184,0,-1,,0,-1,,0,-1,,0,-1,,0.4523,50.92,16,1096894
100.0,0,-1,fallback,1.0,-33.71,-49.71,16.46,106,50.17,33.71,620,0.171,1.391,0.099,0.386,17,0.4098,44,0.6372,0,-1,,0,-1,,0,-1,,0,-1,,0.0217,103.96,17,1098187
100.0,0,1,confirm,1.0,7.03,-8.97,59.38,206,52.35,3.13,395,0.522,1.998,0.106,-0.0538,17,0.0548,86,0.7034,1,102,20.31,0,-1,,0,-1,,0,-1,,0.2807,50.26,17,1098807
100.0,0,-1,confirm,1.0,38.26,22.26,89.79,798,51.53,28.89,1045,0.764,1.59,0.129,0.3841,17,0.3852,800,0.8919,0,-1,,0,-1,,0,-1,,0,-1,,0.087,52.04,17,1099202
100.0,0,1,confirm,1.0,21.95,5.95,72.89,2420,50.94,7.05,3046,0.794,0.569,0.039,-0.1507,18,0.083,743,0.7152,1,797,37.62,0,-1,,0,-1,,0,-1,,0.5924,52.0,17,1100247
100.0,0,-1,confirm,1.0,-67.26,-83.26,33.63,151,100.88,67.26,1217,0.124,1.264,0.167,0.2436,18,0.2533,155,0.774,1,342,-32.06,1,342,-32.06,1,342,-32.06,0,-1,,0.5256,50.58,18,1103293
100.0,0,1,fallback,1.0,-42.73,-58.73,10.88,95,53.6,42.73,637,0.149,1.583,0.119,-0.0191,18,0.0574,180,0.6479,1,204,-0.78,0,-1,,0,-1,,0,-1,,0.0809,101.22,18,1104510
100.0,0,-1,confirm,1.0,28.09,12.09,80.36,1354,52.27,76.45,1620,0.836,1.269,0.19,0.2321,19,0.2499,1580,0.8487,0,-1,,0,-1,,0,-1,,0,-1,,0.0851,53.54,18,1105147
100.0,0,1,confirm,1.0,-62.59,-78.59,37.55,1148,100.14,62.59,1497,0.767,1.204,0.16,-0.0004,19,0.1282,878,0.6317,1,985,-5.48,1,985,-5.48,0,-1,,1,1461,-57.11,0.4162,52.69,19,1106767
100.0,0,-1,confirm,1.0,-30.7,-46.7,24.41,440,55.11,30.7,521,0.845,1.015,0.106,0.1489,19,0.26,11,0.7601,0,-1,,0,-1,,0,-1,,0,-1,,0.1315,99.77,19,1108264
100.0,0,1,confirm,1.0,-69.07,-85.07,31.39,209,100.46,69.07,3141,0.067,0.571,0.086,-0.1272,20,0.2011,620,0.8275,1,727,18.05,1,727,18.05,1,727,18.05,1,1124,4.71,0.1693,55.24,19,1108785
100.0,0,-1,fallback,1.0,82.19,66.19,131.98,4148,49.79,15.02,4594,0.903,1.784,0.053,0.2566,22,0.3733,4466,0.9616,1,798,71.13,1,798,71.13,1,3934,121.71,1,1343,66.39,0.6192,100.15,20,1111926
100.0,0,1,confirm,1.0,-94.83,-110.83,4.78,48,99.61,94.83,1112,0.043,0.184,0.255,-0.2685,22,0.11,784,0.8289,1,698,-41.44,1,842,-40.64,0,-1,,1,980,-53.39,0.5569,50.46,22,1116520
100.0,0,-1,confirm,1.0,-21.72,-37.72,30.57,348,52.29,21.72,683,0.51,0.942,0.167,0.3106,22,0.3443,280,0.731,0,-1,,0,-1,,0,-1,,0,-1,,0.2042,99.56,22,1117632
100.0,0,1,confirm,1.0,-89.11,-105.11,12.84,10,101.95,89.11,3513,0.003,0.608,0.067,-0.2842,22,0.1863,3383,0.7819,1,3508,-83.49,1,3508,-83.49,0,-1,,1,3511,-85.09,0.2966,52.45,22,1118315
100.0,0,-1,fallback,1.0,-46.17,-62.17,4.05,5,50.22,46.17,1962,0.003,1.552,0.071,0.1414,23,0.2474,15,0.9003,1,258,-3.24,1,258,-3.24,1,258,-3.24,1,329,-7.29,0.503,101.82,23,1121828
100.0,0,1,confirm,1.0,-78.21,-94.21,21.77,384,99.98,78.21,6185,0.062,1.506,0.119,0.0895,0,0.407,4478,0.9259,1,64,1.61,1,64,1.61,1,200,-3.23,1,2452,-27.41,0.8985,50.24,0,1123790
100.0,0,-1,confirm,1.0,84.51,68.51,134.08,2185,49.57,0.81,4694,0.465,1.381,0.236,0.0096,2,0.3011,1294,0.939,1,745,30.88,1,745,30.88,1,745,30.88,1,772,27.63,0.3533,99.76,1,1129975
100.0,0,1,confirm,1.0,26.23,10.23,77.04,3261,50.81,31.96,4794,0.68,5.67,0.144,0.5227,4,0.5847,3270,0.9962,1,476,-13.93,1,476,-13.93,1,476,-13.93,1,577,-24.59,0.0065,50.24,3,1134669
100.0,0,-1,confirm,1.0,-80.92,-96.92,20.43,1043,101.36,80.92,7579,0.138,3.104,0.143,0.2567,4,0.4509,83,0.9757,1,417,-5.72,1,417,-5.72,1,417,-5.72,1,565,-0.0,0.684,50.42,4,1139463
100.0,0,1,fallback,1.0,-4.86,-20.86,45.41,1887,50.27,4.86,2231,0.846,0.716,0.103,0.0376,7,0.3379,781,0.9967,1,167,10.54,1,167,10.54,1,167,10.54,0,-1,,0.0162,101.56,6,1147042
100.0,0,-1,confirm,1.0,-81.93,-97.93,20.28,514,102.21,81.93,5295,0.097,0.657,0.145,-0.1023,7,0.1472,5095,0.9435,1,355,10.55,1,5198,-73.82,0,-1,,0,-1,,0.6209,50.04,7,1149273
100.0,0,1,fallback,1.0,23.33,7.33,74.83,731,51.5,7.24,1092,0.669,0.592,0.216,-0.0341,8,0.097,46,0.6079,1,10,-3.22,0,-1,,0,-1,,0,-1,,0.1441,102.42,8,1154568
100.0,0,-1,confirm,1.0,19.27,3.27,70.64,2293,51.38,17.66,6275,0.365,0.654,0.074,-0.1834,9,0.3832,3695,0.9443,1,507,-0.8,1,507,-0.8,1,2041,44.15,1,510,-0.8,0.5099,51.11,9,1155660
100.0,0,1,confirm,1.0,50.67,34.67,101.34,6499,50.67,71.58,6901,0.942,2.413,0.19,0.1446,12,0.4517,5430,0.93,1,115,-6.43,1,1868,-19.3,1,6659,69.98,1,1922,-23.33,0.0441,51.74,10,1161935
100.0,0,-1,confirm,1.0,102.43,86.43,152.05,1867,49.62,0.0,2081,0.897,1.757,0.27,-0.1383,13,0.3382,1683,0.8864,1,169,12.8,1,169,12.8,1,1217,38.41,1,1805,125.64,0.0818,50.16,12,1168836
100.0,0,1,confirm,1.0,-89.75,-105.75,10.51,96,100.26,89.75,2237,0.043,0.274,0.066,0.1517,13,0.2513,289,0.7129,1,324,-3.23,1,324,-3.23,1,324,-3.23,1,324,-3.23,0.4019,50.38,13,1170917
100.0,0,-1,fallback,1.0,110.96,94.96,166.44,2460,55.48,37.53,2559,0.961,1.116,0.116,0.0876,14,0.3088,1778,0.7723,1,905,-8.97,1,905,-8.97,1,905,-8.97,1,983,-14.69,0.3142,100.15,13,1173154
100.0,0,1,confirm,1.0,-5.78,-21.78,45.38,3644,51.15,32.18,4146,0.879,1.96,0.075,0.2176,15,0.3685,1156,0.9006,1,2698,8.25,1,2698,8.25,1,2698,8.25,1,3020,13.2,0.3232,56.42,14,1175713
100.0,0,-1,confirm,1.0,-68.52,-84.52,34.67,159,103.19,68.52,5561,0.029,1.085,0.186,0.4949,15,0.5955,2964,0.9645,1,665,-14.03,1,665,-14.03,1,665,-14.03,1,692,-22.29,0.5245,50.92,15,1179859
100.0,0,1,fallback,1.0,-37.71,-53.71,13.12,65,50.83,37.71,788,0.082,1.496,0.129,0.176,17,0.2188,117,0.7602,1,600,-21.32,1,600,-21.32,1,600,-21.32,1,614,-21.32,0.3119,103.55,17,1185420
100.0,0,-1,confirm,1.0,-88.88,-104.88,27.16,597,116.04,88.88,1935,0.309,0.535,0.083,-0.2393,17,0.3061,129,0.7849,1,384,5.76,1,384,5.76,1,384,5.76,1,419,7.41,0.529,50.77,17,1186208
100.0,0,1,fallback,1.0,-8.97,-24.97,41.6,760,50.58,8.97,1229,0.618,1.18,0.072,0.0871,18,0.2383,3,0.9017,1,90,39.97,1,90,39.97,1,90,39.97,1,90,39.97,0.2302,116.36,18,1188143
100.0,0,-1,confirm,1.0,12.25,-3.75,62.05,3266,49.8,42.46,4075,0.801,0.53,0.079,-0.0462,19,0.4358,188,0.9608,1,608,-21.23,1,608,-21.23,1,608,-21.23,1,1108,-7.35,0.8317,50.37,18,1189372
100.0,0,1,confirm,1.0,-79.29,-95.29,20.44,5942,99.73,79.29,18017,0.33,1.997,0.112,-0.1279,21,0.5574,4294,0.9959,1,50,2.45,1,50,2.45,1,4154,-18.8,1,589,-12.26,0.5169,50.12,19,1193447
100.0,0,-1,confirm,1.0,-6.59,-22.59,43.67,3095,50.26,40.38,4180,0.74,1.891,0.192,0.2167,1,0.2874,1363,0.9202,1,358,-18.13,1,358,-18.13,1,358,-18.13,1,500,-18.95,0.2155,99.53,0,1211464
100.0,0,1,confirm,1.0,61.76,45.76,112.81,2593,51.05,4.94,3207,0.809,1.803,0.171,0.051,2,0.3338,88,0.9787,1,619,36.23,1,619,36.23,1,619,36.23,1,2351,63.41,0.4645,50.48,1,1215644
100.0,0,-1,confirm,1.0,24.55,8.55,74.47,3098,49.92,1.64,7115,0.435,0.3,0.074,-0.2841,3,0.0912,377,0.9698,1,549,27.83,0,-1,,0,-1,,0,-1,,0.4511,50.48,2,1218851
100.0,0,1,confirm,1.0,-69.74,-85.74,31.18,1956,100.91,69.74,7139,0.274,2.099,0.232,0.1158,5,0.5099,3466,0.9854,1,1122,-5.74,1,1122,-5.74,1,1122,-5.74,1,1415,-5.74,0.4305,50.3,4,1225966
100.0,0,-1,fallback,1.0,-40.48,-56.48,9.91,2010,50.4,40.48,2634,0.763,1.727,0.138,0.3725,7,0.4074,1759,0.9507,1,262,-19.0,1,262,-19.0,1,2359,-27.26,1,538,-2.48,0.819,100.6,6,1233105
100.0,0,1,confirm,1.0,-93.8,-109.8,5.76,22,99.56,93.8,3586,0.006,1.305,0.166,0.01,7,0.3667,908,0.9109,1,26,1.65,1,26,1.65,1,2392,-78.17,1,3264,-65.83,0.729,50.45,7,1235739
100.0,0,-1,confirm,1.0,78.91,62.91,129.58,11378,50.67,7.48,12387,0.919,0.861,0.066,-0.1097,11,0.4599,7131,0.9611,1,681,0.83,1,681,0.83,1,681,0.83,1,693,-3.32,0.406,99.51,8,1239325
100.0,0,1,confirm,1.0,54.42,38.42,106.33,6955,51.91,42.7,8223,0.846,1.932,0.17,-0.1631,13,0.755,5540,0.9906,1,478,-10.88,1,478,-10.88,1,478,-10.88,1,548,-9.21,0.6606,51.33,11,1251712
100.0,0,-1,confirm,1.0,49.13,33.13,99.09,2931,49.96,26.65,3084,0.95,8.169,0.15,0.412,14,0.414,2928,0.8965,1,302,-10.83,1,302,-10.83,1,302,-10.83,1,729,9.99,0.0277,51.36,13,1259935
100.0,0,1,confirm,1.0,198.33,182.33,251.05,5919,52.72,13.39,6135,0.965,3.244,0.194,0.0336,16,0.4034,4098,0.9267,1,747,11.72,1,747,11.72,1,747,11.72,1,749,11.72,0.4832,50.46,14,1263019
100.0,0,-1,confirm,1.0,29.54,13.54,81.23,2144,51.69,8.21,3662,0.585,3.313,0.147,0.2637,17,0.6231,2677,0.961,1,3136,53.34,1,3136,53.34,1,3136,53.34,1,3145,51.69,0.1077,51.43,16,1269154
100.0,0,1,confirm,1.0,-69.95,-85.95,33.74,1294,103.7,69.95,1620,0.799,1.031,0.205,0.1501,17,0.642,14,0.9694,1,199,-14.81,1,199,-14.81,1,199,-14.81,1,387,-12.34,0.734,52.12,17,1272816
100.0,0,-1,fallback,1.0,-26.52,-42.52,32.32,27,58.84,26.52,85,0.318,7.042,0.135,0.2391,18,0.2554,21,0.3909,0,-1,,0,-1,,0,-1,,0,-1,,0.6328,103.35,18,1274436
100.0,0,1,confirm,1.0,-99.19,-115.19,0.0,0,99.19,99.19,210,0.0,1.276,0.05,-0.2175,18,-0.2175,0,0.1102,0,-1,,0,-1,,0,-1,,0,-1,,0.3409,59.03,18,1274521
100.0,0,-1,confirm,1.0,-15.03,-31.03,36.73,24,51.76,15.03,57,0.421,1.232,0.199,0.2757,18,0.2812,20,0.46,0,-1,,0,-1,,0,-1,,0,-1,,0.0985,99.19,18,1274731
100.0,0,1,confirm,1.0,25.01,9.01,75.86,223,50.85,2.5,668,0.334,0.629,0.032,-0.1967,18,0.1909,608,0.5656,0,-1,,0,-1,,0,-1,,0,-1,,0.3604,51.95,18,1274788
100.0,0,-1,confirm,1.0,-73.17,-89.17,29.94,1022,103.11,73.17,1279,0.799,0.509,0.033,0.0779,18,0.1786,846,0.8174,1,246,-27.44,1,246,-27.44,0,-1,,0,-1,,0.4824,50.47,18,1275456
100.0,0,1,fallback,1.0,15.68,-0.32,66.86,823,51.18,14.03,1066,0.772,0.867,0.067,0.2157,18,0.2692,525,0.6634,1,889,47.05,1,889,47.05,1,889,47.05,0,-1,,0.1326,103.42,18,1276735
100.0,0,-1,confirm,1.0,46.16,30.16,96.43,831,50.28,3.3,1010,0.823,1.689,0.128,0.1521,19,0.2461,879,0.7379,1,209,27.2,1,209,27.2,0,-1,,0,-1,,0.3877,50.84,18,1277801
100.0,0,1,confirm,1.0,-81.15,-97.15,18.22,42,99.36,81.15,285,0.147,1.26,0.037,-0.1845,19,-0.0837,75,0.3495,0,-1,,0,-1,,0,-1,,0,-1,,0.6782,50.77,19,1278811
100.0,0,-1,confirm,1.0,22.54,6.54,75.97,160,53.43,0.0,216,0.741,2.332,0.175,0.006,19,0.1793,4,0.203,1,161,75.13,1,161,75.13,0,-1,,1,168,51.76,0.067,99.18,19,1279096
100.0,0,1,confirm,1.0,-79.48,-95.48,21.75,33,101.24,79.48,420,0.079,1.428,0.051,0.1581,19,0.1768,22,0.7915,0,-1,,0,-1,,0,-1,,0,-1,,0.0768,53.84,19,1279312
100.0,0,-1,fallback,1.0,-20.24,-36.24,31.21,25,51.45,20.24,79,0.316,2.797,0.112,-0.0544,19,-0.0478,50,0.2527,0,-1,,0,-1,,0,-1,,0,-1,,0.3848,101.02,19,1279732
100.0,0,1,confirm,1.0,-79.12,-95.12,22.73,83,101.84,79.12,795,0.104,1.013,0.02,0.0344,19,0.197,665,0.7218,1,122,-10.94,0,-1,,0,-1,,0,-1,,0.2449,51.61,19,1279811
100.0,0,-1,fallback,1.0,-41.57,-57.57,9.33,17,50.9,41.57,408,0.042,1.304,0.078,-0.0306,19,-0.0063,51,0.3717,0,-1,,0,-1,,0,-1,,0,-1,,0.3923,101.61,19,1280606
100.0,0,1,confirm,1.0,9.29,-6.71,62.52,2914,53.23,43.09,3151,0.925,2.704,0.227,-0.177,20,0.2538,1252,0.9476,1,483,-29.57,1,483,-29.57,1,1858,-10.14,1,652,-40.55,0.0967,50.95,19,1281014
100.0,0,-1,confirm,1.0,59.93,43.93,110.58,4874,50.65,54.02,5021,0.971,7.422,0.242,-0.0757,22,0.5091,2041,0.9777,1,585,-18.57,1,585,-18.57,1,585,-18.57,1,673,-15.19,0.0062,52.9,20,1284165
100.0,0,1,confirm,1.0,73.03,57.03,123.98,11055,50.95,1.7,13482,0.82,2.568,0.155,0.1205,1,0.4813,7455,0.9929,1,1174,69.63,1,1174,69.63,1,1174,69.63,1,1328,80.67,0.0546,51.21,22,1289186
100.0,0,-1,confirm,1.0,146.69,130.69,196.43,11817,49.74,41.31,15139,0.781,1.61,0.186,-0.0693,5,0.6306,5774,0.9967,1,778,-37.09,1,778,-37.09,1,778,-37.09,1,778,-37.09,0.4073,50.33,1,1302668
100.0,0,1,confirm,1.0,65.88,49.88,117.21,12998,51.33,41.92,14379,0.904,0.8,0.199,0.0713,9,0.6387,8963,0.9955,1,780,-19.68,1,780,-19.68,1,780,-19.68,1,821,-31.66,0.4997,50.74,6,1317807
100.0,0,-1,confirm,1.0,77.35,61.35,127.5,5992,50.15,11.9,8262,0.725,2.341,0.188,-0.0701,11,0.4821,7917,0.9657,1,790,28.05,1,790,28.05,1,790,28.05,1,913,44.2,0.8804,50.74,10,1332186
100.0,0,1,confirm,1.0,-63.39,-79.39,41.12,3938,104.51,63.39,4640,0.849,0.58,0.11,0.3897,13,0.4062,3959,0.9564,1,1407,11.14,1,1407,11.14,1,2861,8.57,1,4360,-6.85,0.03,50.8,12,1340448
100.0,0,-1,fallback,1.0,-15.52,-31.52,35.34,581,50.86,15.52,684,0.849,0.407,0.096,0.0706,13,0.3201,0,0.6779,1,583,31.03,1,583,31.03,1,583,31.03,0,-1,,0.6572,104.08,13,1345088
100.0,0,1,confirm,1.0,15.49,-0.51,69.72,2075,54.23,43.04,2287,0.907,2.373,0.165,0.0726,14,0.1291,2087,0.7728,1,619,-13.77,0,-1,,0,-1,,0,-1,,0.1054,51.04,13,1345772
100.0,0,-1,confirm,1.0,73.91,57.91,123.75,3087,49.85,20.63,3160,0.977,1.175,0.191,0.368,15,0.4598,3024,0.9398,1,253,12.03,1,551,20.63,0,-1,,1,592,2.58,0.1654,53.85,14,1348059
100.0,0,1,confirm,1.0,-96.97,-112.97,3.46,20,100.43,96.97,1034,0.019,0.994,0.062,-0.2377,15,0.2109,1000,0.582,0,-1,,0,-1,,0,-1,,0,-1,,0.2207,50.47,15,1351219
100.0,0,-1,fallback,1.0,40.22,24.22,92.67,997,52.46,15.74,1047,0.952,1.63,0.057,0.0773,15,0.3789,218,0.7466,1,783,54.21,1,783,54.21,1,783,54.21,1,1047,40.22,0.0226,100.4,15,1352253
100.0,0,1,confirm,1.0,-1.76,-17.76,49.16,768,50.91,25.46,1423,0.54,0.217,0.124,-0.0949,16,0.1579,147,0.7345,1,585,19.31,1,585,19.31,0,-1,,1,600,25.46,0.0829,52.95,15,1353300
100.0,0,-1,confirm,1.0,-20.19,-36.19,29.85,10798,50.04,87.8,11718,0.921,2.721,0.07,0.3165,19,0.631,7860,0.9645,1,649,-39.51,1,649,-39.51,1,649,-39.51,1,2415,-79.02,0.1346,50.66,16,1354723
100.0,0,1,confirm,1.0,67.47,51.47,118.29,3655,50.82,14.02,5901,0.619,0.55,0.184,-0.3574,20,0.0181,3238,0.8648,0,-1,,0,-1,,0,-1,,0,-1,,0.5268,50.19,19,1366441
100.0,0,-1,confirm,1.0,9.57,-6.43,60.05,3949,50.48,3.48,4507,0.876,1.876,0.128,0.486,22,0.7282,2433,0.9946,0,-1,,0,-1,,0,-1,,0,-1,,0.316,50.23,21,1372342
100.0,0,1,confirm,1.0,-57.5,-73.5,44.43,12976,101.93,57.5,17263,0.752,2.064,0.153,0.4376,2,0.6925,11827,0.9997,1,8165,13.07,1,8165,13.07,1,8165,13.07,1,8356,6.1,0.582,50.78,22,1376849
100.0,0,-1,fallback,1.0,-9.64,-25.64,40.3,241,49.94,9.64,398,0.606,0.623,0.227,0.0657,3,0.341,1,0.5737,0,-1,,0,-1,,0,-1,,0,-1,,0.5688,101.47,3,1394112
100.0,0,1,confirm,1.0,-68.28,-84.28,33.26,323,101.54,68.28,2388,0.135,0.667,0.141,-0.0114,3,0.2232,2209,0.9237,1,242,14.01,1,242,14.01,1,2350,-41.14,1,732,3.5,0.1336,50.15,3,1394510
100.0,0,-1,fallback,1.0,-36.14,-52.14,14.1,181,50.24,36.14,559,0.324,0.687,0.203,0.2105,4,0.3177,396,0.705,0,-1,,0,-1,,0,-1,,0,-1,,0.0467,101.2,4,1396898
100.0,0,1,confirm,1.0,-85.18,-101.18,14.93,432,100.11,85.18,1359,0.318,0.734,0.144,0.2182,4,0.269,487,0.8915,1,255,-10.54,1,596,-32.49,1,596,-32.49,1,787,-36.88,0.1451,50.31,4,1397457
100.0,0,-1,fallback,1.0,-22.14,-38.14,29.23,1362,51.37,22.14,1976,0.689,1.129,0.1,0.1349,4,0.1977,35,0.8012,1,617,-0.0,1,617,-0.0,0,-1,,1,622,-1.77,0.8611,99.96,4,1398816
100.0,0,1,confirm,1.0,-59.21,-75.21,40.65,3522,99.87,59.21,9023,0.39,3.023,0.183,0.0489,6,0.5978,4770,0.9918,1,543,-11.49,1,543,-11.49,1,543,-11.49,1,600,-11.49,0.3016,51.52,5,1400792
100.0,0,-1,confirm,1.0,-21.34,-37.34,30.23,98,51.56,21.34,1642,0.06,2.402,0.16,0.1086,7,0.2343,18,0.7332,1,172,10.67,1,172,10.67,1,172,10.67,1,833,10.67,0.0956,99.46,7,1409815
100.0,0,1,confirm,1.0,-66.54,-82.54,34.6,2085,101.14,66.54,16996,0.123,0.819,0.189,0.2194,8,0.5768,12772,0.998,1,362,-23.07,1,362,-23.07,1,362,-23.07,1,362,-23.07,0.1063,51.72,8,1411457
100.0,0,-1,fallback,1.0,-50.01,-66.01,0.89,1,50.91,50.01,227,0.004,4.652,0.121,0.1701,12,0.2871,161,0.6929,0,-1,,0,-1,,0,-1,,0,-1,,0.209,100.79,12,1428453
100.0,0,1,confirm,1.0,113.75,97.75,165.29,3308,51.54,-0.0,4204,0.787,4.682,0.285,0.0388,13,0.3109,845,0.9254,1,1449,47.99,1,1449,47.99,1,1449,47.99,1,1696,37.32,0.3651,50.91,12,1428680
100.0,0,-1,confirm,1.0,32.51,16.51,82.59,11035,50.08,29.87,11775,0.937,1.251,0.101,0.3203,17,0.6276,1070,0.9689,1,177,-12.3,1,177,-12.3,1,177,-12.3,1,205,-7.91,0.0721,50.7,14,1432884
100.0,0,1,confirm,1.0,-60.83,-76.83,38.79,1873,99.61,60.83,10981,0.171,2.381,0.066,0.2396,17,0.6571,9197,0.9886,1,574,-22.04,1,574,-22.04,1,574,-22.04,1,663,-16.75,0.7558,50.5,17,1444659
100.0,0,-1,confirm,1.0,-101.11,-117.11,-0.0,0,101.11,101.11,13645,0.0,6.579,0.277,0.5814,20,0.644,12486,0.9866,1,571,-43.46,1,571,-43.46,1,571,-43.46,1,579,-43.46,0.6588,99.23,20,1455640
100.0,0,1,fallback,1.0,-16.68,-32.68,34.24,1613,50.93,16.68,3572,0.452,1.514,0.151,0.22,0,0.4763,1312,0.9628,1,569,-10.54,1,569,-10.54,1,569,-10.54,1,678,-11.41,0.94,101.11,0,1469285
100.0,0,-1,confirm,1.0,-97.63,-113.63,7.92,4243,105.54,97.63,14554,0.292,1.508,0.292,0.1566,2,0.5137,8828,0.9955,1,614,-16.71,1,614,-16.71,1,614,-16.71,1,1794,-42.22,0.4262,50.75,1,1472857
100.0,0,1,fallback,1.0,4.36,-11.64,54.87,228,50.52,-0.0,712,0.32,1.131,0.211,0.2538,5,0.324,609,0.9142,0,-1,,0,-1,,0,-1,,0,-1,,0.6802,105.62,5,1487411
100.0,0,-1,confirm,1.0,69.65,53.65,125.37,31813,55.72,38.31,33813,0.941,0.592,0.201,0.1437,14,0.7716,26819,0.996,1,334,-13.93,1,1877,16.54,1,1877,16.54,1,1949,6.09,0.1326,50.24,5,1488123
100.0,0,1,confirm,1.0,45.59,29.59,96.44,59,50.85,1.75,487,0.121,7.607,0.386,0.1763,14,0.2856,35,0.7158,0,-1,,0,-1,,0,-1,,0,-1,,0.7673,56.43,14,1521936
100.0,0,-1,confirm,1.0,6.98,-9.02,57.6,9758,50.62,82.04,11360,0.859,1.987,0.155,0.2991,17,0.6586,8218,0.9962,1,1030,-6.11,1,1030,-6.11,1,3020,-13.96,1,1030,-6.11,0.2764,50.36,14,1522423
100.0,0,1,confirm,1.0,41.05,25.05,91.7,16274,50.66,46.29,20718,0.786,1.946,0.149,0.2056,22,0.5999,1398,0.9988,1,332,-13.97,1,332,-13.97,1,332,-13.97,1,525,-8.73,0.5881,50.91,18,1533783
100.0,0,-1,confirm,1.0,6.96,-9.04,57.41,21894,50.45,23.48,27801,0.788,1.4,0.233,0.6907,5,0.7742,9141,0.9967,1,42,-3.48,1,42,-3.48,1,1609,7.83,1,109,-13.05,0.7622,50.19,23,1554501
100.0,0,1,confirm,1.0,-10.44,-26.44,40.04,10384,50.48,66.15,12837,0.809,3.067,0.124,-0.0528,10,0.7576,7288,0.9942,1,557,-8.7,1,557,-8.7,1,557,-8.7,1,557,-8.7,0.8796,50.74,7,1582302
100.0,0,-1,confirm,1.0,13.94,-2.06,66.22,4384,52.28,18.3,7818,0.561,0.746,0.148,0.3397,12,0.4759,865,0.9925,1,374,-18.3,1,374,-18.3,1,610,-11.33,1,386,-18.3,0.8024,50.28,11,1595139
100.0,0,1,confirm,1.0,-2.62,-18.62,47.99,8048,50.61,39.26,11647,0.691,1.066,0.119,0.2216,15,0.4019,8884,0.9974,1,600,-19.2,1,600,-19.2,1,600,-19.2,1,1000,-27.05,0.5387,52.63,13,1602957
100.0,0,-1,confirm,1.0,4.36,-11.64,59.35,5612,54.98,12.22,7302,0.769,0.744,0.25,0.4631,18,0.7519,270,0.9939,1,887,13.96,1,887,13.96,1,887,13.96,1,1053,10.47,0.1677,50.36,16,1614604
100.0,0,1,confirm,1.0,-74.22,-90.22,25.32,1834,99.54,74.22,8239,0.223,4.024,0.306,0.3889,19,0.6494,7196,0.996,1,75,-1.75,1,609,3.49,1,609,3.49,1,721,-1.75,0.3212,55.31,18,1621906
100.0,0,-1,confirm,1.0,65.97,49.97,120.51,1253,54.54,28.15,1263,0.992,9.58,0.441,-0.0606,21,0.3772,939,0.9793,1,1250,93.24,1,1250,93.24,1,1250,93.24,1,1259,79.17,0.4249,99.29,20,1630145
100.0,0,1,confirm,1.0,19.48,3.48,69.95,2293,50.47,32.76,3731,0.615,0.21,0.125,-0.1089,21,0.2425,1121,0.9714,1,590,11.51,1,590,11.51,1,1389,41.62,1,657,23.91,0.0667,55.2,21,1631408
100.0,0,-1,confirm,1.0,18.56,2.56,68.94,5105,50.38,30.05,6867,0.743,0.848,0.144,0.4013,23,0.5733,6116,0.9261,1,81,-17.68,1,81,-17.68,1,2317,6.19,1,226,-20.33,0.7977,50.12,22,1635139
100.0,0,1,confirm,1.0,61.98,45.98,113.33,3382,51.35,21.25,3929,0.861,1.512,0.193,-0.1428,1,0.2763,192,0.9534,1,542,-2.66,1,542,-2.66,1,542,-2.66,1,584,3.54,0.5904,50.73,0,1642006
100.0,0,-1,confirm,1.0,-83.6,-99.6,19.36,111,102.96,83.6,698,0.159,0.789,0.215,-0.1015,1,-0.0009,44,0.6338,0,-1,,0,-1,,0,-1,,0,-1,,0.4235,50.78,1,1645935
100.0,0,1,fallback,1.0,3.49,-12.51,54.11,205,50.62,20.07,457,0.449,4.033,0.194,0.0078,1,0.1349,6,0.7726,1,241,35.78,1,241,35.78,0,-1,,0,-1,,0.2785,103.16,1,1646633
100.0,0,-1,confirm,1.0,88.98,72.98,138.71,5423,49.73,2.62,6330,0.857,4.791,0.328,0.096,3,0.1462,2645,0.9828,1,1234,13.09,1,1234,13.09,0,-1,,1,1281,13.96,0.0406,50.34,1,1647090
100.0,0,1,confirm,1.0,-19.36,-35.36,31.69,15279,51.05,68.66,17272,0.885,2.673,0.079,0.3267,7,0.6271,9440,0.9994,1,1673,-22.89,1,1673,-22.89,1,1673,-22.89,1,2008,-34.33,0.1912,50.42,3,1653420
100.0,0,-1,confirm,1.0,-87.31,-103.31,14.99,2070,102.3,87.31,10874,0.19,0.702,0.122,0.0115,8,0.6716,10112,0.9927,1,1667,-10.58,1,1667,-10.58,1,5535,7.06,1,2146,5.29,0.6501,50.89,8,1670692
100.0,0,1,fallback,1.0,83.93,67.93,134.64,6733,50.71,26.23,7266,0.927,1.399,0.174,0.013,12,0.4696,2717,0.9377,1,72,-2.62,1,2418,26.23,1,2418,26.23,1,3978,35.85,0.336,102.46,11,1681566
100.0,0,-1,confirm,1.0,59.82,43.82,110.11,5479,50.29,91.04,6980,0.785,1.505,0.164,-0.0241,14,0.7345,1261,0.9917,1,278,-25.14,1,278,-25.14,1,278,-25.14,1,278,-25.14,0.1915,50.03,13,1688832
100.0,0,1,confirm,1.0,-86.35,-102.35,13.08,1791,99.43,86.35,6145,0.291,3.745,0.104,0.058,15,0.4979,752,0.9565,1,968,-15.7,1,968,-15.7,1,968,-15.7,1,1040,-18.32,0.0693,50.85,15,1695812
100.0,0,-1,confirm,1.0,-17.6,-33.6,32.55,2688,50.15,33.43,3975,0.676,3.354,0.16,0.1032,17,0.3462,2181,0.8938,1,1357,-16.72,1,1357,-16.72,1,2751,23.76,1,1421,-19.36,0.4191,99.3,16,1701957
100.0,0,1,confirm,1.0,-54.45,-70.45,45.67,1482,100.12,54.45,3825,0.387,0.921,0.066,-0.1628,18,0.1856,3175,0.9778,1,186,8.78,1,3188,-0.88,0,-1,,1,3207,-7.9,0.0315,50.31,17,1705932
100.0,0,-1,confirm,1.0,-30.02,-46.02,21.19,3030,51.22,30.02,3979,0.761,3.625,0.24,0.1718,19,0.246,2981,0.9829,1,23,-0.88,1,23,-0.88,1,1316,1.77,1,66,-6.18,0.7594,99.67,18,1709757
100.0,0,1,confirm,1.0,-93.33,-109.33,14.97,91,108.29,93.33,8750,0.01,0.565,0.205,-0.1111,20,0.8087,6702,0.9927,1,515,-17.61,1,515,-17.61,1,2269,-22.89,1,600,-14.09,0.283,51.33,20,1713736
100.0,0,-1,fallback,1.0,-20.44,-36.44,30.22,620,50.66,20.44,1573,0.394,1.568,0.048,-0.1485,22,0.2494,1,0.8081,1,8,17.77,1,8,17.77,1,8,17.77,1,279,7.11,0.714,108.13,22,1722486
100.0,0,1,confirm,1.0,6.21,-9.79,56.76,7634,50.55,9.76,9749,0.783,2.686,0.156,0.2567,1,0.4604,8739,0.9938,1,55,0.0,1,55,0.0,1,55,0.0,1,181,-7.1,0.2291,50.81,22,1724059
100.0,0,-1,confirm,1.0,128.52,112.52,178.16,17137,49.64,21.27,17876,0.959,1.753,0.108,0.1978,6,0.5898,14668,0.9871,1,182,-7.09,1,182,-7.09,1,3479,-2.66,1,499,-0.0,0.7233,50.27,1,1733808
100.0,0,1,confirm,1.0,-73.63,-89.63,33.22,2762,106.85,73.63,6169,0.448,2.768,0.14,-0.0419,7,0.3482,375,0.9742,1,523,-10.77,1,523,-10.77,1,523,-10.77,1,595,-8.08,0.1585,50.54,6,1751684
100.0,0,-1,fallback,1.0,10.85,-5.15,64.22,412,53.37,15.38,497,0.829,2.108,0.131,0.342,8,0.3857,1,0.6886,0,-1,,0,-1,,0,-1,,0,-1,,0.093,106.5,8,1757853
100.0,0,1,confirm,1.0,-21.73,-37.73,28.98,5855,50.71,86.93,8387,0.698,0.899,0.149,-0.2973,10,0.3803,4069,0.9926,1,1530,-39.84,1,1530,-39.84,1,1530,-39.84,1,2091,-19.92,0.5741,53.71,8,1758350
100.0,0,-1,confirm,1.0,-2.72,-18.72,49.01,9934,51.73,75.32,9978,0.996,1.183,0.14,-0.1128,13,0.7642,24,0.9748,1,563,-9.08,1,563,-9.08,1,563,-9.08,1,1803,-43.56,0.6835,50.56,10,1766737
100.0,0,1,confirm,1.0,7.26,-8.74,58.07,2805,50.81,34.48,3287,0.853,1.339,0.129,0.1025,14,0.4775,1801,0.9105,1,862,-22.68,1,862,-22.68,1,862,-22.68,1,884,-31.75,0.2596,51.98,13,1776715
100.0,0,-1,confirm,1.0,45.33,29.33,95.19,4878,49.86,47.14,5482,0.89,3.108,0.12,0.2147,15,0.3379,4825,0.9343,1,509,-5.44,1,509,-5.44,1,2514,51.68,1,615,-29.92,0.4958,50.51,14,1780002
100.0,0,1,confirm,1.0,6.38,-9.62,57.38,1019,51.0,0.91,1454,0.701,0.994,0.123,0.2402,16,0.2901,574,0.9717,1,1441,10.02,1,1441,10.02,1,1441,10.02,0,-1,,0.0515,50.34,15,1785484
100.0,0,-1,confirm,1.0,-75.54,-91.54,25.48,6339,101.03,75.54,20681,0.307,0.389,0.103,-0.1964,18,0.5138,2710,0.9957,1,105,-3.64,1,629,-7.28,1,629,-7.28,1,709,-10.01,0.4802,50.71,16,1786938
100.0,0,1,fallback,1.0,-3.61,-19.61,46.97,570,50.59,3.61,988,0.577,1.659,0.341,0.6847,22,0.7585,405,0.962,0,-1,,0,-1,,0,-1,,0,-1,,0.2794,101.29,22,1807619
100.0,0,-1,confirm,1.0,18.07,2.07,67.78,17795,49.7,63.26,18515,0.961,4.487,0.263,0.4313,3,0.4956,2692,0.9968,1,545,-9.94,1,545,-9.94,1,4425,-18.07,1,545,-9.94,0.5888,50.35,22,1808607
100.0,0,1,confirm,1.0,-86.91,-102.91,13.58,342,100.49,86.91,3175,0.108,0.28,0.334,-0.2607,3,0.1788,1384,0.9583,1,52,-0.91,1,1531,-5.43,0,-1,,1,1568,-6.34,0.9811,50.04,3,1827122
100.0,0,-1,fallback,1.0,-52.97,-68.97,1.83,5,54.79,52.97,449,0.011,5.914,0.246,0.3874,4,0.3928,12,0.504,0,-1,,0,-1,,0,-1,,0,-1,,0.1519,100.35,4,1830297
100.0,0,1,confirm,1.0,4.54,-11.46,55.41,3897,50.87,9.99,8986,0.434,3.442,0.192,0.025,5,0.565,8664,0.9995,1,936,19.08,1,936,19.08,1,936,19.08,1,1051,22.71,0.405,54.8,4,1830746
100.0,0,-1,confirm,1.0,120.77,104.77,171.62,14808,50.85,20.88,16504,0.897,5.064,0.151,0.1229,11,0.5591,8711,0.9878,1,397,-0.0,1,2822,23.61,1,2822,23.61,1,3672,19.07,0.3018,50.59,7,1839732
100.0,0,1,confirm,1.0,77.21,61.21,128.68,739,51.47,-0.0,1070,0.691,4.528,0.399,0.1284,11,0.243,724,0.8734,1,91,1.84,1,91,1.84,1,765,112.13,0,-1,,0.5393,51.74,11,1856236
100.0,0,-1,confirm,1.0,141.37,125.37,190.62,5334,49.25,4.56,5450,0.979,1.017,0.133,0.1774,13,0.5296,3067,0.9116,1,384,28.27,1,384,28.27,1,384,28.27,1,2397,34.66,0.2342,50.82,11,1857306
100.0,0,1,confirm,1.0,10.18,-5.82,61.06,456,50.88,33.31,847,0.538,2.694,0.138,0.2033,13,0.2147,488,0.5853,0,-1,,0,-1,,0,-1,,0,-1,,0.1845,50.21,13,1862756
100.0,0,-1,confirm,1.0,11.09,-4.91,61.0,496,49.91,8.32,626,0.792,0.929,0.097,0.2877,13,0.3315,259,0.795,0,-1,,0,-1,,0,-1,,0,-1,,0.4525,50.57,13,1863603
100.0,0,1,confirm,1.0,-80.5,-96.5,19.43,66,99.93,80.5,4616,0.014,0.612,0.031,-0.2176,13,0.1678,3784,0.7872,1,1753,-48.11,1,1753,-48.11,0,-1,,1,1921,-28.68,0.573,50.21,13,1864229
100.0,0,-1,confirm,1.0,94.21,78.21,144.58,3064,50.37,12.13,3595,0.852,1.421,0.074,-0.0175,15,0.1371,2283,0.805,1,837,6.53,1,2107,90.48,0,-1,,1,2875,118.46,0.0213,99.73,15,1868845
100.0,0,1,confirm,1.0,3.77,-12.23,54.61,1008,50.85,22.6,1941,0.519,1.111,0.109,0.0179,16,0.3401,92,0.772,1,206,1.88,1,206,1.88,1,206,1.88,1,626,14.12,0.1909,51.11,16,1872440
100.0,0,-1,confirm,1.0,46.12,30.12,96.95,732,50.83,2.82,776,0.943,7.158,0.135,0.1465,16,0.4715,440,0.9424,0,-1,,0,-1,,0,-1,,0,-1,,0.0684,50.57,16,1874381
100.0,0,1,confirm,1.0,-74.7,-90.7,34.04,646,108.75,74.7,1950,0.331,0.608,0.046,-0.026,17,0.1229,838,0.6978,1,626,25.53,1,626,25.53,0,-1,,1,979,4.73,0.0846,51.33,16,1875157
100.0,0,-1,fallback,1.0,-50.5,-66.5,-0.0,0,50.5,50.5,116,0.0,2.86,0.129,0.2509,17,0.2611,59,0.8295,0,-1,,0,-1,,0,-1,,0,-1,,0.3664,108.38,17,1877107
100.0,0,1,confirm,1.0,-73.94,-89.94,26.54,77,100.48,73.94,1246,0.062,0.438,0.011,-0.218,17,0.0437,807,0.577,0,-1,,0,-1,,0,-1,,0,-1,,0.8295,50.5,17,1877223
100.0,0,-1,fallback,1.0,-42.98,-58.98,7.64,10,50.62,42.98,113,0.088,2.013,0.119,0.2379,17,0.2457,0,0.274,0,-1,,0,-1,,0,-1,,0,-1,,0.1253,100.22,17,1878469
100.0,0,1,confirm,1.0,130.28,114.28,181.63,2131,51.35,19.97,2671,0.798,0.726,0.171,-0.0315,18,0.2137,1782,0.8449,1,602,-2.85,1,1010,27.58,1,1010,27.58,1,1106,45.64,0.1014,50.65,17,1878582
100.0,0,-1,confirm,1.0,65.71,49.71,116.4,2460,50.69,11.26,3676,0.669,4.065,0.144,0.0022,19,0.161,144,0.8308,1,310,2.82,1,310,2.82,0,-1,,1,319,-0.0,0.5498,50.43,18,1881253
100.0,0,1,confirm,1.0,137.96,121.96,189.93,4484,51.97,35.91,5179,0.866,4.081,0.19,0.0735,20,0.3639,653,0.9668,1,872,-27.4,1,872,-27.4,1,872,-27.4,1,3927,134.18,0.2785,51.29,19,1884929
100.0,0,-1,confirm,1.0,2.8,-13.2,54.06,632,51.26,0.93,1636,0.386,0.788,0.155,0.5363,21,0.5531,623,0.9205,1,22,4.66,1,22,4.66,1,22,4.66,1,1226,20.51,0.0183,51.0,21,1890108
100.0,0,1,confirm,1.0,24.24,8.24,76.45,2031,52.21,18.65,2763,0.735,1.376,0.165,0.1927,22,0.4254,10,0.9684,1,190,-13.05,1,190,-13.05,1,190,-13.05,1,299,-15.85,0.5603,51.54,21,1891744
100.0,0,-1,confirm,1.0,-0.93,-16.93,49.29,3880,50.22,3.72,4269,0.909,1.322,0.027,0.377,23,0.6183,1407,0.9426,1,1709,24.18,1,1709,24.18,1,1709,24.18,1,1885,26.04,0.2952,51.81,22,1894507
100.0,0,1,confirm,1.0,84.63,68.63,135.78,24898,51.15,59.52,31257,0.797,0.883,0.134,-0.4683,6,0.603,13275,0.99,1,123,-13.02,1,123,-13.02,1,774,-2.79,1,1045,-12.09,0.9006,50.47,23,1898776
100.0,0,-1,confirm,1.0,106.97,90.97,158.61,15650,51.64,1.84,15787,0.991,2.118,0.097,0.2576,12,0.6519,8221,0.9921,1,1578,11.07,1,1578,11.07,1,1578,11.07,1,2915,3.69,0.2383,50.46,8,1930033
100.0,0,1,confirm,1.0,10.25,-5.75,61.52,8,51.27,-0.0,41,0.195,6.325,0.278,-0.0166,12,0.0571,2,0.5983,1,7,41.95,0,-1,,0,-1,,0,-1,,0.4762,52.47,12,1945820
100.0,0,-1,confirm,1.0,456.28,440.28,505.63,5023,49.35,33.52,5039,0.997,1.619,0.154,0.0399,13,0.3282,1522,0.9656,1,1009,-12.11,1,1009,-12.11,1,1009,-12.11,1,1057,-14.9,0.1175,50.95,12,1945861
100.0,0,1,confirm,1.0,-82.93,-98.93,17.56,6,100.5,82.93,44,0.136,1.419,0.127,-0.0337,13,-0.0322,2,0.0195,0,-1,,0,-1,,0,-1,,0,-1,,0.1075,51.98,13,1950900
100.0,0,-1,fallback,1.0,-52.14,-68.14,3.94,1,56.08,52.14,19,0.053,1.249,0.158,0.0349,13,0.0414,19,0.0499,0,-1,,0,-1,,0,-1,,0,-1,,0.022,100.32,13,1950944
100.0,0,1,confirm,1.0,-73.41,-89.41,27.41,21,100.81,73.41,127,0.165,1.326,0.105,-0.0589,13,-0.0243,124,0.2409,0,-1,,0,-1,,0,-1,,0,-1,,0.0,56.1,13,1950963
100.0,0,-1,fallback,1.0,-30.57,-46.57,19.72,69,50.29,32.54,112,0.616,0.663,0.12,0.0128,13,0.0288,1,0.0173,0,-1,,0,-1,,0,-1,,0,-1,,0.0362,100.54,13,1951090
100.0,0,1,confirm,1.0,81.59,65.59,132.7,197,51.12,-0.0,278,0.709,0.446,0.002,0.0429,14,0.0521,271,0.3046,0,-1,,0,-1,,0,-1,,0,-1,,0.1337,50.39,14,1951202
100.0,0,-1,confirm,1.0,-93.6,-109.6,7.8,8,101.4,93.6,198,0.04,0.539,0.017,-0.0417,14,0.0163,135,0.4971,0,-1,,0,-1,,0,-1,,0,-1,,0.1911,50.45,14,1951480
100.0,0,1,fallback,1.0,26.08,10.08,79.21,151,53.13,21.25,393,0.384,0.756,0.124,0.0014,14,0.0267,13,0.5587,0,-1,,0,-1,,0,-1,,0,-1,,0.4081,101.48,14,1951678
100.0,0,-1,confirm,1.0,41.43,25.43,93.46,149,52.03,9.63,173,0.861,0.984,0.015,-0.1207,14,0.0275,2,0.1606,0,-1,,0,-1,,0,-1,,0,-1,,0.4978,52.71,14,1952071
100.0,0,1,confirm,1.0,32.89,16.89,84.17,255,51.28,42.57,354,0.72,1.568,0.006,0.0302,14,0.1171,7,0.3616,1,130,-19.35,1,130,-19.35,0,-1,,0,-1,,0.113,52.52,14,1952244
100.0,0,-1,confirm,1.0,15.43,-0.57,65.57,526,50.14,13.5,562,0.936,1.067,0.088,-0.2158,14,-0.0364,29,0.0368,0,-1,,0,-1,,0,-1,,0,-1,,0.2532,50.85,14,1952598
100.0,0,1,confirm,1.0,82.09,66.09,134.25,60,52.15,11.59,88,0.682,4.518,0.093,0.2588,14,0.2749,17,0.4433,0,-1,,0,-1,,0,-1,,0,-1,,0.2985,50.48,14,1953160
100.0,0,-1,confirm,1.0,59.39,43.39,115.91,751,56.52,5.75,1053,0.713,0.675,0.08,-0.0563,14,-0.0021,912,0.5486,0,-1,,0,-1,,0,-1,,0,-1,,0.2166,51.46,14,1953248
100.0,0,1,confirm,1.0,-81.91,-97.91,18.31,14,100.22,81.91,697,0.02,1.054,0.033,0.0745,14,0.0821,25,0.5243,1,279,-11.56,0,-1,,0,-1,,0,-1,,0.0537,57.18,14,1954301
100.0,0,-1,fallback,1.0,-38.87,-54.87,12.63,5,51.5,38.87,117,0.043,1.911,0.145,0.1503,15,0.1537,18,0.0972,0,-1,,0,-1,,0,-1,,0,-1,,0.3068,100.04,15,1954998
100.0,0,1,confirm,1.0,-15.49,-31.49,34.84,1868,50.33,91.95,2175,0.859,1.953,0.065,-0.1088,15,0.136,1411,0.7014,1,1510,5.81,1,1510,5.81,0,-1,,1,1526,-4.84,0.1729,51.56,15,1955115
100.0,0,-1,confirm,1.0,-88.21,-104.21,20.36,140,108.57,88.21,1525,0.092,1.084,0.059,0.0891,15,0.1708,1520,0.797,1,265,-7.75,1,265,-7.75,0,-1,,1,679,-5.82,0.3264,50.15,15,1957290
100.0,0,1,fallback,1.0,-12.49,-28.49,38.44,247,50.93,24.98,340,0.726,1.541,0.117,0.0237,16,0.0275,251,0.64,0,-1,,0,-1,,0,-1,,0,-1,,0.2938,108.79,16,1958815
100.0,0,-1,confirm,1.0,73.12,57.12,123.15,1987,50.03,19.24,2866,0.693,0.458,0.198,-0.1726,16,0.3282,1337,0.876,1,1583,76.01,1,1583,76.01,1,1583,76.01,1,1583,76.01,0.3457,50.73,16,1959155
100.0,0,1,confirm,1.0,59.12,43.12,110.49,953,51.37,15.51,1187,0.803,0.8,0.282,0.2826,17,0.399,652,0.9252,0,-1,,0,-1,,0,-1,,0,-1,,0.089,50.65,17,1962021
100.0,0,-1,confirm,1.0,38.54,22.54,91.53,7420,52.99,96.35,8401,0.883,2.978,0.025,0.4271,19,0.4271,7420,0.9038,1,795,-39.5,1,795,-39.5,1,3518,-40.47,1,1086,-65.52,0.0683,50.81,17,1963208
100.0,0,1,confirm,1.0,9.67,-6.33,60.93,1273,51.26,32.89,3118,0.408,1.196,0.212,-0.2788,20,0.2996,912,0.9248,1,256,-6.77,1,256,-6.77,1,256,-6.77,1,1103,6.77,0.7906,53.48,19,1971609
100.0,0,-1,confirm,1.0,-70.54,-86.54,32.85,1098,103.39,70.54,3831,0.287,1.348,0.13,-0.0926,20,0.4344,82,0.943,1,467,7.73,1,467,7.73,1,467,7.73,1,507,11.6,0.3332,50.95,20,1974727
100.0,0,1,fallback,1.0,-31.66,-47.66,20.15,1628,51.81,38.38,2077,0.784,1.274,0.14,0.3107,22,0.3546,905,0.9693,1,203,-18.23,1,203,-18.23,1,203,-18.23,1,984,-13.43,0.7419,103.73,21,1978558
100.0,0,-1,confirm,1.0,-89.52,-105.52,15.4,3582,104.92,89.52,4713,0.76,2.195,0.242,0.2682,23,0.4305,2356,0.9817,1,456,-27.91,1,456,-27.91,1,703,-1.93,1,719,0.96,0.5647,51.71,22,1980635
100.0,0,1,fallback,1.0,-46.75,-62.75,3.82,171,50.56,46.75,1261,0.136,0.926,0.103,0.3071,23,0.3418,201,0.8049,1,453,-6.68,1,453,-6.68,1,453,-6.68,1,480,-9.54,0.8022,105.08,23,1985348
100.0,0,-1,confirm,1.0,211.83,195.83,262.63,8770,50.8,28.75,8856,0.99,1.37,0.176,0.0377,2,0.5937,6879,0.9805,1,536,-0.0,1,1065,-8.63,1,1065,-8.63,1,2891,3.83,0.7132,50.54,23,1986609
100.0,0,1,confirm,1.0,-35.25,-51.25,15.67,850,50.92,90.09,934,0.91,0.556,0.116,0.0806,2,0.115,368,0.5729,0,-1,,0,-1,,0,-1,,0,-1,,0.2383,52.17,2,1995465
100.0,0,-1,confirm,1.0,31.45,15.45,81.56,1800,50.12,57.0,1864,0.966,2.973,0.058,0.1481,3,0.1528,1862,0.6124,0,-1,,0,-1,,0,-1,,0,-1,,0.2145,50.84,2,1996399
100.0,0,1,confirm,1.0,26.62,10.62,78.86,456,52.25,12.82,1119,0.408,0.353,0.129,-0.1381,3,0.1531,729,0.6078,1,1028,49.29,1,1028,49.29,0,-1,,0,-1,,0.4032,50.53,3,1998263
100.0,0,-1,confirm,1.0,-99.3,-115.3,2.95,3,102.25,99.3,1354,0.002,0.582,0.11,0.0373,3,0.0947,211,0.8861,1,249,-34.41,0,-1,,0,-1,,0,-1,,0.1574,51.84,3,1999382
100.0,0,1,fallback,1.0,33.1,17.1,84.7,663,51.6,-0.0,1294,0.512,3.136,0.075,-0.0118,3,0.3168,46,0.9598,1,646,74.96,1,646,74.96,1,646,74.96,1,1228,48.68,0.7759,102.28,3,2000736
100.0,0,-1,confirm,1.0,-65.98,-81.98,35.9,3534,101.88,65.98,8127,0.435,0.42,0.031,0.0876,5,0.4496,7263,0.9771,1,593,-28.14,1,593,-28.14,1,593,-28.14,1,599,-32.02,0.0719,51.16,4,2002030
100.0,0,1,fallback,1.0,98.32,82.32,149.41,4673,51.09,19.28,6198,0.754,0.687,0.131,-0.1588,7,0.4944,85,0.895,1,685,-13.5,1,685,-13.5,1,685,-13.5,1,685,-13.5,0.6046,102.25,6,2010157
100.0,0,-1,confirm,1.0,127.91,111.91,177.55,6432,49.64,0.0,6591,0.976,3.236,0.189,0.4485,9,0.5458,6383,0.9365,1,1085,59.18,1,1085,59.18,1,1085,59.18,1,2311,88.77,0.0009,50.34,8,2016355
100.0,0,1,confirm,1.0,-100.56,-116.56,0.0,0,100.56,100.56,5609,0.0,0.458,0.032,-0.3901,9,0.5619,5107,0.9449,1,1948,-2.9,1,1948,-2.9,1,3716,-67.69,1,2480,-24.17,0.5027,50.53,9,2022946
100.0,0,-1,fallback,1.0,-11.72,-27.72,38.09,1460,49.81,30.28,2341,0.624,4.313,0.166,0.1742,11,0.3524,1603,0.9854,1,2059,10.74,1,2059,10.74,1,2059,10.74,1,2059,10.74,0.1085,100.56,11,2028555
100.0,0,1,confirm,1.0,35.12,19.12,86.83,1547,51.71,22.44,1761,0.878,3.482,0.166,-0.1138,12,-0.0169,1672,0.7596,0,-1,,0,-1,,0,-1,,0,-1,,0.5869,50.0,12,2030896
100.0,0,-1,confirm,1.0,59.3,43.3,113.75,385,54.44,0.0,489,0.787,2.151,0.255,0.2566,12,0.3066,353,0.8214,0,-1,,0,-1,,0,-1,,0,-1,,0.2157,51.26,12,2032657
100.0,0,1,confirm,1.0,-64.55,-80.55,36.19,57,100.73,64.55,1987,0.029,1.722,0.039,-0.0994,12,0.4535,1551,0.8865,1,490,5.87,0,-1,,0,-1,,0,-1,,0.0234,55.07,12,2033146
100.0,0,-1,fallback,1.0,-4.92,-20.92,45.28,38,50.2,4.92,86,0.442,4.322,0.104,0.0039,13,0.0173,37,0.2281,0,-1,,0,-1,,0,-1,,0,-1,,0.0562,100.37,13,2035133
100.0,0,1,confirm,1.0,5.9,-10.1,61.0,714,55.1,1.97,826,0.864,1.812,0.052,-0.0579,13,0.0707,5,0.7048,1,71,3.94,0,-1,,0,-1,,0,-1,,0.1679,50.43,13,2035219
100.0,0,-1,confirm,1.0,-100.29,-116.29,0.98,4,101.28,100.29,578,0.007,1.004,0.014,0.1334,13,0.1334,4,0.6122,1,254,-38.35,1,254,-38.35,0,-1,,0,-1,,0.0712,54.76,13,2036045
100.0,0,1,fallback,1.0,98.33,82.33,151.87,996,53.54,31.15,1102,0.904,2.654,0.19,0.0461,14,0.1868,702,0.8227,1,107,-23.36,1,861,82.75,0,-1,,0,-1,,0.1723,101.29,13,2036623
100.0,0,-1,confirm,1.0,-80.02,-96.02,21.21,95,101.22,80.02,1399,0.068,0.864,0.055,-0.0012,14,0.3755,927,0.6774,0,-1,,0,-1,,0,-1,,0,-1,,0.0464,52.74,14,2037725
100.0,0,1,fallback,1.0,-28.69,-44.69,22.0,209,50.69,28.69,458,0.456,0.808,0.09,-0.1649,14,-0.1399,150,0.2471,0,-1,,0,-1,,0,-1,,0,-1,,0.2899,101.44,14,2039124
100.0,0,-1,confirm,1.0,24.94,8.94,74.81,226,49.88,2.88,865,0.261,1.32,0.126,0.295,14,0.3868,764,0.657,0,-1,,0,-1,,0,-1,,0,-1,,0.1406,50.58,14,2039582
100.0,0,1,confirm,1.0,33.65,17.65,90.38,3372,56.73,48.08,3819,0.883,0.602,0.157,-0.0146,15,0.255,2254,0.9355,1,1556,-18.27,1,1556,-18.27,1,2749,19.23,1,2845,21.15,0.5309,50.25,14,2040447
100.0,0,-1,confirm,1.0,-69.96,-85.96,33.54,37,103.5,69.96,586,0.063,4.493,0.164,0.057,15,0.1699,179,0.5725,1,397,-15.33,1,397,-15.33,0,-1,,0,-1,,0.3103,56.22,15,2044266
100.0,0,1,fallback,1.0,-27.6,-43.6,26.65,8,54.24,27.6,85,0.094,3.037,0.1,0.0432,16,0.2268,34,0.3876,0,-1,,0,-1,,0,-1,,0,-1,,0.2864,103.85,16,2044852
100.0,0,-1,confirm,1.0,23.86,7.86,74.43,1166,50.58,24.81,1699,0.686,3.341,0.132,-0.0762,16,0.0466,1442,0.7256,0,-1,,0,-1,,0,-1,,0,-1,,0.1737,54.1,16,2044937
100.0,0,1,confirm,1.0,8.61,-7.39,60.26,294,51.65,-0.0,646,0.455,2.259,0.234,0.0188,16,0.1415,22,0.8278,1,56,3.83,1,56,3.83,0,-1,,1,102,1.91,0.0657,50.96,16,2046636
100.0,0,-1,confirm,1.0,15.29,-0.71,66.9,8609,51.61,47.79,8903,0.967,0.918,0.049,-0.0503,19,0.5312,6439,0.9195,1,104,-13.38,1,104,-13.38,1,3416,-3.82,1,377,-4.78,0.0086,51.35,16,2047282
100.0,0,1,confirm,1.0,26.8,10.8,85.19,2987,58.39,20.1,3013,0.991,2.05,0.198,0.1599,19,0.5891,688,0.9136,1,658,-15.32,1,658,-15.32,1,658,-15.32,1,1288,15.32,0.4345,51.96,19,2056185
100.0,0,-1,confirm,1.0,13.37,-2.63,63.96,4041,50.6,79.24,5544,0.729,1.317,0.177,0.0705,21,0.4773,4870,0.9357,1,821,-3.82,1,821,-3.82,1,1925,6.68,1,978,-6.68,0.1864,57.9,19,2059198
100.0,0,1,confirm,1.0,6.69,-9.31,59.27,9288,52.58,74.56,10734,0.865,2.595,0.194,0.2923,0,0.4847,4256,0.9972,1,814,7.65,1,814,7.65,1,814,7.65,1,960,-8.6,0.5599,50.92,21,2064742
100.0,0,-1,confirm,1.0,-77.38,-93.38,25.79,376,103.17,77.38,5903,0.064,0.609,0.195,0.2541,0,0.4433,289,0.9946,1,764,19.11,1,764,19.11,1,764,19.11,1,787,21.97,0.5959,52.27,0,2075476
100.0,0,1,fallback,1.0,62.57,46.57,114.7,923,52.14,7.58,1228,0.752,1.013,0.225,0.1325,2,0.5208,377,0.9168,0,-1,,0,-1,,0,-1,,0,-1,,0.1835,103.44,2,2081379
100.0,0,-1,confirm,1.0,30.15,14.15,80.08,10777,49.93,48.99,12633,0.853,3.659,0.221,0.297,5,0.4296,9083,0.9925,1,599,-38.62,1,1293,-22.61,1,3136,13.19,1,1328,-27.32,0.0237,51.55,2,2082607
100.0,0,1,confirm,1.0,131.34,115.34,182.37,36566,51.03,39.69,37144,0.984,3.889,0.095,0.4081,16,0.6228,10760,0.9863,1,804,-39.69,1,804,-39.69,1,804,-39.69,1,931,-31.18,0.6501,50.33,6,2095240
100.0,0,-1,confirm,1.0,133.37,117.37,182.8,11873,49.43,7.46,18661,0.636,2.737,0.074,0.4966,19,0.6962,14724,0.9986,1,573,-0.0,1,573,-0.0,1,573,-0.0,1,748,-3.73,0.6694,50.11,16,2132384
100.0,0,1,confirm,1.0,-99.25,-115.25,0.0,0,99.25,99.25,2748,0.0,0.971,0.147,0.0297,21,0.0322,10,0.7843,0,-1,,0,-1,,0,-1,,0,-1,,0.7074,50.35,21,2151045
100.0,0,-1,confirm,1.0,-33.42,-49.42,17.19,10,50.6,33.42,749,0.013,6.22,0.223,0.1927,22,0.2422,0,0.8543,1,530,-19.09,1,530,-19.09,1,530,-19.09,0,-1,,0.6057,99.25,22,2153793
100.0,0,1,confirm,1.0,-59.95,-75.95,43.77,2313,103.72,59.95,24973,0.093,1.198,0.116,0.0277,23,0.6236,22444,0.9902,1,109,1.9,1,109,1.9,1,109,1.9,1,137,3.81,0.0539,50.69,22,2154542
100.0,0,-1,fallback,1.0,-36.38,-52.38,18.19,323,54.57,36.38,1844,0.175,0.842,0.163,0.4147,5,0.4994,186,0.9834,1,739,-12.44,1,739,-12.44,1,739,-12.44,1,920,-12.44,0.0101,103.27,5,2179515
100.0,0,1,confirm,1.0,46.74,30.74,101.11,9846,54.37,61.05,11132,0.884,2.158,0.205,0.3502,8,0.7104,9638,0.9991,1,569,-7.63,1,569,-7.63,1,569,-7.63,1,569,-7.63,0.2707,54.67,5,2181359
100.0,0,-1,confirm,1.0,18.04,2.04,69.31,5059,51.27,18.04,7280,0.695,5.015,0.239,-0.1195,10,0.7283,237,0.999,1,726,-0.0,1,726,-0.0,1,726,-0.0,1,731,-0.95,0.4697,53.82,9,2192491
100.0,0,1,confirm,1.0,6.66,-9.34,57.07,11816,50.41,48.51,14330,0.825,4.803,0.255,-0.0159,14,0.3864,807,0.9873,1,53,-7.61,1,53,-7.61,1,934,-34.24,1,63,-9.51,0.0683,51.63,11,2199771
100.0,0,-1,confirm,1.0,21.86,5.86,76.04,5576,54.18,52.28,7526,0.741,1.8,0.188,0.2234,16,0.609,4587,0.9896,1,79,-13.31,1,79,-13.31,1,79,-13.31,1,135,-20.91,0.0352,50.12,15,2214101
100.0,0,1,confirm,1.0,-48.58,-64.58,2.86,11300,51.44,96.21,14753,0.766,1.594,0.255,-0.1019,20,0.6046,10304,0.9939,1,239,-38.1,1,239,-38.1,1,239,-38.1,1,374,-43.82,0.2826,54.59,17,2221627
100.0,0,-1,confirm,1.0,7.66,-8.34,58.39,2219,50.73,10.53,2851,0.778,2.45,0.228,0.3455,21,0.6074,2024,0.9489,1,1357,3.83,1,1357,3.83,1,1357,3.83,1,1357,3.83,0.6701,51.42,21,2236380
100.0,0,1,confirm,1.0,25.86,9.86,76.64,429,50.77,-0.0,636,0.675,0.601,0.179,-0.0933,22,0.2296,6,0.6653,1,44,0.96,1,44,0.96,1,44,0.96,1,216,69.93,0.3778,51.03,22,2239231
100.0,0,-1,confirm,1.0,15.29,-0.71,68.79,509,53.51,9.55,720,0.707,2.787,0.231,0.0626,22,0.2145,394,0.9564,1,521,54.46,1,521,54.46,1,521,54.46,1,719,21.02,0.5316,50.39,22,2239867
100.0,0,1,confirm,1.0,-91.87,-107.87,7.66,2,99.52,91.87,1827,0.001,1.265,0.012,0.1784,22,0.1973,310,0.9228,1,600,-18.18,1,600,-18.18,0,-1,,1,1016,-22.97,0.2872,53.88,22,2240587
100.0,0,-1,confirm,1.0,-42.5,-58.5,15.45,5,57.95,42.5,447,0.011,6.645,0.188,0.3762,22,0.4518,334,0.8312,0,-1,,0,-1,,0,-1,,0,-1,,0.9228,99.45,22,2242414
100.0,0,1,confirm,1.0,68.28,52.28,120.22,2258,51.93,1.92,3550,0.636,1.39,0.164,-0.228,23,0.0268,487,0.9926,0,-1,,0,-1,,0,-1,,0,-1,,0.4386,58.04,23,2242861
100.0,0,-1,confirm,1.0,72.6,56.6,124.18,1905,51.58,23.88,2444,0.779,1.617,0.135,-0.1185,0,0.4046,133,0.8532,1,597,15.28,1,597,15.28,1,597,15.28,1,625,16.24,0.2026,51.32,0,2246411
100.0,0,1,confirm,1.0,37.53,21.53,88.52,1179,51.0,10.58,1949,0.605,0.688,0.107,-0.3634,1,0.1668,80,0.8491,1,183,21.17,1,183,21.17,0,-1,,1,258,31.75,0.1576,52.23,0,2248855
100.0,0,-1,confirm,1.0,53.68,37.68,104.49,3631,50.81,30.67,3792,0.958,4.425,0.243,0.0916,2,0.4744,123,0.9175,1,457,2.88,1,457,2.88,1,457,2.88,1,561,11.5,0.62,50.55,1,2250804
100.0,0,1,confirm,1.0,125.29,109.29,177.33,4344,52.04,6.75,4737,0.917,1.327,0.148,-0.0206,3,0.3766,2537,0.9477,1,858,65.54,1,858,65.54,1,858,65.54,0,-1,,0.1547,51.34,2,2254596
100.0,0,-1,confirm,1.0,87.57,71.57,137.06,5843,49.5,5.71,6108,0.957,1.67,0.124,-0.1095,5,0.234,5253,0.9565,1,4064,75.2,1,4064,75.2,1,5264,88.52,1,4167,67.58,0.3937,51.14,3,2259333
100.0,0,1,confirm,1.0,76.82,60.82,128.67,3654,51.85,22.09,4722,0.774,1.561,0.051,0.1245,6,0.4504,4498,0.9325,1,781,10.56,1,781,10.56,1,781,10.56,1,825,-6.72,0.3988,50.18,5,2265441
100.0,0,-1,confirm,1.0,17.15,1.15,69.56,6993,52.41,25.73,9571,0.731,0.643,0.13,0.0302,8,0.6827,8020,0.9779,1,300,3.81,1,300,3.81,1,2958,0.95,1,308,-7.62,0.2441,51.19,6,2270163
100.0,0,1,confirm,1.0,23.86,7.86,74.46,3277,50.59,28.64,6881,0.476,2.454,0.189,0.0398,10,0.2344,6287,0.9605,1,1209,-2.86,1,1209,-2.86,1,3967,68.73,1,1564,-0.95,0.6733,52.78,9,2279734
100.0,0,-1,confirm,1.0,-83.8,-99.8,20.0,461,103.8,83.8,1261,0.366,0.355,0.121,-0.2082,11,0.0661,9,0.8586,1,13,2.86,0,-1,,0,-1,,0,-1,,0.0276,50.22,11,2286615
100.0,0,1,fallback,1.0,-34.0,-50.0,21.72,4,55.72,34.0,104,0.038,5.521,0.298,0.2292,11,0.263,1,0.4513,0,-1,,0,-1,,0,-1,,0,-1,,0.0948,104.01,11,2287876
100.0,0,-1,confirm,1.0,0.95,-15.05,64.44,1701,63.49,10.42,1788,0.951,4.559,0.107,0.1828,12,0.3506,500,0.9682,1,950,11.37,1,950,11.37,1,950,11.37,1,986,14.21,0.3169,55.6,11,2287980
100.0,0,1,confirm,1.0,49.28,33.28,102.35,584,53.07,10.42,1243,0.47,1.147,0.135,0.1287,12,0.2415,877,0.5888,1,249,48.33,1,1185,62.55,1,1185,62.55,0,-1,,0.3361,63.9,12,2289768
100.0,0,-1,confirm,1.0,25.46,9.46,76.39,1748,50.92,35.84,2289,0.764,2.116,0.079,-0.0191,12,0.351,1309,0.8684,1,680,-21.69,1,680,-21.69,1,680,-21.69,1,698,-33.01,0.1958,52.53,12,2291011
100.0,0,1,confirm,1.0,-55.78,-71.78,44.44,667,100.22,55.78,2264,0.295,1.046,0.13,0.0202,13,0.2486,1075,0.9021,1,323,13.24,1,323,13.24,1,1285,10.4,1,325,12.29,0.1874,51.32,13,2293300
100.0,0,-1,confirm,1.0,18.06,2.06,68.45,426,50.39,14.26,789,0.54,1.193,0.113,0.0805,13,0.186,279,0.6532,1,58,17.11,1,58,17.11,0,-1,,0,-1,,0.7299,99.77,13,2295564
100.0,0,1,confirm,1.0,-85.72,-101.72,14.29,739,100.01,85.72,1831,0.404,1.082,0.052,0.3396,14,0.3525,515,0.7945,1,1105,-35.24,1,1105,-35.24,1,1105,-35.24,1,1133,-57.15,0.2109,50.74,13,2296353
100.0,0,-1,confirm,1.0,-44.19,-60.19,6.72,8,50.92,44.19,243,0.033,1.02,0.043,-0.2168,14,0.0592,242,0.7741,0,-1,,0,-1,,0,-1,,0,-1,,0.7314,99.87,14,2298184
100.0,0,1,confirm,1.0,13.39,-2.61,64.08,5204,50.69,41.13,6745,0.772,2.604,0.045,0.0505,15,0.5136,554,0.8974,1,1074,-18.17,1,1074,-18.17,1,1074,-18.17,1,1282,-12.43,0.3174,50.95,14,2298427
100.0,0,-1,confirm,1.0,-65.91,-81.91,36.3,463,102.21,65.91,2631,0.176,1.726,0.218,0.218,16,0.2564,517,0.898,1,29,-6.69,1,638,21.01,1,638,21.01,1,653,21.97,0.2129,50.37,16,2305172
100.0,0,1,fallback,1.0,79.71,63.71,132.85,737,53.14,5.69,1085,0.679,3.13,0.146,0.1822,17,0.2265,752,0.6871,1,147,34.16,0,-1,,0,-1,,0,-1,,0.4269,102.58,17,2307803
100.0,0,-1,confirm,1.0,-96.97,-112.97,4.71,120,101.68,96.97,8415,0.014,0.335,0.029,-0.0684,17,0.4734,4292,0.9518,1,611,-55.55,1,611,-55.55,1,611,-55.55,1,614,-54.6,0.572,52.44,17,2308888
100.0,0,1,fallback,1.0,-13.05,-29.05,40.09,210,53.15,13.05,740,0.284,1.464,0.215,0.2653,19,0.3981,122,0.7923,1,740,-13.05,1,740,-13.05,1,740,-13.05,0,-1,,0.2336,101.72,19,2317303
100.0,0,-1,confirm,1.0,51.35,35.35,101.76,4307,50.42,41.08,7237,0.595,2.204,0.143,0.2492,21,0.3893,2342,0.9548,1,240,-21.47,1,240,-21.47,1,1604,18.67,1,314,-27.07,0.1682,52.93,19,2318043
100.0,0,1,confirm,1.0,-95.72,-111.72,3.75,50,99.47,95.72,9174,0.005,0.362,0.108,0.0982,21,0.5581,3760,0.9523,1,1681,-24.4,1,1681,-24.4,1,1681,-24.4,1,1976,-29.09,0.2166,50.93,21,2325280
100.0,0,-1,confirm,1.0,36.01,20.01,86.22,6496,50.22,0.0,8352,0.778,1.912,0.225,0.5129,2,0.5905,6282,0.9997,1,867,53.06,1,867,53.06,1,867,53.06,1,879,55.9,0.6039,99.44,0,2334454
100.0,0,1,confirm,1.0,-87.49,-103.49,12.36,2024,99.85,87.49,21007,0.096,3.25,0.226,-0.1015,3,0.6338,8395,0.9903,1,164,2.85,1,164,2.85,1,164,2.85,1,171,0.95,0.9372,50.65,2,2342806
100.0,0,-1,confirm,1.0,93.05,77.05,142.94,15977,49.88,36.45,16338,0.978,1.213,0.065,0.3346,13,0.5844,8553,0.9754,1,1124,-17.27,1,1124,-17.27,1,1124,-17.27,1,1421,-23.98,0.8179,99.72,8,2363813
100.0,0,1,confirm,1.0,69.72,53.72,121.04,4868,51.32,45.51,5343,0.911,0.152,0.107,-0.4156,14,0.3418,994,0.9547,1,606,-8.72,1,1177,-11.62,1,1177,-11.62,1,1217,-9.68,0.5087,50.61,13,2380151
100.0,0,-1,confirm,1.0,42.31,26.31,98.09,2463,55.77,28.85,3351,0.735,1.695,0.082,-0.1707,15,0.2059,496,0.7329,1,685,24.04,1,685,24.04,1,685,24.04,1,721,21.16,0.6087,50.71,14,2385494
100.0,0,1,confirm,1.0,0.97,-15.03,53.11,729,52.15,26.07,1437,0.507,3.059,0.187,0.2477,15,0.3528,2,0.885,1,1192,8.69,1,1192,8.69,1,1192,8.69,1,1344,20.28,0.6343,56.33,15,2388845
100.0,0,-1,confirm,1.0,-78.22,-94.22,32.83,1785,111.05,78.22,3487,0.512,0.851,0.1,0.2282,16,0.42,1139,0.922,1,1642,29.93,1,1642,29.93,1,1642,29.93,1,2850,-26.07,0.3658,51.87,15,2390282
100.0,0,1,fallback,1.0,-43.12,-59.12,7.67,781,50.78,43.12,1690,0.462,1.091,0.161,0.0578,17,0.2285,0,0.9766,1,483,-1.92,1,483,-1.92,1,483,-1.92,1,600,-15.33,0.2764,111.41,16,2393769
100.0,0,-1,confirm,1.0,-89.49,-105.49,15.4,2426,104.89,89.49,9237,0.263,0.718,0.085,0.2275,18,0.5411,192,0.9693,1,1041,-10.59,1,1041,-10.59,1,1041,-10.59,1,1064,-9.62,0.1914,50.74,17,2395459
100.0,0,1,fallback,1.0,-40.06,-56.06,14.31,10,54.36,40.06,104,0.096,4.373,0.193,0.2645,19,0.2645,10,0.2202,1,94,-20.03,1,94,-20.03,1,94,-20.03,0,-1,,0.5722,105.05,19,2404696
100.0,0,-1,confirm,1.0,0.96,-15.04,53.62,4244,52.67,22.98,8388,0.506,4.44,0.192,-0.0717,21,0.4125,1290,0.9724,1,595,-14.36,1,595,-14.36,1,595,-14.36,1,661,-18.19,0.2202,54.29,20,2404800
100.0,0,1,confirm,1.0,-97.68,-113.68,1.92,1,99.6,97.68,9922,0.0,2.897,0.156,0.1859,22,0.5112,1355,0.9894,1,83,-2.87,1,83,-2.87,1,83,-2.87,1,114,-9.58,0.1586,52.95,22,2413188
100.0,0,-1,confirm,1.0,64.8,48.8,115.09,495,50.29,7.74,524,0.945,5.018,0.266,0.3433,1,0.8022,328,0.9845,0,-1,,0,-1,,0,-1,,0,-1,,0.0219,99.58,1,2423110
100.0,0,1,confirm,1.0,8.76,-7.24,59.38,76,50.62,-0.0,169,0.45,0.765,0.007,-0.2226,1,-0.1192,163,0.4036,0,-1,,0,-1,,0,-1,,0,-1,,0.0148,50.88,1,2423634
100.0,0,-1,confirm,1.0,-103.09,-119.09,0.97,5,104.07,103.09,1332,0.004,0.288,0.061,0.1232,1,0.1344,97,0.7368,1,277,-41.82,1,277,-41.82,0,-1,,1,363,-58.35,0.2067,50.32,1,2423803
100.0,0,1,fallback,1.0,42.36,26.36,93.38,5320,51.02,4.81,6063,0.877,3.794,0.116,-0.1215,3,0.3561,12,0.9621,1,242,15.4,1,242,15.4,1,242,15.4,1,612,18.29,0.1462,104.08,1,2425135
100.0,0,-1,confirm,1.0,-94.9,-110.9,7.67,56,102.57,94.9,2121,0.026,0.621,0.203,0.5118,3,0.5468,149,0.9519,1,653,-30.67,1,653,-30.67,1,653,-30.67,1,973,-31.63,0.06,50.55,3,2431198
100.0,0,1,fallback,1.0,-41.78,-57.78,10.45,3068,52.23,41.78,5925,0.518,3.956,0.175,0.1918,4,0.4741,3494,0.9736,1,189,-20.89,1,189,-20.89,1,1441,-26.59,1,420,-37.98,0.9344,102.65,3,2433319
100.0,0,-1,confirm,1.0,41.0,25.0,90.59,5641,49.59,24.79,8172,0.69,1.339,0.162,0.0881,7,0.5877,58,0.9949,1,274,-2.86,1,274,-2.86,1,274,-2.86,1,599,-6.67,0.4049,52.17,5,2439244
100.0,0,1,confirm,1.0,-5.74,-21.74,45.96,4613,51.7,59.36,8420,0.548,0.53,0.187,0.1072,9,0.5598,3706,0.9986,1,1763,-26.81,1,1763,-26.81,1,1763,-26.81,1,2164,-38.3,0.3093,50.04,7,2447416
100.0,0,-1,confirm,1.0,34.49,18.49,89.1,9793,54.61,0.96,10255,0.955,1.189,0.059,0.0426,12,0.5237,477,0.9815,1,1130,28.74,1,1130,28.74,1,1130,28.74,1,1512,27.78,0.0773,51.47,10,2455836
100.0,0,1,confirm,1.0,143.24,127.24,196.12,4572,52.87,33.65,5172,0.884,3.29,0.216,0.3632,14,0.4673,2507,0.9215,1,189,-3.85,1,578,6.73,1,1716,6.73,1,640,12.5,0.1691,55.1,13,2466091
100.0,0,-1,confirm,1.0,25.59,9.59,76.77,1131,51.18,6.63,1411,0.802,1.522,0.108,0.1191,14,0.3817,0,0.7936,1,462,33.17,1,462,33.17,1,462,33.17,1,1407,28.43,0.5065,51.86,14,2471263
100.0,0,1,confirm,1.0,72.22,56.22,123.53,2151,51.31,15.2,3634,0.592,0.254,0.173,0.1781,15,0.5454,1909,0.9291,1,182,0.95,1,182,0.95,1,2509,87.42,1,586,-4.75,0.7842,51.58,14,2472674
100.0,0,-1,confirm,1.0,-0.94,-16.94,50.0,4332,50.94,45.28,5306,0.816,1.733,0.105,0.15,17,0.5235,2877,0.9689,1,1215,-0.94,1,1215,-0.94,1,1215,-0.94,1,2402,-23.58,0.1149,50.69,15,2476308
100.0,0,1,confirm,1.0,0.0,-16.0,51.88,7091,51.88,18.87,9125,0.777,0.633,0.112,0.2435,19,0.3646,6367,0.9541,1,796,-1.89,1,796,-1.89,1,796,-1.89,1,838,-1.89,0.2691,51.2,17,2481614
100.0,0,-1,confirm,1.0,-63.2,-79.2,37.73,1620,100.93,63.2,6169,0.263,1.217,0.087,0.1779,20,0.4395,1040,0.9837,1,341,5.66,1,341,5.66,1,341,5.66,1,406,-17.92,0.6113,51.61,19,2490739
100.0,0,1,fallback,1.0,15.0,-1.0,65.62,2789,50.62,11.25,3178,0.878,7.485,0.23,0.0528,22,0.4325,32,0.954,1,608,-2.81,1,608,-2.81,1,608,-2.81,1,2135,7.5,0.4218,101.32,21,2496908
100.0,0,-1,confirm,1.0,168.48,152.48,218.08,8091,49.61,1.87,9874,0.819,0.161,0.132,0.3285,0,0.5233,7437,0.9848,1,612,40.25,1,612,40.25,1,612,40.25,1,631,39.31,0.0398,50.29,22,2500086
100.0,0,1,confirm,1.0,136.14,120.14,189.45,9612,53.31,0.95,10406,0.924,6.407,0.143,-0.0353,3,0.6621,6516,0.9959,1,2938,60.93,1,2938,60.93,1,2938,60.93,1,2964,60.93,0.2933,50.71,1,2509960
100.0,0,-1,confirm,1.0,34.75,18.75,84.53,9977,49.78,16.91,15301,0.652,0.254,0.19,0.6203,6,0.6338,9933,0.9937,1,347,-5.64,1,347,-5.64,1,2284,9.39,1,415,-6.57,0.0435,52.32,4,2520366
100.0,0,1,confirm,1.0,141.38,125.38,193.21,4898,51.84,0.94,5595,0.875,0.505,0.142,0.019,9,0.6331,2828,0.9813,1,2073,32.99,1,2073,32.99,1,2073,32.99,1,2106,34.87,0.4824,50.2,8,2535667
100.0,0,-1,confirm,1.0,-74.35,-90.35,30.67,349,105.02,74.35,4622,0.076,1.261,0.103,0.0642,10,0.2257,569,0.8621,1,1367,26.02,1,1367,26.02,1,1367,26.02,1,1582,20.45,0.5375,50.86,9,2541262
100.0,0,1,fallback,1.0,22.14,6.14,72.88,3774,50.74,24.91,4104,0.92,4.847,0.204,0.1954,12,0.2853,1,0.9433,1,597,-8.3,1,597,-8.3,1,597,-8.3,1,1953,3.69,0.2788,105.34,11,2545884
100.0,0,-1,confirm,1.0,-100.33,-116.33,0.92,1,101.25,100.33,3734,0.0,1.338,0.008,-0.1175,12,0.3058,1214,0.8627,1,370,-42.34,1,370,-42.34,1,2109,-92.05,1,2132,-70.88,0.4283,50.37,12,2549988
100.0,0,1,fallback,1.0,14.58,-1.42,66.53,190,51.95,-0.0,397,0.479,2.287,0.197,0.2232,13,0.2498,63,0.6162,0,-1,,0,-1,,0,-1,,0,-1,,0.2573,101.26,13,2553722
100.0,0,-1,confirm,1.0,-70.98,-86.98,33.67,107,104.65,70.98,367,0.292,1.378,0.005,-0.0154,13,0.036,340,0.6887,0,-1,,0,-1,,0,-1,,0,-1,,0.0643,51.6,13,2554119
100.0,0,1,fallback,1.0,0.9,-15.1,52.41,789,51.5,8.13,937,0.842,0.464,0.055,-0.0375,13,0.2478,566,0.6097,1,685,31.63,1,685,31.63,1,685,31.63,1,841,25.3,0.0003,105.0,13,2554486
100.0,0,-1,confirm,1.0,135.53,119.53,185.22,4629,49.69,15.36,5481,0.845,1.77,0.074,0.2168,15,0.3983,2284,0.7734,1,949,38.85,1,949,38.85,1,949,38.85,1,983,35.24,0.0785,51.24,13,2555423
100.0,0,1,confirm,1.0,-61.37,-77.37,44.88,1454,106.25,61.37,14118,0.103,0.938,0.032,-0.0381,15,0.6369,11282,0.9923,1,568,7.33,1,568,7.33,1,568,7.33,1,795,19.23,0.2571,50.63,15,2560904
100.0,0,-1,fallback,1.0,6.45,-9.55,56.22,10369,49.76,32.26,13073,0.793,3.947,0.122,0.3715,22,0.6929,167,0.9976,1,755,6.45,1,755,6.45,1,755,6.45,1,1139,5.53,0.3914,105.77,19,2575022
