theta,registry,side,kind,grid_s,gross_bp,net_real_bp,peak_fav_bp,t_peak_c,giveback_bp,max_adv_bp,dur_c,frac_peak,clmx60_pk,er600_pk,slean_pk,hod_pk,slmax,t_slmax_c,slmax60,r8_a05x0_trig,r8_a05x0_t_c,r8_a05x0_gx,r8_a10x0_trig,r8_a10x0_t_c,r8_a10x0_gx,r8_a20x0_trig,r8_a20x0_t_c,r8_a20x0_gx,r8_a10xm10_trig,r8_a10xm10_t_c,r8_a10xm10_gx,dive_depth,lag_bp,hod_entry,entry_idx
80.0,0,1,fallback,1.0,-28.92,-44.92,11.78,143,40.71,28.92,837,0.171,0.433,0.21,0.2111,0,0.3261,577,0.8207,1,601,5.36,1,601,5.36,1,601,5.36,1,693,-6.43,0.2813,85.35,0,1017
80.0,0,-1,confirm,1.0,10.74,-5.26,51.57,2519,40.83,50.49,2721,0.926,1.677,0.16,0.1044,1,0.4424,1059,0.9788,1,205,-49.42,1,205,-49.42,1,1480,-22.56,1,245,-47.27,0.1215,40.66,0,1854
80.0,0,1,confirm,1.0,0.0,-16.0,43.02,864,43.02,8.6,1160,0.745,0.884,0.241,0.0505,1,0.0505,864,0.913,1,887,35.49,0,-1,,0,-1,,0,-1,,0.1714,41.04,1,4575
80.0,0,-1,confirm,1.0,25.81,9.81,65.61,528,39.79,1.08,952,0.555,1.36,0.212,0.6512,1,0.6879,569,0.9861,0,-1,,0,-1,,0,-1,,0,-1,,0.688,42.84,1,5735
80.0,0,1,confirm,1.0,7.55,-8.45,49.6,485,42.05,2.16,1810,0.268,0.265,0.222,0.1162,1,0.3848,1523,0.9902,1,691,28.04,1,691,28.04,0,-1,,1,728,36.66,0.8772,40.06,1,6687
80.0,0,-1,confirm,1.0,157.31,141.31,197.18,4995,39.87,9.7,5066,0.986,3.189,0.169,0.3758,3,0.688,2893,0.9794,1,392,12.93,1,392,12.93,1,1868,7.54,1,1868,7.54,0.9824,41.85,2,8497
80.0,0,1,confirm,1.0,98.52,82.52,141.22,1223,42.69,53.64,1324,0.924,1.162,0.181,0.1193,4,0.363,964,0.7827,1,1246,120.42,1,1246,120.42,1,1246,120.42,0,-1,,0.6698,40.67,3,13563
80.0,0,-1,confirm,1.0,-68.29,-84.29,13.01,435,81.3,68.29,3068,0.142,0.051,0.095,0.1247,4,0.5507,2794,0.9653,1,515,-15.18,1,515,-15.18,1,1257,-35.77,1,517,-16.26,0.0304,42.1,4,14887
80.0,0,1,fallback,1.0,101.21,85.21,142.12,1040,40.91,9.69,1451,0.717,1.581,0.057,0.1611,5,0.3048,1231,0.9118,0,-1,,0,-1,,0,-1,,0,-1,,0.1643,81.41,4,17955
80.0,0,-1,confirm,1.0,7.46,-8.54,47.96,509,40.5,9.59,752,0.677,1.272,0.238,-0.1723,5,-0.0581,39,0.2725,0,-1,,0,-1,,0,-1,,0,-1,,0.2946,40.34,5,19406
80.0,0,1,confirm,1.0,42.67,26.67,84.27,3882,41.6,23.47,4419,0.878,1.306,0.132,0.1959,6,0.4893,688,0.988,1,1869,18.13,1,1869,18.13,1,1869,18.13,1,1914,13.87,0.2152,40.7,5,20158
80.0,0,-1,confirm,1.0,4.25,-11.75,44.61,711,40.36,3.19,1004,0.708,1.637,0.218,0.2303,7,0.3025,900,0.9193,0,-1,,0,-1,,0,-1,,0,-1,,0.6229,41.25,6,24577
80.0,0,1,confirm,1.0,4.25,-11.75,44.63,645,40.38,22.31,2110,0.306,2.032,0.213,0.2612,7,0.4253,376,0.9482,1,790,35.07,1,790,35.07,1,790,35.07,1,861,36.13,0.8979,40.54,7,25581
80.0,0,-1,confirm,1.0,33.99,17.99,74.35,7636,40.36,13.81,7708,0.991,3.177,0.153,0.4032,9,0.6446,5121,0.9977,1,630,-6.37,1,630,-6.37,1,630,-6.37,1,630,-6.37,0.3745,40.2,7,27691
80.0,0,1,confirm,1.0,2.13,-13.87,42.63,169,40.5,6.39,535,0.316,0.283,0.133,0.3866,9,0.4589,201,0.9358,0,-1,,0,-1,,0,-1,,0,-1,,0.6078,40.66,9,35399
80.0,0,-1,confirm,1.0,-71.39,-87.39,9.59,133,80.98,71.39,3771,0.035,0.595,0.065,-0.0199,10,0.5603,3284,0.9722,1,496,-45.82,1,496,-45.82,1,496,-45.82,1,511,-43.69,0.4854,40.33,9,35934
80.0,0,1,fallback,1.0,-38.09,-54.09,2.12,11,40.2,38.09,2104,0.005,3.195,0.226,-0.0997,11,0.3259,94,0.9893,1,188,-25.39,1,188,-25.39,1,188,-25.39,1,226,-23.28,0.1284,81.06,11,39705
80.0,0,-1,confirm,1.0,5.31,-10.69,45.67,841,40.36,15.93,1997,0.421,0.746,0.23,0.4215,11,0.4863,775,0.9862,1,1014,37.17,1,1014,37.17,1,1014,37.17,1,1272,24.43,0.4693,40.19,11,41809
80.0,0,1,confirm,1.0,-48.88,-64.88,30.82,5007,79.69,48.88,7830,0.639,4.708,0.08,0.0936,13,0.7479,2598,0.9925,1,305,-12.75,1,305,-12.75,1,305,-12.75,1,315,-19.13,0.6117,40.54,12,43806
80.0,0,-1,confirm,1.0,11.75,-4.25,54.46,811,42.71,4.27,994,0.816,0.289,0.115,0.0989,14,0.2572,433,0.9204,1,667,19.22,1,667,19.22,1,667,19.22,0,-1,,0.6634,79.45,14,51636
80.0,0,1,confirm,1.0,-53.45,-69.45,26.73,1394,80.18,53.45,2675,0.521,0.281,0.105,-0.0603,15,0.4703,1483,0.9792,1,649,2.14,1,649,2.14,1,649,2.14,1,883,8.55,0.8536,42.95,14,52630
80.0,0,-1,fallback,1.0,-33.32,-49.32,7.52,87,40.84,33.32,245,0.355,0.833,0.13,-0.0397,15,-0.0027,162,0.6838,0,-1,,0,-1,,0,-1,,0,-1,,0.0878,79.97,15,55305
80.0,0,1,confirm,1.0,12.85,-3.15,53.56,279,40.71,3.21,382,0.73,0.895,0.162,0.2423,15,0.2423,279,0.9665,1,42,11.78,0,-1,,0,-1,,0,-1,,0.2082,40.87,15,55550
80.0,0,-1,confirm,1.0,55.63,39.63,97.36,1807,41.72,0.0,1973,0.916,3.98,0.094,0.2513,16,0.4908,1529,0.9105,1,922,74.89,1,922,74.89,1,922,74.89,1,944,68.47,0.366,40.49,15,55932
80.0,0,1,confirm,1.0,-67.78,-83.78,11.83,89,79.61,67.78,184,0.484,0.397,0.034,-0.1976,16,-0.1643,0,0.2411,0,-1,,0,-1,,0,-1,,0,-1,,0.3874,42.13,16,57905
80.0,0,-1,confirm,1.0,35.75,19.75,77.99,1153,42.24,47.66,1210,0.953,0.79,0.184,0.2373,16,0.6505,597,0.9499,0,-1,,0,-1,,0,-1,,0,-1,,0.5746,79.52,16,58089
80.0,0,1,confirm,1.0,5.44,-10.56,45.66,1151,40.22,27.18,1356,0.849,0.911,0.154,0.2758,16,0.3147,1187,0.9006,1,639,8.7,1,639,8.7,1,639,8.7,0,-1,,0.107,42.58,16,59299
80.0,0,-1,confirm,1.0,2.17,-13.83,44.55,989,42.37,53.24,1508,0.656,1.21,0.203,-0.265,17,0.0805,1098,0.931,1,1105,21.73,0,-1,,0,-1,,0,-1,,0.6905,40.04,16,60655
80.0,0,1,confirm,1.0,71.72,55.72,114.11,1469,42.38,5.43,1837,0.8,0.39,0.129,0.5209,17,0.5702,1416,0.9366,1,403,39.12,1,403,39.12,1,403,39.12,1,403,39.12,0.3036,42.56,17,62163
80.0,0,-1,confirm,1.0,29.13,13.13,69.05,2026,39.92,19.42,2728,0.743,4.423,0.238,0.5059,18,0.7422,1576,0.9718,1,122,-6.47,1,769,5.39,1,769,5.39,1,802,6.47,0.3464,41.9,17,64000
80.0,0,1,confirm,1.0,24.89,8.89,67.09,1449,42.2,24.89,2257,0.642,1.177,0.143,-0.0556,18,0.4644,1111,0.9567,1,82,-2.16,1,82,-2.16,1,82,-2.16,1,142,-19.48,0.4713,40.2,18,66728
80.0,0,-1,confirm,1.0,37.78,21.78,78.8,1435,41.02,17.27,1711,0.839,0.258,0.125,-0.0425,19,0.2325,0,0.8579,1,96,-15.11,1,96,-15.11,1,96,-15.11,1,172,-9.72,0.3387,41.92,19,68985
80.0,0,1,confirm,1.0,1.08,-14.92,42.26,574,41.17,3.25,714,0.804,0.607,0.245,0.5624,19,0.6586,324,0.9687,1,619,29.26,1,619,29.26,1,619,29.26,1,704,14.09,0.2169,41.34,19,70696
80.0,0,-1,confirm,1.0,67.17,51.17,107.26,718,40.09,2.17,984,0.73,1.207,0.16,0.2381,20,0.4806,231,0.78,0,-1,,0,-1,,0,-1,,0,-1,,0.8542,41.0,19,71410
80.0,0,1,confirm,1.0,32.72,16.72,73.08,484,40.36,-0.0,512,0.945,3.13,0.33,0.5043,20,0.5043,482,0.9366,1,507,35.99,1,507,35.99,1,507,35.99,1,508,37.09,0.3887,40.52,20,72394
80.0,0,-1,confirm,1.0,-42.4,-58.4,38.05,176,80.45,42.4,744,0.237,0.272,0.043,0.1643,20,0.3948,578,0.8535,1,600,-19.57,1,600,-19.57,1,600,-19.57,1,691,-38.05,0.6964,40.06,20,72906
80.0,0,1,fallback,1.0,-38.97,-54.97,1.08,19,40.06,38.97,412,0.046,0.803,0.328,0.1029,20,0.7673,173,0.9923,0,-1,,0,-1,,0,-1,,0,-1,,0.2797,80.76,20,73650
80.0,0,-1,confirm,1.0,107.6,91.6,151.07,1245,43.47,11.96,1267,0.983,5.235,0.149,0.277,20,0.6355,544,0.9809,0,-1,,0,-1,,0,-1,,0,-1,,0.6725,40.05,20,74062
80.0,0,1,confirm,1.0,92.29,76.29,135.14,773,42.85,26.37,888,0.87,0.835,0.206,0.1397,21,0.2243,578,0.7062,0,-1,,0,-1,,0,-1,,0,-1,,0.2842,44.14,20,75329
80.0,0,-1,confirm,1.0,-68.58,-84.58,18.51,42,87.09,68.58,1390,0.03,0.344,0.121,-0.1318,21,0.1437,761,0.9695,1,456,-15.24,1,456,-15.24,0,-1,,1,601,-14.15,0.1923,42.28,21,76217
80.0,0,1,fallback,1.0,-32.44,-48.44,8.65,170,41.09,32.44,404,0.421,0.203,0.18,0.365,21,0.3694,61,0.9553,0,-1,,0,-1,,0,-1,,0,-1,,0.2995,87.25,21,77607
80.0,0,-1,confirm,1.0,-77.01,-93.01,4.34,5,81.35,77.01,566,0.009,0.843,0.038,-0.1975,21,0.0401,367,0.869,0,-1,,0,-1,,0,-1,,0,-1,,0.9553,41.05,21,78011
80.0,0,1,fallback,1.0,-4.31,-20.31,36.6,783,40.9,19.38,914,0.857,1.918,0.132,-0.0736,22,0.2481,171,0.7875,1,262,-12.92,1,262,-12.92,1,262,-12.92,1,688,7.53,0.5235,81.39,21,78577
80.0,0,-1,confirm,1.0,39.84,23.84,81.84,1055,42.0,23.69,1227,0.86,0.778,0.12,0.0345,22,0.6054,565,0.96,1,895,46.31,1,895,46.31,1,895,46.31,0,-1,,0.0597,40.76,22,79491
80.0,0,1,confirm,1.0,-82.17,-98.17,0.0,0,82.17,82.17,2234,0.0,1.264,0.007,-0.1181,22,0.3626,1947,0.9637,0,-1,,0,-1,,0,-1,,0,-1,,0.5703,42.35,22,80718
80.0,0,-1,fallback,1.0,2.18,-13.82,42.52,506,40.34,16.35,591,0.856,0.409,0.154,-0.0992,23,0.011,68,0.9042,0,-1,,0,-1,,0,-1,,0,-1,,0.0859,82.17,23,82952
80.0,0,1,confirm,1.0,-21.81,-37.81,18.54,3058,40.34,62.15,3493,0.875,1.462,0.105,0.1701,0,0.3939,1321,0.9384,1,134,-4.36,1,134,-4.36,1,1625,-29.44,1,134,-4.36,0.1354,40.51,23,83543
80.0,0,-1,confirm,1.0,135.5,119.5,175.94,1164,40.43,36.06,1173,0.992,6.949,0.233,0.5847,0,0.6101,1161,0.9057,0,-1,,0,-1,,0,-1,,0,-1,,0.4028,40.27,0,87036
80.0,0,1,confirm,1.0,29.91,13.91,74.22,302,44.31,9.97,425,0.711,0.185,0.036,-0.4845,0,-0.397,402,0.7559,0,-1,,0,-1,,0,-1,,0,-1,,0.7428,41.16,0,88209
80.0,0,-1,confirm,1.0,23.19,7.19,65.16,131,41.97,4.42,176,0.744,0.353,0.048,0.4271,0,0.4702,67,0.8267,0,-1,,0,-1,,0,-1,,0,-1,,0.1271,43.99,0,88634
80.0,0,1,confirm,1.0,53.14,37.14,94.1,278,40.96,5.54,336,0.827,0.591,0.04,0.0039,0,0.0258,293,0.6663,0,-1,,0,-1,,0,-1,,0,-1,,0.148,42.25,0,88810
80.0,0,-1,confirm,1.0,11.01,-4.99,51.76,173,40.74,7.71,350,0.494,0.332,0.016,0.0432,0,0.2907,260,0.8067,0,-1,,0,-1,,0,-1,,0,-1,,0.0792,40.58,0,89146
80.0,0,1,confirm,1.0,4.41,-11.59,45.2,820,40.79,39.69,1034,0.793,0.612,0.104,-0.0881,1,0.0092,1006,0.8779,0,-1,,0,-1,,0,-1,,0,-1,,0.4239,40.96,0,89496
80.0,0,-1,confirm,1.0,153.17,137.17,193.94,872,40.77,1.1,892,0.978,4.309,0.129,0.4554,1,0.46,871,0.7664,0,-1,,0,-1,,0,-1,,0,-1,,0.374,40.61,1,90530
80.0,0,1,confirm,1.0,24.62,8.62,64.91,174,40.29,25.74,237,0.734,0.831,0.02,-0.2706,1,-0.2625,206,0.5499,0,-1,,0,-1,,0,-1,,0,-1,,0.5966,41.58,1,91422
80.0,0,-1,confirm,1.0,8.93,-7.07,50.23,124,41.3,0.0,198,0.626,0.314,0.052,0.2737,1,0.2879,43,0.7247,0,-1,,0,-1,,0,-1,,0,-1,,0.4013,40.03,1,91659
80.0,0,1,confirm,1.0,45.81,29.81,87.15,268,41.34,3.35,423,0.634,1.022,0.077,0.0367,1,0.0664,152,0.439,1,163,32.4,0,-1,,0,-1,,0,-1,,0.361,41.51,1,91857
80.0,0,-1,confirm,1.0,84.53,68.53,125.68,809,41.15,18.91,821,0.985,4.438,0.162,0.34,1,0.34,809,0.7049,0,-1,,0,-1,,0,-1,,0,-1,,0.3056,40.98,1,92280
80.0,0,1,confirm,1.0,-75.15,-91.15,7.85,3,83.01,75.15,91,0.033,5.772,0.091,-0.154,1,0.0982,60,0.419,0,-1,,0,-1,,0,-1,,0,-1,,0.6615,41.68,1,93101
80.0,0,-1,fallback,1.0,-20.34,-36.34,23.73,29,44.08,20.34,202,0.144,2.588,0.147,-0.0621,1,-0.0396,166,0.5441,0,-1,,0,-1,,0,-1,,0,-1,,0.2156,82.94,1,93192
80.0,0,1,confirm,1.0,-83.46,-99.46,3.38,50,86.85,83.46,337,0.148,0.38,0.063,0.0573,1,0.152,328,0.4228,1,334,-66.55,1,334,-66.55,0,-1,,0,-1,,0.0463,44.18,1,93394
80.0,0,-1,fallback,1.0,111.46,95.46,152.41,75,40.95,0.0,79,0.949,5.112,0.126,0.1647,2,0.1757,71,0.4953,0,-1,,0,-1,,0,-1,,0,-1,,0.2047,86.82,2,93731
80.0,0,1,confirm,1.0,-57.51,-73.51,35.66,38,93.17,57.51,61,0.623,4.589,0.076,-0.1067,2,-0.1024,52,0.0748,0,-1,,0,-1,,0,-1,,0,-1,,0.2295,41.58,2,93810
80.0,0,-1,fallback,1.0,20.82,4.82,63.63,23,42.8,0.0,27,0.852,3.151,0.149,0.111,2,0.1213,19,0.1107,0,-1,,0,-1,,0,-1,,0,-1,,0.0479,92.84,2,93871
80.0,0,1,confirm,1.0,150.71,134.71,193.6,197,42.89,11.59,254,0.776,0.266,0.029,-0.0743,2,-0.0701,242,0.3183,0,-1,,0,-1,,0,-1,,0,-1,,0.072,43.08,2,93898
80.0,0,-1,confirm,1.0,13.7,-2.3,53.68,58,39.97,1.14,81,0.716,0.212,0.065,0.0797,2,0.0821,81,0.4389,0,-1,,0,-1,,0,-1,,0,-1,,0.1473,42.08,2,94152
80.0,0,1,confirm,1.0,35.45,19.45,77.77,227,42.31,21.73,277,0.819,0.161,0.075,-0.0674,2,-0.0337,259,0.3008,0,-1,,0,-1,,0,-1,,0,-1,,0.3216,40.19,2,94233
80.0,0,-1,confirm,1.0,-44.44,-60.44,37.61,29,82.05,44.44,115,0.252,0.611,0.003,0.1322,2,0.1364,97,0.6243,0,-1,,0,-1,,0,-1,,0,-1,,0.2839,41.99,2,94510
80.0,0,1,fallback,1.0,82.82,66.82,124.8,591,41.98,28.36,781,0.757,0.962,0.124,0.2501,2,0.2501,591,0.821,0,-1,,0,-1,,0,-1,,0,-1,,0.3885,82.36,2,94625
80.0,0,-1,confirm,1.0,-75.39,-91.39,7.88,17,83.27,75.39,719,0.024,1.022,0.065,-0.1193,2,0.0436,410,0.625,0,-1,,0,-1,,0,-1,,0,-1,,0.4075,41.46,2,95406
80.0,0,1,fallback,1.0,5.58,-10.42,45.79,573,40.21,7.82,906,0.632,1.264,0.092,0.2556,2,0.3777,204,0.8802,1,676,17.87,1,676,17.87,1,676,17.87,1,720,10.05,0.4825,83.33,2,96125
80.0,0,-1,confirm,1.0,-54.69,-70.69,26.79,92,81.48,54.69,405,0.227,0.752,0.097,-0.1213,2,-0.0989,81,0.9492,0,-1,,0,-1,,0,-1,,0,-1,,0.5138,40.02,2,97031
80.0,0,1,fallback,1.0,103.24,87.24,144.32,1764,41.07,-0.0,1917,0.92,2.072,0.097,0.5162,3,0.5183,1761,0.8444,1,730,82.15,1,730,82.15,1,730,82.15,1,1402,81.04,0.3728,81.7,3,97436
80.0,0,-1,confirm,1.0,-21.98,-37.98,19.78,3967,41.75,61.53,4303,0.922,0.221,0.126,0.1955,4,0.4116,4243,0.9548,1,817,-37.36,1,1919,-36.26,1,1919,-36.26,1,1927,-31.86,0.8016,40.49,3,99353
80.0,0,1,confirm,1.0,-81.13,-97.13,2.19,116,83.32,81.13,805,0.144,0.094,0.11,-0.2504,4,0.1747,781,0.7634,0,-1,,0,-1,,0,-1,,0,-1,,0.2831,41.84,4,103656
80.0,0,-1,fallback,1.0,53.06,37.06,92.85,621,39.79,7.74,1039,0.598,1.207,0.149,0.2141,5,0.3706,235,0.7178,0,-1,,0,-1,,0,-1,,0,-1,,0.2752,83.31,5,104461
80.0,0,1,confirm,1.0,16.67,0.67,58.9,1034,42.23,51.12,1172,0.882,1.038,0.137,-0.1394,5,0.1601,220,0.8814,1,339,-24.45,1,339,-24.45,0,-1,,1,445,-21.11,0.2443,40.17,5,105500
80.0,0,-1,confirm,1.0,-58.8,-74.8,24.41,1342,83.2,58.8,2426,0.553,0.436,0.053,-0.0021,6,0.3112,349,0.9678,1,160,2.22,1,160,2.22,1,484,-22.19,1,518,-13.31,0.3038,41.98,5,106672
80.0,0,1,fallback,1.0,-8.82,-24.82,31.98,30,40.81,8.82,308,0.097,0.936,0.171,0.697,6,0.7162,29,0.6838,0,-1,,0,-1,,0,-1,,0,-1,,0.3658,83.41,6,109098
80.0,0,-1,confirm,1.0,11.04,-4.96,54.09,527,43.05,9.93,754,0.699,1.509,0.219,0.3143,6,0.3879,750,0.9474,0,-1,,0,-1,,0,-1,,0,-1,,0.4524,40.68,6,109406
80.0,0,1,confirm,1.0,-57.46,-73.46,23.21,60,80.67,57.46,1015,0.059,1.929,0.046,-0.5066,6,0.1491,651,0.9872,1,688,-18.79,1,688,-18.79,0,-1,,1,725,-24.31,0.6366,43.29,6,110160
80.0,0,-1,fallback,1.0,78.92,62.92,118.93,1871,40.01,2.22,2172,0.861,0.721,0.12,0.3632,7,0.6773,1202,0.9722,1,49,6.67,1,49,6.67,0,-1,,1,49,6.67,0.5917,80.49,6,111175
80.0,0,1,confirm,1.0,-1.12,-17.12,40.33,693,41.45,8.96,978,0.709,0.512,0.11,-0.6045,7,-0.0233,901,0.9451,0,-1,,0,-1,,0,-1,,0,-1,,0.3336,40.49,7,113347
80.0,0,-1,confirm,1.0,22.41,6.41,62.75,905,40.34,10.08,1044,0.867,1.076,0.156,0.1317,8,0.2942,410,0.8811,1,179,15.69,1,179,15.69,1,982,49.3,1,1009,42.58,0.1122,41.29,7,114325
80.0,0,1,confirm,1.0,-60.64,-76.64,19.09,183,79.73,60.64,540,0.339,0.514,0.05,0.0664,8,0.0719,119,0.5026,1,226,-10.11,0,-1,,0,-1,,0,-1,,0.4054,40.59,8,115369
80.0,0,-1,confirm,1.0,18.08,2.08,59.88,242,41.8,6.78,316,0.766,2.849,0.243,0.293,8,0.2987,249,0.6936,0,-1,,0,-1,,0,-1,,0,-1,,0.2592,79.58,8,115909
80.0,0,1,confirm,1.0,54.33,38.33,95.08,820,40.75,30.56,889,0.922,1.251,0.118,-0.0897,8,0.2556,532,0.894,1,576,40.75,1,576,40.75,1,576,40.75,1,576,40.75,0.4173,42.06,8,116225
80.0,0,-1,confirm,1.0,-2.25,-18.25,41.65,716,43.9,7.88,1222,0.586,2.166,0.071,-0.0045,8,0.1807,1182,0.8371,1,244,-7.88,1,244,-7.88,0,-1,,1,251,-0.0,0.4176,40.36,8,117114
80.0,0,1,confirm,1.0,-59.65,-75.65,21.38,389,81.04,59.65,659,0.59,1.69,0.121,0.0735,8,0.2833,560,0.9623,1,283,-6.75,1,283,-6.75,0,-1,,0,-1,,0.5192,44.09,8,118336
80.0,0,-1,fallback,1.0,13.59,-2.41,54.35,578,40.76,9.06,660,0.876,3.534,0.12,0.3169,9,0.3627,576,0.8757,0,-1,,0,-1,,0,-1,,0,-1,,0.4552,80.86,9,118995
80.0,0,1,confirm,1.0,-79.37,-95.37,0.0,0,79.37,79.37,627,0.0,0.808,0.032,-0.2138,9,-0.175,516,0.8004,0,-1,,0,-1,,0,-1,,0,-1,,0.643,40.98,9,119655
80.0,0,-1,confirm,1.0,21.71,5.71,61.71,393,40.0,5.71,443,0.887,1.313,0.13,0.4189,9,0.4189,393,0.6404,0,-1,,0,-1,,0,-1,,0,-1,,0.6708,79.37,9,120282
80.0,0,1,confirm,1.0,26.34,10.34,68.72,856,42.38,37.8,992,0.863,3.172,0.087,0.0988,9,0.362,991,0.7401,0,-1,,0,-1,,0,-1,,0,-1,,0.4417,40.25,9,120725
80.0,0,-1,confirm,1.0,-3.43,-19.43,38.84,1084,42.27,55.97,1485,0.73,1.564,0.118,0.0227,10,0.1166,800,0.9167,1,669,-53.69,1,884,-30.84,0,-1,,0,-1,,0.4822,42.09,9,121717
80.0,0,1,confirm,1.0,-52.53,-68.53,28.55,381,81.08,52.53,2101,0.181,0.757,0.107,0.0167,10,0.1699,1548,0.8677,1,45,-14.85,1,1643,10.28,0,-1,,1,1643,10.28,0.0293,42.43,10,123202
80.0,0,-1,fallback,1.0,-10.33,-26.33,29.85,76,40.18,17.22,122,0.623,2.833,0.145,0.2508,10,0.3697,12,0.6366,0,-1,,0,-1,,0,-1,,0,-1,,0.6642,80.85,10,125303
80.0,0,1,confirm,1.0,-6.88,-22.88,34.4,924,41.28,58.49,1164,0.794,1.37,0.161,0.1231,11,0.2406,911,0.7702,1,166,-48.17,1,166,-48.17,1,995,1.15,1,600,-5.73,0.0316,40.3,10,125425
80.0,0,-1,confirm,1.0,-45.9,-61.9,36.72,320,82.63,45.9,604,0.53,0.674,0.127,0.0502,11,0.2096,562,0.9165,0,-1,,0,-1,,0,-1,,0,-1,,0.2618,41.14,11,126589
80.0,0,1,fallback,1.0,19.42,3.42,62.83,699,43.41,22.85,762,0.917,2.17,0.104,-0.0442,11,0.0531,536,0.9316,1,568,20.56,0,-1,,0,-1,,0,-1,,0.6919,82.93,11,127193
80.0,0,-1,confirm,1.0,38.76,22.76,79.81,699,41.04,13.68,920,0.76,3.855,0.168,0.4563,11,0.5235,671,0.8393,0,-1,,0,-1,,0,-1,,0,-1,,0.0743,43.14,11,127955
80.0,0,1,confirm,1.0,75.54,59.54,116.74,999,41.2,1.14,1232,0.811,2.027,0.157,0.3013,12,0.3587,967,0.8425,0,-1,,0,-1,,0,-1,,0,-1,,0.5182,41.37,11,128875
80.0,0,-1,confirm,1.0,-0.0,-16.0,40.9,204,40.9,0.0,495,0.412,0.181,0.064,0.0474,12,0.2395,359,0.75,0,-1,,0,-1,,0,-1,,0,-1,,0.1034,40.73,12,130107
80.0,0,1,confirm,1.0,72.7,56.7,113.6,451,40.9,28.4,612,0.737,5.674,0.23,0.3934,12,0.4097,213,0.8856,0,-1,,0,-1,,0,-1,,0,-1,,0.3152,41.06,12,130602
80.0,0,-1,confirm,1.0,-72.18,-88.18,11.28,12,83.46,72.18,307,0.039,0.656,0.084,-0.3399,12,-0.257,306,0.6113,0,-1,,0,-1,,0,-1,,0,-1,,0.4487,40.44,12,131214
80.0,0,1,fallback,1.0,-8.96,-24.96,31.35,98,40.31,8.96,190,0.516,0.876,0.111,0.2628,12,0.2628,98,0.4814,0,-1,,0,-1,,0,-1,,0,-1,,0.3958,83.55,12,131521
80.0,0,-1,confirm,1.0,90.78,74.78,131.12,2998,40.35,51.55,3221,0.931,2.214,0.179,0.4656,13,0.5064,2363,0.8978,0,-1,,0,-1,,0,-1,,0,-1,,0.0697,40.18,12,131711
80.0,0,1,confirm,1.0,52.02,36.02,95.0,205,42.98,11.31,380,0.539,1.432,0.132,-0.0913,13,0.1025,369,0.6854,0,-1,,0,-1,,0,-1,,0,-1,,0.5928,40.88,13,134932
80.0,0,-1,confirm,1.0,-81.01,-97.01,1.13,15,82.13,81.01,263,0.057,1.024,0.081,-0.0346,13,-0.0289,17,0.6273,0,-1,,0,-1,,0,-1,,0,-1,,0.5602,42.57,13,135312
80.0,0,1,fallback,1.0,-37.95,-53.95,2.23,1,40.18,37.95,190,0.005,0.947,0.105,0.3461,13,0.3616,173,0.7941,0,-1,,0,-1,,0,-1,,0,-1,,0.1119,82.14,13,135575
80.0,0,-1,confirm,1.0,13.44,-2.56,54.9,665,41.45,10.08,839,0.793,0.732,0.05,-0.0628,13,-0.0035,829,0.7215,0,-1,,0,-1,,0,-1,,0,-1,,0.3834,40.17,13,135765
80.0,0,1,confirm,1.0,6.73,-9.27,48.24,310,41.51,8.97,489,0.634,0.506,0.074,0.3201,14,0.3371,411,0.8976,0,-1,,0,-1,,0,-1,,0,-1,,0.4752,41.68,13,136604
80.0,0,-1,confirm,1.0,-12.33,-28.33,28.03,2644,40.36,57.17,2766,0.956,0.749,0.045,0.0618,14,0.1403,1433,0.9876,1,1472,-17.94,1,1472,-17.94,0,-1,,1,1472,-17.94,0.2284,41.31,14,137093
80.0,0,1,confirm,1.0,55.98,39.98,97.41,1457,41.43,33.59,1530,0.952,0.229,0.137,0.1807,15,0.5661,916,0.9523,0,-1,,0,-1,,0,-1,,0,-1,,0.5645,40.47,14,139859
80.0,0,-1,confirm,1.0,28.95,12.95,69.03,411,40.08,5.57,557,0.738,0.915,0.18,0.2599,15,0.3167,528,0.7896,0,-1,,0,-1,,0,-1,,0,-1,,0.7319,41.03,15,141389
80.0,0,1,confirm,1.0,-63.65,-79.65,16.75,1995,80.4,63.65,3817,0.523,0.501,0.103,-0.3068,15,0.2331,3214,0.8911,1,3134,-41.32,1,3220,-32.38,1,3220,-32.38,1,3533,-13.4,0.3697,40.36,15,141946
80.0,0,-1,fallback,1.0,-15.73,-31.73,24.72,69,40.46,15.73,508,0.136,0.96,0.147,0.1537,16,0.2501,125,0.731,1,316,2.25,1,316,2.25,1,316,2.25,0,-1,,0.147,80.27,16,145763
80.0,0,1,confirm,1.0,11.22,-4.78,51.62,655,40.39,-0.0,1046,0.626,0.764,0.086,0.2853,16,0.3743,435,0.9197,1,1005,15.71,1,1005,15.71,1,1005,15.71,0,-1,,0.1219,40.56,16,146271
80.0,0,-1,confirm,1.0,45.95,29.95,86.3,2852,40.35,29.14,3354,0.85,1.116,0.128,0.2759,17,0.4284,3117,0.8598,1,616,-10.09,1,616,-10.09,1,616,-10.09,1,813,-0.0,0.7088,40.19,16,147317
80.0,0,1,confirm,1.0,45.04,29.04,87.83,95,42.79,-0.0,323,0.294,1.55,0.239,0.2017,17,0.2924,0,0.8634,0,-1,,0,-1,,0,-1,,0,-1,,0.1641,40.7,17,150671
80.0,0,-1,confirm,1.0,29.14,13.14,72.86,1097,43.72,31.39,1229,0.893,0.268,0.17,0.4451,18,0.5458,1168,0.9172,0,-1,,0,-1,,0,-1,,0,-1,,0.1443,42.42,17,150994
80.0,0,1,confirm,1.0,76.45,60.45,119.17,813,42.72,4.5,882,0.922,5.65,0.262,0.6378,18,0.7018,788,0.9102,0,-1,,0,-1,,0,-1,,0,-1,,0.1532,44.04,18,152223
80.0,0,-1,confirm,1.0,13.39,-2.61,54.67,2429,41.28,13.39,2676,0.908,0.46,0.222,0.0491,19,0.2744,2587,0.9067,1,624,-2.23,1,624,-2.23,1,822,15.62,1,846,18.97,0.7284,42.22,18,153105
80.0,0,1,confirm,1.0,-46.92,-62.92,34.63,760,81.56,46.92,1725,0.441,6.048,0.142,0.3748,19,0.4232,420,0.9631,1,548,8.94,1,548,8.94,1,548,8.94,1,600,0.0,0.7911,41.51,19,155781
80.0,0,-1,fallback,1.0,39.29,23.29,79.69,1403,40.41,4.49,1643,0.854,1.773,0.22,0.5027,20,0.504,1498,0.9551,1,222,7.86,1,222,7.86,1,222,7.86,0,-1,,0.6202,81.27,19,157506
80.0,0,1,confirm,1.0,-43.95,-59.95,36.06,3432,80.01,43.95,4157,0.826,0.286,0.124,0.111,21,0.707,2719,0.9876,1,692,4.51,1,692,4.51,1,692,4.51,1,774,3.38,0.7383,40.73,20,159149
80.0,0,-1,confirm,1.0,103.0,87.0,143.75,1178,40.75,12.45,1259,0.936,1.049,0.215,0.089,21,0.3625,504,0.9381,1,790,67.91,1,790,67.91,1,790,67.91,1,835,73.57,0.3784,79.72,21,163306
80.0,0,1,confirm,1.0,14.87,-1.13,56.04,187,41.17,-0.0,499,0.375,0.405,0.053,-0.249,21,-0.0637,447,0.8851,0,-1,,0,-1,,0,-1,,0,-1,,0.4752,41.34,21,164565
80.0,0,-1,confirm,1.0,11.42,-4.58,51.39,562,39.97,29.69,641,0.877,2.181,0.15,0.0796,22,0.2501,409,0.8212,1,583,38.83,1,583,38.83,1,583,38.83,1,600,25.12,0.5994,40.94,21,165064
80.0,0,1,confirm,1.0,0.0,-16.0,42.3,91,42.3,-0.0,161,0.565,0.793,0.029,0.1004,22,0.194,160,0.8637,0,-1,,0,-1,,0,-1,,0,-1,,0.2835,40.17,22,165705
80.0,0,-1,confirm,1.0,12.58,-3.42,53.73,223,41.16,1.14,285,0.782,2.798,0.061,0.0509,22,0.0866,179,0.7512,0,-1,,0,-1,,0,-1,,0,-1,,0.0905,42.12,22,165866
80.0,0,1,confirm,1.0,99.59,83.59,140.8,3560,41.21,38.92,3707,0.96,0.807,0.107,-0.1067,23,0.4863,2852,0.902,1,1102,12.59,1,1102,12.59,1,1102,12.59,1,1552,-38.92,0.0739,41.38,22,166151
80.0,0,-1,confirm,1.0,34.0,18.0,79.34,547,45.34,9.07,977,0.56,2.215,0.246,0.0374,23,0.1596,732,0.9294,1,204,-5.67,1,204,-5.67,0,-1,,1,282,-4.53,0.1563,40.64,23,169858
80.0,0,1,confirm,1.0,43.22,27.22,84.16,1560,40.94,10.24,2014,0.775,1.461,0.1,-0.0724,23,0.3008,266,0.9061,1,622,36.39,1,622,36.39,1,622,36.39,1,622,36.39,0.1442,45.7,23,170835
80.0,0,-1,confirm,1.0,9.06,-6.94,50.96,1072,41.9,29.44,1168,0.918,0.492,0.117,0.0554,0,0.3125,191,0.8852,1,551,-10.19,1,551,-10.19,1,551,-10.19,1,555,-11.32,0.3056,40.6,0,172849
80.0,0,1,confirm,1.0,22.67,6.67,63.47,626,40.8,3.4,1027,0.61,1.174,0.123,0.3751,0,0.4259,722,0.915,0,-1,,0,-1,,0,-1,,0,-1,,0.5023,42.11,0,174017
80.0,0,-1,confirm,1.0,119.87,103.87,159.45,1647,39.58,29.4,1706,0.965,1.733,0.222,0.3314,1,0.4768,1420,0.917,1,518,-4.52,1,518,-4.52,1,518,-4.52,1,518,-4.52,0.7304,40.55,0,175044
80.0,0,1,confirm,1.0,-1.14,-17.14,40.06,99,41.2,10.3,278,0.356,0.455,0.059,-0.2439,1,-0.1771,181,0.784,0,-1,,0,-1,,0,-1,,0,-1,,0.1601,40.22,1,176750
80.0,0,-1,confirm,1.0,-75.55,-91.55,8.01,62,83.56,75.55,1175,0.053,0.765,0.034,0.2307,1,0.2395,26,0.6699,1,226,-21.75,1,226,-21.75,1,226,-21.75,1,476,-58.38,0.3106,41.04,1,177028
80.0,0,1,fallback,1.0,-11.36,-27.36,31.81,25,43.17,11.36,477,0.052,1.459,0.104,0.2472,1,0.2579,24,0.5567,1,384,13.63,1,384,13.63,1,384,13.63,1,384,13.63,0.1471,83.63,1,178203
80.0,0,-1,confirm,1.0,58.01,42.01,97.82,2592,39.81,15.92,2815,0.921,2.139,0.093,0.3221,2,0.5731,433,0.8324,1,1199,-5.69,1,1199,-5.69,1,1199,-5.69,1,1199,-5.69,0.4674,43.04,1,178680
80.0,0,1,confirm,1.0,-96.1,-112.1,0.0,0,96.1,96.1,1053,0.0,0.287,0.026,-0.2211,2,0.0947,923,0.8977,1,937,-44.62,0,-1,,0,-1,,0,-1,,0.5113,40.2,2,181495
80.0,0,-1,fallback,1.0,-4.62,-20.62,35.81,60,40.43,15.02,88,0.682,4.011,0.162,0.2528,2,0.3898,0,0.6598,0,-1,,0,-1,,0,-1,,0,-1,,0.246,96.1,2,182548
80.0,0,1,confirm,1.0,-47.34,-63.34,32.33,140,79.67,47.34,865,0.162,0.706,0.062,-0.1965,2,0.0604,568,0.5038,1,579,3.46,0,-1,,0,-1,,0,-1,,0.0336,40.58,2,182636
80.0,0,-1,confirm,1.0,-13.92,-29.92,26.68,516,40.6,19.72,1051,0.491,2.706,0.075,0.5108,3,0.5276,872,0.933,0,-1,,0,-1,,0,-1,,0,-1,,0.1708,79.41,2,183501
80.0,0,1,confirm,1.0,31.28,15.28,71.83,168,40.55,4.63,277,0.606,2.254,0.137,-0.0336,3,0.0932,129,0.5973,1,163,63.72,0,-1,,0,-1,,0,-1,,0.8377,40.71,3,184552
80.0,0,-1,confirm,1.0,23.1,7.1,63.52,492,40.42,3.46,578,0.851,3.238,0.173,0.0501,3,0.2991,455,0.9093,0,-1,,0,-1,,0,-1,,0,-1,,0.0372,40.26,3,184829
80.0,0,1,confirm,1.0,-45.14,-61.14,35.88,125,81.03,45.14,1723,0.073,2.357,0.078,-0.0075,3,0.1508,317,0.8648,1,478,-5.79,1,478,-5.79,0,-1,,1,646,0.0,0.3087,40.68,3,185407
80.0,0,-1,fallback,1.0,-8.14,-24.14,32.56,320,40.7,8.14,342,0.936,3.208,0.07,0.2163,4,0.3201,2,0.6704,1,150,18.6,1,150,18.6,1,150,18.6,0,-1,,0.1947,80.74,3,187130
80.0,0,1,confirm,1.0,47.64,31.64,88.3,214,40.66,3.49,416,0.514,2.092,0.109,-0.0309,4,0.0351,344,0.6431,0,-1,,0,-1,,0,-1,,0,-1,,0.6704,40.83,4,187472
80.0,0,-1,confirm,1.0,-64.75,-80.75,16.19,395,80.94,64.75,870,0.454,1.263,0.083,-0.083,4,0.1593,739,0.8176,1,583,-2.31,1,825,-43.94,0,-1,,1,869,-55.5,0.5401,40.31,4,187888
80.0,0,1,fallback,1.0,-25.28,-41.28,14.94,45,40.21,25.28,276,0.163,3.474,0.12,0.2608,4,0.3414,168,0.7118,0,-1,,0,-1,,0,-1,,0,-1,,0.8176,81.07,4,188758
80.0,0,-1,confirm,1.0,51.83,35.83,93.3,1096,41.47,0.0,1226,0.894,0.869,0.151,0.1675,4,0.5642,409,0.9654,1,622,50.68,1,622,50.68,1,622,50.68,1,660,48.38,0.6937,40.15,4,189034
80.0,0,1,confirm,1.0,2.32,-13.68,47.47,235,45.15,15.05,357,0.658,0.752,0.155,-0.0824,4,0.0631,355,0.7355,1,357,2.32,0,-1,,0,-1,,0,-1,,0.0091,41.86,4,190260
80.0,0,-1,confirm,1.0,-71.77,-87.77,9.26,2,81.03,71.77,196,0.01,3.482,0.064,0.1474,4,0.1474,2,0.5505,1,121,-48.62,1,121,-48.62,0,-1,,1,124,-57.88,0.1646,44.94,4,190617
80.0,0,1,fallback,1.0,-34.48,-50.48,5.75,5,40.23,34.48,181,0.028,0.518,0.187,0.0716,5,0.1488,71,0.1181,0,-1,,0,-1,,0,-1,,0,-1,,0.5505,81.1,5,190813
80.0,0,-1,confirm,1.0,8.07,-7.93,49.59,585,41.52,10.38,1071,0.546,2.625,0.172,0.2751,5,0.3454,771,0.952,0,-1,,0,-1,,0,-1,,0,-1,,0.4763,40.2,5,190994
80.0,0,1,confirm,1.0,-58.86,-74.86,25.39,607,84.26,58.86,1001,0.606,1.369,0.056,-0.1477,5,0.1723,688,0.9604,1,796,-11.54,1,796,-11.54,0,-1,,1,951,-19.62,0.5533,41.72,5,192065
80.0,0,-1,fallback,1.0,101.01,85.01,142.81,586,41.8,0.0,625,0.938,4.676,0.153,0.3366,5,0.349,323,0.8951,0,-1,,0,-1,,0,-1,,0,-1,,0.4643,84.04,5,193066
80.0,0,1,confirm,1.0,17.59,1.59,58.64,240,41.05,3.52,334,0.719,0.145,0.001,-0.2177,5,-0.2047,298,0.5588,0,-1,,0,-1,,0,-1,,0,-1,,0.3955,42.4,5,193691
80.0,0,-1,confirm,1.0,31.61,15.61,73.76,439,42.15,17.56,463,0.948,1.059,0.088,0.2419,6,0.3216,224,0.6293,1,225,17.56,1,225,17.56,1,225,17.56,0,-1,,0.2801,40.81,5,194025
80.0,0,1,confirm,1.0,-71.65,-87.65,9.4,2,81.04,71.65,104,0.019,2.204,0.037,-0.2033,6,-0.1774,33,0.3323,0,-1,,0,-1,,0,-1,,0,-1,,0.4046,42.46,6,194488
80.0,0,-1,fallback,1.0,-36.67,-52.67,3.55,45,40.22,36.67,116,0.388,2.798,0.087,0.211,6,0.2469,37,0.3369,0,-1,,0,-1,,0,-1,,0,-1,,0.0986,80.97,6,194592
80.0,0,1,confirm,1.0,7.07,-8.93,51.86,242,44.79,3.54,301,0.804,0.391,0.019,-0.1265,6,-0.1245,246,0.3767,0,-1,,0,-1,,0,-1,,0,-1,,0.1641,40.24,6,194708
80.0,0,-1,confirm,1.0,202.59,186.59,243.82,776,41.22,12.96,803,0.966,1.607,0.121,0.1567,6,0.2643,368,0.7409,0,-1,,0,-1,,0,-1,,0,-1,,0.1229,44.56,6,195009
80.0,0,1,confirm,1.0,-97.38,-113.38,0.0,0,97.38,97.38,48,0.0,2.225,0.091,-0.1469,6,-0.1154,44,0.1185,0,-1,,0,-1,,0,-1,,0,-1,,0.4705,42.26,6,195812
80.0,0,-1,fallback,1.0,-9.71,-25.71,30.35,3,40.06,9.71,23,0.13,2.061,0.144,0.1151,6,0.1369,1,-0.0048,0,-1,,0,-1,,0,-1,,0,-1,,0.2513,97.38,6,195860
80.0,0,1,confirm,1.0,99.45,83.45,141.9,329,42.45,4.85,347,0.948,0.275,0.013,-0.0115,6,-0.0114,331,0.262,0,-1,,0,-1,,0,-1,,0,-1,,0.0751,40.19,6,195883
80.0,0,-1,confirm,1.0,-19.21,-35.21,21.62,304,40.83,61.25,335,0.907,0.571,0.021,-0.0167,6,0.0148,0,0.4709,0,-1,,0,-1,,0,-1,,0,-1,,0.2207,41.86,6,196230
80.0,0,1,confirm,1.0,7.19,-8.81,47.94,54,40.75,-0.0,81,0.667,0.754,0.059,0.0688,6,0.0886,47,0.0803,0,-1,,0,-1,,0,-1,,0,-1,,0.1793,40.92,6,196565
80.0,0,-1,confirm,1.0,-73.06,-89.06,10.78,32,83.84,73.06,394,0.081,0.576,0.0,-0.0399,6,0.0114,203,0.4733,0,-1,,0,-1,,0,-1,,0,-1,,0.0829,40.56,6,196646
80.0,0,1,fallback,1.0,7.13,-8.87,48.75,21,41.62,-0.0,99,0.212,1.163,0.092,0.1557,6,0.1917,98,0.7038,0,-1,,0,-1,,0,-1,,0,-1,,0.1953,83.93,6,197040
80.0,0,-1,confirm,1.0,8.32,-7.68,51.09,71,42.78,0.0,145,0.49,0.588,0.004,-0.2401,6,-0.184,125,0.4917,0,-1,,0,-1,,0,-1,,0,-1,,0.5153,41.42,6,197139
80.0,0,1,confirm,1.0,-73.73,-89.73,5.95,1,79.68,73.73,152,0.007,1.05,0.053,0.214,6,0.2752,144,0.6703,0,-1,,0,-1,,0,-1,,0,-1,,0.1714,43.0,6,197284
80.0,0,-1,confirm,1.0,11.98,-4.02,52.71,699,40.73,57.51,712,0.982,2.99,0.074,0.0974,7,0.098,700,0.5941,1,635,-31.15,0,-1,,0,-1,,0,-1,,0.095,79.63,6,197436
80.0,0,1,confirm,1.0,-80.36,-96.36,0.0,0,80.36,80.36,260,0.0,3.208,0.032,-0.0645,7,-0.0564,5,0.3104,0,-1,,0,-1,,0,-1,,0,-1,,0.3901,40.95,7,198148
80.0,0,-1,fallback,1.0,-30.23,-46.23,14.51,30,44.74,30.23,98,0.306,1.098,0.13,0.1649,7,0.179,74,0.4559,0,-1,,0,-1,,0,-1,,0,-1,,0.2736,80.36,7,198408
80.0,0,1,confirm,1.0,-67.51,-83.51,19.29,9,86.8,67.51,214,0.042,0.791,0.067,-0.1645,7,0.0142,110,0.7434,0,-1,,0,-1,,0,-1,,0,-1,,0.4559,44.81,7,198506
80.0,0,-1,fallback,1.0,-32.77,-48.77,9.71,8,42.48,32.77,26,0.308,0.676,0.088,0.0107,7,0.0108,1,0.3013,0,-1,,0,-1,,0,-1,,0,-1,,0.1597,86.63,7,198720
80.0,0,1,confirm,1.0,58.07,42.07,100.41,709,42.34,35.08,755,0.939,0.383,0.098,0.4168,7,0.4725,671,0.7753,0,-1,,0,-1,,0,-1,,0,-1,,0.119,42.52,7,198746
80.0,0,-1,confirm,1.0,-74.57,-90.57,10.83,15,85.4,74.57,134,0.112,0.748,0.06,-0.3823,7,-0.2404,134,0.563,0,-1,,0,-1,,0,-1,,0,-1,,0.3783,41.92,7,199501
80.0,0,1,fallback,1.0,-9.55,-25.55,32.23,215,41.79,9.55,266,0.808,0.777,0.129,0.2675,7,0.2676,214,0.6121,0,-1,,0,-1,,0,-1,,0,-1,,0.563,85.49,7,199635
80.0,0,-1,confirm,1.0,-78.87,-94.87,2.39,8,81.26,78.87,247,0.032,1.122,0.081,-0.0469,7,-0.0116,83,0.3572,0,-1,,0,-1,,0,-1,,0,-1,,0.4728,41.65,7,199901
80.0,0,1,fallback,1.0,32.01,16.01,72.33,622,40.31,9.49,667,0.933,0.94,0.064,0.0576,7,0.2144,203,0.8803,1,480,43.87,1,480,43.87,1,480,43.87,0,-1,,0.0921,81.28,7,200148
80.0,0,-1,confirm,1.0,48.46,32.46,89.82,2261,41.37,54.37,2431,0.93,1.161,0.103,0.1441,8,0.3743,2064,0.9368,1,794,-29.55,1,794,-29.55,1,794,-29.55,1,794,-29.55,0.0533,40.02,7,200815
80.0,0,1,confirm,1.0,-70.07,-86.07,16.63,21,86.7,70.07,1044,0.02,0.548,0.073,-0.2818,8,-0.0607,608,0.6495,0,-1,,0,-1,,0,-1,,0,-1,,0.2314,41.74,8,203246
80.0,0,-1,fallback,1.0,-28.7,-44.7,14.35,82,43.06,28.7,213,0.385,0.858,0.135,0.0891,8,0.2202,164,0.8804,0,-1,,0,-1,,0,-1,,0,-1,,0.3427,86.55,8,204290
80.0,0,1,confirm,1.0,-10.73,-26.73,29.82,888,40.55,63.21,1020,0.871,0.645,0.142,0.1563,9,0.2141,725,0.8389,1,958,3.58,1,958,3.58,1,958,3.58,0,-1,,0.524,43.12,8,204503
80.0,0,-1,confirm,1.0,-81.18,-97.18,-0.0,0,81.18,81.18,478,0.0,0.483,0.085,0.0173,9,0.0912,180,0.8764,1,181,-14.33,0,-1,,0,-1,,0,-1,,0.1238,40.43,9,205523
80.0,0,1,fallback,1.0,7.11,-8.89,47.37,102,40.27,14.21,145,0.703,1.077,0.146,0.1824,9,0.1949,118,0.4743,0,-1,,0,-1,,0,-1,,0,-1,,0.4917,81.18,9,206001
80.0,0,-1,confirm,1.0,-46.15,-62.15,34.32,1437,80.47,46.15,2482,0.579,0.58,0.104,0.07,9,0.2356,878,0.8957,1,1464,29.59,1,1464,29.59,1,1464,29.59,1,1464,29.59,0.14,40.08,9,206146
80.0,0,1,fallback,1.0,11.78,-4.22,54.19,260,42.41,3.53,424,0.613,4.885,0.18,0.5466,10,0.6069,147,0.9621,0,-1,,0,-1,,0,-1,,0,-1,,0.4106,80.75,9,208628
80.0,0,-1,confirm,1.0,12.94,-3.06,54.12,840,41.18,14.12,1260,0.667,0.628,0.079,0.0329,10,0.2975,1166,0.9089,0,-1,,0,-1,,0,-1,,0,-1,,0.5789,42.18,10,209052
80.0,0,1,confirm,1.0,-58.91,-74.91,21.21,489,80.11,58.91,2432,0.201,2.581,0.136,0.0471,10,0.2346,761,0.9291,1,995,-36.52,1,995,-36.52,1,995,-36.52,1,1070,-28.28,0.5624,41.41,10,210312
80.0,0,-1,fallback,1.0,-15.41,-31.41,26.07,259,41.48,15.41,650,0.398,3.258,0.13,0.1934,11,0.5067,620,0.8507,0,-1,,0,-1,,0,-1,,0,-1,,0.1361,79.94,11,212744
80.0,0,1,confirm,1.0,7.1,-8.9,54.43,388,47.33,-0.0,461,0.842,0.792,0.153,0.0258,11,0.1826,437,0.9144,1,460,16.57,1,460,16.57,0,-1,,1,460,16.57,0.7399,41.59,11,213394
80.0,0,-1,confirm,1.0,14.19,-1.81,55.58,1283,41.39,28.38,1479,0.867,0.817,0.138,0.2182,11,0.4608,168,0.9239,0,-1,,0,-1,,0,-1,,0,-1,,0.1905,47.08,11,213855
80.0,0,1,confirm,1.0,-80.52,-96.52,0.0,0,80.52,80.52,747,0.0,1.324,0.011,-0.1646,11,-0.0649,623,0.8027,0,-1,,0,-1,,0,-1,,0,-1,,0.4523,41.62,11,215334
80.0,0,-1,fallback,1.0,8.36,-7.64,50.14,216,41.78,4.77,308,0.701,0.546,0.161,0.1934,12,0.2486,156,0.8188,0,-1,,0,-1,,0,-1,,0,-1,,0.5987,80.52,12,216081
80.0,0,1,confirm,1.0,17.92,1.92,59.74,64,41.82,-0.0,166,0.386,0.713,0.009,-0.1697,12,-0.1346,156,0.489,0,-1,,0,-1,,0,-1,,0,-1,,0.1075,41.99,12,216389
80.0,0,-1,confirm,1.0,-28.62,-44.62,32.2,1228,60.82,48.9,1246,0.986,1.238,0.107,0.1249,12,0.4753,555,0.8751,1,869,-25.04,1,869,-25.04,1,869,-25.04,0,-1,,0.1955,41.57,12,216555
80.0,0,1,confirm,1.0,-79.68,-95.68,0.0,0,79.68,79.68,67,0.0,4.124,0.004,0.0889,12,0.1314,2,0.3564,0,-1,,0,-1,,0,-1,,0,-1,,0.3186,61.02,12,217801
80.0,0,-1,confirm,1.0,25.17,9.17,65.93,313,40.76,4.8,356,0.879,0.889,0.115,0.1061,12,0.117,251,0.8145,0,-1,,0,-1,,0,-1,,0,-1,,0.3564,79.68,12,217868
80.0,0,1,confirm,1.0,14.42,-1.58,55.28,131,40.86,-0.0,208,0.63,0.148,0.004,-0.1017,12,-0.0822,2,0.2086,0,-1,,0,-1,,0,-1,,0,-1,,0.056,41.03,12,218224
80.0,0,-1,confirm,1.0,-56.4,-72.4,25.2,894,81.6,56.4,1211,0.738,0.518,0.112,0.4953,12,0.545,1080,0.9249,1,524,-25.2,1,524,-25.2,1,524,-25.2,1,587,-6.0,0.1508,40.64,12,218432
80.0,0,1,fallback,1.0,15.51,-0.49,59.67,290,44.15,3.58,320,0.906,0.988,0.166,0.2971,13,0.3052,259,0.7773,0,-1,,0,-1,,0,-1,,0,-1,,0.7314,81.81,13,219643
80.0,0,-1,confirm,1.0,-81.02,-97.02,2.38,1,83.4,81.02,867,0.001,3.306,0.087,-0.0882,13,0.2109,352,0.8306,1,600,-26.21,1,600,-26.21,1,600,-26.21,1,613,-19.06,0.2163,43.89,13,219963
80.0,0,1,fallback,1.0,-26.0,-42.0,22.46,63,48.46,26.0,173,0.364,1.347,0.144,-0.0584,13,0.0175,0,0.4286,0,-1,,0,-1,,0,-1,,0,-1,,0.3571,83.42,13,220830
80.0,0,-1,confirm,1.0,-61.62,-77.62,22.51,453,84.13,61.62,672,0.674,1.241,0.096,0.1715,13,0.2722,47,0.6718,0,-1,,0,-1,,0,-1,,0,-1,,0.2884,48.35,13,221003
80.0,0,1,fallback,1.0,-44.75,-60.75,0.0,0,44.75,44.75,145,0.0,0.72,0.066,-0.0927,13,0.0251,51,0.5543,0,-1,,0,-1,,0,-1,,0,-1,,0.3386,84.32,13,221675
80.0,0,-1,confirm,1.0,150.24,134.24,191.65,768,41.41,5.92,837,0.918,3.027,0.145,0.3238,13,0.3703,763,0.7809,1,40,11.83,0,-1,,0,-1,,0,-1,,0.3046,44.75,13,221820
80.0,0,1,confirm,1.0,-72.06,-88.06,9.61,15,81.67,72.06,285,0.053,1.579,0.075,-0.2537,13,-0.2107,99,0.2309,0,-1,,0,-1,,0,-1,,0,-1,,0.4228,42.21,13,222657
80.0,0,-1,fallback,1.0,38.71,22.71,79.85,258,41.13,0.0,306,0.843,0.242,0.089,0.2494,14,0.3006,122,0.8295,0,-1,,0,-1,,0,-1,,0,-1,,0.0128,81.59,13,222942
80.0,0,1,confirm,1.0,-9.72,-25.72,31.58,115,41.29,60.72,133,0.865,0.743,0.042,-0.0437,14,-0.0429,117,0.5982,0,-1,,0,-1,,0,-1,,0,-1,,0.6012,41.46,14,223248
80.0,0,-1,confirm,1.0,17.02,1.02,58.35,78,41.33,13.37,132,0.591,0.533,0.084,0.1695,14,0.1858,0,0.7768,0,-1,,0,-1,,0,-1,,0,-1,,0.02,41.16,14,223381
80.0,0,1,confirm,1.0,-85.24,-101.24,12.18,11,97.42,85.24,80,0.138,0.34,0.038,-0.1226,14,-0.111,79,0.5353,0,-1,,0,-1,,0,-1,,0,-1,,0.1176,41.57,14,223513
80.0,0,-1,fallback,1.0,-40.53,-56.53,1.23,1,41.76,40.53,5,0.2,1.317,0.069,0.1142,14,0.1144,5,0.107,0,-1,,0,-1,,0,-1,,0,-1,,0.5165,97.3,14,223593
80.0,0,1,confirm,1.0,132.11,116.11,174.92,202,42.81,11.01,259,0.78,2.113,0.074,0.0784,14,0.1127,259,0.8002,0,-1,,0,-1,,0,-1,,0,-1,,0.1002,41.76,14,223598
80.0,0,-1,confirm,1.0,4.83,-11.17,44.67,89,39.84,0.0,151,0.589,0.355,0.009,0.0072,14,0.0192,95,0.4727,0,-1,,0,-1,,0,-1,,0,-1,,0.4743,42.08,14,223857
80.0,0,1,confirm,1.0,22.95,6.95,65.23,178,42.28,3.62,318,0.56,0.47,0.12,0.2103,14,0.2879,216,0.5908,0,-1,,0,-1,,0,-1,,0,-1,,0.3882,40.02,14,224008
80.0,0,-1,confirm,1.0,-3.62,-19.62,43.38,476,47.0,45.79,674,0.706,0.462,0.069,-0.06,14,0.0517,531,0.7392,1,554,28.92,0,-1,,0,-1,,0,-1,,0.3374,42.0,14,224326
80.0,0,1,confirm,1.0,28.91,12.91,69.87,475,40.96,49.39,510,0.931,1.203,0.073,0.0761,14,0.0848,503,0.5709,0,-1,,0,-1,,0,-1,,0,-1,,0.1856,47.2,14,225000
80.0,0,-1,confirm,1.0,9.61,-6.39,52.85,354,43.24,1.2,405,0.874,2.076,0.002,0.1331,14,0.143,376,0.7582,0,-1,,0,-1,,0,-1,,0,-1,,0.2572,40.67,14,225510
80.0,0,1,confirm,1.0,-48.09,-64.09,32.46,47,80.56,48.09,253,0.186,0.544,0.007,-0.1418,14,-0.1263,3,0.616,0,-1,,0,-1,,0,-1,,0,-1,,0.638,43.47,14,225915
80.0,0,-1,fallback,1.0,-21.75,-37.75,19.33,51,41.08,21.75,101,0.505,0.924,0.061,0.2882,14,0.3149,26,0.5018,0,-1,,0,-1,,0,-1,,0,-1,,0.5574,80.3,14,226168
80.0,0,1,confirm,1.0,-72.33,-88.33,8.44,2,80.77,72.33,247,0.008,1.153,0.0,-0.2564,14,0.0755,198,0.4142,1,238,-67.51,0,-1,,0,-1,,0,-1,,0.2389,41.16,14,226269
80.0,0,-1,fallback,1.0,-36.43,-52.43,8.5,11,44.93,36.43,79,0.139,4.094,0.115,0.2588,14,0.285,46,0.8456,0,-1,,0,-1,,0,-1,,0,-1,,0.0011,80.7,14,226516
80.0,0,1,confirm,1.0,-4.84,-20.84,36.3,75,41.14,4.84,260,0.288,0.298,0.007,-0.2602,14,-0.2388,253,0.5189,0,-1,,0,-1,,0,-1,,0,-1,,0.7258,44.97,14,226595
80.0,0,-1,confirm,1.0,-9.68,-25.68,41.16,19,50.84,9.68,28,0.679,5.184,0.111,0.552,15,0.5844,18,0.8735,0,-1,,0,-1,,0,-1,,0,-1,,0.1286,40.99,15,226855
80.0,0,1,confirm,1.0,-60.47,-76.47,19.35,158,79.82,60.47,472,0.335,0.666,0.042,-0.3327,15,-0.2468,234,0.542,0,-1,,0,-1,,0,-1,,0,-1,,0.7923,51.05,15,226883
80.0,0,-1,confirm,1.0,47.45,31.45,87.6,400,40.15,24.33,485,0.825,1.154,0.121,0.3979,15,0.3998,452,0.7381,1,118,18.25,1,118,18.25,1,118,18.25,1,118,18.25,0.0634,79.66,15,227355
80.0,0,1,confirm,1.0,12.22,-3.78,52.57,542,40.34,42.79,621,0.873,0.799,0.067,0.4021,15,0.4127,519,0.8462,1,597,41.56,1,597,41.56,1,597,41.56,0,-1,,0.5417,40.51,15,227840
80.0,0,-1,confirm,1.0,8.55,-7.45,52.5,104,43.96,0.0,144,0.722,0.634,0.05,-0.0271,15,-0.0115,26,0.1759,0,-1,,0,-1,,0,-1,,0,-1,,0.2237,40.13,15,228461
80.0,0,1,confirm,1.0,-68.43,-84.43,20.77,73,89.21,68.43,372,0.196,1.336,0.058,0.1292,15,0.146,61,0.6631,1,325,-34.22,1,325,-34.22,0,-1,,0,-1,,0.1634,44.19,15,228605
80.0,0,-1,fallback,1.0,-7.38,-23.38,33.22,65,40.61,7.38,347,0.187,3.055,0.129,0.2342,15,0.3046,336,0.5612,0,-1,,0,-1,,0,-1,,0,-1,,0.0679,89.02,15,228977
80.0,0,1,confirm,1.0,4.92,-11.08,49.18,57,44.26,8.61,204,0.279,0.561,0.029,-0.2349,15,-0.1964,153,0.7126,0,-1,,0,-1,,0,-1,,0,-1,,0.5612,40.74,15,229324
80.0,0,-1,confirm,1.0,8.6,-7.4,49.16,170,40.56,6.14,236,0.72,2.77,0.026,0.409,15,0.4279,220,0.8612,0,-1,,0,-1,,0,-1,,0,-1,,0.5505,44.05,15,229528
80.0,0,1,confirm,1.0,13.53,-2.47,56.58,435,43.05,-0.0,645,0.674,0.13,0.063,-0.0444,15,0.3168,581,0.7977,1,625,36.9,1,625,36.9,1,625,36.9,0,-1,,0.8475,40.76,15,229764
80.0,0,-1,confirm,1.0,13.51,-2.49,67.56,253,54.05,7.37,381,0.664,5.0,0.099,0.5199,16,0.5212,254,0.9184,0,-1,,0,-1,,0,-1,,0,-1,,0.186,42.81,16,230409
80.0,0,1,confirm,1.0,-57.81,-73.81,22.14,47,79.95,57.81,149,0.315,1.371,0.018,-0.3397,16,-0.3392,49,0.5508,0,-1,,0,-1,,0,-1,,0,-1,,0.8789,54.42,16,230790
80.0,0,-1,confirm,1.0,-28.45,-44.45,14.85,6,43.3,28.45,42,0.143,1.046,0.099,0.3851,16,0.3882,12,0.5806,0,-1,,0,-1,,0,-1,,0,-1,,0.3447,79.77,16,230939
80.0,0,1,confirm,1.0,-70.32,-86.32,9.87,5,80.19,70.32,143,0.035,2.156,0.049,-0.3401,16,-0.3203,74,-0.1291,0,-1,,0,-1,,0,-1,,0,-1,,0.549,43.37,16,230981
80.0,0,-1,fallback,1.0,-17.39,-33.39,26.09,8,43.48,17.39,25,0.32,1.951,0.072,0.4003,16,0.404,5,0.6788,0,-1,,0,-1,,0,-1,,0,-1,,0.2529,80.11,16,231124
80.0,0,1,confirm,1.0,126.5,110.5,173.63,134,47.13,-0.0,153,0.876,2.088,0.068,-0.0541,16,-0.0508,139,0.4064,0,-1,,0,-1,,0,-1,,0,-1,,0.5785,43.6,16,231149
80.0,0,-1,confirm,1.0,-79.61,-95.61,7.35,1,86.96,79.61,31,0.032,0.896,0.039,0.0585,16,0.0585,1,-0.1088,0,-1,,0,-1,,0,-1,,0,-1,,0.0041,46.32,16,231302
80.0,0,1,fallback,1.0,-26.73,-42.73,15.8,19,42.53,26.73,57,0.333,0.823,0.079,-0.0435,16,-0.0371,15,0.155,0,-1,,0,-1,,0,-1,,0,-1,,0.1162,87.02,16,231333
80.0,0,-1,confirm,1.0,-75.54,-91.54,9.75,18,85.28,75.54,318,0.057,0.403,0.042,0.0658,16,0.0777,59,0.5868,1,300,-53.61,0,-1,,0,-1,,0,-1,,0.0875,42.46,16,231390
80.0,0,1,fallback,1.0,-12.09,-28.09,29.02,29,41.11,12.09,121,0.24,0.837,0.135,0.0689,16,0.0771,26,0.3089,0,-1,,0,-1,,0,-1,,0,-1,,0.206,85.37,16,231708
80.0,0,-1,confirm,1.0,27.85,11.85,67.8,383,39.95,27.85,433,0.885,0.714,0.01,0.0529,16,0.1189,297,0.6294,0,-1,,0,-1,,0,-1,,0,-1,,0.1687,40.99,16,231829
80.0,0,1,confirm,1.0,-80.13,-96.13,0.0,0,80.13,80.13,169,0.0,0.507,0.012,-0.0624,16,-0.0456,16,0.109,0,-1,,0,-1,,0,-1,,0,-1,,0.4664,40.22,16,232262
80.0,0,-1,fallback,1.0,-18.36,-34.36,22.03,55,40.39,18.36,112,0.491,0.668,0.13,0.2173,16,0.2228,1,0.6684,0,-1,,0,-1,,0,-1,,0,-1,,0.2024,80.13,16,232431
80.0,0,1,confirm,1.0,31.76,15.76,74.52,802,42.76,54.97,824,0.973,1.444,0.09,0.145,16,0.1454,805,0.64,0,-1,,0,-1,,0,-1,,0,-1,,0.6078,40.48,16,232543
80.0,0,-1,confirm,1.0,-82.81,-98.81,-0.0,0,82.81,82.81,109,0.0,1.735,0.059,-0.1187,16,-0.0942,24,0.3323,0,-1,,0,-1,,0,-1,,0,-1,,0.2761,42.44,16,233367
80.0,0,1,fallback,1.0,36.23,20.23,79.71,566,43.48,20.53,642,0.882,0.524,0.079,-0.0559,17,0.2504,287,0.6255,1,465,67.63,1,465,67.63,1,465,67.63,0,-1,,0.0689,82.81,16,233476
80.0,0,-1,confirm,1.0,9.63,-6.37,50.54,602,40.91,31.29,749,0.804,2.87,0.061,0.1379,17,0.2629,377,0.566,1,446,-19.25,1,446,-19.25,1,446,-19.25,0,-1,,0.1203,43.13,17,234118
80.0,0,1,confirm,1.0,-72.27,-88.27,7.23,8,79.5,72.27,245,0.033,0.31,0.033,0.0125,17,0.0391,99,0.6801,0,-1,,0,-1,,0,-1,,0,-1,,0.5574,41.12,17,234867
80.0,0,-1,confirm,1.0,-27.91,-43.91,12.13,108,40.04,27.91,222,0.486,0.245,0.129,0.0918,17,0.1205,140,0.5376,1,186,-4.85,1,186,-4.85,0,-1,,1,187,-1.21,0.5175,79.44,17,235112
80.0,0,1,confirm,1.0,2.42,-13.58,43.56,1112,41.14,55.66,1152,0.965,0.946,0.106,0.0602,17,0.341,406,0.9617,1,657,-22.99,1,657,-22.99,1,657,-22.99,1,976,-15.73,0.2237,40.09,17,235334
80.0,0,-1,confirm,1.0,3.63,-12.37,43.55,870,39.92,15.73,1000,0.87,1.572,0.042,-0.0487,17,0.0905,144,0.7847,1,26,-2.42,0,-1,,0,-1,,0,-1,,0.1911,40.96,17,236486
80.0,0,1,confirm,1.0,1.21,-14.79,42.35,575,41.14,25.41,750,0.767,0.201,0.099,0.3003,18,0.3221,497,0.8344,0,-1,,0,-1,,0,-1,,0,-1,,0.5978,40.09,17,237486
80.0,0,-1,confirm,1.0,71.39,55.39,111.31,607,39.93,15.73,622,0.976,1.025,0.169,0.1824,18,0.2091,587,0.6863,0,-1,,0,-1,,0,-1,,0,-1,,0.3869,40.97,18,238236
80.0,0,1,confirm,1.0,-82.87,-98.87,4.87,3,87.74,82.87,330,0.009,2.913,0.082,-0.0876,18,-0.0856,1,0.5187,0,-1,,0,-1,,0,-1,,0,-1,,0.2536,40.38,18,238858
80.0,0,-1,fallback,1.0,27.03,11.03,71.27,671,44.24,29.49,692,0.97,3.31,0.103,0.1727,18,0.2598,284,0.7798,0,-1,,0,-1,,0,-1,,0,-1,,0.1602,87.7,18,239188
80.0,0,1,confirm,1.0,16.02,0.02,56.68,148,40.66,19.71,232,0.638,0.616,0.038,-0.0554,18,0.0043,205,0.6726,0,-1,,0,-1,,0,-1,,0,-1,,0.2003,44.55,18,239880
80.0,0,-1,confirm,1.0,34.44,18.44,79.96,136,45.52,0.0,169,0.805,2.557,0.094,0.1464,18,0.1971,164,0.8292,0,-1,,0,-1,,0,-1,,0,-1,,0.4593,40.43,18,240112
80.0,0,1,confirm,1.0,-59.25,-75.25,20.99,19,80.24,59.25,404,0.047,2.32,0.011,-0.1718,18,-0.0396,372,0.6996,0,-1,,0,-1,,0,-1,,0,-1,,0.3336,45.88,18,240281
80.0,0,-1,fallback,1.0,65.81,49.81,105.55,89,39.74,6.21,118,0.754,7.299,0.13,0.2154,18,0.3322,69,0.518,1,39,38.49,1,39,38.49,0,-1,,0,-1,,0.0666,80.07,18,240685
80.0,0,1,confirm,1.0,-3.75,-19.75,41.25,19,45.0,3.75,65,0.292,1.848,0.058,-0.1274,18,-0.1175,46,0.5301,0,-1,,0,-1,,0,-1,,0,-1,,0.2463,40.16,18,240803
80.0,0,-1,confirm,1.0,-73.78,-89.78,11.25,3,85.03,73.78,133,0.023,0.495,0.081,0.126,18,0.1268,1,0.4456,0,-1,,0,-1,,0,-1,,0,-1,,0.3825,44.82,18,240868
80.0,0,1,fallback,1.0,-26.07,-42.07,14.9,9,40.96,26.07,67,0.134,0.76,0.005,-0.0999,18,-0.0949,53,0.2105,0,-1,,0,-1,,0,-1,,0,-1,,0.0653,85.13,18,241001
80.0,0,-1,confirm,1.0,75.92,59.92,115.74,223,39.83,4.98,247,0.903,1.305,0.082,0.0755,19,0.1471,172,0.6989,0,-1,,0,-1,,0,-1,,0,-1,,0.0313,40.9,18,241068
80.0,0,1,confirm,1.0,1.25,-14.75,48.91,108,47.65,5.02,141,0.766,0.733,0.014,0.0714,19,0.213,41,0.6499,0,-1,,0,-1,,0,-1,,0,-1,,0.3043,40.29,19,241315
80.0,0,-1,confirm,1.0,6.27,-9.73,46.39,61,40.13,0.0,84,0.726,0.796,0.042,0.0157,19,0.026,71,0.6037,0,-1,,0,-1,,0,-1,,0,-1,,0.1525,47.42,19,241456
80.0,0,1,confirm,1.0,-10.04,-26.04,30.11,347,40.15,62.74,377,0.92,0.541,0.028,-0.1856,19,0.0616,20,0.4043,1,135,-47.68,0,-1,,0,-1,,0,-1,,0.5569,40.31,19,241540
80.0,0,-1,confirm,1.0,31.4,15.4,76.61,263,45.21,13.82,291,0.904,2.891,0.05,0.2924,19,0.3384,272,0.6146,0,-1,,0,-1,,0,-1,,0,-1,,0.0825,40.03,19,241917
80.0,0,1,confirm,1.0,78.12,62.12,120.95,828,42.84,44.1,864,0.958,0.92,0.105,0.3031,19,0.3773,861,0.7764,0,-1,,0,-1,,0,-1,,0,-1,,0.4458,45.56,19,242208
80.0,0,-1,confirm,1.0,8.75,-7.25,50.01,84,41.26,10.0,134,0.627,1.461,0.005,-0.2213,19,-0.1802,58,0.5564,0,-1,,0,-1,,0,-1,,0,-1,,0.4108,42.33,19,243072
80.0,0,1,confirm,1.0,11.26,-4.74,53.8,411,42.54,20.02,470,0.874,0.356,0.011,0.0157,19,0.2219,9,0.8154,1,330,10.01,1,330,10.01,1,330,10.01,0,-1,,0.3689,41.46,19,243206
80.0,0,-1,confirm,1.0,-63.74,-79.74,21.25,22,84.99,63.74,278,0.079,1.258,0.015,-0.0938,19,-0.0173,5,0.3809,0,-1,,0,-1,,0,-1,,0,-1,,0.7734,42.31,19,243676
80.0,0,1,fallback,1.0,104.32,88.32,145.31,141,40.98,6.21,171,0.825,1.549,0.169,0.1979,19,0.2331,99,0.5808,0,-1,,0,-1,,0,-1,,0,-1,,0.0337,85.17,19,243954
80.0,0,-1,confirm,1.0,3.69,-12.31,44.25,669,40.56,60.23,720,0.929,2.482,0.05,0.0157,19,0.055,591,0.5368,1,617,3.69,0,-1,,0,-1,,0,-1,,0.0779,40.4,19,244125
80.0,0,1,confirm,1.0,-72.54,-88.54,8.61,14,81.15,72.54,90,0.156,1.256,0.025,-0.0115,20,0.013,61,0.6469,0,-1,,0,-1,,0,-1,,0,-1,,0.0236,40.74,20,244845
80.0,0,-1,fallback,1.0,38.39,22.39,80.51,224,42.11,8.67,267,0.839,1.052,0.132,0.1288,20,0.1774,109,0.5818,0,-1,,0,-1,,0,-1,,0,-1,,0.0246,81.08,20,244935
80.0,0,1,confirm,1.0,116.87,100.87,162.87,182,46.0,9.95,259,0.703,4.104,0.057,0.0643,20,0.0972,234,0.6824,0,-1,,0,-1,,0,-1,,0,-1,,0.3156,42.45,20,245202
80.0,0,-1,confirm,1.0,-55.3,-71.3,25.81,115,81.11,55.3,295,0.39,0.612,0.043,-0.0961,20,-0.0461,33,0.5507,0,-1,,0,-1,,0,-1,,0,-1,,0.3093,45.27,20,245461
80.0,0,1,fallback,1.0,-39.11,-55.11,1.22,2,40.33,39.11,35,0.057,0.744,0.158,0.2119,20,0.2119,0,0.4845,0,-1,,0,-1,,0,-1,,0,-1,,0.1313,81.32,20,245756
80.0,0,-1,confirm,1.0,-56.44,-72.44,25.77,31,82.21,56.44,505,0.061,0.654,0.087,-0.1369,20,-0.0088,193,0.799,0,-1,,0,-1,,0,-1,,0,-1,,0.3255,40.33,20,245791
80.0,0,1,fallback,1.0,-9.76,-25.76,30.5,50,40.26,9.76,263,0.19,1.644,0.067,0.1161,20,0.2338,130,0.8001,0,-1,,0,-1,,0,-1,,0,-1,,0.5832,82.42,20,246296
80.0,0,-1,confirm,1.0,-61.06,-77.06,20.76,313,81.83,61.06,1086,0.288,0.709,0.032,-0.2585,20,-0.1415,1082,0.535,0,-1,,0,-1,,0,-1,,0,-1,,0.3631,40.14,20,246559
80.0,0,1,fallback,1.0,10.92,-5.08,52.2,203,41.27,25.49,319,0.636,4.096,0.136,0.2517,20,0.2853,231,0.8699,0,-1,,0,-1,,0,-1,,0,-1,,0.2639,82.0,20,247645
80.0,0,-1,confirm,1.0,-66.69,-82.69,18.19,83,84.88,66.69,703,0.118,1.01,0.02,-0.0661,20,-0.0379,605,0.5544,0,-1,,0,-1,,0,-1,,0,-1,,0.3595,41.06,20,247964
80.0,0,1,fallback,1.0,-34.93,-50.93,6.02,49,40.95,34.93,109,0.45,1.259,0.084,0.144,21,0.1468,38,0.6409,0,-1,,0,-1,,0,-1,,0,-1,,0.1656,85.03,21,248667
80.0,0,-1,confirm,1.0,-59.23,-75.23,21.76,19,80.99,59.23,1787,0.011,0.432,0.0,-0.135,21,-0.0625,1491,0.5022,0,-1,,0,-1,,0,-1,,0,-1,,0.6409,40.93,21,248776
80.0,0,1,fallback,1.0,6.01,-9.99,46.86,412,40.86,6.01,638,0.646,2.317,0.193,0.3726,21,0.3726,412,0.9209,0,-1,,0,-1,,0,-1,,0,-1,,0.04,81.16,21,250563
80.0,0,-1,confirm,1.0,108.08,92.08,147.71,1174,39.63,27.62,1238,0.948,2.645,0.298,-0.0089,22,0.2584,810,0.8649,1,999,69.65,1,999,69.65,1,999,69.65,1,1016,63.65,0.6425,40.66,21,251201
80.0,0,1,confirm,1.0,48.56,32.56,91.05,894,42.49,15.78,1098,0.814,0.603,0.102,0.0412,22,0.1072,620,0.8373,1,361,10.93,1,692,37.64,0,-1,,1,705,37.64,0.7686,40.22,22,252439
80.0,0,-1,confirm,1.0,233.18,217.18,274.25,4090,41.08,47.12,4187,0.977,3.166,0.268,0.1818,23,0.4243,3891,0.9299,1,890,-18.12,1,890,-18.12,1,890,-18.12,1,1200,19.33,0.0337,42.11,22,253537
80.0,0,1,confirm,1.0,-3.71,-19.71,39.58,196,43.3,3.71,284,0.69,2.654,0.048,-0.093,23,-0.0369,193,0.3553,0,-1,,0,-1,,0,-1,,0,-1,,0.1299,42.24,23,257724
80.0,0,-1,confirm,1.0,-60.64,-76.64,21.04,332,81.67,60.64,656,0.506,1.141,0.093,0.0764,23,0.1148,5,0.5633,1,174,-3.71,1,174,-3.71,0,-1,,1,512,-16.09,0.2402,43.12,23,258008
80.0,0,1,fallback,1.0,126.69,110.69,168.51,1517,41.82,6.15,1672,0.907,4.125,0.083,0.5928,0,0.6274,1590,0.9396,1,499,17.22,1,499,17.22,1,499,17.22,1,516,9.84,0.012,81.85,23,258664
80.0,0,-1,confirm,1.0,-68.02,-84.02,14.58,408,82.59,68.02,1702,0.24,1.293,0.125,0.0989,0,0.2374,754,0.9298,1,863,-42.51,1,863,-42.51,1,863,-42.51,1,1286,-44.94,0.9235,41.13,0,260336
80.0,0,1,fallback,1.0,-24.13,-40.13,16.89,511,41.02,27.75,1257,0.407,1.054,0.114,0.3008,0,0.5846,114,0.9593,1,622,-12.06,1,622,-12.06,1,622,-12.06,1,648,-13.27,0.6768,82.71,0,262038
80.0,0,-1,confirm,1.0,58.05,42.05,99.17,995,41.12,12.09,1106,0.9,1.044,0.141,0.2255,1,0.5338,829,0.9317,1,1079,84.65,1,1079,84.65,1,1079,84.65,1,1079,84.65,0.2286,40.95,1,263295
80.0,0,1,confirm,1.0,15.81,-0.19,57.17,462,41.36,7.3,638,0.724,1.522,0.27,0.0263,1,0.2038,23,0.6715,1,45,7.3,1,45,7.3,1,45,7.3,0,-1,,0.0015,41.53,1,264401
80.0,0,-1,confirm,1.0,21.86,5.86,63.15,856,41.29,4.86,1031,0.83,0.673,0.202,0.265,1,0.265,856,0.8784,1,3,6.07,1,946,27.93,1,946,27.93,0,-1,,0.2999,41.12,1,265039
80.0,0,1,confirm,1.0,-79.11,-95.11,2.43,43,81.55,79.11,762,0.056,1.044,0.013,0.0304,1,0.2351,365,0.7587,1,515,-40.17,1,515,-40.17,1,515,-40.17,1,515,-40.17,0.1277,41.55,1,266070
80.0,0,-1,fallback,1.0,-41.71,-57.71,-0.0,0,41.71,41.71,165,0.0,1.499,0.168,0.035,2,0.2392,137,0.8832,0,-1,,0,-1,,0,-1,,0,-1,,0.0667,81.53,2,266832
80.0,0,1,confirm,1.0,-68.42,-84.42,12.22,36,80.64,68.42,467,0.077,0.933,0.025,-0.2018,2,0.0167,205,0.7398,0,-1,,0,-1,,0,-1,,0,-1,,0.1151,41.71,2,266997
80.0,0,-1,fallback,1.0,-17.22,-33.22,23.37,158,40.6,17.22,279,0.566,0.941,0.212,0.064,2,0.2049,7,0.5927,1,238,8.61,1,238,8.61,1,238,8.61,0,-1,,0.0323,80.54,2,267464
80.0,0,1,confirm,1.0,-2.46,-18.46,39.3,771,41.75,25.79,947,0.814,1.474,0.126,0.1619,2,0.1735,772,0.8833,1,784,20.88,1,784,20.88,0,-1,,1,785,15.96,0.3899,40.69,2,267743
80.0,0,-1,confirm,1.0,14.74,-1.26,57.73,1636,42.99,71.24,2127,0.769,1.015,0.197,0.223,3,0.5904,117,0.8507,1,655,-54.05,1,655,-54.05,1,655,-54.05,1,680,-51.59,0.3004,41.59,2,268690
80.0,0,1,confirm,1.0,-73.81,-89.81,6.15,3,79.96,73.81,1112,0.003,0.833,0.041,0.0343,3,0.2848,575,0.9437,1,688,-62.74,1,688,-62.74,1,688,-62.74,1,929,-40.6,0.0583,43.24,3,270817
80.0,0,-1,confirm,1.0,-23.55,-39.55,17.35,192,40.9,23.55,211,0.91,1.374,0.059,0.1053,3,0.1671,129,0.4934,0,-1,,0,-1,,0,-1,,0,-1,,0.3418,79.91,3,271929
80.0,0,1,confirm,1.0,9.89,-6.11,50.69,938,40.8,16.07,992,0.946,0.82,0.1,-0.079,3,0.1206,406,0.9193,1,419,-4.95,1,419,-4.95,0,-1,,1,439,-9.89,0.1407,40.97,3,272140
80.0,0,-1,confirm,1.0,132.16,116.16,176.63,1386,44.47,62.99,1429,0.97,1.409,0.159,0.2965,4,0.6363,546,0.922,1,572,-40.76,1,572,-40.76,1,572,-40.76,0,-1,,0.6573,40.6,3,273132
80.0,0,1,confirm,1.0,-47.57,-63.57,32.54,14,80.11,47.57,166,0.084,1.619,0.057,-0.2301,4,-0.1893,118,0.4757,0,-1,,0,-1,,0,-1,,0,-1,,0.3722,45.27,4,274561
80.0,0,-1,confirm,1.0,16.35,0.35,56.6,93,40.25,20.12,139,0.669,1.795,0.108,0.0281,4,0.2218,3,0.579,0,-1,,0,-1,,0,-1,,0,-1,,0.4468,79.85,4,274727
80.0,0,1,confirm,1.0,-73.07,-89.07,25.2,247,98.26,73.07,393,0.628,0.818,0.009,0.0187,4,0.0724,153,0.24,1,224,6.3,0,-1,,0,-1,,0,-1,,0.1341,40.48,4,274866
80.0,0,-1,fallback,1.0,-40.61,-56.61,6.35,1,46.95,40.61,22,0.045,2.149,0.104,0.1708,4,0.2526,18,0.5211,0,-1,,0,-1,,0,-1,,0,-1,,0.013,98.01,4,275259
80.0,0,1,confirm,1.0,-69.51,-85.51,13.9,3,83.42,69.51,187,0.016,4.273,0.056,-0.24,4,-0.0937,187,0.733,0,-1,,0,-1,,0,-1,,0,-1,,0.4337,46.98,4,275281
80.0,0,-1,fallback,1.0,14.0,-2.0,59.82,214,45.82,14.0,255,0.839,0.969,0.121,0.0479,4,0.1032,13,0.2815,0,-1,,0,-1,,0,-1,,0,-1,,0.4281,83.3,4,275468
80.0,0,1,confirm,1.0,-53.53,-69.53,31.86,82,85.39,53.53,168,0.488,0.477,0.046,-0.0175,4,0.1328,166,0.3645,0,-1,,0,-1,,0,-1,,0,-1,,0.1673,46.09,4,275723
80.0,0,-1,fallback,1.0,-19.22,-35.22,21.78,8,41.0,19.22,18,0.444,2.937,0.09,0.0435,4,0.0592,3,0.6121,0,-1,,0,-1,,0,-1,,0,-1,,0.2822,85.12,4,275891
80.0,0,1,confirm,1.0,43.48,27.48,85.69,623,42.2,30.69,660,0.944,1.399,0.078,-0.0297,4,0.0838,586,0.4363,1,599,65.23,0,-1,,0,-1,,0,-1,,0.5034,41.09,4,275909
80.0,0,-1,confirm,1.0,-1.27,-17.27,39.48,44,40.75,1.27,101,0.436,0.653,0.013,0.0592,4,0.1002,97,0.2344,0,-1,,0,-1,,0,-1,,0,-1,,0.4838,41.85,4,276569
80.0,0,1,confirm,1.0,28.01,12.01,70.03,202,42.02,5.09,309,0.654,0.396,0.094,-0.0085,4,0.0152,108,0.5321,0,-1,,0,-1,,0,-1,,0,-1,,0.1405,40.91,4,276670
80.0,0,-1,confirm,1.0,12.7,-3.3,55.87,88,43.17,3.81,173,0.509,1.629,0.045,0.045,4,0.0477,108,0.333,0,-1,,0,-1,,0,-1,,0,-1,,0.2342,41.72,4,276979
80.0,0,1,confirm,1.0,-78.82,-94.82,1.27,1,80.09,78.82,155,0.006,0.615,0.003,0.0908,4,0.1261,59,0.7897,1,105,-27.97,1,105,-27.97,0,-1,,0,-1,,0.0415,43.41,4,277152
80.0,0,-1,fallback,1.0,-0.0,-16.0,46.13,38,46.13,16.66,63,0.603,2.538,0.151,0.1359,5,0.1359,38,0.481,0,-1,,0,-1,,0,-1,,0,-1,,0.7225,80.08,5,277307
80.0,0,1,confirm,1.0,3.84,-12.16,57.66,240,53.82,12.81,290,0.828,0.531,0.01,-0.0409,5,-0.0217,155,0.5981,0,-1,,0,-1,,0,-1,,0,-1,,0.1657,46.34,5,277370
80.0,0,-1,confirm,1.0,-73.01,-89.01,8.97,7,81.98,73.01,140,0.05,0.538,0.033,0.0527,5,0.0937,138,0.3387,0,-1,,0,-1,,0,-1,,0,-1,,0.0578,53.51,5,277660
80.0,0,1,fallback,1.0,-3.81,-19.81,36.88,62,40.69,3.81,128,0.484,0.722,0.056,-0.0005,5,0.0206,83,0.4611,0,-1,,0,-1,,0,-1,,0,-1,,0.2743,82.05,5,277800
80.0,0,-1,confirm,1.0,16.54,0.54,57.24,172,40.71,10.18,210,0.819,0.926,0.007,-0.0292,5,0.0563,79,0.3672,1,80,8.9,0,-1,,0,-1,,0,-1,,0.1442,40.54,5,277928
80.0,0,1,confirm,1.0,96.84,80.84,142.71,367,45.87,25.48,382,0.961,3.805,0.095,0.1541,5,0.1848,365,0.4336,1,330,58.61,1,330,58.61,0,-1,,0,-1,,0.2778,40.94,5,278138
80.0,0,-1,confirm,1.0,-92.13,-108.13,2.52,3,94.65,92.13,31,0.097,3.898,0.065,-0.1134,5,-0.1134,3,-0.1813,0,-1,,0,-1,,0,-1,,0,-1,,0.2728,45.23,5,278520
80.0,0,1,fallback,1.0,28.76,12.76,70.03,18,41.27,-0.0,24,0.75,5.375,0.19,0.0976,5,0.1531,0,0.2423,0,-1,,0,-1,,0,-1,,0,-1,,0.2216,94.67,5,278551
80.0,0,-1,confirm,1.0,39.9,23.9,84.79,723,44.89,58.6,761,0.95,1.237,0.1,0.1212,5,0.1944,701,0.6553,0,-1,,0,-1,,0,-1,,0,-1,,0.0438,40.98,5,278575
80.0,0,1,confirm,1.0,17.53,1.53,58.84,53,41.31,5.01,108,0.491,4.686,0.002,0.0969,5,0.1421,94,0.5692,0,-1,,0,-1,,0,-1,,0,-1,,0.2494,45.27,5,279336
80.0,0,-1,confirm,1.0,-59.99,-75.99,21.24,72,81.23,59.99,664,0.108,0.875,0.009,-0.0853,5,0.0143,638,0.6139,0,-1,,0,-1,,0,-1,,0,-1,,0.4058,41.07,5,279444
80.0,0,1,fallback,1.0,-2.48,-18.48,39.75,58,42.24,2.48,157,0.369,1.608,0.134,0.0849,5,0.1203,26,0.3217,1,153,13.66,1,153,13.66,0,-1,,0,-1,,0.3926,81.4,5,280108
80.0,0,-1,confirm,1.0,-48.46,-64.46,33.55,202,82.01,48.46,754,0.268,0.209,0.019,0.1575,5,0.1804,494,0.8719,1,578,-33.55,1,578,-33.55,0,-1,,1,597,-18.64,0.0849,42.07,5,280265
80.0,0,1,fallback,1.0,-8.66,-24.66,32.15,67,40.81,16.08,172,0.39,3.105,0.143,0.169,6,0.169,67,0.466,1,56,-14.84,1,56,-14.84,0,-1,,0,-1,,0.8719,82.28,6,281019
80.0,0,-1,confirm,1.0,-73.02,-89.02,8.66,172,81.68,73.02,908,0.189,0.326,0.037,-0.0204,6,0.4508,651,0.8914,0,-1,,0,-1,,0,-1,,0,-1,,0.3519,40.68,6,281191
80.0,0,1,fallback,1.0,-27.03,-43.03,13.52,41,40.55,27.03,349,0.117,3.406,0.099,-0.0581,6,-0.0101,203,0.3543,0,-1,,0,-1,,0,-1,,0,-1,,0.2836,81.75,6,282099
80.0,0,-1,confirm,1.0,54.21,38.21,96.09,1436,41.89,33.26,1550,0.926,2.211,0.161,0.2003,6,0.4048,945,0.9414,1,275,16.02,1,275,16.02,1,275,16.02,0,-1,,0.1038,40.49,6,282448
80.0,0,1,confirm,1.0,54.5,38.5,95.38,1322,40.88,61.93,1578,0.838,1.956,0.2,0.2915,7,0.3968,860,0.9786,1,596,-44.59,1,1460,63.17,1,1460,63.17,0,-1,,0.0841,42.29,6,283998
80.0,0,-1,confirm,1.0,7.39,-8.61,49.28,369,41.89,16.02,688,0.536,0.431,0.16,0.1055,7,0.2338,605,0.8841,0,-1,,0,-1,,0,-1,,0,-1,,0.7225,40.49,7,285576
80.0,0,1,confirm,1.0,44.38,28.38,85.07,855,40.69,4.93,1744,0.49,1.829,0.141,-0.0073,7,0.4619,1590,0.9495,1,776,66.58,0,-1,,0,-1,,0,-1,,0.8576,42.09,7,286264
80.0,0,-1,confirm,1.0,-41.73,-57.73,39.28,221,81.01,41.73,1414,0.156,0.852,0.152,0.0457,8,0.5083,769,0.9477,1,1144,2.45,1,1144,2.45,1,1144,2.45,1,1311,-39.28,0.5514,40.34,8,288008
80.0,0,1,fallback,1.0,36.67,20.67,77.01,349,40.34,14.67,569,0.613,6.318,0.209,0.081,8,0.2587,39,0.7116,1,189,3.67,1,189,3.67,1,189,3.67,1,201,2.44,0.2933,81.33,8,289422
80.0,0,-1,confirm,1.0,188.77,172.77,228.96,6417,40.19,56.02,6611,0.971,2.707,0.073,0.1338,10,0.4286,5129,0.9449,1,1394,-36.54,1,1394,-36.54,1,1394,-36.54,1,1439,-41.41,0.2121,40.03,8,289991
80.0,0,1,confirm,1.0,-72.0,-88.0,9.93,66,81.93,72.0,439,0.15,0.184,0.048,-0.0786,10,0.1069,380,0.8826,1,386,-17.38,1,386,-17.38,0,-1,,1,423,-37.24,0.0896,41.13,10,296602
80.0,0,-1,fallback,1.0,-41.26,-57.26,2.5,67,43.76,41.26,118,0.568,1.444,0.094,0.2048,10,0.3545,0,0.5964,0,-1,,0,-1,,0,-1,,0,-1,,0.5392,81.85,10,297041
80.0,0,1,confirm,1.0,57.28,41.28,98.37,1820,41.09,47.32,2321,0.784,3.683,0.223,0.4491,11,0.4747,2025,0.8454,1,1017,-13.7,1,1017,-13.7,1,1017,-13.7,1,1222,0.0,0.1782,43.77,10,297159
80.0,0,-1,confirm,1.0,-61.9,-77.9,19.81,270,81.71,61.9,1373,0.197,4.382,0.089,0.4589,11,0.4848,226,0.8797,1,745,-26.0,1,745,-26.0,1,745,-26.0,1,826,-24.76,0.7359,40.69,11,299480
80.0,0,1,fallback,1.0,1.23,-14.77,41.84,825,40.61,13.54,1420,0.581,4.28,0.153,0.3045,11,0.3045,825,0.7862,1,883,14.77,1,883,14.77,1,883,14.77,1,883,14.77,0.861,81.88,11,300853
80.0,0,-1,confirm,1.0,-1.23,-17.23,40.6,1983,41.83,54.13,2244,0.884,1.918,0.138,0.3019,12,0.3862,1773,0.9241,1,63,11.07,1,63,11.07,1,63,11.07,1,209,-14.76,0.6489,40.44,11,302273
80.0,0,1,confirm,1.0,93.49,77.49,134.09,1179,40.6,30.75,1387,0.85,0.392,0.183,0.4701,12,0.551,1387,0.9768,0,-1,,0,-1,,0,-1,,0,-1,,0.6644,42.0,12,304517
80.0,0,-1,confirm,1.0,23.16,7.16,69.47,2050,46.31,18.28,2201,0.931,2.463,0.17,0.3123,13,0.4146,2200,0.9549,1,821,-1.22,1,821,-1.22,1,821,-1.22,1,959,4.88,0.3931,40.06,12,305904
80.0,0,1,confirm,1.0,26.88,10.88,68.41,658,41.53,4.89,731,0.9,2.244,0.119,0.0404,13,0.0698,664,0.6709,1,679,53.75,0,-1,,0,-1,,0,-1,,0.5185,46.64,13,308105
80.0,0,-1,confirm,1.0,-0.0,-16.0,42.64,539,42.64,2.44,882,0.611,0.499,0.166,-0.0132,13,0.2364,806,0.9711,1,473,26.8,1,473,26.8,1,473,26.8,1,587,36.55,0.0324,41.25,13,308836
80.0,0,1,confirm,1.0,17.06,1.06,58.48,2065,41.42,37.77,3098,0.667,3.528,0.121,0.0569,14,0.165,2239,0.8651,1,2577,40.2,1,2577,40.2,0,-1,,1,2665,43.86,0.1903,42.82,14,309718
80.0,0,-1,confirm,1.0,91.22,75.22,131.35,1362,40.14,25.54,1403,0.971,0.36,0.075,0.1252,15,0.3178,523,0.7168,1,1373,121.62,1,1373,121.62,1,1373,121.62,0,-1,,0.2786,41.18,14,312816
80.0,0,1,confirm,1.0,20.87,4.87,61.37,1745,40.51,69.96,1861,0.938,0.733,0.083,0.2696,15,0.3005,1598,0.7695,1,64,-40.51,0,-1,,0,-1,,0,-1,,0.2081,40.67,15,314219
80.0,0,-1,confirm,1.0,24.5,8.5,64.92,2084,40.42,50.22,2300,0.906,1.283,0.136,0.3078,16,0.4018,1810,0.9248,1,390,1.22,1,390,1.22,1,390,1.22,1,390,1.22,0.6591,40.26,15,316080
80.0,0,1,confirm,1.0,-81.04,-97.04,1.23,1,82.27,81.04,508,0.002,0.894,0.034,-0.1924,16,-0.0727,366,0.7291,0,-1,,0,-1,,0,-1,,0,-1,,0.0993,40.69,16,318380
80.0,0,-1,fallback,1.0,-39.61,-55.61,1.24,2,40.85,39.61,347,0.006,2.769,0.11,0.0878,16,0.1236,0,0.6014,1,127,-18.57,1,127,-18.57,0,-1,,1,324,-23.52,0.527,82.26,16,318888
80.0,0,1,confirm,1.0,6.17,-9.83,48.09,671,41.92,16.03,874,0.768,1.212,0.14,0.5405,16,0.5428,622,0.8461,0,-1,,0,-1,,0,-1,,0,-1,,0.03,40.86,16,319235
80.0,0,-1,confirm,1.0,7.39,-8.61,49.29,1718,41.9,28.34,2277,0.755,8.48,0.139,0.8287,17,0.8287,1718,0.9597,1,801,17.25,1,801,17.25,1,801,17.25,0,-1,,0.6145,41.72,16,320109
80.0,0,1,confirm,1.0,-55.49,-71.49,24.66,160,80.16,55.49,391,0.409,0.726,0.151,0.4544,17,0.4748,125,0.7783,1,304,-35.76,1,304,-35.76,1,304,-35.76,0,-1,,0.9564,42.11,17,322386
80.0,0,-1,fallback,1.0,-35.96,-51.96,4.96,60,40.92,35.96,309,0.194,1.565,0.1,0.0511,17,0.1813,300,0.6479,0,-1,,0,-1,,0,-1,,0,-1,,0.3726,79.96,17,322777
80.0,0,1,confirm,1.0,7.41,-8.59,50.66,2653,43.25,56.84,2791,0.951,4.785,0.216,0.441,18,0.4569,1258,0.9543,0,-1,,0,-1,,0,-1,,0,-1,,0.1727,40.94,17,323086
80.0,0,-1,confirm,1.0,-46.92,-62.92,34.57,1172,81.49,46.92,2307,0.508,1.346,0.163,0.3214,18,0.51,1955,0.9575,1,806,1.23,1,806,1.23,1,806,1.23,1,2051,1.23,0.6932,43.03,18,325877
80.0,0,1,fallback,1.0,-34.41,-50.41,6.14,209,40.56,34.41,434,0.482,0.358,0.233,0.1032,19,0.2792,57,0.7988,1,344,-18.43,1,344,-18.43,1,344,-18.43,1,404,-25.81,0.4863,81.77,19,328184
80.0,0,-1,confirm,1.0,32.06,16.06,72.76,3063,40.7,16.03,3396,0.902,0.272,0.122,-0.0321,20,0.4255,2523,0.9795,1,74,-11.1,1,74,-11.1,1,1130,30.83,1,263,-0.0,0.0331,40.53,19,328618
80.0,0,1,confirm,1.0,65.57,49.57,108.87,4865,43.3,25.98,5535,0.879,1.643,0.268,0.1409,21,0.577,123,0.9835,1,489,-13.61,1,489,-13.61,1,489,-13.61,1,1323,3.71,0.2889,40.99,20,332014
80.0,0,-1,confirm,1.0,-1.23,-17.23,40.56,1176,41.79,17.21,1506,0.781,0.272,0.162,0.23,22,0.4147,725,0.9932,0,-1,,0,-1,,0,-1,,0,-1,,0.7095,42.83,21,337549
80.0,0,1,confirm,1.0,3.69,-12.31,44.24,3833,40.56,34.41,4327,0.886,2.089,0.072,0.0877,23,0.4574,270,0.982,1,953,-24.58,1,953,-24.58,1,953,-24.58,1,1213,-20.89,0.5965,41.96,22,339055
80.0,0,-1,confirm,1.0,-65.11,-81.11,15.97,135,81.08,65.11,1093,0.124,0.724,0.222,0.2123,23,0.416,242,0.9918,1,378,-0.0,1,378,-0.0,1,378,-0.0,1,426,-4.91,0.1971,40.38,23,343382
80.0,0,1,fallback,1.0,-25.63,-41.63,14.65,1257,40.28,25.63,1766,0.712,1.94,0.152,0.2771,0,0.6603,36,0.9874,1,600,-13.43,1,600,-13.43,1,600,-13.43,1,859,-3.66,0.9689,81.21,23,344475
80.0,0,-1,confirm,1.0,-72.2,-88.2,8.57,93,80.76,72.2,3199,0.029,0.164,0.164,0.1626,0,0.4174,2356,0.9921,1,253,1.22,1,253,1.22,1,253,1.22,1,253,1.22,0.4607,40.22,0,346241
80.0,0,1,fallback,1.0,64.39,48.39,105.7,299,41.31,7.29,371,0.806,2.936,0.313,0.348,1,0.5841,0,0.6581,0,-1,,0,-1,,0,-1,,0,-1,,0.2728,80.83,1,349440
80.0,0,-1,confirm,1.0,-74.84,-90.84,6.04,52,80.88,74.84,496,0.105,0.363,0.182,-0.351,1,-0.1362,302,0.5438,0,-1,,0,-1,,0,-1,,0,-1,,0.359,40.88,1,349811
80.0,0,1,fallback,1.0,-40.74,-56.74,0.0,0,40.74,40.74,130,0.0,1.613,0.08,0.242,1,0.243,18,0.4897,0,-1,,0,-1,,0,-1,,0,-1,,0.5791,80.93,1,350307
80.0,0,-1,confirm,1.0,-72.18,-88.18,8.42,17,80.61,72.18,529,0.032,0.334,0.038,-0.1794,1,-0.133,193,0.2423,0,-1,,0,-1,,0,-1,,0,-1,,0.4853,40.74,1,350437
80.0,0,1,fallback,1.0,-31.06,-47.06,11.94,69,43.0,31.06,175,0.394,3.332,0.177,0.1739,1,0.3268,19,0.5294,0,-1,,0,-1,,0,-1,,0,-1,,0.2245,80.67,1,350966
80.0,0,-1,confirm,1.0,33.55,17.55,74.29,2921,40.74,35.95,3117,0.937,0.689,0.24,0.2502,2,0.4695,933,0.9297,1,973,-19.17,1,973,-19.17,1,973,-19.17,1,973,-19.17,0.1749,42.95,1,351141
80.0,0,1,confirm,1.0,20.44,4.44,61.31,1578,40.88,37.27,1682,0.938,2.172,0.218,-0.028,2,0.6469,882,0.9499,1,1482,46.89,1,1482,46.89,1,1482,46.89,1,1662,27.65,0.1755,41.04,2,354258
80.0,0,-1,confirm,1.0,6.0,-10.0,46.79,5625,40.79,45.59,6084,0.925,1.233,0.126,-0.1256,4,0.3455,4598,0.9663,1,361,-18.0,1,361,-18.0,1,1654,-41.99,1,450,-12.0,0.1564,40.63,2,355940
80.0,0,1,confirm,1.0,40.82,24.82,81.63,1486,40.82,-0.0,2332,0.637,0.86,0.133,0.1951,4,0.3585,2284,0.9615,1,1091,39.62,1,1091,39.62,1,2016,46.82,0,-1,,0.0853,40.98,4,362024
80.0,0,-1,confirm,1.0,-82.5,-98.5,-0.0,0,82.5,82.5,3892,0.0,0.376,0.072,-0.3509,5,0.5802,3696,0.9531,1,1068,-41.85,1,1068,-41.85,1,1068,-41.85,1,1103,-43.04,0.5893,40.49,5,364356
80.0,0,1,fallback,1.0,22.53,6.53,62.85,1367,40.32,21.34,2554,0.535,0.711,0.071,-0.1137,6,0.557,0,0.9394,1,1317,49.8,1,1317,49.8,1,1317,49.8,1,1338,49.8,0.5551,82.5,6,368248
80.0,0,-1,confirm,1.0,-69.81,-85.81,11.83,139,81.64,69.81,5889,0.024,0.654,0.178,0.5016,7,0.554,228,0.9609,1,479,-31.95,1,479,-31.95,1,479,-31.95,1,493,-34.31,0.2149,40.07,7,370802
80.0,0,1,fallback,1.0,62.27,46.27,103.4,2264,41.12,35.25,2705,0.837,3.639,0.119,0.3709,9,0.6462,2,0.9422,0,-1,,0,-1,,0,-1,,0,-1,,0.34,81.73,8,376691
80.0,0,-1,confirm,1.0,115.6,99.6,155.3,2761,39.7,7.01,3158,0.874,0.428,0.124,-0.1177,10,0.4279,1085,0.9831,1,1826,68.89,1,1826,68.89,1,1826,68.89,1,2044,87.58,0.6526,40.7,9,379396
80.0,0,1,confirm,1.0,-54.34,-70.34,25.99,509,80.33,54.34,1953,0.261,0.879,0.113,0.2166,10,0.3603,487,0.9912,1,513,22.45,1,513,22.45,1,513,22.45,1,614,15.36,0.2705,40.33,10,382554
80.0,0,-1,fallback,1.0,-35.63,-51.63,4.75,5,40.38,35.63,501,0.01,2.038,0.133,0.3745,10,0.3977,16,0.8553,1,236,-21.38,1,236,-21.38,1,236,-21.38,1,459,-30.88,0.5262,80.12,10,384507
80.0,0,1,confirm,1.0,-43.79,-59.79,39.06,3048,82.85,43.79,4369,0.698,0.393,0.048,-0.0582,11,0.4972,1548,0.9629,1,324,-16.57,1,324,-16.57,1,324,-16.57,1,3114,21.3,0.3314,40.4,10,385008
80.0,0,-1,fallback,1.0,36.85,20.85,79.65,292,42.8,5.94,359,0.813,0.736,0.167,0.4058,12,0.5153,136,0.915,0,-1,,0,-1,,0,-1,,0,-1,,0.427,82.53,12,389377
80.0,0,1,confirm,1.0,96.65,80.65,138.41,8181,41.76,71.59,8669,0.944,1.223,0.132,0.4237,14,0.4986,7840,0.9745,1,1105,-44.15,1,1105,-44.15,1,3264,-2.39,1,1105,-44.15,0.0695,43.14,12,389736
80.0,0,-1,confirm,1.0,5.91,-10.09,48.45,605,42.54,0.0,1031,0.587,0.761,0.13,0.3777,14,0.4417,648,0.95,0,-1,,0,-1,,0,-1,,0,-1,,0.1684,41.19,14,398405
80.0,0,1,confirm,1.0,3.55,-12.45,43.75,2685,40.2,35.47,2918,0.92,3.776,0.047,0.163,15,0.6163,497,0.9752,1,1242,-31.93,1,1242,-31.93,1,1242,-31.93,1,1286,-20.1,0.4526,42.75,14,399436
80.0,0,-1,confirm,1.0,-62.65,-78.65,18.91,586,81.56,62.65,4853,0.121,1.223,0.106,0.3339,15,0.4743,828,0.987,1,121,-14.18,1,1007,-0.0,1,1007,-0.0,1,1114,-8.27,0.0015,40.03,15,402354
80.0,0,1,fallback,1.0,-21.14,-37.14,19.97,112,41.11,21.14,2319,0.048,8.11,0.216,0.8697,17,0.8764,100,0.9759,0,-1,,0,-1,,0,-1,,0,-1,,0.3901,81.71,17,407207
80.0,0,-1,confirm,1.0,97.7,81.7,140.08,4662,42.38,9.42,4747,0.982,2.486,0.262,0.312,19,0.7551,3862,0.9841,1,1342,10.59,1,1342,10.59,1,1342,10.59,1,2045,16.48,0.9472,41.03,17,409526
80.0,0,1,confirm,1.0,-77.27,-93.27,3.57,14,80.84,77.27,664,0.021,1.07,0.138,-0.2345,19,-0.125,470,0.9332,0,-1,,0,-1,,0,-1,,0,-1,,0.1171,42.98,19,414273
80.0,0,-1,fallback,1.0,-16.77,-32.77,25.16,227,41.93,16.77,393,0.578,0.99,0.118,0.215,19,0.3467,9,0.8881,0,-1,,0,-1,,0,-1,,0,-1,,0.4191,80.81,19,414937
80.0,0,1,confirm,1.0,33.49,17.49,75.35,3604,41.86,71.76,4686,0.769,3.108,0.199,0.2002,20,0.4945,2941,0.9939,1,1026,-41.86,1,1026,-41.86,0,-1,,1,1042,-41.86,0.7772,42.04,19,415330
80.0,0,-1,confirm,1.0,-5.96,-21.96,36.95,3632,42.91,51.26,4636,0.783,3.651,0.207,-0.2226,21,0.5039,1099,0.9984,1,386,-8.34,1,386,-8.34,1,386,-8.34,1,1786,1.19,0.5138,41.55,20,420016
80.0,0,1,confirm,1.0,378.84,362.84,428.88,1067,50.04,10.72,1085,0.983,6.41,0.339,0.1805,22,0.4144,936,0.9722,0,-1,,0,-1,,0,-1,,0,-1,,0.46,43.07,21,424652
80.0,0,-1,confirm,1.0,28.7,12.7,72.31,23,43.62,0.0,68,0.338,3.735,0.208,-0.1501,22,-0.0984,63,0.4197,0,-1,,0,-1,,0,-1,,0,-1,,0.0881,47.98,22,425737
80.0,0,1,confirm,1.0,-59.86,-75.86,23.02,81,82.88,59.86,166,0.488,0.421,0.186,0.0697,22,0.114,140,0.447,0,-1,,0,-1,,0,-1,,0,-1,,0.0624,43.94,22,425805
80.0,0,-1,fallback,1.0,31.27,15.27,71.8,153,40.53,3.47,280,0.546,0.159,0.061,-0.0669,22,0.0008,279,0.5267,0,-1,,0,-1,,0,-1,,0,-1,,0.3537,82.69,22,425971
80.0,0,1,confirm,1.0,-72.03,-88.03,9.29,4,81.32,72.03,488,0.008,0.289,0.026,0.0015,22,0.0015,4,0.4993,0,-1,,0,-1,,0,-1,,0,-1,,0.2019,40.83,22,426251
80.0,0,-1,fallback,1.0,-39.78,-55.78,11.7,76,51.49,39.78,138,0.551,0.932,0.071,0.051,22,0.1138,0,0.359,1,126,-19.89,1,126,-19.89,0,-1,,0,-1,,0.0754,81.24,22,426739
80.0,0,1,confirm,1.0,18.65,2.65,59.44,157,40.79,11.66,289,0.543,0.755,0.048,0.1432,22,0.1472,245,0.5392,0,-1,,0,-1,,0,-1,,0,-1,,0.221,51.55,22,426877
80.0,0,-1,confirm,1.0,25.59,9.59,66.31,1010,40.72,25.59,1103,0.916,0.795,0.127,0.4519,22,0.4982,1043,0.8858,1,626,-2.33,1,626,-2.33,0,-1,,1,702,-2.33,0.0819,40.55,22,427166
80.0,0,1,confirm,1.0,40.82,24.82,81.64,3071,40.82,31.49,3214,0.956,4.349,0.098,0.2153,23,0.2534,3102,0.8995,1,1295,-5.83,1,1295,-5.83,1,1295,-5.83,1,1643,7.0,0.4461,40.99,22,428269
80.0,0,-1,confirm,1.0,-47.62,-63.62,33.69,1734,81.31,47.62,2716,0.638,1.105,0.046,0.3214,0,0.4703,488,0.9511,1,889,5.81,1,889,5.81,1,889,5.81,1,2158,-5.81,0.3919,40.49,23,431483
80.0,0,1,fallback,1.0,-4.62,-20.62,36.99,200,41.62,4.62,559,0.358,1.556,0.107,0.2179,0,0.3646,12,0.7115,0,-1,,0,-1,,0,-1,,0,-1,,0.4072,81.59,0,434199
80.0,0,-1,confirm,1.0,112.19,96.19,152.67,1751,40.48,33.54,2160,0.811,2.563,0.222,0.1735,1,0.3146,1382,0.9311,0,-1,,0,-1,,0,-1,,0,-1,,0.1073,41.47,0,434758
80.0,0,1,confirm,1.0,-71.35,-87.35,8.19,20,79.54,71.35,425,0.047,1.035,0.004,-0.1237,1,-0.0002,411,0.8133,0,-1,,0,-1,,0,-1,,0,-1,,0.6018,41.11,1,436918
80.0,0,-1,confirm,1.0,-41.23,-57.23,5.89,96,47.13,41.23,163,0.589,1.37,0.091,0.1969,1,0.2265,131,0.5857,0,-1,,0,-1,,0,-1,,0,-1,,0.2425,79.48,1,437343
80.0,0,1,confirm,1.0,39.89,23.89,84.48,3200,44.59,23.47,3584,0.893,4.582,0.051,-0.2573,2,0.5613,1900,0.955,1,1101,16.43,1,1101,16.43,1,2777,53.97,1,1114,5.87,0.5295,47.15,1,437506
80.0,0,-1,confirm,1.0,-64.27,-80.27,16.36,269,80.64,64.27,2342,0.115,4.208,0.172,0.6131,2,0.7301,642,0.9957,1,1601,-31.55,1,1601,-31.55,1,1601,-31.55,1,1601,-31.55,0.2418,44.21,2,441090
80.0,0,1,fallback,1.0,-19.74,-35.74,22.06,4,41.8,19.74,447,0.009,1.439,0.164,0.7638,3,0.7828,0,0.94,0,-1,,0,-1,,0,-1,,0,-1,,0.9664,80.77,3,443432
80.0,0,-1,confirm,1.0,1.16,-14.84,45.38,1287,44.21,12.8,2084,0.618,0.457,0.09,0.1924,3,0.473,227,0.993,1,1437,12.8,1,1437,12.8,1,1437,12.8,0,-1,,0.4939,41.71,3,443879
80.0,0,1,confirm,1.0,-79.12,-95.12,8.15,263,87.27,79.12,827,0.318,2.072,0.167,0.4643,3,0.5403,606,0.8594,1,817,-64.0,1,817,-64.0,1,817,-64.0,0,-1,,0.993,44.41,3,445963
80.0,0,-1,fallback,1.0,7.04,-8.96,46.92,2210,39.88,34.01,2474,0.893,2.907,0.19,0.4118,4,0.5459,64,0.9626,1,610,-11.73,1,610,-11.73,1,610,-11.73,1,1506,-7.04,0.6194,87.2,4,446790
80.0,0,1,confirm,1.0,-65.73,-81.73,14.08,153,79.81,65.73,1538,0.099,2.504,0.133,-0.2871,4,0.2839,367,0.9486,1,710,-14.08,1,710,-14.08,1,710,-14.08,1,711,-14.08,0.8351,40.07,4,449264
80.0,0,-1,confirm,1.0,-29.54,-45.54,10.63,116,40.17,29.54,232,0.5,1.291,0.134,-0.1475,5,-0.1274,145,0.5708,0,-1,,0,-1,,0,-1,,0,-1,,0.3133,79.7,5,450802
80.0,0,1,confirm,1.0,20.03,4.03,61.26,4208,41.23,62.43,6477,0.65,0.359,0.122,0.0606,6,0.5508,5491,0.9784,1,1234,-30.63,1,1234,-30.63,1,1234,-30.63,1,1244,-29.45,0.4542,40.21,5,451034
80.0,0,-1,confirm,1.0,-70.54,-86.54,10.58,68,81.12,70.54,1526,0.045,0.588,0.15,0.2209,7,0.2356,26,0.9374,1,298,-9.41,1,298,-9.41,1,298,-9.41,1,298,-9.41,0.4984,40.98,7,457511
80.0,0,1,fallback,1.0,-29.19,-45.19,15.18,1201,44.36,29.19,1878,0.64,1.421,0.091,0.1891,7,0.5437,2,0.9467,1,622,-3.5,1,622,-3.5,1,622,-3.5,1,707,-12.84,0.1705,81.21,7,459037
80.0,0,-1,confirm,1.0,15.22,-0.78,56.2,2970,40.98,29.27,3679,0.807,3.295,0.11,0.1635,8,0.4802,2533,0.996,1,2242,12.88,1,2242,12.88,1,2242,12.88,1,3570,28.1,0.4657,44.29,8,460915
80.0,0,1,confirm,1.0,9.38,-6.62,51.59,1115,42.21,19.93,1898,0.587,0.422,0.181,0.2492,9,0.3605,1251,0.9762,1,373,-5.86,1,373,-5.86,1,373,-5.86,1,380,-7.04,0.6074,41.21,9,464594
80.0,0,-1,confirm,1.0,-32.8,-48.8,8.2,3253,41.0,74.98,3558,0.914,0.874,0.145,0.3394,10,0.6082,2832,0.9979,1,107,-30.46,1,107,-30.46,1,107,-30.46,1,107,-30.46,0.5357,42.0,9,466492
80.0,0,1,confirm,1.0,0.0,-16.0,40.87,16,40.87,-0.0,712,0.022,5.046,0.253,0.2487,10,0.2736,487,0.9746,1,618,11.68,1,618,11.68,1,618,11.68,1,678,14.01,0.6286,41.04,10,470050
80.0,0,-1,confirm,1.0,-63.05,-79.05,19.85,968,82.91,63.05,1497,0.647,1.042,0.023,0.3092,11,0.5527,72,0.9934,1,141,8.17,1,141,8.17,1,141,8.17,1,1231,-5.84,0.4893,40.7,10,470762
80.0,0,1,fallback,1.0,33.65,17.65,74.26,1682,40.61,30.17,2116,0.795,1.173,0.115,0.0629,11,0.6789,714,0.9342,1,1257,42.93,1,1257,42.93,1,1257,42.93,1,1328,37.13,0.9519,83.07,11,472259
80.0,0,-1,confirm,1.0,27.76,11.76,70.54,1156,42.79,17.35,1332,0.868,1.851,0.109,0.2144,12,0.3189,1064,0.9641,1,427,2.31,0,-1,,0,-1,,0,-1,,0.4366,40.31,11,474375
80.0,0,1,confirm,1.0,48.71,32.71,89.3,2972,40.59,45.23,3950,0.752,4.455,0.096,0.2012,12,0.337,1354,0.9441,1,387,-30.15,1,1521,16.24,1,1521,16.24,1,2650,45.23,0.1063,43.09,12,475707
80.0,0,-1,confirm,1.0,26.54,10.54,66.94,1079,40.39,21.93,1295,0.833,7.648,0.232,0.816,13,0.816,1079,0.928,1,477,-21.93,1,477,-21.93,1,477,-21.93,1,600,-1.15,0.7815,40.23,13,479657
80.0,0,1,confirm,1.0,67.11,51.11,107.61,5922,40.5,39.34,6125,0.967,0.844,0.188,0.1563,15,0.5732,3668,0.9698,1,579,-11.57,1,579,-11.57,1,1958,-11.57,1,1080,8.1,0.9142,40.66,13,480952
80.0,0,-1,confirm,1.0,-59.77,-75.77,21.84,780,81.61,59.77,3635,0.215,1.466,0.132,0.1099,15,0.3668,3222,0.9838,1,134,-52.87,1,134,-52.87,1,134,-52.87,1,556,-16.09,0.4287,40.07,15,487077
80.0,0,1,fallback,1.0,-39.99,-55.99,1.14,2,41.13,39.99,754,0.003,0.415,0.178,0.8061,16,0.8107,26,0.9223,1,473,-2.29,1,473,-2.29,1,473,-2.29,1,473,-2.29,0.8395,81.79,16,490712
80.0,0,-1,confirm,1.0,75.71,59.71,117.01,2546,41.3,3.44,2995,0.85,4.19,0.027,0.082,17,0.754,145,0.9428,1,1654,75.71,1,1654,75.71,1,1654,75.71,1,2500,99.8,0.8235,41.13,16,491466
80.0,0,1,confirm,1.0,48.55,32.55,89.01,4181,40.46,31.21,4554,0.918,0.809,0.177,0.1042,18,0.4236,3853,0.9883,1,540,21.96,1,540,21.96,1,540,21.96,1,540,21.96,0.2155,41.79,17,494461
80.0,0,-1,confirm,1.0,28.76,12.76,69.02,6036,40.26,19.56,7396,0.816,2.652,0.225,0.4237,20,0.4429,6064,0.9889,1,119,-1.15,1,119,-1.15,1,119,-1.15,1,122,-3.45,0.9746,40.1,18,499015
80.0,0,1,confirm,1.0,53.07,37.07,93.45,3808,40.38,13.84,4758,0.8,1.227,0.069,-0.2049,21,0.5218,1429,0.9901,1,670,-6.92,1,670,-6.92,1,670,-6.92,1,688,-8.08,0.9338,40.54,20,506411
80.0,0,-1,confirm,1.0,2.3,-13.7,42.46,120,40.17,0.0,350,0.343,3.241,0.265,0.3163,22,0.3511,161,0.7563,0,-1,,0,-1,,0,-1,,0,-1,,0.704,40.0,21,511169
80.0,0,1,confirm,1.0,-70.02,-86.02,12.63,3841,82.64,70.02,4816,0.798,2.114,0.115,0.1152,23,0.4343,2479,0.9775,1,2218,-14.92,1,2218,-14.92,1,3680,-16.07,1,3998,-10.33,0.4083,40.34,22,511519
80.0,0,-1,fallback,1.0,16.18,0.18,58.95,3019,42.77,15.03,3068,0.984,1.557,0.077,0.4998,0,0.7233,384,0.954,1,974,-1.16,1,974,-1.16,1,974,-1.16,1,974,-1.16,0.6131,82.54,23,516335
80.0,0,1,confirm,1.0,-76.42,-92.42,6.95,8,83.36,76.42,387,0.021,2.416,0.036,-0.3793,0,-0.2719,273,0.4285,0,-1,,0,-1,,0,-1,,0,-1,,0.5899,43.02,0,519403
80.0,0,-1,fallback,1.0,75.84,59.84,115.51,949,39.67,0.0,1125,0.844,0.67,0.113,0.393,0,0.5444,684,0.8514,0,-1,,0,-1,,0,-1,,0,-1,,0.0851,83.3,0,519790
80.0,0,1,confirm,1.0,-4.7,-20.7,36.44,3193,41.15,49.38,3681,0.867,0.82,0.073,-0.593,1,-0.0399,1245,0.82,0,-1,,0,-1,,0,-1,,0,-1,,0.5949,40.13,0,520915
80.0,0,-1,confirm,1.0,14.11,-1.89,54.1,3330,39.99,37.64,3539,0.941,2.889,0.138,0.3349,2,0.7175,1864,0.9892,0,-1,,0,-1,,0,-1,,0,-1,,0.2001,41.0,1,524596
80.0,0,1,confirm,1.0,28.27,12.27,70.67,2070,42.4,9.42,2517,0.822,1.7,0.093,0.063,3,0.3316,1980,0.9846,1,2015,67.14,1,2015,67.14,1,2015,67.14,1,2015,67.14,0.0792,40.21,2,528135
80.0,0,-1,confirm,1.0,-65.77,-81.77,24.67,608,90.44,65.77,4197,0.145,1.393,0.095,0.0669,3,0.4508,4053,0.9884,1,1271,-1.17,1,1271,-1.17,1,1271,-1.17,1,1358,-2.35,0.153,42.11,3,530652
80.0,0,1,fallback,1.0,46.67,30.67,87.51,971,40.84,-0.0,1682,0.577,1.3,0.064,0.0548,4,0.6897,83,0.8871,1,680,61.84,1,680,61.84,1,680,61.84,1,1570,58.34,0.0392,90.66,4,534849
80.0,0,-1,confirm,1.0,-63.88,-79.88,17.42,387,81.3,63.88,1860,0.208,1.027,0.123,0.0681,5,0.4055,104,0.9861,1,446,12.78,1,446,12.78,1,446,12.78,1,490,16.26,0.5967,40.49,5,536531
80.0,0,1,fallback,1.0,-30.01,-46.01,10.39,101,40.39,30.01,1144,0.088,3.887,0.235,0.2985,5,0.2985,101,0.9805,1,658,-12.69,1,658,-12.69,1,658,-12.69,1,658,-12.69,0.066,81.44,5,538391
80.0,0,-1,confirm,1.0,4.63,-11.37,46.3,5815,41.67,39.36,6444,0.902,5.205,0.234,0.3145,7,0.6062,3469,0.9909,1,561,-2.32,1,561,-2.32,1,561,-2.32,1,562,-1.16,0.7508,40.35,5,539535
80.0,0,1,confirm,1.0,-68.33,-84.33,11.58,1258,79.91,68.33,1897,0.663,0.948,0.1,0.0895,8,0.1054,1207,0.9497,1,1291,-6.95,1,1291,-6.95,0,-1,,1,1406,-3.47,0.0807,41.87,7,545979
80.0,0,-1,confirm,1.0,-34.98,-50.98,7.0,3430,41.98,41.98,4124,0.832,1.038,0.129,0.5429,9,0.5632,3438,0.9858,1,996,-39.65,1,996,-39.65,1,996,-39.65,1,996,-39.65,0.1279,79.81,8,547876
80.0,0,1,confirm,1.0,-81.34,-97.34,0.0,0,81.34,81.34,853,0.0,1.15,0.194,0.3247,9,0.3247,0,0.9453,1,428,-19.75,1,428,-19.75,1,428,-19.75,1,434,-20.92,0.8516,42.01,9,552000
80.0,0,-1,fallback,1.0,-29.29,-45.29,11.72,561,41.0,29.29,1870,0.3,5.021,0.066,0.7546,9,0.7693,609,0.9935,1,1161,-3.51,1,1161,-3.51,1,1161,-3.51,1,1161,-3.51,0.9453,81.34,9,552853
80.0,0,1,confirm,1.0,-1.17,-17.17,39.71,7304,40.88,50.23,9511,0.768,0.279,0.191,0.4832,12,0.5438,702,0.9826,1,92,-16.35,1,92,-16.35,1,773,-30.37,1,92,-16.35,0.9515,41.05,10,554723
80.0,0,-1,confirm,1.0,2.34,-13.66,43.22,3221,40.89,60.75,3536,0.911,2.191,0.055,0.2521,13,0.4374,2844,0.9807,1,93,-2.34,1,432,-10.51,1,432,-10.51,1,546,-8.18,0.4661,40.72,12,564234
80.0,0,1,confirm,1.0,-1.17,-17.17,39.73,383,40.9,7.01,1292,0.296,1.06,0.155,0.0792,13,0.1749,1168,0.9655,1,426,28.04,1,426,28.04,0,-1,,1,678,25.71,0.0444,41.07,13,567770
80.0,0,-1,confirm,1.0,73.62,57.62,113.36,1040,39.73,39.73,1111,0.936,0.593,0.142,0.5645,14,0.5864,974,0.9568,1,151,-1.17,1,262,-22.2,0,-1,,0,-1,,0.2521,40.74,14,569062
80.0,0,1,confirm,1.0,-68.28,-84.28,11.77,12,80.06,68.28,455,0.026,0.27,0.074,-0.538,14,-0.3083,441,0.6212,0,-1,,0,-1,,0,-1,,0,-1,,0.1356,40.19,14,570173
80.0,0,-1,fallback,1.0,-82.98,-98.98,-0.0,0,82.98,82.98,1780,0.0,4.504,0.081,0.5005,14,0.5616,1049,0.816,1,598,-37.93,1,598,-37.93,1,598,-37.93,1,609,-40.3,0.073,79.96,14,570628
80.0,0,1,fallback,1.0,-10.58,-26.58,30.57,632,41.15,29.39,1141,0.554,0.858,0.093,-0.2743,15,0.6678,1140,0.9867,1,577,11.76,1,577,11.76,1,577,11.76,1,577,11.76,0.6126,82.98,15,572408
80.0,0,-1,confirm,1.0,57.67,41.67,97.68,1139,40.01,18.83,1236,0.922,2.922,0.096,0.4329,15,0.5501,747,0.9379,0,-1,,0,-1,,0,-1,,0,-1,,0.2776,41.02,15,573549
80.0,0,1,confirm,1.0,-72.21,-88.21,9.47,741,81.68,72.21,1570,0.472,1.482,0.015,0.2119,15,0.6763,889,0.9795,1,1398,-55.63,1,1398,-55.63,1,1398,-55.63,1,1398,-55.63,0.9379,40.41,15,574785
80.0,0,-1,fallback,1.0,-29.81,-45.81,10.73,37,40.54,29.81,340,0.109,1.529,0.102,0.6442,16,0.6556,16,0.8463,0,-1,,0,-1,,0,-1,,0,-1,,0.4059,81.6,16,576355
80.0,0,1,confirm,1.0,-67.76,-83.76,11.89,39,79.65,67.76,1596,0.024,0.252,0.002,-0.5121,16,0.3082,292,0.9336,1,482,-54.68,1,482,-54.68,1,482,-54.68,1,482,-54.68,0.7011,40.58,16,576695
80.0,0,-1,confirm,1.0,5.98,-10.02,46.68,130,40.69,7.18,158,0.823,1.32,0.124,0.2014,16,0.2479,57,0.4015,0,-1,,0,-1,,0,-1,,0,-1,,0.1144,79.55,16,578291
80.0,0,1,confirm,1.0,46.71,30.71,87.43,285,40.72,-0.0,727,0.392,0.793,0.013,-0.1337,16,0.2785,601,0.7726,0,-1,,0,-1,,0,-1,,0,-1,,0.044,40.89,16,578449
80.0,0,-1,confirm,1.0,-79.87,-95.87,3.58,33,83.44,79.87,613,0.054,0.114,0.02,-0.2026,16,0.0609,474,0.7245,1,492,-64.37,0,-1,,0,-1,,0,-1,,0.0544,40.37,16,579176
80.0,0,1,fallback,1.0,66.23,50.23,107.62,1872,41.39,3.55,2474,0.757,0.365,0.064,-0.1398,17,0.4713,2287,0.9824,1,481,9.46,1,481,9.46,1,481,9.46,1,523,21.29,0.7245,83.47,17,579789
80.0,0,-1,confirm,1.0,21.15,5.15,61.09,1171,39.94,1.17,1446,0.81,0.876,0.093,0.3658,18,0.4332,961,0.9925,0,-1,,0,-1,,0,-1,,0,-1,,0.7112,40.95,17,582263
80.0,0,1,confirm,1.0,36.5,20.5,78.88,7606,42.38,28.26,7931,0.959,4.312,0.155,0.0986,20,0.5748,3451,0.9902,1,134,-14.13,1,134,-14.13,1,1449,-7.06,1,1449,-7.06,0.6824,40.19,18,583709
80.0,0,-1,confirm,1.0,30.5,14.5,70.38,6354,39.88,50.44,7136,0.89,1.077,0.051,0.3553,22,0.7207,494,0.9969,1,519,-5.87,1,519,-5.87,1,519,-5.87,1,519,-5.87,0.093,42.05,20,591640
80.0,0,1,confirm,1.0,-63.54,-79.54,16.47,922,80.01,63.54,3110,0.296,1.777,0.079,-0.0909,22,0.473,2636,0.9903,1,1030,1.18,1,1030,1.18,0,-1,,1,1156,-1.18,0.9125,40.17,22,598776
80.0,0,-1,confirm,1.0,-82.89,-98.89,-0.0,0,82.89,82.89,3254,0.0,3.312,0.037,-0.0457,23,0.552,383,0.9934,1,982,-35.52,1,982,-35.52,1,982,-35.52,1,982,-35.52,0.2588,79.88,23,601886
80.0,0,1,fallback,1.0,-41.1,-57.1,0.0,0,41.1,41.1,1638,0.0,1.613,0.197,0.4159,0,0.4216,11,0.9925,1,170,-22.31,1,170,-22.31,1,170,-22.31,1,485,-29.36,0.5789,82.89,0,605140
80.0,0,-1,confirm,1.0,28.3,12.3,69.58,669,41.27,0.0,983,0.681,0.831,0.26,0.363,0,0.43,107,0.9814,0,-1,,0,-1,,0,-1,,0,-1,,0.7472,41.1,0,606778
80.0,0,1,confirm,1.0,26.02,10.02,68.59,801,42.57,13.01,1240,0.646,0.65,0.199,-0.0212,1,0.3342,483,0.9634,1,560,52.03,1,560,52.03,1,560,52.03,0,-1,,0.9326,41.56,0,607761
80.0,0,-1,confirm,1.0,88.46,72.46,128.57,6224,40.1,31.85,6851,0.908,0.593,0.113,-0.0012,2,0.5025,3969,0.973,1,169,-21.23,1,169,-21.23,1,169,-21.23,1,188,-21.23,0.6319,42.28,1,609001
80.0,0,1,confirm,1.0,-51.17,-67.17,28.56,1513,79.73,51.17,5554,0.272,2.922,0.28,-0.0273,3,0.6372,4217,0.9938,1,173,9.52,1,173,9.52,1,173,9.52,1,173,9.52,0.0567,40.63,3,615852
80.0,0,-1,confirm,1.0,-0.0,-16.0,40.67,2568,40.67,17.94,2991,0.859,1.221,0.212,0.0317,5,0.3837,746,0.9982,1,85,7.18,1,85,7.18,1,85,7.18,1,1228,-2.39,0.1963,79.51,4,621406
80.0,0,1,confirm,1.0,51.44,35.44,92.11,7919,40.67,38.28,9386,0.844,0.718,0.204,0.0287,7,0.6572,3907,1.0,1,686,-7.18,1,686,-7.18,1,1853,3.59,1,702,-13.16,0.7003,40.84,5,624397
80.0,0,-1,confirm,1.0,57.12,41.12,97.58,2521,40.46,10.71,4049,0.623,1.088,0.06,0.0825,8,0.5277,1877,0.9997,1,279,11.9,1,279,11.9,1,279,11.9,1,368,26.18,0.2516,40.3,8,633783
80.0,0,1,confirm,1.0,-28.73,-44.73,11.97,1692,40.69,77.8,2228,0.759,0.415,0.169,-0.0454,9,0.5687,1356,0.9247,1,263,-39.5,1,263,-39.5,1,263,-39.5,1,266,-43.09,0.2925,40.86,9,637832
80.0,0,-1,confirm,1.0,14.4,-1.6,55.22,4718,40.81,70.82,4810,0.981,0.736,0.208,-0.0431,11,0.4345,3247,0.9856,1,510,-37.21,1,510,-37.21,1,510,-37.21,1,602,-34.81,0.4067,40.65,9,640060
80.0,0,1,confirm,1.0,91.36,75.36,132.23,5007,40.87,27.65,5026,0.996,4.576,0.264,0.0598,12,0.612,2782,0.9585,1,289,-4.81,1,1004,15.63,1,1004,15.63,1,1025,14.42,0.0235,41.04,11,644870
80.0,0,-1,confirm,1.0,-70.28,-86.28,13.1,24,83.38,70.28,107,0.224,1.692,0.137,-0.0076,12,0.0001,105,0.4215,0,-1,,0,-1,,0,-1,,0,-1,,0.0299,40.34,12,649896
80.0,0,1,fallback,1.0,-40.22,-56.22,1.18,2,41.4,40.22,77,0.026,1.501,0.243,0.0023,12,0.0147,0,0.1173,0,-1,,0,-1,,0,-1,,0,-1,,0.1888,83.49,12,650003
80.0,0,-1,confirm,1.0,10.69,-5.31,51.07,1793,40.38,13.06,2824,0.635,3.036,0.134,-0.2042,13,0.3175,2391,0.9267,1,512,23.75,1,512,23.75,0,-1,,1,588,23.75,0.0053,41.4,12,650080
80.0,0,1,confirm,1.0,85.6,69.6,127.21,1403,41.61,24.97,1813,0.774,0.941,0.129,0.0779,13,0.2098,504,0.9485,1,1232,84.41,1,1232,84.41,1,1232,84.41,0,-1,,0.2872,40.59,13,652904
80.0,0,-1,confirm,1.0,8.25,-7.75,50.69,587,42.44,8.25,790,0.743,1.172,0.143,-0.1434,14,0.0691,277,0.8758,1,279,15.32,0,-1,,0,-1,,0,-1,,0.3604,41.09,13,654717
80.0,0,1,confirm,1.0,-82.59,-98.59,0.0,0,82.59,82.59,957,0.0,0.285,0.0,-0.0236,14,0.4451,524,0.8255,1,133,-11.8,1,680,-67.25,1,680,-67.25,0,-1,,0.261,42.65,14,655507
80.0,0,-1,fallback,1.0,-36.88,-52.88,7.14,35,44.02,36.88,191,0.183,2.48,0.148,-0.0841,14,0.0235,167,0.2752,0,-1,,0,-1,,0,-1,,0,-1,,0.1522,82.59,14,656464
80.0,0,1,confirm,1.0,15.41,-0.59,56.89,2248,41.48,35.56,2457,0.915,1.358,0.138,-0.0653,15,0.283,346,0.9323,1,470,-27.26,1,470,-27.26,1,470,-27.26,1,663,5.93,0.3171,44.05,14,656655
80.0,0,-1,confirm,1.0,11.83,-4.17,54.44,410,42.6,0.0,864,0.475,2.531,0.199,-0.014,15,0.2148,30,0.9204,1,169,7.1,1,169,7.1,1,169,7.1,1,177,8.28,0.1138,41.25,15,659112
80.0,0,1,confirm,1.0,28.44,12.44,68.72,1031,40.28,-0.0,1266,0.814,0.311,0.067,0.3318,15,0.4337,1112,0.9153,1,272,41.47,1,272,41.47,1,272,41.47,1,503,43.84,0.4941,42.84,15,659976
80.0,0,-1,confirm,1.0,10.63,-5.37,50.8,499,40.17,61.44,557,0.896,1.34,0.095,-0.0043,15,0.096,407,0.8086,1,409,-10.63,0,-1,,0,-1,,0,-1,,0.1159,40.01,15,661242
80.0,0,1,confirm,1.0,63.87,47.87,105.26,273,41.4,26.02,393,0.695,3.244,0.073,0.224,15,0.2502,361,0.9077,0,-1,,0,-1,,0,-1,,0,-1,,0.2379,40.38,15,661799
80.0,0,-1,confirm,1.0,44.66,28.66,85.79,1750,41.13,15.28,1831,0.956,1.635,0.156,-0.0491,16,0.2102,1430,0.9371,1,593,-10.58,1,593,-10.58,1,1510,58.76,1,593,-10.58,0.5821,40.96,15,662192
80.0,0,1,confirm,1.0,-73.19,-89.19,10.62,184,83.82,73.19,1174,0.157,0.401,0.038,0.2257,16,0.593,579,0.982,1,286,-22.43,1,286,-22.43,1,286,-22.43,1,319,-27.15,0.7198,41.49,16,664023
80.0,0,-1,fallback,1.0,1.19,-14.81,41.62,146,40.43,20.22,367,0.398,1.86,0.175,0.291,16,0.372,80,0.4427,0,-1,,0,-1,,0,-1,,0,-1,,0.8538,83.73,16,665197
80.0,0,1,confirm,1.0,5.95,-10.05,48.76,622,42.82,16.65,1086,0.573,3.525,0.153,0.0782,17,0.2884,864,0.8734,1,315,4.76,1,531,10.7,1,1086,5.95,0,-1,,0.322,40.6,16,665564
80.0,0,-1,confirm,1.0,46.36,30.36,89.15,1900,42.79,28.53,2208,0.861,1.424,0.06,0.2101,17,0.4213,959,0.9838,0,-1,,0,-1,,0,-1,,0,-1,,0.3298,42.61,17,666650
80.0,0,1,confirm,1.0,-4.78,-20.78,40.6,138,45.38,4.78,167,0.826,0.882,0.113,-0.2872,17,-0.2447,13,0.7306,0,-1,,0,-1,,0,-1,,0,-1,,0.4365,43.18,17,668858
80.0,0,-1,confirm,1.0,-0.0,-16.0,43.01,3622,43.01,41.82,3792,0.955,2.708,0.081,-0.0189,18,0.3887,1245,0.9887,1,599,-27.48,1,599,-27.48,1,599,-27.48,1,599,-27.48,0.0378,45.2,17,669025
80.0,0,1,confirm,1.0,-51.37,-67.37,28.67,398,80.05,51.37,1766,0.225,0.254,0.235,0.2858,19,0.3896,587,0.9873,1,353,23.89,1,353,23.89,1,709,-3.58,1,709,-3.58,0.2989,43.2,18,672817
80.0,0,-1,confirm,1.0,-38.43,-54.43,4.8,2,43.23,38.43,487,0.004,0.422,0.2,0.1698,19,0.2392,258,0.9024,1,231,-6.0,1,231,-6.0,1,268,-2.4,1,417,-33.63,0.3826,79.82,19,674583
80.0,0,1,confirm,1.0,-75.37,-91.37,4.79,478,80.15,75.37,2173,0.22,0.533,0.081,0.3335,19,0.4573,248,0.9751,1,1130,-49.05,1,1130,-49.05,1,1130,-49.05,1,1131,-55.03,0.8991,43.25,19,675070
80.0,0,-1,fallback,1.0,-19.29,-35.29,21.7,129,40.98,19.29,336,0.384,1.687,0.143,0.4871,20,0.4871,129,0.6053,0,-1,,0,-1,,0,-1,,0,-1,,0.3966,80.11,20,677243
80.0,0,1,confirm,1.0,-68.58,-84.58,14.44,611,83.01,68.58,3149,0.194,2.457,0.047,0.0971,20,0.3151,2812,0.9929,1,506,-10.83,1,506,-10.83,1,506,-10.83,1,1009,-2.41,0.5729,41.07,20,677579
80.0,0,-1,fallback,1.0,2.42,-13.58,42.4,456,39.98,4.85,859,0.531,0.432,0.172,0.2944,21,0.3502,777,0.8567,0,-1,,0,-1,,0,-1,,0,-1,,0.594,82.89,21,680728
80.0,0,1,confirm,1.0,-58.16,-74.16,21.81,1740,79.97,58.16,1922,0.905,0.337,0.176,0.0698,21,0.0863,1710,0.7625,1,1444,10.91,0,-1,,0,-1,,0,-1,,0.6835,40.15,21,681587
80.0,0,-1,confirm,1.0,-15.84,-31.84,24.38,375,40.22,20.72,465,0.806,3.238,0.223,0.404,21,0.404,375,0.8303,0,-1,,0,-1,,0,-1,,0,-1,,0.2299,79.8,21,683509
80.0,0,1,confirm,1.0,20.69,4.69,63.28,2656,42.59,37.72,3578,0.742,1.076,0.178,0.3229,22,0.3312,2596,0.9897,1,1789,-13.39,1,1789,-13.39,1,2895,31.64,1,1789,-13.39,0.8303,40.32,21,683974
80.0,0,-1,confirm,1.0,-57.07,-73.07,24.29,654,81.36,57.07,1230,0.532,2.334,0.057,-0.1463,23,0.3146,11,0.9493,1,15,-8.5,1,15,-8.5,1,15,-8.5,1,15,-8.5,0.9088,42.32,22,687552
80.0,0,1,fallback,1.0,156.97,140.97,200.43,8548,43.47,4.83,10057,0.85,2.736,0.255,0.0626,1,0.5083,6288,1.0,1,630,21.73,1,630,21.73,1,630,21.73,1,748,3.62,0.2396,81.56,23,688782
80.0,0,-1,confirm,1.0,16.64,0.64,58.25,1486,41.61,4.76,2834,0.524,1.811,0.197,0.006,2,0.3923,274,0.9808,1,827,19.02,1,827,19.02,1,827,19.02,1,895,26.15,0.2503,42.61,2,698839
80.0,0,1,confirm,1.0,111.93,95.93,153.61,3813,41.68,7.14,4250,0.897,0.464,0.242,0.3799,3,0.8539,3672,1.0,1,7,4.76,1,1199,1.19,1,1199,1.19,1,1227,1.19,0.3734,41.85,2,701673
80.0,0,-1,confirm,1.0,-2.36,-18.36,37.68,7364,40.04,58.88,7677,0.959,0.703,0.189,-0.5228,6,0.0979,1741,0.9881,1,1897,1.18,0,-1,,0,-1,,0,-1,,0.2495,41.05,4,705923
80.0,0,1,confirm,1.0,24.72,8.72,65.93,8658,41.21,31.79,10274,0.843,1.264,0.138,0.3308,8,0.8297,3918,1.0,1,2274,-5.89,1,2274,-5.89,1,2274,-5.89,1,2306,-4.71,0.398,40.19,6,713600
80.0,0,-1,confirm,1.0,1.17,-14.83,42.28,776,41.1,2.35,2809,0.276,2.469,0.213,0.3498,9,0.6727,660,0.9915,1,1588,27.01,1,1588,27.01,1,1588,27.01,1,1590,27.01,0.6438,40.94,9,723874
80.0,0,1,confirm,1.0,8.22,-7.78,49.33,7213,41.11,22.32,8157,0.884,7.694,0.362,0.3893,11,0.5022,3597,0.9946,1,654,-4.7,1,1096,-1.17,1,1096,-1.17,1,1128,2.35,0.2718,41.28,9,726683
80.0,0,-1,confirm,1.0,59.85,43.85,110.32,954,50.46,9.39,1361,0.701,3.393,0.284,0.355,12,0.4877,831,0.9508,0,-1,,0,-1,,0,-1,,0,-1,,0.5318,40.91,12,734840
80.0,0,1,confirm,1.0,1.18,-14.82,43.68,3005,42.5,48.41,3599,0.835,4.821,0.239,0.1271,13,0.4642,1038,0.9897,1,1483,7.08,1,1483,7.08,1,1483,7.08,1,1945,-1.18,0.1753,51.03,12,736201
80.0,0,-1,confirm,1.0,-60.21,-76.21,23.61,160,83.82,60.21,1225,0.131,0.569,0.189,0.1502,13,0.5687,1,0.9389,1,488,-22.43,1,488,-22.43,1,488,-22.43,1,600,-14.17,0.2247,42.32,13,739800
80.0,0,1,fallback,1.0,-43.42,-59.42,1.17,1,44.59,43.42,975,0.001,2.492,0.127,0.0684,13,0.0887,213,0.8102,1,291,-19.95,0,-1,,0,-1,,0,-1,,0.3777,84.01,13,741025
80.0,0,-1,confirm,1.0,-57.75,-73.75,23.57,618,81.32,57.75,2652,0.233,1.07,0.078,0.274,14,0.5199,9,0.9776,1,1330,-20.04,1,1330,-20.04,1,1330,-20.04,1,2078,-30.64,0.058,44.59,14,742000
80.0,0,1,fallback,1.0,-31.64,-47.64,12.89,59,44.53,31.64,336,0.176,1.992,0.166,-0.1434,14,-0.0137,327,0.7362,0,-1,,0,-1,,0,-1,,0,-1,,0.7816,81.51,14,744652
80.0,0,-1,confirm,1.0,11.76,-4.24,54.07,297,42.32,18.81,951,0.312,4.58,0.255,0.2346,15,0.2845,869,0.9553,1,89,-16.46,1,89,-16.46,1,950,16.46,0,-1,,0.2037,44.47,14,744988
80.0,0,1,confirm,1.0,-54.14,-70.14,28.25,1412,82.38,54.14,6675,0.212,3.041,0.102,0.0701,15,0.668,6358,0.993,1,30,-3.53,1,886,14.12,1,886,14.12,1,1144,-4.71,0.3952,42.55,15,745939
80.0,0,-1,fallback,1.0,-40.23,-56.23,11.83,1086,52.06,40.23,1515,0.717,1.286,0.188,0.0897,17,0.3598,21,0.9713,1,621,-11.83,1,621,-11.83,1,621,-11.83,1,699,-17.75,0.644,82.15,17,752614
80.0,0,1,confirm,1.0,122.57,106.57,163.82,250,41.25,-0.0,325,0.769,2.205,0.236,0.1423,17,0.6,0,0.8952,0,-1,,0,-1,,0,-1,,0,-1,,0.2398,52.13,17,754129
80.0,0,-1,confirm,1.0,-96.64,-112.64,-0.0,0,96.64,96.64,909,0.0,0.338,0.166,-0.1291,17,-0.1204,91,0.6217,0,-1,,0,-1,,0,-1,,0,-1,,0.1153,40.58,17,754454
80.0,0,1,fallback,1.0,-24.22,-40.22,16.14,30,40.36,24.22,270,0.111,3.796,0.148,0.2611,17,0.3722,0,0.5004,0,-1,,0,-1,,0,-1,,0,-1,,0.0814,96.64,17,755363
80.0,0,-1,confirm,1.0,-15.03,-31.03,25.43,731,40.46,56.64,1079,0.677,0.257,0.055,-0.1455,18,0.1534,344,0.9272,1,358,-26.59,1,358,-26.59,0,-1,,1,407,-34.68,0.2482,40.29,17,755633
80.0,0,1,confirm,1.0,-49.63,-65.63,30.01,255,79.64,49.63,3401,0.075,1.209,0.172,-0.048,18,0.3903,2700,0.9908,1,445,2.31,1,3281,-30.01,1,3281,-30.01,1,3281,-30.01,0.1713,40.56,18,756712
80.0,0,-1,confirm,1.0,-88.16,-104.16,-0.0,0,88.16,88.16,1308,0.0,2.017,0.276,0.1531,19,0.3107,180,0.9821,1,327,-17.4,1,327,-17.4,1,327,-17.4,0,-1,,0.0406,79.4,19,760113
80.0,0,1,fallback,1.0,-28.75,-44.75,11.5,35,40.24,28.75,846,0.041,3.774,0.195,-0.1184,19,0.0322,53,0.6907,0,-1,,0,-1,,0,-1,,0,-1,,0.6496,88.16,19,761421
80.0,0,-1,confirm,1.0,40.36,24.36,80.72,3498,40.36,1.15,4634,0.755,0.897,0.157,0.2134,20,0.3377,3716,0.9974,1,373,20.76,1,373,20.76,1,983,28.83,1,373,20.76,0.0536,40.2,19,762267
80.0,0,1,confirm,1.0,1.16,-14.84,41.68,698,40.52,2.32,2325,0.3,1.507,0.372,0.5239,21,0.5578,680,0.9969,1,139,-2.32,1,139,-2.32,1,139,-2.32,1,2291,11.58,0.5973,40.69,21,766901
80.0,0,-1,confirm,1.0,32.41,16.41,72.93,12100,40.52,39.36,12969,0.933,3.892,0.261,-0.0765,1,0.5816,7908,1.0,1,600,-16.21,1,2726,-10.42,1,5582,6.95,1,2731,-16.21,0.3936,40.36,21,769226
80.0,0,1,confirm,1.0,15.1,-0.9,55.75,3244,40.65,56.91,4317,0.751,3.743,0.396,0.2786,2,0.4125,3236,1.0,1,182,-6.97,1,182,-6.97,1,182,-6.97,1,184,-6.97,0.5458,40.82,1,782195
80.0,0,-1,confirm,1.0,-76.54,-92.54,4.64,3416,81.18,76.54,7358,0.464,2.729,0.126,-0.0286,3,0.566,2008,0.9972,1,539,-22.03,1,539,-22.03,1,539,-22.03,1,547,-26.67,0.226,40.43,2,786512
80.0,0,1,fallback,1.0,-14.96,-30.96,25.32,1514,40.28,24.17,2482,0.61,2.885,0.22,0.0175,4,0.6083,701,0.9601,1,714,-23.02,1,714,-23.02,1,714,-23.02,1,714,-23.02,0.6344,81.22,4,793870
80.0,0,-1,confirm,1.0,149.84,133.84,191.33,4981,41.49,73.77,5244,0.95,5.735,0.301,0.2102,6,0.5024,4152,0.9633,1,1047,-3.46,1,1047,-3.46,1,1047,-3.46,1,1083,-2.31,0.003,40.18,5,796352
80.0,0,1,confirm,1.0,172.01,156.01,212.97,10448,40.95,22.23,12304,0.849,2.098,0.178,-0.0014,9,0.7763,5798,0.9942,1,551,-2.34,1,551,-2.34,1,4139,15.21,1,688,-9.36,0.2196,42.3,6,801596
80.0,0,-1,confirm,1.0,25.31,9.31,66.72,1273,41.41,17.26,1689,0.754,3.835,0.265,0.2668,10,0.3584,475,0.9473,1,276,-4.6,1,276,-4.6,1,276,-4.6,1,727,1.15,0.0401,40.1,10,813900
80.0,0,1,confirm,1.0,27.68,11.68,68.04,6378,40.36,26.53,6930,0.92,1.029,0.153,-0.0813,12,0.2874,2060,0.9927,1,827,-14.99,1,827,-14.99,1,827,-14.99,1,853,-14.99,0.3807,41.69,10,815589
80.0,0,-1,confirm,1.0,-51.75,-67.75,29.9,5261,81.66,51.75,5540,0.95,2.244,0.102,0.1134,13,0.4438,6,0.9403,1,446,-1.15,1,446,-1.15,1,446,-1.15,1,535,-9.2,0.2244,40.09,12,822519
80.0,0,1,fallback,1.0,-33.18,-49.18,6.86,1,40.05,33.18,272,0.004,0.887,0.025,0.0636,14,0.1993,250,0.6991,0,-1,,0,-1,,0,-1,,0,-1,,0.0965,81.9,14,828059
80.0,0,-1,confirm,1.0,-82.65,-98.65,5.74,11,88.39,82.65,618,0.018,0.518,0.035,-0.1864,14,-0.1782,40,0.4502,0,-1,,0,-1,,0,-1,,0,-1,,0.6043,40.02,14,828331
80.0,0,1,fallback,1.0,77.42,61.42,118.41,303,40.99,3.42,352,0.861,2.223,0.203,0.0682,14,0.4469,36,0.7458,1,339,89.95,1,339,89.95,1,339,89.95,0,-1,,0.1619,88.44,14,828949
80.0,0,-1,confirm,1.0,31.63,15.63,74.57,64,42.93,0.0,139,0.46,0.974,0.05,-0.0108,14,0.0386,2,0.3173,0,-1,,0,-1,,0,-1,,0,-1,,0.0551,40.51,14,829301
80.0,0,1,confirm,1.0,109.94,93.94,151.88,351,41.94,6.8,446,0.787,1.099,0.105,0.0562,14,0.0891,422,0.7528,0,-1,,0,-1,,0,-1,,0,-1,,0.3395,43.26,14,829440
80.0,0,-1,confirm,1.0,-76.23,-92.23,7.85,7,84.08,76.23,127,0.055,0.792,0.05,-0.1351,14,-0.0808,0,0.0137,0,-1,,0,-1,,0,-1,,0,-1,,0.2999,41.31,14,829886
80.0,0,1,fallback,1.0,233.64,217.64,285.94,217,52.29,24.48,222,0.977,3.311,0.264,0.0907,14,0.141,167,0.4412,0,-1,,0,-1,,0,-1,,0,-1,,0.1775,84.15,14,830013
80.0,0,-1,confirm,1.0,13.05,-2.95,54.36,28,41.31,3.26,42,0.667,3.288,0.163,-0.0236,14,-0.0101,37,0.1395,0,-1,,0,-1,,0,-1,,0,-1,,0.0633,50.84,14,830235
80.0,0,1,confirm,1.0,4.35,-11.65,44.63,26,40.28,10.89,36,0.722,1.705,0.189,0.0481,14,0.0607,29,0.095,1,31,6.53,0,-1,,0,-1,,0,-1,,0.0956,41.54,14,830277
80.0,0,-1,confirm,1.0,96.84,80.84,137.11,124,40.26,6.53,142,0.873,0.973,0.072,0.0829,14,0.1015,82,0.5065,0,-1,,0,-1,,0,-1,,0,-1,,0.095,40.1,14,830313
80.0,0,1,confirm,1.0,45.05,29.05,87.9,111,42.85,13.19,131,0.847,1.183,0.119,0.0069,14,0.0356,66,0.6989,0,-1,,0,-1,,0,-1,,0,-1,,0.0613,40.82,14,830455
80.0,0,-1,confirm,1.0,138.92,122.92,181.58,46,42.66,0.0,52,0.885,1.615,0.003,0.0044,14,0.006,44,0.1744,0,-1,,0,-1,,0,-1,,0,-1,,0.281,42.48,14,830586
80.0,0,1,confirm,1.0,8.87,-7.13,49.92,126,41.04,-0.0,154,0.818,0.189,0.002,-0.0057,14,0.0016,0,0.2637,0,-1,,0,-1,,0,-1,,0,-1,,0.0688,43.45,14,830638
80.0,0,-1,confirm,1.0,22.17,6.17,62.06,52,39.9,3.32,71,0.732,0.4,0.117,0.0049,14,0.033,65,0.3202,0,-1,,0,-1,,0,-1,,0,-1,,0.0683,40.84,14,830792
80.0,0,1,confirm,1.0,-71.09,-87.09,10.0,37,81.08,71.09,111,0.333,0.877,0.097,-0.0246,14,0.0885,75,0.3411,1,111,-71.09,0,-1,,0,-1,,0,-1,,0.0002,40.15,14,830863
80.0,0,-1,fallback,1.0,-27.97,-43.97,15.66,4,43.63,27.97,28,0.143,1.155,0.117,-0.003,14,0.0028,3,0.7734,0,-1,,0,-1,,0,-1,,0,-1,,0.1704,81.0,14,830974
80.0,0,1,confirm,1.0,50.2,34.2,92.59,179,42.39,10.04,214,0.836,1.141,0.064,-0.1415,14,0.0194,18,0.3764,0,-1,,0,-1,,0,-1,,0,-1,,0.7579,43.7,14,831002
80.0,0,-1,confirm,1.0,-59.94,-75.94,22.2,18,82.14,59.94,319,0.056,0.857,0.007,0.1483,14,0.1552,22,0.3048,0,-1,,0,-1,,0,-1,,0,-1,,0.3213,42.0,14,831216
80.0,0,1,fallback,1.0,-20.96,-36.96,23.17,209,44.14,23.17,263,0.795,0.712,0.078,0.178,15,0.1788,189,0.4021,0,-1,,0,-1,,0,-1,,0,-1,,0.1676,82.32,14,831535
80.0,0,-1,confirm,1.0,44.23,28.23,84.03,129,39.81,0.0,165,0.782,1.284,0.038,-0.002,15,0.0176,145,0.4473,0,-1,,0,-1,,0,-1,,0,-1,,0.4016,44.03,15,831798
80.0,0,1,confirm,1.0,-42.2,-58.2,38.87,96,81.08,42.2,786,0.122,0.905,0.036,0.0373,15,0.2366,573,0.7912,1,143,2.22,0,-1,,0,-1,,0,-1,,0.1482,40.14,15,831963
80.0,0,-1,fallback,1.0,-8.92,-24.92,36.81,133,45.73,12.27,315,0.422,2.396,0.1,0.1127,15,0.1614,289,0.5138,0,-1,,0,-1,,0,-1,,0,-1,,0.1744,80.76,15,832749
80.0,0,1,confirm,1.0,-53.49,-69.49,26.74,221,80.23,53.49,538,0.411,1.189,0.009,0.016,15,0.0796,363,0.4639,1,440,-25.63,0,-1,,0,-1,,0,-1,,0.1664,45.9,15,833064
80.0,0,-1,fallback,1.0,-19.05,-35.05,36.97,104,56.02,19.05,128,0.812,0.913,0.118,0.2809,15,0.3024,29,0.3918,0,-1,,0,-1,,0,-1,,0,-1,,0.3818,80.02,15,833602
80.0,0,1,confirm,1.0,-83.86,-99.86,0.0,0,83.86,83.86,191,0.0,1.363,0.05,-0.2155,15,-0.1925,106,0.5224,0,-1,,0,-1,,0,-1,,0,-1,,0.0282,56.22,15,833730
80.0,0,-1,fallback,1.0,126.3,110.3,165.76,1079,39.47,18.04,1125,0.959,5.587,0.174,0.3552,15,0.3849,1048,0.7877,1,600,25.94,1,600,25.94,1,600,25.94,0,-1,,0.5224,83.86,15,833921
80.0,0,1,confirm,1.0,52.54,36.54,93.65,1130,41.11,39.97,1231,0.918,0.747,0.119,0.133,16,0.2342,964,0.7582,0,-1,,0,-1,,0,-1,,0,-1,,0.4902,40.13,15,835046
80.0,0,-1,confirm,1.0,-65.89,-81.89,17.04,186,82.94,65.89,1360,0.137,0.495,0.028,-0.1186,16,-0.0485,509,0.5759,0,-1,,0,-1,,0,-1,,0,-1,,0.0141,40.73,16,836277
80.0,0,1,fallback,1.0,-45.15,-61.15,0.0,0,45.15,45.15,113,0.0,0.57,0.116,0.1405,16,0.1988,44,0.4098,0,-1,,0,-1,,0,-1,,0,-1,,0.0605,83.08,16,837637
80.0,0,-1,confirm,1.0,-66.89,-82.89,14.74,74,81.63,66.89,1050,0.07,1.235,0.037,-0.0511,16,0.3083,721,0.7808,0,-1,,0,-1,,0,-1,,0,-1,,0.1684,45.15,16,837750
80.0,0,1,fallback,1.0,-18.02,-34.02,22.53,366,40.55,18.02,703,0.521,2.523,0.116,0.0433,17,0.0433,366,0.5871,0,-1,,0,-1,,0,-1,,0,-1,,0.1787,81.75,17,838800
80.0,0,-1,confirm,1.0,22.57,6.57,63.18,703,40.62,0.0,853,0.824,0.596,0.112,-0.2183,17,0.2125,89,0.6664,1,384,19.18,1,384,19.18,1,384,19.18,1,536,34.98,0.4301,40.45,17,839503
80.0,0,1,confirm,1.0,-74.64,-90.64,9.05,258,83.68,74.64,1809,0.143,1.277,0.058,-0.0179,17,0.1329,0,0.8736,1,202,-6.79,1,202,-6.79,0,-1,,1,325,-12.44,0.1099,40.88,17,840356
80.0,0,-1,fallback,1.0,-26.2,-42.2,14.81,764,41.02,37.6,950,0.804,1.616,0.062,0.2137,18,0.3864,360,0.8624,0,-1,,0,-1,,0,-1,,0,-1,,0.2702,83.61,17,842165
80.0,0,1,confirm,1.0,-63.64,-79.64,15.91,5101,79.55,63.64,5928,0.86,6.99,0.053,0.1598,19,0.61,5713,0.9846,1,915,-40.91,1,915,-40.91,1,2686,-30.68,1,983,-30.68,0.1719,41.08,18,843115
80.0,0,-1,confirm,1.0,-28.59,-44.59,12.58,181,41.17,28.59,1451,0.125,0.721,0.165,-0.2741,19,0.7072,1447,0.9115,1,517,-6.86,1,517,-6.86,1,517,-6.86,1,517,-6.86,0.4095,79.42,19,849043
80.0,0,1,confirm,1.0,-62.72,-78.72,17.11,1060,79.83,62.72,5769,0.184,0.451,0.124,-0.044,20,0.4431,2716,0.9945,1,1482,2.28,1,1955,-13.68,1,1955,-13.68,1,1977,-15.97,0.6108,41.22,20,850494
80.0,0,-1,confirm,1.0,136.56,120.56,176.73,5369,40.17,17.21,5806,0.925,0.88,0.223,0.0501,23,0.57,1078,0.9954,1,2206,74.59,1,2206,74.59,1,2206,74.59,1,2414,65.41,0.826,79.69,21,856263
80.0,0,1,confirm,1.0,72.13,56.13,112.86,9731,40.72,33.74,11088,0.878,1.019,0.096,-0.2371,2,0.4429,8521,0.9888,1,27,-4.65,1,27,-4.65,1,6083,47.7,1,145,-6.98,0.1124,40.89,23,862069
80.0,0,-1,confirm,1.0,11.55,-4.45,51.98,3322,40.43,16.17,4757,0.698,5.941,0.146,0.4992,3,0.7317,2304,0.9968,1,1238,26.57,1,1238,26.57,1,1238,26.57,1,1496,15.02,0.5899,40.27,2,873157
80.0,0,1,confirm,1.0,74.01,58.01,114.49,19739,40.48,75.17,21508,0.918,0.891,0.2,-0.0513,9,0.6931,9680,1.0,1,143,-9.25,1,143,-9.25,1,1761,-26.6,1,582,-17.35,0.8012,40.64,3,877914
80.0,0,-1,confirm,1.0,-72.32,-88.32,9.18,66,81.51,72.32,5081,0.013,1.956,0.163,-0.3061,9,0.24,3737,0.9964,1,1420,-31.0,1,1774,-31.0,1,3874,-19.52,1,2158,-37.88,0.3091,40.02,9,899422
80.0,0,1,fallback,1.0,72.94,56.94,113.97,6136,41.03,2.28,6473,0.948,0.984,0.195,0.0587,12,0.5218,4321,0.9874,1,562,2.28,1,562,2.28,1,1494,19.38,1,600,11.4,0.571,81.58,11,904503
80.0,0,-1,confirm,1.0,-0.0,-16.0,40.73,3179,40.73,18.1,4379,0.726,0.699,0.115,0.1462,13,0.3862,796,0.9983,1,1100,20.37,1,1100,20.37,1,1100,20.37,1,1245,5.66,0.0543,40.57,13,910976
80.0,0,1,confirm,1.0,9.05,-6.95,50.92,3699,41.86,37.34,5343,0.692,0.78,0.177,-0.0568,15,0.2964,3326,0.9833,1,161,-1.13,1,161,-1.13,1,3558,28.29,1,221,-7.92,0.485,40.9,14,915355
80.0,0,-1,confirm,1.0,50.87,34.87,91.57,2398,40.7,6.78,3649,0.657,0.913,0.16,0.0239,16,0.3887,2741,0.9489,1,245,-2.26,1,1915,53.13,1,1915,53.13,1,3550,59.91,0.3094,41.65,15,920698
80.0,0,1,confirm,1.0,-68.17,-84.17,12.5,41,80.67,68.17,1555,0.026,2.959,0.216,0.1308,16,0.363,851,0.9747,1,173,-28.41,1,173,-28.41,1,173,-28.41,1,1132,-61.36,0.394,41.07,16,924347
80.0,0,-1,fallback,1.0,-37.75,-53.75,2.29,145,40.04,37.75,1302,0.111,0.229,0.128,0.6836,17,0.6962,172,0.9815,1,269,-1.14,1,269,-1.14,1,269,-1.14,1,1105,-36.61,0.1225,80.57,17,925902
80.0,0,1,confirm,1.0,51.29,35.29,93.46,14944,42.17,34.19,15450,0.967,8.941,0.343,0.5932,21,0.6619,14917,1.0,1,248,1.14,1,248,1.14,1,248,1.14,1,425,1.14,0.2901,40.05,17,927204
80.0,0,-1,confirm,1.0,28.35,12.35,69.17,10868,40.82,18.14,12346,0.88,5.55,0.258,0.2668,0,0.5128,7137,0.9977,1,183,-17.01,1,183,-17.01,1,900,26.08,1,1882,18.14,0.6425,41.78,21,942654
80.0,0,1,confirm,1.0,-55.72,-71.72,23.88,9611,79.6,55.72,12568,0.765,0.441,0.299,0.0041,3,0.6332,9053,1.0,1,215,-4.55,1,215,-4.55,1,215,-4.55,1,261,-3.41,0.3503,41.11,1,955000
80.0,0,-1,confirm,1.0,-19.44,-35.44,20.58,2696,40.02,25.16,3384,0.797,1.256,0.24,0.0136,5,0.4212,1056,0.9977,1,80,-8.0,1,1122,-11.44,1,1122,-11.44,1,1233,-17.15,0.3508,79.41,4,967568
80.0,0,1,confirm,1.0,-54.78,-70.78,26.25,1863,81.03,54.78,7145,0.261,0.674,0.146,0.4481,6,0.5277,2018,0.9956,1,120,-2.28,1,120,-2.28,1,120,-2.28,1,120,-2.28,0.479,40.11,5,970952
80.0,0,-1,fallback,1.0,-28.69,-44.69,12.62,1375,41.31,28.69,2186,0.629,1.674,0.165,0.2533,8,0.4409,2017,0.9972,1,1610,-3.44,1,1610,-3.44,1,1610,-3.44,1,1641,-5.74,0.7969,80.82,7,978097
80.0,0,1,confirm,1.0,-72.09,-88.09,9.15,1153,81.24,72.09,3665,0.315,3.107,0.161,0.1035,8,0.3455,1710,0.9937,1,323,-3.43,1,685,-9.15,1,685,-9.15,1,1896,1.14,0.1779,41.37,8,980283
80.0,0,-1,fallback,1.0,-40.34,-56.34,-0.0,0,40.34,40.34,865,0.0,5.115,0.215,0.1586,9,0.2965,619,0.995,1,726,-29.97,1,726,-29.97,1,726,-29.97,1,766,-31.12,0.3289,81.17,9,983948
80.0,0,1,confirm,1.0,3.44,-12.56,43.62,3149,40.18,3.44,4635,0.679,6.922,0.257,0.7011,10,0.7182,3123,0.9976,1,686,29.85,1,686,29.85,1,686,29.85,1,1109,35.59,0.0475,40.34,9,984813
80.0,0,-1,confirm,1.0,63.12,47.12,103.28,9627,40.17,16.07,10380,0.927,3.605,0.045,0.1604,13,0.5987,5520,0.9892,1,600,2.3,1,600,2.3,1,600,2.3,1,668,-4.59,0.8008,40.0,10,989448
80.0,0,1,confirm,1.0,-79.69,-95.69,2.31,101,82.0,79.69,3112,0.032,0.372,0.085,0.576,13,0.6175,8,0.9638,1,219,-18.48,1,219,-18.48,1,219,-18.48,1,219,-18.48,0.5345,40.58,13,999828
80.0,0,-1,fallback,1.0,-16.3,-32.3,24.45,214,40.75,16.3,1466,0.146,0.434,0.128,0.3368,14,0.477,508,0.8778,1,656,5.82,1,656,5.82,1,656,5.82,1,674,8.15,0.7903,81.98,14,1002940
80.0,0,1,confirm,1.0,34.87,18.87,75.55,5097,40.68,15.11,6935,0.735,0.724,0.164,-0.3905,16,0.7395,2951,0.9992,1,204,9.3,1,204,9.3,1,204,9.3,1,275,10.46,0.1909,40.84,15,1004406
80.0,0,-1,confirm,1.0,-63.7,-79.7,22.01,5768,85.71,63.7,13173,0.438,0.151,0.102,0.3391,18,0.7146,10348,1.0,1,63,-8.11,1,63,-8.11,1,63,-8.11,1,187,-13.9,0.129,40.37,16,1011341
80.0,0,1,fallback,1.0,-31.07,-47.07,9.21,67,40.28,31.07,1675,0.04,1.685,0.231,0.0935,20,0.2544,1,0.9715,1,166,0.0,1,166,0.0,1,166,0.0,1,912,-13.81,0.7903,85.9,20,1024514
80.0,0,-1,confirm,1.0,-81.97,-97.97,1.15,2,83.12,81.97,789,0.003,1.066,0.159,0.5504,21,0.5504,2,0.9986,1,260,-8.08,1,260,-8.08,1,260,-8.08,1,260,-8.08,0.4654,40.24,21,1026189
80.0,0,1,fallback,1.0,164.89,148.89,206.11,2186,41.22,16.03,2396,0.912,0.313,0.111,0.5054,21,0.7784,0,0.895,1,761,61.83,1,761,61.83,1,761,61.83,1,1192,111.07,0.6585,83.13,21,1026978
80.0,0,-1,confirm,1.0,45.06,29.06,86.74,833,41.68,16.9,893,0.933,1.357,0.138,-0.107,22,-0.0349,863,0.7059,0,-1,,0,-1,,0,-1,,0,-1,,0.5316,40.39,21,1029374
80.0,0,1,confirm,1.0,29.42,13.42,70.16,4806,40.74,33.95,4918,0.977,2.497,0.151,0.0534,23,0.5233,2597,0.9952,1,1372,-12.45,1,1372,-12.45,1,1372,-12.45,1,1792,6.79,0.2387,42.05,22,1030267
80.0,0,-1,confirm,1.0,-15.8,-31.8,24.82,5534,40.62,60.93,6043,0.916,3.937,0.142,0.2838,1,0.6804,525,0.9389,1,1181,-23.69,1,1181,-23.69,1,1181,-23.69,1,1219,-23.69,0.7058,40.45,23,1035185
80.0,0,1,confirm,1.0,9.01,-6.99,49.57,3745,40.55,57.45,4476,0.837,2.793,0.12,0.0725,2,0.6831,1591,0.9966,1,140,-11.27,1,140,-11.27,1,140,-11.27,1,578,-22.53,0.227,40.72,1,1041228
80.0,0,-1,confirm,1.0,2.25,-13.75,42.77,9225,40.52,30.39,10406,0.887,0.512,0.083,0.4875,5,0.7452,9458,0.9716,1,665,-6.75,1,665,-6.75,1,665,-6.75,1,679,-11.25,0.0656,40.35,2,1045704
80.0,0,1,confirm,1.0,-60.79,-76.79,19.14,3897,79.93,60.79,15313,0.254,1.292,0.038,0.1059,6,0.3543,14501,0.982,1,1535,-21.39,1,1535,-21.39,1,2348,-14.63,1,1583,-20.26,0.8781,40.69,5,1056110
80.0,0,-1,confirm,1.0,-22.65,-38.65,18.12,124,40.77,22.65,651,0.19,4.096,0.129,0.5027,9,0.5146,76,0.9388,1,567,-15.86,1,567,-15.86,1,567,-15.86,0,-1,,0.6254,79.78,9,1071423
80.0,0,1,confirm,1.0,61.02,45.02,101.71,4008,40.68,7.91,4502,0.89,8.316,0.183,0.6818,10,0.714,4007,0.9721,1,319,2.26,1,319,2.26,1,1805,20.34,1,319,2.26,0.4996,40.85,9,1072074
80.0,0,-1,confirm,1.0,-81.99,-97.99,1.12,14,83.12,81.99,1020,0.014,1.036,0.062,-0.3489,11,0.0157,964,0.8541,0,-1,,0,-1,,0,-1,,0,-1,,0.844,40.27,11,1076576
80.0,0,1,fallback,1.0,-3.34,-19.34,37.88,395,41.22,14.48,715,0.552,2.022,0.145,0.2399,11,0.2399,395,0.7919,0,-1,,0,-1,,0,-1,,0,-1,,0.4791,83.13,11,1077596
80.0,0,-1,confirm,1.0,-60.18,-76.18,21.17,816,81.36,60.18,5980,0.136,0.819,0.05,-0.0368,11,0.3927,3255,0.9732,1,549,-7.8,1,549,-7.8,1,549,-7.8,1,552,-7.8,0.4967,41.07,11,1078311
80.0,0,1,fallback,1.0,31.02,15.02,72.01,873,40.99,5.54,1118,0.781,0.364,0.087,0.2359,13,0.362,7,0.7409,1,1117,39.88,1,1117,39.88,1,1117,39.88,0,-1,,0.1208,81.53,13,1084291
80.0,0,-1,confirm,1.0,40.86,24.86,80.62,2448,39.76,29.82,2730,0.897,1.594,0.088,0.2005,14,0.4144,2522,0.9167,1,1253,27.61,1,1253,27.61,1,1253,27.61,1,1912,51.91,0.2965,40.7,13,1085409
80.0,0,1,confirm,1.0,-80.95,-96.95,6.65,244,87.6,80.95,1240,0.197,0.656,0.083,-0.0782,14,0.0096,402,0.784,0,-1,,0,-1,,0,-1,,0,-1,,0.4407,40.08,14,1088139
80.0,0,-1,fallback,1.0,-6.71,-22.71,35.77,416,42.48,17.89,586,0.71,1.357,0.152,0.5686,14,0.6239,0,0.8022,0,-1,,0,-1,,0,-1,,0,-1,,0.6596,87.54,14,1089379
80.0,0,1,confirm,1.0,94.96,78.96,137.41,4135,42.45,31.28,4935,0.838,1.938,0.108,0.1172,15,0.5346,522,0.908,1,603,17.88,1,603,17.88,1,603,17.88,1,693,22.34,0.6591,42.63,14,1089965
80.0,0,-1,confirm,1.0,79.68,63.68,119.52,5104,39.84,29.88,5365,0.951,2.835,0.12,0.103,17,0.3166,2515,0.9551,1,206,3.32,1,1453,-25.45,1,1453,-25.45,1,1453,-25.45,0.306,41.88,16,1094900
80.0,0,1,confirm,1.0,-70.28,-86.28,23.43,763,93.71,70.28,6064,0.126,0.325,0.078,0.2128,17,0.4919,2570,0.9924,1,1999,-25.66,1,1999,-25.66,1,1999,-25.66,1,3153,-26.77,0.4374,40.32,17,1100265
80.0,0,-1,fallback,1.0,2.25,-13.75,42.69,71,40.44,5.62,213,0.333,3.779,0.292,0.3487,19,0.3487,71,0.6235,0,-1,,0,-1,,0,-1,,0,-1,,0.8602,93.49,19,1106329
80.0,0,1,confirm,1.0,-44.95,-60.95,37.08,1369,82.03,44.95,10820,0.127,0.057,0.072,0.1595,19,0.5485,7237,1.0,1,720,12.36,1,720,12.36,1,720,12.36,1,720,12.36,0.5516,40.62,19,1106542
80.0,0,-1,fallback,1.0,37.25,21.25,77.89,532,40.64,7.9,665,0.8,2.276,0.145,0.0143,22,0.1211,664,0.6322,0,-1,,0,-1,,0,-1,,0,-1,,0.6097,81.73,22,1117362
80.0,0,1,confirm,1.0,-69.11,-85.11,12.46,431,81.58,69.11,13076,0.033,0.486,0.057,0.0571,22,0.5533,10619,0.9978,1,693,-12.46,1,693,-12.46,1,693,-12.46,1,810,-29.46,0.3455,40.96,22,1118027
80.0,0,-1,fallback,1.0,54.76,38.76,95.84,1029,41.07,9.13,1254,0.821,6.548,0.192,0.3023,2,0.7076,0,0.9915,0,-1,,0,-1,,0,-1,,0,-1,,0.9275,81.48,2,1131103
80.0,0,1,confirm,1.0,2.29,-13.71,45.89,5579,43.59,36.71,6479,0.861,5.455,0.104,0.514,4,0.6292,3808,0.9943,1,383,-5.74,1,1131,-14.91,1,1131,-14.91,1,1673,-29.83,0.2781,41.47,2,1132357
80.0,0,-1,confirm,1.0,12.62,-3.38,52.76,656,40.14,8.03,2516,0.261,4.06,0.315,0.4969,4,0.7072,1130,0.9924,1,1691,44.73,1,1691,44.73,1,1691,44.73,1,1691,44.73,0.8053,43.39,4,1138836
80.0,0,1,confirm,1.0,189.48,173.48,230.82,13947,41.34,9.19,14310,0.975,1.03,0.286,-0.1021,8,0.6792,4563,0.9993,1,349,2.3,1,1302,20.67,1,1302,20.67,1,1889,14.93,0.8065,40.36,5,1141352
80.0,0,-1,confirm,1.0,11.27,-4.73,51.84,4275,40.57,25.92,5308,0.805,1.304,0.151,0.0237,10,0.4306,1688,0.9804,1,1779,12.4,1,1779,12.4,1,1779,12.4,1,1789,9.02,0.71,40.41,9,1155662
80.0,0,1,confirm,1.0,-75.6,-91.6,5.64,325,81.24,75.6,3723,0.087,0.736,0.141,0.269,10,0.5713,49,0.9901,1,633,-7.9,1,633,-7.9,1,633,-7.9,1,806,-2.26,0.8522,40.78,10,1160970
80.0,0,-1,fallback,1.0,-26.15,-42.15,14.78,297,40.93,26.15,1527,0.194,0.493,0.094,0.3689,11,0.4955,8,0.9442,1,771,-7.96,1,771,-7.96,1,771,-7.96,1,778,-7.96,0.3505,81.19,11,1164693
80.0,0,1,confirm,1.0,41.95,25.95,83.91,2258,41.95,29.48,2616,0.863,4.065,0.206,0.2644,12,0.472,973,0.9771,1,28,0.0,1,28,0.0,0,-1,,1,365,-18.14,0.5355,40.99,11,1166220
80.0,0,-1,confirm,1.0,10.16,-5.84,50.81,731,40.65,0.0,1256,0.582,1.611,0.143,0.3772,12,0.3966,746,0.9201,1,379,14.68,1,379,14.68,1,379,14.68,1,984,20.33,0.5499,41.61,12,1168836
80.0,0,1,confirm,1.0,-80.25,-96.25,1.13,83,81.38,80.25,470,0.177,0.173,0.179,0.6261,13,0.6891,141,0.6748,1,323,-29.39,1,323,-29.39,1,323,-29.39,1,328,-29.39,0.7978,40.86,13,1170092
80.0,0,-1,fallback,1.0,15.95,-0.05,55.83,141,39.88,10.26,199,0.709,4.409,0.287,0.5084,13,0.5479,118,0.8274,0,-1,,0,-1,,0,-1,,0,-1,,0.1323,81.37,13,1170562
80.0,0,1,confirm,1.0,-52.5,-68.5,27.39,284,79.89,52.5,3890,0.073,0.888,0.06,-0.278,13,0.3229,2095,0.9573,1,606,-1.14,1,606,-1.14,1,1291,-9.13,1,1346,-18.26,0.4951,40.11,13,1170761
80.0,0,-1,confirm,1.0,28.68,12.68,69.99,386,41.3,6.88,470,0.821,3.747,0.149,0.1022,14,0.2813,7,0.5756,1,21,-6.88,1,21,-6.88,1,21,-6.88,1,21,-6.88,0.2098,79.67,14,1174651
80.0,0,1,confirm,1.0,-78.24,-94.24,2.3,46,80.54,78.24,490,0.094,0.387,0.088,-0.0676,14,-0.0348,99,0.5944,0,-1,,0,-1,,0,-1,,0,-1,,0.2493,41.59,14,1175121
80.0,0,-1,fallback,1.0,-40.59,-56.59,-0.0,0,40.59,40.59,77,0.0,0.799,0.11,0.091,14,0.11,25,0.2259,0,-1,,0,-1,,0,-1,,0,-1,,0.0245,80.52,14,1175611
80.0,0,1,confirm,1.0,8.09,-7.91,48.51,662,40.43,6.93,1242,0.533,1.33,0.105,0.2944,14,0.317,688,0.9334,0,-1,,0,-1,,0,-1,,0,-1,,0.0866,40.59,14,1175688
80.0,0,-1,confirm,1.0,-70.4,-86.4,11.54,235,81.94,70.4,2398,0.098,0.644,0.067,-0.0025,14,0.3175,1528,0.9222,1,100,-3.46,1,2033,-38.08,1,2033,-38.08,1,2046,-42.7,0.6209,40.23,14,1176930
80.0,0,1,fallback,1.0,-29.8,-45.8,12.61,28,42.4,29.8,573,0.049,4.706,0.188,0.3814,15,0.5144,432,0.927,0,-1,,0,-1,,0,-1,,0,-1,,0.0926,82.03,15,1179328
80.0,0,-1,confirm,1.0,29.89,13.89,70.11,3834,40.23,45.98,5164,0.742,0.197,0.08,-0.2754,16,0.6594,3071,0.9792,1,1437,-3.45,1,1437,-3.45,1,1437,-3.45,1,2911,26.44,0.6669,42.35,15,1179901
80.0,0,1,confirm,1.0,86.47,70.47,129.12,3168,42.66,25.36,4188,0.756,1.322,0.2,0.267,18,0.4444,2195,0.9823,1,687,-16.14,1,687,-16.14,1,687,-16.14,1,689,-18.45,0.6732,40.51,17,1185065
80.0,0,-1,confirm,1.0,13.72,-2.28,53.72,3385,40.0,26.29,3700,0.915,3.149,0.144,-0.1285,19,0.4643,2444,0.9796,1,555,5.71,1,555,5.71,1,555,5.71,1,600,6.86,0.4139,42.11,18,1189253
80.0,0,1,confirm,1.0,6.87,-9.13,48.07,6663,41.2,29.76,6956,0.958,4.835,0.137,0.1154,21,0.4167,2949,0.9958,1,198,1.14,1,198,1.14,1,198,1.14,1,223,-1.14,0.303,40.22,19,1192953
80.0,0,-1,confirm,1.0,8.01,-7.99,48.04,7331,40.03,22.88,8191,0.895,2.872,0.342,0.4658,23,0.6918,313,1.0,1,574,-12.58,1,574,-12.58,1,574,-12.58,1,574,-12.58,0.5386,41.01,21,1199909
80.0,0,1,confirm,1.0,44.64,28.64,85.85,10138,41.21,40.06,10792,0.939,3.211,0.255,0.4741,2,0.7161,9960,1.0,1,720,-4.58,1,720,-4.58,1,720,-4.58,1,924,-12.59,0.4848,40.23,23,1208100
80.0,0,-1,confirm,1.0,12.54,-3.46,52.42,4328,39.89,4.56,7059,0.613,3.513,0.187,0.1264,3,0.7874,5178,0.9972,1,904,13.68,1,904,13.68,1,904,13.68,1,929,7.98,0.3235,40.86,2,1218892
80.0,0,1,confirm,1.0,-58.19,-74.19,22.82,1060,81.01,58.19,6940,0.153,3.633,0.111,0.1812,4,0.7993,25,0.9989,1,438,11.41,1,438,11.41,1,438,11.41,1,1548,-13.69,0.9218,40.1,4,1225951
80.0,0,-1,fallback,1.0,-3.44,-19.44,36.73,287,40.17,3.44,441,0.651,4.747,0.352,0.3498,6,0.3864,286,0.8752,1,35,2.3,1,35,2.3,0,-1,,0,-1,,0.1858,80.83,6,1232891
80.0,0,1,confirm,1.0,-72.28,-88.28,8.03,2409,80.31,72.28,5779,0.417,4.328,0.19,0.5867,7,0.7701,2622,0.9978,1,1196,-22.95,1,1196,-22.95,1,1196,-22.95,1,1196,-22.95,0.4779,40.32,6,1233332
80.0,0,-1,fallback,1.0,46.23,30.23,88.99,2408,42.76,15.02,2961,0.813,1.907,0.172,0.5479,8,0.6801,1972,0.981,1,880,1.16,1,880,1.16,0,-1,,1,930,-5.78,0.9925,80.25,8,1239111
80.0,0,1,confirm,1.0,-65.02,-81.02,16.25,1512,81.27,65.02,7458,0.203,1.8,0.146,0.2074,9,0.5694,1865,0.9869,1,162,-6.97,1,162,-6.97,1,1613,-1.16,1,338,-13.93,0.5652,43.14,9,1242072
80.0,0,-1,fallback,1.0,-40.9,-56.9,-0.0,0,40.9,40.9,314,0.0,7.145,0.233,0.6715,11,0.6715,0,0.753,0,-1,,0,-1,,0,-1,,0,-1,,0.7333,81.14,11,1249530
80.0,0,1,confirm,1.0,4.66,-11.34,47.72,7345,43.06,50.05,8383,0.876,2.027,0.056,-0.0453,13,0.3425,5747,0.993,1,505,-29.1,1,505,-29.1,1,505,-29.1,1,505,-29.1,0.753,40.9,11,1249844
80.0,0,-1,confirm,1.0,-4.65,-20.65,36.06,4631,40.72,75.62,4738,0.977,7.391,0.22,0.326,14,0.5577,217,0.9735,1,789,-50.02,1,789,-50.02,1,789,-50.02,1,812,-51.19,0.5,42.86,13,1258227
80.0,0,1,confirm,1.0,163.95,147.95,205.81,5928,41.86,2.33,6091,0.973,4.312,0.211,0.2402,16,0.6843,3553,0.9998,1,1225,1.16,1,1225,1.16,1,2760,75.58,1,1225,1.16,0.3494,40.86,14,1262965
80.0,0,-1,confirm,1.0,14.87,-1.13,54.91,2304,40.04,6.86,3333,0.691,1.358,0.068,0.2296,17,0.5797,1795,0.9845,1,467,-1.14,1,1018,4.58,1,2212,24.02,1,2838,37.75,0.23,41.02,16,1269056
80.0,0,1,confirm,1.0,-50.41,-66.41,35.52,2010,85.93,50.41,2035,0.988,1.172,0.221,0.098,17,0.5158,1467,0.9985,1,343,2.29,1,343,2.29,1,343,2.29,1,428,12.6,0.427,40.26,17,1272389
80.0,0,-1,fallback,1.0,-14.97,-30.97,31.09,38,46.06,14.97,97,0.392,5.548,0.109,0.0807,18,0.0933,47,0.2739,0,-1,,0,-1,,0,-1,,0,-1,,0.2491,85.63,18,1274424
80.0,0,1,confirm,1.0,-80.49,-96.49,1.15,3,81.64,80.49,206,0.015,0.784,0.038,-0.0676,18,-0.0338,79,0.4976,0,-1,,0,-1,,0,-1,,0,-1,,0.1272,46.21,18,1274521
80.0,0,-1,fallback,1.0,3.48,-12.52,45.21,28,41.73,3.48,45,0.622,2.472,0.197,0.2107,18,0.2157,17,0.4777,0,-1,,0,-1,,0,-1,,0,-1,,0.2055,81.63,18,1274727
80.0,0,1,confirm,1.0,54.5,38.5,95.08,589,40.58,1.16,1110,0.531,0.609,0.178,-0.0501,18,-0.0372,605,0.8586,0,-1,,0,-1,,0,-1,,0,-1,,0.4045,41.92,18,1274772
80.0,0,-1,confirm,1.0,-59.97,-75.97,20.76,348,80.73,59.97,848,0.41,1.04,0.116,0.0264,18,0.4448,54,0.946,1,257,3.46,1,257,3.46,1,257,3.46,0,-1,,0.6289,40.2,18,1275882
80.0,0,1,fallback,1.0,30.95,14.95,72.22,305,41.27,12.61,428,0.713,2.843,0.168,0.1703,18,0.2111,300,0.5217,0,-1,,0,-1,,0,-1,,0,-1,,0.5251,80.9,18,1276730
80.0,0,-1,confirm,1.0,29.71,13.71,69.71,761,40.0,25.14,914,0.833,0.93,0.168,0.2357,18,0.3076,783,0.9811,0,-1,,0,-1,,0,-1,,0,-1,,0.1428,40.97,18,1277158
80.0,0,1,confirm,1.0,-80.24,-96.24,0.0,0,80.24,80.24,1003,0.0,0.686,0.079,-0.2631,19,-0.1148,434,0.7895,0,-1,,0,-1,,0,-1,,0,-1,,0.6592,40.28,19,1278072
80.0,0,-1,fallback,1.0,46.22,30.22,88.98,177,42.75,1.16,236,0.75,2.132,0.186,0.2611,19,0.3145,69,0.8128,0,-1,,0,-1,,0,-1,,0,-1,,0.3219,80.24,19,1279075
80.0,0,1,confirm,1.0,-74.3,-90.3,17.41,23,91.71,74.3,441,0.052,0.631,0.054,-0.2184,19,-0.1106,433,0.521,0,-1,,0,-1,,0,-1,,0,-1,,0.5267,43.14,19,1279311
80.0,0,-1,fallback,1.0,-31.58,-47.58,9.36,93,40.94,31.58,116,0.802,0.612,0.053,-0.1733,19,0.2856,0,0.7546,1,24,-1.17,1,24,-1.17,1,24,-1.17,1,50,-12.87,0.0796,91.55,19,1279752
80.0,0,1,confirm,1.0,-61.79,-77.79,19.82,27,81.61,61.79,536,0.05,0.438,0.019,0.1874,19,0.3667,488,0.6835,1,508,-32.65,1,508,-32.65,1,508,-32.65,1,536,-61.79,0.1429,40.97,19,1279868
80.0,0,-1,fallback,1.0,-18.77,-34.77,23.46,253,42.23,18.77,417,0.607,2.886,0.095,0.2377,19,0.2589,232,0.5973,0,-1,,0,-1,,0,-1,,0,-1,,0.5536,81.45,19,1280404
80.0,0,1,confirm,1.0,33.96,17.96,74.94,3104,40.98,23.42,3443,0.902,0.391,0.162,0.0351,20,0.5609,1513,0.9901,1,789,-4.68,1,789,-4.68,1,789,-4.68,1,883,1.17,0.4007,42.33,19,1280821
80.0,0,-1,confirm,1.0,73.52,57.52,114.37,4774,40.84,66.52,4846,0.985,8.553,0.277,0.2011,22,0.6751,3717,0.9812,1,638,-8.17,1,638,-8.17,1,638,-8.17,1,822,-51.35,0.7339,40.68,20,1284264
80.0,0,1,confirm,1.0,88.17,72.17,130.5,4875,42.32,3.53,5999,0.813,1.979,0.215,0.3381,23,0.7572,3545,1.0,1,553,38.8,1,553,38.8,1,553,38.8,1,1711,88.17,0.1799,41.32,22,1289110
80.0,0,-1,confirm,1.0,-80.41,-96.41,3.5,68,83.91,80.41,4982,0.014,0.523,0.244,0.2973,23,0.5889,2143,0.9981,1,995,-23.31,1,995,-23.31,1,995,-23.31,1,1192,-44.28,0.8979,41.78,23,1295109
80.0,0,1,fallback,1.0,-32.37,-48.37,8.09,238,40.46,32.37,608,0.391,0.453,0.218,-0.0799,1,-0.072,231,0.9397,0,-1,,0,-1,,0,-1,,0,-1,,0.8556,83.94,1,1300091
80.0,0,-1,confirm,1.0,171.65,155.65,211.09,10953,39.43,19.72,11049,0.991,1.478,0.13,0.3741,4,0.7802,9962,0.995,1,432,-5.8,1,432,-5.8,1,432,-5.8,1,432,-5.8,0.2043,40.43,1,1300699
80.0,0,1,confirm,1.0,-74.35,-90.35,11.8,232,86.15,74.35,2675,0.087,0.318,0.018,0.1026,4,0.2578,1717,0.9888,1,458,-5.9,1,458,-5.9,1,2241,-8.26,1,587,-12.98,0.0785,40.28,4,1311748
80.0,0,-1,fallback,1.0,-22.59,-38.59,17.83,60,40.42,22.59,210,0.286,2.85,0.197,0.2631,5,0.345,0,0.6641,0,-1,,0,-1,,0,-1,,0,-1,,0.9773,86.04,5,1314423
80.0,0,1,confirm,1.0,69.99,53.99,111.51,12567,41.52,22.54,15647,0.803,1.276,0.165,0.2698,8,0.6751,11755,0.9878,1,1069,1.19,1,1069,1.19,1,4319,14.23,1,1160,-1.19,0.0546,40.5,5,1314633
80.0,0,-1,confirm,1.0,16.49,0.49,58.9,6776,42.41,36.52,7458,0.909,1.331,0.22,0.2444,11,0.6572,2340,0.9944,1,469,-18.85,1,469,-18.85,1,469,-18.85,1,613,-24.74,0.0411,41.06,9,1330280
80.0,0,1,confirm,1.0,-67.26,-83.26,15.34,6209,82.6,67.26,7231,0.859,0.323,0.103,-0.2137,13,0.761,4355,0.9927,1,1453,-27.14,1,1453,-27.14,1,1453,-27.14,1,1577,-18.88,0.8997,42.66,11,1337738
80.0,0,-1,fallback,1.0,26.13,10.13,67.71,700,41.58,22.57,784,0.893,3.058,0.156,0.0176,13,0.4055,178,0.8132,1,644,26.13,1,644,26.13,1,644,26.13,1,709,61.77,0.9779,82.47,13,1344969
80.0,0,1,confirm,1.0,-2.38,-18.38,41.69,121,44.07,2.38,432,0.28,0.362,0.039,0.2032,13,0.342,359,0.6589,0,-1,,0,-1,,0,-1,,0,-1,,0.3523,41.86,13,1345753
80.0,0,-1,confirm,1.0,-55.99,-71.99,27.4,1145,83.39,55.99,1656,0.691,0.72,0.065,-0.2236,14,0.2197,1321,0.9599,1,378,-16.68,1,1534,-27.4,1,1534,-27.4,1,1631,-38.12,0.3301,43.89,13,1346185
80.0,0,1,fallback,1.0,-30.8,-46.8,10.66,6,41.46,30.8,169,0.036,1.836,0.184,0.2515,14,0.2877,95,0.8938,0,-1,,0,-1,,0,-1,,0,-1,,0.3938,83.62,14,1347841
80.0,0,-1,confirm,1.0,17.83,1.83,58.23,1587,40.4,17.83,1882,0.843,1.584,0.119,0.1157,14,0.7573,1467,0.9445,1,691,-0.0,1,691,-0.0,1,691,-0.0,1,1042,15.45,0.7403,41.42,14,1348010
80.0,0,1,confirm,1.0,-80.95,-96.95,3.57,42,84.52,80.95,1157,0.036,0.373,0.0,0.3846,14,0.3974,220,0.7932,1,230,-33.33,1,230,-33.33,1,230,-33.33,1,230,-33.33,0.4328,40.64,14,1349892
80.0,0,-1,fallback,1.0,-22.8,-38.8,24.0,35,46.81,22.8,126,0.278,6.143,0.148,0.1666,15,0.3079,0,0.5439,1,126,-22.8,1,126,-22.8,1,126,-22.8,0,-1,,0.5631,84.49,15,1351049
80.0,0,1,confirm,1.0,-81.43,-97.43,9.58,41,91.01,81.43,591,0.069,2.693,0.002,0.0293,15,0.0879,184,0.7491,1,383,-61.07,0,-1,,0,-1,,0,-1,,0.0625,46.92,15,1351175
80.0,0,-1,fallback,1.0,-35.01,-51.01,6.04,54,41.05,35.01,97,0.557,2.792,0.134,0.241,15,0.2475,22,0.6753,0,-1,,0,-1,,0,-1,,0,-1,,0.5341,90.92,15,1351766
80.0,0,1,confirm,1.0,-80.61,-96.61,1.2,1,81.81,80.61,485,0.002,1.159,0.046,-0.2182,15,-0.2182,1,0.1723,0,-1,,0,-1,,0,-1,,0,-1,,0.5422,41.07,15,1351863
80.0,0,-1,fallback,1.0,-3.64,-19.64,37.6,102,41.24,23.04,132,0.773,3.197,0.137,0.3878,15,0.4049,116,0.7665,0,-1,,0,-1,,0,-1,,0,-1,,0.1451,81.8,15,1352348
80.0,0,1,confirm,1.0,-26.67,-42.67,16.97,1845,43.65,75.17,2117,0.872,0.319,0.072,0.0877,16,0.1331,1723,0.8605,1,1846,15.76,1,1846,15.76,0,-1,,1,1943,6.06,0.6035,41.39,15,1352480
80.0,0,-1,confirm,1.0,-13.37,-29.37,31.61,4253,44.98,60.78,4345,0.979,0.71,0.171,0.0812,17,0.5136,3320,0.9467,1,605,-38.9,1,605,-38.9,1,605,-38.9,1,2013,-46.19,0.2382,43.57,16,1354597
80.0,0,1,confirm,1.0,101.98,85.98,143.26,12781,41.28,23.07,13573,0.942,0.531,0.196,0.0718,21,0.4908,905,1.0,1,1505,9.71,1,1505,9.71,1,1505,9.71,1,1677,-15.78,0.2099,45.12,17,1358942
80.0,0,-1,confirm,1.0,-58.89,-74.89,21.63,4741,80.52,58.89,11040,0.429,0.75,0.175,0.0803,22,0.6022,8746,0.9992,1,886,-20.43,1,886,-20.43,1,886,-20.43,1,993,-22.83,0.8144,40.69,21,1372515
80.0,0,1,fallback,1.0,-22.7,-38.7,17.92,2785,40.62,22.7,4448,0.626,1.639,0.279,0.3145,1,0.7339,582,1.0,1,1657,-8.36,1,1657,-8.36,1,1657,-8.36,1,1689,-7.17,0.9788,80.69,0,1383555
80.0,0,-1,confirm,1.0,65.86,49.86,106.57,6321,40.71,53.89,6503,0.972,0.502,0.246,0.2915,3,0.8108,6109,0.9962,1,1660,-39.52,1,1660,-39.52,1,1660,-39.52,1,1782,-52.69,0.0171,40.55,1,1388003
80.0,0,1,confirm,1.0,-45.81,-61.81,34.96,195,80.76,45.81,2399,0.081,0.086,0.029,-0.2274,3,0.3814,2019,0.9912,1,591,12.05,1,591,12.05,1,2299,-8.44,1,622,12.05,0.1582,41.15,3,1394506
80.0,0,-1,fallback,1.0,-18.16,-34.16,21.8,158,39.96,18.16,497,0.318,0.742,0.254,0.4492,4,0.4702,89,0.8825,0,-1,,0,-1,,0,-1,,0,-1,,0.5881,80.48,4,1396905
80.0,0,1,confirm,1.0,-44.72,-60.72,37.47,469,82.2,44.72,1261,0.372,0.826,0.303,0.2955,4,0.5049,1196,0.9919,1,573,8.46,1,573,8.46,1,573,8.46,1,573,8.46,0.2603,40.05,4,1397402
80.0,0,-1,fallback,1.0,-3.64,-19.64,36.43,1515,40.07,13.36,1854,0.817,2.3,0.144,-0.1213,4,0.4855,1059,0.9791,1,785,-4.86,1,785,-4.86,1,785,-4.86,1,1498,30.35,0.2528,81.89,4,1398663
80.0,0,1,confirm,1.0,-2.43,-18.43,41.27,483,43.69,2.43,1091,0.443,0.138,0.28,0.2676,5,0.2883,492,0.9868,1,200,13.35,1,200,13.35,1,200,13.35,1,216,14.56,0.4401,40.21,5,1400517
80.0,0,-1,confirm,1.0,4.86,-11.14,44.92,8225,40.06,52.2,9075,0.906,5.863,0.23,0.586,7,0.6366,1,0.9937,1,593,-8.5,1,593,-8.5,1,593,-8.5,1,599,-9.71,0.504,43.52,5,1401608
80.0,0,1,confirm,1.0,0.0,-16.0,42.51,2924,42.51,12.15,4707,0.621,0.346,0.2,0.0919,8,0.5156,1776,0.9956,1,814,7.29,1,814,7.29,1,814,7.29,1,814,7.29,0.9265,40.24,7,1410683
80.0,0,-1,confirm,1.0,7.29,-8.71,51.01,13064,43.73,20.65,13290,0.983,4.128,0.143,0.3624,12,0.7677,1,0.9948,1,1810,-13.36,1,1810,-13.36,1,1810,-13.36,1,1894,-6.07,0.306,42.33,9,1415390
80.0,0,1,confirm,1.0,104.53,88.53,147.08,3260,42.54,-0.0,4522,0.721,4.23,0.32,0.5214,13,0.5363,3258,0.996,1,394,36.47,1,394,36.47,1,1700,27.96,1,1739,32.82,0.6099,43.95,12,1428680
80.0,0,-1,confirm,1.0,1.2,-14.8,43.31,10717,42.1,33.68,11431,0.938,0.423,0.166,0.3346,17,0.7821,2582,0.9923,1,124,-3.61,1,124,-3.61,1,124,-3.61,1,124,-3.61,0.6745,41.93,14,1433202
80.0,0,1,confirm,1.0,0.0,-16.0,40.9,1899,40.9,24.06,4417,0.43,3.858,0.263,0.0541,17,0.7542,2995,1.0,1,735,-20.45,1,735,-20.45,1,735,-20.45,1,748,-19.25,0.4136,42.29,17,1444633
80.0,0,-1,confirm,1.0,6.02,-9.98,46.92,3905,40.9,14.44,4795,0.814,0.488,0.29,0.2488,19,0.8669,2930,0.9985,1,1926,7.22,1,1926,7.22,1,1926,7.22,1,1926,7.22,0.4055,40.74,18,1449050
80.0,0,1,confirm,1.0,61.39,45.39,103.53,17047,42.13,43.34,18074,0.943,3.62,0.278,0.2689,0,0.8872,13148,1.0,1,816,-15.65,1,816,-15.65,1,816,-15.65,1,816,-15.65,0.4886,41.1,19,1453845
80.0,0,-1,confirm,1.0,26.32,10.32,67.0,7341,40.68,2.39,13026,0.564,0.712,0.102,-0.5092,2,0.9061,4526,0.9995,1,300,5.98,1,300,5.98,1,300,5.98,1,323,8.38,0.0028,41.7,0,1471919
80.0,0,1,confirm,1.0,57.58,41.58,99.57,2541,41.99,8.4,2899,0.877,1.752,0.2,0.2434,5,0.7237,2260,0.996,1,66,1.2,1,66,1.2,1,66,1.2,1,73,1.2,0.8922,40.95,4,1484945
80.0,0,-1,confirm,1.0,101.38,85.38,143.13,32065,41.75,59.64,33266,0.964,1.141,0.217,0.4168,14,0.7892,22962,1.0,1,393,4.77,1,393,4.77,1,393,4.77,1,394,4.77,0.0362,41.57,5,1487844
80.0,0,1,confirm,1.0,97.6,81.6,138.57,885,40.97,10.84,917,0.965,8.478,0.422,0.1674,14,0.6311,59,0.9789,1,645,-2.41,1,645,-2.41,1,645,-2.41,1,659,-2.41,0.6923,42.35,14,1521110
80.0,0,-1,confirm,1.0,73.99,57.99,114.56,10153,40.57,45.35,11777,0.862,3.877,0.185,0.3517,17,0.8002,6009,1.0,1,1227,23.87,1,1227,23.87,1,1227,23.87,1,1227,23.87,0.1867,40.41,14,1522027
80.0,0,1,confirm,1.0,60.11,44.11,103.39,16260,43.28,10.82,20693,0.786,1.999,0.147,-0.0331,22,0.81,13946,1.0,1,613,3.61,1,613,3.61,1,613,3.61,1,623,3.61,0.4006,41.04,18,1533804
80.0,0,-1,confirm,1.0,23.9,7.9,64.53,21902,40.63,22.71,24523,0.893,2.78,0.182,-0.105,5,0.8976,10123,1.0,1,1489,1.2,1,1489,1.2,1,1489,1.2,1,1489,1.2,0.8737,42.84,23,1554497
80.0,0,1,confirm,1.0,-65.88,-81.88,22.76,4106,88.64,65.88,7102,0.578,2.433,0.163,0.2852,7,0.6735,3270,1.0,1,350,-1.2,1,350,-1.2,1,2280,-9.58,1,600,-10.78,0.7964,40.89,6,1579020
80.0,0,-1,fallback,1.0,-38.59,-54.59,2.41,2,41.0,38.59,3639,0.001,3.921,0.266,0.3622,8,0.7651,2211,0.9936,1,528,-24.12,1,528,-24.12,1,528,-24.12,1,598,-20.5,0.2352,88.44,8,1586122
80.0,0,1,confirm,1.0,-44.44,-60.44,37.24,2906,81.68,44.44,6135,0.474,1.885,0.273,-0.2919,10,0.7733,1591,0.999,1,606,0.0,1,606,0.0,1,606,0.0,1,835,6.01,0.2566,41.01,9,1589761
80.0,0,-1,fallback,1.0,-27.75,-43.75,13.27,22,41.02,27.75,428,0.051,2.592,0.263,0.3911,11,0.4023,0,0.8874,0,-1,,0,-1,,0,-1,,0,-1,,0.4865,81.38,11,1595896
80.0,0,1,confirm,1.0,21.66,5.66,62.57,12989,40.91,21.66,17300,0.751,1.326,0.212,0.6078,15,0.8708,11715,1.0,1,264,9.63,1,264,9.63,1,264,9.63,1,326,-1.2,0.393,41.08,11,1596324
80.0,0,-1,confirm,1.0,68.44,52.44,111.66,17774,43.22,58.83,18446,0.964,8.417,0.38,0.1346,21,0.8057,8160,1.0,1,16,-2.4,1,16,-2.4,1,1954,-8.4,1,796,-24.01,0.9324,40.66,16,1613624
80.0,0,1,confirm,1.0,8.46,-7.54,49.56,2558,41.1,10.88,2880,0.888,1.476,0.109,0.0954,22,0.3893,427,1.0,1,1065,12.09,1,1065,12.09,1,1065,12.09,1,1760,29.01,0.0913,43.71,21,1632070
80.0,0,-1,confirm,1.0,38.65,22.65,78.51,5245,39.86,32.61,7003,0.749,2.285,0.2,0.0079,23,0.5355,4070,0.9875,1,57,3.62,1,398,-16.91,1,398,-16.91,1,398,-16.91,0.5811,40.9,22,1634950
80.0,0,1,confirm,1.0,75.18,59.18,116.41,3435,41.23,6.06,3845,0.893,0.35,0.266,0.6629,1,0.694,3490,0.9988,1,609,6.06,1,609,6.06,1,609,6.06,1,638,14.55,0.1163,40.18,0,1641953
80.0,0,-1,confirm,1.0,-73.41,-89.41,7.22,268,80.64,73.41,958,0.28,3.48,0.207,0.5663,1,0.5663,268,0.9758,1,751,-37.31,1,751,-37.31,1,751,-37.31,1,824,-66.19,0.5321,40.75,1,1645798
80.0,0,1,fallback,1.0,22.7,6.7,63.32,91,40.62,1.19,337,0.27,1.717,0.253,0.1521,1,0.2971,0,0.8524,0,-1,,0,-1,,0,-1,,0,-1,,0.9717,80.69,1,1646756
80.0,0,-1,confirm,1.0,71.52,55.52,112.05,5420,40.53,8.34,6433,0.843,4.297,0.386,0.5179,3,0.5836,5776,0.98,1,466,17.88,1,1092,17.88,1,1092,17.88,1,1092,17.88,0.1564,40.37,1,1647093
80.0,0,1,confirm,1.0,-54.03,-70.03,26.41,803,80.44,54.03,2285,0.351,3.774,0.188,-0.0531,3,0.6128,517,0.9944,1,786,15.61,1,786,15.61,1,786,15.61,1,814,22.81,0.8047,40.99,3,1653526
80.0,0,-1,fallback,1.0,-36.21,-52.21,6.04,319,42.25,36.21,835,0.382,1.328,0.178,0.294,4,0.5506,18,0.839,1,600,-19.31,1,600,-19.31,1,600,-19.31,1,606,-18.11,0.8521,80.23,3,1655811
80.0,0,1,confirm,1.0,4.81,-11.19,45.71,7167,40.89,22.85,9653,0.742,2.723,0.153,0.3683,6,0.7328,2464,1.0,1,510,-6.01,1,510,-6.01,1,510,-6.01,1,510,-6.01,0.6107,42.28,4,1656646
80.0,0,-1,confirm,1.0,-75.74,-91.74,6.01,83,81.75,75.74,5059,0.016,1.382,0.152,0.6376,6,0.7524,439,0.997,1,1050,-31.26,1,1050,-31.26,1,1050,-31.26,1,1096,-27.65,0.7889,40.71,6,1666299
80.0,0,1,fallback,1.0,-41.76,-57.76,0.0,0,41.76,41.76,1267,0.0,5.982,0.279,0.226,8,0.226,0,0.9883,1,553,-8.35,1,553,-8.35,1,553,-8.35,1,564,-9.55,0.5331,81.8,8,1671358
80.0,0,-1,confirm,1.0,-80.28,-96.28,1.2,28,81.48,80.28,8980,0.003,0.9,0.197,0.534,8,0.8758,2328,1.0,1,487,-28.76,1,487,-28.76,1,487,-28.76,1,3404,-33.55,0.3832,41.76,8,1672625
80.0,0,1,fallback,1.0,29.72,13.72,70.13,8658,40.41,33.28,8798,0.984,1.838,0.159,-0.0341,13,0.5843,1186,0.9763,1,600,-26.15,1,600,-26.15,1,600,-26.15,1,3082,16.64,0.1164,81.49,11,1681605
80.0,0,-1,confirm,1.0,-84.14,-100.14,-0.0,0,84.14,84.14,1602,0.0,1.074,0.072,0.0293,13,0.2716,70,0.809,1,136,-33.18,1,136,-33.18,1,136,-33.18,1,168,-42.66,0.6457,40.13,13,1690403
80.0,0,1,fallback,1.0,-42.31,-58.31,0.0,0,42.31,42.31,313,0.0,0.506,0.101,0.2418,14,0.2647,16,0.2407,1,212,-36.43,1,212,-36.43,1,212,-36.43,1,251,-34.08,0.4948,84.14,14,1692005
80.0,0,-1,confirm,1.0,75.53,59.53,116.84,2580,41.31,0.0,2832,0.911,0.805,0.026,0.1297,14,0.5543,1494,0.9898,1,1092,44.85,1,1092,44.85,1,1092,44.85,1,2181,100.32,0.0731,42.31,14,1692318
80.0,0,1,confirm,1.0,-74.92,-90.92,7.14,1269,82.05,74.92,4136,0.307,1.678,0.032,0.2466,15,0.7984,2620,0.9951,1,2006,-20.22,1,2006,-20.22,1,2006,-20.22,1,2006,-20.22,0.1088,41.8,14,1695150
80.0,0,-1,fallback,1.0,-4.79,-20.79,41.94,2704,46.73,21.57,3403,0.795,0.484,0.131,0.2707,16,0.8478,2247,0.9926,1,94,-3.59,1,94,-3.59,1,3180,9.59,1,244,3.59,0.5437,82.0,16,1699286
80.0,0,1,confirm,1.0,-80.24,-96.24,0.0,0,80.24,80.24,6878,0.0,4.021,0.165,0.2856,16,0.522,538,0.9952,1,707,-17.96,1,707,-17.96,1,707,-17.96,1,707,-17.96,0.5601,46.93,16,1702689
80.0,0,-1,fallback,1.0,1.21,-14.79,41.05,3220,39.84,14.49,4030,0.799,6.2,0.278,0.7223,19,0.8262,3407,0.9665,1,161,-1.21,1,161,-1.21,1,161,-1.21,1,243,-7.24,0.8524,80.24,18,1709567
80.0,0,1,confirm,1.0,-61.58,-77.58,24.15,2836,85.73,61.58,8889,0.319,1.214,0.18,0.763,20,0.7907,8453,1.0,1,311,13.28,1,880,10.87,1,1784,-7.24,1,3088,6.04,0.9542,40.0,19,1713597
80.0,0,-1,fallback,1.0,-0.0,-16.0,40.09,4,40.09,0.0,40,0.1,8.01,0.43,0.321,22,0.321,4,0.3863,0,-1,,0,-1,,0,-1,,0,-1,,0.9243,85.52,22,1722486
80.0,0,1,confirm,1.0,7.29,-8.71,48.6,9714,41.31,44.95,11253,0.863,1.147,0.065,0.1286,1,0.7902,8018,0.9994,1,950,-30.37,1,950,-30.37,1,950,-30.37,1,958,-37.66,0.3863,40.25,22,1722526
80.0,0,-1,confirm,1.0,88.62,72.62,129.9,829,41.28,0.0,903,0.918,6.102,0.31,0.2374,1,0.4401,410,0.992,0,-1,,0,-1,,0,-1,,0,-1,,0.4405,41.11,1,1733779
80.0,0,1,confirm,1.0,49.0,33.0,90.64,3967,41.65,8.57,4313,0.92,0.879,0.178,0.3004,2,0.5861,3593,0.9939,1,1261,19.6,1,1261,19.6,1,1261,19.6,1,1335,28.17,0.1421,41.82,1,1734682
80.0,0,-1,confirm,1.0,40.22,24.22,81.67,9351,41.44,25.6,10405,0.899,0.379,0.071,0.3391,5,0.856,3649,0.9951,1,36,4.88,1,594,9.75,1,594,9.75,1,609,10.97,0.6268,41.27,3,1738995
80.0,0,1,confirm,1.0,-75.88,-91.88,4.9,37,80.77,75.88,703,0.053,0.072,0.187,0.2547,5,0.2733,89,0.8804,1,95,-2.45,1,95,-2.45,1,95,-2.45,1,234,-12.24,0.753,41.78,5,1749400
80.0,0,-1,fallback,1.0,25.9,9.9,69.06,3,43.16,0.0,87,0.034,8.843,0.421,0.1961,6,0.3069,0,0.3676,0,-1,,0,-1,,0,-1,,0,-1,,0.4631,80.73,6,1750103
80.0,0,1,confirm,1.0,-68.0,-84.0,12.36,214,80.37,68.0,628,0.341,0.05,0.14,-0.0797,6,-0.031,517,0.8192,0,-1,,0,-1,,0,-1,,0,-1,,0.1964,43.46,6,1750190
80.0,0,-1,fallback,1.0,31.12,15.12,70.96,61,39.84,14.94,315,0.194,6.061,0.192,0.3522,6,0.4265,57,0.4858,0,-1,,0,-1,,0,-1,,0,-1,,0.2307,80.27,6,1750818
80.0,0,1,confirm,1.0,6.24,-9.76,47.45,1305,41.21,13.74,4222,0.309,0.743,0.018,0.0778,6,0.5784,2734,0.9986,1,1053,27.47,1,1053,27.47,1,2009,19.98,1,1123,14.99,0.3746,40.12,6,1751133
80.0,0,-1,confirm,1.0,97.34,81.34,138.52,2364,41.18,22.46,2377,0.995,8.075,0.219,0.1223,8,0.4253,1645,0.8894,1,345,-7.49,1,345,-7.49,1,345,-7.49,1,433,-4.99,0.6461,41.01,7,1755355
80.0,0,1,confirm,1.0,-75.61,-91.61,5.04,46,80.66,75.61,123,0.374,4.195,0.108,-0.0118,8,-0.0103,85,0.2404,0,-1,,0,-1,,0,-1,,0,-1,,0.0897,41.76,8,1757732
80.0,0,-1,fallback,1.0,-40.63,-56.63,-0.0,0,40.63,40.63,21,0.0,2.984,0.188,0.1727,8,0.1727,0,0.518,0,-1,,0,-1,,0,-1,,0,-1,,0.1357,80.61,8,1757855
80.0,0,1,confirm,1.0,-64.5,-80.5,17.71,231,82.21,64.5,387,0.597,0.167,0.084,-0.0586,8,-0.0537,257,0.5329,0,-1,,0,-1,,0,-1,,0,-1,,0.518,40.63,8,1757876
80.0,0,-1,fallback,1.0,-35.64,-51.64,5.09,1,40.73,35.64,52,0.019,1.052,0.108,0.0541,8,0.074,0,0.3033,0,-1,,0,-1,,0,-1,,0,-1,,0.4048,82.06,8,1758263
80.0,0,1,confirm,1.0,19.03,3.03,60.88,1053,41.86,54.54,4635,0.227,0.509,0.107,0.1573,8,0.6636,4416,0.996,1,429,15.22,1,1111,39.32,1,2894,43.13,1,1114,38.05,0.0611,40.75,8,1758315
80.0,0,-1,confirm,1.0,-77.22,-93.22,3.8,94,81.02,77.22,7380,0.013,6.974,0.15,-0.2867,9,0.3616,5342,0.9972,1,50,-7.6,1,50,-7.6,1,1381,-34.18,1,50,-7.6,0.2703,41.6,9,1762950
80.0,0,1,fallback,1.0,-35.18,-51.18,7.54,1070,42.71,35.18,3879,0.276,1.419,0.108,0.2182,12,0.5774,3096,1.0,1,1273,-5.03,1,1273,-5.03,1,1273,-5.03,1,2083,-13.82,0.4979,81.05,11,1770330
80.0,0,-1,confirm,1.0,-45.39,-61.39,35.3,2463,80.69,45.39,2516,0.979,1.97,0.117,0.0874,13,0.416,1251,0.9366,1,600,-12.61,1,600,-12.61,1,600,-12.61,1,1479,-7.56,0.3415,42.68,12,1774209
80.0,0,1,fallback,1.0,-23.85,-39.85,17.57,45,41.42,23.85,176,0.256,3.596,0.143,0.1257,13,0.1554,95,0.5807,0,-1,,0,-1,,0,-1,,0,-1,,0.5023,80.97,13,1776725
80.0,0,-1,confirm,1.0,89.32,73.32,129.58,6625,40.26,42.77,7110,0.932,1.79,0.109,0.0595,15,0.4818,4942,0.9532,1,487,-11.32,1,2277,-11.32,1,2277,-11.32,1,2757,-33.97,0.5807,41.34,13,1776901
80.0,0,1,confirm,1.0,33.0,17.0,73.62,2234,40.62,48.24,2591,0.862,2.396,0.149,0.3515,16,0.4424,1607,0.9983,1,218,-6.35,1,218,-6.35,1,827,-35.54,1,218,-6.35,0.7642,40.79,15,1784011
80.0,0,-1,confirm,1.0,10.12,-5.88,50.61,3087,40.49,15.18,3891,0.793,3.2,0.136,-0.1119,17,0.5622,2082,0.9724,1,1086,-3.8,1,1086,-3.8,1,1086,-3.8,1,1221,-1.27,0.5504,40.32,16,1786602
80.0,0,1,confirm,1.0,-59.52,-75.52,20.26,926,79.79,59.52,4783,0.194,1.636,0.075,-0.1595,17,0.5693,3022,0.9975,1,382,3.8,1,382,3.8,1,382,3.8,1,458,8.87,0.0434,40.69,17,1790493
80.0,0,-1,confirm,1.0,-20.38,-36.38,20.38,398,40.77,20.38,601,0.662,2.86,0.177,0.1482,18,0.5516,269,0.977,1,557,-12.74,1,557,-12.74,1,557,-12.74,1,584,-17.84,0.7742,79.63,18,1795276
80.0,0,1,confirm,1.0,21.61,5.61,62.3,12452,40.69,38.14,12686,0.982,2.326,0.262,0.0037,22,0.8447,10137,1.0,1,626,1.27,1,626,1.27,1,626,1.27,1,659,-7.63,0.1347,40.85,18,1795877
80.0,0,-1,confirm,1.0,-69.78,-85.78,12.69,62,82.47,69.78,11342,0.005,0.731,0.165,0.212,22,0.6412,7833,1.0,1,483,-6.34,1,483,-6.34,1,483,-6.34,1,637,-7.61,0.7349,40.43,22,1808563
80.0,0,1,fallback,1.0,13.86,-2.14,54.18,15,40.32,-0.0,1951,0.008,8.131,0.452,0.3897,1,0.4892,5,0.9669,1,1327,41.58,1,1327,41.58,1,1327,41.58,0,-1,,0.2105,82.57,1,1819905
80.0,0,-1,confirm,1.0,41.52,25.52,84.3,4523,42.78,0.0,5213,0.868,0.717,0.099,-0.194,3,0.725,1130,0.9768,1,1705,27.68,1,1705,27.68,1,1705,27.68,1,1708,27.68,0.4243,40.1,2,1821856
80.0,0,1,confirm,1.0,-55.59,-71.59,24.01,492,79.6,55.59,3195,0.154,1.889,0.213,-0.5906,3,0.3267,2645,0.9958,1,87,2.53,1,87,2.53,1,87,2.53,1,87,2.53,0.322,43.14,3,1827069
80.0,0,-1,confirm,1.0,-16.52,-32.52,24.14,46,40.66,16.52,496,0.093,4.058,0.329,0.2468,4,0.374,476,0.8996,0,-1,,0,-1,,0,-1,,0,-1,,0.5803,79.41,4,1830264
80.0,0,1,confirm,1.0,36.78,20.78,79.91,3895,43.13,5.07,5288,0.737,5.746,0.143,0.3491,5,0.803,2603,0.9996,1,288,3.81,1,288,3.81,1,1439,46.93,1,288,3.81,0.7111,40.75,4,1830760
80.0,0,-1,confirm,1.0,5.05,-10.95,45.49,5810,40.44,15.16,9086,0.639,3.087,0.182,0.2423,7,0.6318,3732,0.9963,1,239,8.85,1,239,8.85,1,824,-3.79,1,409,-2.53,0.3493,42.78,6,1836048
80.0,0,1,confirm,1.0,-63.22,-79.22,16.44,79,79.66,63.22,6442,0.012,3.213,0.232,0.2895,8,0.5854,41,0.996,1,641,-3.79,1,641,-3.79,1,641,-3.79,1,1180,-2.53,0.6723,40.62,8,1845134
80.0,0,-1,confirm,1.0,30.54,14.54,71.26,3383,40.72,26.72,3918,0.863,1.228,0.174,0.3427,11,0.5642,1434,0.9877,1,2268,-5.09,1,2268,-5.09,1,2268,-5.09,0,-1,,0.156,79.53,10,1851576
80.0,0,1,confirm,1.0,114.87,98.87,155.71,1491,40.84,14.04,1575,0.947,6.253,0.344,0.0112,11,0.1847,1464,0.9906,1,864,31.91,1,1191,43.4,0,-1,,0,-1,,0.5993,41.01,11,1855494
80.0,0,-1,confirm,1.0,153.94,137.94,196.85,4541,42.9,1.26,4580,0.991,7.429,0.301,0.3235,13,0.5578,3573,0.9902,1,667,36.59,1,667,36.59,1,667,36.59,1,1105,36.59,0.0205,40.22,11,1857069
80.0,0,1,confirm,1.0,-85.86,-101.86,3.84,13,89.71,85.86,903,0.014,2.687,0.16,-0.2802,13,0.0221,746,0.9486,0,-1,,0,-1,,0,-1,,0,-1,,0.4667,43.76,13,1861649
80.0,0,-1,fallback,1.0,-11.63,-27.63,28.44,55,40.07,11.63,98,0.561,4.859,0.115,0.0869,13,0.2102,28,0.6648,0,-1,,0,-1,,0,-1,,0,-1,,0.2223,89.67,13,1862552
80.0,0,1,confirm,1.0,30.99,14.99,72.3,717,41.32,19.37,776,0.924,0.717,0.052,0.0747,13,0.1392,625,0.8865,0,-1,,0,-1,,0,-1,,0,-1,,0.0328,40.19,13,1862650
80.0,0,-1,confirm,1.0,82.38,66.38,127.43,688,45.05,20.59,732,0.94,0.974,0.137,-0.0022,13,0.2462,391,0.8661,1,549,79.8,1,549,79.8,1,549,79.8,0,-1,,0.2981,41.02,13,1863426
80.0,0,1,confirm,1.0,-62.3,-78.3,20.77,136,83.06,62.3,756,0.18,0.387,0.023,0.0211,13,0.0281,162,0.5214,0,-1,,0,-1,,0,-1,,0,-1,,0.1329,45.63,13,1864158
80.0,0,-1,fallback,1.0,-31.34,-47.34,9.14,29,40.49,31.34,205,0.141,1.417,0.102,0.285,14,0.294,42,0.5969,0,-1,,0,-1,,0,-1,,0,-1,,0.1085,82.89,14,1864914
80.0,0,1,confirm,1.0,3.91,-12.09,45.57,1863,41.66,39.06,1997,0.933,1.152,0.071,-0.0971,14,0.1638,1972,0.9581,1,478,-5.21,1,478,-5.21,0,-1,,1,541,3.91,0.4181,40.52,14,1865119
80.0,0,-1,confirm,1.0,10.41,-5.59,53.36,2052,42.95,11.71,2486,0.825,1.32,0.05,0.3415,15,0.3955,1203,0.9621,1,326,7.81,1,326,7.81,0,-1,,1,542,2.6,0.4453,41.47,14,1867116
80.0,0,1,confirm,1.0,-53.41,-69.41,29.96,157,83.38,53.41,682,0.23,0.918,0.177,0.2169,15,0.3066,161,0.8896,1,344,-3.91,1,344,-3.91,1,344,-3.91,1,670,-41.69,0.5245,43.18,15,1869602
80.0,0,-1,fallback,1.0,151.93,135.93,195.15,119,43.22,7.86,124,0.96,6.533,0.375,0.4307,15,0.4307,119,0.5295,0,-1,,0,-1,,0,-1,,0,-1,,0.4567,83.13,15,1870284
80.0,0,1,confirm,1.0,5.32,-10.68,46.55,84,41.23,-0.0,192,0.438,0.748,0.175,-0.2548,15,-0.2432,156,0.2899,0,-1,,0,-1,,0,-1,,0,-1,,0.5295,44.08,15,1870408
80.0,0,-1,confirm,1.0,42.54,26.54,82.41,765,39.88,11.96,961,0.796,1.103,0.071,-0.0699,15,0.2586,3,0.5401,1,403,26.59,1,403,26.59,1,403,26.59,1,403,26.59,0.2783,41.04,15,1870600
80.0,0,1,confirm,1.0,57.4,41.4,100.12,1856,42.72,28.03,2090,0.888,0.7,0.152,0.1057,16,0.2593,1295,0.8847,1,122,-1.33,1,1951,81.43,1,1951,81.43,1,1999,78.76,0.1431,40.21,15,1871561
80.0,0,-1,confirm,1.0,172.55,156.55,222.99,1462,50.44,42.47,1472,0.993,6.912,0.217,0.1511,16,0.5129,852,0.9835,1,100,-27.87,0,-1,,0,-1,,0,-1,,0.8065,42.29,16,1873651
80.0,0,1,confirm,1.0,13.51,-2.49,56.73,48,43.22,-0.0,90,0.533,1.816,0.087,-0.0908,16,-0.0851,50,0.2348,0,-1,,0,-1,,0,-1,,0,-1,,0.144,51.59,16,1875123
80.0,0,-1,confirm,1.0,93.07,77.07,133.53,1755,40.46,56.65,1818,0.965,1.639,0.149,0.3281,17,0.4595,1562,0.8855,1,451,-39.12,1,451,-39.12,1,1135,-9.44,0,-1,,0.1652,42.98,16,1875213
80.0,0,1,confirm,1.0,0.0,-16.0,43.57,237,43.57,34.04,302,0.785,0.745,0.027,-0.0721,17,-0.0345,9,0.3691,0,-1,,0,-1,,0,-1,,0,-1,,0.1374,41.01,17,1877031
80.0,0,-1,confirm,1.0,36.76,20.76,80.33,1146,43.57,35.4,1228,0.933,5.428,0.105,0.3325,17,0.3357,1220,0.8218,1,418,-27.23,1,418,-27.23,1,1022,-1.36,0,-1,,0.3582,43.38,17,1877333
80.0,0,1,confirm,1.0,129.82,113.82,170.81,2257,40.99,35.53,2673,0.844,0.307,0.108,0.4565,18,0.5761,2637,0.9335,1,831,-10.93,1,831,-10.93,1,1900,129.82,1,831,-10.93,0.6402,43.92,17,1878561
80.0,0,-1,confirm,1.0,8.09,-7.91,48.56,1164,40.47,17.54,1406,0.828,0.721,0.097,-0.2283,18,0.587,132,0.847,1,724,9.44,1,724,9.44,1,724,9.44,1,873,16.19,0.3961,40.31,18,1881234
80.0,0,1,confirm,1.0,63.45,47.45,105.31,3870,41.85,59.4,4022,0.962,5.372,0.23,0.157,20,0.5199,1491,0.9405,1,248,-17.55,1,248,-17.55,1,248,-17.55,1,3160,-17.55,0.4105,40.67,18,1882640
80.0,0,-1,confirm,1.0,-77.81,-93.81,5.37,11,83.18,77.81,107,0.103,0.247,0.112,-0.1292,20,-0.1243,19,-0.1669,0,-1,,0,-1,,0,-1,,0,-1,,0.3644,41.42,20,1886662
80.0,0,1,fallback,1.0,53.25,37.25,94.52,2667,41.27,10.65,3313,0.805,6.126,0.152,0.4218,20,0.464,2857,0.9715,1,956,34.61,1,956,34.61,1,956,34.61,1,1001,23.96,0.6292,83.22,20,1886769
80.0,0,-1,confirm,1.0,9.27,-6.73,50.32,635,41.05,1.32,1499,0.424,1.328,0.179,-0.051,21,0.4646,160,0.9724,1,633,48.99,1,633,48.99,1,633,48.99,1,684,47.67,0.5568,40.88,21,1890082
80.0,0,1,confirm,1.0,94.1,78.1,135.19,2196,41.09,1.33,2437,0.901,1.213,0.217,0.5894,22,0.6924,2041,0.9815,1,394,17.23,1,394,17.23,1,394,17.23,1,394,17.23,0.5887,41.26,21,1891581
80.0,0,-1,confirm,1.0,6.57,-9.43,51.21,4373,44.64,15.76,4689,0.933,2.607,0.133,0.2772,23,0.4494,1869,0.9916,1,963,22.32,1,2452,36.76,1,2452,36.76,1,2658,40.7,0.4359,40.54,22,1894018
80.0,0,1,confirm,1.0,3.94,-12.06,44.67,2883,40.73,21.02,4236,0.681,0.53,0.108,-0.0351,0,0.4905,799,0.9893,1,510,-5.26,1,510,-5.26,1,510,-5.26,1,563,-3.94,0.8439,44.87,23,1898707
80.0,0,-1,confirm,1.0,2.63,-13.37,43.34,14250,40.71,36.77,15115,0.943,2.94,0.313,-0.2257,4,0.7297,10119,1.0,1,487,-6.57,1,487,-6.57,1,487,-6.57,1,487,-6.57,0.6317,40.55,0,1902943
80.0,0,1,confirm,1.0,140.57,124.57,181.29,5366,40.73,-0.0,5770,0.93,4.746,0.191,0.0235,6,0.5755,225,0.9904,1,2027,127.43,1,2027,127.43,1,2027,127.43,1,2056,119.55,0.7008,40.89,4,1918058
80.0,0,-1,confirm,1.0,132.14,116.14,173.6,17142,41.46,27.21,17495,0.98,0.253,0.176,0.0807,11,0.8605,16411,0.9978,1,815,12.96,1,815,12.96,1,815,12.96,1,928,5.18,0.2621,40.0,6,1923828
80.0,0,1,confirm,1.0,-85.34,-101.34,0.0,0,85.34,85.34,4289,0.0,1.946,0.014,-0.1129,11,0.3593,2677,0.9815,1,1529,-18.38,1,1529,-18.38,1,2727,-30.2,1,1918,-32.82,0.1168,42.19,11,1941323
80.0,0,-1,fallback,1.0,-26.48,-42.48,17.21,86,43.7,26.48,202,0.426,3.044,0.188,0.211,12,0.2263,111,0.7388,0,-1,,0,-1,,0,-1,,0,-1,,0.4805,85.34,12,1945612
80.0,0,1,confirm,1.0,44.9,28.9,87.16,23,42.26,-0.0,46,0.5,7.202,0.2,-0.1169,12,0.0083,7,0.3007,0,-1,,0,-1,,0,-1,,0,-1,,0.5379,43.77,12,1945814
80.0,0,-1,confirm,1.0,130.16,114.16,169.6,4430,39.44,47.33,4463,0.993,0.728,0.173,0.5007,13,0.521,4403,0.9971,1,566,14.46,1,566,14.46,1,2216,9.2,1,613,9.2,0.1101,41.9,12,1945860
80.0,0,1,confirm,1.0,-78.59,-94.59,7.99,1,86.59,78.59,42,0.024,0.848,0.091,-0.4494,13,-0.4492,39,0.5166,0,-1,,0,-1,,0,-1,,0,-1,,0.3995,40.12,13,1950323
80.0,0,-1,fallback,1.0,-2.69,-18.69,41.62,43,44.31,2.69,59,0.729,1.245,0.209,0.3927,13,0.4503,2,-0.0064,0,-1,,0,-1,,0,-1,,0,-1,,0.497,86.52,13,1950365
80.0,0,1,confirm,1.0,-83.22,-99.22,8.05,1,91.28,83.22,86,0.012,1.568,0.147,-0.3617,13,-0.343,84,0.1671,0,-1,,0,-1,,0,-1,,0,-1,,0.078,44.49,13,1950424
80.0,0,-1,fallback,1.0,-18.95,-34.95,21.66,22,40.61,23.01,60,0.367,1.497,0.169,0.3492,13,0.3507,0,0.2908,0,-1,,0,-1,,0,-1,,0,-1,,0.1555,91.2,13,1950510
80.0,0,1,confirm,1.0,-51.34,-67.34,28.37,71,79.71,51.34,101,0.703,0.575,0.09,-0.2817,13,-0.1579,76,0.2667,0,-1,,0,-1,,0,-1,,0,-1,,0.2908,40.69,13,1950570
80.0,0,-1,confirm,1.0,-0.0,-16.0,42.1,32,42.1,1.36,50,0.64,0.864,0.15,0.1769,13,0.182,21,0.3096,0,-1,,0,-1,,0,-1,,0,-1,,0.0209,79.48,13,1950671
80.0,0,1,confirm,1.0,-67.9,-83.9,14.94,6,82.84,67.9,89,0.067,1.052,0.103,-0.1655,13,0.0249,77,0.1839,0,-1,,0,-1,,0,-1,,0,-1,,0.2078,42.27,13,1950721
80.0,0,-1,fallback,1.0,24.61,8.61,65.63,75,41.02,1.37,93,0.806,1.962,0.135,0.0254,13,0.035,29,0.2085,0,-1,,0,-1,,0,-1,,0,-1,,0.1352,82.71,13,1950810
80.0,0,1,confirm,1.0,-74.01,-90.01,5.48,3,79.5,74.01,25,0.12,1.469,0.12,-0.0192,13,-0.0171,17,0.2873,0,-1,,0,-1,,0,-1,,0,-1,,0.0137,41.29,13,1950903
80.0,0,-1,confirm,1.0,22.09,6.09,67.66,16,45.57,0.0,32,0.5,2.008,0.168,0.0514,13,0.0514,16,0.0887,0,-1,,0,-1,,0,-1,,0,-1,,0.1293,79.45,13,1950928
80.0,0,1,confirm,1.0,-2.77,-18.77,40.13,51,42.9,16.61,108,0.472,0.964,0.098,-0.0274,13,-0.0154,8,0.2195,0,-1,,0,-1,,0,-1,,0,-1,,0.0887,45.88,13,1950960
80.0,0,-1,confirm,1.0,66.45,50.45,106.59,91,40.14,0.0,131,0.695,1.008,0.137,0.0407,13,0.0597,39,0.5045,0,-1,,0,-1,,0,-1,,0,-1,,0.1606,42.73,13,1951068
80.0,0,1,confirm,1.0,90.58,74.58,133.78,64,43.2,-0.0,73,0.877,1.305,0.057,-0.0137,14,-0.012,58,0.1555,0,-1,,0,-1,,0,-1,,0,-1,,0.1262,40.58,13,1951199
80.0,0,-1,confirm,1.0,-74.58,-90.58,6.91,2,81.48,74.58,61,0.033,1.023,0.067,0.038,14,0.0384,0,0.2214,0,-1,,0,-1,,0,-1,,0,-1,,0.0815,42.63,14,1951272
80.0,0,1,fallback,1.0,-13.71,-29.71,27.42,46,41.12,13.71,150,0.307,0.718,0.012,-0.0052,14,0.0246,122,0.4547,0,-1,,0,-1,,0,-1,,0,-1,,0.1702,81.54,14,1951333
80.0,0,-1,confirm,1.0,-75.5,-91.5,5.49,7,80.99,75.5,248,0.028,0.444,0.002,0.0081,14,0.0218,86,0.3653,0,-1,,0,-1,,0,-1,,0,-1,,0.2007,41.01,14,1951483
80.0,0,1,fallback,1.0,35.42,19.42,76.29,232,40.87,8.17,343,0.676,0.649,0.089,0.0736,14,0.1123,141,0.3825,1,335,46.32,1,335,46.32,0,-1,,0,-1,,0.2765,81.03,14,1951731
80.0,0,-1,confirm,1.0,62.45,46.45,103.18,150,40.73,27.15,168,0.893,1.211,0.027,0.0477,14,0.0575,164,0.4824,0,-1,,0,-1,,0,-1,,0,-1,,0.2302,40.56,14,1952074
80.0,0,1,confirm,1.0,47.81,31.81,88.8,274,40.98,40.98,347,0.79,0.936,0.007,-0.1418,14,-0.0051,103,0.4003,0,-1,,0,-1,,0,-1,,0,-1,,0.4734,41.15,14,1952242
80.0,0,-1,confirm,1.0,9.52,-6.48,62.54,538,53.03,8.16,564,0.954,0.784,0.085,-0.0693,14,0.1308,9,0.7202,1,177,13.6,1,177,13.6,0,-1,,1,210,-4.08,0.2977,40.62,14,1952589
80.0,0,1,confirm,1.0,100.71,84.71,146.98,72,46.27,-0.0,89,0.809,6.22,0.103,0.25,14,0.3155,38,0.7068,0,-1,,0,-1,,0,-1,,0,-1,,0.2019,53.36,14,1953153
80.0,0,-1,confirm,1.0,121.26,105.26,164.38,797,43.12,0.0,1044,0.763,0.686,0.1,0.0743,14,0.1899,590,0.7312,1,823,144.17,1,823,144.17,0,-1,,0,-1,,0.2991,45.6,14,1953242
80.0,0,1,confirm,1.0,4.09,-11.91,45.01,29,40.92,4.09,319,0.091,2.244,0.036,0.0621,14,0.1041,98,0.5316,0,-1,,0,-1,,0,-1,,0,-1,,0.017,43.84,14,1954286
80.0,0,-1,confirm,1.0,46.35,30.35,88.62,398,42.26,0.0,497,0.801,2.554,0.166,0.2403,15,0.3463,396,0.7624,0,-1,,0,-1,,0,-1,,0,-1,,0.0549,40.73,14,1954605
80.0,0,1,confirm,1.0,-69.85,-85.85,10.96,14,80.81,69.85,573,0.024,0.6,0.09,-0.175,15,-0.0603,281,0.8927,0,-1,,0,-1,,0,-1,,0,-1,,0.0714,42.64,15,1955102
80.0,0,-1,fallback,1.0,6.9,-9.1,46.9,110,40.0,9.66,197,0.558,2.092,0.121,0.0364,15,0.2181,49,0.3108,0,-1,,0,-1,,0,-1,,0,-1,,0.6274,80.72,15,1955675
80.0,0,1,confirm,1.0,42.79,26.79,86.96,1111,44.17,19.32,1497,0.742,0.579,0.058,-0.108,15,0.1236,1479,0.8956,1,453,55.21,0,-1,,0,-1,,0,-1,,0.1276,40.19,15,1955872
80.0,0,-1,confirm,1.0,-81.09,-97.09,1.37,1,82.46,81.09,808,0.001,1.216,0.013,-0.184,15,0.1704,424,0.8664,1,699,-54.98,1,699,-54.98,0,-1,,0,-1,,0.0138,43.79,15,1957369
80.0,0,1,fallback,1.0,73.62,57.62,115.88,894,42.26,5.45,930,0.961,1.379,0.132,-0.0076,16,0.1942,149,0.7719,1,478,20.45,1,478,20.45,0,-1,,1,899,100.89,0.4937,82.47,15,1958177
80.0,0,-1,confirm,1.0,63.61,47.61,104.21,2119,40.6,6.77,2502,0.847,1.948,0.118,0.0445,16,0.3705,1592,0.9796,1,234,-1.35,1,234,-1.35,1,1856,67.67,1,569,29.77,0.0761,41.78,16,1959107
80.0,0,1,confirm,1.0,207.03,191.03,250.61,2000,43.58,28.6,2295,0.871,0.483,0.119,-0.0623,17,0.06,1195,0.9202,1,1230,107.6,0,-1,,0,-1,,0,-1,,0.0644,41.03,16,1961609
80.0,0,-1,confirm,1.0,21.35,5.35,61.38,1194,40.03,12.01,1375,0.868,0.222,0.164,0.0986,17,0.3641,1351,0.9277,1,82,16.01,1,701,20.02,0,-1,,1,767,29.36,0.5024,42.52,17,1963904
80.0,0,1,confirm,1.0,-52.15,-68.15,28.08,322,80.24,52.15,979,0.329,0.257,0.157,-0.296,18,0.1229,747,0.9452,1,883,-30.76,1,883,-30.76,0,-1,,0,-1,,0.2522,40.28,17,1965279
80.0,0,-1,fallback,1.0,-6.72,-22.72,36.3,238,43.02,10.75,482,0.494,1.05,0.224,-0.1031,18,0.0873,127,0.6442,1,128,13.44,0,-1,,0,-1,,0,-1,,0.1178,80.01,18,1966258
80.0,0,1,confirm,1.0,-63.14,-79.14,21.49,15,84.63,63.14,223,0.067,5.125,0.007,0.2113,18,0.2947,196,0.868,0,-1,,0,-1,,0,-1,,0,-1,,0.116,43.17,18,1966740
80.0,0,-1,fallback,1.0,22.98,6.98,64.89,1475,41.91,25.69,1608,0.917,1.049,0.093,0.2431,18,0.5633,1291,0.9487,0,-1,,0,-1,,0,-1,,0,-1,,0.3207,84.45,18,1966963
80.0,0,1,confirm,1.0,-69.11,-85.11,10.84,197,79.95,69.11,1367,0.144,1.143,0.066,0.2665,18,0.3483,581,0.9192,1,644,-23.04,1,644,-23.04,1,644,-23.04,1,797,-32.52,0.0834,42.18,18,1968571
80.0,0,-1,confirm,1.0,4.09,-11.91,45.03,695,40.93,8.19,1348,0.516,5.4,0.137,0.4118,19,0.4952,1285,0.9807,1,1291,17.74,1,1291,17.74,1,1291,17.74,1,1292,15.01,0.6376,79.86,19,1969938
80.0,0,1,confirm,1.0,65.52,49.52,109.2,3141,43.68,30.03,3430,0.916,0.174,0.132,0.1095,20,0.5637,2347,0.9979,1,229,-10.92,1,229,-10.92,1,1317,4.1,1,229,-10.92,0.4394,41.12,19,1971286
80.0,0,-1,confirm,1.0,-1.36,-17.36,39.33,1335,40.68,20.34,1987,0.672,0.239,0.189,-0.0863,20,0.4115,204,0.9925,1,614,13.56,1,614,13.56,1,614,13.56,1,623,13.56,0.3049,43.21,20,1974716
80.0,0,1,confirm,1.0,98.98,82.98,139.66,1856,40.68,8.14,2534,0.732,0.447,0.318,0.2635,21,0.5545,1286,0.9981,1,412,16.27,1,412,16.27,1,1423,78.64,1,420,18.98,0.1453,40.84,21,1976703
80.0,0,-1,confirm,1.0,-79.22,-95.22,2.69,11,81.9,79.22,6007,0.002,0.371,0.178,-0.2405,21,0.3308,158,0.9949,1,264,-18.8,1,264,-18.8,1,264,-18.8,1,297,-18.8,0.372,40.12,21,1979237
80.0,0,1,fallback,1.0,-7.99,-23.99,33.3,229,41.29,7.99,763,0.3,4.562,0.29,0.3126,23,0.494,73,0.9443,0,-1,,0,-1,,0,-1,,0,-1,,0.6875,81.92,23,1985244
80.0,0,-1,confirm,1.0,115.98,99.98,155.98,6989,39.99,13.33,7823,0.893,0.909,0.137,0.2455,1,0.6802,3053,0.9973,1,463,10.67,1,463,10.67,1,463,10.67,1,474,10.67,0.4789,41.16,23,1986007
80.0,0,1,confirm,1.0,-82.28,-98.28,2.7,46,84.97,82.28,1296,0.035,0.067,0.141,-0.1807,1,0.5421,807,0.9859,1,471,-18.88,1,471,-18.88,1,471,-18.88,1,501,-21.58,0.7377,40.63,1,1993830
80.0,0,-1,fallback,1.0,88.4,72.4,129.2,113,40.8,2.72,119,0.95,6.146,0.367,0.0842,2,0.4368,44,0.5977,0,-1,,0,-1,,0,-1,,0,-1,,0.8343,84.95,2,1995126
80.0,0,1,confirm,1.0,-8.23,-24.23,35.68,233,43.91,49.4,315,0.74,0.729,0.116,-0.0011,2,0.0176,67,0.4482,0,-1,,0,-1,,0,-1,,0,-1,,0.0367,41.33,2,1995245
80.0,0,-1,confirm,1.0,1.37,-14.63,42.57,301,41.2,10.99,383,0.786,1.007,0.018,0.0839,2,0.124,352,0.9602,0,-1,,0,-1,,0,-1,,0,-1,,0.3296,43.75,2,1995560
80.0,0,1,confirm,1.0,35.71,19.71,76.91,290,41.2,-0.0,417,0.695,0.689,0.114,-0.0508,2,0.1779,404,0.7944,0,-1,,0,-1,,0,-1,,0,-1,,0.142,41.37,2,1995943
80.0,0,-1,confirm,1.0,82.11,66.11,121.8,1778,39.69,42.43,1849,0.962,4.152,0.163,0.1879,3,0.1879,1778,0.9469,1,1035,26.0,1,1035,26.0,0,-1,,1,1084,17.79,0.3956,40.89,2,1996360
80.0,0,1,confirm,1.0,114.53,98.53,158.69,798,44.16,26.22,1169,0.683,0.321,0.195,0.2039,3,0.2769,626,0.7991,1,1109,129.71,1,1109,129.71,1,1109,129.71,0,-1,,0.5448,40.18,3,1998209
80.0,0,-1,confirm,1.0,-66.85,-82.85,17.74,82,84.58,66.85,972,0.084,2.587,0.166,0.1651,3,0.1688,136,0.7298,1,253,-24.56,1,253,-24.56,0,-1,,1,253,-24.56,0.3614,43.47,3,1999378
80.0,0,1,fallback,1.0,98.93,82.93,139.59,1037,40.66,18.97,1115,0.93,4.432,0.119,0.1687,3,0.404,0,0.8594,1,193,-12.2,1,193,-12.2,1,193,-12.2,1,221,-10.84,0.4351,84.73,3,2000350
80.0,0,-1,confirm,1.0,33.55,17.55,73.81,5163,40.26,38.92,5375,0.961,0.976,0.213,0.6815,5,0.7265,5127,0.9934,1,750,-0.0,1,750,-0.0,1,750,-0.0,1,750,-0.0,0.5215,40.1,3,2001465
80.0,0,1,confirm,1.0,88.86,72.86,130.6,4609,41.74,37.7,4830,0.954,0.724,0.25,-0.1683,6,0.2871,885,0.9885,1,425,21.54,1,1051,9.43,1,1051,9.43,1,1130,-10.77,0.9841,40.56,5,2006840
80.0,0,-1,confirm,1.0,1.33,-14.67,41.37,314,40.04,4.0,1039,0.302,0.038,0.129,0.7082,6,0.7212,525,0.8828,0,-1,,0,-1,,0,-1,,0,-1,,0.0002,41.2,6,2011670
80.0,0,1,confirm,1.0,4.0,-12.0,48.05,1641,44.05,10.68,2425,0.677,1.047,0.198,-0.1305,7,0.0632,495,0.9811,1,509,5.34,0,-1,,0,-1,,0,-1,,0.6516,40.2,7,2012709
80.0,0,-1,confirm,1.0,45.36,29.36,85.39,2924,40.03,29.35,4118,0.71,1.794,0.208,0.5785,8,0.6794,3634,0.9914,1,565,-22.68,1,565,-22.68,1,565,-22.68,1,600,-22.68,0.6377,43.84,7,2015134
80.0,0,1,confirm,1.0,-80.42,-96.42,0.0,0,80.42,80.42,3491,0.0,2.647,0.1,-0.0588,8,0.0766,554,0.9938,1,600,-41.55,0,-1,,0,-1,,0,-1,,0.9234,40.37,8,2019252
80.0,0,-1,fallback,1.0,12.16,-3.84,52.7,3977,40.54,24.32,4275,0.93,1.238,0.058,0.2787,10,0.5319,2765,0.9919,1,1257,-5.4,1,1257,-5.4,1,1257,-5.4,1,1335,-10.81,0.5078,80.42,9,2022743
80.0,0,1,confirm,1.0,-67.64,-83.64,13.53,20,81.17,67.64,2948,0.007,0.588,0.2,-0.0768,11,0.5679,2161,0.9928,1,176,2.71,1,176,2.71,0,-1,,1,362,-16.23,0.1475,40.75,11,2027018
80.0,0,-1,fallback,1.0,-27.24,-43.24,13.62,50,40.86,27.24,931,0.054,3.05,0.154,0.0856,11,0.1573,429,0.804,1,649,-4.09,1,649,-4.09,0,-1,,1,657,-5.45,0.5818,81.06,11,2029966
80.0,0,1,confirm,1.0,44.82,28.82,85.57,1546,40.75,28.52,1624,0.952,5.589,0.199,0.2896,12,0.4489,247,0.9633,1,1059,28.52,1,1059,28.52,1,1059,28.52,1,1142,29.88,0.4858,40.92,12,2030897
80.0,0,-1,confirm,1.0,93.31,77.31,133.87,518,40.57,0.0,615,0.842,3.26,0.236,0.5123,12,0.5316,516,0.9141,0,-1,,0,-1,,0,-1,,0,-1,,0.5086,40.4,12,2032521
80.0,0,1,confirm,1.0,16.38,0.38,57.33,36,40.95,-0.0,246,0.146,1.078,0.039,-0.3315,12,-0.1733,239,0.7378,0,-1,,0,-1,,0,-1,,0,-1,,0.5614,41.12,12,2033136
80.0,0,-1,confirm,1.0,34.07,18.07,76.32,1789,42.25,55.87,1818,0.984,3.261,0.12,0.579,13,0.6737,1738,0.9927,1,62,-9.54,1,62,-9.54,1,714,2.73,1,253,-17.72,0.4432,40.72,12,2033382
80.0,0,1,confirm,1.0,31.45,15.45,72.47,733,41.02,6.84,807,0.908,1.791,0.083,-0.2326,13,-0.1435,797,0.9419,0,-1,,0,-1,,0,-1,,0,-1,,0.3931,42.57,13,2035200
80.0,0,-1,confirm,1.0,-72.25,-88.25,10.91,42,83.15,72.25,128,0.328,0.652,0.002,0.1807,13,0.1899,40,0.818,0,-1,,0,-1,,0,-1,,0,-1,,0.2182,40.73,13,2036007
80.0,0,1,fallback,1.0,-39.25,-55.25,2.71,6,41.95,39.25,106,0.057,0.825,0.115,-0.1266,13,-0.0448,73,0.6939,0,-1,,0,-1,,0,-1,,0,-1,,0.5613,83.24,13,2036135
80.0,0,-1,confirm,1.0,-76.09,-92.09,5.43,5,81.52,76.09,1050,0.005,0.224,0.051,0.0485,13,0.7233,554,0.9172,1,898,-31.25,1,898,-31.25,1,898,-31.25,1,898,-31.25,0.0986,41.94,13,2036241
80.0,0,1,fallback,1.0,60.68,44.68,101.13,328,40.45,1.35,392,0.837,1.576,0.187,0.0137,14,0.2975,20,0.7916,0,-1,,0,-1,,0,-1,,0,-1,,0.1339,81.57,13,2037291
80.0,0,-1,confirm,1.0,18.76,2.76,60.31,330,41.55,1.34,649,0.508,0.392,0.037,0.2165,14,0.4259,586,0.9396,0,-1,,0,-1,,0,-1,,0,-1,,0.6904,40.05,14,2037683
80.0,0,1,confirm,1.0,5.37,-10.63,45.66,847,40.28,32.23,1074,0.789,0.671,0.086,-0.0877,14,0.2007,1046,0.8737,1,323,-14.77,0,-1,,0,-1,,0,-1,,0.7443,41.8,14,2038332
80.0,0,-1,confirm,1.0,45.63,29.63,85.89,938,40.26,24.16,1082,0.867,0.707,0.146,0.428,14,0.4734,689,0.9893,0,-1,,0,-1,,0,-1,,0,-1,,0.0694,40.1,14,2039406
80.0,0,1,confirm,1.0,117.3,101.3,160.44,3287,43.14,41.8,3486,0.943,0.65,0.181,-0.0502,15,0.584,1083,0.9571,1,3234,152.35,1,3234,152.35,1,3234,152.35,0,-1,,0.504,40.61,14,2040488
80.0,0,-1,confirm,1.0,21.32,5.32,62.63,330,41.31,15.99,570,0.579,5.408,0.19,0.4334,15,0.5951,289,0.966,0,-1,,0,-1,,0,-1,,0,-1,,0.5908,42.46,15,2043974
80.0,0,1,confirm,1.0,52.08,36.08,94.82,309,42.74,1.34,685,0.451,2.463,0.124,-0.0704,16,0.3421,595,0.8005,0,-1,,0,-1,,0,-1,,0,-1,,0.3178,41.57,15,2044544
80.0,0,-1,confirm,1.0,46.5,30.5,86.36,869,39.86,5.31,1040,0.836,4.752,0.174,0.4451,16,0.4682,1036,0.9523,0,-1,,0,-1,,0,-1,,0,-1,,0.298,42.33,16,2045229
80.0,0,1,confirm,1.0,54.73,38.73,96.1,663,41.38,9.34,1228,0.54,3.118,0.263,0.1637,16,0.2321,618,0.9699,1,1120,77.42,1,1120,77.42,1,1120,77.42,0,-1,,0.4655,40.2,16,2046269
80.0,0,-1,confirm,1.0,-3.98,-19.98,37.17,8171,41.15,63.72,8524,0.959,2.119,0.074,0.544,19,0.6098,8056,0.9795,1,187,-14.6,1,187,-14.6,1,1408,-5.31,1,1525,-26.55,0.0488,40.98,16,2047497
80.0,0,1,confirm,1.0,58.39,42.39,99.52,1133,41.14,2.65,1820,0.623,5.461,0.191,0.0317,19,0.3781,342,0.972,1,786,29.19,1,786,29.19,1,786,29.19,1,798,29.19,0.8915,41.31,19,2056021
80.0,0,-1,confirm,1.0,30.34,14.34,71.24,5455,40.9,42.22,6724,0.811,1.196,0.1,0.1773,21,0.5838,6201,0.9848,1,600,-17.15,1,600,-17.15,1,600,-17.15,1,600,-17.15,0.0348,40.73,19,2057841
80.0,0,1,confirm,1.0,-1.32,-17.32,39.7,835,41.02,1.32,1574,0.53,1.759,0.231,0.2817,21,0.5171,1031,0.9824,1,1353,9.26,1,1353,9.26,1,1353,9.26,1,1468,9.26,0.6902,41.19,21,2064565
80.0,0,-1,confirm,1.0,6.62,-9.38,51.61,550,45.0,5.29,930,0.591,4.044,0.29,0.5931,22,0.6063,619,0.9692,0,-1,,0,-1,,0,-1,,0,-1,,0.4427,40.86,21,2066139
80.0,0,1,confirm,1.0,23.84,7.84,64.89,6961,41.05,25.16,8164,0.853,8.202,0.279,-0.1103,0,0.6452,3877,1.0,1,980,-6.62,1,980,-6.62,1,980,-6.62,1,1150,-10.59,0.9692,45.23,22,2067069
80.0,0,-1,confirm,1.0,33.03,17.03,73.99,415,40.96,5.28,1354,0.306,1.578,0.383,0.4021,0,0.8048,245,1.0,1,935,54.17,1,935,54.17,1,935,54.17,1,939,54.17,0.1883,40.79,0,2075233
80.0,0,1,confirm,1.0,42.42,26.42,83.51,7410,41.09,22.53,8139,0.91,1.047,0.056,0.0722,2,0.5623,5921,1.0,1,682,-13.26,1,682,-13.26,1,682,-13.26,1,682,-13.26,0.2044,41.26,0,2076587
80.0,0,-1,confirm,1.0,5.28,-10.72,46.2,8633,40.92,30.36,9749,0.886,6.548,0.165,0.4123,5,0.6111,3268,1.0,1,581,17.16,1,581,17.16,1,581,17.16,1,600,17.16,0.8672,40.75,3,2084726
80.0,0,1,confirm,1.0,-59.43,-75.43,21.13,7680,80.56,59.43,17964,0.428,1.338,0.076,0.1835,7,0.8716,8886,0.9991,1,119,-5.28,1,3722,10.57,1,3722,10.57,1,3740,9.24,0.8377,41.11,5,2094475
80.0,0,-1,fallback,1.0,-2.66,-18.66,39.86,2454,42.51,14.61,3499,0.701,6.754,0.085,0.3311,11,0.8321,2212,0.9962,1,611,-10.63,1,611,-10.63,1,611,-10.63,1,621,-10.63,0.5663,80.39,10,2112439
80.0,0,1,confirm,1.0,111.57,95.57,152.74,12399,41.17,2.66,12948,0.958,0.375,0.298,0.3379,15,0.5882,4181,0.9984,1,1843,11.95,1,1843,11.95,1,1843,11.95,1,1933,11.95,0.2396,42.68,11,2115938
80.0,0,-1,confirm,1.0,23.64,7.64,66.99,6201,43.35,39.41,8224,0.754,2.305,0.266,0.4383,17,0.6692,904,0.9932,1,144,-2.63,1,144,-2.63,1,144,-2.63,1,2342,-15.76,0.3849,40.55,15,2128886
80.0,0,1,confirm,1.0,-79.0,-95.0,1.32,9,80.32,79.0,1499,0.006,0.108,0.179,-0.1804,17,-0.0311,528,0.9648,0,-1,,0,-1,,0,-1,,0,-1,,0.4708,43.64,17,2137110
80.0,0,-1,fallback,1.0,67.68,51.68,107.5,5651,39.81,17.25,7055,0.801,1.992,0.111,0.2008,19,0.6482,6818,1.0,1,484,-10.62,1,484,-10.62,1,484,-10.62,1,1461,7.96,0.9207,80.31,18,2138609
80.0,0,1,confirm,1.0,-60.13,-76.13,20.04,4340,80.17,60.13,8071,0.538,3.74,0.26,0.0133,21,0.8435,3466,1.0,1,841,4.01,1,841,4.01,1,3896,0.0,1,841,4.01,0.2031,40.25,20,2145664
80.0,0,-1,fallback,1.0,-4.03,-20.03,40.33,68,44.36,4.03,168,0.405,5.593,0.271,0.3971,22,0.4439,62,0.6853,0,-1,,0,-1,,0,-1,,0,-1,,0.5858,80.01,22,2153735
80.0,0,1,confirm,1.0,22.84,6.84,63.16,2944,40.31,13.44,3417,0.862,0.655,0.107,-0.3643,23,0.436,3351,0.9912,1,586,13.44,1,1724,34.94,1,1724,34.94,1,1820,38.97,0.3022,44.54,22,2153903
80.0,0,-1,confirm,1.0,28.15,12.15,68.37,12407,40.22,14.75,14181,0.875,2.481,0.2,0.5149,2,0.6276,1161,1.0,1,1686,-1.34,1,1686,-1.34,1,1686,-1.34,1,1686,-1.34,0.8156,40.06,23,2157320
80.0,0,1,confirm,1.0,-68.57,-84.57,12.1,140,80.67,68.57,6743,0.021,0.159,0.188,-0.4815,3,0.475,5809,1.0,1,1630,-32.27,1,1630,-32.27,1,1630,-32.27,1,1837,-32.27,0.945,40.5,3,2171501
80.0,0,-1,fallback,1.0,4.06,-11.94,44.67,1460,40.61,8.12,2730,0.535,3.571,0.194,0.3727,5,0.4509,1205,0.9399,1,68,6.77,1,68,6.77,1,2064,14.89,1,218,-2.71,0.3207,80.57,5,2178244
80.0,0,1,confirm,1.0,-73.13,-89.13,10.83,387,83.97,73.13,1517,0.255,0.893,0.191,0.1424,5,0.4029,892,0.9549,1,143,2.71,1,143,2.71,1,143,2.71,1,221,-2.71,0.7104,40.79,5,2180974
80.0,0,-1,fallback,1.0,-32.74,-48.74,9.55,157,42.29,32.74,1144,0.137,1.225,0.24,0.2838,6,0.4801,0,0.9991,1,591,-17.74,1,591,-17.74,1,591,-17.74,1,618,-13.64,0.7044,83.87,6,2182491
80.0,0,1,confirm,1.0,59.83,43.83,101.99,7570,42.15,17.68,8986,0.842,1.895,0.263,0.0825,8,0.7937,1641,0.9994,1,656,-8.16,1,656,-8.16,1,656,-8.16,1,859,-6.8,0.187,42.33,6,2183635
80.0,0,-1,confirm,1.0,47.31,31.31,90.57,5306,43.25,39.2,7121,0.745,0.688,0.197,0.1662,10,0.7454,7065,0.9987,1,2336,-17.57,1,2336,-17.57,1,2336,-17.57,1,4299,39.2,0.0349,41.73,9,2192621
80.0,0,1,confirm,1.0,9.51,-6.49,50.25,5295,40.74,36.67,5752,0.921,6.682,0.369,0.2432,12,0.6505,5103,0.9871,1,2585,20.37,1,2585,20.37,1,4250,-1.36,1,2618,10.87,0.0418,43.65,11,2199742
80.0,0,-1,confirm,1.0,-0.0,-16.0,40.71,1811,40.71,16.28,3204,0.565,1.14,0.18,-0.1742,13,0.5559,3178,0.9846,1,820,-2.71,1,820,-2.71,1,820,-2.71,1,820,-2.71,0.1066,40.54,12,2205494
80.0,0,1,confirm,1.0,1.36,-14.64,42.06,2889,40.71,28.49,3311,0.873,3.474,0.253,0.0148,14,0.5149,2252,0.9825,1,115,-5.43,1,696,-1.36,1,696,-1.36,1,702,1.36,0.0442,40.87,13,2208698
80.0,0,-1,confirm,1.0,54.27,38.27,99.04,7669,44.77,25.78,9582,0.8,4.281,0.163,0.2429,16,0.7553,1220,0.9982,1,241,-14.92,1,241,-14.92,1,241,-14.92,1,620,-18.99,0.4404,40.54,14,2212009
80.0,0,1,confirm,1.0,-65.48,-81.48,16.37,36,81.84,65.48,1713,0.021,7.816,0.19,0.7727,17,0.7954,80,0.9893,1,605,-28.65,1,605,-28.65,1,605,-28.65,1,605,-28.65,0.3958,45.22,17,2221591
80.0,0,-1,fallback,1.0,-30.21,-46.21,12.36,142,42.56,30.21,537,0.264,1.826,0.082,-0.0835,17,0.1131,447,0.761,0,-1,,0,-1,,0,-1,,0,-1,,0.9635,81.71,17,2223304
80.0,0,1,confirm,1.0,1.37,-14.63,42.44,6504,41.07,10.95,6811,0.955,4.263,0.325,-0.1752,19,0.6853,5733,1.0,1,512,9.58,1,2096,19.16,1,2096,19.16,1,2096,19.16,0.2262,42.62,17,2223841
80.0,0,-1,confirm,1.0,17.79,1.79,58.86,619,41.06,4.11,1020,0.607,7.475,0.263,0.4728,19,0.6929,505,0.9669,0,-1,,0,-1,,0,-1,,0,-1,,0.0638,40.89,19,2230652
80.0,0,1,confirm,1.0,30.17,14.17,71.3,1852,41.14,6.86,4709,0.393,0.194,0.08,0.2484,20,0.7058,3339,1.0,1,854,4.11,1,854,4.11,1,854,4.11,1,854,4.11,0.4652,41.31,19,2231672
80.0,0,-1,confirm,1.0,49.21,33.21,88.86,2218,39.64,8.2,2819,0.787,2.579,0.278,0.0078,21,0.7119,1624,0.9986,1,267,1.37,1,267,1.37,1,267,1.37,1,304,5.47,0.5565,40.84,21,2236381
80.0,0,1,confirm,1.0,85.18,69.18,126.39,453,41.21,-0.0,546,0.83,0.927,0.177,-0.2228,22,-0.2097,545,0.4547,0,-1,,0,-1,,0,-1,,0,-1,,0.0229,40.0,22,2239200
80.0,0,-1,confirm,1.0,46.32,30.32,87.18,711,40.87,5.45,821,0.866,1.584,0.212,-0.3008,22,0.2184,14,0.5335,1,225,19.07,1,225,19.07,1,225,19.07,1,248,23.16,0.0504,40.7,22,2239746
80.0,0,1,confirm,1.0,-53.37,-69.37,27.37,23,80.74,53.37,1551,0.015,1.434,0.009,0.3079,22,0.4424,504,0.9638,1,734,-32.85,1,734,-32.85,1,734,-32.85,1,788,-23.27,0.3737,41.23,22,2240567
80.0,0,-1,fallback,1.0,26.14,10.14,67.42,301,41.28,9.63,406,0.741,5.613,0.253,0.1584,22,0.5792,11,0.9296,0,-1,,0,-1,,0,-1,,0,-1,,0.5912,80.52,22,2242118
80.0,0,1,confirm,1.0,84.15,68.15,125.53,2597,41.39,19.31,3887,0.668,1.607,0.154,-0.1252,23,0.5974,884,0.9939,1,2151,84.15,1,2151,84.15,1,2151,84.15,1,2151,84.15,0.124,41.56,22,2242524
80.0,0,-1,confirm,1.0,-0.0,-16.0,43.78,437,43.78,1.37,752,0.581,1.161,0.14,0.0357,0,0.0806,438,0.9512,1,598,17.78,0,-1,,0,-1,,0,-1,,0.6227,40.87,0,2246411
80.0,0,1,confirm,1.0,-62.93,-78.93,19.15,28,82.08,62.93,552,0.051,3.145,0.087,0.0208,0,0.2157,1,0.9234,1,3,-1.37,1,3,-1.37,1,3,-1.37,1,72,2.74,0.4513,43.97,0,2247163
80.0,0,-1,fallback,1.0,19.27,3.27,59.2,601,39.92,17.9,758,0.793,5.29,0.148,-0.1441,0,0.1155,174,0.7027,1,285,-0.0,1,285,-0.0,0,-1,,1,323,-8.26,0.3027,81.92,0,2247715
80.0,0,1,confirm,1.0,19.31,3.31,63.45,494,44.14,30.34,799,0.618,2.573,0.145,0.1034,0,0.2306,789,0.8546,0,-1,,0,-1,,0,-1,,0,-1,,0.0801,40.16,0,2248473
80.0,0,-1,confirm,1.0,-74.34,-90.34,8.26,30,82.6,74.34,441,0.068,1.175,0.044,-0.2331,0,0.2718,328,0.9299,0,-1,,0,-1,,0,-1,,0,-1,,0.3409,43.86,0,2249272
80.0,0,1,fallback,1.0,-13.66,-29.66,27.33,251,40.99,13.66,420,0.598,0.699,0.175,0.1658,0,0.1907,258,0.8021,0,-1,,0,-1,,0,-1,,0,-1,,0.0209,82.67,0,2249713
80.0,0,-1,confirm,1.0,30.1,14.1,72.52,1687,42.42,9.58,2069,0.815,1.911,0.023,-0.0254,1,0.3236,977,0.9648,1,238,10.95,1,810,36.95,1,1007,53.37,1,1693,67.05,0.6449,40.88,1,2250133
80.0,0,1,confirm,1.0,-48.04,-64.04,32.94,802,80.98,48.04,2127,0.377,3.614,0.066,0.1559,1,0.644,2013,0.9815,1,1393,-4.12,1,1393,-4.12,1,1393,-4.12,1,1393,-4.12,0.7913,42.73,1,2252202
80.0,0,-1,fallback,1.0,30.34,14.34,75.85,106,45.51,0.0,172,0.616,7.701,0.324,0.4775,2,0.4985,102,0.725,0,-1,,0,-1,,0,-1,,0,-1,,0.3258,80.71,2,2254329
80.0,0,1,confirm,1.0,141.1,125.1,182.6,3330,41.5,11.07,3858,0.863,0.149,0.14,0.2611,3,0.7793,1679,0.9894,1,2539,112.05,1,2539,112.05,1,2539,112.05,1,2543,112.05,0.6696,45.86,2,2254501
80.0,0,-1,confirm,1.0,95.48,79.48,135.04,5369,39.56,46.38,5577,0.963,1.196,0.231,0.3337,4,0.7067,3767,1.0,1,1934,23.19,1,1934,23.19,1,1934,23.19,1,1941,23.19,0.361,40.76,3,2258359
80.0,0,1,confirm,1.0,-74.37,-90.37,5.51,77,79.88,74.37,1239,0.062,1.613,0.06,-0.2435,4,-0.0377,371,0.9617,0,-1,,0,-1,,0,-1,,0,-1,,0.9359,40.1,4,2263936
80.0,0,-1,confirm,1.0,-81.86,-97.86,-0.0,0,81.86,81.86,1314,0.0,1.597,0.126,0.2444,5,0.73,1091,0.9661,1,131,-43.01,1,131,-43.01,1,131,-43.01,1,131,-43.01,0.3378,79.83,5,2265175
80.0,0,1,fallback,1.0,72.94,56.94,114.23,3058,41.29,13.76,3591,0.852,0.906,0.119,0.3771,6,0.5534,1088,0.9911,1,1316,49.55,1,1316,49.55,1,1316,49.55,1,1316,49.55,0.0031,81.86,5,2266489
80.0,0,-1,confirm,1.0,92.91,76.91,132.53,7120,39.62,13.66,7205,0.988,1.13,0.115,0.0267,8,0.6966,4067,0.9988,1,386,12.3,1,386,12.3,1,386,12.3,1,386,12.3,0.3208,40.82,6,2270080
80.0,0,1,confirm,1.0,22.07,6.07,63.44,2788,41.37,15.17,2987,0.933,0.769,0.163,0.0734,9,0.3484,2459,0.9151,1,2820,55.16,1,2820,55.16,1,2820,55.16,1,2820,55.16,0.6645,40.16,8,2277285
80.0,0,-1,confirm,1.0,-61.92,-77.92,19.27,94,81.19,61.92,2720,0.035,0.296,0.148,0.4095,9,0.4994,268,0.9786,1,1258,-30.27,1,1258,-30.27,1,1258,-30.27,1,2203,-28.9,0.546,41.11,9,2280272
80.0,0,1,fallback,1.0,-25.98,-41.98,15.04,11,41.03,25.98,1307,0.008,1.471,0.268,0.1532,10,0.5322,1179,0.9872,1,115,-9.57,1,115,-9.57,0,-1,,1,158,-1.37,0.0117,81.35,10,2282992
80.0,0,-1,confirm,1.0,17.83,1.83,60.33,2927,42.51,10.97,3570,0.82,0.736,0.116,0.3382,11,0.5929,2368,0.9892,1,940,-0.0,1,940,-0.0,1,940,-0.0,1,1535,-4.11,0.1578,40.97,10,2284299
80.0,0,1,confirm,1.0,6.87,-9.13,48.08,11,41.21,-0.0,124,0.089,6.715,0.352,0.4381,11,0.5536,1,0.9545,0,-1,,0,-1,,0,-1,,0,-1,,0.6764,42.76,11,2287869
80.0,0,-1,confirm,1.0,12.35,-3.65,52.16,1688,39.81,17.84,1741,0.97,5.003,0.148,0.1418,12,0.604,1599,0.9643,1,871,2.75,1,871,2.75,1,871,2.75,1,871,2.75,0.4664,41.01,11,2287993
80.0,0,1,confirm,1.0,114.07,98.07,155.31,963,41.23,2.75,1280,0.752,0.423,0.096,-0.0346,12,0.2665,544,0.9238,1,873,141.56,1,873,141.56,1,873,141.56,1,1020,147.06,0.3656,40.02,12,2289734
80.0,0,-1,confirm,1.0,72.02,56.02,114.15,1713,42.13,24.46,2194,0.781,3.414,0.136,0.4419,12,0.4529,1706,0.9927,1,559,1.36,1,559,1.36,1,559,1.36,1,600,-10.87,0.3922,40.6,12,2291014
80.0,0,1,confirm,1.0,19.16,3.16,62.96,759,43.8,2.74,1253,0.606,3.884,0.197,0.1195,13,0.3554,441,0.9785,1,164,8.21,1,164,8.21,1,955,38.32,1,311,15.06,0.7732,42.61,13,2293208
80.0,0,-1,confirm,1.0,54.64,38.64,96.99,571,42.35,0.0,585,0.976,3.198,0.321,0.0778,13,0.1027,577,0.9662,1,585,54.64,1,585,54.64,0,-1,,0,-1,,0.2478,43.53,13,2294461
80.0,0,1,confirm,1.0,27.47,11.47,68.68,56,41.21,1.37,195,0.287,3.968,0.038,0.0953,13,0.103,75,0.3696,0,-1,,0,-1,,0,-1,,0,-1,,0.3935,42.76,13,2295046
80.0,0,-1,confirm,1.0,63.01,47.01,102.74,749,39.73,21.92,792,0.946,1.036,0.09,0.3519,13,0.5791,471,0.9357,0,-1,,0,-1,,0,-1,,0,-1,,0.3683,40.93,13,2295241
80.0,0,1,confirm,1.0,-41.36,-57.36,38.6,1034,79.96,41.36,1496,0.691,0.777,0.038,0.2448,14,0.4029,768,0.8908,1,1125,11.03,1,1125,11.03,1,1125,11.03,1,1275,-6.89,0.1717,40.14,13,2296033
80.0,0,-1,confirm,1.0,-16.61,-32.61,23.53,212,40.14,16.61,215,0.986,1.174,0.104,0.1804,14,0.301,119,0.6822,1,214,-12.46,1,214,-12.46,1,214,-12.46,0,-1,,0.36,79.65,14,2297529
80.0,0,1,confirm,1.0,2.76,-13.24,45.61,914,42.84,44.22,1014,0.901,0.512,0.1,0.0076,14,0.0216,902,0.7624,0,-1,,0,-1,,0,-1,,0,-1,,0.6816,40.24,14,2297744
80.0,0,-1,confirm,1.0,-12.43,-28.43,29.01,989,41.45,73.22,1246,0.794,1.927,0.101,0.1875,14,0.2324,1117,0.8387,0,-1,,0,-1,,0,-1,,0,-1,,0.5696,42.65,14,2298758
80.0,0,1,confirm,1.0,-49.68,-65.68,30.36,184,80.03,49.68,711,0.259,0.349,0.095,0.129,14,0.2625,365,0.9572,1,629,-15.18,1,629,-15.18,1,629,-15.18,1,629,-15.18,0.2039,41.57,14,2300004
80.0,0,-1,confirm,1.0,-24.96,-40.96,15.25,427,40.22,24.96,689,0.62,1.392,0.125,0.4347,15,0.4474,554,0.9256,0,-1,,0,-1,,0,-1,,0,-1,,0.3267,79.79,15,2300715
80.0,0,1,confirm,1.0,49.8,33.8,91.3,943,41.5,23.52,1097,0.86,4.164,0.17,0.2691,15,0.2691,943,0.9721,1,587,4.15,1,587,4.15,1,587,4.15,1,722,16.6,0.7615,40.28,15,2301404
80.0,0,-1,confirm,1.0,31.66,15.66,71.58,3133,39.92,46.8,3764,0.832,0.431,0.282,0.3301,16,0.5151,3685,0.9597,1,1823,-34.41,1,1823,-34.41,0,-1,,1,1831,-38.54,0.6051,41.12,15,2302501
80.0,0,1,confirm,1.0,190.56,174.56,231.98,2422,41.43,6.9,2623,0.923,0.678,0.144,0.0198,17,0.5372,736,0.9673,1,1011,52.47,1,1011,52.47,1,1011,52.47,1,1011,52.47,0.1524,40.21,16,2306265
80.0,0,-1,confirm,1.0,-14.91,-30.91,25.75,13441,40.65,58.27,13893,0.967,6.947,0.109,-0.3078,21,0.839,12797,0.9991,1,168,8.13,1,168,8.13,1,1643,-37.94,1,577,-55.56,0.4654,40.49,17,2308888
80.0,0,1,confirm,1.0,-50.06,-66.06,31.12,2521,81.18,50.06,5336,0.472,0.612,0.056,-0.042,21,0.6758,1257,0.9996,1,246,-8.12,1,246,-8.12,1,246,-8.12,1,269,-10.82,0.5175,40.76,21,2322781
80.0,0,-1,fallback,1.0,-0.0,-16.0,40.79,2525,40.79,16.32,5371,0.47,3.468,0.316,-0.1489,23,0.6273,1450,1.0,1,70,-10.88,1,840,-1.36,1,840,-1.36,1,840,-1.36,0.4497,80.93,22,2328117
80.0,0,1,confirm,1.0,-74.79,-90.79,5.44,260,80.23,74.79,1121,0.232,0.467,0.07,0.0522,0,0.2251,344,0.9294,1,385,-1.36,1,385,-1.36,1,385,-1.36,1,468,-12.24,0.1642,40.96,0,2333488
80.0,0,-1,fallback,1.0,56.17,40.17,97.27,2432,41.1,6.85,2939,0.827,0.649,0.097,-0.152,1,0.6321,108,0.9775,1,1913,68.5,1,1913,68.5,1,1913,68.5,1,1933,65.76,0.687,80.18,0,2334609
80.0,0,1,confirm,1.0,-49.6,-65.6,30.31,7366,79.91,49.6,10264,0.718,0.843,0.088,-0.5071,3,0.7643,8739,1.0,1,101,2.76,1,101,2.76,1,1126,2.76,1,188,-12.4,0.8008,41.51,1,2337548
80.0,0,-1,confirm,1.0,-30.46,-46.46,9.69,19,40.16,30.46,186,0.102,2.582,0.158,0.4238,4,0.4535,32,0.6906,0,-1,,0,-1,,0,-1,,0,-1,,0.0815,79.67,4,2347812
80.0,0,1,confirm,1.0,-13.8,-29.8,27.61,20895,41.41,56.6,22349,0.935,6.775,0.103,0.4178,10,0.7849,20188,1.0,1,766,-17.95,1,766,-17.95,1,1265,8.28,1,1265,8.28,0.6468,40.19,4,2347998
80.0,0,-1,confirm,1.0,1.38,-14.62,42.85,4107,41.47,35.94,5156,0.797,0.895,0.12,0.0864,11,0.8375,673,0.9994,1,600,-6.91,1,600,-6.91,1,600,-6.91,1,605,-6.91,0.7012,41.3,10,2370347
80.0,0,1,confirm,1.0,-92.63,-108.63,0.0,0,92.63,92.63,234,0.0,7.205,0.132,0.6705,11,0.6796,25,0.9974,0,-1,,0,-1,,0,-1,,0,-1,,0.6227,41.65,11,2375503
80.0,0,-1,fallback,1.0,40.47,24.47,80.94,11,40.47,0.0,110,0.1,7.137,0.366,-0.0414,11,-0.0005,0,0.4619,0,-1,,0,-1,,0,-1,,0,-1,,0.9974,92.63,11,2375737
80.0,0,1,confirm,1.0,-71.46,-87.46,12.61,114,84.07,71.46,535,0.213,0.215,0.173,0.0186,11,0.0361,37,0.5357,0,-1,,0,-1,,0,-1,,0,-1,,0.007,40.8,11,2375847
80.0,0,-1,fallback,1.0,26.81,10.81,67.74,513,40.93,28.22,553,0.928,1.837,0.147,0.1149,12,0.1707,0,0.5473,1,553,26.81,1,553,26.81,0,-1,,0,-1,,0.5817,83.96,12,2376382
80.0,0,1,confirm,1.0,-75.0,-91.0,5.66,18,80.66,75.0,493,0.037,3.414,0.072,-0.0229,12,0.0595,47,0.4974,1,100,-19.81,0,-1,,0,-1,,0,-1,,0.1788,41.2,12,2376935
80.0,0,-1,fallback,1.0,-42.77,-58.77,1.43,7,44.2,42.77,216,0.032,2.73,0.137,0.0781,12,0.1025,0,0.4586,1,34,-12.83,1,34,-12.83,0,-1,,1,74,-17.11,0.0403,80.61,12,2377428
80.0,0,1,confirm,1.0,-107.89,-123.89,5.68,25,113.57,107.89,373,0.067,0.435,0.019,0.2162,12,0.2231,2,0.6663,1,373,-107.89,1,373,-107.89,1,373,-107.89,0,-1,,0.1168,44.2,12,2377644
80.0,0,-1,fallback,1.0,-21.53,-37.53,21.53,1,43.05,21.53,35,0.029,3.182,0.13,0.0201,12,0.0201,1,0.4763,0,-1,,0,-1,,0,-1,,0,-1,,0.1969,113.51,12,2378017
80.0,0,1,confirm,1.0,45.83,29.83,87.36,2769,41.53,28.64,3240,0.855,0.441,0.041,0.0447,13,0.415,2044,0.7522,1,686,20.05,1,686,20.05,1,686,20.05,1,686,20.05,0.4369,43.15,12,2378052
80.0,0,-1,confirm,1.0,-29.94,-45.94,19.96,630,49.89,68.42,718,0.877,4.133,0.031,0.2788,13,0.2956,715,0.7769,1,135,-38.49,0,-1,,0,-1,,0,-1,,0.0965,41.17,13,2381292
80.0,0,1,confirm,1.0,93.8,77.8,135.02,1360,41.22,9.95,1456,0.934,3.361,0.122,0.3963,14,0.4673,666,0.9661,0,-1,,0,-1,,0,-1,,0,-1,,0.7415,49.99,13,2382010
80.0,0,-1,confirm,1.0,71.81,55.81,112.64,3088,40.83,21.12,3480,0.887,1.265,0.136,-0.101,14,0.7167,716,0.9481,1,1093,-1.41,1,1093,-1.41,1,1093,-1.41,1,1093,-1.41,0.5366,40.67,14,2383466
80.0,0,1,confirm,1.0,41.13,25.13,83.68,2628,42.55,42.55,2978,0.882,7.447,0.19,0.6471,15,0.6534,2623,0.97,1,138,-28.36,1,138,-28.36,1,138,-28.36,1,138,-28.36,0.5188,41.3,15,2386946
80.0,0,-1,confirm,1.0,-64.97,-80.97,16.95,451,81.92,64.97,1092,0.413,0.723,0.123,0.2233,15,0.444,659,0.8858,0,-1,,0,-1,,0,-1,,0,-1,,0.8508,42.19,15,2389924
80.0,0,1,fallback,1.0,-36.49,-52.49,4.21,5,40.7,36.49,275,0.018,2.49,0.25,-0.0974,16,-0.0683,0,0.7254,0,-1,,0,-1,,0,-1,,0,-1,,0.2967,82.06,16,2391016
80.0,0,-1,confirm,1.0,16.9,0.9,57.75,1165,40.85,16.9,1435,0.812,2.135,0.182,0.2669,16,0.6705,746,0.9698,0,-1,,0,-1,,0,-1,,0,-1,,0.3769,40.68,16,2391291
80.0,0,1,confirm,1.0,66.31,50.31,108.63,1828,42.33,11.29,2060,0.887,0.672,0.132,-0.2732,17,0.4134,952,0.9916,1,1551,79.01,1,1551,79.01,1,1551,79.01,1,1551,79.01,0.5304,41.08,16,2392726
80.0,0,-1,confirm,1.0,-53.26,-69.26,29.43,1140,82.69,53.26,3867,0.295,2.218,0.201,0.0864,17,0.7735,2798,0.9973,1,173,-2.8,1,173,-2.8,1,1345,-5.61,1,251,-12.61,0.1697,41.87,17,2394786
80.0,0,1,fallback,1.0,96.19,80.19,139.41,15,43.22,-0.0,18,0.833,9.255,0.433,-0.1385,18,0.0083,2,0.136,0,-1,,0,-1,,0,-1,,0,-1,,0.455,82.94,18,2398653
80.0,0,-1,confirm,1.0,38.66,22.66,78.71,1221,40.04,26.24,1630,0.749,1.881,0.137,-0.2788,18,0.5344,1629,0.9203,1,942,55.23,1,942,55.23,1,942,55.23,1,1005,53.85,0.143,42.62,18,2398671
80.0,0,1,confirm,1.0,15.25,-0.75,56.83,1033,41.59,1.39,1268,0.815,2.536,0.087,0.0257,19,0.1486,1268,0.9077,1,564,36.04,0,-1,,0,-1,,0,-1,,0.1465,40.36,18,2400301
80.0,0,-1,confirm,1.0,6.92,-9.08,47.06,4597,40.14,38.75,6181,0.744,0.719,0.238,-0.2974,20,0.7205,2477,1.0,1,454,-6.92,1,454,-6.92,1,1355,5.54,1,470,-8.3,0.7013,41.35,19,2401569
80.0,0,1,confirm,1.0,-62.33,-78.33,18.01,4453,80.33,62.33,13031,0.342,2.887,0.162,-0.1704,22,0.7224,8887,1.0,1,514,-20.78,1,514,-20.78,1,514,-20.78,1,514,-20.78,0.2328,40.33,20,2407750
80.0,0,-1,fallback,1.0,-36.24,-52.24,4.18,23,40.42,36.24,282,0.082,1.372,0.202,0.5822,0,0.6065,3,0.9178,0,-1,,0,-1,,0,-1,,0,-1,,0.5782,80.19,0,2420781
80.0,0,1,confirm,1.0,-69.43,-85.43,12.5,9,81.93,69.43,2054,0.004,0.381,0.049,-0.4977,0,0.4385,1301,0.9904,1,1899,-36.11,1,1899,-36.11,1,1899,-36.11,1,1899,-36.11,0.4563,40.44,0,2421063
80.0,0,-1,fallback,1.0,95.09,79.09,137.04,488,41.95,9.79,512,0.953,5.479,0.316,0.1677,1,0.5632,35,0.8645,0,-1,,0,-1,,0,-1,,0,-1,,0.3363,81.83,1,2423117
80.0,0,1,confirm,1.0,25.41,9.41,66.36,81,40.94,-0.0,152,0.533,0.712,0.051,-0.1427,1,-0.1327,123,0.3331,0,-1,,0,-1,,0,-1,,0,-1,,0.247,42.54,1,2423629
80.0,0,-1,confirm,1.0,-66.19,-82.19,15.49,27,81.68,66.19,1309,0.021,0.328,0.1,0.1334,1,0.2137,369,0.7721,1,532,-33.8,1,532,-33.8,1,532,-33.8,1,729,-50.7,0.0338,40.67,1,2423781
80.0,0,1,fallback,1.0,44.77,28.77,86.74,181,41.97,4.2,232,0.78,1.761,0.156,0.0912,1,0.0955,178,0.9005,0,-1,,0,-1,,0,-1,,0,-1,,0.0085,81.81,1,2425090
80.0,0,-1,confirm,1.0,-59.89,-75.89,20.89,490,80.78,59.89,2440,0.201,0.754,0.056,-0.1985,1,0.3517,2436,0.9769,0,-1,,0,-1,,0,-1,,0,-1,,0.6256,41.61,1,2425322
80.0,0,1,fallback,1.0,-30.46,-46.46,9.69,521,40.15,30.46,1473,0.354,0.934,0.091,-0.1714,2,0.5654,1151,0.9206,0,-1,,0,-1,,0,-1,,0,-1,,0.2055,80.95,2,2427762
80.0,0,-1,confirm,1.0,-59.71,-75.71,20.83,1981,80.54,59.71,3904,0.507,0.564,0.27,0.2445,3,0.2991,2337,0.9889,1,1476,-8.33,1,2107,13.89,1,2107,13.89,1,2419,12.5,0.2899,40.11,2,2429235
80.0,0,1,fallback,1.0,-8.28,-24.28,33.13,3210,41.41,22.09,5289,0.607,1.374,0.199,0.1286,4,0.6608,509,0.9931,1,2012,2.76,1,2012,2.76,1,2012,2.76,1,2090,9.66,0.5573,80.71,3,2433139
80.0,0,-1,confirm,1.0,138.16,122.16,178.23,5147,40.07,4.14,5394,0.954,1.009,0.148,0.2585,6,0.7391,2344,0.9972,1,524,6.91,1,524,6.91,1,524,6.91,1,524,6.91,0.4669,41.28,5,2438428
80.0,0,1,confirm,1.0,-46.23,-62.23,33.62,3593,79.85,46.23,5393,0.666,3.061,0.135,0.4462,7,0.5452,4833,1.0,1,900,-5.6,1,900,-5.6,1,900,-5.6,1,2052,26.62,0.1354,40.79,6,2443822
80.0,0,-1,confirm,1.0,-18.3,-34.3,22.52,825,40.82,18.3,1406,0.587,1.601,0.088,0.2638,8,0.7349,116,0.9692,1,199,9.85,1,199,9.85,1,199,9.85,1,199,9.85,0.2887,79.59,8,2449215
80.0,0,1,confirm,1.0,8.43,-7.57,61.82,1424,53.39,11.24,3780,0.377,0.59,0.143,0.0303,9,0.5414,14,0.9976,1,302,-7.02,1,302,-7.02,1,302,-7.02,1,302,-7.02,0.8027,40.91,8,2450621
80.0,0,-1,confirm,1.0,18.25,2.25,58.96,3391,40.71,19.65,5529,0.613,1.843,0.118,-0.1145,10,0.4393,3,0.9738,1,600,-7.02,1,600,-7.02,1,600,-7.02,1,601,-7.02,0.1926,53.06,9,2454401
80.0,0,1,confirm,1.0,56.25,40.25,97.03,6215,40.78,35.16,6522,0.953,1.267,0.267,0.5239,13,0.6259,5975,0.9927,1,289,-7.03,1,289,-7.03,1,289,-7.03,1,322,-12.66,0.3724,40.95,11,2459930
80.0,0,-1,confirm,1.0,-1.4,-17.4,41.95,1374,43.35,58.73,1394,0.986,5.962,0.128,0.121,13,0.3232,850,0.9689,1,862,-39.16,1,862,-39.16,1,862,-39.16,1,1156,-41.95,0.3921,40.39,13,2466452
80.0,0,1,confirm,1.0,8.39,-7.61,48.94,85,40.55,-0.0,138,0.616,0.677,0.023,-0.1245,13,-0.0353,47,0.6607,0,-1,,0,-1,,0,-1,,0,-1,,0.1933,43.53,13,2467846
80.0,0,-1,confirm,1.0,-83.82,-99.82,-0.0,0,83.82,83.82,783,0.0,0.949,0.06,0.1434,13,0.2596,588,0.8026,1,426,-55.88,1,426,-55.88,1,426,-55.88,0,-1,,0.4522,40.35,13,2467984
80.0,0,1,fallback,1.0,0.0,-16.0,41.56,660,41.56,11.08,978,0.675,2.447,0.061,0.1297,13,0.2753,592,0.7456,1,730,33.25,1,730,33.25,1,730,33.25,0,-1,,0.1681,83.82,13,2468767
80.0,0,-1,confirm,1.0,-76.2,-92.2,5.54,177,81.74,76.2,636,0.278,0.208,0.051,0.0951,14,0.2103,335,0.9169,1,352,-13.85,1,352,-13.85,1,352,-13.85,1,489,-44.33,0.0994,41.39,14,2469745
80.0,0,1,fallback,1.0,-5.5,-21.5,35.75,330,41.25,11.0,596,0.554,1.248,0.151,0.3252,14,0.5489,4,0.9197,1,480,1.37,1,480,1.37,1,480,1.37,0,-1,,0.1324,81.79,14,2470381
80.0,0,-1,confirm,1.0,16.51,0.51,56.4,674,39.9,5.5,1269,0.531,2.348,0.123,-0.033,14,0.427,1249,0.9641,1,375,20.64,0,-1,,0,-1,,0,-1,,0.1372,41.1,14,2470977
80.0,0,1,confirm,1.0,52.36,36.36,95.08,1390,42.72,48.23,2064,0.673,4.632,0.255,0.113,15,0.3894,1137,0.9896,1,396,-9.65,1,1456,78.54,1,1456,78.54,0,-1,,0.3719,40.12,14,2472246
80.0,0,-1,confirm,1.0,-65.8,-81.8,16.45,113,82.25,65.8,273,0.414,0.467,0.131,-0.0412,15,-0.0214,117,0.9376,0,-1,,0,-1,,0,-1,,0,-1,,0.0104,42.32,15,2474310
80.0,0,1,fallback,1.0,-21.79,-37.79,19.07,92,40.86,21.79,573,0.161,1.419,0.167,0.3058,15,0.4998,0,0.8348,0,-1,,0,-1,,0,-1,,0,-1,,0.0342,82.38,15,2474583
80.0,0,-1,confirm,1.0,24.57,8.57,66.88,5612,42.31,38.21,6431,0.873,0.758,0.11,0.5765,17,0.7632,5165,0.9982,1,747,-27.3,1,747,-27.3,1,747,-27.3,1,754,-24.57,0.1062,40.78,15,2475156
80.0,0,1,confirm,1.0,32.84,16.84,73.88,2207,41.05,6.84,2992,0.738,0.73,0.176,0.0189,17,0.6939,740,0.978,1,1345,6.84,1,1345,6.84,1,1345,6.84,1,1357,9.58,0.4252,42.59,17,2481587
80.0,0,-1,confirm,1.0,2.73,-13.27,43.64,2856,40.91,12.27,3226,0.885,0.311,0.082,-0.1009,18,0.4008,0,1.0,1,433,9.55,1,433,9.55,1,433,9.55,1,467,-8.18,0.8434,40.74,18,2484579
80.0,0,1,confirm,1.0,-70.93,-86.93,9.55,627,80.48,70.93,2550,0.246,0.278,0.077,0.0331,19,0.3561,695,0.9879,1,19,-2.73,1,19,-2.73,1,554,0.0,1,19,-2.73,0.5092,41.09,19,2487805
80.0,0,-1,fallback,1.0,-8.24,-24.24,34.35,2082,42.59,26.1,3800,0.548,1.19,0.078,-0.011,20,0.4564,1135,1.0,1,450,1.37,1,450,1.37,1,450,1.37,1,458,-2.75,0.9042,80.4,19,2490355
80.0,0,1,confirm,1.0,46.67,30.67,87.85,2734,41.18,6.86,2961,0.923,1.527,0.232,0.2584,21,0.5491,1330,0.9879,1,226,-5.49,1,226,-5.49,1,226,-5.49,1,504,-1.37,0.2667,42.74,20,2494155
80.0,0,-1,confirm,1.0,-81.98,-97.98,1.37,1,83.34,81.98,2564,0.0,6.371,0.014,-0.0979,21,0.0469,0,0.9655,0,-1,,0,-1,,0,-1,,0,-1,,0.0553,40.82,21,2497116
80.0,0,1,fallback,1.0,-17.62,-33.62,24.39,17,42.01,17.62,48,0.354,8.098,0.273,0.1783,22,0.2054,0,0.1042,0,-1,,0,-1,,0,-1,,0,-1,,0.0747,83.36,22,2499680
80.0,0,-1,confirm,1.0,228.07,212.07,268.8,8448,40.73,29.87,9104,0.928,5.594,0.145,0.0166,0,0.7637,6976,0.9925,1,677,51.59,1,677,51.59,1,677,51.59,1,678,52.95,0.0841,41.91,22,2499728
80.0,0,1,confirm,1.0,81.97,65.97,123.65,2808,41.68,12.5,3403,0.825,3.451,0.2,0.0569,1,0.5606,1335,1.0,1,580,2.78,1,1139,31.95,1,2375,91.69,1,1166,34.73,0.4245,41.85,0,2508832
80.0,0,-1,confirm,1.0,1.38,-14.62,41.34,1252,39.96,2.76,2499,0.501,1.559,0.109,-0.0876,2,0.4197,73,0.9868,1,472,2.76,1,472,2.76,1,472,2.76,1,600,9.65,0.718,41.17,1,2512235
80.0,0,1,confirm,1.0,86.82,70.82,128.17,5039,41.35,31.7,6200,0.813,0.457,0.097,0.068,3,0.6793,3336,0.9979,1,245,4.13,1,245,4.13,1,245,4.13,1,1099,19.29,0.013,40.13,2,2514734
80.0,0,-1,confirm,1.0,50.55,34.55,91.54,6830,40.99,17.76,7595,0.899,5.919,0.193,-0.5926,6,0.819,418,0.9969,1,1219,23.23,1,1219,23.23,1,1219,23.23,1,1219,23.23,0.6366,40.82,4,2520934
80.0,0,1,confirm,1.0,-4.12,-20.12,37.08,8715,41.2,71.41,10530,0.828,1.912,0.105,-0.1862,8,0.5797,5127,0.9921,1,42,-5.49,1,112,-9.61,1,1044,-8.24,1,118,-12.36,0.8967,41.37,6,2528529
80.0,0,-1,confirm,1.0,-82.43,-98.43,-0.0,0,82.43,82.43,1145,0.0,9.574,0.107,0.7737,9,0.7754,141,0.8393,1,597,-19.23,1,597,-19.23,1,597,-19.23,1,597,-19.23,0.3239,41.05,9,2539059
80.0,0,1,fallback,1.0,13.63,-2.37,54.5,361,40.88,-0.0,445,0.811,1.63,0.177,0.4214,9,0.5628,95,0.7469,0,-1,,0,-1,,0,-1,,0,-1,,0.7944,82.43,9,2540204
80.0,0,-1,confirm,1.0,-58.51,-74.51,23.13,151,81.64,58.51,3024,0.05,0.202,0.009,-0.3182,9,0.3414,1575,0.9278,1,766,-5.44,1,766,-5.44,1,1582,-5.44,1,766,-5.44,0.3917,40.66,9,2540649
80.0,0,1,fallback,1.0,-14.88,-30.88,25.7,473,40.58,14.88,1757,0.269,1.647,0.115,0.2767,10,0.3889,219,0.9016,1,1148,4.06,1,1148,4.06,1,1148,4.06,1,1282,5.41,0.8646,81.83,10,2543673
80.0,0,-1,confirm,1.0,-81.29,-97.29,-0.0,0,81.29,81.29,4217,0.0,1.032,0.082,0.1417,11,0.4579,1044,0.9783,1,98,-5.42,1,98,-5.42,1,1348,-58.26,1,98,-5.42,0.3683,40.48,11,2545430
80.0,0,1,fallback,1.0,-28.22,-44.22,13.44,58,41.66,28.22,330,0.176,2.629,0.128,0.3821,12,0.4059,98,0.8289,1,230,-12.1,1,230,-12.1,1,230,-12.1,0,-1,,0.64,81.29,12,2549647
80.0,0,-1,confirm,1.0,-64.69,-80.69,17.52,275,82.21,64.69,625,0.44,0.464,0.142,0.0253,12,0.1359,328,0.8537,1,47,4.04,1,500,8.09,0,-1,,1,500,8.09,0.4249,41.61,12,2549977
80.0,0,1,fallback,1.0,-41.51,-57.51,1.34,33,42.85,41.51,79,0.418,8.568,0.163,-0.1488,12,0.155,11,0.035,1,22,-18.75,1,22,-18.75,0,-1,,1,22,-18.75,0.1119,82.35,12,2550602
80.0,0,-1,confirm,1.0,-48.41,-64.41,33.62,159,82.02,48.41,3102,0.051,1.385,0.004,0.0294,12,0.5469,1727,0.9718,1,543,-0.0,1,543,-0.0,1,1760,-1.34,1,543,-0.0,0.1741,42.84,12,2550681
80.0,0,1,fallback,1.0,1.34,-14.66,42.82,131,41.48,2.68,301,0.435,4.781,0.184,0.2102,13,0.219,130,0.6459,1,196,16.06,1,196,16.06,1,196,16.06,0,-1,,0.7086,82.3,13,2553783
80.0,0,-1,confirm,1.0,10.7,-5.3,50.84,141,40.14,6.69,204,0.691,0.785,0.058,0.0991,13,0.105,204,0.6495,0,-1,,0,-1,,0,-1,,0,-1,,0.3072,41.31,13,2554084
80.0,0,1,confirm,1.0,77.69,61.69,119.21,537,41.52,1.34,1147,0.468,1.684,0.154,0.0741,13,0.0761,539,0.5056,1,703,87.06,0,-1,,0,-1,,0,-1,,0.5357,40.34,13,2554288
80.0,0,-1,confirm,1.0,3.99,-12.01,45.19,611,41.2,14.62,665,0.919,3.243,0.106,0.2323,14,0.253,595,0.7595,1,478,14.62,1,478,14.62,0,-1,,0,-1,,0.4308,41.03,13,2555435
80.0,0,1,confirm,1.0,-6.65,-22.65,38.56,745,45.21,46.54,985,0.756,3.149,0.119,0.0185,14,0.1763,736,0.8273,1,749,37.23,1,749,37.23,0,-1,,0,-1,,0.6066,41.39,14,2556100
80.0,0,-1,confirm,1.0,34.59,18.59,75.84,194,41.25,9.31,297,0.653,1.601,0.097,0.0824,14,0.1497,292,0.6701,0,-1,,0,-1,,0,-1,,0,-1,,0.1914,45.03,14,2557085
80.0,0,1,confirm,1.0,-73.43,-89.43,6.68,3,80.11,73.43,761,0.004,0.282,0.063,-0.1319,14,0.1181,512,0.8512,0,-1,,0,-1,,0,-1,,0,-1,,0.4054,41.56,14,2557382
80.0,0,-1,fallback,1.0,-39.0,-55.0,1.34,4,40.35,39.0,119,0.034,1.834,0.074,-0.0427,14,0.0413,34,0.2426,0,-1,,0,-1,,0,-1,,0,-1,,0.1109,80.05,14,2558143
80.0,0,1,confirm,1.0,-76.37,-92.37,4.02,16,80.39,76.37,1791,0.009,0.792,0.02,0.0429,14,0.2067,41,0.9119,1,176,-18.76,1,176,-18.76,1,176,-18.76,1,178,-17.42,0.1601,40.36,14,2558262
80.0,0,-1,fallback,1.0,-39.15,-55.15,2.7,1,41.85,39.15,281,0.004,5.215,0.113,-0.0013,15,0.4864,25,0.8463,0,-1,,0,-1,,0,-1,,0,-1,,0.8676,80.35,15,2560053
80.0,0,1,confirm,1.0,13.45,-2.55,53.79,1721,40.34,24.21,2328,0.739,1.717,0.134,0.1031,15,0.348,377,0.9056,1,791,4.03,1,791,4.03,1,791,4.03,1,791,4.03,0.1151,41.86,15,2560334
80.0,0,-1,confirm,1.0,8.06,-7.94,48.35,2299,40.29,44.32,3021,0.761,0.606,0.139,0.2698,16,0.5297,1834,0.9778,1,178,8.06,1,178,8.06,1,178,8.06,1,178,8.06,0.3347,40.13,15,2562662
80.0,0,1,confirm,1.0,-52.42,-68.42,33.6,499,86.02,52.42,13387,0.037,2.771,0.172,0.1108,16,0.7179,11317,1.0,1,285,9.41,1,285,9.41,1,285,9.41,1,285,9.41,0.7418,40.49,16,2565683
80.0,0,-1,fallback,1.0,-4.05,-20.05,36.48,8482,40.54,35.13,8966,0.946,0.547,0.222,0.4882,22,0.6535,3518,1.0,1,1,-1.35,1,1300,-9.46,1,1300,-9.46,1,1300,-9.46,0.8007,85.73,20,2579070
100.0,1,1,fallback,1.0,-45.99,-61.99,5.35,33,51.34,45.99,1604,0.021,2.131,0.115,0.0698,0,0.3126,1357,0.9728,1,284,-11.76,1,284,-11.76,0,-1,,1,625,-7.49,0.2813,101.56,0,2034
100.0,1,-1,confirm,1.0,-1.07,-17.07,50.5,735,51.57,17.19,955,0.77,1.677,0.16,0.1044,1,0.177,670,0.8103,1,579,22.56,1,579,22.56,0,-1,,0,-1,,0.8989,51.31,1,3638
100.0,1,1,confirm,1.0,-67.68,-83.68,32.23,846,99.91,67.68,1612,0.525,0.884,0.241,0.0505,1,0.0505,846,0.913,1,869,24.71,0,-1,,0,-1,,0,-1,,0.1714,51.84,1,4593
100.0,1,-1,confirm,1.0,-42.18,-58.18,8.65,58,50.84,42.18,571,0.102,1.36,0.212,0.6512,1,0.6879,99,0.9231,0,-1,,0,-1,,0,-1,,0,-1,,0.688,99.59,1,6205
100.0,1,1,confirm,1.0,-61.4,-77.4,38.78,396,100.17,61.4,5266,0.075,0.265,0.222,0.1162,1,0.3848,1434,0.9902,1,602,17.23,1,602,17.23,1,1862,-23.7,1,639,25.85,0.8772,50.88,1,6776
100.0,1,-1,confirm,1.0,102.96,86.96,152.81,1780,49.85,32.51,1895,0.939,3.896,0.087,0.213,3,0.4621,842,0.896,1,128,-13.01,1,128,-13.01,0,-1,,0,-1,,0.9824,99.79,3,12042
100.0,1,1,confirm,1.0,91.98,75.98,144.55,849,52.56,-0.0,1108,0.766,1.162,0.181,0.1193,4,0.363,590,0.9124,1,872,123.74,1,872,123.74,1,872,123.74,0,-1,,0.35,50.63,3,13937
100.0,1,-1,confirm,1.0,-98.74,-114.74,3.26,277,102.0,98.74,3082,0.09,0.051,0.095,0.1247,4,0.5507,2636,0.9653,1,357,-24.96,1,357,-24.96,1,1099,-45.57,1,359,-26.04,0.0304,51.81,4,15045
100.0,1,1,fallback,1.0,69.84,53.84,121.41,868,51.57,-0.0,1700,0.511,1.581,0.057,0.1611,5,0.3048,1059,0.9531,0,-1,,0,-1,,0,-1,,0,-1,,0.1643,102.03,5,18127
100.0,1,-1,confirm,1.0,-65.09,-81.09,37.35,88,102.43,65.09,3853,0.023,1.272,0.238,-0.1723,5,0.4657,2283,0.9879,1,2871,-19.21,1,2871,-19.21,1,2871,-19.21,1,2871,-19.21,0.2946,50.96,5,19827
100.0,1,1,fallback,1.0,-28.62,-44.62,22.26,360,50.89,28.62,979,0.368,1.306,0.132,0.1959,6,0.2956,55,0.8282,1,655,-11.66,1,655,-11.66,1,655,-11.66,1,897,-19.08,0.2152,102.82,6,23680
100.0,1,-1,confirm,1.0,12.76,-3.24,64.85,10668,52.09,49.97,10784,0.989,3.177,0.153,0.4032,9,0.6446,8153,0.9977,1,1024,10.63,1,1024,10.63,1,1024,10.63,1,1112,8.51,0.6229,50.77,6,24659
100.0,1,1,confirm,1.0,11.71,-4.29,63.87,4273,52.16,19.16,6936,0.616,3.195,0.226,-0.0997,11,0.4589,157,0.9893,1,632,-18.1,1,632,-18.1,1,632,-18.1,1,667,-6.39,0.6078,52.43,9,35443
100.0,1,-1,confirm,1.0,45.72,29.72,96.76,10068,51.04,37.21,10259,0.981,0.289,0.115,0.0989,14,0.6809,3409,0.9883,1,444,25.52,1,444,25.52,1,444,25.52,1,702,12.76,0.4693,51.83,11,42379
100.0,1,1,confirm,1.0,-76.91,-92.91,24.57,3191,101.47,76.91,4161,0.767,0.895,0.162,0.2423,15,0.4703,1475,0.9792,1,641,-6.41,1,641,-6.41,1,641,-6.41,1,875,0.0,0.8536,51.54,14,52638
100.0,1,-1,fallback,1.0,-13.99,-29.99,36.6,940,50.59,20.45,1132,0.83,3.98,0.094,0.2513,16,0.4908,662,0.9105,1,55,13.99,1,55,13.99,0,-1,,1,77,7.53,0.366,101.23,15,56799
100.0,1,1,confirm,1.0,-96.74,-112.74,3.22,63,99.97,96.74,882,0.071,0.397,0.034,-0.1976,16,-0.087,408,0.894,0,-1,,0,-1,,0,-1,,0,-1,,0.3874,50.78,16,57931
100.0,1,-1,fallback,1.0,7.6,-8.4,57.53,429,49.93,0.0,1063,0.404,0.79,0.184,0.2373,16,0.6381,19,0.7906,1,878,22.79,1,878,22.79,1,878,22.79,1,952,30.39,0.5746,99.94,16,58813
100.0,1,1,confirm,1.0,0.0,-16.0,51.05,1382,51.05,6.52,1569,0.881,0.346,0.19,0.4913,17,0.5205,1355,0.9569,1,62,1.09,1,62,1.09,1,62,1.09,0,-1,,0.107,50.22,16,59876
100.0,1,-1,confirm,1.0,-56.48,-72.48,46.71,199,103.19,56.48,1578,0.126,1.21,0.203,-0.265,17,0.2383,1528,0.8504,1,315,23.9,0,-1,,0,-1,,0,-1,,0.4995,50.79,17,61445
100.0,1,1,fallback,1.0,1.08,-14.92,52.93,609,51.85,18.36,1136,0.536,0.39,0.129,0.5209,17,0.5702,556,0.933,1,1085,20.52,1,1085,20.52,1,1085,20.52,0,-1,,0.3036,103.68,17,63023
100.0,1,-1,confirm,1.0,8.64,-7.36,59.4,1867,50.76,29.16,3050,0.612,4.423,0.238,0.5059,18,0.7422,1417,0.9718,1,610,-4.32,1,610,-4.32,1,610,-4.32,1,643,-3.24,0.3464,51.57,17,64159
100.0,1,1,confirm,1.0,5.4,-10.6,56.21,968,50.81,2.16,2142,0.452,1.177,0.143,-0.0556,18,0.4644,630,0.9567,1,30,4.32,1,30,4.32,1,966,54.05,1,30,4.32,0.4713,51.06,18,67209
100.0,1,-1,confirm,1.0,20.53,4.53,70.22,1069,49.7,11.88,1475,0.725,0.258,0.125,-0.0425,19,0.1448,789,0.8064,1,98,-11.88,1,919,56.18,0,-1,,1,1089,62.66,0.3387,50.52,19,69351
100.0,1,1,confirm,1.0,-80.11,-96.11,33.56,444,113.67,80.11,886,0.501,0.607,0.245,0.5624,19,0.6586,194,0.9687,1,489,20.57,1,489,20.57,1,489,20.57,1,574,5.41,0.2169,50.05,19,70826
100.0,1,-1,fallback,1.0,-15.28,-31.28,34.92,416,50.2,33.83,696,0.598,1.207,0.16,0.2381,20,0.3398,12,0.72,0,-1,,0,-1,,0,-1,,0,-1,,0.8542,113.29,19,71712
100.0,1,1,confirm,1.0,11.99,-4.01,63.2,470,51.21,-0.0,512,0.918,3.13,0.33,0.5043,20,0.5043,468,0.9366,1,493,26.15,1,493,26.15,1,493,26.15,1,494,27.24,0.3887,50.38,20,72408
100.0,1,-1,confirm,1.0,87.07,71.07,137.14,2387,50.07,54.42,2443,0.977,5.235,0.149,0.277,20,0.6355,1686,0.9809,1,586,-30.47,1,586,-30.47,1,586,-30.47,1,677,-48.98,0.6964,50.89,20,72920
100.0,1,1,confirm,1.0,76.86,60.86,128.46,739,51.6,32.94,885,0.835,0.835,0.206,0.1397,21,0.2243,544,0.7062,0,-1,,0,-1,,0,-1,,0,-1,,0.2842,50.76,20,75363
100.0,1,-1,confirm,1.0,-91.52,-107.52,9.81,11,101.33,91.52,1969,0.006,0.344,0.121,-0.1318,21,0.1437,730,0.9715,1,425,-23.97,1,425,-23.97,0,-1,,1,570,-22.88,0.1923,50.95,21,76248
100.0,1,1,fallback,1.0,12.96,-3.04,66.94,1143,53.98,22.67,1442,0.793,1.918,0.132,-0.0736,22,0.2481,531,0.8814,1,112,-4.32,1,112,-4.32,1,622,17.27,1,1048,37.79,0.2995,101.43,21,78217
100.0,1,-1,confirm,1.0,40.97,24.97,90.58,1816,49.6,11.86,2082,0.872,7.527,0.104,0.6277,22,0.6277,1816,0.96,1,727,33.43,1,727,33.43,1,727,33.43,0,-1,,0.0597,53.63,22,79659
100.0,1,1,confirm,1.0,-99.61,-115.61,0.0,0,99.61,99.61,1639,0.0,0.63,0.008,-0.3847,22,0.3626,924,0.8921,1,1266,-80.12,1,1266,-80.12,1,1266,-80.12,0,-1,,0.7341,50.05,22,81741
100.0,1,-1,confirm,1.0,-40.46,-56.46,10.94,78,51.4,40.46,259,0.301,0.409,0.154,-0.0992,23,-0.0754,144,0.6684,0,-1,,0,-1,,0,-1,,0,-1,,0.4136,99.61,23,83380
100.0,1,1,confirm,1.0,-93.67,-109.67,7.62,2962,101.3,93.67,4333,0.684,1.462,0.105,0.1701,0,0.3939,1225,0.9384,1,38,-15.25,1,38,-15.25,1,1529,-40.3,1,38,-15.25,0.1354,51.46,23,83639
100.0,1,-1,fallback,1.0,65.97,49.97,115.45,228,49.48,7.7,240,0.95,6.949,0.233,0.5847,0,0.6101,225,0.7948,0,-1,,0,-1,,0,-1,,0,-1,,0.4028,101.22,0,87972
100.0,1,1,confirm,1.0,12.17,-3.83,65.3,299,53.13,18.82,434,0.689,0.185,0.036,-0.4845,0,-0.397,399,0.7559,0,-1,,0,-1,,0,-1,,0,-1,,0.7428,50.06,0,88212
100.0,1,-1,confirm,1.0,2.21,-13.79,56.38,119,54.17,5.53,169,0.704,0.353,0.048,0.4271,0,0.4702,55,0.8267,0,-1,,0,-1,,0,-1,,0,-1,,0.1271,52.78,0,88646
100.0,1,1,confirm,1.0,30.96,14.96,81.82,273,50.86,17.69,360,0.758,0.591,0.04,0.0039,0,0.0258,288,0.6663,0,-1,,0,-1,,0,-1,,0,-1,,0.148,54.47,0,88815
100.0,1,-1,confirm,1.0,141.09,125.09,190.7,2227,49.6,44.09,2249,0.99,4.309,0.129,0.4554,1,0.46,2226,0.7888,1,839,7.72,1,839,7.72,1,839,7.72,0,-1,,0.0792,50.45,0,89175
100.0,1,1,confirm,1.0,5.59,-10.41,55.9,172,50.31,34.66,243,0.708,0.831,0.02,-0.2706,1,-0.2625,204,0.5499,0,-1,,0,-1,,0,-1,,0,-1,,0.5966,50.57,1,91424
100.0,1,-1,confirm,1.0,-61.46,-77.46,40.23,116,101.69,61.46,444,0.261,0.314,0.052,0.2737,1,0.2879,35,0.7247,1,334,-22.35,1,334,-22.35,1,334,-22.35,0,-1,,0.4013,50.03,1,91667
100.0,1,1,fallback,1.0,-24.43,-40.43,26.65,14,51.09,24.43,273,0.051,1.022,0.077,0.0367,1,0.039,15,0.439,0,-1,,0,-1,,0,-1,,0,-1,,0.361,102.1,1,92111
100.0,1,-1,confirm,1.0,309.51,293.51,360.72,1422,51.21,28.95,1430,0.994,5.112,0.126,0.1647,2,0.34,705,0.7049,1,744,97.97,1,744,97.97,1,744,97.97,1,1304,156.98,0.3056,50.95,1,92384
100.0,1,1,confirm,1.0,-82.72,-98.72,24.13,34,106.85,82.72,58,0.586,4.589,0.076,-0.1067,2,-0.1024,48,0.0748,0,-1,,0,-1,,0,-1,,0,-1,,0.2295,53.13,2,93814
100.0,1,-1,fallback,1.0,-11.58,-27.58,49.81,22,61.4,11.58,31,0.71,3.151,0.149,0.111,2,0.1213,18,0.1107,0,-1,,0,-1,,0,-1,,0,-1,,0.0479,106.59,2,93872
100.0,1,1,confirm,1.0,121.5,105.5,174.73,192,53.23,8.1,260,0.738,0.266,0.029,-0.0743,2,-0.0701,237,0.3183,0,-1,,0,-1,,0,-1,,0,-1,,0.072,61.71,2,93903
100.0,1,-1,confirm,1.0,-60.59,-76.59,43.44,47,104.04,60.59,178,0.264,0.212,0.065,0.0797,2,0.1078,159,0.5145,0,-1,,0,-1,,0,-1,,0,-1,,0.1473,52.31,2,94163
100.0,1,1,fallback,1.0,-44.32,-60.32,13.64,119,57.95,44.32,178,0.669,0.161,0.075,-0.0674,2,-0.0337,151,0.3008,0,-1,,0,-1,,0,-1,,0,-1,,0.3216,104.49,2,94341
100.0,1,-1,confirm,1.0,-81.04,-97.04,21.69,20,102.73,81.04,311,0.064,0.611,0.003,0.1322,2,0.2427,254,0.6243,0,-1,,0,-1,,0,-1,,0,-1,,0.2839,57.88,2,94519
100.0,1,1,fallback,1.0,133.61,117.61,184.56,1868,50.95,7.93,2264,0.825,1.264,0.092,0.2556,2,0.3777,1499,0.8802,1,864,105.3,1,864,105.3,1,864,105.3,1,2015,148.32,0.3885,102.95,2,94830
100.0,1,-1,confirm,1.0,-86.03,-102.03,16.76,29,102.79,86.03,347,0.084,0.752,0.097,-0.1213,2,-0.0989,18,0.5192,0,-1,,0,-1,,0,-1,,0,-1,,0.5138,50.03,2,97094
100.0,1,1,fallback,1.0,91.95,75.95,144.01,3670,52.07,16.62,5453,0.673,1.904,0.093,-0.1016,4,0.5183,1756,0.9804,1,725,60.93,1,725,60.93,1,725,60.93,1,1397,59.82,0.3728,102.97,3,97441
100.0,1,-1,confirm,1.0,111.96,95.96,161.36,2188,49.4,14.27,2610,0.838,1.207,0.149,0.2141,5,0.4116,702,0.9645,1,63,1.1,1,1285,38.42,1,1285,38.42,1,1533,50.49,0.3614,51.33,4,102894
100.0,1,1,confirm,1.0,-2.22,-18.22,48.85,1030,51.07,61.06,1789,0.576,1.038,0.137,-0.1394,5,0.1601,216,0.9617,1,335,-34.41,1,335,-34.41,0,-1,,1,441,-31.08,0.2443,50.21,5,105504
100.0,1,-1,confirm,1.0,-85.5,-101.5,15.55,721,101.04,85.5,1819,0.396,0.436,0.053,-0.0021,6,0.2782,1097,0.9678,1,622,9.99,1,622,9.99,1,1640,-53.3,1,1640,-53.3,0.3038,50.82,5,107293
100.0,1,1,fallback,1.0,-36.33,-52.33,14.31,16,50.64,36.33,375,0.043,0.936,0.171,0.697,6,0.7162,15,0.7231,0,-1,,0,-1,,0,-1,,0,-1,,0.3658,101.2,6,109112
100.0,1,-1,confirm,1.0,127.07,111.07,176.8,3559,49.72,22.1,3974,0.896,0.721,0.12,0.3632,7,0.6773,2890,0.9722,1,1309,8.84,1,1309,8.84,1,1309,8.84,1,1322,9.94,0.4524,50.57,6,109487
100.0,1,1,confirm,1.0,-73.87,-89.87,30.22,579,104.09,73.87,1769,0.327,0.512,0.11,-0.6045,7,0.0614,1129,0.9451,1,1136,-6.72,0,-1,,0,-1,,0,-1,,0.3336,50.62,7,113461
100.0,1,-1,fallback,1.0,-50.74,-66.74,-0.0,0,50.74,50.74,174,0.0,1.076,0.156,0.1317,8,0.1478,73,0.6156,1,77,-13.53,1,77,-13.53,0,-1,,1,104,-20.3,0.1122,103.77,8,115230
100.0,1,1,confirm,1.0,-90.87,-106.87,8.97,148,99.84,90.87,613,0.241,0.514,0.05,0.0664,8,0.0719,84,0.5026,1,191,-20.19,0,-1,,0,-1,,0,-1,,0.4054,50.74,8,115404
100.0,1,-1,confirm,1.0,-11.32,-27.32,39.62,134,50.95,11.32,298,0.45,2.849,0.243,0.293,8,0.2987,141,0.6936,0,-1,,0,-1,,0,-1,,0,-1,,0.2592,99.75,8,116017
100.0,1,1,confirm,1.0,32.79,16.79,85.94,730,53.15,19.22,802,0.91,1.251,0.118,-0.0897,8,0.2556,442,0.894,1,486,31.66,1,486,31.66,1,486,31.66,1,486,31.66,0.4173,51.15,8,116315
100.0,1,-1,confirm,1.0,143.15,127.15,198.38,3558,55.23,36.07,3665,0.971,1.313,0.13,0.4189,9,0.4189,3558,0.8757,1,241,-20.29,1,241,-20.29,0,-1,,1,248,-12.4,0.4176,52.7,8,117117
100.0,1,1,confirm,1.0,14.87,-1.13,66.32,1615,51.46,53.74,1878,0.86,2.632,0.099,0.167,9,0.3908,946,0.9235,1,1368,26.3,1,1368,26.3,1,1368,26.3,1,1735,49.17,0.4417,56.35,9,120782
100.0,1,-1,confirm,1.0,50.24,34.24,101.62,3029,51.38,27.4,3229,0.938,0.214,0.113,0.0459,10,0.6314,2262,0.9368,1,81,14.84,1,411,29.69,1,1859,-14.84,1,2072,-5.71,0.6504,51.12,10,122660
100.0,1,1,confirm,1.0,57.38,41.38,109.02,2003,51.64,36.72,2283,0.877,2.17,0.104,-0.0442,11,0.2406,447,0.9316,1,531,8.03,1,531,8.03,1,531,8.03,1,1191,24.1,0.7172,51.91,10,125889
100.0,1,-1,confirm,1.0,21.68,5.68,71.88,482,50.21,5.71,731,0.659,3.855,0.168,0.4563,11,0.5235,454,0.8393,0,-1,,0,-1,,0,-1,,0,-1,,0.0743,51.08,11,128172
100.0,1,1,confirm,1.0,56.03,40.03,107.49,971,51.46,1.14,1223,0.794,2.027,0.157,0.3013,12,0.3587,939,0.8425,0,-1,,0,-1,,0,-1,,0,-1,,0.5182,50.57,11,128903
100.0,1,-1,confirm,1.0,-70.5,-86.5,30.7,185,101.21,70.5,877,0.211,0.181,0.064,0.0474,12,0.2395,340,0.75,1,623,10.23,1,623,10.23,1,623,10.23,1,623,10.23,0.1034,50.91,12,130126
100.0,1,1,fallback,1.0,1.13,-14.87,53.07,50,51.94,4.52,223,0.224,5.674,0.23,0.3934,12,0.4029,95,0.6985,0,-1,,0,-1,,0,-1,,0,-1,,0.3152,101.52,12,131003
100.0,1,-1,confirm,1.0,-101.61,-117.61,-0.0,0,101.61,101.61,337,0.0,0.656,0.084,-0.3399,12,-0.247,316,0.6113,0,-1,,0,-1,,0,-1,,0,-1,,0.4487,51.67,12,131226
100.0,1,1,fallback,1.0,-38.0,-54.0,13.41,56,51.41,38.0,167,0.335,0.876,0.111,0.2628,12,0.2628,56,0.4814,0,-1,,0,-1,,0,-1,,0,-1,,0.3958,101.61,12,131563
100.0,1,-1,confirm,1.0,69.56,53.56,120.05,2979,50.49,62.83,3223,0.924,2.214,0.179,0.4656,13,0.5064,2344,0.8978,0,-1,,0,-1,,0,-1,,0,-1,,0.0697,51.35,12,131730
100.0,1,1,confirm,1.0,74.57,58.57,125.41,623,50.84,21.47,838,0.743,0.947,0.105,0.3461,13,0.3616,795,0.7941,0,-1,,0,-1,,0,-1,,0,-1,,0.5928,51.1,13,134953
100.0,1,-1,confirm,1.0,-56.07,-72.07,44.86,639,100.93,56.07,1710,0.374,0.732,0.05,-0.0628,13,0.04,844,0.8795,0,-1,,0,-1,,0,-1,,0,-1,,0.3834,50.21,13,135791
100.0,1,1,fallback,1.0,-47.95,-63.95,4.46,95,52.41,47.95,517,0.184,0.537,0.036,0.28,14,0.3707,425,0.7215,0,-1,,0,-1,,0,-1,,0,-1,,0.4752,101.39,14,137501
100.0,1,-1,confirm,1.0,-69.48,-85.48,32.5,1719,101.97,69.48,2772,0.62,0.749,0.045,0.0618,14,0.1403,508,0.9876,1,547,-13.45,1,547,-13.45,0,-1,,1,547,-13.45,0.7104,52.39,14,138018
100.0,1,1,fallback,1.0,-17.81,-33.81,35.61,526,53.42,17.81,666,0.79,0.229,0.137,0.1807,15,0.5472,2,0.8859,0,-1,,0,-1,,0,-1,,0,-1,,0.5645,102.3,15,140790
100.0,1,-1,confirm,1.0,5.57,-10.43,56.86,344,51.28,1.11,507,0.679,0.915,0.18,0.2599,15,0.3167,461,0.7896,0,-1,,0,-1,,0,-1,,0,-1,,0.7319,53.23,15,141456
100.0,1,1,confirm,1.0,-93.7,-109.7,5.58,1978,99.27,93.7,3855,0.513,0.501,0.103,-0.3068,15,0.2331,3197,0.8911,1,3117,-52.43,1,3203,-43.5,1,3203,-43.5,1,3516,-24.54,0.3697,51.58,15,141963
100.0,1,-1,confirm,1.0,-45.04,-61.04,5.63,14,50.67,45.04,477,0.029,0.96,0.147,0.1537,16,0.2501,70,0.731,1,261,-16.89,1,261,-16.89,1,261,-16.89,1,473,-41.66,0.147,99.22,16,145818
100.0,1,1,confirm,1.0,-58.29,-74.29,41.48,631,99.76,58.29,3643,0.173,0.764,0.086,0.2853,16,0.5607,1987,0.9626,1,981,5.6,1,981,5.6,1,981,5.6,1,1193,-2.24,0.1219,50.7,16,146295
100.0,1,-1,confirm,1.0,-24.81,-40.81,27.06,231,51.87,24.81,736,0.314,1.116,0.128,0.2759,17,0.4284,496,0.8598,1,733,-13.53,1,733,-13.53,1,733,-13.53,1,733,-13.53,0.7088,99.35,17,149938
100.0,1,1,confirm,1.0,24.74,8.74,76.48,92,51.74,2.25,763,0.121,1.55,0.239,0.2017,17,0.2845,418,0.7404,0,-1,,0,-1,,0,-1,,0,-1,,0.1641,52.01,17,150674
100.0,1,-1,confirm,1.0,13.46,-2.54,63.95,654,50.49,5.61,831,0.787,0.268,0.17,0.4451,18,0.5458,725,0.9172,0,-1,,0,-1,,0,-1,,0,-1,,0.1443,51.35,18,151437
100.0,1,1,confirm,1.0,59.54,43.54,112.35,768,52.8,11.23,852,0.901,5.65,0.262,0.6378,18,0.7018,743,0.9102,0,-1,,0,-1,,0,-1,,0,-1,,0.1532,50.81,18,152268
100.0,1,-1,confirm,1.0,78.18,62.18,129.55,5789,51.37,31.27,6131,0.944,1.773,0.22,0.5027,20,0.6368,4312,0.9661,1,609,-12.29,1,609,-12.29,1,807,5.58,1,831,8.93,0.7284,52.22,18,153120
100.0,1,1,confirm,1.0,-78.79,-94.79,24.76,3330,103.56,78.79,4447,0.749,0.286,0.124,0.111,21,0.707,2617,0.9876,1,590,-6.75,1,590,-6.75,1,590,-6.75,1,672,-7.88,0.7383,52.05,20,159251
100.0,1,-1,fallback,1.0,70.34,54.34,120.26,786,49.92,0.0,894,0.879,1.049,0.215,0.089,21,0.3625,112,0.8413,1,398,44.25,1,398,44.25,1,398,44.25,1,443,49.92,0.3784,103.3,21,163698
100.0,1,1,confirm,1.0,-53.7,-69.7,46.85,160,100.55,53.7,1475,0.108,0.405,0.053,-0.249,21,0.194,1273,0.9293,1,1392,-43.42,1,1392,-43.42,0,-1,,0,-1,,0.4752,50.53,21,164592
100.0,1,-1,fallback,1.0,-45.95,-61.95,5.74,22,51.69,45.95,250,0.088,2.798,0.061,0.0509,22,0.1226,209,0.526,1,131,-20.68,0,-1,,0,-1,,0,-1,,0.5994,100.08,22,166067
100.0,1,1,confirm,1.0,77.76,61.76,130.36,3394,52.6,49.17,3904,0.869,0.807,0.107,-0.1067,23,0.4863,2686,0.9076,1,936,2.29,1,936,2.29,1,936,2.29,1,1386,-49.17,0.0739,51.72,22,166317
100.0,1,-1,confirm,1.0,17.02,1.02,68.08,184,51.06,1.13,635,0.29,2.215,0.246,0.0374,23,0.1596,369,0.9294,1,59,13.62,1,164,51.06,0,-1,,0,-1,,0.1563,51.92,23,170221
100.0,1,1,confirm,1.0,27.28,11.28,78.43,1539,51.15,15.91,2066,0.745,1.461,0.1,-0.0724,23,0.3008,245,0.9061,1,601,30.69,1,601,30.69,1,601,30.69,1,601,30.69,0.1442,51.41,23,170856
100.0,1,-1,confirm,1.0,-61.21,-77.21,40.81,999,102.02,61.21,1671,0.598,0.492,0.117,0.0554,0,0.3125,118,0.9308,1,478,-20.4,1,478,-20.4,1,478,-20.4,1,482,-21.54,0.3056,50.75,0,172922
100.0,1,1,fallback,1.0,-48.45,-64.45,3.38,50,51.83,48.45,456,0.11,1.174,0.123,0.3751,0,0.4259,146,0.915,0,-1,,0,-1,,0,-1,,0,-1,,0.5023,102.44,0,174593
100.0,1,-1,confirm,1.0,98.49,82.49,148.31,1642,49.81,40.76,1723,0.953,1.733,0.222,0.3314,1,0.4768,1415,0.917,1,513,-15.85,1,513,-15.85,1,513,-15.85,1,513,-15.85,0.7304,51.81,0,175049
100.0,1,1,confirm,1.0,9.15,-6.85,59.46,710,50.31,20.58,968,0.733,1.155,0.073,0.074,1,0.2872,944,0.9493,0,-1,,0,-1,,0,-1,,0,-1,,0.1601,50.56,1,176772
100.0,1,-1,confirm,1.0,29.7,13.7,79.96,4080,50.26,86.82,4419,0.923,5.738,0.078,0.3357,2,0.5731,1373,0.9321,1,2139,-49.12,1,2139,-49.12,1,2139,-49.12,1,2139,-49.12,0.4334,50.01,1,177740
100.0,1,1,confirm,1.0,-100.82,-116.82,0.0,0,100.82,100.82,445,0.0,1.048,0.004,-0.3289,2,0.0947,259,0.8161,1,273,-29.79,0,-1,,0,-1,,0,-1,,0.546,50.67,2,182159
100.0,1,-1,fallback,1.0,-37.04,-53.04,16.2,4,53.24,37.04,38,0.105,4.011,0.162,0.2528,2,0.2563,2,0.3758,0,-1,,0,-1,,0,-1,,0,-1,,0.6154,100.82,2,182604
100.0,1,1,confirm,1.0,-81.87,-97.87,19.6,134,101.48,81.87,1372,0.098,0.706,0.062,-0.1965,2,0.0604,562,0.7502,1,573,-9.23,0,-1,,0,-1,,0,-1,,0.0336,53.33,2,182642
100.0,1,-1,fallback,1.0,-47.67,-63.67,4.65,3,52.32,47.67,565,0.005,2.706,0.075,0.5108,3,0.5276,359,0.933,0,-1,,0,-1,,0,-1,,0,-1,,0.1708,101.28,3,184014
100.0,1,1,confirm,1.0,9.26,-6.74,60.17,141,50.91,1.16,280,0.504,2.254,0.137,-0.0336,3,0.0932,102,0.5973,1,136,52.07,0,-1,,0,-1,,0,-1,,0.8377,52.34,3,184579
100.0,1,-1,confirm,1.0,2.31,-13.69,53.18,462,50.87,10.4,584,0.791,3.238,0.173,0.0501,3,0.2991,425,0.9093,0,-1,,0,-1,,0,-1,,0,-1,,0.0372,50.61,3,184859
100.0,1,1,confirm,1.0,-74.01,-90.01,25.44,89,99.44,74.01,1837,0.048,2.357,0.078,-0.0075,3,0.1508,281,0.8648,1,442,-16.19,1,442,-16.19,0,-1,,1,610,-10.41,0.3087,51.14,3,185443
100.0,1,-1,confirm,1.0,-37.28,-53.28,13.98,170,51.26,37.28,201,0.846,3.208,0.07,0.2163,4,0.2211,199,0.6704,0,-1,,0,-1,,0,-1,,0,-1,,0.1947,99.19,4,187280
100.0,1,1,confirm,1.0,20.89,4.89,77.76,205,56.87,13.93,802,0.256,2.092,0.109,-0.0309,4,0.2873,696,0.9332,0,-1,,0,-1,,0,-1,,0,-1,,0.6704,51.33,4,187481
100.0,1,-1,confirm,1.0,-20.85,-36.85,38.22,1847,59.07,96.13,2085,0.886,0.869,0.151,0.1675,4,0.5642,1160,0.9654,1,188,-18.53,1,430,-60.23,1,1373,-4.63,1,474,-71.81,0.5401,56.43,4,188283
100.0,1,1,confirm,1.0,11.56,-4.44,62.41,450,50.86,24.27,651,0.691,0.518,0.187,0.0716,5,0.1488,516,0.7355,1,249,-15.03,0,-1,,0,-1,,0,-1,,0.0091,59.3,4,190368
100.0,1,-1,confirm,1.0,147.77,131.77,198.57,2633,50.8,27.71,2697,0.976,4.676,0.153,0.3366,5,0.3708,2037,0.952,1,1712,-17.32,1,1712,-17.32,1,1712,-17.32,1,1723,-12.7,0.4763,50.54,5,191019
100.0,1,1,confirm,1.0,-1.17,-17.17,49.21,215,50.39,8.2,312,0.689,0.145,0.001,-0.2177,5,-0.2047,273,0.5216,0,-1,,0,-1,,0,-1,,0,-1,,0.3955,51.83,5,193716
100.0,1,-1,confirm,1.0,12.89,-3.11,64.46,436,51.56,26.95,462,0.944,1.059,0.088,0.2419,6,0.3216,221,0.6293,1,222,8.2,1,222,8.2,1,222,8.2,0,-1,,0.2801,50.14,5,194028
100.0,1,1,confirm,1.0,-92.7,-108.7,7.04,460,99.74,92.7,782,0.588,0.391,0.019,-0.1265,6,-0.104,552,0.3767,0,-1,,0,-1,,0,-1,,0,-1,,0.4046,51.9,6,194490
100.0,1,-1,confirm,1.0,222.67,206.67,273.6,591,50.93,31.98,613,0.964,2.061,0.144,0.1151,6,0.2643,105,0.6811,0,-1,,0,-1,,0,-1,,0,-1,,0.1229,99.67,6,195272
100.0,1,1,confirm,1.0,77.53,61.53,129.62,327,52.09,10.9,375,0.872,0.275,0.013,-0.0115,6,0.014,363,0.4914,0,-1,,0,-1,,0,-1,,0,-1,,0.0751,52.36,6,195885
100.0,1,-1,confirm,1.0,-88.95,-104.95,12.02,274,100.97,88.95,661,0.415,0.571,0.021,-0.0167,6,0.0114,589,0.4733,0,-1,,0,-1,,0,-1,,0,-1,,0.2207,51.42,6,196260
100.0,1,1,fallback,1.0,17.87,1.87,69.11,140,51.23,32.17,230,0.609,1.163,0.092,0.1557,6,0.2267,229,0.7997,0,-1,,0,-1,,0,-1,,0,-1,,0.1793,101.1,6,196921
100.0,1,-1,confirm,1.0,16.65,0.65,72.55,285,55.9,7.14,489,0.583,1.459,0.03,-0.246,6,-0.1465,481,0.4917,0,-1,,0,-1,,0,-1,,0,-1,,0.5153,50.88,6,197151
100.0,1,1,confirm,1.0,-102.45,-118.45,1.19,1,103.65,102.45,494,0.002,0.367,0.016,0.1466,6,0.2354,225,0.8478,1,368,-25.02,1,368,-25.02,1,368,-25.02,0,-1,,0.473,56.31,6,197640
100.0,1,-1,fallback,1.0,9.63,-6.37,60.18,304,50.55,34.91,377,0.806,1.098,0.13,0.1649,7,0.179,348,0.4559,0,-1,,0,-1,,0,-1,,0,-1,,0.1308,103.63,7,198134
100.0,1,1,confirm,1.0,8.43,-7.57,59.04,944,50.6,83.13,1003,0.941,0.383,0.098,0.4168,7,0.4725,906,0.7753,0,-1,,0,-1,,0,-1,,0,-1,,0.4559,50.86,7,198511
100.0,1,-1,confirm,1.0,-98.71,-114.71,2.41,2,101.12,98.71,125,0.016,0.748,0.06,-0.3823,7,-0.2404,121,0.563,0,-1,,0,-1,,0,-1,,0,-1,,0.3783,50.31,7,199514
100.0,1,1,fallback,1.0,89.4,73.4,140.66,1262,51.26,27.42,1722,0.733,1.018,0.058,-0.0837,7,0.2676,210,0.8803,1,989,97.75,1,989,97.75,1,989,97.75,1,1214,94.17,0.563,101.14,7,199639
100.0,1,-1,confirm,1.0,41.35,25.35,93.34,1715,51.98,42.53,1903,0.901,1.161,0.103,0.1441,8,0.3743,1518,0.9368,1,248,-25.99,1,248,-25.99,1,248,-25.99,1,248,-25.99,0.2642,50.55,7,201361
100.0,1,1,confirm,1.0,-93.72,-109.72,5.93,3,99.66,93.72,1038,0.003,0.548,0.073,-0.2818,8,-0.0607,590,0.6495,0,-1,,0,-1,,0,-1,,0,-1,,0.2314,52.47,8,203264
100.0,1,-1,confirm,1.0,-31.14,-47.14,21.56,612,52.69,43.11,922,0.664,2.071,0.071,0.2197,8,0.2892,636,0.9405,1,921,-21.56,1,921,-21.56,1,921,-21.56,1,921,-21.56,0.3427,99.6,8,204302
100.0,1,1,confirm,1.0,77.6,61.6,128.94,879,51.34,13.13,959,0.917,1.077,0.146,0.1824,9,0.2477,482,0.8001,1,237,14.33,1,237,14.33,1,237,14.33,0,-1,,0.5166,52.81,9,205224
100.0,1,-1,confirm,1.0,-79.37,-95.37,23.69,1400,103.07,79.37,2646,0.529,0.58,0.104,0.07,9,0.2356,841,0.8957,1,1427,18.96,1,1427,18.96,1,1427,18.96,1,1427,18.96,0.14,50.68,9,206183
100.0,1,1,fallback,1.0,-21.16,-37.16,31.73,59,52.89,21.16,306,0.193,4.885,0.18,0.5466,10,0.5466,59,0.6065,0,-1,,0,-1,,0,-1,,0,-1,,0.4106,103.31,10,208829
100.0,1,-1,confirm,1.0,34.16,18.16,87.16,3868,53.0,18.85,4287,0.902,3.258,0.13,0.1934,11,0.5067,4229,0.9089,1,1647,-14.13,1,1647,-14.13,1,1647,-14.13,1,1751,-7.07,0.5789,52.72,10,209135
100.0,1,1,confirm,1.0,-57.91,-73.91,42.55,360,100.46,57.91,1715,0.21,0.792,0.153,0.0258,11,0.1826,409,0.9144,1,432,4.73,1,432,4.73,0,-1,,1,432,4.73,0.7399,53.47,11,213422
100.0,1,-1,fallback,1.0,41.61,25.61,91.54,1160,49.93,39.23,1259,0.921,0.546,0.161,0.1934,12,0.3437,561,0.9069,0,-1,,0,-1,,0,-1,,0,-1,,0.1905,100.04,11,215137
100.0,1,1,confirm,1.0,-3.58,-19.58,51.33,57,54.91,3.58,188,0.303,0.713,0.009,-0.1697,12,-0.1346,149,0.489,0,-1,,0,-1,,0,-1,,0,-1,,0.1075,50.39,12,216396
100.0,1,-1,confirm,1.0,51.35,35.35,103.89,1597,52.54,62.1,1645,0.971,0.889,0.115,0.1061,12,0.4753,526,0.8672,1,840,-38.21,1,840,-38.21,1,840,-38.21,1,1218,-39.41,0.1955,54.63,12,216584
100.0,1,1,confirm,1.0,1.2,-14.8,51.61,404,50.41,3.6,806,0.501,0.321,0.088,-0.2949,12,0.1254,802,0.798,0,-1,,0,-1,,0,-1,,0,-1,,0.056,53.1,12,218229
100.0,1,-1,confirm,1.0,-76.81,-92.81,24.0,291,100.82,76.81,708,0.411,0.518,0.112,0.4953,12,0.545,477,0.9249,1,685,-70.81,1,685,-70.81,1,685,-70.81,1,685,-70.81,0.2819,50.16,12,219035
100.0,1,1,fallback,1.0,46.45,30.45,100.05,1150,53.6,20.25,1263,0.911,1.347,0.144,-0.0584,13,0.3052,159,0.8078,1,375,11.91,1,375,11.91,1,375,11.91,1,511,15.48,0.7314,101.06,13,219743
100.0,1,-1,confirm,1.0,119.74,103.74,170.72,1582,50.98,66.39,1666,0.95,3.027,0.145,0.3238,13,0.3703,1577,0.7809,1,720,-45.05,1,720,-45.05,1,720,-45.05,0,-1,,0.2884,53.07,13,221006
100.0,1,1,confirm,1.0,-99.59,-115.59,0.0,0,99.59,99.59,299,0.0,1.579,0.075,-0.2537,13,-0.2107,84,0.2309,0,-1,,0,-1,,0,-1,,0,-1,,0.4228,51.86,13,222672
100.0,1,-1,confirm,1.0,9.7,-6.3,61.81,229,52.11,2.42,285,0.804,0.242,0.089,0.2494,14,0.3006,93,0.8295,0,-1,,0,-1,,0,-1,,0,-1,,0.0128,99.59,13,222971
100.0,1,1,confirm,1.0,-78.85,-94.85,20.62,107,99.48,78.85,203,0.527,0.743,0.042,-0.0437,14,-0.0429,109,0.5982,0,-1,,0,-1,,0,-1,,0,-1,,0.6012,52.44,14,223256
100.0,1,-1,confirm,1.0,-17.12,-33.12,45.24,135,62.36,53.8,151,0.894,1.317,0.069,0.1142,14,0.1698,1,0.5109,0,-1,,0,-1,,0,-1,,0,-1,,0.02,99.27,14,223459
100.0,1,1,confirm,1.0,100.1,84.1,153.81,190,53.71,-0.0,251,0.757,2.113,0.074,0.0784,14,0.1127,247,0.8002,1,250,103.76,1,250,103.76,0,-1,,0,-1,,0.1002,62.65,14,223610
100.0,1,-1,confirm,1.0,-71.31,-87.31,33.84,85,105.15,71.31,325,0.262,0.355,0.009,0.0072,14,0.0192,91,0.4727,0,-1,,0,-1,,0,-1,,0,-1,,0.4743,52.9,14,223861
100.0,1,1,fallback,1.0,-46.8,-62.8,3.6,288,50.4,46.8,370,0.778,0.883,0.077,-0.0149,14,0.3685,158,0.5602,1,189,-14.4,1,189,-14.4,1,189,-14.4,0,-1,,0.3882,105.51,14,224186
100.0,1,-1,confirm,1.0,-61.49,-77.49,40.99,623,102.48,61.49,803,0.776,0.676,0.047,0.0798,14,0.1946,762,0.7392,1,324,24.11,0,-1,,0,-1,,0,-1,,0.235,50.38,14,224556
100.0,1,1,fallback,1.0,-33.55,-49.55,16.78,116,50.33,33.55,168,0.69,1.203,0.073,0.0761,14,0.0848,144,0.5709,0,-1,,0,-1,,0,-1,,0,-1,,0.6464,102.91,14,225359
100.0,1,-1,confirm,1.0,56.51,40.51,107.01,1000,50.5,32.46,1110,0.901,4.094,0.115,0.2588,14,0.3767,612,0.8456,1,882,58.92,1,882,58.92,1,882,58.92,0,-1,,0.2572,50.25,14,225527
100.0,1,1,confirm,1.0,-70.13,-86.13,30.23,33,100.36,70.13,819,0.04,0.298,0.007,-0.2602,14,-0.2388,211,0.542,0,-1,,0,-1,,0,-1,,0,-1,,0.7258,51.05,14,226637
100.0,1,-1,fallback,1.0,26.79,10.79,79.15,299,52.36,2.44,404,0.74,1.154,0.121,0.3979,15,0.3998,351,0.7381,1,17,9.74,1,17,9.74,1,17,9.74,1,17,9.74,0.1286,100.06,15,227456
100.0,1,1,confirm,1.0,-59.83,-75.83,40.29,522,100.12,59.83,979,0.533,0.799,0.067,0.4021,15,0.4127,499,0.8462,1,577,29.3,1,577,29.3,1,577,29.3,0,-1,,0.5417,52.78,15,227860
100.0,1,-1,confirm,1.0,-6.14,-22.14,50.36,203,56.5,38.08,498,0.408,3.055,0.129,0.2342,15,0.3046,474,0.6417,0,-1,,0,-1,,0,-1,,0,-1,,0.2237,99.72,15,228839
100.0,1,1,confirm,1.0,-63.84,-79.84,36.83,862,100.66,63.84,1323,0.652,0.13,0.063,-0.0444,15,0.3168,1008,0.7977,1,1052,17.19,1,1052,17.19,1,1052,17.19,1,1217,-57.7,0.5612,56.79,15,229337
100.0,1,-1,fallback,1.0,-44.48,-60.48,9.88,2,54.36,44.48,130,0.015,5.0,0.099,0.5199,16,0.5212,3,0.9184,0,-1,,0,-1,,0,-1,,0,-1,,0.186,100.29,16,230660
100.0,1,1,confirm,1.0,-77.49,-93.49,22.14,47,99.63,77.49,311,0.151,1.371,0.018,-0.3397,16,-0.3203,265,0.5508,0,-1,,0,-1,,0,-1,,0,-1,,0.8789,54.42,16,230790
100.0,1,-1,confirm,1.0,-17.35,-33.35,48.35,31,65.7,17.35,50,0.62,1.951,0.072,0.4003,16,0.404,28,0.6788,0,-1,,0,-1,,0,-1,,0,-1,,0.3447,99.41,16,231101
100.0,1,1,confirm,1.0,96.52,80.52,150.97,132,54.45,14.85,152,0.868,2.088,0.068,-0.0541,16,-0.0508,137,0.4064,0,-1,,0,-1,,0,-1,,0,-1,,0.5785,66.02,16,231151
100.0,1,-1,confirm,1.0,-102.95,-118.95,-0.0,0,102.95,102.95,49,0.0,0.896,0.039,0.0585,16,0.0585,0,-0.051,0,-1,,0,-1,,0,-1,,0,-1,,0.0041,53.64,16,231303
100.0,1,1,fallback,1.0,-52.17,-68.17,0.0,0,52.17,52.17,56,0.0,0.823,0.079,-0.0435,16,-0.0435,0,0.0875,0,-1,,0,-1,,0,-1,,0,-1,,0.1162,102.95,16,231352
100.0,1,-1,confirm,1.0,-106.1,-122.1,-0.0,0,106.1,106.1,324,0.0,0.403,0.042,0.0658,16,0.0777,41,0.5868,1,282,-63.41,0,-1,,0,-1,,0,-1,,0.0875,52.17,16,231408
100.0,1,1,fallback,1.0,-43.44,-59.44,8.45,5,51.89,43.44,118,0.042,0.837,0.135,0.0689,16,0.0771,2,0.3345,0,-1,,0,-1,,0,-1,,0,-1,,0.206,106.1,16,231732
100.0,1,-1,confirm,1.0,79.99,63.99,133.32,1136,53.33,38.78,1274,0.892,0.882,0.068,0.2327,16,0.3777,829,0.7372,0,-1,,0,-1,,0,-1,,0,-1,,0.1687,51.84,16,231850
100.0,1,1,confirm,1.0,142.94,126.94,196.7,918,53.76,20.77,1013,0.906,0.524,0.079,-0.0559,17,0.2504,639,0.64,1,817,184.48,1,817,184.48,1,817,184.48,0,-1,,0.362,54.05,16,233124
100.0,1,-1,confirm,1.0,31.32,15.32,84.32,1083,53.0,40.95,1234,0.878,0.245,0.129,0.0918,17,0.2629,358,0.566,1,427,-28.91,1,427,-28.91,1,427,-28.91,1,1162,71.07,0.1203,52.72,17,234137
100.0,1,1,confirm,1.0,-71.29,-87.29,30.21,1075,101.5,71.29,3353,0.321,0.946,0.106,0.0602,17,0.3643,2920,0.9617,1,620,-36.25,1,620,-36.25,1,620,-36.25,1,939,-29.0,0.2237,53.45,17,235371
100.0,1,-1,fallback,1.0,113.18,97.18,166.73,1135,53.55,1.22,1220,0.93,3.31,0.103,0.1727,18,0.2598,748,0.7798,0,-1,,0,-1,,0,-1,,0,-1,,0.1911,101.19,18,238724
100.0,1,1,confirm,1.0,-3.69,-19.69,46.77,84,50.47,7.39,180,0.467,0.616,0.038,-0.0554,18,0.0043,141,0.6726,0,-1,,0,-1,,0,-1,,0,-1,,0.2003,54.46,18,239944
100.0,1,-1,confirm,1.0,18.47,2.47,70.19,124,51.72,8.62,158,0.785,2.557,0.094,0.1464,18,0.1971,152,0.8292,0,-1,,0,-1,,0,-1,,0,-1,,0.4593,50.23,18,240124
100.0,1,1,confirm,1.0,-85.12,-101.12,14.8,18,99.93,85.12,424,0.042,2.32,0.011,-0.1718,18,-0.0396,371,0.6996,0,-1,,0,-1,,0,-1,,0,-1,,0.3336,52.08,18,240282
100.0,1,-1,confirm,1.0,36.08,20.08,85.85,68,49.77,0.0,101,0.673,7.299,0.13,0.2154,18,0.3322,48,0.517,1,18,18.66,1,18,18.66,0,-1,,0,-1,,0.0666,99.78,18,240706
100.0,1,1,confirm,1.0,23.73,7.73,74.93,203,51.2,24.98,287,0.707,0.76,0.005,-0.0999,18,-0.0947,126,0.5682,0,-1,,0,-1,,0,-1,,0,-1,,0.2463,50.2,18,240807
100.0,1,-1,confirm,1.0,54.81,38.81,105.89,197,51.08,2.49,235,0.838,1.305,0.082,0.0755,19,0.1471,146,0.6989,0,-1,,0,-1,,0,-1,,0,-1,,0.0313,50.82,18,241094
100.0,1,1,confirm,1.0,-76.41,-92.41,37.58,94,113.99,76.41,302,0.311,0.733,0.014,0.0714,19,0.213,27,0.4043,1,156,-36.33,1,156,-36.33,1,156,-36.33,0,-1,,0.3043,51.62,19,241329
100.0,1,-1,fallback,1.0,-49.23,-65.23,2.52,11,51.75,49.23,140,0.079,0.617,0.11,-0.0062,19,0.0157,123,0.6887,0,-1,,0,-1,,0,-1,,0,-1,,0.1525,113.57,19,241631
100.0,1,1,confirm,1.0,-64.06,-80.06,41.45,116,105.51,64.06,407,0.285,0.541,0.028,-0.1856,19,0.0613,69,0.6281,1,97,26.38,0,-1,,0,-1,,0,-1,,0.3672,51.77,19,241771
100.0,1,-1,fallback,1.0,-41.72,-57.72,11.38,2,53.1,41.72,40,0.05,2.891,0.05,0.2924,19,0.3384,11,0.5244,0,-1,,0,-1,,0,-1,,0,-1,,0.0825,105.08,19,242178
100.0,1,1,confirm,1.0,56.65,40.65,113.31,818,56.65,51.62,881,0.928,0.92,0.105,0.3031,19,0.3773,851,0.7764,0,-1,,0,-1,,0,-1,,0,-1,,0.4458,53.16,19,242218
100.0,1,-1,confirm,1.0,-67.6,-83.6,36.3,57,103.91,67.6,849,0.067,1.461,0.005,-0.2213,19,0.0315,567,0.6266,0,-1,,0,-1,,0,-1,,0,-1,,0.4108,56.02,19,243099
100.0,1,1,fallback,1.0,126.83,110.83,177.82,336,50.98,-0.0,414,0.812,0.716,0.169,0.1619,19,0.2331,105,0.5808,0,-1,,0,-1,,0,-1,,0,-1,,0.3689,104.28,19,243948
100.0,1,-1,confirm,1.0,115.42,99.42,165.77,797,50.34,0.0,865,0.921,1.052,0.132,0.1288,20,0.1774,682,0.5818,1,380,13.51,0,-1,,0,-1,,0,-1,,0.0914,50.09,19,244362
100.0,1,1,confirm,1.0,99.38,83.38,154.04,157,54.66,9.94,262,0.599,4.104,0.057,0.0643,20,0.0972,209,0.6824,0,-1,,0,-1,,0,-1,,0,-1,,0.3156,51.19,20,245227
100.0,1,-1,confirm,1.0,-86.1,-102.1,17.22,87,103.32,86.1,808,0.108,0.612,0.043,-0.0961,20,-0.0088,495,0.799,0,-1,,0,-1,,0,-1,,0,-1,,0.3093,53.83,20,245489
100.0,1,1,fallback,1.0,-25.61,-41.61,25.61,49,51.22,25.61,326,0.15,1.644,0.067,0.1161,20,0.2466,267,0.8001,0,-1,,0,-1,,0,-1,,0,-1,,0.1313,103.5,20,246297
100.0,1,-1,confirm,1.0,-99.03,-115.03,9.78,249,108.82,99.03,1218,0.204,0.709,0.032,-0.2585,20,-0.1415,1018,0.535,0,-1,,0,-1,,0,-1,,0,-1,,0.3631,51.09,20,246623
100.0,1,1,fallback,1.0,-25.42,-41.42,25.42,7,50.85,25.42,142,0.049,4.096,0.136,0.2517,20,0.2853,35,0.4624,0,-1,,0,-1,,0,-1,,0,-1,,0.2639,108.92,20,247841
100.0,1,-1,confirm,1.0,-93.46,-109.46,8.5,64,101.95,93.46,1337,0.048,1.01,0.02,-0.0661,20,-0.0379,586,0.5544,0,-1,,0,-1,,0,-1,,0,-1,,0.3595,50.72,20,247983
100.0,1,1,fallback,1.0,3.61,-12.39,54.11,1655,50.51,42.09,2489,0.665,2.317,0.193,0.3726,21,0.3726,1655,0.9209,0,-1,,0,-1,,0,-1,,0,-1,,0.1656,102.04,21,249320
100.0,1,-1,confirm,1.0,87.75,71.75,138.24,566,50.49,3.61,722,0.784,2.645,0.298,-0.0089,22,0.2584,202,0.778,1,391,60.1,1,391,60.1,1,391,60.1,1,408,54.09,0.6425,50.23,21,251809
100.0,1,1,confirm,1.0,29.11,13.11,80.04,802,50.93,7.28,1098,0.73,0.603,0.102,0.0412,22,0.1072,528,0.8373,1,269,0.0,1,600,26.68,0,-1,,1,613,26.68,0.7686,51.19,22,252531
100.0,1,-1,confirm,1.0,214.03,198.03,266.02,3998,52.0,55.62,4107,0.973,3.166,0.268,0.1818,23,0.4243,3799,0.9299,1,798,-26.6,1,798,-26.6,1,798,-26.6,1,1108,10.88,0.0337,50.53,22,253629
100.0,1,1,confirm,1.0,161.87,145.87,215.0,2445,53.13,35.83,2989,0.818,4.125,0.083,0.5928,0,0.6274,2518,0.9396,1,1427,63.02,1,1427,63.02,1,1427,63.02,1,1444,55.6,0.1299,53.42,23,257736
100.0,1,-1,confirm,1.0,-4.86,-20.86,44.99,3565,49.85,96.06,3722,0.958,1.044,0.141,0.2255,1,0.5338,3399,0.9317,1,474,-53.5,1,474,-53.5,1,474,-53.5,1,897,-55.93,0.9235,52.01,0,260725
100.0,1,1,confirm,1.0,-51.05,-67.05,48.61,416,99.66,51.05,1418,0.293,1.522,0.27,0.0263,1,0.1917,1012,0.9643,1,444,44.97,1,1131,3.65,0,-1,,1,1344,-25.52,0.0015,50.08,1,264447
100.0,1,-1,confirm,1.0,-7.33,-23.33,42.76,967,50.09,39.09,1143,0.846,1.499,0.168,0.035,2,0.265,30,0.8832,1,120,-30.54,1,120,-30.54,1,120,-30.54,1,313,-21.99,0.2999,99.18,1,265865
100.0,1,1,confirm,1.0,-96.44,-112.44,3.66,25,100.1,96.44,582,0.043,0.933,0.025,-0.2018,2,0.0167,194,0.7398,0,-1,,0,-1,,0,-1,,0,-1,,0.1151,50.3,2,267008
100.0,1,-1,fallback,1.0,-50.54,-66.54,3.7,32,54.23,50.54,227,0.141,0.941,0.212,0.064,2,0.152,223,0.5927,1,112,-11.09,0,-1,,0,-1,,0,-1,,0.0323,100.06,2,267590
100.0,1,1,confirm,1.0,4.91,-11.09,55.19,1677,50.28,39.24,2030,0.826,0.814,0.082,0.3296,2,0.3974,1703,0.9738,1,710,7.36,1,710,7.36,0,-1,,1,711,2.45,0.3899,54.25,2,267817
100.0,1,-1,confirm,1.0,72.32,56.32,126.26,2274,53.93,0.0,2346,0.969,1.374,0.059,0.1053,3,0.3496,309,0.8799,1,909,56.39,1,909,56.39,1,909,56.39,1,1343,38.0,0.5472,50.01,2,269847
100.0,1,1,confirm,1.0,7.41,-8.59,59.27,1555,51.86,29.63,1626,0.956,2.968,0.161,0.0461,4,0.1206,353,0.9193,1,366,-18.52,1,366,-18.52,0,-1,,1,386,-23.46,0.1407,54.62,3,272193
100.0,1,-1,confirm,1.0,138.19,122.19,187.54,699,49.35,4.94,745,0.938,1.409,0.159,0.2965,4,0.4724,512,0.7144,0,-1,,0,-1,,0,-1,,0,-1,,0.3743,51.55,4,273819
100.0,1,1,confirm,1.0,-73.81,-89.81,27.52,11,101.34,73.81,205,0.054,1.619,0.057,-0.2301,4,-0.0499,195,0.4757,0,-1,,0,-1,,0,-1,,0,-1,,0.3722,50.3,4,274564
100.0,1,-1,fallback,1.0,-17.65,-33.65,35.29,51,52.94,17.65,153,0.333,1.795,0.108,0.0281,4,0.0732,144,0.4435,0,-1,,0,-1,,0,-1,,0,-1,,0.4468,101.06,4,274769
100.0,1,1,confirm,1.0,-91.85,-107.85,12.58,191,104.43,91.85,338,0.565,0.818,0.009,0.0187,4,0.0724,97,0.24,1,168,-6.29,0,-1,,0,-1,,0,-1,,0.1341,53.12,4,274922
100.0,1,-1,fallback,1.0,-58.41,-74.41,-0.0,0,58.41,58.41,22,0.0,2.149,0.104,0.1708,4,0.2526,17,0.458,0,-1,,0,-1,,0,-1,,0,-1,,0.013,104.3,4,275260
100.0,1,1,confirm,1.0,-98.47,-114.47,2.52,2,101.0,98.47,320,0.006,4.273,0.056,-0.24,4,-0.0589,221,0.733,0,-1,,0,-1,,0,-1,,0,-1,,0.4337,58.41,4,275282
100.0,1,-1,fallback,1.0,-10.2,-26.2,42.08,80,52.28,10.2,150,0.533,0.969,0.121,0.0479,4,0.0768,1,0.0724,0,-1,,0,-1,,0,-1,,0,-1,,0.4281,100.97,4,275602
100.0,1,1,confirm,1.0,-77.7,-93.7,25.47,53,103.17,77.7,144,0.368,0.477,0.046,-0.0175,4,0.1328,137,0.3645,1,141,-63.69,1,141,-63.69,0,-1,,0,-1,,0.1673,52.5,4,275752
100.0,1,-1,fallback,1.0,-47.5,-63.5,3.85,3,51.35,47.5,50,0.06,2.937,0.09,0.0435,4,0.0457,0,0.5245,0,-1,,0,-1,,0,-1,,0,-1,,0.2822,102.91,4,275896
100.0,1,1,confirm,1.0,23.0,7.0,75.38,586,52.38,40.88,637,0.92,1.399,0.078,-0.0297,4,0.0838,549,0.4363,1,562,54.94,0,-1,,0,-1,,0,-1,,0.5034,51.37,4,275946
100.0,1,-1,confirm,1.0,-72.66,-88.66,29.32,30,101.98,72.66,247,0.121,0.653,0.013,0.0592,4,0.1002,83,0.2344,1,189,-57.36,1,189,-57.36,0,-1,,0,-1,,0.4838,51.99,4,276583
100.0,1,1,fallback,1.0,-44.29,-60.29,8.86,42,53.15,44.29,167,0.251,0.396,0.094,-0.0085,4,-0.0012,76,0.4212,0,-1,,0,-1,,0,-1,,0,-1,,0.1405,102.28,4,276830
100.0,1,-1,confirm,1.0,72.45,56.45,125.84,348,53.39,1.27,374,0.93,2.538,0.151,0.1359,5,0.1359,348,0.7111,0,-1,,0,-1,,0,-1,,0,-1,,0.2342,53.1,4,276997
100.0,1,1,confirm,1.0,-3.84,-19.84,49.94,239,53.78,20.49,289,0.827,0.531,0.01,-0.0409,5,-0.0217,154,0.5981,0,-1,,0,-1,,0,-1,,0,-1,,0.1657,54.07,5,277371
100.0,1,-1,confirm,1.0,-96.07,-112.07,8.97,7,105.03,96.07,173,0.04,0.538,0.033,0.0527,5,0.0937,138,0.3387,0,-1,,0,-1,,0,-1,,0,-1,,0.0578,53.51,5,277660
100.0,1,1,fallback,1.0,-40.6,-56.6,13.96,29,54.55,40.6,128,0.227,0.722,0.056,-0.0005,5,0.0509,114,0.1945,0,-1,,0,-1,,0,-1,,0,-1,,0.2743,105.13,5,277833
100.0,1,-1,confirm,1.0,-58.6,-74.6,43.31,139,101.91,58.6,499,0.279,0.926,0.007,-0.0292,5,0.0563,46,0.3538,1,47,-5.1,0,-1,,0,-1,,0,-1,,0.1442,54.48,5,277961
100.0,1,1,fallback,1.0,158.31,142.31,212.77,148,54.46,5.07,250,0.592,4.111,0.18,0.1143,5,0.2068,69,0.3913,0,-1,,0,-1,,0,-1,,0,-1,,0.2778,102.35,5,278460
100.0,1,-1,confirm,1.0,36.16,20.16,86.02,588,49.87,57.35,629,0.935,1.237,0.1,0.1212,5,0.1944,566,0.6553,0,-1,,0,-1,,0,-1,,0,-1,,0.0861,53.32,5,278710
100.0,1,1,confirm,1.0,0.0,-16.0,53.8,50,53.8,10.01,160,0.312,4.686,0.002,0.0969,5,0.1421,91,0.5692,0,-1,,0,-1,,0,-1,,0,-1,,0.2494,50.3,5,279339
100.0,1,-1,confirm,1.0,-95.1,-111.1,8.76,17,103.85,95.1,651,0.026,0.875,0.009,-0.0853,5,0.0143,583,0.6139,0,-1,,0,-1,,0,-1,,0,-1,,0.4058,53.52,5,279499
100.0,1,1,fallback,1.0,-33.47,-49.47,17.35,16,50.82,33.47,235,0.068,1.608,0.134,0.0849,5,0.1112,9,0.3303,1,111,-8.68,1,111,-8.68,0,-1,,1,197,-14.87,0.3926,103.94,5,280150
100.0,1,-1,confirm,1.0,-78.35,-94.35,24.87,82,103.22,78.35,700,0.117,0.209,0.019,0.1575,5,0.1804,374,0.8719,1,458,-42.28,1,458,-42.28,0,-1,,1,477,-27.36,0.0849,50.73,5,280385
100.0,1,1,fallback,1.0,6.17,-9.83,56.76,1055,50.59,38.25,1586,0.665,3.406,0.099,-0.0581,6,0.169,1,0.602,1,181,-29.62,1,181,-29.62,0,-1,,1,323,-4.94,0.8719,103.48,6,281085
100.0,1,-1,confirm,1.0,49.33,33.33,106.06,1795,56.73,43.16,2186,0.821,0.906,0.073,-0.0472,7,0.4048,722,0.9414,1,52,6.17,1,52,6.17,1,52,6.17,1,2186,49.33,0.1038,50.31,6,282671
100.0,1,1,confirm,1.0,47.09,31.09,100.38,463,53.29,-0.0,809,0.572,1.956,0.2,0.2915,7,0.3968,1,0.9786,1,601,68.16,1,601,68.16,1,601,68.16,0,-1,,0.0569,57.34,7,284857
100.0,1,-1,confirm,1.0,-66.61,-82.61,37.01,279,103.61,66.61,1318,0.212,0.431,0.16,0.1055,7,0.2891,802,0.8841,1,1247,-53.04,1,1247,-53.04,1,1247,-53.04,0,-1,,0.7225,52.76,7,285666
100.0,1,1,fallback,1.0,-29.41,-45.41,23.28,135,52.69,29.41,1052,0.128,1.829,0.141,-0.0073,7,0.4619,870,0.9495,1,56,4.9,0,-1,,0,-1,,0,-1,,0.8576,104.0,7,286984
100.0,1,-1,confirm,1.0,-97.09,-113.09,27.04,193,124.12,97.09,1695,0.114,0.852,0.152,0.0457,8,0.5083,741,0.9477,1,1116,-9.83,1,1116,-9.83,1,1116,-9.83,1,1283,-51.62,0.5514,52.57,8,288036
100.0,1,1,fallback,1.0,-17.04,-33.04,34.08,40,51.12,17.04,275,0.145,6.318,0.209,0.081,8,0.2478,0,0.6955,0,-1,,0,-1,,0,-1,,0,-1,,0.2933,124.46,8,289731
100.0,1,-1,confirm,1.0,168.25,152.25,218.24,6402,49.99,67.06,6662,0.961,2.707,0.073,0.1338,10,0.4286,5114,0.9449,1,1379,-47.55,1,1379,-47.55,1,1379,-47.55,1,1424,-52.43,0.2121,50.95,8,290006
100.0,1,1,confirm,1.0,6.2,-9.8,57.04,2311,50.84,88.05,2953,0.783,3.683,0.223,0.4491,11,0.4747,2516,0.9149,1,320,-27.28,1,320,-27.28,1,1508,-54.56,1,357,-47.12,0.0896,51.1,10,296668
100.0,1,-1,confirm,1.0,-101.62,-117.62,9.91,129,111.54,101.62,2050,0.063,4.382,0.089,0.4589,11,0.4848,85,0.8797,1,604,-35.94,1,604,-35.94,1,604,-35.94,1,685,-34.7,0.7359,50.55,11,299621
100.0,1,1,fallback,1.0,-40.49,-56.49,12.27,7,52.75,40.49,621,0.011,4.28,0.153,0.3045,11,0.3045,7,0.7862,1,65,-14.72,1,65,-14.72,1,65,-14.72,1,65,-14.72,0.861,111.65,11,301671
100.0,1,-1,confirm,1.0,-72.68,-88.68,28.33,1964,101.01,72.68,2975,0.66,1.918,0.138,0.3019,12,0.3862,1754,0.9241,1,44,-1.23,1,44,-1.23,1,44,-1.23,1,190,-27.1,0.6489,52.69,11,302292
100.0,1,1,fallback,1.0,23.24,7.24,74.6,429,51.36,2.45,747,0.574,0.392,0.183,0.4701,12,0.5536,659,0.9736,0,-1,,0,-1,,0,-1,,0,-1,,0.6644,101.3,12,305267
100.0,1,-1,confirm,1.0,6.1,-9.9,58.57,1940,52.46,29.28,2092,0.927,2.463,0.17,0.3123,13,0.4146,2090,0.9513,1,711,-12.2,1,711,-12.2,1,711,-12.2,1,849,-6.1,0.3931,50.98,13,306014
100.0,1,1,confirm,1.0,9.77,-6.23,62.26,657,52.5,10.99,758,0.867,2.244,0.119,0.0404,13,0.0698,663,0.6709,1,678,47.61,0,-1,,0,-1,,0,-1,,0.5185,52.77,13,308106
100.0,1,-1,confirm,1.0,-69.52,-85.52,31.71,511,101.23,69.52,2919,0.175,0.499,0.166,-0.0132,13,0.3912,2639,0.9711,1,445,15.86,1,445,15.86,1,445,15.86,1,559,25.61,0.0324,52.17,13,308864
100.0,1,1,fallback,1.0,-50.87,-66.87,0.0,0,50.87,50.87,1310,0.0,3.528,0.121,0.0569,14,0.165,174,0.8651,1,512,-18.17,1,512,-18.17,0,-1,,1,600,-14.53,0.1903,101.55,14,311783
100.0,1,-1,confirm,1.0,92.52,76.52,150.96,1250,58.44,6.09,1402,0.892,5.195,0.104,0.1932,15,0.3178,246,0.7168,1,1096,112.0,1,1096,112.0,1,1096,112.0,0,-1,,0.2786,50.87,14,313093
100.0,1,1,confirm,1.0,22.12,6.12,72.5,1469,50.38,47.92,1603,0.916,0.733,0.083,0.2696,15,0.3005,1322,0.7695,1,592,6.14,0,-1,,0,-1,,0,-1,,0.389,59.33,15,314495
100.0,1,-1,confirm,1.0,45.37,29.37,96.86,2792,51.5,60.08,3393,0.823,2.769,0.11,0.0878,16,0.4018,1792,0.9248,1,372,-8.58,1,372,-8.58,1,372,-8.58,1,372,-8.58,0.6591,50.02,15,316098
100.0,1,1,confirm,1.0,-67.74,-83.74,36.95,415,104.69,67.74,3286,0.126,1.212,0.14,0.5405,16,0.5428,366,0.9835,1,721,-23.4,1,721,-23.4,1,721,-23.4,1,819,-4.93,0.03,52.0,16,319491
100.0,1,-1,fallback,1.0,-29.76,-45.76,21.08,958,50.84,38.44,1887,0.508,1.166,0.152,0.4882,17,0.4882,958,0.9396,1,1296,-7.44,1,1296,-7.44,1,1296,-7.44,1,1409,-14.88,0.6145,104.31,17,322777
100.0,1,1,confirm,1.0,3.71,-12.29,56.87,1075,53.17,30.91,1272,0.845,4.785,0.216,0.441,18,0.4477,1066,0.9279,0,-1,,0,-1,,0,-1,,0,-1,,0.787,50.95,18,324664
100.0,1,-1,confirm,1.0,-0.0,-16.0,50.67,5745,50.67,63.03,7350,0.782,0.272,0.122,-0.0321,20,0.51,1896,0.9806,1,747,-8.65,1,747,-8.65,1,747,-8.65,1,1992,-8.65,0.6932,52.86,18,325936
100.0,1,1,confirm,1.0,48.2,32.2,98.88,3593,50.67,24.72,4273,0.841,1.643,0.268,0.1409,21,0.4696,2188,0.9787,1,161,-1.24,1,1433,-8.65,1,1433,-8.65,1,1463,-3.71,0.2889,50.93,20,333286
100.0,1,-1,confirm,1.0,-75.03,-91.03,33.21,1166,108.24,75.03,6915,0.169,0.272,0.162,0.23,22,0.416,6065,0.9932,1,1586,-12.3,1,1586,-12.3,1,1586,-12.3,1,1639,-2.46,0.7095,50.18,21,337559
100.0,1,1,fallback,1.0,-24.42,-40.42,28.08,3005,52.5,31.74,3810,0.789,5.677,0.205,0.7748,0,0.7763,3002,0.991,1,601,-10.99,1,601,-10.99,1,601,-10.99,1,860,-1.22,0.5965,108.6,23,344474
100.0,1,-1,confirm,1.0,-107.7,-123.7,2.45,126,110.15,107.7,1373,0.092,0.786,0.27,0.3269,0,0.4174,313,0.9709,1,419,-28.15,1,419,-28.15,1,419,-28.15,1,419,-28.15,0.8866,52.35,0,348284
100.0,1,1,fallback,1.0,96.86,80.86,148.93,1378,52.06,2.42,1489,0.925,3.332,0.177,0.1739,1,0.3729,69,0.8104,0,-1,,0,-1,,0,-1,,0,-1,,0.1974,110.17,1,349657
100.0,1,-1,confirm,1.0,15.59,-0.41,65.96,2916,50.37,44.37,4355,0.67,0.689,0.24,0.2502,2,0.4695,928,0.9297,1,968,-27.58,1,968,-27.58,1,968,-27.58,1,968,-27.58,0.1749,51.3,1,351146
100.0,1,1,confirm,1.0,1.2,-14.8,51.65,335,50.44,-0.0,1138,0.294,2.172,0.218,-0.028,2,0.4428,116,0.9753,1,239,37.23,1,239,37.23,1,239,37.23,1,419,18.02,0.1755,50.7,2,355501
100.0,1,-1,confirm,1.0,-63.65,-79.65,37.23,4926,100.88,63.65,6420,0.767,1.233,0.126,-0.1256,4,0.3455,3899,0.9663,1,955,-51.64,1,955,-51.64,1,955,-51.64,1,969,-46.84,0.1564,50.19,3,356639
100.0,1,1,fallback,1.0,-4.77,-20.77,46.54,1376,51.31,22.67,1496,0.92,6.706,0.214,0.6402,5,0.7324,1374,0.9615,1,56,-20.29,1,56,-20.29,1,981,-13.13,0,-1,,0.0853,101.25,4,363059
100.0,1,-1,confirm,1.0,-93.12,-109.12,8.36,41,101.48,93.12,4336,0.009,0.263,0.033,-0.3757,5,0.5802,3497,0.9531,1,869,-27.46,1,869,-27.46,1,869,-27.46,1,904,-28.65,0.7294,51.07,5,364555
100.0,1,1,fallback,1.0,-13.01,-29.01,37.85,724,50.86,13.01,2047,0.354,0.711,0.071,-0.1137,6,0.3353,257,0.8682,1,674,24.84,1,674,24.84,1,674,24.84,1,695,24.84,0.2745,101.57,6,368891
100.0,1,-1,confirm,1.0,-100.68,-116.68,1.18,3,101.86,100.68,6242,0.0,0.654,0.178,0.5016,7,0.554,92,0.9609,1,343,-42.64,1,343,-42.64,1,343,-42.64,1,357,-45.01,0.2149,50.67,7,370938
100.0,1,1,fallback,1.0,32.83,16.83,83.26,1775,50.42,3.52,2240,0.792,3.639,0.119,0.3709,9,0.5491,23,0.8898,0,-1,,0,-1,,0,-1,,0,-1,,0.34,101.87,8,377180
100.0,1,-1,confirm,1.0,94.67,78.67,146.1,2737,51.43,16.36,3523,0.777,0.428,0.124,-0.1177,10,0.4279,1061,0.9831,1,1802,59.61,1,1802,59.61,1,1802,59.61,1,2020,78.31,0.6526,50.01,9,379420
100.0,1,1,confirm,1.0,-93.22,-109.22,14.16,120,107.37,93.22,6436,0.019,0.879,0.113,0.2166,10,0.4972,3613,0.9725,1,124,10.62,1,124,10.62,1,124,10.62,1,225,3.54,0.2705,52.19,10,382943
100.0,1,-1,fallback,1.0,23.82,7.82,76.23,561,52.41,25.01,1385,0.405,0.963,0.119,0.4049,12,0.5696,731,0.915,1,1177,42.88,1,1177,42.88,1,1177,42.88,1,1385,23.82,0.5262,107.22,12,389379
100.0,1,1,confirm,1.0,93.12,77.12,144.46,7153,51.34,65.66,7666,0.933,1.223,0.132,0.4237,14,0.4986,6812,0.9745,1,77,-38.2,1,77,-38.2,1,2236,3.58,1,77,-38.2,0.6122,52.81,12,390764
100.0,1,-1,confirm,1.0,-65.06,-81.06,39.03,580,104.09,65.06,8650,0.067,0.761,0.13,0.3777,14,0.4743,4752,0.9904,1,1198,-1.18,1,1198,-1.18,1,1198,-1.18,1,1198,-1.18,0.1684,50.61,14,398430
100.0,1,1,fallback,1.0,-28.21,-44.21,24.68,239,52.89,28.21,2619,0.091,8.11,0.216,0.8697,17,0.8764,227,0.9759,0,-1,,0,-1,,0,-1,,0,-1,,0.4526,104.5,17,407080
100.0,1,-1,confirm,1.0,167.35,151.35,216.85,7077,49.5,14.14,7287,0.971,1.135,0.069,0.2705,19,0.7551,3689,0.9748,1,1169,-1.18,1,1169,-1.18,1,1169,-1.18,1,1872,4.71,0.9472,52.75,17,409699
100.0,1,1,confirm,1.0,53.94,37.94,106.68,3710,52.74,34.76,4772,0.777,1.339,0.239,0.0292,20,0.4945,1285,0.9962,1,194,-7.19,1,194,-7.19,1,3074,55.14,1,401,-15.58,0.4233,50.6,19,416986
100.0,1,-1,confirm,1.0,-69.15,-85.15,35.77,1890,104.91,69.15,3762,0.502,3.651,0.207,-0.2226,21,0.6098,2953,0.9922,1,44,-0.0,1,44,-0.0,1,1575,13.11,1,44,-0.0,0.557,52.18,21,421758
100.0,1,1,fallback,1.0,310.21,294.21,364.67,199,54.46,2.37,218,0.913,6.41,0.339,0.1805,22,0.4144,68,0.6931,0,-1,,0,-1,,0,-1,,0,-1,,0.46,105.29,22,425520
100.0,1,-1,confirm,1.0,20.67,4.67,72.35,91,51.68,0.0,140,0.65,0.82,0.172,-0.0878,22,-0.0728,140,0.5441,0,-1,,0,-1,,0,-1,,0,-1,,0.0881,52.55,22,425738
100.0,1,1,confirm,1.0,-81.7,-97.7,19.56,8,101.27,81.7,110,0.073,0.421,0.186,0.0697,22,0.114,67,0.447,0,-1,,0,-1,,0,-1,,0,-1,,0.4835,52.05,22,425878
100.0,1,-1,fallback,1.0,3.48,-12.52,53.37,136,49.89,10.44,267,0.509,0.159,0.061,-0.0669,22,0.0008,262,0.5267,0,-1,,0,-1,,0,-1,,0,-1,,0.3537,101.07,22,425988
100.0,1,1,confirm,1.0,-34.82,-50.82,17.41,779,52.23,92.85,915,0.851,0.755,0.048,0.1432,22,0.1472,867,0.5392,0,-1,,0,-1,,0,-1,,0,-1,,0.2019,50.16,22,426255
100.0,1,-1,confirm,1.0,3.49,-12.51,54.74,1006,51.25,37.27,1324,0.76,0.795,0.127,0.4519,22,0.5333,1137,0.8858,1,622,-13.98,1,622,-13.98,0,-1,,1,698,-13.98,0.0819,52.14,22,427170
100.0,1,1,confirm,1.0,16.31,0.31,71.07,2846,54.76,31.46,3046,0.934,4.349,0.098,0.2153,23,0.2534,2877,0.8995,1,1070,-16.31,1,1070,-16.31,1,1070,-16.31,1,1418,-3.5,0.4461,51.53,23,428494
100.0,1,-1,confirm,1.0,-81.42,-97.42,19.77,1677,101.2,81.42,2673,0.627,1.105,0.046,0.3214,0,0.4703,431,0.9511,1,832,-8.14,1,832,-8.14,1,832,-8.14,1,2101,-19.77,0.3919,54.37,23,431540
100.0,1,1,fallback,1.0,-34.61,-50.61,17.31,186,51.92,34.61,564,0.33,1.556,0.107,0.2179,0,0.3536,2,0.6478,0,-1,,0,-1,,0,-1,,0,-1,,0.4072,101.4,0,434213
100.0,1,-1,confirm,1.0,126.2,110.2,178.3,2662,52.1,44.0,2735,0.973,1.37,0.091,0.1969,1,0.3146,1363,0.9311,0,-1,,0,-1,,0,-1,,0,-1,,0.1073,51.83,0,434777
100.0,1,1,confirm,1.0,28.14,12.14,78.56,3194,50.42,29.32,3580,0.892,4.582,0.051,-0.2573,2,0.5613,1894,0.955,1,1095,10.55,1,1095,10.55,1,2771,48.08,1,1108,0.0,0.5295,53.05,1,437512
100.0,1,-1,confirm,1.0,-91.21,-107.21,10.52,267,101.73,91.21,2343,0.114,4.208,0.172,0.6131,2,0.7301,640,0.9957,1,1599,-37.42,1,1599,-37.42,1,1599,-37.42,1,1599,-37.42,0.2418,50.03,2,441092
100.0,1,1,fallback,1.0,-55.62,-71.62,1.16,1,56.78,55.62,568,0.002,1.439,0.164,0.7638,3,0.7746,0,0.94,1,520,-44.03,1,520,-44.03,1,520,-44.03,0,-1,,0.9664,101.84,3,443435
100.0,1,-1,confirm,1.0,61.76,45.76,111.86,4997,50.1,27.97,5375,0.93,2.907,0.19,0.4118,4,0.5459,2851,0.993,1,1313,-2.33,1,1313,-2.33,1,1313,-2.33,1,2027,-11.65,0.4939,56.77,3,444003
100.0,1,1,confirm,1.0,-97.32,-113.32,3.52,39,100.83,97.32,3100,0.013,2.504,0.133,-0.2871,4,0.3654,2140,0.9486,1,596,-24.62,1,596,-24.62,1,596,-24.62,1,597,-24.62,0.8351,50.67,4,449378
100.0,1,-1,fallback,1.0,-39.07,-55.07,11.84,48,50.91,39.07,856,0.056,1.787,0.161,0.1772,5,0.3813,756,0.9828,0,-1,,0,-1,,0,-1,,0,-1,,0.3133,100.8,5,452478
100.0,1,1,confirm,1.0,21.23,5.23,73.12,1908,51.89,15.33,4245,0.449,0.359,0.122,0.0606,6,0.5508,3191,0.9784,1,1000,31.84,1,1000,31.84,1,1000,31.84,1,2011,62.51,0.714,50.97,5,453334
100.0,1,-1,confirm,1.0,-45.9,-61.9,4.71,6306,50.61,96.5,7631,0.826,3.295,0.11,0.1635,8,0.5499,7432,0.996,1,230,-20.01,1,230,-20.01,1,230,-20.01,1,230,-20.01,0.4984,51.52,7,457579
100.0,1,1,confirm,1.0,21.09,5.09,74.98,2848,53.89,3.51,3902,0.73,0.849,0.078,0.2045,10,0.5831,2407,0.9869,1,855,31.63,1,855,31.63,1,855,31.63,1,1116,21.09,0.6074,50.63,9,465210
100.0,1,-1,confirm,1.0,-74.82,-90.82,29.23,633,104.04,74.82,3147,0.201,0.874,0.145,0.3394,10,0.6082,212,0.9934,1,868,10.52,1,868,10.52,1,868,10.52,1,938,-11.69,0.3602,53.49,10,469112
100.0,1,1,fallback,1.0,23.21,7.21,74.26,1682,51.06,30.17,2157,0.78,1.173,0.115,0.0629,11,0.6789,714,0.9342,1,1257,42.93,1,1257,42.93,1,1257,42.93,1,1328,37.13,0.6286,104.35,11,472259
100.0,1,-1,confirm,1.0,10.42,-5.58,60.2,1115,49.78,27.78,1502,0.742,1.851,0.109,0.2144,12,0.3189,1023,0.9641,1,386,-8.1,0,-1,,0,-1,,0,-1,,0.4366,50.68,11,474416
100.0,1,1,confirm,1.0,31.29,15.29,82.28,2761,50.99,52.15,3939,0.701,4.455,0.096,0.2012,12,0.337,1143,0.9441,1,176,-37.08,1,1310,9.27,1,1310,9.27,1,2439,38.24,0.1063,50.08,12,475918
100.0,1,-1,confirm,1.0,5.78,-10.22,56.61,879,50.83,32.35,1099,0.8,7.648,0.232,0.816,13,0.816,879,0.928,1,277,-32.35,1,277,-32.35,1,277,-32.35,1,400,-11.55,0.7815,50.57,13,479857
100.0,1,1,confirm,1.0,56.64,40.64,109.81,6255,53.17,49.71,6839,0.915,1.391,0.097,0.0019,15,0.5732,3664,0.9698,1,575,-21.96,1,575,-21.96,1,1954,-21.96,1,1076,-2.31,0.9142,51.12,13,480956
100.0,1,-1,confirm,1.0,47.13,31.13,97.7,6217,50.57,60.92,6926,0.898,4.19,0.027,0.082,17,0.754,3816,0.9685,1,696,18.39,1,696,18.39,1,696,18.39,1,951,-1.15,0.7726,52.6,15,487795
100.0,1,1,confirm,1.0,28.87,12.87,79.69,3921,50.81,40.42,4888,0.802,0.809,0.177,0.1042,18,0.4236,3593,0.9883,1,280,12.7,1,280,12.7,1,280,12.7,1,280,12.7,0.2155,51.07,17,494721
100.0,1,-1,confirm,1.0,5.76,-10.24,58.73,5442,52.97,29.94,7991,0.681,2.652,0.225,0.4237,20,0.4429,5470,0.9925,1,158,18.42,1,158,18.42,1,158,18.42,1,255,24.18,0.9746,50.41,18,499609
100.0,1,1,confirm,1.0,26.5,10.5,80.65,2619,54.15,3.46,3600,0.728,1.227,0.069,-0.2049,21,0.5218,240,0.9901,1,885,73.74,1,885,73.74,1,885,73.74,1,1038,69.13,0.9338,53.28,21,507600
100.0,1,-1,confirm,1.0,67.8,51.8,117.21,8154,49.41,24.13,8211,0.993,1.557,0.077,0.4998,0,0.7233,5519,0.9804,1,2484,2.3,1,2484,2.3,1,2484,2.3,1,2487,-0.0,0.704,53.72,22,511200
100.0,1,1,confirm,1.0,-99.5,-115.5,0.0,0,99.5,99.5,459,0.0,2.416,0.036,-0.3793,0,-0.1743,453,0.4285,0,-1,,0,-1,,0,-1,,0,-1,,0.5899,50.0,0,519411
100.0,1,-1,confirm,1.0,49.08,33.08,99.33,869,50.25,3.51,1053,0.825,0.67,0.113,0.393,0,0.5444,604,0.8514,0,-1,,0,-1,,0,-1,,0,-1,,0.0851,99.5,0,519870
100.0,1,1,confirm,1.0,-10.57,-26.57,41.1,9282,51.67,69.29,10164,0.913,1.7,0.093,0.063,3,0.3316,9192,0.9937,1,9227,37.58,1,9227,37.58,1,9227,37.58,1,9227,37.58,0.5949,50.76,0,520923
100.0,1,-1,confirm,1.0,-90.52,-106.52,15.28,173,105.81,90.52,3769,0.046,1.393,0.095,0.0669,3,0.4508,3618,0.9884,1,836,-10.58,1,836,-10.58,1,836,-10.58,1,923,-11.76,0.153,51.46,3,531087
100.0,1,1,fallback,1.0,20.97,4.97,72.24,964,51.26,4.66,2039,0.473,1.3,0.064,0.0548,4,0.6897,76,0.8871,1,673,46.6,1,673,46.6,1,673,46.6,1,1563,43.11,0.0392,105.97,4,534856
100.0,1,-1,confirm,1.0,45.34,29.34,96.5,22394,51.16,84.87,24783,0.904,0.947,0.12,0.6211,11,0.8054,19037,0.9997,1,82,2.33,1,819,-30.23,1,819,-30.23,1,819,-30.23,0.5967,50.9,5,536895
100.0,1,1,confirm,1.0,5.84,-10.16,58.4,3863,52.56,12.85,4588,0.842,2.792,0.188,0.4372,13,0.5605,3507,0.9626,1,727,16.35,1,727,16.35,1,727,16.35,1,910,21.02,0.946,51.66,12,561678
100.0,1,-1,confirm,1.0,1.17,-14.83,51.36,1189,50.19,2.33,1589,0.748,2.191,0.055,0.2521,13,0.4374,812,0.8317,0,-1,,0,-1,,0,-1,,0,-1,,0.7689,52.25,13,566266
100.0,1,1,confirm,1.0,-70.04,-86.04,30.35,298,100.4,70.04,1970,0.151,1.06,0.155,0.0792,13,0.1749,1083,0.9364,1,341,18.68,1,341,18.68,0,-1,,1,593,16.34,0.0444,50.45,13,567855
100.0,1,-1,fallback,1.0,3.53,-12.47,54.08,277,50.55,5.88,358,0.774,0.593,0.142,0.5645,14,0.5864,211,0.8868,0,-1,,0,-1,,0,-1,,0,-1,,0.2521,100.09,14,569825
100.0,1,1,confirm,1.0,-16.46,-32.46,34.11,2857,50.57,78.8,3581,0.798,0.858,0.093,-0.2743,15,0.7301,3474,0.9867,1,1260,-43.51,1,1260,-43.51,1,2802,15.29,1,1260,-43.51,0.1356,50.83,14,570183
100.0,1,-1,confirm,1.0,81.28,65.28,130.76,2628,49.48,0.0,2953,0.89,1.529,0.102,0.6442,16,0.6556,2607,0.9379,1,1524,63.61,1,1524,63.61,1,1524,63.61,1,1524,63.61,0.2776,50.4,15,573764
100.0,1,1,confirm,1.0,-98.57,-114.57,2.38,17,100.95,98.57,1620,0.01,0.252,0.002,-0.5121,16,0.3082,270,0.9336,1,460,-64.13,1,460,-64.13,1,460,-64.13,1,460,-64.13,0.7011,50.13,16,576717
100.0,1,-1,fallback,1.0,-32.39,-48.39,25.19,84,57.57,32.39,129,0.651,1.32,0.124,0.2014,16,0.2479,11,0.4015,0,-1,,0,-1,,0,-1,,0,-1,,0.1144,100.93,16,578337
100.0,1,1,confirm,1.0,167.38,151.38,218.79,3195,51.41,-0.0,3928,0.813,0.365,0.064,-0.1398,17,0.4713,3610,0.9824,1,1174,84.89,1,1174,84.89,1,1174,84.89,1,1846,131.52,0.044,57.72,16,578466
100.0,1,-1,confirm,1.0,-0.0,-16.0,51.74,1040,51.74,3.53,1925,0.54,0.876,0.093,0.3658,18,0.4332,830,0.9925,1,1356,14.11,1,1356,14.11,1,1356,14.11,1,1412,10.58,0.7112,50.31,17,582394
100.0,1,1,confirm,1.0,16.46,0.46,67.03,6996,50.56,37.63,7454,0.939,4.312,0.155,0.0986,20,0.5748,2841,0.9902,1,839,-18.81,1,839,-18.81,1,839,-18.81,1,839,-18.81,0.6824,52.01,18,584319
100.0,1,-1,confirm,1.0,11.74,-4.26,62.22,6221,50.48,58.7,7036,0.884,1.077,0.051,0.3553,22,0.7207,361,0.9969,1,386,-14.09,1,386,-14.09,1,386,-14.09,1,386,-14.09,0.093,50.23,20,591773
100.0,1,1,confirm,1.0,-92.85,-108.85,8.23,6331,101.08,92.85,8622,0.734,1.613,0.197,0.4159,0,0.4773,5967,0.9975,1,997,-9.4,1,997,-9.4,1,3203,-63.47,1,1123,-11.75,0.9125,50.8,22,598809
100.0,1,-1,fallback,1.0,-41.52,-57.52,9.49,16,51.01,41.52,360,0.044,0.831,0.26,0.363,0,0.3855,50,0.9326,0,-1,,0,-1,,0,-1,,0,-1,,0.7472,101.0,0,607431
100.0,1,1,confirm,1.0,7.09,-8.91,59.07,771,51.98,22.45,2874,0.268,0.65,0.199,-0.0212,1,0.3775,1569,0.9778,1,530,42.53,1,530,42.53,1,530,42.53,1,1296,30.72,0.9326,51.06,0,607791
100.0,1,-1,confirm,1.0,69.66,53.66,119.24,4560,49.59,20.07,5246,0.869,0.593,0.113,-0.0012,2,0.5025,2305,0.9724,1,103,-9.45,1,885,-16.53,1,885,-16.53,1,885,-16.53,0.6319,51.68,1,610665
100.0,1,1,confirm,1.0,-82.04,-98.04,19.02,1454,101.06,82.04,7822,0.186,2.922,0.28,-0.0273,3,0.6372,4158,0.9938,1,114,0.0,1,114,0.0,1,114,0.0,1,114,0.0,0.0567,50.19,3,615911
100.0,1,-1,fallback,1.0,-32.37,-48.37,19.18,241,51.55,32.37,873,0.276,1.221,0.212,0.0317,5,0.3498,727,0.9707,1,143,-3.6,1,143,-3.6,1,143,-3.6,1,143,-3.6,0.1963,100.87,5,623733
100.0,1,1,confirm,1.0,29.87,13.87,81.25,7710,51.38,48.99,9189,0.839,0.718,0.204,0.0287,7,0.6572,3698,1.0,1,477,-17.92,1,477,-17.92,1,1644,-7.17,1,493,-23.9,0.7003,51.65,5,624606
100.0,1,-1,confirm,1.0,71.48,55.48,123.9,4710,52.42,21.44,5045,0.934,5.702,0.217,0.3032,9,0.5277,1865,0.9997,1,267,1.19,1,267,1.19,1,267,1.19,1,356,15.49,0.2516,50.97,8,633795
100.0,1,1,confirm,1.0,6.0,-10.0,67.19,3865,61.2,9.6,5797,0.667,1.697,0.345,0.2209,10,0.7347,5749,0.9967,1,390,10.8,1,390,10.8,1,390,10.8,1,417,10.8,0.4236,53.08,9,638840
100.0,1,-1,confirm,1.0,14.39,-1.61,64.76,141,50.37,7.2,621,0.227,0.736,0.208,-0.0431,11,0.2713,593,0.9667,0,-1,,0,-1,,0,-1,,0,-1,,0.2491,60.79,11,644637
100.0,1,1,confirm,1.0,68.45,52.45,122.49,4619,54.04,37.23,4662,0.991,4.576,0.264,0.0598,12,0.612,2394,0.9585,1,616,6.0,1,616,6.0,1,616,6.0,1,637,4.8,0.0235,50.69,11,645258
100.0,1,-1,confirm,1.0,-94.23,-110.23,8.35,1953,102.58,94.23,3583,0.545,3.036,0.134,-0.2042,13,0.3175,2551,0.9494,1,672,-19.08,1,672,-19.08,1,3483,-60.83,1,748,-19.08,0.0299,53.39,12,649920
100.0,1,1,fallback,1.0,14.18,-1.82,64.99,804,50.81,31.9,1322,0.608,0.941,0.129,0.0779,13,0.1815,66,0.7381,1,633,22.45,1,633,22.45,0,-1,,0,-1,,0.2872,102.66,13,653503
100.0,1,-1,confirm,1.0,38.94,22.94,88.5,1674,49.56,10.62,1835,0.912,2.48,0.148,-0.0841,14,0.4594,1114,0.9366,1,171,5.9,1,1169,37.76,1,1169,37.76,1,1191,41.3,0.3604,50.48,13,654825
100.0,1,1,confirm,1.0,0.0,-16.0,50.94,2243,50.94,41.46,2472,0.907,1.358,0.138,-0.0653,15,0.283,341,0.9323,1,465,-33.17,1,465,-33.17,1,465,-33.17,1,658,0.0,0.3171,50.0,14,656660
100.0,1,-1,confirm,1.0,-55.67,-71.67,45.01,390,100.69,55.67,1382,0.282,2.531,0.199,-0.014,15,0.2165,1368,0.9811,1,149,-2.37,1,149,-2.37,1,149,-2.37,1,157,-1.18,0.1138,50.68,15,659132
100.0,1,1,fallback,1.0,-18.85,-34.85,31.81,1094,50.65,36.52,1137,0.962,1.717,0.053,0.0412,15,0.4337,574,0.8696,1,876,-20.03,1,876,-20.03,1,876,-20.03,0,-1,,0.4941,101.14,15,660514
100.0,1,-1,confirm,1.0,5.9,-10.1,61.37,90,55.47,11.8,163,0.552,1.34,0.095,-0.0043,15,0.0346,101,0.3348,0,-1,,0,-1,,0,-1,,0,-1,,0.2981,50.49,15,661651
100.0,1,1,confirm,1.0,35.43,19.43,89.75,258,54.32,41.33,685,0.377,3.244,0.073,0.224,15,0.4093,684,0.9077,0,-1,,0,-1,,0,-1,,0,-1,,0.2379,55.81,15,661814
100.0,1,-1,confirm,1.0,21.18,5.18,72.96,1443,51.78,28.24,1708,0.845,1.635,0.156,-0.0491,16,0.2102,1123,0.9371,1,286,-23.53,1,286,-23.53,1,1203,45.89,1,286,-23.53,0.5821,53.84,16,662499
100.0,1,1,confirm,1.0,-102.59,-118.59,0.0,0,102.59,102.59,1068,0.0,0.401,0.038,0.2257,16,0.593,395,0.982,1,102,-33.02,1,102,-33.02,1,102,-33.02,1,135,-37.74,0.7198,52.16,16,664207
100.0,1,-1,fallback,1.0,-27.4,-43.4,22.64,68,50.04,27.4,673,0.101,1.86,0.175,0.291,16,0.372,2,0.9484,1,602,-16.68,1,602,-16.68,1,602,-16.68,1,650,-22.64,0.8538,102.59,16,665275
100.0,1,1,confirm,1.0,-60.6,-76.6,39.21,238,99.81,60.6,1970,0.121,3.525,0.153,0.0782,17,0.2884,480,0.9159,1,147,1.19,1,147,1.19,1,702,-3.56,1,829,-7.13,0.322,50.16,16,665948
100.0,1,-1,confirm,1.0,-17.93,-33.93,32.28,632,50.21,21.52,953,0.663,1.424,0.06,0.2101,17,0.2683,919,0.8654,0,-1,,0,-1,,0,-1,,0,-1,,0.3298,99.42,17,667918
100.0,1,1,confirm,1.0,-68.02,-84.02,33.41,125,101.43,68.02,5714,0.022,0.882,0.113,-0.2872,17,0.3896,4533,0.9873,1,764,19.09,1,764,19.09,1,764,19.09,1,848,4.77,0.4365,50.37,17,668871
100.0,1,-1,fallback,1.0,2.4,-13.6,54.07,2787,51.66,48.06,3578,0.779,1.687,0.143,0.4871,20,0.4871,2787,0.9523,1,229,-10.81,1,229,-10.81,1,266,-7.21,1,415,-38.45,0.0378,101.09,19,674585
100.0,1,1,confirm,1.0,-96.14,-112.14,3.61,27,99.75,96.14,2711,0.01,2.457,0.047,0.0971,20,0.3151,2228,0.9929,1,359,-12.02,1,359,-12.02,1,2572,-87.73,1,425,-13.22,0.5729,51.94,20,678163
100.0,1,-1,confirm,1.0,-26.7,-42.7,25.48,310,52.18,26.7,2153,0.144,0.432,0.172,0.2944,21,0.6635,1507,0.9947,1,2153,-26.7,1,2153,-26.7,1,2153,-26.7,0,-1,,0.594,99.71,21,680874
100.0,1,1,confirm,1.0,-94.4,-110.4,9.68,300,104.08,94.4,857,0.35,0.337,0.176,0.0698,21,0.0863,270,0.7032,1,4,-1.21,0,-1,,0,-1,,0,-1,,0.6835,52.31,21,683027
100.0,1,-1,fallback,1.0,-51.31,-67.31,-0.0,0,51.31,51.31,1958,0.0,3.238,0.223,0.404,21,0.404,0,0.9362,1,1279,-36.65,1,1279,-36.65,1,1279,-36.65,1,1279,-36.65,0.2299,103.98,21,683884
100.0,1,1,confirm,1.0,0.0,-16.0,52.27,788,52.27,7.29,1760,0.448,1.076,0.178,0.3229,22,0.3312,728,0.9897,1,1027,20.66,1,1027,20.66,1,1027,20.66,1,1341,18.23,0.8303,51.31,22,685842
100.0,1,-1,confirm,1.0,-86.3,-102.3,14.59,604,100.89,86.3,1214,0.498,2.334,0.057,-0.1463,23,0.0335,980,0.7584,0,-1,,0,-1,,0,-1,,0,-1,,0.9088,52.0,23,687602
100.0,1,1,fallback,1.0,127.74,111.74,180.77,8514,53.02,15.67,10196,0.835,2.736,0.255,0.0626,1,0.5083,6254,1.0,1,596,2.41,1,596,2.41,1,596,2.41,1,714,-15.67,0.2396,101.03,23,688816
100.0,1,-1,confirm,1.0,-1.19,-17.19,48.79,1313,49.98,14.28,2665,0.493,1.811,0.197,0.006,2,0.3923,101,0.9094,1,654,9.52,1,654,9.52,1,654,9.52,1,722,16.66,0.2503,52.08,2,699012
100.0,1,1,confirm,1.0,93.99,77.99,145.15,3809,51.16,15.47,4327,0.88,0.464,0.242,0.3799,3,0.8539,3668,1.0,1,3,-3.57,1,1195,-7.14,1,1195,-7.14,1,1223,-7.14,0.3734,50.22,2,701677
100.0,1,-1,confirm,1.0,-73.08,-89.08,28.29,7283,101.37,73.08,16150,0.451,0.703,0.189,-0.5228,6,0.5863,10692,0.9902,1,1816,-8.25,1,9958,-2.36,1,10232,11.79,1,11068,4.71,0.2495,50.43,4,706004
100.0,1,1,fallback,1.0,-45.64,-61.64,4.68,104,50.32,45.64,1826,0.057,1.264,0.138,0.3308,8,0.5467,275,0.9988,1,676,-24.57,1,676,-24.57,1,676,-24.57,1,692,-23.4,0.398,101.65,8,722154
100.0,1,-1,confirm,1.0,43.49,27.49,94.04,11814,50.55,57.6,12221,0.967,3.393,0.284,0.355,12,0.6727,554,1.0,1,1482,17.63,1,1482,17.63,1,1482,17.63,1,1484,17.63,0.6438,50.29,9,723980
100.0,1,1,confirm,1.0,10.63,-5.37,62.57,4825,51.95,48.41,6026,0.801,2.492,0.127,0.0684,13,0.4642,1038,0.9897,1,1483,7.08,1,1483,7.08,1,1483,7.08,1,1945,-1.18,0.1753,51.03,12,736201
100.0,1,-1,confirm,1.0,-7.08,-23.08,44.82,11473,51.89,77.84,11902,0.964,1.286,0.188,0.0897,17,0.636,7190,0.9931,1,1103,-27.13,1,1103,-27.13,1,1103,-27.13,1,1851,-37.74,0.058,51.63,14,742227
100.0,1,1,confirm,1.0,181.5,165.5,236.89,1264,55.39,-0.0,1663,0.76,3.796,0.148,0.2611,17,0.6,0,0.8952,0,-1,,0,-1,,0,-1,,0,-1,,0.2398,52.13,17,754129
100.0,1,-1,confirm,1.0,-9.26,-25.26,42.83,9973,52.09,78.71,11628,0.858,0.897,0.157,0.2134,20,0.3377,10191,1.0,1,199,-40.51,1,199,-40.51,1,2615,-20.84,1,248,-48.62,0.2482,54.11,17,755792
100.0,1,1,confirm,1.0,-69.39,-85.39,30.07,179,99.46,69.39,10416,0.017,1.507,0.372,0.5239,21,0.6536,6565,1.0,1,1661,3.47,1,1661,3.47,1,1661,3.47,1,1772,0.0,0.5973,52.31,21,767420
100.0,1,-1,confirm,1.0,-20.96,-36.96,30.28,5592,51.24,39.59,7397,0.756,0.136,0.085,0.0218,1,0.5744,877,0.9986,1,1022,-24.46,1,1022,-24.46,1,1022,-24.46,1,1071,-22.13,0.3936,99.16,0,777836
100.0,1,1,confirm,1.0,102.27,86.27,156.89,12280,54.62,3.49,12716,0.966,9.162,0.191,0.1173,5,0.6083,9338,0.996,1,766,40.67,1,766,40.67,1,766,40.67,1,798,45.32,0.0907,51.4,2,785233
100.0,1,-1,confirm,1.0,161.05,145.05,210.51,3384,49.47,26.46,4886,0.693,5.735,0.301,0.2102,6,0.5024,2555,0.978,1,191,-19.56,1,191,-19.56,1,1782,-1.15,1,324,-12.65,0.1294,53.78,5,797949
100.0,1,1,confirm,1.0,151.99,135.99,204.61,9209,52.61,8.18,11458,0.804,2.098,0.178,-0.0014,9,0.7763,4559,0.9942,1,132,15.2,1,132,15.2,1,2900,7.02,1,928,-2.34,0.2196,50.53,7,802835
100.0,1,-1,confirm,1.0,3.46,-12.54,55.28,880,51.83,14.97,5626,0.156,3.835,0.265,0.2668,10,0.4183,1579,0.9663,1,280,-8.06,1,280,-8.06,1,280,-8.06,1,334,-10.37,0.0401,51.56,10,814293
100.0,1,1,confirm,1.0,6.91,-9.09,57.6,2048,50.69,6.91,3247,0.631,1.029,0.153,-0.0813,12,0.2994,3147,0.9858,1,10,0.0,1,10,0.0,1,10,0.0,1,12,-6.91,0.3807,52.11,11,819919
100.0,1,-1,confirm,1.0,-81.74,-97.74,19.57,4614,101.31,81.74,5710,0.808,2.244,0.102,0.1134,13,0.2956,2882,0.9403,1,1545,-6.91,1,1545,-6.91,1,1545,-6.91,1,1545,-6.91,0.2244,50.4,12,823166
100.0,1,1,fallback,1.0,95.92,79.92,148.45,376,52.53,1.14,429,0.876,2.223,0.203,0.0682,14,0.4469,109,0.8093,1,412,119.9,1,412,119.9,1,412,119.9,0,-1,,0.0965,101.51,14,828876
100.0,1,-1,confirm,1.0,13.57,-2.43,63.34,60,49.77,0.0,139,0.432,0.974,0.05,-0.0108,14,0.0292,0,0.3173,0,-1,,0,-1,,0,-1,,0,-1,,0.0551,51.76,14,829305
100.0,1,1,confirm,1.0,417.94,401.94,471.17,786,53.23,13.59,791,0.994,3.311,0.264,0.0907,14,0.141,736,0.7528,0,-1,,0,-1,,0,-1,,0,-1,,0.3395,50.09,14,829444
100.0,1,-1,confirm,1.0,4.35,-11.65,54.36,28,50.01,3.26,54,0.519,3.288,0.163,-0.0236,14,-0.0101,37,0.2087,0,-1,,0,-1,,0,-1,,0,-1,,0.0633,50.84,14,830235
100.0,1,1,confirm,1.0,-77.22,-93.22,35.89,14,113.12,77.22,89,0.157,1.705,0.189,0.0481,14,0.0607,17,0.095,1,19,-2.18,0,-1,,0,-1,,0,-1,,0.0956,50.28,14,830289
100.0,1,-1,fallback,1.0,14.25,-1.75,64.67,59,50.42,7.67,99,0.596,0.973,0.072,0.0829,14,0.1015,17,0.3282,0,-1,,0,-1,,0,-1,,0,-1,,0.095,112.71,14,830378
100.0,1,1,confirm,1.0,17.56,1.56,77.94,89,60.37,-0.0,111,0.802,1.183,0.119,0.0069,14,0.0356,44,0.6989,0,-1,,0,-1,,0,-1,,0,-1,,0.0613,50.75,14,830477
100.0,1,-1,confirm,1.0,106.29,90.29,164.37,44,58.08,0.0,52,0.846,1.615,0.003,0.0044,14,0.006,42,0.1744,0,-1,,0,-1,,0,-1,,0,-1,,0.281,59.91,14,830588
100.0,1,1,confirm,1.0,-68.67,-84.67,34.33,124,103.0,68.67,204,0.608,0.189,0.002,-0.0057,14,0.0016,0,0.2637,0,-1,,0,-1,,0,-1,,0,-1,,0.0688,59.05,14,830640
100.0,1,-1,fallback,1.0,-50.18,-66.18,-0.0,0,50.18,50.18,56,0.0,0.4,0.117,0.0049,14,0.033,13,0.3202,0,-1,,0,-1,,0,-1,,0,-1,,0.0683,102.65,14,830844
100.0,1,1,confirm,1.0,-12.21,-28.21,38.84,281,51.04,96.54,324,0.867,1.141,0.064,-0.1415,14,0.0885,38,0.3764,1,74,-81.0,0,-1,,0,-1,,0,-1,,0.0002,50.18,14,830900
100.0,1,-1,confirm,1.0,-87.77,-103.77,13.33,10,101.1,87.77,395,0.025,0.857,0.007,0.1483,14,0.1552,14,0.3048,1,346,-53.33,1,346,-53.33,0,-1,,1,347,-56.66,0.3213,50.85,14,831224
100.0,1,1,fallback,1.0,-46.26,-62.26,4.41,125,50.66,46.26,182,0.687,0.712,0.078,0.178,15,0.1788,105,0.4021,0,-1,,0,-1,,0,-1,,0,-1,,0.1676,101.23,15,831619
100.0,1,-1,confirm,1.0,26.55,10.55,77.45,126,50.9,3.32,210,0.6,1.284,0.038,-0.002,15,0.0176,142,0.4473,0,-1,,0,-1,,0,-1,,0,-1,,0.4016,50.64,15,831801
100.0,1,1,confirm,1.0,-72.11,-88.11,27.73,48,99.84,72.11,835,0.057,0.905,0.036,0.0373,15,0.2379,779,0.7912,1,95,-8.88,0,-1,,0,-1,,0,-1,,0.1482,51.29,15,832011
100.0,1,-1,confirm,1.0,-32.41,-48.41,17.88,36,50.28,32.41,230,0.157,2.396,0.1,0.1127,15,0.1614,192,0.4057,0,-1,,0,-1,,0,-1,,0,-1,,0.1744,99.57,15,832846
100.0,1,1,confirm,1.0,-80.2,-96.2,22.28,209,102.47,80.2,586,0.357,1.189,0.009,0.016,15,0.0796,351,0.4639,1,428,-30.07,0,-1,,0,-1,,0,-1,,0.1664,50.38,15,833076
100.0,1,-1,fallback,1.0,-41.55,-57.55,14.6,44,56.14,41.55,68,0.647,0.913,0.118,0.2809,15,0.2879,50,0.064,0,-1,,0,-1,,0,-1,,0,-1,,0.3818,102.24,15,833662
100.0,1,1,confirm,1.0,-101.76,-117.76,0.0,0,101.76,101.76,193,0.0,1.363,0.05,-0.2155,15,-0.1925,106,0.5224,0,-1,,0,-1,,0,-1,,0,-1,,0.0282,56.22,15,833730
100.0,1,-1,fallback,1.0,97.15,81.15,147.99,1077,50.84,36.15,1126,0.956,5.587,0.174,0.3552,15,0.3849,1046,0.7877,1,598,7.91,1,598,7.91,1,598,7.91,0,-1,,0.5224,101.76,15,833923
100.0,1,1,confirm,1.0,30.8,14.8,82.14,1127,51.33,51.33,1319,0.854,0.747,0.119,0.133,16,0.2342,961,0.7582,0,-1,,0,-1,,0,-1,,0,-1,,0.4902,51.6,15,835049
100.0,1,-1,confirm,1.0,-94.39,-110.39,6.82,95,101.22,94.39,2425,0.039,0.495,0.028,-0.1186,16,0.3083,2103,0.7808,0,-1,,0,-1,,0,-1,,0,-1,,0.0141,50.92,16,836368
100.0,1,1,fallback,1.0,-24.79,-40.79,25.91,373,50.7,24.79,789,0.473,2.523,0.116,0.0433,17,0.0433,373,0.5871,0,-1,,0,-1,,0,-1,,0,-1,,0.0605,101.29,16,838793
100.0,1,-1,confirm,1.0,70.02,54.02,121.98,4102,51.95,4.52,5266,0.779,1.003,0.155,0.2439,18,0.3898,1660,0.9696,1,305,9.04,1,305,9.04,1,305,9.04,1,457,24.85,0.4301,50.57,17,839582
100.0,1,1,confirm,1.0,-75.07,-91.07,25.02,3368,100.09,75.07,11386,0.296,6.99,0.053,0.1598,19,0.61,3980,0.9945,1,953,-21.61,1,953,-21.61,1,953,-21.61,1,1286,-22.75,0.4854,52.6,18,844848
100.0,1,-1,confirm,1.0,140.96,124.96,190.24,5398,49.28,3.44,7494,0.72,0.88,0.223,0.0501,23,0.57,1107,0.9954,1,2235,88.24,1,2235,88.24,1,2235,88.24,1,2443,79.07,0.4095,99.84,21,856234
100.0,1,1,confirm,1.0,52.31,36.31,103.45,8072,51.14,23.25,10373,0.778,1.019,0.096,-0.2371,2,0.4429,6862,0.9888,1,1162,-4.65,1,1444,-16.27,1,4424,38.36,1,1950,-2.32,0.1124,50.23,23,863728
100.0,1,-1,confirm,1.0,-0.0,-16.0,50.88,4825,50.88,12.72,6781,0.712,0.375,0.191,0.3999,4,0.7317,1360,0.9978,1,294,16.19,1,294,16.19,1,294,16.19,1,552,4.63,0.5899,50.62,2,874101
100.0,1,1,confirm,1.0,202.36,186.36,261.33,29757,58.97,76.32,30739,0.968,0.984,0.195,0.0587,12,0.6931,6712,1.0,1,868,-25.44,1,868,-25.44,1,868,-25.44,1,1828,-25.44,0.4118,51.14,4,880882
100.0,1,-1,confirm,1.0,15.87,-0.13,65.74,11475,49.87,68.0,12757,0.9,0.913,0.16,0.0239,16,0.3887,11818,0.9983,1,455,3.4,1,455,3.4,1,455,3.4,1,600,-11.33,0.0543,57.47,13,911621
100.0,1,1,confirm,1.0,2.27,-13.73,53.35,17770,51.08,79.46,18794,0.946,8.941,0.343,0.5932,21,0.6619,17743,1.0,1,142,-37.46,1,142,-37.46,1,142,-37.46,1,1101,-70.38,0.394,50.2,16,924378
100.0,1,-1,confirm,1.0,9.08,-6.92,60.15,10350,51.07,7.94,15152,0.683,5.55,0.258,0.2668,0,0.5128,6619,0.9977,1,382,17.02,1,382,17.02,1,382,17.02,1,1364,9.08,0.6425,50.81,21,943172
100.0,1,1,confirm,1.0,-86.33,-102.33,13.63,6287,99.97,86.33,11940,0.527,0.441,0.299,0.0041,3,0.6332,5729,1.0,1,818,-11.36,1,818,-11.36,1,1839,-11.36,1,976,-17.04,0.3503,51.38,2,958324
100.0,1,-1,confirm,1.0,-22.92,-38.92,27.5,9208,50.42,66.46,11172,0.824,1.674,0.165,0.2533,8,0.8464,1798,0.9979,1,57,-2.29,1,498,-29.79,1,688,-40.11,1,716,-40.11,0.3508,99.83,5,970264
100.0,1,1,confirm,1.0,-97.18,-113.18,2.29,6526,99.46,97.18,14408,0.453,6.922,0.257,0.7011,10,0.7182,6500,1.0,1,718,-8.0,1,718,-8.0,1,718,-8.0,1,743,-8.0,0.1779,50.56,8,981436
100.0,1,-1,confirm,1.0,57.72,41.72,107.37,7310,49.64,8.08,8566,0.853,0.434,0.128,0.3368,14,0.5969,2700,0.9631,1,1312,2.31,1,1312,2.31,1,1312,2.31,1,1525,5.77,0.8008,99.44,12,995844
100.0,1,1,confirm,1.0,11.61,-4.39,66.19,5093,54.58,24.38,12131,0.42,0.724,0.164,-0.3905,16,0.7395,2947,0.9994,1,200,0.0,1,200,0.0,1,200,0.0,1,271,1.16,0.1909,50.18,15,1004410
100.0,1,-1,confirm,1.0,-95.11,-111.11,8.12,568,103.22,95.11,10406,0.055,0.151,0.102,0.3391,18,0.9072,9404,1.0,1,777,-1.16,1,777,-1.16,1,777,-1.16,1,851,-8.12,0.129,54.22,18,1016541
100.0,1,1,fallback,1.0,183.82,167.82,240.12,2217,56.3,-0.0,2552,0.869,0.313,0.111,0.5054,21,0.8036,2,0.9181,1,792,95.36,1,792,95.36,1,792,95.36,1,1223,144.76,0.7903,103.31,21,1026947
100.0,1,-1,confirm,1.0,22.56,6.56,72.2,708,49.64,16.92,775,0.914,1.357,0.138,-0.107,22,-0.0349,738,0.7059,0,-1,,0,-1,,0,-1,,0,-1,,0.5316,54.98,21,1029499
100.0,1,1,confirm,1.0,11.31,-4.69,62.19,4799,50.88,41.84,5711,0.84,2.497,0.151,0.0534,23,0.5233,2590,0.9952,1,1365,-20.35,1,1365,-20.35,1,1365,-20.35,1,1785,-1.13,0.2387,50.0,22,1030274
100.0,1,-1,confirm,1.0,-19.2,-35.2,31.62,6279,50.82,71.15,6759,0.929,1.746,0.15,0.5876,1,0.8044,5987,0.9592,1,381,-33.88,1,381,-33.88,1,381,-33.88,1,419,-33.88,0.7058,50.57,23,1035985
100.0,1,1,confirm,1.0,5.64,-10.36,56.36,2229,50.73,39.45,4130,0.54,2.793,0.12,0.0725,2,0.6831,75,0.9908,1,646,11.27,1,646,11.27,1,646,11.27,1,675,9.02,0.3823,50.99,1,1042744
100.0,1,-1,confirm,1.0,20.28,4.28,70.98,24673,50.7,40.56,25692,0.96,4.096,0.129,0.5027,9,0.7452,8288,0.9847,1,512,-2.25,1,512,-2.25,1,512,-2.25,1,512,-2.25,0.0656,50.44,2,1046874
100.0,1,1,confirm,1.0,119.67,103.67,171.6,5425,51.93,14.68,6522,0.832,2.022,0.145,0.2399,11,0.714,3515,0.9721,1,1313,10.16,1,1313,10.16,1,1313,10.16,1,1534,3.39,0.4996,51.06,9,1072566
100.0,1,-1,confirm,1.0,-90.36,-106.36,11.16,39,101.52,90.36,5378,0.007,0.819,0.05,-0.0368,11,0.3927,2478,0.9732,1,578,-15.62,1,578,-15.62,1,578,-15.62,1,581,-15.62,0.4967,51.05,11,1079088
100.0,1,1,fallback,1.0,1.11,-14.89,51.96,698,50.86,3.32,987,0.707,0.364,0.087,0.2359,13,0.3273,87,0.7409,1,942,19.9,1,942,19.9,1,942,19.9,0,-1,,0.1208,101.63,13,1084466
100.0,1,-1,confirm,1.0,79.59,63.59,147.03,4342,67.43,39.8,4515,0.962,1.357,0.152,0.5686,14,0.7294,3682,0.9798,1,1209,17.69,1,1209,17.69,1,1209,17.69,1,1868,42.01,0.2965,50.59,13,1085453
100.0,1,1,confirm,1.0,59.06,43.06,111.43,4132,52.37,56.83,5464,0.756,1.938,0.108,0.1172,15,0.5346,519,0.908,1,600,-7.8,1,600,-7.8,1,600,-7.8,1,690,-3.34,0.6591,68.44,14,1089968
100.0,1,-1,confirm,1.0,59.82,43.82,109.67,4572,49.85,39.88,4950,0.924,2.835,0.12,0.103,17,0.3166,1983,0.9551,1,37,5.54,1,921,-35.45,1,921,-35.45,1,921,-35.45,0.306,51.8,16,1095432
100.0,1,1,confirm,1.0,-85.81,-101.81,13.37,646,99.19,85.81,5967,0.108,0.325,0.078,0.2128,17,0.4919,2453,0.9924,1,1882,-35.66,1,1882,-35.66,1,1882,-35.66,1,3036,-36.78,0.4374,50.4,17,1100382
100.0,1,-1,confirm,1.0,-13.49,-29.49,37.1,51,50.58,13.49,418,0.122,3.779,0.292,0.3487,19,0.3487,51,0.6235,0,-1,,0,-1,,0,-1,,0,-1,,0.8602,99.05,19,1106349
100.0,1,1,confirm,1.0,-77.46,-93.46,26.94,1144,104.4,77.46,10722,0.107,0.057,0.072,0.1595,19,0.5485,7012,1.0,1,495,2.25,1,495,2.25,1,495,2.25,1,495,2.25,0.5516,50.77,19,1106767
100.0,1,-1,fallback,1.0,4.53,-11.47,55.44,405,50.91,11.31,647,0.626,2.276,0.145,0.0143,22,0.1261,579,0.6322,0,-1,,0,-1,,0,-1,,0,-1,,0.6097,104.12,22,1117489
100.0,1,1,confirm,1.0,-97.34,-113.34,2.26,322,99.6,97.34,13036,0.025,0.486,0.057,0.0571,22,0.5533,10510,0.9978,1,584,-22.64,1,584,-22.64,1,584,-22.64,1,701,-39.62,0.3455,51.19,22,1118136
100.0,1,-1,confirm,1.0,25.15,9.15,77.72,960,52.58,10.29,4353,0.221,6.548,0.192,0.3023,2,0.4871,0,0.9915,1,1505,40.0,1,1505,40.0,1,1505,40.0,1,2108,45.72,0.9275,99.58,2,1131172
100.0,1,1,confirm,1.0,156.98,140.98,208.55,19774,51.56,61.88,21295,0.929,1.03,0.286,-0.1021,8,0.6792,10390,0.9993,1,1237,26.35,1,1237,26.35,1,1237,26.35,1,1266,27.5,0.2781,52.99,3,1135525
100.0,1,-1,confirm,1.0,40.61,24.61,91.38,8170,50.77,24.82,10107,0.808,0.493,0.094,0.3689,11,0.6197,5280,0.9838,1,621,2.26,1,621,2.26,1,621,2.26,1,631,-1.13,0.71,50.51,9,1156820
100.0,1,1,confirm,1.0,22.66,6.66,73.63,1551,50.97,11.33,1933,0.802,4.065,0.206,0.2644,12,0.472,266,0.9378,0,-1,,0,-1,,0,-1,,0,-1,,0.5355,51.24,12,1166927
100.0,1,-1,confirm,1.0,85.9,69.9,136.75,1843,50.86,0.0,2033,0.907,4.409,0.287,0.5084,13,0.5479,1820,0.9938,1,355,5.65,1,355,5.65,1,355,5.65,1,960,11.3,0.5499,50.6,12,1168860
100.0,1,1,confirm,1.0,-90.06,-106.06,15.96,152,106.02,90.06,3828,0.04,0.888,0.06,-0.278,13,0.3229,1963,0.9573,1,474,-12.54,1,474,-12.54,1,1159,-20.52,1,1214,-29.64,0.4951,51.56,13,1170893
100.0,1,-1,fallback,1.0,28.76,12.76,80.52,890,51.77,31.06,992,0.897,0.799,0.11,0.091,14,0.1945,554,0.7706,0,-1,,0,-1,,0,-1,,0,-1,,0.2098,105.85,14,1174721
100.0,1,1,confirm,1.0,26.53,10.53,79.6,3643,53.07,18.46,4202,0.867,4.706,0.188,0.3814,15,0.5144,4047,0.9662,1,1247,-3.46,1,1247,-3.46,1,1247,-3.46,1,2650,34.61,0.0866,52.19,14,1175713
100.0,1,-1,confirm,1.0,9.2,-6.8,59.83,3820,50.63,56.38,5505,0.694,0.197,0.08,-0.2754,16,0.6594,3057,0.9792,1,1423,-13.81,1,1423,-13.81,1,1423,-13.81,1,2897,16.11,0.6669,52.65,15,1179915
100.0,1,1,confirm,1.0,66.8,50.8,118.62,2813,51.83,35.7,4153,0.677,1.322,0.2,0.267,18,0.4444,1840,0.9808,1,332,-26.49,1,332,-26.49,1,332,-26.49,1,334,-28.79,0.6732,50.93,17,1185420
100.0,1,-1,confirm,1.0,-56.06,-72.06,45.76,17667,101.82,56.06,28623,0.617,2.872,0.342,0.4658,23,0.6918,10649,1.0,1,235,-3.43,1,235,-3.43,1,235,-3.43,1,280,-2.29,0.4139,51.22,18,1189573
100.0,1,1,fallback,1.0,-27.3,-43.3,23.89,42,51.19,27.3,835,0.05,3.211,0.255,0.4741,2,0.5311,17,0.948,1,641,-6.83,1,641,-6.83,1,641,-6.83,1,666,-11.38,0.4848,102.29,2,1218196
100.0,1,-1,confirm,1.0,53.62,37.62,103.81,14655,50.19,20.53,16567,0.885,0.337,0.141,0.09,6,0.7874,5039,0.9994,1,765,3.42,1,765,3.42,1,765,3.42,1,790,-2.28,0.3235,51.07,2,1219031
100.0,1,1,confirm,1.0,-95.19,-111.19,4.59,143,99.78,95.19,4670,0.031,4.328,0.19,0.5867,7,0.7701,356,0.9978,1,736,-34.41,1,736,-34.41,1,736,-34.41,1,783,-39.0,0.3422,50.72,7,1235598
100.0,1,-1,confirm,1.0,19.69,3.69,69.48,1251,49.79,12.74,2913,0.429,1.907,0.172,0.5479,8,0.6801,815,0.9969,1,1858,31.26,1,1858,31.26,1,1858,31.26,1,1895,30.11,0.9925,99.74,8,1240268
100.0,1,1,confirm,1.0,-2.32,-18.32,48.73,16051,51.05,81.22,17131,0.937,1.37,0.102,0.1796,13,0.5694,756,0.993,1,504,-8.12,1,504,-8.12,1,504,-8.12,1,1217,-18.56,0.5652,50.14,9,1243181
100.0,1,-1,confirm,1.0,10.44,-5.56,60.35,2546,49.9,46.42,2705,0.941,7.391,0.22,0.326,14,0.4673,19,0.9666,1,613,-44.1,1,613,-44.1,1,613,-44.1,1,878,-26.69,0.1245,50.8,14,1260312
100.0,1,1,confirm,1.0,145.21,129.21,196.33,5876,51.12,8.13,6285,0.935,4.312,0.211,0.2402,16,0.6843,3501,0.9998,1,1173,-8.13,1,1173,-8.13,1,2708,66.22,1,1173,-8.13,0.3494,50.2,14,1263017
100.0,1,-1,confirm,1.0,116.8,100.8,166.04,5453,49.24,29.77,5478,0.995,2.472,0.197,0.2107,18,0.5797,1549,0.9957,1,221,-10.31,1,772,-4.58,1,1966,14.89,1,2592,28.63,0.23,50.13,16,1269302
100.0,1,1,confirm,1.0,35.92,19.92,86.9,581,50.98,-0.0,1127,0.516,0.609,0.178,-0.0501,18,-0.0372,597,0.8586,0,-1,,0,-1,,0,-1,,0,-1,,0.4045,50.07,18,1274780
100.0,1,-1,confirm,1.0,-91.2,-107.2,10.39,323,101.59,91.2,1047,0.309,1.04,0.116,0.0264,18,0.4448,29,0.946,1,232,-6.93,1,232,-6.93,1,232,-6.93,0,-1,,0.6289,50.54,18,1275907
100.0,1,1,fallback,1.0,1.14,-14.86,51.48,81,50.34,6.86,773,0.105,2.843,0.168,0.1703,18,0.2111,76,0.8827,1,446,19.45,1,446,19.45,1,446,19.45,0,-1,,0.5251,101.7,18,1276954
100.0,1,-1,confirm,1.0,41.18,25.18,93.8,979,52.62,1.14,1125,0.87,1.718,0.134,0.3543,19,0.4425,930,0.9811,0,-1,,0,-1,,0,-1,,0,-1,,0.1428,50.08,18,1277727
100.0,1,1,confirm,1.0,-104.53,-120.53,0.0,0,104.53,104.53,343,0.0,3.085,0.038,-0.2143,19,-0.1735,145,0.566,0,-1,,0,-1,,0,-1,,0,-1,,0.0801,53.12,19,1278852
100.0,1,-1,fallback,1.0,-8.13,-24.13,44.11,57,52.23,8.13,125,0.456,2.132,0.186,0.2611,19,0.2768,33,0.5494,0,-1,,0,-1,,0,-1,,0,-1,,0.3756,104.53,19,1279195
100.0,1,1,confirm,1.0,-92.79,-108.79,8.12,14,100.9,92.79,525,0.027,0.631,0.054,-0.2184,19,0.1733,525,0.8874,0,-1,,0,-1,,0,-1,,0,-1,,0.5267,52.47,19,1279320
100.0,1,-1,fallback,1.0,-50.34,-66.34,-0.0,0,50.34,50.34,41,0.0,0.612,0.053,-0.1733,19,-0.1694,32,-0.1258,0,-1,,0,-1,,0,-1,,0,-1,,0.0796,100.82,19,1279845
100.0,1,1,confirm,1.0,-89.69,-105.69,10.48,9,100.17,89.69,732,0.012,0.438,0.019,0.1874,19,0.3667,470,0.6835,1,490,-41.93,1,490,-41.93,1,490,-41.93,1,518,-71.05,0.1429,50.34,19,1279886
100.0,1,-1,fallback,1.0,-47.01,-63.01,4.7,39,51.72,47.01,221,0.176,2.886,0.095,0.2377,19,0.2589,18,0.4499,0,-1,,0,-1,,0,-1,,0,-1,,0.5536,100.07,19,1280618
100.0,1,1,confirm,1.0,39.78,23.78,91.25,4306,51.47,32.76,5464,0.788,7.621,0.306,0.2466,20,0.5609,1495,0.9901,1,771,-14.04,1,771,-14.04,1,771,-14.04,1,865,-8.19,0.4007,51.74,19,1280839
100.0,1,-1,confirm,1.0,79.24,63.24,129.34,2735,50.1,32.63,2858,0.957,8.553,0.277,0.2011,22,0.6751,1678,0.9812,1,285,-20.97,1,285,-20.97,1,285,-20.97,1,299,-29.13,0.3717,51.01,21,1286303
100.0,1,1,confirm,1.0,116.28,100.28,167.96,11168,51.68,8.22,12903,0.866,0.453,0.218,-0.0799,1,0.7572,3494,1.0,1,502,29.36,1,502,29.36,1,502,29.36,1,1660,78.69,0.1799,50.76,22,1289161
100.0,1,-1,confirm,1.0,150.93,134.93,200.86,9588,49.92,29.03,9914,0.967,1.478,0.13,0.3741,4,0.7802,8597,0.995,1,1548,-20.9,1,1548,-20.9,1,1548,-20.9,1,1548,-20.9,0.2043,50.83,1,1302064
100.0,1,1,confirm,1.0,-100.2,-116.2,1.18,2,101.38,100.2,2502,0.001,0.318,0.018,0.1026,4,0.2578,1487,0.9888,1,228,-16.5,1,228,-16.5,1,2011,-18.86,1,357,-23.58,0.0785,50.95,4,1311978
100.0,1,-1,fallback,1.0,-47.63,-63.63,2.38,3,50.01,47.63,1403,0.002,2.85,0.197,0.2631,5,0.5176,756,0.9208,1,1073,-28.58,1,1073,-28.58,1,1073,-28.58,1,1202,-44.06,0.9773,101.37,5,1314480
100.0,1,1,confirm,1.0,50.96,34.96,101.92,11317,50.96,29.63,16604,0.682,1.276,0.165,0.2698,8,0.6751,10505,1.0,1,343,2.37,1,343,2.37,1,3069,4.74,1,421,-21.33,0.0546,50.02,5,1315883
100.0,1,-1,confirm,1.0,8.25,-7.75,58.96,5684,50.7,27.12,7952,0.715,1.902,0.267,0.3239,11,0.6572,133,0.9932,1,646,24.76,1,646,24.76,1,646,24.76,1,956,22.4,0.0411,50.45,10,1332487
100.0,1,1,confirm,1.0,-83.79,-99.79,16.52,3508,100.31,83.79,4807,0.73,0.323,0.103,-0.2137,13,0.761,1654,0.9927,1,1145,-16.52,1,1145,-16.52,1,1145,-16.52,1,1145,-16.52,0.7934,51.0,12,1340439
100.0,1,-1,fallback,1.0,-0.0,-16.0,49.98,423,49.98,19.04,514,0.823,3.058,0.156,0.0176,13,0.2635,0,0.7372,1,367,8.33,1,367,8.33,1,367,8.33,1,432,44.03,0.9779,100.14,13,1345246
100.0,1,1,confirm,1.0,2.38,-13.62,55.93,2087,53.55,38.08,2334,0.894,1.836,0.184,0.2515,14,0.4539,512,0.9494,1,732,1.19,1,732,1.19,1,732,1.19,1,1684,5.95,0.3523,50.23,13,1345760
100.0,1,-1,confirm,1.0,60.68,44.68,110.65,2990,49.97,29.74,3082,0.97,6.143,0.148,0.1666,15,0.7573,1383,0.9445,1,607,-11.9,1,607,-11.9,1,607,-11.9,1,958,3.57,0.7403,53.25,14,1348094
100.0,1,1,confirm,1.0,-93.37,-109.37,5.99,40,99.35,93.37,984,0.041,2.693,0.002,0.0293,15,0.0879,183,0.7491,1,382,-64.64,0,-1,,0,-1,,0,-1,,0.0625,50.53,15,1351176
100.0,1,-1,confirm,1.0,59.21,43.21,108.75,1288,49.54,0.0,1498,0.86,1.023,0.062,0.1549,15,0.4158,2,0.812,1,1033,88.21,1,1033,88.21,1,1033,88.21,0,-1,,0.5341,99.29,15,1352160
100.0,1,1,confirm,1.0,8.51,-7.49,59.56,3198,51.05,10.94,4201,0.761,0.949,0.097,-0.2977,16,0.2709,3809,0.9589,1,668,41.33,1,668,41.33,1,3972,25.53,1,765,31.6,0.4361,50.09,16,1353658
100.0,1,-1,confirm,1.0,-59.51,-75.51,41.29,991,100.8,59.51,9211,0.108,0.71,0.171,0.0812,17,0.7978,3911,0.9889,1,108,2.43,1,108,2.43,1,108,2.43,1,550,-13.36,0.1292,50.75,17,1357859
100.0,1,1,fallback,1.0,35.01,19.01,86.93,4653,51.91,-0.0,5450,0.854,0.531,0.196,0.0718,21,0.4285,33,0.9814,1,357,7.24,1,357,7.24,1,357,7.24,1,609,20.52,0.2099,101.22,19,1367070
100.0,1,-1,confirm,1.0,-90.23,-106.23,10.83,4736,101.06,90.23,16771,0.282,0.75,0.175,0.0803,22,0.6022,8741,0.9992,1,881,-31.28,1,881,-31.28,1,881,-31.28,1,988,-33.69,0.8144,51.47,21,1372520
100.0,1,1,fallback,1.0,-40.54,-56.54,10.73,553,51.27,40.54,1719,0.322,1.699,0.126,0.3952,2,0.3974,562,0.9914,1,726,7.15,1,726,7.15,1,726,7.15,1,726,7.15,0.9788,101.17,1,1389291
100.0,1,-1,confirm,1.0,56.27,40.27,108.94,3314,52.68,25.14,3514,0.943,0.502,0.246,0.2915,3,0.8108,3102,0.9962,1,298,-9.58,1,298,-9.58,1,298,-9.58,1,388,-4.79,0.2553,51.21,2,1391010
100.0,1,1,confirm,1.0,-77.05,-93.05,22.88,177,99.93,77.05,2533,0.07,0.086,0.029,-0.2274,3,0.3814,2001,0.9912,1,573,0.0,1,573,0.0,1,2281,-20.47,1,604,0.0,0.1582,53.26,3,1394524
100.0,1,-1,confirm,1.0,-48.53,-64.53,2.43,6,50.96,48.53,377,0.016,0.742,0.254,0.4492,4,0.4672,0,0.6469,0,-1,,0,-1,,0,-1,,0,-1,,0.5881,99.7,4,1397057
100.0,1,1,confirm,1.0,-74.86,-90.86,26.56,437,101.42,74.86,1397,0.313,0.826,0.303,0.2955,4,0.5049,1164,0.9919,1,541,-2.41,1,541,-2.41,1,541,-2.41,1,541,-2.41,0.2603,50.97,4,1397434
100.0,1,-1,fallback,1.0,-34.06,-50.06,17.03,1347,51.09,34.06,1749,0.77,2.3,0.144,-0.1213,4,0.4855,891,0.9791,1,617,-24.33,1,617,-24.33,1,617,-24.33,1,1330,10.95,0.2528,101.16,4,1398831
100.0,1,1,confirm,1.0,-61.83,-77.83,38.8,4997,100.63,61.83,27873,0.179,0.557,0.19,0.4205,6,0.7834,3537,0.9986,1,137,2.42,1,137,2.42,1,137,2.42,1,153,3.64,0.4401,51.18,5,1400580
100.0,1,-1,fallback,1.0,-43.92,-59.92,7.32,1,51.24,43.92,231,0.004,4.128,0.143,0.3624,12,0.538,15,0.7535,0,-1,,0,-1,,0,-1,,0,-1,,0.6971,100.24,12,1428453
100.0,1,1,confirm,1.0,88.67,72.67,139.68,3256,51.01,-0.0,4575,0.712,4.23,0.32,0.5214,13,0.5363,3254,0.996,1,390,29.15,1,390,29.15,1,1696,20.65,1,1735,25.51,0.6099,51.28,12,1428684
100.0,1,-1,confirm,1.0,-58.99,-74.99,42.14,22403,101.13,58.99,35335,0.634,3.486,0.313,0.3905,20,0.8669,18721,1.0,1,67,-12.04,1,67,-12.04,1,67,-12.04,1,67,-12.04,0.6745,50.31,14,1433259
100.0,1,1,fallback,1.0,-4.79,-20.79,45.48,2298,50.27,13.17,3627,0.634,3.62,0.278,0.2689,0,0.4512,606,0.9964,1,985,-3.59,1,985,-3.59,1,985,-3.59,1,1216,3.59,0.5034,101.56,23,1468594
100.0,1,-1,confirm,1.0,5.99,-10.01,58.68,7039,52.69,10.78,13448,0.523,0.712,0.102,-0.5092,2,0.9061,4224,0.9995,1,966,15.57,1,966,15.57,1,2056,7.18,1,966,15.57,0.0028,50.04,0,1472221
100.0,1,1,confirm,1.0,35.95,19.95,87.47,1817,51.52,9.59,2803,0.648,1.752,0.2,0.2434,5,0.7237,1536,0.996,1,1968,77.88,1,1968,77.88,1,1968,77.88,1,1968,77.88,0.8922,53.0,4,1485669
100.0,1,-1,confirm,1.0,83.57,67.57,133.72,31437,50.14,69.25,32865,0.957,1.141,0.217,0.4168,14,0.7892,22334,1.0,1,376,5.97,1,376,5.97,1,376,5.97,1,668,-2.39,0.0362,51.07,5,1488472
100.0,1,1,confirm,1.0,78.26,62.26,130.03,658,51.77,19.26,1093,0.602,8.478,0.422,0.1674,14,0.4604,616,0.9789,1,418,-10.84,1,418,-10.84,1,418,-10.84,1,432,-10.84,0.6923,50.82,14,1521337
100.0,1,-1,confirm,1.0,53.76,37.76,103.93,9750,50.17,56.15,11397,0.855,3.877,0.185,0.3517,17,0.8002,5606,1.0,1,824,13.14,1,824,13.14,1,824,13.14,1,824,13.14,0.1867,51.11,14,1522430
100.0,1,1,confirm,1.0,42.04,26.04,93.68,16237,51.65,20.42,22862,0.71,1.999,0.147,-0.0331,22,0.81,13923,1.0,1,590,-6.01,1,590,-6.01,1,590,-6.01,1,600,-6.01,0.4006,50.7,18,1533827
100.0,1,-1,confirm,1.0,5.98,-10.02,56.21,19710,50.23,31.1,26192,0.753,2.78,0.182,-0.105,5,0.8976,7931,1.0,1,1505,-3.59,1,1505,-3.59,1,1505,-3.59,1,1505,-3.59,0.8737,51.17,0,1556689
100.0,1,1,confirm,1.0,-87.36,-103.36,13.16,245,100.53,87.36,13033,0.019,2.433,0.163,0.2852,7,0.7733,8471,1.0,1,100,2.39,1,100,2.39,1,100,2.39,1,100,2.39,0.7964,50.52,7,1582881
100.0,1,-1,fallback,1.0,-43.46,-59.46,7.24,4,50.71,43.46,670,0.006,2.592,0.263,0.3911,11,0.392,3,0.9966,1,522,-38.63,1,522,-38.63,1,522,-38.63,1,532,-38.63,0.2352,100.39,11,1595914
100.0,1,1,confirm,1.0,2.4,-13.6,52.89,12729,50.49,31.25,18480,0.689,1.326,0.212,0.6078,15,0.8708,11455,1.0,1,4,0.0,1,4,0.0,1,3967,-19.23,1,66,-10.82,0.393,50.74,11,1596584
100.0,1,-1,confirm,1.0,49.27,33.27,102.15,16334,52.88,68.5,17121,0.954,8.417,0.38,0.1346,21,0.8057,6720,1.0,1,514,-18.03,1,514,-18.03,1,514,-18.03,1,514,-18.03,0.9324,50.22,16,1615064
100.0,1,1,confirm,1.0,-68.84,-84.84,39.86,2443,108.7,68.84,7819,0.312,1.476,0.109,0.0954,22,0.7094,7359,1.0,1,950,2.42,1,950,2.42,1,950,2.42,1,1645,19.32,0.0913,53.42,21,1632185
100.0,1,-1,fallback,1.0,-40.13,-56.13,10.94,191,51.08,40.13,2195,0.087,2.285,0.2,0.0079,23,0.5019,1616,0.9747,1,192,4.86,1,192,4.86,1,1056,-15.81,1,1059,-13.38,0.5811,108.26,23,1640004
100.0,1,1,confirm,1.0,150.19,134.19,202.28,4648,52.08,16.96,4993,0.931,1.717,0.253,0.1521,1,0.694,3244,0.9988,1,363,-4.84,1,363,-4.84,1,363,-4.84,1,392,3.63,0.1163,51.13,0,1642199
100.0,1,-1,confirm,1.0,51.31,35.31,101.43,5321,50.12,4.77,6415,0.829,4.297,0.386,0.5179,3,0.5836,5677,0.98,1,367,7.16,1,993,7.16,1,993,7.16,1,993,7.16,0.1564,51.05,1,1647192
100.0,1,1,confirm,1.0,20.39,4.39,73.17,24458,52.78,69.57,26602,0.919,2.429,0.288,0.1925,10,0.7328,5503,1.0,1,705,6.0,1,705,6.0,1,705,6.0,1,733,13.19,0.8047,50.63,3,1653607
100.0,1,-1,confirm,1.0,-96.96,-112.96,4.79,82,101.75,96.96,3106,0.026,2.874,0.425,0.6095,10,0.6095,82,1.0,1,423,-8.38,1,423,-8.38,1,423,-8.38,1,430,-10.77,0.7378,52.39,10,1680209
100.0,1,1,fallback,1.0,35.57,19.57,87.73,8690,52.16,18.97,9082,0.957,0.506,0.101,0.2418,14,0.5695,4587,0.9763,1,1372,-9.48,1,1372,-9.48,1,1372,-9.48,1,1372,-9.48,0.9303,101.8,11,1683315
100.0,1,-1,confirm,1.0,61.43,45.43,111.05,2954,49.62,5.91,3480,0.849,0.547,0.061,0.0651,14,0.5543,1415,0.9898,1,1013,35.44,1,1013,35.44,1,1013,35.44,1,2102,90.96,0.0731,51.71,14,1692397
100.0,1,1,confirm,1.0,-98.66,-114.66,2.38,542,101.03,98.66,5474,0.099,1.678,0.032,0.2466,15,0.7984,1893,0.9951,1,1279,-24.96,1,1279,-24.96,1,1279,-24.96,1,1279,-24.96,0.7284,50.17,15,1695877
100.0,1,-1,fallback,1.0,-7.2,-23.2,43.22,3387,50.42,24.01,4649,0.729,0.866,0.111,0.4921,17,0.8478,182,0.9926,1,1115,-9.6,1,1115,-9.6,1,1115,-9.6,1,1337,-16.81,0.5437,101.01,16,1701351
100.0,1,1,confirm,1.0,-87.57,-103.57,12.0,1372,99.57,87.57,4638,0.296,1.539,0.103,0.0248,18,0.5084,90,0.9952,1,276,-3.6,1,276,-3.6,1,276,-3.6,1,335,-3.6,0.4383,50.64,17,1706000
100.0,1,-1,confirm,1.0,-33.89,-49.89,16.94,2149,50.83,35.1,3109,0.691,6.2,0.278,0.7223,19,0.8262,2336,0.9665,1,1315,-20.57,1,1315,-20.57,1,1315,-20.57,1,1350,-29.05,0.7626,99.45,19,1710638
100.0,1,1,confirm,1.0,-95.28,-111.28,13.27,2686,108.55,95.28,8741,0.307,1.214,0.18,0.763,20,0.7907,8303,0.9987,1,161,2.41,1,730,0.0,1,1634,-18.09,1,2938,-4.82,0.9542,50.92,20,1713747
100.0,1,-1,fallback,1.0,-28.01,-44.01,21.92,244,49.93,28.01,3142,0.078,2.136,0.215,0.0878,22,0.4089,3022,0.9804,1,599,18.27,1,599,18.27,1,599,18.27,1,601,18.27,0.9243,108.41,22,1722488
100.0,1,1,confirm,1.0,-55.86,-71.86,43.72,6610,99.57,55.86,8975,0.736,1.147,0.065,0.1286,1,0.7902,4914,0.9994,1,565,12.14,1,565,12.14,1,565,12.14,1,767,-3.64,0.1655,50.04,23,1725630
100.0,1,-1,confirm,1.0,19.54,3.54,72.05,3,52.51,0.0,135,0.022,6.102,0.31,0.2374,1,0.3669,1,0.6177,0,-1,,0,-1,,0,-1,,0,-1,,0.4405,99.14,1,1734605
100.0,1,1,confirm,1.0,28.14,12.14,79.53,3909,51.39,4.89,4329,0.903,0.879,0.178,0.3004,2,0.5861,3535,0.9939,1,1203,8.56,1,1203,8.56,1,1203,8.56,1,1277,17.13,0.1421,52.89,1,1734740
100.0,1,-1,confirm,1.0,123.23,107.23,174.48,11037,51.24,35.38,11309,0.976,8.843,0.421,0.1961,6,0.856,3575,0.9951,1,520,-0.0,1,520,-0.0,1,520,-0.0,1,535,1.22,0.6268,50.98,3,1739069
100.0,1,1,confirm,1.0,-101.3,-117.3,3.71,26,105.0,101.3,492,0.053,0.05,0.14,-0.0797,6,-0.031,329,0.8192,0,-1,,0,-1,,0,-1,,0,-1,,0.1964,52.15,6,1750378
100.0,1,-1,fallback,1.0,-3.74,-19.74,46.17,9,49.92,3.74,480,0.019,6.061,0.192,0.3522,6,0.4265,5,0.4858,0,-1,,0,-1,,0,-1,,0,-1,,0.2307,104.96,6,1750870
100.0,1,1,confirm,1.0,-64.87,-80.87,37.43,1088,102.3,64.87,6305,0.173,0.743,0.018,0.0778,6,0.5784,2517,0.9986,1,836,17.47,1,836,17.47,1,1792,9.98,1,906,4.99,0.3746,50.15,6,1751350
100.0,1,-1,fallback,1.0,60.27,44.27,111.75,200,51.48,11.3,227,0.881,2.984,0.188,0.1727,8,0.2958,59,0.5754,1,68,46.46,1,68,46.46,1,68,46.46,0,-1,,0.6461,101.91,8,1757655
100.0,1,1,confirm,1.0,-94.74,-110.74,6.32,225,101.06,94.74,605,0.372,0.167,0.084,-0.0586,8,0.098,573,0.5329,0,-1,,0,-1,,0,-1,,0,-1,,0.518,52.06,8,1757882
100.0,1,-1,fallback,1.0,-51.01,-67.01,-0.0,0,51.01,51.01,55,0.0,1.144,0.077,-0.0036,8,-0.0024,9,0.1152,0,-1,,0,-1,,0,-1,,0,-1,,0.4048,101.0,8,1758487
100.0,1,1,confirm,1.0,57.1,41.1,107.85,12858,50.75,25.38,16564,0.776,1.419,0.108,0.2182,12,0.6636,4189,1.0,1,202,19.03,1,884,43.14,1,2667,46.95,1,887,41.87,0.0004,51.01,8,1758542
100.0,1,-1,confirm,1.0,47.94,31.94,100.93,8420,52.99,71.92,8949,0.941,1.79,0.109,0.0595,15,0.4818,6737,0.9532,1,573,-16.4,1,573,-16.4,1,573,-16.4,1,582,-15.14,0.3415,50.21,13,1775106
100.0,1,1,confirm,1.0,10.14,-5.86,60.85,2190,50.71,60.85,3046,0.719,2.396,0.149,0.3515,16,0.4424,1563,0.9983,1,174,-19.02,1,174,-19.02,1,783,-48.17,1,174,-19.02,0.7642,53.53,15,1784055
100.0,1,-1,confirm,1.0,29.13,13.13,79.79,8573,50.66,25.33,9611,0.892,2.86,0.177,0.1482,18,0.7897,4886,0.9921,1,587,-13.93,1,587,-13.93,1,587,-13.93,1,722,-11.4,0.5504,50.4,16,1787101
100.0,1,1,confirm,1.0,-1.27,-17.27,52.08,11617,53.35,48.27,11913,0.975,2.326,0.262,0.0037,22,0.8447,9302,1.0,1,795,-29.21,1,795,-29.21,1,795,-29.21,1,795,-29.21,0.1347,51.07,19,1796712
100.0,1,-1,confirm,1.0,-101.63,-117.63,-0.0,0,101.63,101.63,11284,0.0,0.731,0.165,0.212,22,0.6412,7771,1.0,1,421,-19.05,1,421,-19.05,1,421,-19.05,1,575,-20.33,0.7349,53.07,22,1808625
100.0,1,1,fallback,1.0,-15.09,-31.09,35.21,11,50.3,15.09,2002,0.005,8.131,0.452,0.3897,1,0.4892,1,0.9669,1,1323,22.64,1,1323,22.64,1,1323,22.64,0,-1,,0.2105,101.63,1,1819909
100.0,1,-1,confirm,1.0,23.93,7.93,74.31,4468,50.38,7.56,5267,0.848,0.717,0.099,-0.194,3,0.725,1075,0.9768,1,1650,17.63,1,1650,17.63,1,1650,17.63,1,1653,17.63,0.4243,50.13,2,1821911
100.0,1,1,confirm,1.0,-87.11,-103.11,16.41,383,103.52,87.11,3132,0.122,1.889,0.213,-0.5906,3,0.3267,2536,0.9958,1,1073,3.79,1,1073,3.79,1,1073,3.79,1,1607,-13.89,0.322,50.75,3,1827178
100.0,1,-1,fallback,1.0,-53.49,-69.49,-0.0,0,53.49,53.49,696,0.0,4.058,0.329,0.2468,4,0.374,430,0.9201,1,647,-43.3,1,647,-43.3,1,647,-43.3,1,650,-43.3,0.5803,103.35,4,1830310
100.0,1,1,confirm,1.0,16.47,0.47,67.14,3649,50.67,17.73,5253,0.695,5.746,0.143,0.3491,5,0.803,2357,0.9996,1,42,-8.87,1,1193,34.2,1,1193,34.2,1,1245,32.94,0.7111,53.49,4,1831006
100.0,1,-1,confirm,1.0,74.62,58.62,131.53,18700,56.91,22.76,19977,0.936,1.228,0.174,0.3427,11,0.7234,11858,0.9963,1,28,1.26,1,28,1.26,1,613,-11.38,1,198,-10.12,0.3493,50.33,6,1836259
100.0,1,1,confirm,1.0,87.92,71.92,138.89,749,50.97,-0.0,862,0.869,6.253,0.344,0.0112,11,0.1847,722,0.859,1,122,15.29,1,449,26.76,0,-1,,0,-1,,0.5993,57.67,11,1856236
100.0,1,-1,confirm,1.0,160.41,144.41,209.68,4855,49.26,5.05,5270,0.921,1.498,0.199,0.234,13,0.5578,3544,0.9902,1,638,26.53,1,638,26.53,1,638,26.53,1,1076,26.53,0.0205,50.27,11,1857098
100.0,1,1,confirm,1.0,-42.36,-58.36,14.12,999,56.48,97.56,1256,0.795,0.717,0.052,0.0747,13,0.2033,1233,0.9113,0,-1,,0,-1,,0,-1,,0,-1,,0.2128,50.32,13,1862368
100.0,1,-1,confirm,1.0,60.59,44.59,112.16,490,51.57,1.29,560,0.875,0.974,0.137,-0.0022,13,0.2462,193,0.8661,1,351,64.46,1,351,64.46,1,351,64.46,0,-1,,0.2981,56.4,13,1863624
100.0,1,1,confirm,1.0,-85.6,-101.6,14.27,110,99.87,85.6,4979,0.022,0.387,0.023,0.0211,13,0.1638,2907,0.9583,1,1413,-42.8,1,1413,-42.8,0,-1,,1,1476,-33.72,0.1329,52.15,13,1864184
100.0,1,-1,confirm,1.0,-49.71,-65.71,1.31,5,51.02,49.71,520,0.01,1.32,0.05,0.3415,15,0.3562,0,0.6628,1,520,-49.71,1,520,-49.71,1,520,-49.71,0,-1,,0.1085,99.73,15,1869163
100.0,1,1,confirm,1.0,-78.1,-94.1,22.13,76,100.23,78.1,620,0.123,0.918,0.177,0.2169,15,0.3066,80,0.8896,1,263,-11.72,1,263,-11.72,1,263,-11.72,1,589,-49.47,0.5245,51.03,15,1869683
100.0,1,-1,fallback,1.0,127.26,111.26,178.43,100,51.17,0.0,106,0.943,6.533,0.375,0.4307,15,0.4307,100,0.5295,0,-1,,0,-1,,0,-1,,0,-1,,0.4567,100.01,15,1870303
100.0,1,1,confirm,1.0,-62.46,-78.46,38.54,83,101.0,62.46,711,0.117,0.748,0.175,-0.2548,15,0.2001,711,0.8778,0,-1,,0,-1,,0,-1,,0,-1,,0.5295,52.1,15,1870409
100.0,1,-1,fallback,1.0,-28.08,-44.08,22.73,245,50.82,30.76,1540,0.159,1.103,0.071,-0.0699,15,0.2748,1098,0.7193,1,1523,-18.72,1,1523,-18.72,1,1523,-18.72,1,1527,-22.73,0.2783,100.61,15,1871120
100.0,1,1,confirm,1.0,38.67,22.67,89.35,757,50.67,26.67,1872,0.404,0.7,0.152,0.1057,16,0.2593,196,0.9598,1,852,70.68,1,852,70.68,1,852,70.68,1,900,68.01,0.1431,50.93,16,1872660
100.0,1,-1,confirm,1.0,164.72,148.72,215.2,581,50.48,11.96,591,0.983,6.912,0.217,0.1511,16,0.4549,40,0.8716,0,-1,,0,-1,,0,-1,,0,-1,,0.8065,50.22,16,1874532
100.0,1,1,confirm,1.0,5.4,-10.6,56.73,48,51.32,-0.0,183,0.262,1.816,0.087,-0.0908,16,-0.0851,50,0.2348,0,-1,,0,-1,,0,-1,,0,-1,,0.144,51.59,16,1875123
100.0,1,-1,confirm,1.0,72.89,56.89,125.54,1662,52.65,64.79,1735,0.958,1.639,0.149,0.3281,17,0.4595,1469,0.8855,1,358,-47.25,1,358,-47.25,1,1042,-17.55,0,-1,,0.1652,51.03,16,1875306
100.0,1,1,confirm,1.0,-80.23,-96.23,31.28,227,111.5,80.23,1436,0.158,0.745,0.027,-0.0721,17,0.0975,1376,0.7828,1,1400,-48.95,0,-1,,0,-1,,0,-1,,0.1374,53.32,17,1877041
100.0,1,-1,fallback,1.0,-41.12,-57.12,12.34,2,53.46,41.12,93,0.022,5.428,0.105,0.3325,17,0.3357,76,0.6402,0,-1,,0,-1,,0,-1,,0,-1,,0.3582,111.16,17,1878477
100.0,1,1,confirm,1.0,109.22,93.22,161.09,2248,51.88,45.05,2831,0.794,0.307,0.108,0.4565,18,0.5761,2628,0.9335,1,822,-20.48,1,822,-20.48,1,1891,120.14,1,822,-20.48,0.6402,53.53,17,1878570
100.0,1,-1,confirm,1.0,6.75,-9.25,56.72,2401,49.97,20.26,2915,0.824,0.268,0.127,-0.2451,19,0.5746,31,0.6955,1,557,-1.35,1,557,-1.35,1,557,-1.35,1,706,5.4,0.3961,51.05,18,1881401
100.0,1,1,confirm,1.0,195.95,179.95,247.3,5120,51.35,35.14,5812,0.881,6.126,0.152,0.4218,20,0.4952,159,0.9715,1,764,-5.41,1,764,-5.41,1,764,-5.41,1,1484,-8.11,0.0196,50.25,19,1884316
100.0,1,-1,confirm,1.0,-59.64,-75.64,41.09,589,100.73,59.64,3203,0.184,1.328,0.179,-0.051,21,0.4646,114,0.9724,1,587,39.76,1,587,39.76,1,587,39.76,1,638,38.44,0.5568,50.11,21,1890128
100.0,1,1,fallback,1.0,23.72,7.72,75.1,446,51.38,1.32,1085,0.411,1.213,0.217,0.5894,22,0.6924,291,0.866,1,261,22.4,1,261,22.4,1,261,22.4,0,-1,,0.5887,101.14,21,1893331
100.0,1,-1,confirm,1.0,-65.72,-81.72,40.75,3975,106.47,65.72,24140,0.165,2.607,0.133,0.2772,23,0.7297,18646,1.0,1,565,11.83,1,2054,26.29,1,2054,26.29,1,2260,30.23,0.4359,51.0,22,1894416
100.0,1,1,fallback,1.0,67.9,51.9,120.14,4868,52.23,1.31,5594,0.87,4.746,0.191,0.0235,6,0.4141,740,0.9693,1,1529,66.6,1,1529,66.6,1,1529,66.6,1,1558,58.76,0.8439,106.9,4,1918556
100.0,1,-1,confirm,1.0,168.61,152.61,221.79,21548,53.18,38.91,21670,0.994,3.044,0.188,0.211,12,0.8605,16089,0.9978,1,493,1.3,1,493,1.3,1,493,1.3,1,606,-6.49,0.2621,51.61,6,1924150
100.0,1,1,confirm,1.0,19.79,3.79,76.52,17,56.73,-0.0,42,0.405,7.202,0.2,-0.1169,12,0.0083,1,0.3007,0,-1,,0,-1,,0,-1,,0,-1,,0.5379,54.38,12,1945820
100.0,1,-1,confirm,1.0,183.02,167.02,234.36,4546,51.35,61.88,4563,0.996,1.245,0.209,0.3927,13,0.521,4401,0.9971,1,564,-0.0,1,564,-0.0,1,2214,-5.27,1,611,-5.27,0.1101,56.3,12,1945862
100.0,1,1,confirm,1.0,-112.66,-128.66,0.0,0,112.66,112.66,107,0.0,1.568,0.147,-0.3617,13,-0.3223,98,0.1671,0,-1,,0,-1,,0,-1,,0,-1,,0.078,52.58,13,1950425
100.0,1,-1,fallback,1.0,-55.62,-71.62,-0.0,0,55.62,55.62,40,0.0,1.497,0.169,0.3492,13,0.3492,0,0.2908,0,-1,,0,-1,,0,-1,,0,-1,,0.1555,112.66,13,1950532
100.0,1,1,confirm,1.0,-90.38,-106.38,13.49,69,103.87,90.38,120,0.575,0.575,0.09,-0.2817,13,-0.1579,74,0.2667,0,-1,,0,-1,,0,-1,,0,-1,,0.2908,55.62,13,1950572
100.0,1,-1,fallback,1.0,-32.67,-48.67,17.7,11,50.37,32.67,34,0.324,0.864,0.15,0.1769,13,0.182,0,0.3096,0,-1,,0,-1,,0,-1,,0,-1,,0.0209,103.73,13,1950692
100.0,1,1,confirm,1.0,-93.62,-109.62,6.78,1,100.41,93.62,99,0.01,1.052,0.103,-0.1655,13,0.0249,72,0.1839,0,-1,,0,-1,,0,-1,,0,-1,,0.2078,50.46,13,1950726
100.0,1,-1,fallback,1.0,95.88,79.88,147.92,119,52.05,13.7,138,0.862,2.008,0.168,0.0514,13,0.0514,119,0.2085,0,-1,,0,-1,,0,-1,,0,-1,,0.1352,100.34,13,1950825
100.0,1,1,confirm,1.0,-69.15,-85.15,33.19,48,102.34,69.15,127,0.378,0.964,0.098,-0.0274,13,-0.0154,5,0.2195,0,-1,,0,-1,,0,-1,,0,-1,,0.0887,52.83,13,1950963
100.0,1,-1,fallback,1.0,-4.18,-20.18,47.35,69,51.52,32.03,110,0.627,1.008,0.137,0.0407,13,0.0597,17,0.4233,0,-1,,0,-1,,0,-1,,0,-1,,0.1606,102.0,13,1951090
100.0,1,1,confirm,1.0,148.94,132.94,201.84,328,52.9,-0.0,362,0.906,0.445,0.048,-0.0126,14,0.0246,255,0.4547,0,-1,,0,-1,,0,-1,,0,-1,,0.1262,51.77,14,1951200
100.0,1,-1,confirm,1.0,-106.98,-122.98,4.11,1,111.1,106.98,244,0.004,0.411,0.034,0.0144,14,0.0218,7,0.196,0,-1,,0,-1,,0,-1,,0,-1,,0.2575,51.85,14,1951562
100.0,1,1,fallback,1.0,-13.57,-29.57,36.64,157,50.21,13.57,294,0.534,0.649,0.089,0.0736,14,0.1123,66,0.3825,1,260,6.79,1,260,6.79,0,-1,,0,-1,,0.1142,111.14,14,1951806
100.0,1,-1,confirm,1.0,40.77,24.77,93.76,124,53.0,36.69,144,0.861,1.211,0.027,0.0477,14,0.0575,138,0.4824,0,-1,,0,-1,,0,-1,,0,-1,,0.2302,50.03,14,1952100
100.0,1,1,confirm,1.0,25.92,9.92,76.41,272,50.48,53.21,352,0.773,0.936,0.007,-0.1418,14,-0.0051,101,0.4003,0,-1,,0,-1,,0,-1,,0,-1,,0.4734,53.5,14,1952244
100.0,1,-1,confirm,1.0,-0.0,-16.0,53.08,531,53.08,17.69,557,0.953,0.784,0.085,-0.0693,14,0.1308,2,0.7202,1,170,4.08,1,170,4.08,0,-1,,1,203,-13.61,0.2977,50.1,14,1952596
100.0,1,1,confirm,1.0,92.54,76.54,146.98,72,54.44,-0.0,90,0.8,6.22,0.103,0.25,14,0.3155,38,0.7068,0,-1,,0,-1,,0,-1,,0,-1,,0.2019,53.36,14,1953153
100.0,1,-1,confirm,1.0,98.44,82.44,156.42,796,57.98,0.0,1049,0.759,0.686,0.1,0.0743,14,0.1899,589,0.7312,1,822,136.19,1,822,136.19,0,-1,,0,-1,,0.2991,53.65,14,1953243
100.0,1,1,confirm,1.0,-72.18,-88.18,29.96,23,102.14,72.18,706,0.033,2.244,0.036,0.0621,14,0.1041,92,0.6233,1,323,-19.07,1,323,-19.07,0,-1,,1,380,-31.32,0.017,58.9,14,1954292
100.0,1,-1,fallback,1.0,-24.69,-40.69,27.43,5,52.13,24.69,117,0.043,2.554,0.166,0.2403,15,0.3463,3,0.644,0,-1,,0,-1,,0,-1,,0,-1,,0.0549,101.83,15,1954998
100.0,1,1,confirm,1.0,-101.26,-117.26,1.37,1,102.63,101.26,610,0.002,0.6,0.09,-0.175,15,-0.0603,268,0.8927,0,-1,,0,-1,,0,-1,,0,-1,,0.0714,52.27,15,1955115
100.0,1,-1,fallback,1.0,-26.26,-42.26,24.88,60,51.15,26.26,183,0.328,2.092,0.121,0.0364,15,0.1842,3,0.6383,0,-1,,0,-1,,0,-1,,0,-1,,0.6274,102.61,15,1955725
100.0,1,1,confirm,1.0,177.86,161.86,230.25,3163,52.39,1.38,3217,0.983,1.379,0.132,-0.0076,16,0.2836,1521,0.9147,1,417,44.12,1,1816,51.01,1,1816,51.01,1,1828,53.77,0.1276,51.27,15,1955908
100.0,1,-1,confirm,1.0,44.7,28.7,94.83,2101,50.12,16.26,2896,0.725,1.948,0.118,0.0445,16,0.5533,2741,0.9796,1,216,-10.84,1,216,-10.84,1,1838,58.25,1,551,20.32,0.0761,51.21,16,1959125
100.0,1,1,confirm,1.0,189.14,173.14,240.85,1588,51.71,10.89,1904,0.834,0.483,0.119,-0.0623,17,0.06,783,0.9202,1,818,97.97,0,-1,,0,-1,,0,-1,,0.0644,50.6,17,1962021
100.0,1,-1,confirm,1.0,2.67,-13.33,53.42,1173,50.75,20.03,1514,0.775,0.222,0.164,0.0986,17,0.4828,1472,0.9277,1,61,8.01,1,680,12.02,0,-1,,1,746,21.37,0.5024,50.49,17,1963925
100.0,1,1,confirm,1.0,-84.16,-100.16,17.37,162,101.52,84.16,953,0.17,0.257,0.157,-0.296,18,0.1229,587,0.9452,1,723,-41.41,1,723,-41.41,0,-1,,0,-1,,0.2522,51.02,17,1965439
100.0,1,-1,fallback,1.0,-37.72,-53.72,14.82,104,52.54,37.72,351,0.296,1.05,0.224,-0.1031,18,0.0002,0,0.5635,0,-1,,0,-1,,0,-1,,0,-1,,0.1178,101.35,18,1966392
100.0,1,1,confirm,1.0,-91.26,-107.26,12.08,12,103.34,91.26,840,0.014,5.125,0.007,0.2113,18,0.3753,637,0.936,0,-1,,0,-1,,0,-1,,0,-1,,0.116,52.62,18,1966743
100.0,1,-1,fallback,1.0,-6.77,-22.77,46.05,855,52.82,12.19,1185,0.722,1.049,0.093,0.2431,18,0.5633,671,0.9487,1,1005,13.54,1,1005,13.54,1,1005,13.54,1,1014,13.54,0.3207,103.22,18,1967583
100.0,1,1,confirm,1.0,-100.16,-116.16,0.0,0,100.16,100.16,1572,0.0,1.143,0.066,0.2665,18,0.3483,384,0.9192,1,447,-33.84,1,447,-33.84,1,447,-33.84,1,600,-43.31,0.0834,53.07,18,1968768
100.0,1,-1,fallback,1.0,-25.98,-41.98,24.61,293,50.59,25.98,2170,0.135,5.4,0.137,0.4118,19,0.4952,883,0.9854,1,889,-2.73,1,889,-2.73,1,889,-2.73,1,890,-5.47,0.6376,100.16,19,1970340
100.0,1,1,confirm,1.0,47.73,31.73,99.55,1917,51.82,6.82,2227,0.861,0.174,0.132,0.1095,20,0.5637,1123,0.9979,1,93,-5.45,1,93,-5.45,1,93,-5.45,1,151,-5.45,0.4394,50.71,19,1972510
100.0,1,-1,confirm,1.0,-71.93,-87.93,31.22,1314,103.15,71.93,3205,0.41,0.239,0.189,-0.0863,20,0.4115,183,0.9925,1,593,5.43,1,593,5.43,1,593,5.43,1,602,5.43,0.3049,51.31,20,1974737
100.0,1,1,fallback,1.0,53.9,37.9,107.8,2240,53.9,6.74,4070,0.55,0.771,0.153,0.0439,22,0.5545,47,0.9981,1,184,16.17,1,184,16.17,1,184,16.17,1,363,22.91,0.1453,103.47,21,1977942
100.0,1,-1,confirm,1.0,-92.48,-108.48,9.38,976,101.86,92.48,3460,0.282,2.17,0.153,-0.1956,22,0.1227,5,0.9949,1,166,-21.44,1,166,-21.44,0,-1,,1,284,-14.74,0.8112,53.33,22,1982012
100.0,1,1,fallback,1.0,-47.81,-63.81,2.66,1,50.46,47.81,782,0.001,4.562,0.29,0.3126,23,0.3136,3,0.9514,1,588,-38.51,1,588,-38.51,1,588,-38.51,1,594,-38.51,0.7236,101.96,23,1985472
100.0,1,-1,confirm,1.0,268.21,252.21,320.26,9034,52.04,22.68,9063,0.997,2.761,0.286,0.0051,2,0.6802,2806,0.9983,1,216,1.33,1,216,1.33,1,216,1.33,1,227,1.33,0.4789,50.45,23,1986254
100.0,1,1,confirm,1.0,9.6,-6.4,60.33,916,50.73,57.59,1082,0.847,0.689,0.114,-0.0508,2,0.1809,1045,0.7944,0,-1,,0,-1,,0,-1,,0,-1,,0.1754,53.76,2,1995317
100.0,1,-1,confirm,1.0,57.53,41.53,112.33,1739,54.79,52.05,1864,0.933,4.152,0.163,0.1879,3,0.1879,1739,0.9469,1,996,16.44,1,996,16.44,0,-1,,1,1045,8.22,0.3956,50.43,2,1996399
100.0,1,1,confirm,1.0,92.31,76.31,143.29,744,50.98,1.38,1119,0.665,0.321,0.195,0.2039,3,0.2769,572,0.7991,1,1055,114.36,1,1055,114.36,1,1055,114.36,0,-1,,0.5448,55.42,3,1998263
100.0,1,-1,confirm,1.0,-94.2,-110.2,10.92,78,105.12,94.2,1343,0.058,2.587,0.166,0.1651,3,0.1688,132,0.8628,1,249,-31.4,1,249,-31.4,0,-1,,1,249,-31.4,0.3614,50.26,3,1999382
100.0,1,1,fallback,1.0,67.62,51.62,119.02,662,51.39,1.35,2197,0.301,4.432,0.119,0.1687,3,0.3118,1546,0.9681,1,1240,83.85,1,1240,83.85,1,1240,83.85,1,1240,83.85,0.4351,105.23,3,2000725
100.0,1,-1,confirm,1.0,12.09,-3.91,63.14,3706,51.05,10.75,4084,0.907,0.976,0.213,0.6815,5,0.7265,3670,0.9934,1,126,2.69,1,126,2.69,1,126,2.69,1,176,6.72,0.5215,50.79,4,2002922
100.0,1,1,confirm,1.0,65.9,49.9,119.7,4443,53.8,48.42,4712,0.943,0.724,0.25,-0.1683,6,0.2871,719,0.9885,1,259,10.76,1,885,-1.34,1,885,-1.34,1,964,-21.52,0.9841,51.37,5,2007006
100.0,1,-1,confirm,1.0,109.57,93.57,163.01,15002,53.45,58.79,15320,0.979,1.238,0.058,0.2787,10,0.7212,477,0.992,1,1340,-14.7,1,1340,-14.7,1,1340,-14.7,1,4016,-37.41,0.0002,53.16,6,2011718
100.0,1,1,confirm,1.0,-20.26,-36.26,31.07,5405,51.34,94.57,5554,0.973,5.589,0.199,0.2896,12,0.5679,2141,0.9928,1,156,-10.81,1,156,-10.81,1,2977,-93.22,1,342,-29.72,0.1475,54.33,11,2027038
100.0,1,-1,confirm,1.0,71.75,55.75,123.19,447,51.44,8.12,553,0.808,3.26,0.236,0.5123,12,0.5316,445,0.9141,0,-1,,0,-1,,0,-1,,0,-1,,0.5086,51.18,12,2032592
100.0,1,1,confirm,1.0,9.54,-6.46,61.36,1634,51.81,9.54,1879,0.87,1.582,0.131,-0.2571,13,0.4134,497,0.8782,1,755,20.45,1,755,20.45,1,755,20.45,1,771,21.82,0.5614,52.08,12,2033145
100.0,1,-1,confirm,1.0,29.97,13.97,80.37,147,50.4,12.26,179,0.821,3.261,0.12,0.579,13,0.6737,96,0.9634,0,-1,,0,-1,,0,-1,,0,-1,,0.3271,51.5,13,2035024
100.0,1,1,confirm,1.0,13.66,-2.34,64.22,730,50.55,15.03,844,0.865,1.791,0.083,-0.2326,13,-0.1435,794,0.9419,0,-1,,0,-1,,0,-1,,0,-1,,0.3931,50.81,13,2035203
100.0,1,-1,confirm,1.0,-103.7,-119.7,1.36,2,105.06,103.7,1172,0.002,0.652,0.002,0.1807,13,0.7233,748,0.9172,1,213,-46.39,1,213,-46.39,1,1092,-73.68,1,413,-50.48,0.2182,50.23,13,2036047
100.0,1,1,fallback,1.0,64.82,48.82,116.14,400,51.32,10.8,496,0.806,1.576,0.187,0.0137,14,0.2975,92,0.7946,0,-1,,0,-1,,0,-1,,0,-1,,0.5613,105.08,13,2037219
100.0,1,-1,confirm,1.0,-2.68,-18.68,49.64,298,52.33,8.05,669,0.445,0.392,0.037,0.2165,14,0.4259,554,0.9396,0,-1,,0,-1,,0,-1,,0,-1,,0.6904,50.73,14,2037715
100.0,1,1,confirm,1.0,-68.41,-84.41,34.88,795,103.29,68.41,1481,0.537,0.671,0.086,-0.0877,14,0.2428,1052,0.8737,1,271,-25.49,1,1375,-36.22,1,1375,-36.22,1,1469,-56.34,0.7443,52.59,14,2038384
100.0,1,-1,fallback,1.0,-28.36,-44.36,22.96,479,51.32,28.36,654,0.732,0.707,0.146,0.428,14,0.4734,230,0.9202,0,-1,,0,-1,,0,-1,,0,-1,,0.0694,102.93,14,2039865
100.0,1,1,confirm,1.0,90.24,74.24,149.49,3256,59.26,52.53,3745,0.869,0.65,0.181,-0.0502,15,0.584,1052,0.9571,1,3203,141.41,1,3203,141.41,1,3203,141.41,1,3499,109.09,0.504,51.44,14,2040519
100.0,1,-1,confirm,1.0,-4.0,-20.0,46.72,40,50.72,4.0,342,0.117,5.408,0.19,0.4334,15,0.5344,0,0.8908,0,-1,,0,-1,,0,-1,,0,-1,,0.5908,58.39,15,2044264
100.0,1,1,confirm,1.0,34.69,18.69,85.39,247,50.7,1.33,677,0.365,2.463,0.124,-0.0704,16,0.3421,533,0.8005,0,-1,,0,-1,,0,-1,,0,-1,,0.3178,50.96,15,2044606
100.0,1,-1,confirm,1.0,26.59,10.59,78.45,815,51.85,5.32,1320,0.617,4.752,0.174,0.4451,16,0.5299,1152,0.9523,0,-1,,0,-1,,0,-1,,0,-1,,0.298,50.27,16,2045283
100.0,1,1,confirm,1.0,32.0,16.0,83.99,329,51.99,-0.0,1830,0.18,3.118,0.263,0.1637,16,0.2321,284,0.9699,1,786,65.32,1,786,65.32,1,786,65.32,1,956,43.99,0.4655,52.26,16,2046603
100.0,1,-1,confirm,1.0,-25.25,-41.25,26.58,7235,51.83,74.42,7665,0.944,2.119,0.074,0.544,19,0.6098,7120,0.9746,1,472,-15.95,1,472,-15.95,1,472,-15.95,1,589,-37.21,0.0488,51.56,17,2048433
100.0,1,1,confirm,1.0,35.79,19.79,88.81,1056,53.02,9.28,2804,0.377,5.461,0.191,0.0317,19,0.3781,265,0.972,1,709,18.56,1,709,18.56,1,709,18.56,1,721,18.56,0.8915,51.97,19,2056098
100.0,1,-1,confirm,1.0,9.25,-6.75,59.44,4394,50.19,54.15,5766,0.762,1.196,0.1,0.1773,21,0.5838,5140,0.9848,1,215,-14.53,1,300,11.89,1,1056,-2.64,1,306,-1.32,0.0348,52.56,19,2058902
100.0,1,1,confirm,1.0,-3.97,-19.97,47.59,9362,51.56,62.14,10808,0.866,8.202,0.279,-0.1103,0,0.6452,6278,1.0,1,1250,0.0,1,1250,0.0,1,1250,0.0,1,1365,0.0,0.6902,50.49,21,2064668
100.0,1,-1,confirm,1.0,11.9,-4.1,63.48,172,51.58,0.0,1404,0.123,1.578,0.383,0.4021,0,0.8048,2,0.9523,1,692,43.65,1,692,43.65,1,692,43.65,1,696,43.65,0.1883,51.32,0,2075476
100.0,1,1,confirm,1.0,21.19,5.19,72.83,7117,51.64,33.1,7941,0.896,1.047,0.056,0.0722,2,0.5623,5628,1.0,1,389,-23.83,1,389,-23.83,1,389,-23.83,1,389,-23.83,0.2044,51.91,0,2076880
100.0,1,-1,confirm,1.0,43.6,27.6,93.82,30072,50.21,40.96,31280,0.961,6.754,0.085,0.3311,11,0.8455,22030,1.0,1,486,6.61,1,486,6.61,1,486,6.61,1,505,6.61,0.8672,51.27,3,2084821
100.0,1,1,confirm,1.0,91.57,75.57,144.66,12236,53.09,10.62,16030,0.763,0.375,0.298,0.3379,15,0.5882,4018,0.9984,1,1680,3.98,1,1680,3.98,1,1680,3.98,1,1770,3.98,0.2396,50.69,11,2116101
100.0,1,-1,confirm,1.0,147.29,131.29,197.26,12129,49.97,39.45,14120,0.859,1.992,0.111,0.2008,19,0.6654,5200,1.0,1,26,5.26,1,26,5.26,1,2717,-27.62,1,79,1.32,0.3849,52.33,16,2132131
100.0,1,1,confirm,1.0,-93.43,-109.43,9.34,3753,102.78,93.43,7541,0.498,3.74,0.26,0.0133,21,0.8435,2879,1.0,1,254,-6.67,1,254,-6.67,1,3309,-10.68,1,254,-6.67,0.2031,50.98,20,2146251
100.0,1,-1,fallback,1.0,-33.68,-49.68,17.52,11,51.2,33.68,352,0.031,5.593,0.271,0.3971,22,0.4439,5,0.9595,0,-1,,0,-1,,0,-1,,0,-1,,0.5858,102.68,22,2153792
100.0,1,1,confirm,1.0,5.37,-10.63,56.4,2703,51.03,4.03,3228,0.837,0.655,0.107,-0.3643,23,0.436,3110,0.9912,1,345,6.71,1,1483,28.2,1,1483,28.2,1,1579,32.23,0.3022,51.29,22,2154144
100.0,1,-1,confirm,1.0,5.37,-10.63,57.71,12355,52.34,25.5,14269,0.866,2.481,0.2,0.5149,2,0.6276,1109,1.0,1,1634,-12.08,1,1634,-12.08,1,1634,-12.08,1,1634,-12.08,0.8156,50.74,23,2157372
100.0,1,1,confirm,1.0,-100.71,-116.71,0.0,0,100.71,100.71,7814,0.0,0.159,0.188,-0.4815,3,0.475,5669,1.0,1,1490,-44.31,1,1490,-44.31,1,1490,-44.31,1,1697,-44.31,0.945,52.65,3,2171641
100.0,1,-1,fallback,1.0,-25.77,-41.77,24.42,249,50.19,25.77,1903,0.131,3.571,0.194,0.3727,5,0.4305,11,0.9468,1,853,-5.43,1,853,-5.43,1,853,-5.43,1,948,-4.07,0.3207,100.71,5,2179455
100.0,1,1,confirm,1.0,0.0,-16.0,51.41,9847,51.41,92.0,13924,0.707,1.895,0.263,0.0825,8,0.7937,3918,0.9994,1,260,-2.71,1,260,-2.71,1,943,-35.18,1,289,-1.35,0.7104,50.31,5,2181358
100.0,1,-1,confirm,1.0,29.77,13.77,81.18,2645,51.41,0.0,5685,0.465,0.688,0.197,0.1662,10,0.7454,4404,0.9984,1,1634,32.47,1,1634,32.47,1,1634,32.47,1,1638,29.77,0.0349,51.15,9,2195282
100.0,1,1,confirm,1.0,-58.35,-74.35,43.43,10620,101.78,58.35,18179,0.584,3.474,0.253,0.0148,14,0.8229,14580,0.9968,1,1360,12.21,1,1360,12.21,1,3025,-9.5,1,1393,2.71,0.0418,51.83,11,2200967
100.0,1,-1,fallback,1.0,-13.65,-29.65,38.22,532,51.87,13.65,2450,0.217,4.281,0.163,0.2429,16,0.5436,2260,0.9613,1,1430,4.1,1,1430,4.1,1,1430,4.1,1,1430,4.1,0.4404,101.34,16,2219146
100.0,1,1,confirm,1.0,-95.42,-111.42,9.54,31,104.96,95.42,9667,0.003,7.816,0.19,0.7727,17,0.7954,75,1.0,1,600,-35.44,1,600,-35.44,1,600,-35.44,1,600,-35.44,0.3958,52.07,17,2221596
100.0,1,-1,fallback,1.0,-46.79,-62.79,4.13,8,50.92,46.79,896,0.009,7.475,0.263,0.4728,19,0.4884,61,0.9228,1,654,-41.29,1,654,-41.29,1,654,-41.29,1,664,-42.66,0.9635,104.86,19,2231263
100.0,1,1,confirm,1.0,9.59,-6.41,61.64,1365,52.05,8.22,4771,0.286,0.194,0.08,0.2484,20,0.7058,2852,1.0,1,367,-5.48,1,367,-5.48,1,367,-5.48,1,367,-5.48,0.4652,50.94,20,2232159
100.0,1,-1,confirm,1.0,27.37,11.37,78.01,1669,50.64,17.79,2279,0.732,2.579,0.278,0.0078,21,0.7119,1075,0.9986,1,375,-4.11,1,1670,72.53,1,1670,72.53,1,1673,69.8,0.5565,51.74,21,2236930
100.0,1,1,confirm,1.0,63.13,47.13,115.27,444,52.15,1.37,670,0.663,0.927,0.177,-0.2228,22,-0.0991,669,0.6586,0,-1,,0,-1,,0,-1,,0,-1,,0.0229,51.03,22,2239209
100.0,1,-1,confirm,1.0,25.91,9.91,76.37,578,50.46,4.09,707,0.818,1.584,0.212,-0.3008,22,0.1053,6,0.5335,1,92,8.18,1,92,8.18,0,-1,,1,115,12.27,0.0504,51.55,22,2239879
100.0,1,1,confirm,1.0,-82.03,-98.03,17.77,4,99.81,82.03,1755,0.002,1.434,0.009,0.3079,22,0.4424,485,0.9671,1,715,-42.38,1,715,-42.38,1,715,-42.38,1,769,-32.81,0.3737,50.85,22,2240586
100.0,1,-1,confirm,1.0,-8.27,-24.27,48.25,78,56.52,8.27,520,0.15,5.613,0.253,0.1584,22,0.5408,62,0.9012,1,333,17.92,1,333,17.92,1,333,17.92,1,502,11.03,0.5912,99.63,22,2242341
100.0,1,1,confirm,1.0,57.85,41.85,110.19,2260,52.34,2.75,3570,0.633,1.607,0.154,-0.1252,23,0.5974,547,0.9939,1,1814,68.87,1,1814,68.87,1,1814,68.87,1,1814,68.87,0.124,56.79,23,2242861
100.0,1,-1,confirm,1.0,60.26,44.26,110.93,1885,50.67,30.13,2068,0.912,5.29,0.148,-0.1441,0,0.1155,1458,0.9512,1,578,6.85,1,833,-12.33,0,-1,,1,870,-10.96,0.6227,51.77,0,2246431
100.0,1,1,confirm,1.0,0.0,-16.0,52.36,468,52.36,41.33,803,0.583,2.573,0.145,0.1034,0,0.2644,791,0.8546,0,-1,,0,-1,,0,-1,,0,-1,,0.0801,51.24,0,2248499
100.0,1,-1,confirm,1.0,-101.96,-117.96,-0.0,0,101.96,101.96,632,0.0,1.175,0.044,-0.2331,0,0.2718,298,0.9299,1,450,-85.42,1,450,-85.42,1,450,-85.42,1,551,-88.18,0.3409,52.08,0,2249302
100.0,1,1,fallback,1.0,-42.28,-58.28,8.18,30,50.46,42.28,229,0.131,0.699,0.175,0.1658,0,0.1907,37,0.7372,0,-1,,0,-1,,0,-1,,0,-1,,0.0209,101.96,0,2249934
100.0,1,-1,confirm,1.0,8.22,-7.78,63.01,1657,54.79,19.18,2059,0.805,1.911,0.023,-0.0254,1,0.3236,947,0.9648,1,208,1.37,1,780,27.39,1,977,43.83,1,1663,57.53,0.6449,50.42,1,2250163
100.0,1,1,confirm,1.0,-79.51,-95.51,20.56,782,100.07,79.51,2153,0.363,3.614,0.066,0.1559,1,0.644,1993,0.9815,1,1373,-16.45,1,1373,-16.45,1,1373,-16.45,1,1373,-16.45,0.7913,55.13,1,2252222
100.0,1,-1,confirm,1.0,6.91,-9.09,56.65,60,49.74,0.0,127,0.472,7.701,0.324,0.4775,2,0.4985,56,0.725,0,-1,,0,-1,,0,-1,,0,-1,,0.3258,99.86,2,2254375
100.0,1,1,confirm,1.0,132.74,116.74,183.9,4516,51.16,15.21,4866,0.928,0.263,0.195,0.1307,3,0.7793,1678,0.9894,1,2538,107.85,1,2538,107.85,1,2538,107.85,1,2542,107.85,0.6696,50.03,2,2254502
100.0,1,-1,confirm,1.0,114.63,98.63,165.12,5807,50.49,5.46,5971,0.973,1.597,0.126,0.2444,5,0.7067,2758,1.0,1,925,19.1,1,925,19.1,1,925,19.1,1,932,19.1,0.2284,50.24,3,2259368
100.0,1,1,confirm,1.0,93.87,77.87,144.95,4208,51.08,16.57,4860,0.866,0.906,0.119,0.3771,6,0.5534,2238,0.9911,1,927,2.76,1,927,2.76,1,927,2.76,1,927,2.76,0.0031,51.34,5,2265339
100.0,1,-1,confirm,1.0,72.48,56.48,123.09,7001,50.6,23.25,7224,0.969,1.13,0.115,0.0267,8,0.6966,3948,0.9988,1,267,2.74,1,267,2.74,1,267,2.74,1,267,2.74,0.3208,50.35,6,2270199
100.0,1,1,confirm,1.0,1.38,-14.62,52.35,2650,50.97,17.91,2910,0.911,0.769,0.163,0.0734,9,0.3484,2321,0.9151,1,2682,44.08,1,2682,44.08,1,2682,44.08,1,2682,44.08,0.6645,51.23,8,2277423
100.0,1,-1,confirm,1.0,-60.61,-76.61,15.15,6893,75.76,86.78,7537,0.915,0.736,0.116,0.3382,11,0.6097,3316,0.9929,1,1197,-39.94,1,1197,-39.94,1,1197,-39.94,1,2142,-38.57,0.546,50.71,9,2280333
100.0,1,1,confirm,1.0,62.98,46.98,116.37,2827,53.4,78.04,3975,0.711,0.423,0.096,-0.0346,12,0.5536,0,0.9875,1,605,-43.81,1,605,-43.81,1,605,-43.81,1,714,-32.86,0.6764,75.87,11,2287870
100.0,1,-1,confirm,1.0,51.7,35.7,102.04,882,50.34,1.36,1417,0.622,3.414,0.136,0.4419,12,0.4529,875,0.9927,0,-1,,0,-1,,0,-1,,0,-1,,0.3922,52.78,12,2291845
100.0,1,1,confirm,1.0,4.1,-11.9,54.7,705,50.6,5.47,1208,0.584,3.884,0.197,0.1195,13,0.3554,387,0.9785,1,110,0.0,1,110,0.0,1,901,30.09,1,257,6.84,0.7732,50.86,13,2293262
100.0,1,-1,confirm,1.0,38.28,22.28,90.23,562,51.95,5.47,586,0.959,3.198,0.321,0.0778,13,0.1027,568,0.9224,1,576,47.85,1,576,47.85,0,-1,,0,-1,,0.2478,50.33,13,2294470
100.0,1,1,confirm,1.0,6.86,-9.14,59.01,46,52.15,1.37,296,0.155,3.968,0.038,0.0953,13,0.103,65,0.3696,0,-1,,0,-1,,0,-1,,0,-1,,0.3935,52.42,13,2295056
100.0,1,-1,confirm,1.0,41.14,25.14,91.88,638,50.74,4.11,1001,0.637,1.036,0.09,0.3519,13,0.5791,360,0.9357,1,969,65.83,1,969,65.83,1,969,65.83,0,-1,,0.3683,51.84,13,2295352
100.0,1,1,confirm,1.0,-72.98,-88.98,27.54,714,100.52,72.98,1383,0.516,0.777,0.038,0.2448,14,0.4029,448,0.8908,1,805,0.0,1,805,0.0,1,805,0.0,1,955,-17.9,0.1717,51.21,13,2296353
100.0,1,-1,fallback,1.0,-44.39,-60.39,6.94,93,51.32,44.39,589,0.158,1.323,0.09,0.0443,14,0.181,6,0.8731,1,7,-33.29,1,7,-33.29,0,-1,,0,-1,,0.36,100.25,14,2297736
100.0,1,1,confirm,1.0,17.95,1.95,69.05,499,51.1,19.33,881,0.566,1.968,0.161,0.0734,14,0.2435,547,0.7624,0,-1,,0,-1,,0,-1,,0,-1,,0.2481,51.36,14,2298325
100.0,1,-1,confirm,1.0,-0.0,-16.0,51.01,541,51.01,13.79,840,0.644,1.927,0.101,0.1875,14,0.2324,669,0.8178,1,827,6.89,1,827,6.89,1,827,6.89,1,827,6.89,0.5381,50.75,14,2299206
100.0,1,1,confirm,1.0,9.65,-6.35,62.03,2676,52.38,74.44,5179,0.517,0.319,0.15,0.3426,15,0.6325,3492,0.9736,1,587,-24.81,1,587,-24.81,1,587,-24.81,1,587,-24.81,0.2039,51.27,14,2300046
100.0,1,-1,confirm,1.0,15.15,-0.85,66.11,409,50.96,9.64,1164,0.351,0.431,0.282,0.3301,16,0.5151,961,0.9597,0,-1,,0,-1,,0,-1,,0,-1,,0.7395,52.06,16,2305225
100.0,1,1,confirm,1.0,183.45,167.45,238.62,3098,55.17,8.28,3519,0.88,1.621,0.14,0.0949,17,0.5372,612,0.9673,1,887,41.38,1,887,41.38,1,887,41.38,1,887,41.38,0.1524,51.3,16,2306389
100.0,1,-1,confirm,1.0,159.83,143.83,209.94,27133,50.12,44.7,28073,0.967,0.649,0.097,-0.152,1,0.839,11777,1.0,1,623,-33.86,1,623,-33.86,1,623,-33.86,1,623,-33.86,0.5826,53.89,17,2309908
100.0,1,1,confirm,1.0,-81.21,-97.21,20.65,6933,101.86,81.21,25830,0.268,0.843,0.088,-0.5071,3,0.7643,8306,1.0,1,693,-6.88,1,693,-6.88,1,693,-6.88,1,731,-13.76,0.8008,51.19,1,2337981
100.0,1,-1,fallback,1.0,-47.18,-63.18,4.16,33,51.35,47.18,1084,0.03,5.887,0.204,0.0269,8,0.4898,826,0.8877,0,-1,,0,-1,,0,-1,,0,-1,,0.0815,101.65,8,2363811
100.0,1,1,confirm,1.0,-67.68,-83.68,33.15,3998,100.83,67.68,10752,0.372,6.775,0.103,0.4178,10,0.7849,3291,0.9974,1,1183,1.38,1,1183,1.38,1,1183,1.38,1,1236,-2.76,0.3478,51.37,8,2364895
100.0,1,-1,fallback,1.0,65.36,49.36,115.42,101,50.06,6.95,312,0.324,7.137,0.366,-0.0414,11,-0.0005,90,0.6614,0,-1,,0,-1,,0,-1,,0,-1,,0.7012,100.5,11,2375647
100.0,1,1,confirm,1.0,-148.38,-164.38,2.8,2,151.18,148.38,936,0.002,0.215,0.173,0.0186,11,0.0232,74,0.5837,0,-1,,0,-1,,0,-1,,0,-1,,0.007,50.65,11,2375959
100.0,1,-1,fallback,1.0,69.62,53.62,120.77,1123,51.15,46.89,1171,0.959,3.182,0.13,0.0201,12,0.1661,509,0.8907,1,40,-41.2,1,40,-41.2,0,-1,,1,607,17.05,0.5817,151.13,12,2376895
100.0,1,1,confirm,1.0,52.94,36.94,105.88,3417,52.94,37.2,3464,0.986,2.926,0.075,0.033,13,0.415,2030,0.7977,1,672,11.45,1,672,11.45,1,672,11.45,1,672,11.45,0.4369,51.78,12,2378066
100.0,1,-1,confirm,1.0,-78.28,-94.28,35.58,392,113.86,78.28,1143,0.343,4.133,0.031,0.2788,13,0.5827,940,0.8432,1,1135,-31.31,1,1135,-31.31,1,1135,-31.31,1,1135,-31.31,0.2282,52.39,13,2381530
100.0,1,1,fallback,1.0,14.12,-1.88,70.61,697,56.49,25.42,1188,0.587,3.361,0.122,0.3963,14,0.4673,3,0.9197,0,-1,,0,-1,,0,-1,,0,-1,,0.7415,114.27,13,2382673
100.0,1,-1,confirm,1.0,43.72,27.72,98.72,3280,55.0,31.03,4384,0.748,1.055,0.012,0.2443,15,0.7167,321,0.9481,1,698,-16.92,1,698,-16.92,1,698,-16.92,1,698,-16.92,0.5366,56.09,14,2383861
100.0,1,1,confirm,1.0,18.41,2.41,70.82,1329,52.41,5.67,2101,0.633,7.447,0.19,0.6471,15,0.6534,1324,0.97,1,632,17.0,1,632,17.0,1,632,17.0,1,663,15.58,0.4625,55.55,15,2388245
100.0,1,-1,confirm,1.0,-98.97,-114.97,19.79,2110,118.76,98.97,3331,0.633,2.135,0.182,0.2669,16,0.6705,1691,0.9769,1,3046,-43.83,1,3046,-43.83,1,3046,-43.83,1,3046,-43.83,0.8508,52.04,15,2390346
100.0,1,1,fallback,1.0,-19.6,-35.6,30.8,877,50.4,19.6,1174,0.747,0.672,0.132,-0.2732,17,0.4134,1,0.8362,1,600,1.4,1,600,1.4,1,600,1.4,1,600,1.4,0.5304,119.0,16,2393677
100.0,1,-1,confirm,1.0,-82.76,-98.76,21.04,1075,103.8,82.76,3805,0.283,2.218,0.201,0.0864,17,0.7735,2733,0.9963,1,108,-11.22,1,1280,-14.03,1,1280,-14.03,1,1498,-7.01,0.1697,50.24,17,2394851
100.0,1,1,fallback,1.0,65.39,49.39,118.25,12,52.87,-0.0,16,0.75,9.255,0.433,-0.1385,18,-0.0724,2,-0.0726,0,-1,,0,-1,,0,-1,,0,-1,,0.455,104.02,18,2398656
100.0,1,-1,confirm,1.0,19.35,3.35,69.11,1220,49.76,35.94,1749,0.698,1.881,0.137,-0.2788,18,0.5344,1628,0.9203,1,941,45.61,1,941,45.61,1,941,45.61,1,1004,44.23,0.143,52.25,18,2398672
100.0,1,1,confirm,1.0,-56.78,-72.78,47.08,913,103.86,56.78,20108,0.045,2.536,0.087,0.0257,19,0.7224,16216,1.0,1,444,26.31,1,1510,16.62,1,3393,19.39,1,1597,13.85,0.1465,50.1,18,2400421
100.0,1,-1,fallback,1.0,-39.0,-55.0,11.14,275,50.14,39.0,542,0.507,1.372,0.202,0.5822,0,0.6173,242,0.9178,0,-1,,0,-1,,0,-1,,0,-1,,0.7013,103.38,0,2420529
100.0,1,1,confirm,1.0,-106.83,-122.83,2.77,1,109.6,106.83,2344,0.0,0.381,0.049,-0.4977,0,0.4385,1293,0.9904,1,1891,-45.78,1,1891,-45.78,1,1891,-45.78,1,1891,-45.78,0.4563,50.2,0,2421071
100.0,1,-1,fallback,1.0,54.69,38.69,109.38,190,54.69,0.0,219,0.868,5.479,0.316,0.1677,1,0.2348,150,0.6337,0,-1,,0,-1,,0,-1,,0,-1,,0.3363,109.57,1,2423415
100.0,1,1,confirm,1.0,1.41,-14.59,53.58,76,52.17,-0.0,159,0.478,0.712,0.051,-0.1427,1,-0.1294,156,0.5038,0,-1,,0,-1,,0,-1,,0,-1,,0.247,55.3,1,2423634
100.0,1,-1,confirm,1.0,-98.69,-114.69,4.23,15,102.92,98.69,1333,0.011,0.328,0.1,0.1334,1,0.2137,357,0.9463,1,520,-45.11,1,520,-45.11,1,520,-45.11,1,717,-62.03,0.0338,51.89,1,2423793
100.0,1,1,fallback,1.0,13.96,-2.04,65.61,145,51.65,-0.0,624,0.232,1.761,0.156,0.0912,1,0.273,581,0.919,0,-1,,0,-1,,0,-1,,0,-1,,0.0085,102.96,1,2425126
100.0,1,-1,confirm,1.0,-93.41,-109.41,11.15,62,104.56,93.41,6479,0.01,0.754,0.056,-0.1985,1,0.3646,2025,0.9783,1,2605,-54.37,1,2605,-54.37,1,2605,-54.37,1,2613,-55.76,0.6256,51.32,1,2425750
100.0,1,1,fallback,1.0,-12.43,-28.43,38.67,4120,51.1,35.91,6262,0.658,1.374,0.199,0.1286,4,0.6608,1419,0.9931,1,803,-2.76,1,803,-2.76,1,803,-2.76,1,3000,15.19,0.2055,104.68,3,2432229
100.0,1,-1,confirm,1.0,118.93,102.93,168.72,5084,49.79,13.83,5410,0.94,1.009,0.148,0.2585,6,0.7391,2281,0.9972,1,461,-2.77,1,461,-2.77,1,461,-2.77,1,461,-2.77,0.4669,50.91,5,2438491
100.0,1,1,confirm,1.0,-75.58,-91.58,23.79,3514,99.37,75.58,6114,0.575,3.061,0.135,0.4462,7,0.5452,4754,1.0,1,821,-15.4,1,821,-15.4,1,821,-15.4,1,1973,16.79,0.1354,50.64,6,2443901
100.0,1,-1,confirm,1.0,-47.95,-63.95,2.82,25,50.77,47.95,1105,0.023,1.601,0.088,0.2638,8,0.3927,908,0.9341,1,130,-23.97,1,130,-23.97,1,130,-23.97,1,308,-23.97,0.2887,99.13,8,2450015
100.0,1,1,confirm,1.0,-1.4,-17.4,51.93,925,53.33,7.02,3281,0.282,0.59,0.143,0.0303,9,0.4643,1913,0.9976,1,545,22.46,1,545,22.46,1,545,22.46,1,568,14.04,0.8027,50.78,8,2451120
100.0,1,-1,confirm,1.0,8.42,-7.58,58.96,3391,50.53,19.65,6562,0.517,1.843,0.118,-0.1145,10,0.4393,3,0.9738,1,600,-7.02,1,600,-7.02,1,600,-7.02,1,601,-7.02,0.1926,53.06,9,2454401
100.0,1,1,confirm,1.0,53.39,37.39,105.37,6830,51.98,44.96,6845,0.998,2.477,0.191,0.1961,13,0.6259,4942,0.9969,1,32,-1.4,1,351,-7.02,1,836,-4.21,1,868,-2.81,0.3724,50.83,11,2460963
100.0,1,-1,confirm,1.0,-1.4,-17.4,48.91,18,50.31,1.4,45,0.4,5.962,0.128,0.121,13,0.1713,3,0.3326,0,-1,,0,-1,,0,-1,,0,-1,,0.8287,51.44,13,2467808
100.0,1,1,confirm,1.0,146.71,130.71,198.41,2858,51.7,5.59,3219,0.888,1.248,0.151,0.3252,14,0.5489,2532,0.9197,1,1644,118.76,1,1644,118.76,1,1644,118.76,1,2074,82.44,0.1933,50.55,13,2467853
100.0,1,-1,confirm,1.0,4.13,-11.87,55.08,1322,50.95,6.89,1591,0.831,0.797,0.06,0.5827,14,0.642,1254,0.9641,1,280,11.02,1,1558,15.15,1,1558,15.15,0,-1,,0.1372,50.69,14,2471072
100.0,1,1,confirm,1.0,41.33,25.33,92.3,973,50.97,15.15,1706,0.57,4.632,0.255,0.113,15,0.3894,720,0.9896,1,1039,75.77,1,1039,75.77,1,1039,75.77,0,-1,,0.0985,51.23,14,2472663
100.0,1,-1,confirm,1.0,-93.29,-109.29,8.23,54,101.52,93.29,306,0.176,0.467,0.131,-0.0412,15,-0.0214,58,0.446,0,-1,,0,-1,,0,-1,,0,-1,,0.0104,50.51,15,2474369
100.0,1,1,fallback,1.0,-50.29,-66.29,0.0,0,50.29,50.29,3536,0.0,1.419,0.167,0.3058,15,0.4675,1510,0.9846,1,508,-33.98,1,508,-33.98,1,508,-33.98,1,508,-33.98,0.0342,101.61,15,2474675
100.0,1,-1,confirm,1.0,6.83,-9.17,57.38,2557,50.55,47.81,3407,0.751,0.758,0.11,0.5765,17,0.7632,2110,0.9982,1,374,-31.42,1,374,-31.42,1,374,-31.42,0,-1,,0.1062,50.29,16,2478211
100.0,1,1,confirm,1.0,15.04,-0.96,65.62,2176,50.58,15.04,3297,0.66,0.73,0.176,0.0189,17,0.6939,709,0.9858,1,1314,-1.37,1,1314,-1.37,1,1314,-1.37,1,1326,1.37,0.4252,50.84,17,2481618
100.0,1,-1,confirm,1.0,47.78,31.78,98.28,7522,50.51,19.11,9252,0.813,1.19,0.078,-0.011,20,0.6974,4317,1.0,1,97,-0.0,1,97,-0.0,1,97,-0.0,1,131,-17.75,0.8434,50.25,18,2484915
100.0,1,1,confirm,1.0,93.27,77.27,145.38,5530,52.12,15.09,5859,0.944,8.098,0.273,0.1783,22,0.5673,4092,0.9879,1,214,-13.72,1,214,-13.72,1,214,-13.72,1,492,-9.6,0.2667,51.01,20,2494167
100.0,1,-1,confirm,1.0,210.63,194.63,259.55,8150,48.92,0.0,9559,0.853,5.594,0.145,0.0166,0,0.7637,6678,0.9925,1,379,42.13,1,379,42.13,1,379,42.13,1,380,43.48,0.0841,51.37,22,2500026
100.0,1,1,confirm,1.0,63.85,47.85,115.21,2055,51.36,9.72,2658,0.773,3.451,0.2,0.0569,1,0.5606,582,1.0,1,386,23.6,1,386,23.6,1,1622,83.29,1,413,26.37,0.4245,50.22,1,2509585
100.0,1,-1,confirm,1.0,-73.1,-89.1,31.72,1244,104.83,73.1,5828,0.213,1.559,0.109,-0.0876,2,0.6723,4938,0.988,1,464,-6.9,1,464,-6.9,1,464,-6.9,1,592,-0.0,0.718,50.78,1,2512243
100.0,1,1,fallback,1.0,12.32,-3.68,62.99,1702,50.66,20.54,3281,0.519,0.457,0.097,0.068,3,0.6754,0,0.9801,1,600,-5.48,1,600,-5.48,1,600,-5.48,1,863,31.49,0.013,105.16,3,2518071
100.0,1,-1,confirm,1.0,61.54,45.54,112.14,11072,50.6,27.35,13380,0.828,3.121,0.177,0.5792,7,0.819,0,0.9981,1,801,13.68,1,801,13.68,1,801,13.68,1,801,13.68,0.6366,50.35,4,2521352
100.0,1,1,confirm,1.0,103.21,87.21,154.12,5833,50.92,22.02,6000,0.972,1.63,0.177,0.4214,9,0.5628,5567,0.9958,1,277,-5.5,1,277,-5.5,1,277,-5.5,1,298,-5.5,0.8509,51.18,8,2534732
100.0,1,-1,confirm,1.0,-88.53,-104.53,13.62,68,102.15,88.53,3358,0.02,0.202,0.009,-0.3182,9,0.3414,1492,0.9278,1,683,-14.98,1,683,-14.98,1,1499,-14.98,1,683,-14.98,0.3917,50.14,9,2540732
100.0,1,1,fallback,1.0,-14.85,-30.85,37.8,2958,52.65,35.1,4442,0.666,3.942,0.16,0.3565,11,0.7896,1755,0.9628,1,731,-16.2,1,731,-16.2,1,731,-16.2,1,865,-14.85,0.8646,102.29,10,2544090
100.0,1,-1,confirm,1.0,-93.29,-109.29,9.46,28,102.76,93.29,2069,0.014,1.873,0.218,-0.1672,11,0.1882,950,0.9736,1,694,-50.03,1,986,-50.03,0,-1,,1,1076,-44.62,0.7928,52.45,11,2548532
100.0,1,1,fallback,1.0,-45.55,-61.55,5.36,34,50.9,45.55,83,0.41,8.568,0.163,-0.1488,12,0.1794,0,0.0792,1,23,-14.74,1,23,-14.74,0,-1,,1,23,-14.74,0.0448,102.86,12,2550601
100.0,1,-1,confirm,1.0,-75.36,-91.36,25.57,156,100.93,75.36,3179,0.049,1.385,0.004,0.0294,12,0.5469,1724,0.9718,1,540,-8.07,1,540,-8.07,1,1757,-9.42,1,540,-8.07,0.1741,50.88,12,2550684
100.0,1,1,fallback,1.0,-26.71,-42.71,24.04,51,50.75,26.71,256,0.199,4.781,0.184,0.2102,13,0.219,50,0.6459,1,116,-2.67,1,116,-2.67,1,116,-2.67,0,-1,,0.7086,101.19,13,2553863
100.0,1,-1,confirm,1.0,-60.27,-76.27,41.52,106,101.78,60.27,372,0.285,0.785,0.058,0.0991,13,0.1102,183,0.6495,0,-1,,0,-1,,0,-1,,0,-1,,0.3072,50.63,13,2554119
100.0,1,1,fallback,1.0,6.66,-9.34,57.24,334,50.59,5.32,1126,0.297,1.684,0.154,0.0741,13,0.0761,336,0.5056,1,500,25.29,0,-1,,0,-1,,0,-1,,0.5357,102.21,13,2554491
100.0,1,-1,confirm,1.0,42.57,26.57,94.45,2035,51.88,43.9,2308,0.882,1.477,0.178,0.1134,14,0.253,413,0.8214,1,296,5.32,1,296,5.32,1,1008,26.61,1,1169,-18.62,0.4308,50.3,13,2555617
100.0,1,1,confirm,1.0,-101.54,-117.54,1.34,9,102.87,101.54,2102,0.004,0.313,0.028,0.094,14,0.2067,378,0.9119,1,229,-60.12,1,229,-60.12,1,513,-46.76,1,515,-45.42,0.1407,52.38,14,2557925
100.0,1,-1,fallback,1.0,-48.59,-64.59,5.4,27,53.99,48.59,1041,0.026,5.215,0.113,-0.0013,15,0.4864,51,0.8463,1,3,-4.05,1,629,-17.55,1,629,-17.55,1,629,-17.55,0.1131,102.86,15,2560027
100.0,1,1,confirm,1.0,-59.1,-75.1,45.67,2979,104.77,59.1,18002,0.165,0.203,0.182,-0.0139,16,0.7179,15932,1.0,1,57,-8.06,1,794,18.8,1,1237,37.61,1,901,26.86,0.1151,54.02,15,2561068
100.0,1,-1,fallback,1.0,-13.51,-29.51,36.48,8482,49.99,35.13,9060,0.936,0.547,0.222,0.4882,22,0.6535,3518,1.0,1,1,-1.35,1,1300,-9.46,1,1300,-9.46,1,1300,-9.46,0.1791,104.29,20,2579070
