population,label,threshold,n_population,n_winner_pop,base_win_rate,n_fired,n_fired_winners,precision,recall,lift,mean_net_bps_fired,median_net_bps_fired,median_net_bps_pop
ALL,cover_by_15m_TRUE,True,67728,5616,0.08291991495393337,16349,5521,0.3376964951984831,0.9830840455840456,4.072562006197091,-0.4971530026262801,-3.841222951883819,-11.250814675307694
ALL,cover_by_30m_TRUE,True,67728,5616,0.08291991495393337,16418,5558,0.3385308807406505,0.9896723646723646,4.082624553205624,-0.5047706944754403,-3.8275134801277764,-11.250814675307694
ALL,cover_by_60m_TRUE,True,67728,5616,0.08291991495393337,16489,5574,0.33804354418096916,0.9925213675213675,4.076747357601261,-0.4694842661232001,-3.797616530776362,-11.250814675307694
ALL,ever_underwater_FALSE,True,67728,5616,0.08291991495393337,425,101,0.2376470588235294,0.017984330484330485,2.8659829059829063,-1.0028984668185508,-3.945205301246742,-11.250814675307694
ALL,reached_12bps_within_15m,True,67728,5616,0.08291991495393337,13215,5439,0.411577752553916,0.968482905982906,4.96355734062885,1.7334644201969616,-2.861843220127394,-11.250814675307694
ALL,reached_12bps_within_30m,True,67728,5616,0.08291991495393337,13383,5530,0.41321078980796533,0.9846866096866097,4.983251490761019,1.679714955089567,-2.841471213638169,-11.250814675307694
ALL,reached_20bps_within_30m,True,67728,5616,0.08291991495393337,7612,5173,0.679584866001051,0.9211182336182336,8.195677315619513,9.93184858466891,2.2985076968383265,-11.250814675307694
ALL,reached_20bps_within_60m,True,67728,5616,0.08291991495393337,7700,5235,0.6798701298701298,0.9321581196581197,8.199117549117549,9.948016538022634,2.3769186527355295,-11.250814675307694
ALL,volume_zscore_le,-0.5,67728,5616,0.08291991495393337,25313,2139,0.08450203452771303,0.38087606837606836,1.0190800916119922,-11.050977763250508,-11.406547067639268,-11.250814675307694
ALL,volume_zscore_le,-0.25,67728,5616,0.08291991495393337,40803,3412,0.08362130235521897,0.6075498575498576,1.008458612164222,-10.941986628695162,-11.25114412386168,-11.250814675307694
ALL,volume_zscore_le,0.0,67728,5616,0.08291991495393337,47094,3896,0.08272816069987685,0.6937321937321937,0.9976874764745832,-10.911218249015539,-11.248396655619297,-11.250814675307694
ALL,volume_zscore_le,0.25,67728,5616,0.08291991495393337,51103,4279,0.08373285325714733,0.7619301994301995,1.0098038969729477,-10.928442322729861,-11.243996271122732,-11.250814675307694
ALL,volume_zscore_le,0.5,67728,5616,0.08291991495393337,53765,4473,0.08319538733376731,0.7964743589743589,1.0033221498115017,-10.943934167933199,-11.245744045957709,-11.250814675307694
ALL,nt_ratio_entry_vs_pre30_ge,1.0,67728,5616,0.08291991495393337,20362,1794,0.08810529417542481,0.3194444444444444,1.0625347870215762,-11.05201268431051,-11.291756685804588,-11.250814675307694
ALL,nt_ratio_entry_vs_pre30_ge,1.5,67728,5616,0.08291991495393337,13610,1141,0.08383541513592946,0.20316951566951566,1.011040775699115,-11.240957005345976,-11.380232944517793,-11.250814675307694
ALL,nt_ratio_entry_vs_pre30_ge,2.0,67728,5616,0.08291991495393337,9306,771,0.08284977433913604,0.1372863247863248,0.9991541161753928,-11.140869723283274,-11.28566472057075,-11.250814675307694
ALL,nt_ratio_entry_vs_pre30_ge,3.0,67728,5616,0.08291991495393337,5311,411,0.07738655620410469,0.07318376068376069,0.9332686393503566,-11.157927036656416,-11.25642997625275,-11.250814675307694
ALL,entry_imb_long_bid_ge,-0.2,67728,5616,0.08291991495393337,8245,706,0.08562765312310491,0.1257122507122507,1.0326548594589833,-10.180039409935253,-10.460541718555055,-11.250814675307694
ALL,entry_imb_long_bid_ge,0.0,67728,5616,0.08291991495393337,7349,638,0.08681453258946796,0.1136039886039886,1.0469684229379428,-10.165815082849832,-10.485859404212162,-11.250814675307694
ALL,entry_imb_long_bid_ge,0.2,67728,5616,0.08291991495393337,6493,578,0.08901894347759125,0.10292022792022792,1.0735532414263356,-10.183506400907547,-10.454262313292189,-11.250814675307694
ALL,entry_imb_long_bid_ge,0.5,67728,5616,0.08291991495393337,5180,465,0.08976833976833977,0.0827991452991453,1.0825908325908327,-10.35608429862658,-10.452474735012592,-11.250814675307694
ALL,entry_imb_short_ask_le,0.2,67728,5616,0.08291991495393337,8403,587,0.06985600380816374,0.10452279202279202,0.8424514647292226,-10.63000420365857,-10.518485569551995,-11.250814675307694
ALL,entry_imb_short_ask_le,0.0,67728,5616,0.08291991495393337,7537,540,0.07164654371765955,0.09615384615384616,0.8640450699625438,-10.523194342309068,-10.531720430107889,-11.250814675307694
ALL,entry_imb_short_ask_le,-0.2,67728,5616,0.08291991495393337,6609,491,0.07429263126040248,0.08742877492877493,0.8959564334053667,-10.43265640821822,-10.472298515149461,-11.250814675307694
ALL,entry_imb_short_ask_le,-0.5,67728,5616,0.08291991495393337,5352,381,0.07118834080717489,0.06784188034188034,0.8585192211873827,-10.5871059802184,-10.386949838933559,-11.250814675307694
ALL,pre5_buyvol_long_ge,0.5,67728,5616,0.08291991495393337,19219,1629,0.08475987304230188,0.2900641025641026,1.022189580022974,-10.69492536303974,-11.101501788422295,-11.250814675307694
ALL,pre5_buyvol_long_ge,0.7,67728,5616,0.08291991495393337,15923,1351,0.0848458205112102,0.24056267806267806,1.0232260918061333,-10.550350377588963,-11.07869666178129,-11.250814675307694
ALL,pre5_buyvol_long_ge,0.9,67728,5616,0.08291991495393337,11390,978,0.0858647936786655,0.17414529914529914,1.0355147340221968,-10.258110301951449,-10.99903227125475,-11.250814675307694
ALL,pre5_buyvol_short_le,0.5,67728,5616,0.08291991495393337,15086,1362,0.09028238101551107,0.24252136752136752,1.08879008216142,-10.80758314380428,-11.107062926820062,-11.250814675307694
ALL,pre5_buyvol_short_le,0.3,67728,5616,0.08291991495393337,11940,1088,0.09112227805695143,0.19373219373219372,1.0989190969090468,-10.557117192392802,-10.92127005037537,-11.250814675307694
ALL,pre5_buyvol_short_le,0.1,67728,5616,0.08291991495393337,7381,639,0.0865736350088064,0.11378205128205128,1.044063239294238,-10.59251024238618,-10.82171618274504,-11.250814675307694
ALL,trade_present_score_ge,25,67728,5616,0.08291991495393337,66170,5500,0.08311923832552516,0.9793447293447294,1.0024038057890257,-10.970861620579052,-11.242338650916635,-11.250814675307694
ALL,trade_present_score_ge,40,67728,5616,0.08291991495393337,26683,2323,0.0870591762545441,0.41363960113960113,1.0499187837193311,-11.018175681473375,-11.26586351570479,-11.250814675307694
ALL,trade_present_score_ge,55,67728,5616,0.08291991495393337,18857,1732,0.09184918067561118,0.3084045584045584,1.1076854182332254,-11.006952430535668,-11.244420480238837,-11.250814675307694
ALL,trade_present_score_ge,70,67728,5616,0.08291991495393337,8396,870,0.10362077179609337,0.15491452991452992,1.2496487949084425,-11.03931288592199,-11.545100831791174,-11.250814675307694
ALL,dipole_long_pos_ge,0.0,67728,5616,0.08291991495393337,22781,1967,0.0863438830604451,0.35024928774928776,1.0412924700708381,-10.992686280245804,-11.485210517153888,-11.250814675307694
ALL,dipole_long_pos_ge,0.1,67728,5616,0.08291991495393337,15914,1396,0.0877215030790499,0.24857549857549857,1.0579063320046105,-11.030620211533934,-11.588999172386403,-11.250814675307694
ALL,dipole_long_pos_ge,0.2,67728,5616,0.08291991495393337,10276,931,0.09059945504087194,0.1657763532763533,1.092613940706584,-11.247021283890051,-11.668601985776396,-11.250814675307694
ALL,dipole_short_neg_le,0.0,67728,5616,0.08291991495393337,14439,1226,0.08490892721102569,0.21830484330484332,1.0239871478184381,-11.012511477708317,-11.427463896150238,-11.250814675307694
ALL,dipole_short_neg_le,-0.1,67728,5616,0.08291991495393337,8217,702,0.08543263964950712,0.125,1.0303030303030303,-11.08044467484415,-11.703806586640408,-11.250814675307694
ALL,dipole_short_neg_le,-0.2,67728,5616,0.08291991495393337,4213,343,0.0814146688820318,0.06107549857549858,0.9818469896798879,-11.769110188596253,-11.713359984404892,-11.250814675307694
ALL,hold_min_le_avoid_chop,15,67728,5616,0.08291991495393337,61891,1296,0.02094003974729767,0.23076923076923078,0.25253329985843603,-13.268966626673217,-11.886415304765814,-11.250814675307694
ALL,hold_min_le_avoid_chop,30,67728,5616,0.08291991495393337,65012,3371,0.051851965790930904,0.6002492877492878,0.6253258438547309,-12.410877017862314,-11.568716119159578,-11.250814675307694
ALL,hold_min_le_avoid_chop,60,67728,5616,0.08291991495393337,66707,4756,0.07129686539643516,0.8468660968660968,0.8598280091826498,-11.667609127233984,-11.361214014712926,-11.250814675307694
ALL,hold_min_ge_runners,60,67728,5616,0.08291991495393337,1372,1175,0.8564139941690962,0.2092236467236467,10.328206374124743,30.453007144020557,22.011753971892645,-11.250814675307694
ALL,hold_min_ge_runners,120,67728,5616,0.08291991495393337,231,166,0.7186147186147186,0.02955840455840456,8.666370666370668,27.830544444526502,24.78313615380331,-11.250814675307694
ALL,fast_winner_pattern,True,67728,5616,0.08291991495393337,209,95,0.45454545454545453,0.016915954415954417,5.481740481740482,3.584135528998008,-1.372519969079196,-11.250814675307694
ALL,clean_no_underwater_30m_cover,True,67728,5616,0.08291991495393337,209,95,0.45454545454545453,0.016915954415954417,5.481740481740482,3.584135528998008,-1.372519969079196,-11.250814675307694
ALL,net_bps_per_min_floor,0.05,67728,5616,0.08291991495393337,4222,4222,1.0,0.7517806267806267,12.059829059829061,26.737730216945202,17.606252453718973,-11.250814675307694
ALL,net_bps_per_min_floor,0.1,67728,5616,0.08291991495393337,3892,3892,1.0,0.6930199430199431,12.059829059829061,28.693862568358604,19.62558620862149,-11.250814675307694
ALL,net_bps_per_min_floor,0.2,67728,5616,0.08291991495393337,3488,3488,1.0,0.6210826210826211,12.059829059829061,31.256019001669785,21.783663998689608,-11.250814675307694
ALL,net_bps_per_min_floor,0.5,67728,5616,0.08291991495393337,2156,2156,1.0,0.3839031339031339,12.059829059829061,40.84256681224374,31.130639708813295,-11.250814675307694
side=buy,cover_by_15m_TRUE,True,33791,2869,0.08490426444911367,8162,2838,0.3477088948787062,0.9891948414081562,4.09530542587883,-0.44101662655867746,-3.588148734047306,-11.357559407358686
side=buy,cover_by_30m_TRUE,True,33791,2869,0.08490426444911367,8183,2847,0.3479164120738116,0.9923318229348205,4.097749557471651,-0.45682220679965013,-3.5897678423188157,-11.357559407358686
side=buy,cover_by_60m_TRUE,True,33791,2869,0.08490426444911367,8194,2847,0.3474493531852575,0.9923318229348205,4.092248551231452,-0.45851036970176234,-3.588958288183061,-11.357559407358686
side=buy,ever_underwater_FALSE,True,33791,2869,0.08490426444911367,253,75,0.2964426877470356,0.02614151272220286,3.491493503541331,-1.3204950993499651,-4.159390897842737,-11.357559407358686
side=buy,reached_12bps_within_15m,True,33791,2869,0.08490426444911367,6440,2808,0.4360248447204969,0.978738236319275,5.135488158923078,2.0856763980827457,-2.486884358013631,-11.357559407358686
side=buy,reached_12bps_within_30m,True,33791,2869,0.08490426444911367,6514,2843,0.4364445809026712,0.9909376089229697,5.140431799680084,2.042735410173866,-2.4985881840326245,-11.357559407358686
side=buy,reached_20bps_within_30m,True,33791,2869,0.08490426444911367,3625,2605,0.7186206896551725,0.9079818752178459,8.46389394358241,10.301199813575693,3.4216174948832627,-11.357559407358686
side=buy,reached_20bps_within_60m,True,33791,2869,0.08490426444911367,3662,2633,0.719006007646095,0.9177413733008016,8.468432207866572,10.255474504273261,3.4403187069583385,-11.357559407358686
side=buy,volume_zscore_le,-0.5,33791,2869,0.08490426444911367,12511,1073,0.08576452721604988,0.37399790867898225,1.0101321502814713,-11.164895920010258,-11.379072454768412,-11.357559407358686
side=buy,volume_zscore_le,-0.25,33791,2869,0.08490426444911367,20411,1776,0.08701190534515703,0.6190310212617637,1.024823734234298,-10.847198294320174,-11.239419863779727,-11.357559407358686
side=buy,volume_zscore_le,0.0,33791,2869,0.08490426444911367,23540,1984,0.0842820730671198,0.6915301498780063,0.9926718476859689,-10.956781967121588,-11.373092807405374,-11.357559407358686
side=buy,volume_zscore_le,0.25,33791,2869,0.08490426444911367,25514,2172,0.08512973269577487,0.7570582084349947,1.0026555585649803,-10.95931196971257,-11.343720911899457,-11.357559407358686
side=buy,volume_zscore_le,0.5,33791,2869,0.08490426444911367,26848,2276,0.0847735399284863,0.793307772743116,0.9984603303323389,-10.996058693401578,-11.360752281731456,-11.357559407358686
side=buy,nt_ratio_entry_vs_pre30_ge,1.0,33791,2869,0.08490426444911367,10106,940,0.09301405105877697,0.3276402927849425,1.095516834899663,-10.83929587918046,-11.544378901323391,-11.357559407358686
side=buy,nt_ratio_entry_vs_pre30_ge,1.5,33791,2869,0.08490426444911367,6740,627,0.09302670623145401,0.2185430463576159,1.0956658871617506,-10.779439922365665,-11.61553547759657,-11.357559407358686
side=buy,nt_ratio_entry_vs_pre30_ge,2.0,33791,2869,0.08490426444911367,4649,405,0.08711550871155087,0.14116416869989543,1.0260439717225567,-10.949343684654876,-11.74630535574206,-11.357559407358686
side=buy,nt_ratio_entry_vs_pre30_ge,3.0,33791,2869,0.08490426444911367,2650,218,0.08226415094339623,0.07598466364586964,0.9689048185877664,-11.407846097742233,-11.730275698002703,-11.357559407358686
side=buy,entry_imb_long_bid_ge,-0.2,33791,2869,0.08490426444911367,8245,706,0.08562765312310491,0.24607877309166956,1.008520051126817,-10.180039409935253,-10.460541718555055,-11.357559407358686
side=buy,entry_imb_long_bid_ge,0.0,33791,2869,0.08490426444911367,7349,638,0.08681453258946796,0.22237713489020564,1.0224990835589793,-10.165815082849832,-10.485859404212162,-11.357559407358686
side=buy,entry_imb_long_bid_ge,0.2,33791,2869,0.08490426444911367,6493,578,0.08901894347759125,0.20146392471244337,1.0484625719941743,-10.183506400907547,-10.454262313292189,-11.357559407358686
side=buy,entry_imb_long_bid_ge,0.5,33791,2869,0.08490426444911367,5180,465,0.08976833976833977,0.16207737887765772,1.0572889400878247,-10.35608429862658,-10.452474735012592,-11.357559407358686
side=buy,entry_imb_short_ask_le,0.2,33791,2869,0.08490426444911367,0,0,,0.0,,,,-11.357559407358686
side=buy,entry_imb_short_ask_le,0.0,33791,2869,0.08490426444911367,0,0,,0.0,,,,-11.357559407358686
side=buy,entry_imb_short_ask_le,-0.2,33791,2869,0.08490426444911367,0,0,,0.0,,,,-11.357559407358686
side=buy,entry_imb_short_ask_le,-0.5,33791,2869,0.08490426444911367,0,0,,0.0,,,,-11.357559407358686
side=buy,pre5_buyvol_long_ge,0.5,33791,2869,0.08490426444911367,19219,1629,0.08475987304230188,0.5677936563262461,0.9982993621374775,-10.69492536303974,-11.101501788422295,-11.357559407358686
side=buy,pre5_buyvol_long_ge,0.7,33791,2869,0.08490426444911367,15923,1351,0.0848458205112102,0.47089578250261416,0.9993116489697818,-10.550350377588963,-11.07869666178129,-11.357559407358686
side=buy,pre5_buyvol_long_ge,0.9,33791,2869,0.08490426444911367,11390,978,0.0858647936786655,0.3408853258975253,1.0113130858124035,-10.258110301951449,-10.99903227125475,-11.357559407358686
side=buy,pre5_buyvol_short_le,0.5,33791,2869,0.08490426444911367,0,0,,0.0,,,,-11.357559407358686
side=buy,pre5_buyvol_short_le,0.3,33791,2869,0.08490426444911367,0,0,,0.0,,,,-11.357559407358686
side=buy,pre5_buyvol_short_le,0.1,33791,2869,0.08490426444911367,0,0,,0.0,,,,-11.357559407358686
side=buy,trade_present_score_ge,25,33791,2869,0.08490426444911367,33098,2787,0.08420448365460148,0.9714186127570582,0.9917580018029413,-10.999659752466608,-11.3439092771939,-11.357559407358686
side=buy,trade_present_score_ge,40,33791,2869,0.08490426444911367,13394,1218,0.09093624010751082,0.4245381666085744,1.0710444369023695,-10.8598455346518,-11.547185921563461,-11.357559407358686
side=buy,trade_present_score_ge,55,33791,2869,0.08490426444911367,9489,930,0.09800822004426178,0.32415475775531544,1.1543380144704252,-10.796108718399427,-11.501369075208618,-11.357559407358686
side=buy,trade_present_score_ge,70,33791,2869,0.08490426444911367,4228,466,0.11021759697256386,0.16242593238062042,1.2981397069710372,-10.553421821320281,-11.577467292644934,-11.357559407358686
side=buy,dipole_long_pos_ge,0.0,33791,2869,0.08490426444911367,22781,1967,0.0863438830604451,0.6856047403276403,1.0169557868579646,-10.992686280245804,-11.485210517153888,-11.357559407358686
side=buy,dipole_long_pos_ge,0.1,33791,2869,0.08490426444911367,15914,1396,0.0877215030790499,0.48658069013593586,1.0331813560628007,-11.030620211533934,-11.588999172386403,-11.357559407358686
side=buy,dipole_long_pos_ge,0.2,33791,2869,0.08490426444911367,10276,931,0.09059945504087194,0.32450331125827814,1.0670777920132812,-11.247021283890051,-11.668601985776396,-11.357559407358686
side=buy,dipole_short_neg_le,0.0,33791,2869,0.08490426444911367,0,0,,0.0,,,,-11.357559407358686
side=buy,dipole_short_neg_le,-0.1,33791,2869,0.08490426444911367,0,0,,0.0,,,,-11.357559407358686
side=buy,dipole_short_neg_le,-0.2,33791,2869,0.08490426444911367,0,0,,0.0,,,,-11.357559407358686
side=buy,hold_min_le_avoid_chop,15,33791,2869,0.08490426444911367,30691,578,0.01883288260402072,0.20146392471244337,0.22181315304024543,-13.245985639158176,-12.026387308221286,-11.357559407358686
side=buy,hold_min_le_avoid_chop,30,33791,2869,0.08490426444911367,32326,1646,0.05091876508073996,0.573719065876612,0.5997197597920125,-12.397047456561548,-11.66514126065867,-11.357559407358686
side=buy,hold_min_le_avoid_chop,60,33791,2869,0.08490426444911367,33220,2381,0.07167369054786274,0.8299058905542,0.8441706787392227,-11.693876765150945,-11.484699097427402,-11.357559407358686
side=buy,hold_min_ge_runners,60,33791,2869,0.08490426444911367,755,656,0.8688741721854305,0.22865109794353433,10.23357516637082,29.300515857231566,21.972064012037723,-11.357559407358686
side=buy,hold_min_ge_runners,120,33791,2869,0.08490426444911367,132,112,0.8484848484848485,0.03903799233182294,9.993430294580522,38.58780520096451,27.812741948499337,-11.357559407358686
side=buy,fast_winner_pattern,True,33791,2869,0.08490426444911367,139,75,0.539568345323741,0.02614151272220286,6.3550205496112,3.6712512674459967,-0.8542496584702839,-11.357559407358686
side=buy,clean_no_underwater_30m_cover,True,33791,2869,0.08490426444911367,139,75,0.539568345323741,0.02614151272220286,6.3550205496112,3.6712512674459967,-0.8542496584702839,-11.357559407358686
side=buy,net_bps_per_min_floor,0.05,33791,2869,0.08490426444911367,2130,2130,1.0,0.7424189613105612,11.777971418612758,24.99928045325404,16.334901172662295,-11.357559407358686
side=buy,net_bps_per_min_floor,0.1,33791,2869,0.08490426444911367,1943,1943,1.0,0.6772394562565354,11.777971418612758,27.045859252185114,18.595423401359547,-11.357559407358686
side=buy,net_bps_per_min_floor,0.2,33791,2869,0.08490426444911367,1682,1682,1.0,0.5862669919832695,11.777971418612758,30.176838508674425,21.507825837094288,-11.357559407358686
side=buy,net_bps_per_min_floor,0.5,33791,2869,0.08490426444911367,932,932,1.0,0.32485186476124084,11.777971418612758,41.30197634699656,32.30547267288688,-11.357559407358686
side=sell,cover_by_15m_TRUE,True,33937,2747,0.08094410230721631,8187,2683,0.3277146695981434,0.9767018565708045,4.048654074318235,-0.5531179594436457,-3.9941872008361594,-11.149183321470202
side=sell,cover_by_30m_TRUE,True,33937,2747,0.08094410230721631,8235,2711,0.3292046144505161,0.9868947943210775,4.0670611578475295,-0.5524164108872183,-3.9742952447009303,-11.149183321470202
side=sell,cover_by_60m_TRUE,True,33937,2747,0.08094410230721631,8295,2727,0.32875226039783,0.9927193301783764,4.061472683334968,-0.4803245442759742,-3.957707314461392,-11.149183321470202
side=sell,ever_underwater_FALSE,True,33937,2747,0.08094410230721631,172,26,0.1511627906976744,0.009464870768110666,1.8674960421940212,-0.5357359782694354,-3.8394025785743477,-11.149183321470202
side=sell,reached_12bps_within_15m,True,33937,2747,0.08094410230721631,6775,2631,0.38833948339483393,0.9577721150345831,4.797625427000538,1.398668089926194,-3.423801778649713,-11.149183321470202
side=sell,reached_12bps_within_30m,True,33937,2747,0.08094410230721631,6869,2687,0.39117775513175135,0.9781579905351292,4.832690016711411,1.3354559298429338,-3.371940576559015,-11.149183321470202
side=sell,reached_20bps_within_30m,True,33937,2747,0.08094410230721631,3987,2568,0.6440933032355154,0.9348380050964689,7.9572604411735295,9.596032631624743,1.1950468284510851,-11.149183321470202
side=sell,reached_20bps_within_60m,True,33937,2747,0.08094410230721631,4038,2602,0.6443784051510649,0.947215143793229,7.960782648566323,9.669187644409506,1.3100033161928142,-11.149183321470202
side=sell,volume_zscore_le,-0.5,33937,2747,0.08094410230721631,12802,1066,0.0832682393376035,0.3880597014925373,1.0287128643612122,-10.939649059983735,-11.423339727975888,-11.149183321470202
side=sell,volume_zscore_le,-0.25,33937,2747,0.08094410230721631,20392,1636,0.08022754021184779,0.5955587914088096,0.9911474452746554,-11.03686328095722,-11.287810529026395,-11.149183321470202
side=sell,volume_zscore_le,0.0,33937,2747,0.08094410230721631,23554,1912,0.08117517194531715,0.6960320349472151,1.0028546815829007,-10.865681613020957,-11.12259517870646,-11.149183321470202
side=sell,volume_zscore_le,0.25,33937,2747,0.08094410230721631,25589,2107,0.08234006799796788,0.7670185657080452,1.0172460457397292,-10.897663153043009,-11.14154196443667,-11.149183321470202
side=sell,volume_zscore_le,0.5,33937,2747,0.08094410230721631,26917,2197,0.08162128023182376,0.7997815799053513,1.0083659946222798,-10.891943260336696,-11.133288602385441,-11.149183321470202
side=sell,nt_ratio_entry_vs_pre30_ge,1.0,33937,2747,0.08094410230721631,10256,854,0.08326833073322933,0.31088460138332724,1.028713993481472,-11.261618381721224,-11.050138910622763,-11.149183321470202
side=sell,nt_ratio_entry_vs_pre30_ge,1.5,33937,2747,0.08094410230721631,6870,514,0.07481804949053858,0.18711321441572626,0.9243174901930862,-11.693740868415452,-11.119298453744081,-11.149183321470202
side=sell,nt_ratio_entry_vs_pre30_ge,2.0,33937,2747,0.08094410230721631,4657,366,0.07859136783336912,0.13323625773571168,0.9709338369716228,-11.332066750035134,-10.773123876510628,-11.149183321470202
side=sell,nt_ratio_entry_vs_pre30_ge,3.0,33937,2747,0.08094410230721631,2661,193,0.07252912438932732,0.07025846377866764,0.8960396412088101,-10.90904108705949,-10.768672187602514,-11.149183321470202
side=sell,entry_imb_long_bid_ge,-0.2,33937,2747,0.08094410230721631,0,0,,0.0,,,,-11.149183321470202
side=sell,entry_imb_long_bid_ge,0.0,33937,2747,0.08094410230721631,0,0,,0.0,,,,-11.149183321470202
side=sell,entry_imb_long_bid_ge,0.2,33937,2747,0.08094410230721631,0,0,,0.0,,,,-11.149183321470202
side=sell,entry_imb_long_bid_ge,0.5,33937,2747,0.08094410230721631,0,0,,0.0,,,,-11.149183321470202
side=sell,entry_imb_short_ask_le,0.2,33937,2747,0.08094410230721631,8403,587,0.06985600380816374,0.21368765926465236,0.8630153626638708,-10.63000420365857,-10.518485569551995,-11.149183321470202
side=sell,entry_imb_short_ask_le,0.0,33937,2747,0.08094410230721631,7537,540,0.07164654371765955,0.1965780851838369,0.8851360590266517,-10.523194342309068,-10.531720430107889,-11.149183321470202
side=sell,entry_imb_short_ask_le,-0.2,33937,2747,0.08094410230721631,6609,491,0.07429263126040248,0.17874044412085913,0.9178263658843389,-10.43265640821822,-10.472298515149461,-11.149183321470202
side=sell,entry_imb_short_ask_le,-0.5,33937,2747,0.08094410230721631,5352,381,0.07118834080717489,0.13869676010192938,0.8794753265282469,-10.5871059802184,-10.386949838933559,-11.149183321470202
side=sell,pre5_buyvol_long_ge,0.5,33937,2747,0.08094410230721631,0,0,,0.0,,,,-11.149183321470202
side=sell,pre5_buyvol_long_ge,0.7,33937,2747,0.08094410230721631,0,0,,0.0,,,,-11.149183321470202
side=sell,pre5_buyvol_long_ge,0.9,33937,2747,0.08094410230721631,0,0,,0.0,,,,-11.149183321470202
side=sell,pre5_buyvol_short_le,0.5,33937,2747,0.08094410230721631,15086,1362,0.09028238101551107,0.4958136148525664,1.1153670056510372,-10.80758314380428,-11.107062926820062,-11.149183321470202
side=sell,pre5_buyvol_short_le,0.3,33937,2747,0.08094410230721631,11940,1088,0.09112227805695143,0.39606843829632327,1.1257432655328579,-10.557117192392802,-10.92127005037537,-11.149183321470202
side=sell,pre5_buyvol_short_le,0.1,33937,2747,0.08094410230721631,7381,639,0.0865736350088064,0.23261740080087367,1.0695483987236485,-10.59251024238618,-10.82171618274504,-11.149183321470202
side=sell,trade_present_score_ge,25,33937,2747,0.08094410230721631,33072,2713,0.08203313981615869,0.98762286130324,1.013454192188197,-10.942040848650706,-11.136550284689344,-11.149183321470202
side=sell,trade_present_score_ge,40,33937,2747,0.08094410230721631,13289,1105,0.08315147866656633,0.4022570076447033,1.0272703791435245,-11.1777568378078,-11.04851316536499,-11.149183321470202
side=sell,trade_present_score_ge,55,33937,2747,0.08094410230721631,9368,802,0.08561058923996584,0.29195485984710595,1.057650734268919,-11.220519465597663,-11.044918418009171,-11.149183321470202
side=sell,trade_present_score_ge,70,33937,2747,0.08094410230721631,4168,404,0.09692898272552783,0.14706953039679652,1.1974804829837051,-11.532198543584187,-11.467627212073001,-11.149183321470202
side=sell,dipole_long_pos_ge,0.0,33937,2747,0.08094410230721631,0,0,,0.0,,,,-11.149183321470202
side=sell,dipole_long_pos_ge,0.1,33937,2747,0.08094410230721631,0,0,,0.0,,,,-11.149183321470202
side=sell,dipole_long_pos_ge,0.2,33937,2747,0.08094410230721631,0,0,,0.0,,,,-11.149183321470202
side=sell,dipole_short_neg_le,0.0,33937,2747,0.08094410230721631,14439,1226,0.08490892721102569,0.446305060065526,1.0489822580125878,-11.012511477708317,-11.427463896150238,-11.149183321470202
side=sell,dipole_short_neg_le,-0.1,33937,2747,0.08094410230721631,8217,702,0.08543263964950712,0.25555151073898796,1.055452308622251,-11.08044467484415,-11.703806586640408,-11.149183321470202
side=sell,dipole_short_neg_le,-0.2,33937,2747,0.08094410230721631,4213,343,0.0814146688820318,0.12486348744084456,1.0058134757369908,-11.769110188596253,-11.713359984404892,-11.149183321470202
side=sell,hold_min_le_avoid_chop,15,33937,2747,0.08094410230721631,31200,718,0.02301282051282051,0.2613760465962869,0.2843050927351983,-13.291572700000915,-11.755206460001663,-11.149183321470202
side=sell,hold_min_le_avoid_chop,30,33937,2747,0.08094410230721631,32686,1725,0.0527748883313957,0.6279577721150346,0.651991767492747,-12.424554261899779,-11.455784810133594,-11.149183321470202
side=sell,hold_min_le_avoid_chop,60,33937,2747,0.08094410230721631,33487,2375,0.07092304476363961,0.8645795413178012,0.8761978049303377,-11.641550927586318,-11.255207751072085,-11.149183321470202
side=sell,hold_min_ge_runners,60,33937,2747,0.08094410230721631,617,519,0.8411669367909238,0.18893338187113215,10.391948428785431,31.86326795686608,22.02893773941946,-11.149183321470202
side=sell,hold_min_ge_runners,120,33937,2747,0.08094410230721631,99,54,0.5454545454545454,0.019657808518383692,6.738657047357448,13.487530102609163,12.749726535924712,-11.149183321470202
side=sell,fast_winner_pattern,True,33937,2747,0.08094410230721631,70,20,0.2857142857142857,0.0072806698216235895,3.5297727390919964,3.411148562651288,-2.8465500516117705,-11.149183321470202
side=sell,clean_no_underwater_30m_cover,True,33937,2747,0.08094410230721631,70,20,0.2857142857142857,0.0072806698216235895,3.5297727390919964,3.411148562651288,-2.8465500516117705,-11.149183321470202
side=sell,net_bps_per_min_floor,0.05,33937,2747,0.08094410230721631,2092,2092,1.0,0.7615580633418274,12.354204586821988,28.507757940015075,19.19656798915741,-11.149183321470202
side=sell,net_bps_per_min_floor,0.1,33937,2747,0.08094410230721631,1949,1949,1.0,0.7095012741172187,12.354204586821988,30.336792503363785,20.505614546142738,-11.149183321470202
side=sell,net_bps_per_min_floor,0.2,33937,2747,0.08094410230721631,1806,1806,1.0,0.6574444848926101,12.354204586821988,32.261102938113964,21.967532089808675,-11.149183321470202
side=sell,net_bps_per_min_floor,0.5,33937,2747,0.08094410230721631,1224,1224,1.0,0.4455769930833637,12.354204586821988,40.492754976958096,30.047771574804557,-11.149183321470202
BTC,cover_by_15m_TRUE,True,29942,2087,0.06970142275065126,5598,2055,0.3670953912111468,0.9846669861044561,5.266684333322548,1.0697214894215576,-2.786419041398572,-11.069664148054144
BTC,cover_by_30m_TRUE,True,29942,2087,0.06970142275065126,5622,2063,0.36695126289576663,0.9885002395783421,5.264616537434137,1.0309743743206643,-2.78764664730717,-11.069664148054144
BTC,cover_by_60m_TRUE,True,29942,2087,0.06970142275065126,5649,2079,0.3680297397769517,0.996166746526114,5.280089347580971,1.1553125708634033,-2.772420897875916,-11.069664148054144
BTC,ever_underwater_FALSE,True,29942,2087,0.06970142275065126,192,40,0.20833333333333334,0.019166267369429803,2.9889394665388918,-0.24534757000202534,-3.8124704506284264,-11.069664148054144
BTC,reached_12bps_within_15m,True,29942,2087,0.06970142275065126,4442,2011,0.45272399819900944,0.9635840919980834,6.495190203198246,3.477453555835276,-1.8033544433171222,-11.069664148054144
BTC,reached_12bps_within_30m,True,29942,2087,0.06970142275065126,4529,2052,0.45308015014351954,0.9832295160517489,6.5002998828927945,3.316290730051299,-1.8033544433171222,-11.069664148054144
BTC,reached_20bps_within_30m,True,29942,2087,0.06970142275065126,2537,1870,0.737091052424123,0.8960229995208433,10.57497857771111,11.172219241313094,4.467775162330955,-11.069664148054144
BTC,reached_20bps_within_60m,True,29942,2087,0.06970142275065126,2594,1913,0.7374710871241326,0.9166267369429804,10.580430901135973,11.302069408818435,4.506472904655578,-11.069664148054144
BTC,volume_zscore_le,-0.5,29942,2087,0.06970142275065126,10330,764,0.07395934172313649,0.36607570675610923,1.061087977898492,-10.764646953058934,-11.299646425407888,-11.069664148054144
BTC,volume_zscore_le,-0.25,29942,2087,0.06970142275065126,17570,1279,0.07279453614114968,0.612841399137518,1.044376617699235,-10.695906154958063,-11.060237925857377,-11.069664148054144
BTC,volume_zscore_le,0.0,29942,2087,0.06970142275065126,20264,1438,0.07096328464271615,0.6890273119310014,1.018103818290468,-10.73680851275532,-11.06456519986352,-11.069664148054144
BTC,volume_zscore_le,0.25,29942,2087,0.06970142275065126,21962,1579,0.07189691284946727,0.7565884044082415,1.0314984976227832,-10.75130125228007,-11.06399504383928,-11.069664148054144
BTC,volume_zscore_le,0.5,29942,2087,0.06970142275065126,23222,1677,0.07221600206700543,0.8035457594633445,1.0360764417298882,-10.785138593161331,-11.064149560571837,-11.069664148054144
BTC,nt_ratio_entry_vs_pre30_ge,1.0,29942,2087,0.06970142275065126,8964,685,0.07641677822400714,0.3282223287014854,1.0963445968295265,-10.596101243136104,-10.977227772572801,-11.069664148054144
BTC,nt_ratio_entry_vs_pre30_ge,1.5,29942,2087,0.06970142275065126,5868,437,0.07447171097477846,0.2093914710110206,1.0684388931513256,-10.694162089335913,-11.071109805853936,-11.069664148054144
BTC,nt_ratio_entry_vs_pre30_ge,2.0,29942,2087,0.06970142275065126,4272,281,0.06577715355805243,0.13464302827024438,0.9436988652780095,-10.758230173483952,-11.121630174806393,-11.069664148054144
BTC,nt_ratio_entry_vs_pre30_ge,3.0,29942,2087,0.06970142275065126,2508,159,0.06339712918660287,0.07618591279348347,0.9095528711572894,-11.104943521821351,-11.234296416611768,-11.069664148054144
BTC,entry_imb_long_bid_ge,-0.2,29942,2087,0.06970142275065126,4602,354,0.07692307692307693,0.16962146621945376,1.10360841841436,-10.023125016231097,-10.113649706179563,-11.069664148054144
BTC,entry_imb_long_bid_ge,0.0,29942,2087,0.06970142275065126,4173,331,0.07931943445962138,0.15860086248203162,1.1379887429755549,-9.931536743454648,-10.113649706179563,-11.069664148054144
BTC,entry_imb_long_bid_ge,0.2,29942,2087,0.06970142275065126,3736,319,0.08538543897216275,0.1528509822712027,1.2250171603758968,-9.85781079622601,-10.03639419767191,-11.069664148054144
BTC,entry_imb_long_bid_ge,0.5,29942,2087,0.06970142275065126,3132,275,0.08780332056194125,0.1317680881648299,1.2597062885796093,-10.006003370109285,-10.06220136189555,-11.069664148054144
BTC,entry_imb_short_ask_le,0.2,29942,2087,0.06970142275065126,3520,252,0.0715909090909091,0.12074748442740776,1.0271082894106374,-10.01021553312301,-10.112364948675971,-11.069664148054144
BTC,entry_imb_short_ask_le,0.0,29942,2087,0.06970142275065126,3219,234,0.07269338303821063,0.11212266411116435,1.0429253832918555,-10.045432153939085,-10.120853466549557,-11.069664148054144
BTC,entry_imb_short_ask_le,-0.2,29942,2087,0.06970142275065126,2898,216,0.07453416149068323,0.10349784379492094,1.0693348650474543,-10.182485012894606,-10.06313592347429,-11.069664148054144
BTC,entry_imb_short_ask_le,-0.5,29942,2087,0.06970142275065126,2453,170,0.06930289441500204,0.08145663632007666,0.994282350059411,-10.199591795616392,-10.234951463511576,-11.069664148054144
BTC,pre5_buyvol_long_ge,0.5,29942,2087,0.06970142275065126,9868,740,0.07498986623429266,0.3545759463344514,1.0758728197351177,-10.512272910627425,-10.830503235816137,-11.069664148054144
BTC,pre5_buyvol_long_ge,0.7,29942,2087,0.06970142275065126,8091,607,0.07502162897046101,0.2908481073310973,1.0763285168344723,-10.303817948625722,-10.766817725034269,-11.069664148054144
BTC,pre5_buyvol_long_ge,0.9,29942,2087,0.06970142275065126,5716,438,0.07662701189643108,0.20987062769525636,1.0993608002889024,-10.119994751820808,-10.636785749691192,-11.069664148054144
BTC,pre5_buyvol_short_le,0.5,29942,2087,0.06970142275065126,5647,420,0.07437577474765363,0.20124580737901293,1.0670625047888092,-10.382132465000831,-10.990775599569842,-11.069664148054144
BTC,pre5_buyvol_short_le,0.3,29942,2087,0.06970142275065126,4414,336,0.076121431807884,0.16099664590321036,1.0921072885441603,-10.281892075773504,-10.860596349715335,-11.069664148054144
BTC,pre5_buyvol_short_le,0.1,29942,2087,0.06970142275065126,2827,204,0.07216130173328617,0.097747963584092,1.0352916609957137,-10.120713277163308,-10.810898934164635,-11.069664148054144
BTC,trade_present_score_ge,25,29942,2087,0.06970142275065126,29342,2049,0.06983164065162566,0.9817920459990417,1.0018682244326667,-10.791374696727575,-11.068218490254354,-11.069664148054144
BTC,trade_present_score_ge,40,29942,2087,0.06970142275065126,11805,875,0.07412113511224058,0.41926209870627695,1.0634092129998598,-10.840782032666729,-11.143074587040685,-11.069664148054144
BTC,trade_present_score_ge,55,29942,2087,0.06970142275065126,8339,688,0.08250389734980214,0.3296597987541926,1.1836759436740658,-10.713279582297918,-11.123459112395965,-11.069664148054144
BTC,trade_present_score_ge,70,29942,2087,0.06970142275065126,3450,326,0.0944927536231884,0.1562050790608529,1.3556789789101615,-10.382497792384136,-11.336722762738644,-11.069664148054144
BTC,dipole_long_pos_ge,0.0,29942,2087,0.06970142275065126,11108,813,0.07319049333813468,0.38955438428366074,1.0500573797462522,-10.93278695115288,-11.25653313192031,-11.069664148054144
BTC,dipole_long_pos_ge,0.1,29942,2087,0.06970142275065126,7720,567,0.07344559585492227,0.27168183996166745,1.0537173124523636,-10.860354468078597,-11.297908755134518,-11.069664148054144
BTC,dipole_long_pos_ge,0.2,29942,2087,0.06970142275065126,4857,384,0.07906114885731934,0.1839961667465261,1.1342831428298301,-11.18611726893238,-11.454897994221923,-11.069664148054144
BTC,dipole_short_neg_le,0.0,29942,2087,0.06970142275065126,6052,407,0.06725049570389954,0.19501677048394825,0.9648367716177096,-10.92040147082263,-11.31483646085382,-11.069664148054144
BTC,dipole_short_neg_le,-0.1,29942,2087,0.06970142275065126,3499,220,0.06287510717347813,0.10541447053186392,0.9020634686096225,-11.105323852857996,-11.497751085612888,-11.069664148054144
BTC,dipole_short_neg_le,-0.2,29942,2087,0.06970142275065126,1863,112,0.06011808910359635,0.05366554863440345,0.8625087800382759,-11.503110411361114,-11.53397171174103,-11.069664148054144
BTC,hold_min_le_avoid_chop,15,29942,2087,0.06970142275065126,27715,444,0.016020205664802452,0.21274556780067083,0.22984043987327024,-12.596318783778925,-11.592155358341461,-11.069664148054144
BTC,hold_min_le_avoid_chop,30,29942,2087,0.06970142275065126,28906,1193,0.04127170829585553,0.5716339242932439,0.5921214613294232,-11.944187622730704,-11.335525032449024,-11.069664148054144
BTC,hold_min_le_avoid_chop,60,29942,2087,0.06970142275065126,29516,1723,0.05837511857975335,0.8255869669381888,0.83750253977718,-11.400378430954023,-11.179794394858177,-11.069664148054144
BTC,hold_min_ge_runners,60,29942,2087,0.06970142275065126,554,484,0.8736462093862816,0.2319118351701006,12.534123048128434,28.949691705493798,22.416246606240293,-11.069664148054144
BTC,hold_min_ge_runners,120,29942,2087,0.06970142275065126,81,68,0.8395061728395061,0.03258265452803066,12.044319035534494,44.9102917613612,58.25011199864011,-11.069664148054144
BTC,fast_winner_pattern,True,29942,2087,0.06970142275065126,78,34,0.4358974358974359,0.01629132726401533,6.253781037681373,4.614110839742305,-0.9030681906992228,-11.069664148054144
BTC,clean_no_underwater_30m_cover,True,29942,2087,0.06970142275065126,78,34,0.4358974358974359,0.01629132726401533,6.253781037681373,4.614110839742305,-0.9030681906992228,-11.069664148054144
BTC,net_bps_per_min_floor,0.05,29942,2087,0.06970142275065126,1560,1560,1.0,0.7474844274077623,14.346909439386678,24.478064602449578,15.954549265565285,-11.069664148054144
BTC,net_bps_per_min_floor,0.1,29942,2087,0.06970142275065126,1444,1444,1.0,0.6919022520364159,14.346909439386678,26.13987131191867,17.795939282412544,-11.069664148054144
BTC,net_bps_per_min_floor,0.2,29942,2087,0.06970142275065126,1279,1279,1.0,0.612841399137518,14.346909439386678,28.70253067847615,21.27522978099968,-11.069664148054144
BTC,net_bps_per_min_floor,0.5,29942,2087,0.06970142275065126,699,699,1.0,0.3349305222807858,14.346909439386678,38.701222875139614,29.00996434983754,-11.069664148054144
ETH,cover_by_15m_TRUE,True,37786,3529,0.09339437887048113,10751,3466,0.32238861501255694,0.9821479172570133,3.451905980976049,-1.3130178902166247,-4.3956542303512585,-11.43727092877774
ETH,cover_by_30m_TRUE,True,37786,3529,0.09339437887048113,10796,3495,0.32373101148573546,0.9903655426466421,3.4662793992632475,-1.3045075207788583,-4.3907662440783595,-11.43727092877774
ETH,cover_by_60m_TRUE,True,37786,3529,0.09339437887048113,10840,3495,0.3224169741697417,0.9903655426466421,3.45220963048395,-1.3162072672428793,-4.380916063802127,-11.43727092877774
ETH,ever_underwater_FALSE,True,37786,3529,0.09339437887048113,233,61,0.26180257510729615,0.01728534995749504,2.8031941351669856,-1.6271464161265887,-4.159390897842737,-11.43727092877774
ETH,reached_12bps_within_15m,True,37786,3529,0.09339437887048113,8773,3428,0.3907443291918386,0.9713799943326722,4.183809924296631,0.8504369791271572,-3.634004165367579,-11.43727092877774
ETH,reached_12bps_within_30m,True,37786,3529,0.09339437887048113,8854,3478,0.39281680596340635,0.9855483139699631,4.206000518598263,0.8425733597878183,-3.5901928022165377,-11.43727092877774
ETH,reached_20bps_within_30m,True,37786,3529,0.09339437887048113,5075,3303,0.6508374384236453,0.9359591952394446,6.968700325382788,9.311785460352397,1.3661633135795679,-11.43727092877774
ETH,reached_20bps_within_60m,True,37786,3529,0.09339437887048113,5106,3322,0.6506071288679984,0.9413431567016152,6.966234335904275,9.260117370994761,1.3648839944356528,-11.43727092877774
ETH,volume_zscore_le,-0.5,37786,3529,0.09339437887048113,14983,1375,0.0917706734298872,0.389628790025503,0.982614527124318,-11.248387979447461,-11.536514310542117,-11.43727092877774
ETH,volume_zscore_le,-0.25,37786,3529,0.09339437887048113,23233,2133,0.0918090646924633,0.6044205157268348,0.9830255932188774,-11.128085450352325,-11.430120786298467,-11.43727092877774
ETH,volume_zscore_le,0.0,37786,3529,0.09339437887048113,26830,2458,0.09161386507640701,0.6965145933692264,0.9809355357826907,-11.042945378928959,-11.416877303956808,-11.43727092877774
ETH,volume_zscore_le,0.25,37786,3529,0.09339437887048113,29141,2700,0.09265296317902612,0.7650892604137149,0.992061452729578,-11.061943993544805,-11.393683664653416,-11.43727092877774
ETH,volume_zscore_le,0.5,37786,3529,0.09339437887048113,30543,2796,0.09154307042530203,0.7922924341173136,0.9801775174526672,-11.064667260208099,-11.400240282565196,-11.43727092877774
ETH,nt_ratio_entry_vs_pre30_ge,1.0,37786,3529,0.09339437887048113,11398,1109,0.09729777153886647,0.31425332955511476,1.041794728072431,-11.410565953189908,-11.608041485407806,-11.43727092877774
ETH,nt_ratio_entry_vs_pre30_ge,1.5,37786,3529,0.09339437887048113,7742,704,0.09093257556187032,0.19948994049305752,0.9736407764751578,-11.655396758271195,-11.579240637725622,-11.43727092877774
ETH,nt_ratio_entry_vs_pre30_ge,2.0,37786,3529,0.09339437887048113,5034,490,0.09733810091378625,0.13884953244545198,1.0422265460834024,-11.46558886447173,-11.470283012386865,-11.43727092877774
ETH,nt_ratio_entry_vs_pre30_ge,3.0,37786,3529,0.09339437887048113,2803,252,0.08990367463432038,0.07140833097194672,0.962624043562604,-11.205334334268382,-11.356802487150404,-11.43727092877774
ETH,entry_imb_long_bid_ge,-0.2,37786,3529,0.09339437887048113,3643,352,0.09662366181718364,0.09974497024652876,1.0345768448353927,-10.378260667093231,-11.073042006991146,-11.43727092877774
ETH,entry_imb_long_bid_ge,0.0,37786,3529,0.09339437887048113,3176,307,0.0966624685138539,0.08699348257296685,1.0349923591001653,-10.473637346796966,-11.167645239032627,-11.43727092877774
ETH,entry_imb_long_bid_ge,0.2,37786,3529,0.09339437887048113,2757,259,0.09394269133115705,0.07339189572116747,1.0058709364236613,-10.624855250777053,-11.242338650916635,-11.43727092877774
ETH,entry_imb_long_bid_ge,0.5,37786,3529,0.09339437887048113,2048,190,0.0927734375,0.05383961462170587,0.993351405320204,-10.891461968605176,-11.296065769341277,-11.43727092877774
ETH,entry_imb_short_ask_le,0.2,37786,3529,0.09339437887048113,4883,335,0.06860536555396272,0.09492774156984982,0.734577031119874,-11.076790220509928,-10.74451088193613,-11.43727092877774
ETH,entry_imb_short_ask_le,0.0,37786,3529,0.09339437887048113,4318,306,0.07086614173228346,0.08671011618022102,0.7587838003672607,-10.879358419280576,-10.776403942160242,-11.43727092877774
ETH,entry_imb_short_ask_le,-0.2,37786,3529,0.09339437887048113,3711,275,0.07410401509027216,0.0779257580051006,0.7934526251632258,-10.628020650645555,-10.688335533472312,-11.43727092877774
ETH,entry_imb_short_ask_le,-0.5,37786,3529,0.09339437887048113,2899,211,0.07278371852362883,0.05979030886936809,0.7793158368188833,-10.91500259795856,-10.50469128329252,-11.43727092877774
ETH,pre5_buyvol_long_ge,0.5,37786,3529,0.09339437887048113,9351,889,0.0950700459843867,0.2519127231510343,1.0179418411918493,-10.887676341587992,-11.554748026427205,-11.43727092877774
ETH,pre5_buyvol_long_ge,0.7,37786,3529,0.09339437887048113,7832,744,0.09499489274770173,0.21082459620289035,1.0171371542546495,-10.805035500513066,-11.53779197246448,-11.43727092877774
ETH,pre5_buyvol_long_ge,0.9,37786,3529,0.09339437887048113,5674,540,0.09517095523440254,0.153017852082743,1.019022305040276,-10.397248208991762,-11.376280423087223,-11.43727092877774
ETH,pre5_buyvol_short_le,0.5,37786,3529,0.09339437887048113,9439,942,0.09979870749020023,0.26693114196656276,1.0685729558585169,-11.062114342363776,-11.24503308416493,-11.43727092877774
ETH,pre5_buyvol_short_le,0.3,37786,3529,0.09339437887048113,7526,752,0.09992027637523253,0.2130915273448569,1.0698746282557485,-10.718536759859928,-10.965272546937477,-11.43727092877774
ETH,pre5_buyvol_short_le,0.1,37786,3529,0.09339437887048113,4554,435,0.09552042160737813,0.12326438084443185,1.0227641402256702,-10.88538903480714,-10.8594843952695,-11.43727092877774
ETH,trade_present_score_ge,25,37786,3529,0.09339437887048113,36828,3451,0.09370587596394048,0.977897421365826,1.0033352873826735,-11.11386437173714,-11.394313122316492,-11.43727092877774
ETH,trade_present_score_ge,40,37786,3529,0.09339437887048113,14878,1448,0.09732490926199758,0.41031453669594786,1.0420852993408445,-11.158929279010843,-11.416877303956808,-11.43727092877774
ETH,trade_present_score_ge,55,37786,3529,0.09339437887048113,10518,1044,0.09925841414717627,0.29583451402663646,1.0627878823930865,-11.239785467372954,-11.375177508506068,-11.43727092877774
ETH,trade_present_score_ge,70,37786,3529,0.09339437887048113,4946,544,0.10998786898503841,0.15415131765372628,1.1776711865878893,-11.497463325207395,-11.62538967160209,-11.43727092877774
ETH,dipole_long_pos_ge,0.0,37786,3529,0.09339437887048113,11673,1154,0.09886061852137411,0.3270048172286767,1.058528572243877,-11.04968634428797,-11.698933189540734,-11.43727092877774
ETH,dipole_long_pos_ge,0.1,37786,3529,0.09339437887048113,8194,829,0.10117158896753722,0.23491073958628506,1.0832727856977504,-11.191036557576798,-11.854628326786454,-11.43727092877774
ETH,dipole_long_pos_ge,0.2,37786,3529,0.09339437887048113,5419,547,0.1009411330503783,0.15500141683196372,1.0808052290851784,-11.301608993919467,-11.886415304765814,-11.43727092877774
ETH,dipole_short_neg_le,0.0,37786,3529,0.09339437887048113,8387,819,0.09765112674377012,0.23207707565882688,1.045578202079937,-11.078977408514586,-11.59672619047572,-11.43727092877774
ETH,dipole_short_neg_le,-0.1,37786,3529,0.09339437887048113,4718,482,0.10216193302246715,0.1365826013034854,1.093876679282217,-11.061993584579113,-11.948852384407987,-11.43727092877774
ETH,dipole_short_neg_le,-0.2,37786,3529,0.09339437887048113,2350,231,0.09829787234042553,0.0654576367242845,1.0525030898994954,-11.979985756676705,-11.976169006827416,-11.43727092877774
ETH,hold_min_le_avoid_chop,15,37786,3529,0.09339437887048113,34176,852,0.024929775280898875,0.24142816661943894,0.2669301470002961,-13.814449859521279,-12.186245496653646,-11.43727092877774
ETH,hold_min_le_avoid_chop,30,37786,3529,0.09339437887048113,36106,2178,0.06032238409128677,0.6171720034003967,0.6458888085217801,-12.78450255532629,-11.812703382596222,-11.43727092877774
ETH,hold_min_le_avoid_chop,60,37786,3529,0.09339437887048113,37191,3033,0.08155198838428653,0.8594502691980731,0.8732001793960472,-11.879692191184922,-11.556101839169425,-11.43727092877774
ETH,hold_min_ge_runners,60,37786,3529,0.09339437887048113,818,691,0.8447432762836186,0.19580617738736186,9.044904912908136,31.471144983805182,21.9566643512183,-11.43727092877774
ETH,hold_min_ge_runners,120,37786,3529,0.09339437887048113,150,98,0.6533333333333333,0.027769906489090394,6.995424577311797,18.607480893435767,13.57701173227754,-11.43727092877774
ETH,fast_winner_pattern,True,37786,3529,0.09339437887048113,131,61,0.46564885496183206,0.01728534995749504,4.985833843464944,2.9708677867227777,-1.539705932903379,-11.43727092877774
ETH,clean_no_underwater_30m_cover,True,37786,3529,0.09339437887048113,131,61,0.46564885496183206,0.01728534995749504,4.985833843464944,2.9708677867227777,-1.539705932903379,-11.43727092877774
ETH,net_bps_per_min_floor,0.05,37786,3529,0.09339437887048113,2662,2662,1.0,0.7543213374893738,10.707282516293567,28.06195198952716,18.577385517088967,-11.43727092877774
ETH,net_bps_per_min_floor,0.1,37786,3529,0.09339437887048113,2448,2448,1.0,0.6936809294417682,10.707282516293567,30.200383554591966,20.18325836828936,-11.43727092877774
ETH,net_bps_per_min_floor,0.2,37786,3529,0.09339437887048113,2209,2209,1.0,0.6259563615755172,10.707282516293567,32.734476025374924,22.011753971892645,-11.43727092877774
ETH,net_bps_per_min_floor,0.5,37786,3529,0.09339437887048113,1457,1457,1.0,0.4128648342306602,10.707282516293567,41.8698828122683,32.16757370456663,-11.43727092877774
dur_00-15m,cover_by_15m_TRUE,True,47864,739,0.015439578806618753,6486,705,0.10869565217391304,0.9539918809201624,7.04006589398129,-7.923869084293894,-5.602727672679434,-11.61814589126102
dur_00-15m,cover_by_30m_TRUE,True,47864,739,0.015439578806618753,6486,705,0.10869565217391304,0.9539918809201624,7.04006589398129,-7.923869084293894,-5.602727672679434,-11.61814589126102
dur_00-15m,cover_by_60m_TRUE,True,47864,739,0.015439578806618753,6486,705,0.10869565217391304,0.9539918809201624,7.04006589398129,-7.923869084293894,-5.602727672679434,-11.61814589126102
dur_00-15m,ever_underwater_FALSE,True,47864,739,0.015439578806618753,273,13,0.047619047619047616,0.017591339648173207,3.084219344029899,-5.642394225129941,-4.956048436213575,-11.61814589126102
dur_00-15m,reached_12bps_within_15m,True,47864,739,0.015439578806618753,4473,677,0.15135255980326404,0.9161028416779432,9.802894346987049,-7.2780678140886605,-5.015311028848306,-11.61814589126102
dur_00-15m,reached_12bps_within_30m,True,47864,739,0.015439578806618753,4473,677,0.15135255980326404,0.9161028416779432,9.802894346987049,-7.2780678140886605,-5.015311028848306,-11.61814589126102
dur_00-15m,reached_20bps_within_30m,True,47864,739,0.015439578806618753,1284,541,0.42133956386292837,0.7320703653585927,27.289576298694456,-3.851055807143321,-3.499851517510135,-11.61814589126102
dur_00-15m,reached_20bps_within_60m,True,47864,739,0.015439578806618753,1284,541,0.42133956386292837,0.7320703653585927,27.289576298694456,-3.851055807143321,-3.499851517510135,-11.61814589126102
dur_00-15m,volume_zscore_le,-0.5,47864,739,0.015439578806618753,17583,245,0.013933913439117328,0.33152909336941816,0.9024801527062406,-12.82479354256427,-11.746638223828825,-11.61814589126102
dur_00-15m,volume_zscore_le,-0.25,47864,739,0.015439578806618753,28625,419,0.014637554585152838,0.5669824086603519,0.9480540090172604,-12.63892671403564,-11.608898289221749,-11.61814589126102
dur_00-15m,volume_zscore_le,0.0,47864,739,0.015439578806618753,33214,494,0.014873246221472873,0.6684709066305818,0.9633194278005109,-12.640553885639548,-11.615946467152249,-11.61814589126102
dur_00-15m,volume_zscore_le,0.25,47864,739,0.015439578806618753,36071,535,0.014831859388428377,0.7239512855209743,0.9606388603081676,-12.654382649706122,-11.611184865701967,-11.61814589126102
dur_00-15m,volume_zscore_le,0.5,47864,739,0.015439578806618753,38048,572,0.015033641715727502,0.774018944519621,0.9737080204080936,-12.648537993550631,-11.613737252776197,-11.61814589126102
dur_00-15m,nt_ratio_entry_vs_pre30_ge,1.0,47864,739,0.015439578806618753,14489,274,0.018910897922561943,0.37077131258457374,1.2248325009005478,-12.850342712528247,-11.72293516212567,-11.61814589126102
dur_00-15m,nt_ratio_entry_vs_pre30_ge,1.5,47864,739,0.015439578806618753,9615,169,0.017576703068122725,0.22868741542625168,1.1384185597464493,-12.891705092064544,-11.78262217176359,-11.61814589126102
dur_00-15m,nt_ratio_entry_vs_pre30_ge,2.0,47864,739,0.015439578806618753,6653,125,0.01878851645874042,0.16914749661705006,1.216906024061098,-12.722431591094946,-11.640384172916812,-11.61814589126102
dur_00-15m,nt_ratio_entry_vs_pre30_ge,3.0,47864,739,0.015439578806618753,3821,74,0.019366657942946872,0.10013531799729364,1.2543514421937876,-12.752773554601061,-11.640384172916812,-11.61814589126102
dur_00-15m,entry_imb_long_bid_ge,-0.2,47864,739,0.015439578806618753,5770,81,0.014038128249566724,0.10960757780784844,0.9092300007270117,-11.820632402778726,-10.830503235816137,-11.61814589126102
dur_00-15m,entry_imb_long_bid_ge,0.0,47864,739,0.015439578806618753,5181,75,0.01447596988998263,0.10148849797023005,0.9375883935238546,-11.843211291377884,-10.834503676769831,-11.61814589126102
dur_00-15m,entry_imb_long_bid_ge,0.2,47864,739,0.015439578806618753,4591,70,0.015247222827270748,0.09472259810554803,0.9875413713186564,-11.970563680628864,-10.897574054828933,-11.61814589126102
dur_00-15m,entry_imb_long_bid_ge,0.5,47864,739,0.015439578806618753,3668,47,0.012813522355507088,0.06359945872801083,0.8299139837943048,-12.166046736165645,-11.039755881895076,-11.61814589126102
dur_00-15m,entry_imb_short_ask_le,0.2,47864,739,0.015439578806618753,6057,101,0.01667492157833911,0.13667117726657646,1.0800114295339962,-12.091845462947095,-10.72835303186054,-11.61814589126102
dur_00-15m,entry_imb_short_ask_le,0.0,47864,739,0.015439578806618753,5436,88,0.016188373804267846,0.11907983761840325,1.0484984083457052,-12.104221633173626,-10.76703617519781,-11.61814589126102
dur_00-15m,entry_imb_short_ask_le,-0.2,47864,739,0.015439578806618753,4795,85,0.017726798748696558,0.11502029769959404,1.1481400477775534,-12.028310997923437,-10.673939595660306,-11.61814589126102
dur_00-15m,entry_imb_short_ask_le,-0.5,47864,739,0.015439578806618753,3917,62,0.01582844013275466,0.08389715832205684,1.0251860061084832,-11.925570664253929,-10.614945291074106,-11.61814589126102
dur_00-15m,pre5_buyvol_long_ge,0.5,47864,739,0.015439578806618753,13478,173,0.012835732304496215,0.23410013531799728,0.8313524912346507,-12.46906882880939,-11.489471760054712,-11.61814589126102
dur_00-15m,pre5_buyvol_long_ge,0.7,47864,739,0.015439578806618753,11178,150,0.013419216317767043,0.2029769959404601,0.8691439375285545,-12.33354848059665,-11.404061523641687,-11.61814589126102
dur_00-15m,pre5_buyvol_long_ge,0.9,47864,739,0.015439578806618753,7995,97,0.012132582864290182,0.13125845737483086,0.7858104820248786,-12.14148099495089,-11.335530776905625,-11.61814589126102
dur_00-15m,pre5_buyvol_short_le,0.5,47864,739,0.015439578806618753,10734,249,0.023197316936836222,0.33694181326116374,1.502457886149836,-12.786444550067987,-11.46924835368599,-11.61814589126102
dur_00-15m,pre5_buyvol_short_le,0.3,47864,739,0.015439578806618753,8452,180,0.02129673450070989,0.2435723951285521,1.3793598107469258,-12.674237333142175,-11.313054062541433,-11.61814589126102
dur_00-15m,pre5_buyvol_short_le,0.1,47864,739,0.015439578806618753,5221,94,0.01800421375215476,0.12719891745602166,1.1661078308973416,-12.47621782694292,-11.141780491025528,-11.61814589126102
dur_00-15m,trade_present_score_ge,25,47864,739,0.015439578806618753,46724,721,0.015431041862854208,0.9756427604871448,0.9994470740509523,-12.661598834813143,-11.608041485407806,-11.61814589126102
dur_00-15m,trade_present_score_ge,40,47864,739,0.015439578806618753,18662,306,0.01639695638195263,0.4140730717185386,1.062008011185089,-12.790460315159233,-11.740616589194182,-11.61814589126102
dur_00-15m,trade_present_score_ge,55,47864,739,0.015439578806618753,13070,239,0.018286151491966336,0.3234100135317997,1.1843685453470592,-12.944338025830637,-11.748341950287218,-11.61814589126102
dur_00-15m,trade_present_score_ge,70,47864,739,0.015439578806618753,5686,138,0.02427013717903623,0.18673883626522328,1.5719429579666984,-13.572870341882327,-12.089847938560043,-11.61814589126102
dur_00-15m,dipole_long_pos_ge,0.0,47864,739,0.015439578806618753,15985,218,0.013637785423834845,0.29499323410013534,0.8833003538923289,-12.692526481608326,-11.782517494395307,-11.61814589126102
dur_00-15m,dipole_long_pos_ge,0.1,47864,739,0.015439578806618753,11118,151,0.013581579420759129,0.20433017591339647,0.8796599694116576,-12.7676741356387,-11.876254575917143,-11.61814589126102
dur_00-15m,dipole_long_pos_ge,0.2,47864,739,0.015439578806618753,7107,92,0.012944983818770227,0.12449255751014884,0.8384285595421085,-12.949968885316054,-11.998800119989731,-11.61814589126102
dur_00-15m,dipole_short_neg_le,0.0,47864,739,0.015439578806618753,10328,233,0.02256003098373354,0.3152909336941813,1.461181763200842,-12.918079494833464,-11.745754936570831,-11.61814589126102
dur_00-15m,dipole_short_neg_le,-0.1,47864,739,0.015439578806618753,5914,164,0.027730808251606356,0.2219215155615697,1.7960857999389535,-12.996533621661827,-11.901873875346995,-11.61814589126102
dur_00-15m,dipole_short_neg_le,-0.2,47864,739,0.015439578806618753,3026,103,0.03403833443489755,0.13937753721244925,2.204615479556071,-13.03908347040118,-11.757428923964106,-11.61814589126102
dur_00-15m,hold_min_le_avoid_chop,15,47864,739,0.015439578806618753,47864,739,0.015439578806618753,1.0,1.0,-12.674989069120654,-11.61814589126102,-11.61814589126102
dur_00-15m,hold_min_le_avoid_chop,30,47864,739,0.015439578806618753,47864,739,0.015439578806618753,1.0,1.0,-12.674989069120654,-11.61814589126102,-11.61814589126102
dur_00-15m,hold_min_le_avoid_chop,60,47864,739,0.015439578806618753,47864,739,0.015439578806618753,1.0,1.0,-12.674989069120654,-11.61814589126102,-11.61814589126102
dur_00-15m,hold_min_ge_runners,60,47864,739,0.015439578806618753,0,0,,0.0,,,,-11.61814589126102
dur_00-15m,hold_min_ge_runners,120,47864,739,0.015439578806618753,0,0,,0.0,,,,-11.61814589126102
dur_00-15m,fast_winner_pattern,True,47864,739,0.015439578806618753,88,13,0.14772727272727273,0.017591339648173207,9.568089555910937,-2.4863922873269866,-2.880126394570589,-11.61814589126102
dur_00-15m,clean_no_underwater_30m_cover,True,47864,739,0.015439578806618753,88,13,0.14772727272727273,0.017591339648173207,9.568089555910937,-2.4863922873269866,-2.880126394570589,-11.61814589126102
dur_00-15m,net_bps_per_min_floor,0.05,47864,739,0.015439578806618753,446,446,1.0,0.6035182679296346,64.76860622462787,9.599442620381243,6.33036842307916,-11.61814589126102
dur_00-15m,net_bps_per_min_floor,0.1,47864,739,0.015439578806618753,435,435,1.0,0.5886332882273342,64.76860622462787,9.821382552105314,6.357450202306515,-11.61814589126102
dur_00-15m,net_bps_per_min_floor,0.2,47864,739,0.015439578806618753,406,406,1.0,0.5493910690121786,64.76860622462787,10.430359440391967,6.8355628601953535,-11.61814589126102
dur_00-15m,net_bps_per_min_floor,0.5,47864,739,0.015439578806618753,278,278,1.0,0.3761840324763194,64.76860622462787,13.78751682632987,10.494647541677857,-11.61814589126102
dur_15-60m,cover_by_15m_TRUE,True,18492,3702,0.20019467878001299,8646,3677,0.4252833680314596,0.9932468935710427,2.124349011787615,-0.09974698328442472,-3.1218242548664206,-10.429541092978834
dur_15-60m,cover_by_30m_TRUE,True,18492,3702,0.20019467878001299,8699,3698,0.42510633406138637,0.9989195029713668,2.1234647027183025,-0.13601469189712084,-3.1218242548664206,-10.429541092978834
dur_15-60m,cover_by_60m_TRUE,True,18492,3702,0.20019467878001299,8747,3702,0.42323082199611295,1.0,2.1140962615753973,-0.13481406974644672,-3.1641431978715735,-10.429541092978834
dur_15-60m,ever_underwater_FALSE,True,18492,3702,0.20019467878001299,131,70,0.5343511450381679,0.0189086980010805,2.6691575834807675,5.209811056014351,-1.3204244369944025,-10.429541092978834
dur_15-60m,reached_12bps_within_15m,True,18492,3702,0.20019467878001299,7546,3643,0.48277232971110523,0.9840626688276607,2.4115142952506097,1.5032360322678928,-2.2758224106076272,-10.429541092978834
dur_15-60m,reached_12bps_within_30m,True,18492,3702,0.20019467878001299,7677,3698,0.48169858017454736,0.9989195029713668,2.4061507683921475,1.399549453267784,-2.276118920133264,-10.429541092978834
dur_15-60m,reached_20bps_within_30m,True,18492,3702,0.20019467878001299,5169,3532,0.6833043141806926,0.9540788762830902,3.413199183638403,7.073576018448904,1.8105396041185653,-10.429541092978834
dur_15-60m,reached_20bps_within_60m,True,18492,3702,0.20019467878001299,5193,3548,0.6832274215289813,0.958400864397623,3.412815094250114,7.0802712445408105,1.8105396041185653,-10.429541092978834
dur_15-60m,volume_zscore_le,-0.5,18492,3702,0.20019467878001299,7159,1423,0.19877077804162593,0.3843868179362507,0.9928874196503907,-9.789995261269302,-10.513623981111719,-10.429541092978834
dur_15-60m,volume_zscore_le,-0.25,18492,3702,0.20019467878001299,11291,2233,0.1977681339119653,0.6031874662344678,0.9878790740951006,-9.739989386204078,-10.421017290165837,-10.429541092978834
dur_15-60m,volume_zscore_le,0.0,18492,3702,0.20019467878001299,12881,2542,0.19734492663613074,0.6866558616963804,0.9857650954498459,-9.666620429681341,-10.421017290165837,-10.429541092978834
dur_15-60m,volume_zscore_le,0.25,18492,3702,0.20019467878001299,13955,2809,0.20128986026513795,0.7587790383576445,1.0054705823940926,-9.687292421705493,-10.426268134795407,-10.429541092978834
dur_15-60m,volume_zscore_le,0.5,18492,3702,0.20019467878001299,14597,2937,0.20120572720422006,0.793354943273906,1.0050503261643537,-9.674541050752213,-10.386372998301432,-10.429541092978834
dur_15-60m,nt_ratio_entry_vs_pre30_ge,1.0,18492,3702,0.20019467878001299,5491,1189,0.21653615006374066,0.32117774176121017,1.0816279003183933,-9.315808326356692,-10.30025723472739,-10.429541092978834
dur_15-60m,nt_ratio_entry_vs_pre30_ge,1.5,18492,3702,0.20019467878001299,3755,766,0.20399467376830893,0.2069151809832523,1.018981498466658,-9.597163465359255,-10.33608202274973,-10.429541092978834
dur_15-60m,nt_ratio_entry_vs_pre30_ge,2.0,18492,3702,0.20019467878001299,2480,494,0.19919354838709677,0.13344138303619665,0.9949992157682856,-9.746070227785548,-10.453509642586742,-10.429541092978834
dur_15-60m,nt_ratio_entry_vs_pre30_ge,3.0,18492,3702,0.20019467878001299,1411,270,0.1913536498936924,0.07293354943273905,0.955837842742885,-9.356953554863493,-10.30025723472739,-10.429541092978834
dur_15-60m,entry_imb_long_bid_ge,-0.2,18492,3702,0.20019467878001299,2276,443,0.19463971880492092,0.11966504592112372,0.9722522096544024,-9.46171813425085,-9.694456839259866,-10.429541092978834
dur_15-60m,entry_imb_long_bid_ge,0.0,18492,3702,0.20019467878001299,1989,401,0.2016088486676722,0.10831982712047541,1.007063973409669,-9.440218954919612,-9.96086756594416,-10.429541092978834
dur_15-60m,entry_imb_long_bid_ge,0.2,18492,3702,0.20019467878001299,1742,364,0.208955223880597,0.09832522960561858,1.0437601296596433,-9.271980426115519,-9.411065562562971,-10.429541092978834
dur_15-60m,entry_imb_long_bid_ge,0.5,18492,3702,0.20019467878001299,1397,313,0.22405153901216893,0.08454889249054565,1.1191683034611095,-9.12111183819117,-9.25518344803569,-10.429541092978834
dur_15-60m,entry_imb_short_ask_le,0.2,18492,3702,0.20019467878001299,2237,395,0.17657577112203846,0.10669908157752567,0.8820203024280754,-8.755671222647212,-9.780985781947837,-10.429541092978834
dur_15-60m,entry_imb_short_ask_le,0.0,18492,3702,0.20019467878001299,2003,371,0.18522216674987518,0.10021609940572664,0.9252102397457298,-8.38643643800089,-9.715308500845865,-10.429541092978834
dur_15-60m,entry_imb_short_ask_le,-0.2,18492,3702,0.20019467878001299,1732,341,0.19688221709006928,0.09211237169097786,0.983453797522842,-8.102652019774267,-9.652499897607967,-10.429541092978834
dur_15-60m,entry_imb_short_ask_le,-0.5,18492,3702,0.20019467878001299,1383,276,0.19956616052060738,0.07455429497568881,0.9968604647074748,-8.340609661876924,-9.384618764141763,-10.429541092978834
dur_15-60m,pre5_buyvol_long_ge,0.5,18492,3702,0.20019467878001299,5293,1063,0.20083128660494992,0.2871420853592653,1.0031799437868,-9.663401778627808,-10.349641282791868,-10.429541092978834
dur_15-60m,pre5_buyvol_long_ge,0.7,18492,3702,0.20019467878001299,4365,869,0.1990836197021764,0.23473797947055647,0.9944501068429621,-9.747944671963957,-10.426268134795407,-10.429541092978834
dur_15-60m,pre5_buyvol_long_ge,0.9,18492,3702,0.20019467878001299,3106,630,0.20283322601416612,0.17017828200972449,1.013179906929757,-9.293820684489857,-10.143871362122116,-10.429541092978834
dur_15-60m,pre5_buyvol_short_le,0.5,18492,3702,0.20019467878001299,4081,889,0.21783876500857632,0.24014046461372232,1.0881346414204736,-8.905300865033642,-9.956916777965745,-10.429541092978834
dur_15-60m,pre5_buyvol_short_le,0.3,18492,3702,0.20019467878001299,3264,718,0.21997549019607843,0.19394921663965425,1.0988078780945116,-8.538039338718374,-9.681773966363941,-10.429541092978834
dur_15-60m,pre5_buyvol_short_le,0.1,18492,3702,0.20019467878001299,2024,425,0.2099802371541502,0.11480280929227445,1.0488802121703256,-9.092360889097963,-9.655358331856913,-10.429541092978834
dur_15-60m,trade_present_score_ge,25,18492,3702,0.20019467878001299,18107,3631,0.20053018169768597,0.9808211777417613,1.0016758832937895,-9.653062610202,-10.386372998301432,-10.429541092978834
dur_15-60m,trade_present_score_ge,40,18492,3702,0.20019467878001299,7465,1528,0.2046885465505693,0.4127498649378714,1.0224474886043025,-9.678970010902207,-10.0848553726893,-10.429541092978834
dur_15-60m,trade_present_score_ge,55,18492,3702,0.20019467878001299,5405,1151,0.2129509713228492,0.310913019989195,1.0637194386013311,-9.476269899098696,-10.0,-10.429541092978834
dur_15-60m,trade_present_score_ge,70,18492,3702,0.20019467878001299,2528,569,0.22507911392405064,0.15370070232306862,1.1243011817081427,-8.876440612077431,-9.701934678885692,-10.429541092978834
dur_15-60m,dipole_long_pos_ge,0.0,18492,3702,0.20019467878001299,6280,1291,0.20557324840764332,0.348730415991356,1.0268666962598973,-9.905084208763768,-10.84319696636392,-10.429541092978834
dur_15-60m,dipole_long_pos_ge,0.1,18492,3702,0.20019467878001299,4444,935,0.2103960396039604,0.2525661804430038,1.0509572026894747,-10.05911406857575,-11.032030085664388,-10.429541092978834
dur_15-60m,dipole_long_pos_ge,0.2,18492,3702,0.20019467878001299,2913,614,0.2107792653621696,0.1658562938951918,1.0528714681462021,-10.670268035575818,-11.421974200362975,-10.429541092978834
dur_15-60m,dipole_short_neg_le,0.0,18492,3702,0.20019467878001299,3847,779,0.20249545100077984,0.2104267963263101,1.0114926742048678,-9.128936989602927,-10.733458969983396,-10.429541092978834
dur_15-60m,dipole_short_neg_le,-0.1,18492,3702,0.20019467878001299,2161,429,0.19851920407218882,0.11588330632090761,0.9916307730153743,-9.074195891162418,-11.01304314903291,-10.429541092978834
dur_15-60m,dipole_short_neg_le,-0.2,18492,3702,0.20019467878001299,1131,206,0.18213969938107868,0.05564559697460832,0.9098128905874951,-9.762282867790697,-11.136550284689344,-10.429541092978834
dur_15-60m,hold_min_le_avoid_chop,15,18492,3702,0.20019467878001299,14027,557,0.03970913238753832,0.1504592112371691,0.19835258673969708,-15.295782183434888,-13.39556134413672,-10.429541092978834
dur_15-60m,hold_min_le_avoid_chop,30,18492,3702,0.20019467878001299,17148,2632,0.15348728714718918,0.7109670448406267,0.7666901442263161,-11.673679722467567,-11.287200219262125,-10.429541092978834
dur_15-60m,hold_min_le_avoid_chop,60,18492,3702,0.20019467878001299,18492,3702,0.20019467878001299,1.0,1.0,-9.668230713691074,-10.429541092978834,-10.429541092978834
dur_15-60m,hold_min_ge_runners,60,18492,3702,0.20019467878001299,0,0,,0.0,,,,-10.429541092978834
dur_15-60m,hold_min_ge_runners,120,18492,3702,0.20019467878001299,0,0,,0.0,,,,-10.429541092978834
dur_15-60m,fast_winner_pattern,True,18492,3702,0.20019467878001299,106,67,0.6320754716981132,0.018098325229605618,3.157304057979878,6.282961737739247,-0.09562286916634122,-10.429541092978834
dur_15-60m,clean_no_underwater_30m_cover,True,18492,3702,0.20019467878001299,106,67,0.6320754716981132,0.018098325229605618,3.157304057979878,6.282961737739247,-0.09562286916634122,-10.429541092978834
dur_15-60m,net_bps_per_min_floor,0.05,18492,3702,0.20019467878001299,2742,2742,1.0,0.7406807131280388,4.995137763371151,22.563193657589093,15.963866472553148,-10.429541092978834
dur_15-60m,net_bps_per_min_floor,0.1,18492,3702,0.20019467878001299,2529,2529,1.0,0.6831442463533225,4.995137763371151,24.2792520161139,17.26035255675228,-10.429541092978834
dur_15-60m,net_bps_per_min_floor,0.2,18492,3702,0.20019467878001299,2285,2285,1.0,0.617233927606699,4.995137763371151,26.405658936479444,19.52898880705004,-10.429541092978834
dur_15-60m,net_bps_per_min_floor,0.5,18492,3702,0.20019467878001299,1475,1475,1.0,0.3984332793084819,4.995137763371151,35.16220682691757,28.03758556316153,-10.429541092978834
dur_60-180m,cover_by_15m_TRUE,True,1326,1129,0.8514328808446455,1171,1093,0.9333902647309992,0.9681133746678476,1.0962581851490742,35.613532241122215,24.949116754245477,21.9566643512183
dur_60-180m,cover_by_30m_TRUE,True,1326,1129,0.8514328808446455,1187,1109,0.9342881213142376,0.9822852081488043,1.097312709355783,35.269464886039856,24.355467425947154,21.9566643512183
dur_60-180m,cover_by_60m_TRUE,True,1326,1129,0.8514328808446455,1210,1121,0.9264462809917355,0.9929140832595217,1.0881025408282032,35.04700899238079,24.355467425947154,21.9566643512183
dur_60-180m,ever_underwater_FALSE,True,1326,1129,0.8514328808446455,20,17,0.85,0.015057573073516387,0.9983170947741364,20.490155611080827,21.84259116871705,21.9566643512183
dur_60-180m,reached_12bps_within_15m,True,1326,1129,0.8514328808446455,1150,1073,0.9330434782608695,0.9503985828166519,1.0958508876651134,36.255551253836295,25.52761689485,21.9566643512183
dur_60-180m,reached_12bps_within_30m,True,1326,1129,0.8514328808446455,1187,1109,0.9342881213142376,0.9822852081488043,1.097312709355783,35.269464886039856,24.355467425947154,21.9566643512183
dur_60-180m,reached_20bps_within_30m,True,1326,1129,0.8514328808446455,1122,1063,0.9474153297682709,0.941541186891054,1.1127304935985185,37.038421472185426,26.466175601991505,21.9566643512183
dur_60-180m,reached_20bps_within_60m,True,1326,1129,0.8514328808446455,1186,1109,0.9350758853288365,0.9822852081488043,1.0982379308645147,35.70916583012525,25.43434387654655,21.9566643512183
dur_60-180m,volume_zscore_le,-0.5,1326,1129,0.8514328808446455,551,451,0.8185117967332124,0.39946855624446415,0.9613344928859519,27.14143948760071,22.011753971892645,21.9566643512183
dur_60-180m,volume_zscore_le,-0.25,1326,1129,0.8514328808446455,859,732,0.8521536670547147,0.6483613817537643,1.000846556700223,27.863178586446644,20.883128377970614,21.9566643512183
dur_60-180m,volume_zscore_le,0.0,1326,1129,0.8514328808446455,964,825,0.8558091286307054,0.7307351638618246,1.00513986232446,29.828251940936486,21.9566643512183,21.9566643512183
dur_60-180m,volume_zscore_le,0.25,1326,1129,0.8514328808446455,1042,900,0.8637236084452975,0.7971656333038086,1.014435345259933,30.148240750315573,21.991710209983374,21.9566643512183
dur_60-180m,volume_zscore_le,0.5,1326,1129,0.8514328808446455,1085,929,0.8562211981566821,0.8228520814880426,1.0056238341503636,29.786618742266636,21.9566643512183,21.9566643512183
dur_60-180m,nt_ratio_entry_vs_pre30_ge,1.0,1326,1129,0.8514328808446455,373,322,0.8632707774798928,0.28520814880425155,1.0139034995025136,31.261442098964785,23.354405356121347,21.9566643512183
dur_60-180m,nt_ratio_entry_vs_pre30_ge,1.5,1326,1129,0.8514328808446455,237,203,0.8565400843881856,0.17980513728963685,1.0059983630635378,28.387148538339357,21.29159871095891,21.9566643512183
dur_60-180m,nt_ratio_entry_vs_pre30_ge,2.0,1326,1129,0.8514328808446455,171,150,0.8771929824561403,0.1328609388839681,1.0302549997669106,28.8917667635162,19.90799468156363,21.9566643512183
dur_60-180m,nt_ratio_entry_vs_pre30_ge,3.0,1326,1129,0.8514328808446455,77,65,0.8441558441558441,0.05757307351638618,0.9914531880873776,32.15705126407006,25.011806173505995,21.9566643512183
dur_60-180m,entry_imb_long_bid_ge,-0.2,1326,1129,0.8514328808446455,188,171,0.9095744680851063,0.15146147032772364,1.0682867534817104,27.992263573885438,25.527139466825133,21.9566643512183
dur_60-180m,entry_imb_long_bid_ge,0.0,1326,1129,0.8514328808446455,168,151,0.8988095238095238,0.1337466784765279,1.055643426546881,29.075888138803162,27.894833773967264,21.9566643512183
dur_60-180m,entry_imb_long_bid_ge,0.2,1326,1129,0.8514328808446455,152,136,0.8947368421052632,0.1204605845881311,1.0508600997622488,29.85295383241097,28.15378629095427,21.9566643512183
dur_60-180m,entry_imb_long_bid_ge,0.5,1326,1129,0.8514328808446455,111,101,0.9099099099099099,0.08945969884853854,1.068680726785244,30.6297291568499,29.08635028431691,21.9566643512183
dur_60-180m,entry_imb_short_ask_le,0.2,1326,1129,0.8514328808446455,100,82,0.82,0.07263064658990256,0.963082373782108,29.912082859464043,17.417137592060314,21.9566643512183
dur_60-180m,entry_imb_short_ask_le,0.0,1326,1129,0.8514328808446455,91,74,0.8131868131868132,0.06554472984942426,0.9550803492344679,32.6543314788565,18.446199625412895,21.9566643512183
dur_60-180m,entry_imb_short_ask_le,-0.2,1326,1129,0.8514328808446455,80,63,0.7875,0.05580159433126661,0.9249114260407441,33.52265286655844,22.04919436702101,21.9566643512183
dur_60-180m,entry_imb_short_ask_le,-0.5,1326,1129,0.8514328808446455,51,42,0.8235294117647058,0.03720106288751107,0.9672276350752879,30.656447718165747,18.006300963677113,21.9566643512183
dur_60-180m,pre5_buyvol_long_ge,0.5,1326,1129,0.8514328808446455,429,374,0.8717948717948718,0.3312666076173605,1.0239149689991143,29.24307847364738,23.98684722367804,21.9566643512183
dur_60-180m,pre5_buyvol_long_ge,0.7,1326,1129,0.8514328808446455,362,314,0.8674033149171271,0.27812223206377323,1.018757126288849,31.301335701418164,27.71997855765656,21.9566643512183
dur_60-180m,pre5_buyvol_long_ge,0.9,1326,1129,0.8514328808446455,272,234,0.8602941176470589,0.20726306465899025,1.0104074402125776,29.682760997358574,27.71997855765656,21.9566643512183
dur_60-180m,pre5_buyvol_short_le,0.5,1326,1129,0.8514328808446455,262,215,0.8206106870229007,0.1904340124003543,0.9637996200109534,38.07532743197551,29.522152940146945,21.9566643512183
dur_60-180m,pre5_buyvol_short_le,0.3,1326,1129,0.8514328808446455,218,184,0.8440366972477065,0.1629760850310009,0.9913132511518679,39.674162467611204,30.221185203541317,21.9566643512183
dur_60-180m,pre5_buyvol_short_le,0.1,1326,1129,0.8514328808446455,131,115,0.8778625954198473,0.10186005314437556,1.031041453965206,39.11861569706623,27.869340692994733,21.9566643512183
dur_60-180m,trade_present_score_ge,25,1326,1129,0.8514328808446455,1295,1104,0.8525096525096525,0.9778565101860053,1.001264658306288,29.54081905537911,21.84259116871705,21.9566643512183
dur_60-180m,trade_present_score_ge,40,1326,1129,0.8514328808446455,532,465,0.8740601503759399,0.41186891054030117,1.026575517624886,29.665869781995056,21.480250629955606,21.9566643512183
dur_60-180m,trade_present_score_ge,55,1326,1129,0.8514328808446455,360,320,0.8888888888888888,0.283436669619132,1.043991733097136,33.10605569693199,22.052387007773337,21.9566643512183
dur_60-180m,trade_present_score_ge,70,1326,1129,0.8514328808446455,176,157,0.8920454545454546,0.13906111603188662,1.0476990901038732,38.9883545237332,21.27522978099968,21.9566643512183
dur_60-180m,dipole_long_pos_ge,0.0,1326,1129,0.8514328808446455,501,443,0.8842315369261478,0.39238263950398583,1.0385217165315075,27.418595256771187,23.454207041412054,21.9566643512183
dur_60-180m,dipole_long_pos_ge,0.1,1326,1129,0.8514328808446455,337,295,0.8753709198813057,0.2612931798051373,1.0281150042184335,30.206384714561267,29.03811496730119,21.9566643512183
dur_60-180m,dipole_long_pos_ge,0.2,1326,1129,0.8514328808446455,242,211,0.871900826446281,0.18689105403011513,1.024039411751788,27.593462162491296,27.894833773967264,21.9566643512183
dur_60-180m,dipole_short_neg_le,0.0,1326,1129,0.8514328808446455,256,206,0.8046875,0.1824623560673162,0.9450979849424269,35.19707635366757,26.352105032398665,21.9566643512183
dur_60-180m,dipole_short_neg_le,-0.1,1326,1129,0.8514328808446455,137,104,0.7591240875912408,0.09211691762621789,0.8915841808201819,37.87889275533171,36.908330416740306,21.9566643512183
dur_60-180m,dipole_short_neg_le,-0.2,1326,1129,0.8514328808446455,51,29,0.5686274509803921,0.025686448184233834,0.6678476527900797,13.347692582628259,9.166477278618746,21.9566643512183
dur_60-180m,hold_min_le_avoid_chop,15,1326,1129,0.8514328808446455,0,0,,0.0,,,,21.9566643512183
dur_60-180m,hold_min_le_avoid_chop,30,1326,1129,0.8514328808446455,0,0,,0.0,,,,21.9566643512183
dur_60-180m,hold_min_le_avoid_chop,60,1326,1129,0.8514328808446455,351,315,0.8974358974358975,0.27900797165633306,1.054030115146147,20.368652739512594,14.262033351677411,21.9566643512183
dur_60-180m,hold_min_ge_runners,60,1326,1129,0.8514328808446455,1326,1129,0.8514328808446455,1.0,1.0,29.680466966576198,21.9566643512183,21.9566643512183
dur_60-180m,hold_min_ge_runners,120,1326,1129,0.8514328808446455,185,120,0.6486486486486487,0.10628875110717449,0.7618318052330454,21.64123871767273,19.42526029247287,21.9566643512183
dur_60-180m,fast_winner_pattern,True,1326,1129,0.8514328808446455,14,14,1.0,0.012400354295837024,1.174490699734278,20.00282058156465,21.84259116871705,21.9566643512183
dur_60-180m,clean_no_underwater_30m_cover,True,1326,1129,0.8514328808446455,14,14,1.0,0.012400354295837024,1.174490699734278,20.00282058156465,21.84259116871705,21.9566643512183
dur_60-180m,net_bps_per_min_floor,0.05,1326,1129,0.8514328808446455,997,997,1.0,0.8830823737821081,1.174490699734278,44.44483932439919,31.307759423990845,21.9566643512183
dur_60-180m,net_bps_per_min_floor,0.1,1326,1129,0.8514328808446455,899,899,1.0,0.7962798937112489,1.174490699734278,48.62882703975208,35.00130647282221,21.9566643512183
dur_60-180m,net_bps_per_min_floor,0.2,1326,1129,0.8514328808446455,773,773,1.0,0.6846767050487157,1.174490699734278,54.700670866710865,43.941312336134295,21.9566643512183
dur_60-180m,net_bps_per_min_floor,0.5,1326,1129,0.8514328808446455,391,391,1.0,0.3463241806908769,1.174490699734278,79.53150773262225,70.47658830922894,21.9566643512183
dur_180m+,cover_by_15m_TRUE,True,46,46,1.0,46,46,1.0,1.0,1.0,52.722317476438405,58.963089875713095,58.963089875713095
dur_180m+,cover_by_30m_TRUE,True,46,46,1.0,46,46,1.0,1.0,1.0,52.722317476438405,58.963089875713095,58.963089875713095
dur_180m+,cover_by_60m_TRUE,True,46,46,1.0,46,46,1.0,1.0,1.0,52.722317476438405,58.963089875713095,58.963089875713095
dur_180m+,ever_underwater_FALSE,True,46,46,1.0,1,1,1.0,0.021739130434782608,1.0,21.853414503093276,21.853414503093276,58.963089875713095
dur_180m+,reached_12bps_within_15m,True,46,46,1.0,46,46,1.0,1.0,1.0,52.722317476438405,58.963089875713095,58.963089875713095
dur_180m+,reached_12bps_within_30m,True,46,46,1.0,46,46,1.0,1.0,1.0,52.722317476438405,58.963089875713095,58.963089875713095
dur_180m+,reached_20bps_within_30m,True,46,46,1.0,37,37,1.0,0.8043478260869565,1.0,65.55577707344115,64.2827955488397,58.963089875713095
dur_180m+,reached_20bps_within_60m,True,46,46,1.0,37,37,1.0,0.8043478260869565,1.0,65.55577707344115,64.2827955488397,58.963089875713095
dur_180m+,volume_zscore_le,-0.5,46,46,1.0,20,20,1.0,0.43478260869565216,1.0,44.82938277532042,24.78313615380331,58.963089875713095
dur_180m+,volume_zscore_le,-0.25,46,46,1.0,28,28,1.0,0.6086956521739131,1.0,48.683804731930366,25.80943520909844,58.963089875713095
dur_180m+,volume_zscore_le,0.0,46,46,1.0,35,35,1.0,0.7608695652173914,1.0,50.0499263473367,26.045621873345745,58.963089875713095
dur_180m+,volume_zscore_le,0.25,46,46,1.0,35,35,1.0,0.7608695652173914,1.0,50.0499263473367,26.045621873345745,58.963089875713095
dur_180m+,volume_zscore_le,0.5,46,46,1.0,35,35,1.0,0.7608695652173914,1.0,50.0499263473367,26.045621873345745,58.963089875713095
dur_180m+,nt_ratio_entry_vs_pre30_ge,1.0,46,46,1.0,9,9,1.0,0.1956521739130435,1.0,71.12432233354427,78.74844725201378,58.963089875713095
dur_180m+,nt_ratio_entry_vs_pre30_ge,1.5,46,46,1.0,3,3,1.0,0.06521739130434782,1.0,91.30474209314603,97.57726624472049,58.963089875713095
dur_180m+,nt_ratio_entry_vs_pre30_ge,2.0,46,46,1.0,2,2,1.0,0.043478260869565216,1.0,97.58288951371216,97.58288951371216,58.963089875713095
dur_180m+,nt_ratio_entry_vs_pre30_ge,3.0,46,46,1.0,2,2,1.0,0.043478260869565216,1.0,97.58288951371216,97.58288951371216,58.963089875713095
dur_180m+,entry_imb_long_bid_ge,-0.2,46,46,1.0,11,11,1.0,0.2391304347826087,1.0,49.35899552559754,25.573248544851136,58.963089875713095
dur_180m+,entry_imb_long_bid_ge,0.0,46,46,1.0,11,11,1.0,0.2391304347826087,1.0,49.35899552559754,25.573248544851136,58.963089875713095
dur_180m+,entry_imb_long_bid_ge,0.2,46,46,1.0,8,8,1.0,0.17391304347826086,1.0,56.18646455514726,46.26220758593118,58.963089875713095
dur_180m+,entry_imb_long_bid_ge,0.5,46,46,1.0,4,4,1.0,0.08695652173913043,1.0,80.70901572815788,72.84980693951249,58.963089875713095
dur_180m+,entry_imb_short_ask_le,0.2,46,46,1.0,9,9,1.0,0.1956521739130435,1.0,56.84565387144386,56.45268754993086,58.963089875713095
dur_180m+,entry_imb_short_ask_le,0.0,46,46,1.0,7,7,1.0,0.15217391304347827,1.0,44.53158009831751,21.853414503093276,58.963089875713095
dur_180m+,entry_imb_short_ask_le,-0.2,46,46,1.0,2,2,1.0,0.043478260869565216,1.0,39.15305102651207,39.15305102651207,58.963089875713095
dur_180m+,entry_imb_short_ask_le,-0.5,46,46,1.0,1,1,1.0,0.021739130434782608,1.0,21.853414503093276,21.853414503093276,58.963089875713095
dur_180m+,pre5_buyvol_long_ge,0.5,46,46,1.0,19,19,1.0,0.41304347826086957,1.0,58.70758271128756,61.47349220149534,58.963089875713095
dur_180m+,pre5_buyvol_long_ge,0.7,46,46,1.0,18,18,1.0,0.391304347826087,1.0,60.54837905386736,62.15592996855737,58.963089875713095
dur_180m+,pre5_buyvol_long_ge,0.9,46,46,1.0,17,17,1.0,0.3695652173913043,1.0,60.24472177348923,61.47349220149534,58.963089875713095
dur_180m+,pre5_buyvol_short_le,0.5,46,46,1.0,9,9,1.0,0.1956521739130435,1.0,63.699281780346595,94.47529661266336,58.963089875713095
dur_180m+,pre5_buyvol_short_le,0.3,46,46,1.0,6,6,1.0,0.13043478260869565,1.0,48.31127436418822,34.60120704292778,58.963089875713095
dur_180m+,pre5_buyvol_short_le,0.1,46,46,1.0,5,5,1.0,0.10869565217391304,1.0,46.68299172703969,12.749726535924712,58.963089875713095
dur_180m+,trade_present_score_ge,25,46,46,1.0,44,44,1.0,0.9565217391304348,1.0,49.80169387056895,41.2491547116383,58.963089875713095
dur_180m+,trade_present_score_ge,40,46,46,1.0,24,24,1.0,0.5217391304347826,1.0,48.70237917129807,24.586897376559286,58.963089875713095
dur_180m+,trade_present_score_ge,55,46,46,1.0,22,22,1.0,0.4782608695652174,1.0,42.06612585128558,23.127663441707895,58.963089875713095
dur_180m+,trade_present_score_ge,70,46,46,1.0,6,6,1.0,0.13043478260869565,1.0,11.160207482762036,11.160037670073725,58.963089875713095
dur_180m+,dipole_long_pos_ge,0.0,46,46,1.0,15,15,1.0,0.32608695652173914,1.0,62.190817708233546,65.7105528202955,58.963089875713095
dur_180m+,dipole_long_pos_ge,0.1,46,46,1.0,15,15,1.0,0.32608695652173914,1.0,62.190817708233546,65.7105528202955,58.963089875713095
dur_180m+,dipole_long_pos_ge,0.2,46,46,1.0,14,14,1.0,0.30434782608695654,1.0,61.85079278546371,45.64190068257332,58.963089875713095
dur_180m+,dipole_short_neg_le,0.0,46,46,1.0,8,8,1.0,0.17391304347826086,1.0,64.60510605914857,94.47529661266336,58.963089875713095
dur_180m+,dipole_short_neg_le,-0.1,46,46,1.0,5,5,1.0,0.10869565217391304,1.0,46.68299172703969,12.749726535924712,58.963089875713095
dur_180m+,dipole_short_neg_le,-0.2,46,46,1.0,5,5,1.0,0.10869565217391304,1.0,46.68299172703969,12.749726535924712,58.963089875713095
dur_180m+,hold_min_le_avoid_chop,15,46,46,1.0,0,0,,0.0,,,,58.963089875713095
dur_180m+,hold_min_le_avoid_chop,30,46,46,1.0,0,0,,0.0,,,,58.963089875713095
dur_180m+,hold_min_le_avoid_chop,60,46,46,1.0,0,0,,0.0,,,,58.963089875713095
dur_180m+,hold_min_ge_runners,60,46,46,1.0,46,46,1.0,1.0,1.0,52.722317476438405,58.963089875713095,58.963089875713095
dur_180m+,hold_min_ge_runners,120,46,46,1.0,46,46,1.0,1.0,1.0,52.722317476438405,58.963089875713095,58.963089875713095
dur_180m+,fast_winner_pattern,True,46,46,1.0,1,1,1.0,0.021739130434782608,1.0,21.853414503093276,21.853414503093276,58.963089875713095
dur_180m+,clean_no_underwater_30m_cover,True,46,46,1.0,1,1,1.0,0.021739130434782608,1.0,21.853414503093276,21.853414503093276,58.963089875713095
dur_180m+,net_bps_per_min_floor,0.05,46,46,1.0,37,37,1.0,0.8043478260869565,1.0,65.55577707344115,64.2827955488397,58.963089875713095
dur_180m+,net_bps_per_min_floor,0.1,46,46,1.0,29,29,1.0,0.6304347826086957,1.0,78.7816499447139,83.3753184592761,58.963089875713095
dur_180m+,net_bps_per_min_floor,0.2,46,46,1.0,24,24,1.0,0.5217391304347826,1.0,90.23829563341823,94.47529661266336,58.963089875713095
dur_180m+,net_bps_per_min_floor,0.5,46,46,1.0,12,12,1.0,0.2608695652173913,1.0,105.2141480265912,99.94491207738606,58.963089875713095
window=h0-6,cover_by_15m_TRUE,True,622,96,0.15434083601286175,368,96,0.2608695652173913,1.0,1.6902173913043477,-6.183859511070466,-11.592194553542166,-15.145520850033886
window=h0-6,cover_by_30m_TRUE,True,622,96,0.15434083601286175,371,96,0.2587601078167116,1.0,1.6765498652291104,-6.315053359340845,-11.596086425564389,-15.145520850033886
window=h0-6,cover_by_60m_TRUE,True,622,96,0.15434083601286175,371,96,0.2587601078167116,1.0,1.6765498652291104,-6.315053359340845,-11.596086425564389,-15.145520850033886
window=h0-6,ever_underwater_FALSE,True,622,96,0.15434083601286175,0,0,,0.0,,,,-15.145520850033886
window=h0-6,reached_12bps_within_15m,True,622,96,0.15434083601286175,315,96,0.3047619047619048,1.0,1.9746031746031747,-4.780854476198796,-10.975077820018956,-15.145520850033886
window=h0-6,reached_12bps_within_30m,True,622,96,0.15434083601286175,319,96,0.30094043887147337,1.0,1.9498432601880877,-4.952321958576936,-10.975077820018956,-15.145520850033886
window=h0-6,reached_20bps_within_30m,True,622,96,0.15434083601286175,199,96,0.4824120603015075,1.0,3.125628140703517,5.0264887002108445,-3.968934251218359,-15.145520850033886
window=h0-6,reached_20bps_within_60m,True,622,96,0.15434083601286175,199,96,0.4824120603015075,1.0,3.125628140703517,5.0264887002108445,-3.968934251218359,-15.145520850033886
window=h0-6,volume_zscore_le,-0.5,622,96,0.15434083601286175,219,35,0.1598173515981735,0.3645833333333333,1.0354832572298325,-14.753916743280756,-13.704654660826055,-15.145520850033886
window=h0-6,volume_zscore_le,-0.25,622,96,0.15434083601286175,345,53,0.1536231884057971,0.5520833333333334,0.9953502415458937,-13.287379767761237,-14.245050511695766,-15.145520850033886
window=h0-6,volume_zscore_le,0.0,622,96,0.15434083601286175,398,69,0.17336683417085427,0.71875,1.1232726130653266,-12.159591406848582,-14.075322164961563,-15.145520850033886
window=h0-6,volume_zscore_le,0.25,622,96,0.15434083601286175,492,86,0.17479674796747968,0.8958333333333334,1.1325372628726287,-13.341616432968893,-15.31797489082427,-15.145520850033886
window=h0-6,volume_zscore_le,0.5,622,96,0.15434083601286175,498,88,0.17670682730923695,0.9166666666666666,1.144912985274431,-13.297715864862925,-15.318456764492414,-15.145520850033886
window=h0-6,nt_ratio_entry_vs_pre30_ge,1.0,622,96,0.15434083601286175,168,19,0.1130952380952381,0.19791666666666666,0.7327628968253967,-11.969962936541792,-14.698018742958055,-15.145520850033886
window=h0-6,nt_ratio_entry_vs_pre30_ge,1.5,622,96,0.15434083601286175,99,10,0.10101010101010101,0.10416666666666667,0.6544612794612794,-13.537639210883722,-14.505893718595999,-15.145520850033886
window=h0-6,nt_ratio_entry_vs_pre30_ge,2.0,622,96,0.15434083601286175,69,10,0.14492753623188406,0.10416666666666667,0.9390096618357487,-11.833331737779437,-14.890143767320112,-15.145520850033886
window=h0-6,nt_ratio_entry_vs_pre30_ge,3.0,622,96,0.15434083601286175,46,6,0.13043478260869565,0.0625,0.8451086956521738,-11.745557105755363,-18.037780027204107,-15.145520850033886
window=h0-6,entry_imb_long_bid_ge,-0.2,622,96,0.15434083601286175,0,0,,0.0,,,,-15.145520850033886
window=h0-6,entry_imb_long_bid_ge,0.0,622,96,0.15434083601286175,0,0,,0.0,,,,-15.145520850033886
window=h0-6,entry_imb_long_bid_ge,0.2,622,96,0.15434083601286175,0,0,,0.0,,,,-15.145520850033886
window=h0-6,entry_imb_long_bid_ge,0.5,622,96,0.15434083601286175,0,0,,0.0,,,,-15.145520850033886
window=h0-6,entry_imb_short_ask_le,0.2,622,96,0.15434083601286175,0,0,,0.0,,,,-15.145520850033886
window=h0-6,entry_imb_short_ask_le,0.0,622,96,0.15434083601286175,0,0,,0.0,,,,-15.145520850033886
window=h0-6,entry_imb_short_ask_le,-0.2,622,96,0.15434083601286175,0,0,,0.0,,,,-15.145520850033886
window=h0-6,entry_imb_short_ask_le,-0.5,622,96,0.15434083601286175,0,0,,0.0,,,,-15.145520850033886
window=h0-6,pre5_buyvol_long_ge,0.5,622,96,0.15434083601286175,113,25,0.22123893805309736,0.2604166666666667,1.43344395280236,-7.269738012984842,-12.386885831843248,-15.145520850033886
window=h0-6,pre5_buyvol_long_ge,0.7,622,96,0.15434083601286175,104,24,0.23076923076923078,0.25,1.4951923076923077,-7.660565202373199,-12.386885831843248,-15.145520850033886
window=h0-6,pre5_buyvol_long_ge,0.9,622,96,0.15434083601286175,77,21,0.2727272727272727,0.21875,1.7670454545454544,-1.6632112177919347,-9.113898164184373,-15.145520850033886
window=h0-6,pre5_buyvol_short_le,0.5,622,96,0.15434083601286175,208,28,0.1346153846153846,0.2916666666666667,0.8721955128205127,-15.618770343355825,-17.096992369190136,-15.145520850033886
window=h0-6,pre5_buyvol_short_le,0.3,622,96,0.15434083601286175,160,19,0.11875,0.19791666666666666,0.7694010416666666,-11.211217148711945,-14.893341273398303,-15.145520850033886
window=h0-6,pre5_buyvol_short_le,0.1,622,96,0.15434083601286175,82,7,0.08536585365853659,0.07291666666666667,0.553099593495935,-13.94303734516445,-14.893341273398303,-15.145520850033886
window=h0-6,trade_present_score_ge,25,622,96,0.15434083601286175,594,90,0.15151515151515152,0.9375,0.9816919191919191,-13.763555658655276,-14.868914623495751,-15.145520850033886
window=h0-6,trade_present_score_ge,40,622,96,0.15434083601286175,273,43,0.1575091575091575,0.4479166666666667,1.020528083028083,-11.195782474506478,-14.245050511695766,-15.145520850033886
window=h0-6,trade_present_score_ge,55,622,96,0.15434083601286175,185,26,0.14054054054054055,0.2708333333333333,0.9105855855855856,-12.585943417701547,-15.007648875388202,-15.145520850033886
window=h0-6,trade_present_score_ge,70,622,96,0.15434083601286175,85,16,0.18823529411764706,0.16666666666666666,1.2196078431372548,-11.38602229178405,-15.663018888834063,-15.145520850033886
window=h0-6,dipole_long_pos_ge,0.0,622,96,0.15434083601286175,179,38,0.2122905027932961,0.3958333333333333,1.3754655493482308,-10.249573677122145,-13.003192724180442,-15.145520850033886
window=h0-6,dipole_long_pos_ge,0.1,622,96,0.15434083601286175,126,18,0.14285714285714285,0.1875,0.925595238095238,-10.051898714294193,-13.003192724180442,-15.145520850033886
window=h0-6,dipole_long_pos_ge,0.2,622,96,0.15434083601286175,89,10,0.11235955056179775,0.10416666666666667,0.7279962546816479,-12.44253554018294,-13.023486853805803,-15.145520850033886
window=h0-6,dipole_short_neg_le,0.0,622,96,0.15434083601286175,202,14,0.06930693069306931,0.14583333333333334,0.4490511551155116,-19.937688944070544,-18.817653710171676,-15.145520850033886
window=h0-6,dipole_short_neg_le,-0.1,622,96,0.15434083601286175,128,12,0.09375,0.125,0.607421875,-19.61103902916645,-18.08559053488245,-15.145520850033886
window=h0-6,dipole_short_neg_le,-0.2,622,96,0.15434083601286175,54,4,0.07407407407407407,0.041666666666666664,0.4799382716049382,-21.130766697811634,-21.253063001469407,-15.145520850033886
window=h0-6,hold_min_le_avoid_chop,15,622,96,0.15434083601286175,525,23,0.04380952380952381,0.23958333333333334,0.28384920634920635,-20.528228197523006,-17.096992369190136,-15.145520850033886
window=h0-6,hold_min_le_avoid_chop,30,622,96,0.15434083601286175,575,57,0.09913043478260869,0.59375,0.6422826086956521,-17.772779661362243,-15.663018888834063,-15.145520850033886
window=h0-6,hold_min_le_avoid_chop,60,622,96,0.15434083601286175,609,85,0.13957307060755336,0.8854166666666666,0.9043171866447728,-14.469999145453505,-15.490428931614657,-15.145520850033886
window=h0-6,hold_min_ge_runners,60,622,96,0.15434083601286175,17,15,0.8823529411764706,0.15625,5.716911764705881,50.314453425988404,24.747731465269556,-15.145520850033886
window=h0-6,hold_min_ge_runners,120,622,96,0.15434083601286175,0,0,,0.0,,,,-15.145520850033886
window=h0-6,fast_winner_pattern,True,622,96,0.15434083601286175,0,0,,0.0,,,,-15.145520850033886
window=h0-6,clean_no_underwater_30m_cover,True,622,96,0.15434083601286175,0,0,,0.0,,,,-15.145520850033886
window=h0-6,net_bps_per_min_floor,0.05,622,96,0.15434083601286175,83,83,1.0,0.8645833333333334,6.479166666666666,45.376390409935254,39.18559324096313,-15.145520850033886
window=h0-6,net_bps_per_min_floor,0.1,622,96,0.15434083601286175,78,78,1.0,0.8125,6.479166666666666,48.20672844484119,39.19564544385804,-15.145520850033886
window=h0-6,net_bps_per_min_floor,0.2,622,96,0.15434083601286175,75,75,1.0,0.78125,6.479166666666666,50.032242973583095,43.79363882815929,-15.145520850033886
window=h0-6,net_bps_per_min_floor,0.5,622,96,0.15434083601286175,64,64,1.0,0.6666666666666666,6.479166666666666,56.70113971981823,54.355662833176154,-15.145520850033886
window=h102-108,cover_by_15m_TRUE,True,3120,84,0.026923076923076925,428,84,0.19626168224299065,1.0,7.289719626168224,-3.0194702669876405,-3.2964163320401987,-10.873672677629315
window=h102-108,cover_by_30m_TRUE,True,3120,84,0.026923076923076925,428,84,0.19626168224299065,1.0,7.289719626168224,-3.0194702669876405,-3.2964163320401987,-10.873672677629315
window=h102-108,cover_by_60m_TRUE,True,3120,84,0.026923076923076925,428,84,0.19626168224299065,1.0,7.289719626168224,-3.0194702669876405,-3.2964163320401987,-10.873672677629315
window=h102-108,ever_underwater_FALSE,True,3120,84,0.026923076923076925,18,6,0.3333333333333333,0.07142857142857142,12.38095238095238,1.5455008219143314,-3.1215200628803124,-10.873672677629315
window=h102-108,reached_12bps_within_15m,True,3120,84,0.026923076923076925,328,84,0.25609756097560976,1.0,9.512195121951219,-2.341028133436767,-3.276380299936437,-10.873672677629315
window=h102-108,reached_12bps_within_30m,True,3120,84,0.026923076923076925,328,84,0.25609756097560976,1.0,9.512195121951219,-2.341028133436767,-3.276380299936437,-10.873672677629315
window=h102-108,reached_20bps_within_30m,True,3120,84,0.026923076923076925,99,70,0.7070707070707071,0.8333333333333334,26.262626262626263,6.095208671972111,4.059786212581665,-10.873672677629315
window=h102-108,reached_20bps_within_60m,True,3120,84,0.026923076923076925,99,70,0.7070707070707071,0.8333333333333334,26.262626262626263,6.095208671972111,4.059786212581665,-10.873672677629315
window=h102-108,volume_zscore_le,-0.5,3120,84,0.026923076923076925,1134,31,0.027336860670194002,0.36904761904761907,1.0153691106072058,-10.71513688634301,-11.003478529931257,-10.873672677629315
window=h102-108,volume_zscore_le,-0.25,3120,84,0.026923076923076925,1794,54,0.030100334448160536,0.6428571428571429,1.1180124223602483,-10.667687277352229,-10.963969786221403,-10.873672677629315
window=h102-108,volume_zscore_le,0.0,3120,84,0.026923076923076925,2052,54,0.02631578947368421,0.6428571428571429,0.9774436090225563,-10.693495258437013,-10.914938215442946,-10.873672677629315
window=h102-108,volume_zscore_le,0.25,3120,84,0.026923076923076925,2190,54,0.024657534246575342,0.6428571428571429,0.9158512720156555,-10.733927576797756,-10.93276807251997,-10.873672677629315
window=h102-108,volume_zscore_le,0.5,3120,84,0.026923076923076925,2352,57,0.02423469387755102,0.6785714285714286,0.9001457725947521,-10.765473516588337,-10.914938215442946,-10.873672677629315
window=h102-108,nt_ratio_entry_vs_pre30_ge,1.0,3120,84,0.026923076923076925,1020,25,0.024509803921568627,0.2976190476190476,0.9103641456582633,-10.88682263997046,-10.790019993911017,-10.873672677629315
window=h102-108,nt_ratio_entry_vs_pre30_ge,1.5,3120,84,0.026923076923076925,726,23,0.03168044077134986,0.27380952380952384,1.1767020857929948,-11.038995285709964,-10.84738451103933,-10.873672677629315
window=h102-108,nt_ratio_entry_vs_pre30_ge,2.0,3120,84,0.026923076923076925,540,17,0.03148148148148148,0.20238095238095238,1.169312169312169,-11.134731734954782,-10.69059031826167,-10.873672677629315
window=h102-108,nt_ratio_entry_vs_pre30_ge,3.0,3120,84,0.026923076923076925,324,7,0.021604938271604937,0.08333333333333333,0.802469135802469,-11.568016665115785,-10.790019993911017,-10.873672677629315
window=h102-108,entry_imb_long_bid_ge,-0.2,3120,84,0.026923076923076925,470,12,0.02553191489361702,0.14285714285714285,0.9483282674772036,-10.627424696557668,-10.808551951567008,-10.873672677629315
window=h102-108,entry_imb_long_bid_ge,0.0,3120,84,0.026923076923076925,422,8,0.018957345971563982,0.09523809523809523,0.7041299932295193,-10.601290885680834,-10.76240228020119,-10.873672677629315
window=h102-108,entry_imb_long_bid_ge,0.2,3120,84,0.026923076923076925,369,8,0.02168021680216802,0.09523809523809523,0.8052651955090979,-10.460048973885888,-10.06220136189555,-10.873672677629315
window=h102-108,entry_imb_long_bid_ge,0.5,3120,84,0.026923076923076925,268,2,0.007462686567164179,0.023809523809523808,0.2771855010660981,-10.242700696365715,-9.582250131068706,-10.873672677629315
window=h102-108,entry_imb_short_ask_le,0.2,3120,84,0.026923076923076925,508,8,0.015748031496062992,0.09523809523809523,0.5849268841394826,-10.835049113826967,-10.124752653241998,-10.873672677629315
window=h102-108,entry_imb_short_ask_le,0.0,3120,84,0.026923076923076925,459,8,0.017429193899782137,0.09523809523809523,0.6473700591347651,-10.903716802351173,-10.349986007556284,-10.873672677629315
window=h102-108,entry_imb_short_ask_le,-0.2,3120,84,0.026923076923076925,411,5,0.012165450121654502,0.05952380952380952,0.4518595759471672,-11.085215052812645,-10.389247441977709,-10.873672677629315
window=h102-108,entry_imb_short_ask_le,-0.5,3120,84,0.026923076923076925,323,3,0.009287925696594427,0.03571428571428571,0.3449800973020787,-10.627615603874412,-9.887663508262692,-10.873672677629315
window=h102-108,pre5_buyvol_long_ge,0.5,3120,84,0.026923076923076925,943,20,0.021208907741251327,0.23809523809523808,0.7877594303893349,-11.129155096495449,-11.608898289221749,-10.873672677629315
window=h102-108,pre5_buyvol_long_ge,0.7,3120,84,0.026923076923076925,792,16,0.020202020202020204,0.19047619047619047,0.7503607503607503,-11.268686075997651,-12.02726984265281,-10.873672677629315
window=h102-108,pre5_buyvol_long_ge,0.9,3120,84,0.026923076923076925,517,7,0.013539651837524178,0.08333333333333333,0.5029013539651838,-11.957355758624525,-12.422476334684944,-10.873672677629315
window=h102-108,pre5_buyvol_short_le,0.5,3120,84,0.026923076923076925,628,10,0.01592356687898089,0.11904761904761904,0.5914467697907188,-11.546372592597832,-10.827596323677653,-10.873672677629315
window=h102-108,pre5_buyvol_short_le,0.3,3120,84,0.026923076923076925,521,10,0.019193857965451054,0.11904761904761904,0.7129147244310391,-11.512305465742905,-10.661665890949928,-10.873672677629315
window=h102-108,pre5_buyvol_short_le,0.1,3120,84,0.026923076923076925,334,7,0.020958083832335328,0.08333333333333333,0.778443113772455,-11.219750379888394,-9.794750942870152,-10.873672677629315
window=h102-108,trade_present_score_ge,25,3120,84,0.026923076923076925,3066,80,0.02609262883235486,0.9523809523809523,0.9691547852017518,-10.85463345997733,-10.873672677629315,-10.873672677629315
window=h102-108,trade_present_score_ge,40,3120,84,0.026923076923076925,1110,44,0.03963963963963964,0.5238095238095238,1.4723294723294722,-10.716235524037554,-10.873876038381455,-10.873672677629315
window=h102-108,trade_present_score_ge,55,3120,84,0.026923076923076925,582,20,0.03436426116838488,0.23809523809523808,1.2763868433971528,-10.7847803951097,-10.873672677629315,-10.873672677629315
window=h102-108,trade_present_score_ge,70,3120,84,0.026923076923076925,210,7,0.03333333333333333,0.08333333333333333,1.238095238095238,-11.196006417417907,-10.526756220376463,-10.873672677629315
window=h102-108,dipole_long_pos_ge,0.0,3120,84,0.026923076923076925,987,38,0.03850050658561297,0.4523809523809524,1.430018816037053,-10.500975905066396,-11.039152320635916,-10.873672677629315
window=h102-108,dipole_long_pos_ge,0.1,3120,84,0.026923076923076925,623,32,0.051364365971107544,0.38095238095238093,1.90781930749828,-10.08647451830821,-10.986285029071762,-10.873672677629315
window=h102-108,dipole_long_pos_ge,0.2,3120,84,0.026923076923076925,323,13,0.04024767801857585,0.15476190476190477,1.4949137549756744,-10.89270536631523,-12.419772514060918,-10.873672677629315
window=h102-108,dipole_short_neg_le,0.0,3120,84,0.026923076923076925,708,18,0.025423728813559324,0.21428571428571427,0.9443099273607748,-10.542789630796307,-9.890428170616591,-10.873672677629315
window=h102-108,dipole_short_neg_le,-0.1,3120,84,0.026923076923076925,416,6,0.014423076923076924,0.07142857142857142,0.5357142857142857,-10.00126322140318,-9.969578735783003,-10.873672677629315
window=h102-108,dipole_short_neg_le,-0.2,3120,84,0.026923076923076925,228,6,0.02631578947368421,0.07142857142857142,0.9774436090225563,-9.11332786923054,-9.296019494591159,-10.873672677629315
window=h102-108,hold_min_le_avoid_chop,15,3120,84,0.026923076923076925,3002,8,0.002664890073284477,0.09523809523809523,0.09898163129342342,-11.48006691313288,-11.09908546861162,-10.873672677629315
window=h102-108,hold_min_le_avoid_chop,30,3120,84,0.026923076923076925,3060,27,0.008823529411764706,0.32142857142857145,0.3277310924369748,-11.35573340288837,-10.984839602872952,-10.873672677629315
window=h102-108,hold_min_le_avoid_chop,60,3120,84,0.026923076923076925,3103,67,0.02159200773445053,0.7976190476190477,0.8019888587081625,-11.100963829292338,-10.914938215442946,-10.873672677629315
window=h102-108,hold_min_ge_runners,60,3120,84,0.026923076923076925,48,48,1.0,0.5714285714285714,37.14285714285714,14.188188097589231,7.094909130444311,-10.873672677629315
window=h102-108,hold_min_ge_runners,120,3120,84,0.026923076923076925,0,0,,0.0,,,,-10.873672677629315
window=h102-108,fast_winner_pattern,True,3120,84,0.026923076923076925,13,6,0.46153846153846156,0.07142857142857142,17.142857142857142,5.300827842520933,-2.926203933260089,-10.873672677629315
window=h102-108,clean_no_underwater_30m_cover,True,3120,84,0.026923076923076925,13,6,0.46153846153846156,0.07142857142857142,17.142857142857142,5.300827842520933,-2.926203933260089,-10.873672677629315
window=h102-108,net_bps_per_min_floor,0.05,3120,84,0.026923076923076925,61,61,1.0,0.7261904761904762,37.14285714285714,13.620657578849146,7.094909130444311,-10.873672677629315
window=h102-108,net_bps_per_min_floor,0.1,3120,84,0.026923076923076925,41,41,1.0,0.4880952380952381,37.14285714285714,18.323777771221483,20.35806885527034,-10.873672677629315
window=h102-108,net_bps_per_min_floor,0.2,3120,84,0.026923076923076925,23,23,1.0,0.27380952380952384,37.14285714285714,27.136291810318433,30.920624544234677,-10.873672677629315
window=h102-108,net_bps_per_min_floor,0.5,3120,84,0.026923076923076925,4,4,1.0,0.047619047619047616,37.14285714285714,32.77520184138214,32.77520184138214,-10.873672677629315
window=h108-114,cover_by_15m_TRUE,True,3239,149,0.04600185242358753,423,149,0.35224586288416077,1.0,7.657210401891253,-1.3985197494719048,-2.3082043822616507,-11.035549019524302
window=h108-114,cover_by_30m_TRUE,True,3239,149,0.04600185242358753,427,149,0.34894613583138173,1.0,7.585480093676814,-1.4554425125151678,-2.366183993182002,-11.035549019524302
window=h108-114,cover_by_60m_TRUE,True,3239,149,0.04600185242358753,447,149,0.3333333333333333,1.0,7.246085011185682,-1.5841597591541374,-2.503175425415794,-11.035549019524302
window=h108-114,ever_underwater_FALSE,True,3239,149,0.04600185242358753,26,10,0.38461538461538464,0.06711409395973154,8.360867320598864,-4.591794124020279,-4.956048436213575,-11.035549019524302
window=h108-114,reached_12bps_within_15m,True,3239,149,0.04600185242358753,314,149,0.4745222929936306,1.0,10.315286624203821,-0.011831313538487242,-1.7296230470198468,-11.035549019524302
window=h108-114,reached_12bps_within_30m,True,3239,149,0.04600185242358753,321,149,0.46417445482866043,1.0,10.090342679127726,-0.15249126445939049,-1.8259110244116297,-11.035549019524302
window=h108-114,reached_20bps_within_30m,True,3239,149,0.04600185242358753,140,115,0.8214285714285714,0.7718120805369127,17.856423777564714,3.904419479511881,1.7391641731444398,-11.035549019524302
window=h108-114,reached_20bps_within_60m,True,3239,149,0.04600185242358753,143,118,0.8251748251748252,0.7919463087248322,17.9378607969212,3.967822045050042,2.0775593569840822,-11.035549019524302
window=h108-114,volume_zscore_le,-0.5,3239,149,0.04600185242358753,1266,36,0.02843601895734597,0.24161073825503357,0.6181494322338497,-11.507363166809581,-11.35777639455841,-11.035549019524302
window=h108-114,volume_zscore_le,-0.25,3239,149,0.04600185242358753,2063,78,0.03780901599612215,0.5234899328859061,0.8219020322915412,-11.177563485332865,-10.997881465600988,-11.035549019524302
window=h108-114,volume_zscore_le,0.0,3239,149,0.04600185242358753,2333,94,0.04029147021003,0.6308724832214765,0.8758662551025985,-11.165049401768083,-11.009280048270938,-11.035549019524302
window=h108-114,volume_zscore_le,0.25,3239,149,0.04600185242358753,2579,109,0.04226444358278403,0.7315436241610739,0.9187552534539427,-11.158808916455886,-11.009280048270938,-11.035549019524302
window=h108-114,volume_zscore_le,0.5,3239,149,0.04600185242358753,2723,117,0.04296731546088873,0.785234899328859,0.9340344615960979,-11.236025369700608,-11.005445014361651,-11.035549019524302
window=h108-114,nt_ratio_entry_vs_pre30_ge,1.0,3239,149,0.04600185242358753,912,48,0.05263157894736842,0.3221476510067114,1.1441186859766865,-11.340365681205524,-10.846812287080606,-11.035549019524302
window=h108-114,nt_ratio_entry_vs_pre30_ge,1.5,3239,149,0.04600185242358753,636,46,0.07232704402515723,0.3087248322147651,1.5722637288421761,-11.302626235627356,-10.842096032817343,-11.035549019524302
window=h108-114,nt_ratio_entry_vs_pre30_ge,2.0,3239,149,0.04600185242358753,468,27,0.057692307692307696,0.18120805369127516,1.2541300980898296,-11.640862882777554,-10.977739604249741,-11.035549019524302
window=h108-114,nt_ratio_entry_vs_pre30_ge,3.0,3239,149,0.04600185242358753,282,8,0.028368794326241134,0.053691275167785234,0.6166880860583559,-11.98105506208494,-11.050138910622763,-11.035549019524302
window=h108-114,entry_imb_long_bid_ge,-0.2,3239,149,0.04600185242358753,523,33,0.06309751434034416,0.2214765100671141,1.3716298587139244,-11.388500555364054,-10.758494096337852,-11.035549019524302
window=h108-114,entry_imb_long_bid_ge,0.0,3239,149,0.04600185242358753,453,30,0.06622516556291391,0.20134228187919462,1.439619538646162,-11.07853814711984,-10.037316404780428,-11.035549019524302
window=h108-114,entry_imb_long_bid_ge,0.2,3239,149,0.04600185242358753,404,30,0.07425742574257425,0.20134228187919462,1.6142268589275033,-11.183875165692985,-10.961917532157848,-11.035549019524302
window=h108-114,entry_imb_long_bid_ge,0.5,3239,149,0.04600185242358753,306,26,0.08496732026143791,0.174496644295302,1.8470412773610563,-10.523624069467159,-10.248929061667742,-11.035549019524302
window=h108-114,entry_imb_short_ask_le,0.2,3239,149,0.04600185242358753,527,23,0.04364326375711575,0.15436241610738255,0.9487283980489791,-11.34250853757296,-11.338964245935234,-11.035549019524302
window=h108-114,entry_imb_short_ask_le,0.0,3239,149,0.04600185242358753,486,21,0.043209876543209874,0.14093959731543623,0.9393073162648106,-11.42246246645562,-11.33853388169426,-11.035549019524302
window=h108-114,entry_imb_short_ask_le,-0.2,3239,149,0.04600185242358753,412,10,0.024271844660194174,0.06711409395973154,0.5276275493581807,-12.322928797858854,-11.543637605622097,-11.035549019524302
window=h108-114,entry_imb_short_ask_le,-0.5,3239,149,0.04600185242358753,358,7,0.019553072625698324,0.04697986577181208,0.4250496794270931,-12.320581907137282,-12.111584725029507,-11.035549019524302
window=h108-114,pre5_buyvol_long_ge,0.5,3239,149,0.04600185242358753,934,40,0.042826552462526764,0.2684563758389262,0.9309745196384174,-10.895255842037328,-9.79963137871296,-11.035549019524302
window=h108-114,pre5_buyvol_long_ge,0.7,3239,149,0.04600185242358753,778,25,0.032133676092544985,0.16778523489932887,0.6985300460654578,-11.021659288767275,-9.754066579891115,-11.035549019524302
window=h108-114,pre5_buyvol_long_ge,0.9,3239,149,0.04600185242358753,568,21,0.03697183098591549,0.14093959731543623,0.8037030910293979,-11.102498750240477,-9.962698218197334,-11.035549019524302
window=h108-114,pre5_buyvol_short_le,0.5,3239,149,0.04600185242358753,709,16,0.022566995768688293,0.10738255033557047,0.4905671093609488,-11.99584595899505,-11.383877242274316,-11.035549019524302
window=h108-114,pre5_buyvol_short_le,0.3,3239,149,0.04600185242358753,570,9,0.015789473684210527,0.06040268456375839,0.343235605793006,-11.87243911448638,-11.472498409181071,-11.035549019524302
window=h108-114,pre5_buyvol_short_le,0.1,3239,149,0.04600185242358753,358,0,0.0,0.0,0.0,-11.917129219250922,-11.571251955372459,-11.035549019524302
window=h108-114,trade_present_score_ge,25,3239,149,0.04600185242358753,3161,135,0.042708003796267005,0.9060402684563759,0.9283974784973746,-11.25429239988192,-11.005445014361651,-11.035549019524302
window=h108-114,trade_present_score_ge,40,3239,149,0.04600185242358753,1049,45,0.042897998093422304,0.30201342281879195,0.9325276229838579,-11.437629839367158,-10.795869362363195,-11.035549019524302
window=h108-114,trade_present_score_ge,55,3239,149,0.04600185242358753,683,30,0.043923865300146414,0.20134228187919462,0.9548281859541895,-11.458777138854696,-10.647346558484806,-11.035549019524302
window=h108-114,trade_present_score_ge,70,3239,149,0.04600185242358753,294,10,0.034013605442176874,0.06711409395973154,0.7393964297128247,-12.068309310121503,-11.735791094066158,-11.035549019524302
window=h108-114,dipole_long_pos_ge,0.0,3239,149,0.04600185242358753,1094,73,0.06672760511882998,0.4899328859060403,1.4505416978516128,-11.512129132320657,-10.90534029787672,-11.035549019524302
window=h108-114,dipole_long_pos_ge,0.1,3239,149,0.04600185242358753,752,52,0.06914893617021277,0.348993288590604,1.5031772097672427,-11.750506551651899,-11.120829828988885,-11.035549019524302
window=h108-114,dipole_long_pos_ge,0.2,3239,149,0.04600185242358753,403,20,0.04962779156327544,0.1342281879194631,1.0788215897546922,-12.240250246862546,-11.711075775669071,-11.035549019524302
window=h108-114,dipole_short_neg_le,0.0,3239,149,0.04600185242358753,689,23,0.033381712626995644,0.15436241610738255,0.7256601825425428,-12.099225622929163,-12.119291040742599,-11.035549019524302
window=h108-114,dipole_short_neg_le,-0.1,3239,149,0.04600185242358753,355,5,0.014084507042253521,0.03355704697986577,0.30617260610643726,-13.97905615419907,-13.26202769346752,-11.035549019524302
window=h108-114,dipole_short_neg_le,-0.2,3239,149,0.04600185242358753,133,5,0.03759398496240601,0.03355704697986577,0.8172276328404904,-12.767740442005387,-12.741290477655328,-11.035549019524302
window=h108-114,hold_min_le_avoid_chop,15,3239,149,0.04600185242358753,3011,31,0.010295582862836267,0.2080536912751678,0.22380800599145415,-12.125276753959179,-11.543637605622097,-11.035549019524302
window=h108-114,hold_min_le_avoid_chop,30,3239,149,0.04600185242358753,3138,93,0.029636711281070746,0.6241610738255033,0.6442503881838131,-11.728927894391395,-11.188335707581587,-11.035549019524302
window=h108-114,hold_min_le_avoid_chop,60,3239,149,0.04600185242358753,3217,127,0.03947777432390426,0.8523489932885906,0.8581779264102408,-11.480525457546888,-11.061189594648283,-11.035549019524302
window=h108-114,hold_min_ge_runners,60,3239,149,0.04600185242358753,31,30,0.967741935483871,0.20134228187919462,21.037021000216498,8.879154683247137,11.934511584119837,-11.035549019524302
window=h108-114,hold_min_ge_runners,120,3239,149,0.04600185242358753,5,5,1.0,0.03355704697986577,21.738255033557046,1.9030931612320168,-0.44571356568673615,-11.035549019524302
window=h108-114,fast_winner_pattern,True,3239,149,0.04600185242358753,13,10,0.7692307692307693,0.06711409395973154,16.721734641197727,-2.6593441077521645,-1.3204244369944025,-11.035549019524302
window=h108-114,clean_no_underwater_30m_cover,True,3239,149,0.04600185242358753,13,10,0.7692307692307693,0.06711409395973154,16.721734641197727,-2.6593441077521645,-1.3204244369944025,-11.035549019524302
window=h108-114,net_bps_per_min_floor,0.05,3239,149,0.04600185242358753,88,88,1.0,0.5906040268456376,21.738255033557046,8.940493632189783,6.075007085652276,-11.035549019524302
window=h108-114,net_bps_per_min_floor,0.1,3239,149,0.04600185242358753,67,67,1.0,0.44966442953020136,21.738255033557046,10.713746392464767,8.084421945831188,-11.035549019524302
window=h108-114,net_bps_per_min_floor,0.2,3239,149,0.04600185242358753,56,56,1.0,0.37583892617449666,21.738255033557046,11.437496311846708,9.185477668604157,-11.035549019524302
window=h108-114,net_bps_per_min_floor,0.5,3239,149,0.04600185242358753,7,7,1.0,0.04697986577181208,21.738255033557046,17.885626223147977,15.294974390423517,-11.035549019524302
window=h114-120,cover_by_15m_TRUE,True,3383,47,0.013892994383683122,221,47,0.21266968325791855,1.0,15.307692307692307,-2.6431222916427553,-3.3170667049232376,-10.82238805970173
window=h114-120,cover_by_30m_TRUE,True,3383,47,0.013892994383683122,221,47,0.21266968325791855,1.0,15.307692307692307,-2.6431222916427553,-3.3170667049232376,-10.82238805970173
window=h114-120,cover_by_60m_TRUE,True,3383,47,0.013892994383683122,221,47,0.21266968325791855,1.0,15.307692307692307,-2.6431222916427553,-3.3170667049232376,-10.82238805970173
window=h114-120,ever_underwater_FALSE,True,3383,47,0.013892994383683122,43,0,0.0,0.0,0.0,-4.767158686853724,-4.040375700339034,-10.82238805970173
window=h114-120,reached_12bps_within_15m,True,3383,47,0.013892994383683122,174,47,0.27011494252873564,1.0,19.442528735632184,-2.3028288848291196,-2.8714973701487465,-10.82238805970173
window=h114-120,reached_12bps_within_30m,True,3383,47,0.013892994383683122,180,47,0.2611111111111111,1.0,18.794444444444444,-2.3799412142692824,-3.1992045729982337,-10.82238805970173
window=h114-120,reached_20bps_within_30m,True,3383,47,0.013892994383683122,43,38,0.8837209302325582,0.8085106382978723,63.60910440376051,3.1842664190628147,1.8080760541326608,-10.82238805970173
window=h114-120,reached_20bps_within_60m,True,3383,47,0.013892994383683122,55,44,0.8,0.9361702127659575,57.58297872340425,1.6160599910123763,1.8073092717867745,-10.82238805970173
window=h114-120,volume_zscore_le,-0.5,3383,47,0.013892994383683122,1008,32,0.031746031746031744,0.6808510638297872,2.2850388382303275,-11.081186405444406,-10.82238805970173,-10.82238805970173
window=h114-120,volume_zscore_le,-0.25,3383,47,0.013892994383683122,1973,40,0.02027369488089204,0.851063829787234,1.4592746762139952,-10.921573075583584,-10.82164159751061,-10.82238805970173
window=h114-120,volume_zscore_le,0.0,3383,47,0.013892994383683122,2315,40,0.017278617710583154,0.851063829787234,1.243692844997932,-10.936811240068554,-10.772499713283805,-10.82238805970173
window=h114-120,volume_zscore_le,0.25,3383,47,0.013892994383683122,2555,43,0.016829745596868884,0.9148936170212766,1.2113836032810092,-10.954777064831344,-10.82238805970173,-10.82238805970173
window=h114-120,volume_zscore_le,0.5,3383,47,0.013892994383683122,2651,43,0.016220294228592985,0.9148936170212766,1.1675160718155333,-10.968184266489388,-10.852444361919257,-10.82238805970173
window=h114-120,nt_ratio_entry_vs_pre30_ge,1.0,3383,47,0.013892994383683122,852,3,0.0035211267605633804,0.06382978723404255,0.25344620916991306,-10.862911911415182,-10.692085204991999,-10.82238805970173
window=h114-120,nt_ratio_entry_vs_pre30_ge,1.5,3383,47,0.013892994383683122,540,0,0.0,0.0,0.0,-11.073396301763351,-10.703530461411521,-10.82238805970173
window=h114-120,nt_ratio_entry_vs_pre30_ge,2.0,3383,47,0.013892994383683122,372,0,0.0,0.0,0.0,-10.99362631813846,-11.01567734744404,-10.82238805970173
window=h114-120,nt_ratio_entry_vs_pre30_ge,3.0,3383,47,0.013892994383683122,222,0,0.0,0.0,0.0,-11.067808259467018,-11.041680201456368,-10.82238805970173
window=h114-120,entry_imb_long_bid_ge,-0.2,3383,47,0.013892994383683122,531,11,0.02071563088512241,0.23404255319148937,1.4910846656248748,-9.991551619051602,-10.125803818098712,-10.82238805970173
window=h114-120,entry_imb_long_bid_ge,0.0,3383,47,0.013892994383683122,417,11,0.026378896882494004,0.23404255319148937,1.8987193224144088,-10.049861079854798,-10.12942979237599,-10.82238805970173
window=h114-120,entry_imb_long_bid_ge,0.2,3383,47,0.013892994383683122,339,11,0.032448377581120944,0.23404255319148937,2.3355927948283437,-9.723221310587615,-9.62503363610176,-10.82238805970173
window=h114-120,entry_imb_long_bid_ge,0.5,3383,47,0.013892994383683122,208,0,0.0,0.0,0.0,-9.971013729469153,-9.39455862183454,-10.82238805970173
window=h114-120,entry_imb_short_ask_le,0.2,3383,47,0.013892994383683122,511,0,0.0,0.0,0.0,-10.596652747635249,-10.129656667932686,-10.82238805970173
window=h114-120,entry_imb_short_ask_le,0.0,3383,47,0.013892994383683122,445,0,0.0,0.0,0.0,-10.729807813142303,-10.388855780691928,-10.82238805970173
window=h114-120,entry_imb_short_ask_le,-0.2,3383,47,0.013892994383683122,331,0,0.0,0.0,0.0,-10.865711272859025,-10.388855780691928,-10.82238805970173
window=h114-120,entry_imb_short_ask_le,-0.5,3383,47,0.013892994383683122,286,0,0.0,0.0,0.0,-10.343851538374613,-10.01245134734269,-10.82238805970173
window=h114-120,pre5_buyvol_long_ge,0.5,3383,47,0.013892994383683122,996,18,0.018072289156626505,0.3829787234042553,1.3008203024865417,-10.700404159605426,-11.023853716554214,-10.82238805970173
window=h114-120,pre5_buyvol_long_ge,0.7,3383,47,0.013892994383683122,843,10,0.011862396204033215,0.2127659574468085,0.8538401352817949,-10.574207133393815,-10.907622655216409,-10.82238805970173
window=h114-120,pre5_buyvol_long_ge,0.9,3383,47,0.013892994383683122,654,10,0.01529051987767584,0.2127659574468085,1.100592100982497,-10.26361714645936,-10.64692878729937,-10.82238805970173
window=h114-120,pre5_buyvol_short_le,0.5,3383,47,0.013892994383683122,766,0,0.0,0.0,0.0,-11.273919280844916,-10.471931294371384,-10.82238805970173
window=h114-120,pre5_buyvol_short_le,0.3,3383,47,0.013892994383683122,590,0,0.0,0.0,0.0,-11.137766382258516,-10.086299101212683,-10.82238805970173
window=h114-120,pre5_buyvol_short_le,0.1,3383,47,0.013892994383683122,354,0,0.0,0.0,0.0,-10.639199400369627,-10.2286774921984,-10.82238805970173
window=h114-120,trade_present_score_ge,25,3383,47,0.013892994383683122,3359,47,0.013992259601071748,1.0,1.007144983626079,-10.994067463216101,-10.82238805970173,-10.82238805970173
window=h114-120,trade_present_score_ge,40,3383,47,0.013892994383683122,1109,4,0.0036068530207394047,0.0851063829787234,0.25961667593960436,-11.106217414682197,-11.072747016821403,-10.82238805970173
window=h114-120,trade_present_score_ge,55,3383,47,0.013892994383683122,737,4,0.005427408412483039,0.0851063829787234,0.3906579289240451,-11.162308772648897,-10.934535500206119,-10.82238805970173
window=h114-120,trade_present_score_ge,70,3383,47,0.013892994383683122,245,4,0.0163265306122449,0.0851063829787234,1.1751628310898827,-11.671666394281317,-10.985717228592794,-10.82238805970173
window=h114-120,dipole_long_pos_ge,0.0,3383,47,0.013892994383683122,1097,31,0.028258887876025523,0.6595744680851063,2.034038674140305,-10.79859382634728,-11.01567734744404,-10.82238805970173
window=h114-120,dipole_long_pos_ge,0.1,3383,47,0.013892994383683122,668,0,0.0,0.0,0.0,-11.480065553044659,-11.335280927497626,-10.82238805970173
window=h114-120,dipole_long_pos_ge,0.2,3383,47,0.013892994383683122,345,0,0.0,0.0,0.0,-11.98154532217455,-11.588999172386403,-10.82238805970173
window=h114-120,dipole_short_neg_le,0.0,3383,47,0.013892994383683122,780,0,0.0,0.0,0.0,-11.239635647005072,-10.692234844389231,-10.82238805970173
window=h114-120,dipole_short_neg_le,-0.1,3383,47,0.013892994383683122,426,0,0.0,0.0,0.0,-11.802643262237154,-11.365141300844055,-10.82238805970173
window=h114-120,dipole_short_neg_le,-0.2,3383,47,0.013892994383683122,196,0,0.0,0.0,0.0,-12.824957384660433,-11.655287827409971,-10.82238805970173
window=h114-120,hold_min_le_avoid_chop,15,3383,47,0.013892994383683122,3271,3,0.0009171507184347294,0.06382978723404255,0.06601533788222744,-11.278493382770165,-10.974541907174526,-10.82238805970173
window=h114-120,hold_min_le_avoid_chop,30,3383,47,0.013892994383683122,3337,11,0.003296373988612526,0.23404255319148937,0.23726879156332287,-11.164777100133126,-10.906908918078276,-10.82238805970173
window=h114-120,hold_min_le_avoid_chop,60,3383,47,0.013892994383683122,3360,30,0.008928571428571428,0.6382978723404256,0.6426671732522795,-11.068072918206445,-10.859667055163909,-10.82238805970173
window=h114-120,hold_min_ge_runners,60,3383,47,0.013892994383683122,30,24,0.8,0.5106382978723404,57.58297872340425,2.4481666262436828,1.8080760541326608,-10.82238805970173
window=h114-120,hold_min_ge_runners,120,3383,47,0.013892994383683122,0,0,,0.0,,,,-10.82238805970173
window=h114-120,fast_winner_pattern,True,3383,47,0.013892994383683122,5,0,0.0,0.0,0.0,-3.070528650875872,-3.2198477170519393,-10.82238805970173
window=h114-120,clean_no_underwater_30m_cover,True,3383,47,0.013892994383683122,5,0,0.0,0.0,0.0,-3.070528650875872,-3.2198477170519393,-10.82238805970173
window=h114-120,net_bps_per_min_floor,0.05,3383,47,0.013892994383683122,24,24,1.0,0.5106382978723404,71.97872340425532,5.861060972529578,4.721364941438349,-10.82238805970173
window=h114-120,net_bps_per_min_floor,0.1,3383,47,0.013892994383683122,9,9,1.0,0.19148936170212766,71.97872340425532,9.628362715051717,12.216530348419086,-10.82238805970173
window=h114-120,net_bps_per_min_floor,0.2,3383,47,0.013892994383683122,6,6,1.0,0.1276595744680851,71.97872340425532,12.21685252260476,12.21685252260476,-10.82238805970173
window=h114-120,net_bps_per_min_floor,0.5,3383,47,0.013892994383683122,0,0,,0.0,,,,-10.82238805970173
window=h12-18,cover_by_15m_TRUE,True,768,60,0.078125,241,52,0.2157676348547718,0.8666666666666667,2.761825726141079,-4.40205405596719,-4.51937571573719,-12.170862430680367
window=h12-18,cover_by_30m_TRUE,True,768,60,0.078125,241,52,0.2157676348547718,0.8666666666666667,2.761825726141079,-4.40205405596719,-4.51937571573719,-12.170862430680367
window=h12-18,cover_by_60m_TRUE,True,768,60,0.078125,241,52,0.2157676348547718,0.8666666666666667,2.761825726141079,-4.40205405596719,-4.51937571573719,-12.170862430680367
window=h12-18,ever_underwater_FALSE,True,768,60,0.078125,3,0,0.0,0.0,0.0,-11.617616602891431,-11.617616602891431,-12.170862430680367
window=h12-18,reached_12bps_within_15m,True,768,60,0.078125,202,49,0.24257425742574257,0.8166666666666667,3.104950495049505,-4.115471855867013,-4.353148167223175,-12.170862430680367
window=h12-18,reached_12bps_within_30m,True,768,60,0.078125,202,49,0.24257425742574257,0.8166666666666667,3.104950495049505,-4.115471855867013,-4.353148167223175,-12.170862430680367
window=h12-18,reached_20bps_within_30m,True,768,60,0.078125,82,43,0.524390243902439,0.7166666666666667,6.71219512195122,3.6269580087558726,0.47268298613621873,-12.170862430680367
window=h12-18,reached_20bps_within_60m,True,768,60,0.078125,82,43,0.524390243902439,0.7166666666666667,6.71219512195122,3.6269580087558726,0.47268298613621873,-12.170862430680367
window=h12-18,volume_zscore_le,-0.5,768,60,0.078125,300,10,0.03333333333333333,0.16666666666666666,0.42666666666666664,-15.351994879132196,-12.189648055246845,-12.170862430680367
window=h12-18,volume_zscore_le,-0.25,768,60,0.078125,456,18,0.039473684210526314,0.3,0.5052631578947369,-15.04355018358241,-12.229597891182234,-12.170862430680367
window=h12-18,volume_zscore_le,0.0,768,60,0.078125,534,21,0.03932584269662921,0.35,0.503370786516854,-14.779503833589205,-12.25352145839929,-12.170862430680367
window=h12-18,volume_zscore_le,0.25,768,60,0.078125,600,32,0.05333333333333334,0.5333333333333333,0.6826666666666668,-14.355191185904859,-12.252141780475215,-12.170862430680367
window=h12-18,volume_zscore_le,0.5,768,60,0.078125,630,38,0.06031746031746032,0.6333333333333333,0.7720634920634921,-14.224092252234332,-12.229597891182234,-12.170862430680367
window=h12-18,nt_ratio_entry_vs_pre30_ge,1.0,768,60,0.078125,270,13,0.04814814814814815,0.21666666666666667,0.6162962962962963,-11.785852883484488,-12.105346364610629,-12.170862430680367
window=h12-18,nt_ratio_entry_vs_pre30_ge,1.5,768,60,0.078125,144,8,0.05555555555555555,0.13333333333333333,0.711111111111111,-12.538734143689828,-11.999170101675094,-12.170862430680367
window=h12-18,nt_ratio_entry_vs_pre30_ge,2.0,768,60,0.078125,54,3,0.05555555555555555,0.05,0.711111111111111,-11.336187685346728,-11.617616602891431,-12.170862430680367
window=h12-18,nt_ratio_entry_vs_pre30_ge,3.0,768,60,0.078125,12,0,0.0,0.0,0.0,-10.247990486004703,-8.0545843340564,-12.170862430680367
window=h12-18,entry_imb_long_bid_ge,-0.2,768,60,0.078125,0,0,,0.0,,,,-12.170862430680367
window=h12-18,entry_imb_long_bid_ge,0.0,768,60,0.078125,0,0,,0.0,,,,-12.170862430680367
window=h12-18,entry_imb_long_bid_ge,0.2,768,60,0.078125,0,0,,0.0,,,,-12.170862430680367
window=h12-18,entry_imb_long_bid_ge,0.5,768,60,0.078125,0,0,,0.0,,,,-12.170862430680367
window=h12-18,entry_imb_short_ask_le,0.2,768,60,0.078125,0,0,,0.0,,,,-12.170862430680367
window=h12-18,entry_imb_short_ask_le,0.0,768,60,0.078125,0,0,,0.0,,,,-12.170862430680367
window=h12-18,entry_imb_short_ask_le,-0.2,768,60,0.078125,0,0,,0.0,,,,-12.170862430680367
window=h12-18,entry_imb_short_ask_le,-0.5,768,60,0.078125,0,0,,0.0,,,,-12.170862430680367
window=h12-18,pre5_buyvol_long_ge,0.5,768,60,0.078125,215,10,0.046511627906976744,0.16666666666666666,0.5953488372093023,-12.29763645027551,-12.628260685001178,-12.170862430680367
window=h12-18,pre5_buyvol_long_ge,0.7,768,60,0.078125,184,10,0.05434782608695652,0.16666666666666666,0.6956521739130435,-11.645252566810104,-12.638631555833388,-12.170862430680367
window=h12-18,pre5_buyvol_long_ge,0.9,768,60,0.078125,137,4,0.029197080291970802,0.06666666666666667,0.37372262773722625,-10.821278593278503,-12.208433679813325,-12.170862430680367
window=h12-18,pre5_buyvol_short_le,0.5,768,60,0.078125,180,16,0.08888888888888889,0.26666666666666666,1.1377777777777778,-18.491401884885057,-12.25352145839929,-12.170862430680367
window=h12-18,pre5_buyvol_short_le,0.3,768,60,0.078125,165,16,0.09696969696969697,0.26666666666666666,1.2412121212121212,-18.695986850702973,-13.392686555577034,-12.170862430680367
window=h12-18,pre5_buyvol_short_le,0.1,768,60,0.078125,75,0,0.0,0.0,0.0,-13.553180875353776,-12.169444040886994,-12.170862430680367
window=h12-18,trade_present_score_ge,25,768,60,0.078125,762,60,0.07874015748031496,1.0,1.0078740157480315,-13.177905288640101,-12.189648055246845,-12.170862430680367
window=h12-18,trade_present_score_ge,40,768,60,0.078125,354,27,0.07627118644067797,0.45,0.976271186440678,-10.97716672967876,-12.105346364610629,-12.170862430680367
window=h12-18,trade_present_score_ge,55,768,60,0.078125,264,19,0.07196969696969698,0.31666666666666665,0.9212121212121213,-10.434554442651347,-11.830791575817786,-12.170862430680367
window=h12-18,trade_present_score_ge,70,768,60,0.078125,150,14,0.09333333333333334,0.23333333333333334,1.1946666666666668,-10.729592423611988,-12.208433679813325,-12.170862430680367
window=h12-18,dipole_long_pos_ge,0.0,768,60,0.078125,288,15,0.052083333333333336,0.25,0.6666666666666667,-13.968551081613406,-12.73321704019822,-12.170862430680367
window=h12-18,dipole_long_pos_ge,0.1,768,60,0.078125,222,6,0.02702702702702703,0.1,0.34594594594594597,-14.34833884261712,-12.669751373545067,-12.170862430680367
window=h12-18,dipole_long_pos_ge,0.2,768,60,0.078125,146,0,0.0,0.0,0.0,-14.502690193770354,-12.73321704019822,-12.170862430680367
window=h12-18,dipole_short_neg_le,0.0,768,60,0.078125,97,0,0.0,0.0,0.0,-32.56695675855242,-17.76239208106714,-12.170862430680367
window=h12-18,dipole_short_neg_le,-0.1,768,60,0.078125,65,0,0.0,0.0,0.0,-40.22116030748888,-23.43972657464112,-12.170862430680367
window=h12-18,dipole_short_neg_le,-0.2,768,60,0.078125,31,0,0.0,0.0,0.0,-43.234095622694504,-26.49539657233212,-12.170862430680367
window=h12-18,hold_min_le_avoid_chop,15,768,60,0.078125,704,12,0.017045454545454544,0.2,0.21818181818181817,-13.719445995043626,-12.421828485841317,-12.170862430680367
window=h12-18,hold_min_le_avoid_chop,30,768,60,0.078125,732,40,0.0546448087431694,0.6666666666666666,0.6994535519125683,-13.027687601707738,-12.208433679813325,-12.170862430680367
window=h12-18,hold_min_le_avoid_chop,60,768,60,0.078125,733,41,0.05593451568894952,0.6833333333333333,0.7159618008185539,-13.022222983269266,-12.208433679813325,-12.170862430680367
window=h12-18,hold_min_ge_runners,60,768,60,0.078125,35,19,0.5428571428571428,0.31666666666666665,6.948571428571428,-16.00538433656268,4.761601548387912,-12.170862430680367
window=h12-18,hold_min_ge_runners,120,768,60,0.078125,29,13,0.4482758620689655,0.21666666666666667,5.7379310344827585,-20.522925618197213,-99.53754178710984,-12.170862430680367
window=h12-18,fast_winner_pattern,True,768,60,0.078125,0,0,,0.0,,,,-12.170862430680367
window=h12-18,clean_no_underwater_30m_cover,True,768,60,0.078125,0,0,,0.0,,,,-12.170862430680367
window=h12-18,net_bps_per_min_floor,0.05,768,60,0.078125,55,55,1.0,0.9166666666666666,12.8,23.896408868333843,5.317437478917427,-12.170862430680367
window=h12-18,net_bps_per_min_floor,0.1,768,60,0.078125,43,43,1.0,0.7166666666666667,12.8,29.536398473568283,6.391882756722534,-12.170862430680367
window=h12-18,net_bps_per_min_floor,0.2,768,60,0.078125,29,29,1.0,0.48333333333333334,12.8,42.406642222155604,15.963866472553148,-12.170862430680367
window=h12-18,net_bps_per_min_floor,0.5,768,60,0.078125,19,19,1.0,0.31666666666666665,12.8,62.81160350483806,76.32423074333161,-12.170862430680367
window=h120-126,cover_by_15m_TRUE,True,3384,194,0.057328605200945626,601,194,0.3227953410981697,1.0,5.630615640599002,1.510873294018599,-3.252211462912305,-10.822105580302143
window=h120-126,cover_by_30m_TRUE,True,3384,194,0.057328605200945626,603,194,0.32172470978441126,1.0,5.611940298507462,1.484927712793776,-3.254416364887377,-10.822105580302143
window=h120-126,cover_by_60m_TRUE,True,3384,194,0.057328605200945626,603,194,0.32172470978441126,1.0,5.611940298507462,1.484927712793776,-3.254416364887377,-10.822105580302143
window=h120-126,ever_underwater_FALSE,True,3384,194,0.057328605200945626,25,3,0.12,0.015463917525773196,2.0931958762886596,-6.260377620698943,-5.337195373966172,-10.822105580302143
window=h120-126,reached_12bps_within_15m,True,3384,194,0.057328605200945626,452,194,0.42920353982300885,1.0,7.486725663716814,4.129392727085188,-2.483955568256418,-10.822105580302143
window=h120-126,reached_12bps_within_30m,True,3384,194,0.057328605200945626,454,194,0.42731277533039647,1.0,7.453744493392071,4.083396638220207,-2.494321241196256,-10.822105580302143
window=h120-126,reached_20bps_within_30m,True,3384,194,0.057328605200945626,268,187,0.6977611940298507,0.9639175257731959,12.171257116479458,11.313530542221516,1.472850129477143,-10.822105580302143
window=h120-126,reached_20bps_within_60m,True,3384,194,0.057328605200945626,268,187,0.6977611940298507,0.9639175257731959,12.171257116479458,11.313530542221516,1.472850129477143,-10.822105580302143
window=h120-126,volume_zscore_le,-0.5,3384,194,0.057328605200945626,1194,57,0.04773869346733668,0.29381443298969073,0.832720302543646,-10.85142752050143,-11.276964339813851,-10.822105580302143
window=h120-126,volume_zscore_le,-0.25,3384,194,0.057328605200945626,2070,103,0.049758454106280194,0.5309278350515464,0.8679515912147019,-10.477418616031292,-11.052807031120977,-10.822105580302143
window=h120-126,volume_zscore_le,0.0,3384,194,0.057328605200945626,2370,122,0.05147679324894515,0.6288659793814433,0.8979250946104659,-10.672920414098693,-11.058606624877385,-10.822105580302143
window=h120-126,volume_zscore_le,0.25,3384,194,0.057328605200945626,2604,137,0.05261136712749616,0.7061855670103093,0.9177158059765309,-10.68496038705936,-11.039755881895076,-10.822105580302143
window=h120-126,volume_zscore_le,0.5,3384,194,0.057328605200945626,2724,147,0.053964757709251104,0.7577319587628866,0.941323402516009,-10.633401498233773,-10.991638544367193,-10.822105580302143
window=h120-126,nt_ratio_entry_vs_pre30_ge,1.0,3384,194,0.057328605200945626,852,38,0.04460093896713615,0.1958762886597938,0.7779875127050966,-10.421519019631356,-10.73717743007104,-10.822105580302143
window=h120-126,nt_ratio_entry_vs_pre30_ge,1.5,3384,194,0.057328605200945626,594,32,0.05387205387205387,0.16494845360824742,0.9397063417681975,-10.443750245003251,-10.851653774969305,-10.822105580302143
window=h120-126,nt_ratio_entry_vs_pre30_ge,2.0,3384,194,0.057328605200945626,480,24,0.05,0.12371134020618557,0.8721649484536083,-10.837906450987287,-11.065595173537115,-10.822105580302143
window=h120-126,nt_ratio_entry_vs_pre30_ge,3.0,3384,194,0.057328605200945626,240,13,0.05416666666666667,0.06701030927835051,0.9448453608247424,-10.646128082644728,-11.315398730941297,-10.822105580302143
window=h120-126,entry_imb_long_bid_ge,-0.2,3384,194,0.057328605200945626,521,61,0.11708253358925144,0.31443298969072164,2.042305637453747,-6.418667699074221,-8.67033009475247,-10.822105580302143
window=h120-126,entry_imb_long_bid_ge,0.0,3384,194,0.057328605200945626,480,52,0.10833333333333334,0.26804123711340205,1.8896907216494847,-6.742959479290217,-8.291907649045992,-10.822105580302143
window=h120-126,entry_imb_long_bid_ge,0.2,3384,194,0.057328605200945626,433,46,0.10623556581986143,0.23711340206185566,1.853098735744387,-7.461877316219982,-8.356706022227755,-10.822105580302143
window=h120-126,entry_imb_long_bid_ge,0.5,3384,194,0.057328605200945626,362,41,0.1132596685082873,0.211340206185567,1.975622258928063,-7.2120328580939015,-8.14099966984086,-10.822105580302143
window=h120-126,entry_imb_short_ask_le,0.2,3384,194,0.057328605200945626,596,16,0.026845637583892617,0.08247422680412371,0.46827648239119907,-11.189432270026776,-9.903816999845539,-10.822105580302143
window=h120-126,entry_imb_short_ask_le,0.0,3384,194,0.057328605200945626,553,13,0.023508137432188065,0.06701030927835051,0.4100594694356928,-10.959313728023012,-9.850894187779796,-10.822105580302143
window=h120-126,entry_imb_short_ask_le,-0.2,3384,194,0.057328605200945626,498,13,0.02610441767068273,0.06701030927835051,0.45534716184324925,-10.519823695774198,-9.652499897607967,-10.822105580302143
window=h120-126,entry_imb_short_ask_le,-0.5,3384,194,0.057328605200945626,379,10,0.026385224274406333,0.05154639175257732,0.46024535538448985,-10.728373771501571,-9.957093600705806,-10.822105580302143
window=h120-126,pre5_buyvol_long_ge,0.5,3384,194,0.057328605200945626,955,116,0.12146596858638743,0.5979381443298969,2.118767204620284,-7.3469012149584865,-10.359978440166955,-10.822105580302143
window=h120-126,pre5_buyvol_long_ge,0.7,3384,194,0.057328605200945626,807,104,0.1288723667905824,0.5360824742268041,2.247959222780056,-7.4074109012468865,-10.991638544367193,-10.822105580302143
window=h120-126,pre5_buyvol_long_ge,0.9,3384,194,0.057328605200945626,594,88,0.14814814814814814,0.4536082474226804,2.5841924398625427,-6.192458000092139,-10.879779227769413,-10.822105580302143
window=h120-126,pre5_buyvol_short_le,0.5,3384,194,0.057328605200945626,739,28,0.037889039242219216,0.14432989690721648,0.6609098391529372,-12.016114301929088,-11.037127900348287,-10.822105580302143
window=h120-126,pre5_buyvol_short_le,0.3,3384,194,0.057328605200945626,618,24,0.038834951456310676,0.12371134020618557,0.6774096687018316,-11.827618986403863,-10.905543032742884,-10.822105580302143
window=h120-126,pre5_buyvol_short_le,0.1,3384,194,0.057328605200945626,384,18,0.046875,0.09278350515463918,0.8176546391752577,-11.564213172947992,-10.950470691327574,-10.822105580302143
window=h120-126,trade_present_score_ge,25,3384,194,0.057328605200945626,3354,190,0.056648777579010136,0.979381443298969,0.9881415635431459,-10.47132073504128,-10.822105580302143,-10.822105580302143
window=h120-126,trade_present_score_ge,40,3384,194,0.057328605200945626,1320,93,0.07045454545454545,0.4793814432989691,1.2289597000937207,-10.461203243643538,-10.905543032742884,-10.822105580302143
window=h120-126,trade_present_score_ge,55,3384,194,0.057328605200945626,1032,79,0.07655038759689922,0.4072164948453608,1.3352912970510669,-10.408728321169765,-10.74268982673014,-10.822105580302143
window=h120-126,trade_present_score_ge,70,3384,194,0.057328605200945626,384,14,0.036458333333333336,0.07216494845360824,0.6359536082474228,-11.349184683644246,-11.271315209254773,-10.822105580302143
window=h120-126,dipole_long_pos_ge,0.0,3384,194,0.057328605200945626,1255,104,0.08286852589641434,0.5360824742268041,1.4455004723374543,-8.304352402356859,-10.359978440166955,-10.822105580302143
window=h120-126,dipole_long_pos_ge,0.1,3384,194,0.057328605200945626,895,79,0.08826815642458101,0.4072164948453608,1.5396878419627946,-8.583887352760682,-11.039755881895076,-10.822105580302143
window=h120-126,dipole_long_pos_ge,0.2,3384,194,0.057328605200945626,513,50,0.09746588693957114,0.25773195876288657,1.7001266051727255,-7.649385690424403,-9.664648260144837,-10.822105580302143
window=h120-126,dipole_short_neg_le,0.0,3384,194,0.057328605200945626,631,21,0.03328050713153724,0.10824742268041238,0.5805218357377424,-11.92895574126895,-11.054846956178748,-10.822105580302143
window=h120-126,dipole_short_neg_le,-0.1,3384,194,0.057328605200945626,367,10,0.027247956403269755,0.05154639175257732,0.4752942498384786,-12.563548558187486,-11.307219788382726,-10.822105580302143
window=h120-126,dipole_short_neg_le,-0.2,3384,194,0.057328605200945626,139,3,0.02158273381294964,0.015463917525773196,0.37647407846918346,-12.254726331113492,-11.416877303956808,-10.822105580302143
window=h120-126,hold_min_le_avoid_chop,15,3384,194,0.057328605200945626,3199,41,0.012816505157861832,0.211340206185567,0.2235621312072394,-11.997416172404268,-11.19535389061149,-10.822105580302143
window=h120-126,hold_min_le_avoid_chop,30,3384,194,0.057328605200945626,3296,112,0.03398058252427184,0.5773195876288659,0.5927334601141027,-11.643186746412573,-11.0568163560593,-10.822105580302143
window=h120-126,hold_min_le_avoid_chop,60,3384,194,0.057328605200945626,3318,128,0.038577456298975285,0.6597938144329897,0.6729181036893421,-11.469065817099425,-11.050767106063208,-10.822105580302143
window=h120-126,hold_min_ge_runners,60,3384,194,0.057328605200945626,72,72,1.0,0.3711340206185567,17.443298969072163,41.26343564827784,40.59553392109015,-10.822105580302143
window=h120-126,hold_min_ge_runners,120,3384,194,0.057328605200945626,23,23,1.0,0.11855670103092783,17.443298969072163,69.78206906589227,64.2827955488397,-10.822105580302143
window=h120-126,fast_winner_pattern,True,3384,194,0.057328605200945626,13,3,0.23076923076923078,0.015463917525773196,4.0253766851704995,-5.4706718091709305,-5.158017855611407,-10.822105580302143
window=h120-126,clean_no_underwater_30m_cover,True,3384,194,0.057328605200945626,13,3,0.23076923076923078,0.015463917525773196,4.0253766851704995,-5.4706718091709305,-5.158017855611407,-10.822105580302143
window=h120-126,net_bps_per_min_floor,0.05,3384,194,0.057328605200945626,134,134,1.0,0.6907216494845361,17.443298969072163,27.6945382376601,20.64998619905628,-10.822105580302143
window=h120-126,net_bps_per_min_floor,0.1,3384,194,0.057328605200945626,126,126,1.0,0.6494845360824743,17.443298969072163,29.3583404964865,23.49193509277186,-10.822105580302143
window=h120-126,net_bps_per_min_floor,0.2,3384,194,0.057328605200945626,110,110,1.0,0.5670103092783505,17.443298969072163,33.09777988922147,26.96043366582738,-10.822105580302143
window=h120-126,net_bps_per_min_floor,0.5,3384,194,0.057328605200945626,41,41,1.0,0.211340206185567,17.443298969072163,37.25166892687402,30.5845877301886,-10.822105580302143
window=h126-132,cover_by_15m_TRUE,True,3384,20,0.00591016548463357,198,20,0.10101010101010101,1.0,17.09090909090909,-5.7078640592688465,-5.021349948034947,-10.992726718117744
window=h126-132,cover_by_30m_TRUE,True,3384,20,0.00591016548463357,198,20,0.10101010101010101,1.0,17.09090909090909,-5.7078640592688465,-5.021349948034947,-10.992726718117744
window=h126-132,cover_by_60m_TRUE,True,3384,20,0.00591016548463357,198,20,0.10101010101010101,1.0,17.09090909090909,-5.7078640592688465,-5.021349948034947,-10.992726718117744
window=h126-132,ever_underwater_FALSE,True,3384,20,0.00591016548463357,27,2,0.07407407407407407,0.1,12.533333333333333,-4.990918822492565,-5.021349948034947,-10.992726718117744
window=h126-132,reached_12bps_within_15m,True,3384,20,0.00591016548463357,106,16,0.1509433962264151,0.8,25.539622641509432,-5.143965063869567,-4.622922838112789,-10.992726718117744
window=h126-132,reached_12bps_within_30m,True,3384,20,0.00591016548463357,110,20,0.18181818181818182,1.0,30.763636363636365,-5.0067878984246725,-4.460346892262682,-10.992726718117744
window=h126-132,reached_20bps_within_30m,True,3384,20,0.00591016548463357,21,16,0.7619047619047619,0.8,128.9142857142857,4.117771709908855,5.497020310482528,-10.992726718117744
window=h126-132,reached_20bps_within_60m,True,3384,20,0.00591016548463357,27,18,0.6666666666666666,0.9,112.8,2.3655607228992666,-1.0353617181379882,-10.992726718117744
window=h126-132,volume_zscore_le,-0.5,3384,20,0.00591016548463357,996,2,0.002008032128514056,0.1,0.3397590361445783,-11.29398480576599,-11.179794394858177,-10.992726718117744
window=h126-132,volume_zscore_le,-0.25,3384,20,0.00591016548463357,1896,10,0.005274261603375527,0.5,0.8924050632911392,-11.143557971186013,-11.047776183413731,-10.992726718117744
window=h126-132,volume_zscore_le,0.0,3384,20,0.00591016548463357,2298,12,0.005221932114882507,0.6,0.8835509138381201,-11.166252106583917,-11.01304314903291,-10.992726718117744
window=h126-132,volume_zscore_le,0.25,3384,20,0.00591016548463357,2472,12,0.0048543689320388345,0.6,0.8213592233009708,-11.14444553934633,-11.000033001715307,-10.992726718117744
window=h126-132,volume_zscore_le,0.5,3384,20,0.00591016548463357,2610,12,0.004597701149425287,0.6,0.7779310344827586,-11.153806664769505,-11.021433587841706,-10.992726718117744
window=h126-132,nt_ratio_entry_vs_pre30_ge,1.0,3384,20,0.00591016548463357,804,6,0.007462686567164179,0.3,1.2626865671641792,-10.992133679717297,-10.879336397010896,-10.992726718117744
window=h126-132,nt_ratio_entry_vs_pre30_ge,1.5,3384,20,0.00591016548463357,480,6,0.0125,0.3,2.115,-11.131893880466228,-10.921637884997862,-10.992726718117744
window=h126-132,nt_ratio_entry_vs_pre30_ge,2.0,3384,20,0.00591016548463357,312,2,0.00641025641025641,0.1,1.0846153846153845,-11.472002276921097,-10.875079211990526,-10.992726718117744
window=h126-132,nt_ratio_entry_vs_pre30_ge,3.0,3384,20,0.00591016548463357,180,2,0.011111111111111112,0.1,1.8800000000000001,-11.874981458740235,-10.883593582031267,-10.992726718117744
window=h126-132,entry_imb_long_bid_ge,-0.2,3384,20,0.00591016548463357,553,0,0.0,0.0,0.0,-10.801564541351478,-10.309250854887555,-10.992726718117744
window=h126-132,entry_imb_long_bid_ge,0.0,3384,20,0.00591016548463357,499,0,0.0,0.0,0.0,-10.716207993333404,-10.268700171137157,-10.992726718117744
window=h126-132,entry_imb_long_bid_ge,0.2,3384,20,0.00591016548463357,414,0,0.0,0.0,0.0,-10.827840988844681,-10.686602408605326,-10.992726718117744
window=h126-132,entry_imb_long_bid_ge,0.5,3384,20,0.00591016548463357,307,0,0.0,0.0,0.0,-10.857248530230647,-10.69480002384719,-10.992726718117744
window=h126-132,entry_imb_short_ask_le,0.2,3384,20,0.00591016548463357,550,8,0.014545454545454545,0.4,2.461090909090909,-10.067633405610266,-10.01240238006766,-10.992726718117744
window=h126-132,entry_imb_short_ask_le,0.0,3384,20,0.00591016548463357,461,6,0.013015184381778741,0.3,2.2021691973969633,-9.684488183757502,-9.871065710739817,-10.992726718117744
window=h126-132,entry_imb_short_ask_le,-0.2,3384,20,0.00591016548463357,395,2,0.005063291139240506,0.1,0.8567088607594937,-9.9448749615543,-10.012385184819122,-10.992726718117744
window=h126-132,entry_imb_short_ask_le,-0.5,3384,20,0.00591016548463357,341,2,0.005865102639296188,0.1,0.992375366568915,-9.682331830992554,-9.656225437771704,-10.992726718117744
window=h126-132,pre5_buyvol_long_ge,0.5,3384,20,0.00591016548463357,946,0,0.0,0.0,0.0,-11.277912703662066,-10.921637884997862,-10.992726718117744
window=h126-132,pre5_buyvol_long_ge,0.7,3384,20,0.00591016548463357,790,0,0.0,0.0,0.0,-11.335800261667591,-10.870853722289322,-10.992726718117744
window=h126-132,pre5_buyvol_long_ge,0.9,3384,20,0.00591016548463357,572,0,0.0,0.0,0.0,-11.275468164493638,-10.830503235816137,-10.992726718117744
window=h126-132,pre5_buyvol_short_le,0.5,3384,20,0.00591016548463357,775,12,0.015483870967741935,0.6,2.6198709677419356,-10.263086922386192,-10.239029574463693,-10.992726718117744
window=h126-132,pre5_buyvol_short_le,0.3,3384,20,0.00591016548463357,608,10,0.01644736842105263,0.5,2.7828947368421053,-10.383958976790115,-10.601687986080968,-10.992726718117744
window=h126-132,pre5_buyvol_short_le,0.1,3384,20,0.00591016548463357,413,8,0.01937046004842615,0.4,3.2774818401937047,-10.37611528438155,-10.558600074729576,-10.992726718117744
window=h126-132,trade_present_score_ge,25,3384,20,0.00591016548463357,3360,20,0.005952380952380952,1.0,1.0071428571428571,-11.085863547572586,-10.992726718117744,-10.992726718117744
window=h126-132,trade_present_score_ge,40,3384,20,0.00591016548463357,1410,11,0.007801418439716312,0.55,1.32,-11.07883145537159,-11.065888870649548,-10.992726718117744
window=h126-132,trade_present_score_ge,55,3384,20,0.00591016548463357,978,11,0.011247443762781187,0.55,1.9030674846625768,-11.172964846069531,-11.244420480238837,-10.992726718117744
window=h126-132,trade_present_score_ge,70,3384,20,0.00591016548463357,204,4,0.0196078431372549,0.2,3.3176470588235296,-11.152900927690771,-11.36083682590897,-10.992726718117744
window=h126-132,dipole_long_pos_ge,0.0,3384,20,0.00591016548463357,911,0,0.0,0.0,0.0,-11.800670850050027,-11.115719333497418,-10.992726718117744
window=h126-132,dipole_long_pos_ge,0.1,3384,20,0.00591016548463357,602,0,0.0,0.0,0.0,-11.734162052242633,-11.324227910858044,-10.992726718117744
window=h126-132,dipole_long_pos_ge,0.2,3384,20,0.00591016548463357,392,0,0.0,0.0,0.0,-11.75821600681516,-11.449284255845903,-10.992726718117744
window=h126-132,dipole_short_neg_le,0.0,3384,20,0.00591016548463357,956,0,0.0,0.0,0.0,-10.924833460602661,-11.065160704418286,-10.992726718117744
window=h126-132,dipole_short_neg_le,-0.1,3384,20,0.00591016548463357,620,0,0.0,0.0,0.0,-10.902368287425052,-11.121017086664963,-10.992726718117744
window=h126-132,dipole_short_neg_le,-0.2,3384,20,0.00591016548463357,373,0,0.0,0.0,0.0,-10.825377525710575,-10.558600074729576,-10.992726718117744
window=h126-132,hold_min_le_avoid_chop,15,3384,20,0.00591016548463357,3345,0,0.0,0.0,0.0,-11.198432768579016,-11.040501971125774,-10.992726718117744
window=h126-132,hold_min_le_avoid_chop,30,3384,20,0.00591016548463357,3359,0,0.0,0.0,0.0,-11.199165357308361,-11.040501971125774,-10.992726718117744
window=h126-132,hold_min_le_avoid_chop,60,3384,20,0.00591016548463357,3365,6,0.0017830609212481426,0.3,0.30169390787518574,-11.172536256366596,-11.01304314903291,-10.992726718117744
window=h126-132,hold_min_ge_runners,60,3384,20,0.00591016548463357,19,14,0.7368421052631579,0.7,124.67368421052632,5.398549682644378,-1.0353617181379882,-10.992726718117744
window=h126-132,hold_min_ge_runners,120,3384,20,0.00591016548463357,1,1,1.0,0.05,169.20000000000002,21.853414503093276,21.853414503093276,-10.992726718117744
window=h126-132,fast_winner_pattern,True,3384,20,0.00591016548463357,6,2,0.3333333333333333,0.1,56.4,1.7578814672306209,-1.372519969079196,-10.992726718117744
window=h126-132,clean_no_underwater_30m_cover,True,3384,20,0.00591016548463357,6,2,0.3333333333333333,0.1,56.4,1.7578814672306209,-1.372519969079196,-10.992726718117744
window=h126-132,net_bps_per_min_floor,0.05,3384,20,0.00591016548463357,11,11,1.0,0.55,169.20000000000002,14.097699454514112,17.44803456288409,-10.992726718117744
window=h126-132,net_bps_per_min_floor,0.1,3384,20,0.00591016548463357,10,10,1.0,0.5,169.20000000000002,13.322127949656197,17.44803456288409,-10.992726718117744
window=h126-132,net_bps_per_min_floor,0.2,3384,20,0.00591016548463357,6,6,1.0,0.3,169.20000000000002,18.538866375771974,18.538866375771974,-10.992726718117744
window=h126-132,net_bps_per_min_floor,0.5,3384,20,0.00591016548463357,0,0,,0.0,,,,-10.992726718117744
window=h132-138,cover_by_15m_TRUE,True,2946,24,0.008146639511201629,128,24,0.1875,1.0,23.015625000000004,-2.49719626486349,-4.055654456580305,-10.773682214150714
window=h132-138,cover_by_30m_TRUE,True,2946,24,0.008146639511201629,128,24,0.1875,1.0,23.015625000000004,-2.49719626486349,-4.055654456580305,-10.773682214150714
window=h132-138,cover_by_60m_TRUE,True,2946,24,0.008146639511201629,139,24,0.17266187050359713,1.0,21.194244604316548,-2.435244410052017,-3.8417595013575783,-10.773682214150714
window=h132-138,ever_underwater_FALSE,True,2946,24,0.008146639511201629,47,0,0.0,0.0,0.0,-5.43774912901749,-4.441764523302733,-10.773682214150714
window=h132-138,reached_12bps_within_15m,True,2946,24,0.008146639511201629,102,24,0.23529411764705882,1.0,28.882352941176475,-1.448465834345495,-3.6267851147895813,-10.773682214150714
window=h132-138,reached_12bps_within_30m,True,2946,24,0.008146639511201629,102,24,0.23529411764705882,1.0,28.882352941176475,-1.448465834345495,-3.6267851147895813,-10.773682214150714
window=h132-138,reached_20bps_within_30m,True,2946,24,0.008146639511201629,17,9,0.5294117647058824,0.375,64.98529411764707,6.03621055567878,0.803531821060508,-10.773682214150714
window=h132-138,reached_20bps_within_60m,True,2946,24,0.008146639511201629,21,9,0.42857142857142855,0.375,52.60714285714286,4.860636635443033,-0.1355525255588912,-10.773682214150714
window=h132-138,volume_zscore_le,-0.5,2946,24,0.008146639511201629,936,13,0.013888888888888888,0.5416666666666666,1.7048611111111112,-10.922573158940208,-10.773855052038481,-10.773682214150714
window=h132-138,volume_zscore_le,-0.25,2946,24,0.008146639511201629,1596,17,0.010651629072681704,0.7083333333333334,1.3074874686716793,-11.031918058936382,-10.773855052038481,-10.773682214150714
window=h132-138,volume_zscore_le,0.0,2946,24,0.008146639511201629,1908,17,0.00890985324947589,0.7083333333333334,1.0936844863731656,-11.039205195818395,-10.73019849847492,-10.773682214150714
window=h132-138,volume_zscore_le,0.25,2946,24,0.008146639511201629,2118,22,0.010387157695939566,0.9166666666666666,1.2750236071765817,-11.01968850583038,-10.705445544555898,-10.773682214150714
window=h132-138,volume_zscore_le,0.5,2946,24,0.008146639511201629,2220,22,0.00990990990990991,0.9166666666666666,1.2164414414414415,-11.009217156560302,-10.73019849847492,-10.773682214150714
window=h132-138,nt_ratio_entry_vs_pre30_ge,1.0,2946,24,0.008146639511201629,726,4,0.005509641873278237,0.16666666666666666,0.6763085399449037,-10.950710448662589,-10.839898427616463,-10.773682214150714
window=h132-138,nt_ratio_entry_vs_pre30_ge,1.5,2946,24,0.008146639511201629,516,2,0.003875968992248062,0.08333333333333333,0.4757751937984496,-10.83831759770769,-10.701441383153899,-10.773682214150714
window=h132-138,nt_ratio_entry_vs_pre30_ge,2.0,2946,24,0.008146639511201629,336,2,0.005952380952380952,0.08333333333333333,0.730654761904762,-10.974711834718557,-10.720057891530928,-10.773682214150714
window=h132-138,nt_ratio_entry_vs_pre30_ge,3.0,2946,24,0.008146639511201629,192,2,0.010416666666666666,0.08333333333333333,1.2786458333333335,-11.217637695550524,-11.32089534351514,-10.773682214150714
window=h132-138,entry_imb_long_bid_ge,-0.2,2946,24,0.008146639511201629,445,15,0.033707865168539325,0.625,4.137640449438202,-9.136047844117913,-9.312819322874992,-10.773682214150714
window=h132-138,entry_imb_long_bid_ge,0.0,2946,24,0.008146639511201629,405,15,0.037037037037037035,0.625,4.546296296296297,-8.980148553911345,-9.227486055587462,-10.773682214150714
window=h132-138,entry_imb_long_bid_ge,0.2,2946,24,0.008146639511201629,350,11,0.03142857142857143,0.4583333333333333,3.8578571428571435,-8.892647905112502,-9.209806455394357,-10.773682214150714
window=h132-138,entry_imb_long_bid_ge,0.5,2946,24,0.008146639511201629,249,8,0.0321285140562249,0.3333333333333333,3.9437751004016066,-9.129794033285776,-9.472709597523869,-10.773682214150714
window=h132-138,entry_imb_short_ask_le,0.2,2946,24,0.008146639511201629,440,0,0.0,0.0,0.0,-10.058445730904,-10.012398414786306,-10.773682214150714
window=h132-138,entry_imb_short_ask_le,0.0,2946,24,0.008146639511201629,375,0,0.0,0.0,0.0,-9.759897613620653,-10.012398414786306,-10.773682214150714
window=h132-138,entry_imb_short_ask_le,-0.2,2946,24,0.008146639511201629,325,0,0.0,0.0,0.0,-9.853446506364383,-10.012398414786306,-10.773682214150714
window=h132-138,entry_imb_short_ask_le,-0.5,2946,24,0.008146639511201629,263,0,0.0,0.0,0.0,-9.160039413881439,-9.226573672841667,-10.773682214150714
window=h132-138,pre5_buyvol_long_ge,0.5,2946,24,0.008146639511201629,879,10,0.011376564277588168,0.4166666666666667,1.3964732650739478,-10.740991826480634,-10.453885511841733,-10.773682214150714
window=h132-138,pre5_buyvol_long_ge,0.7,2946,24,0.008146639511201629,722,7,0.009695290858725761,0.2916666666666667,1.1900969529085872,-10.750626890462556,-10.324301277724723,-10.773682214150714
window=h132-138,pre5_buyvol_long_ge,0.9,2946,24,0.008146639511201629,536,7,0.013059701492537313,0.2916666666666667,1.6030783582089554,-10.752807409569671,-10.345516767620262,-10.773682214150714
window=h132-138,pre5_buyvol_short_le,0.5,2946,24,0.008146639511201629,603,0,0.0,0.0,0.0,-11.88284188052651,-11.687951937258333,-10.773682214150714
window=h132-138,pre5_buyvol_short_le,0.3,2946,24,0.008146639511201629,464,0,0.0,0.0,0.0,-12.032085623610381,-12.002071008135902,-10.773682214150714
window=h132-138,pre5_buyvol_short_le,0.1,2946,24,0.008146639511201629,289,0,0.0,0.0,0.0,-11.812626247639999,-11.592155358341461,-10.773682214150714
window=h132-138,trade_present_score_ge,25,2946,24,0.008146639511201629,2904,24,0.008264462809917356,1.0,1.0144628099173556,-11.003179491025827,-10.810898934164635,-10.773682214150714
window=h132-138,trade_present_score_ge,40,2946,24,0.008146639511201629,978,13,0.013292433537832311,0.5416666666666666,1.6316462167689163,-11.181761181237254,-11.249135376258987,-10.773682214150714
window=h132-138,trade_present_score_ge,55,2946,24,0.008146639511201629,600,11,0.018333333333333333,0.4583333333333333,2.2504166666666667,-11.162449901870271,-11.1074750337571,-10.773682214150714
window=h132-138,trade_present_score_ge,70,2946,24,0.008146639511201629,198,7,0.03535353535353535,0.2916666666666667,4.3396464646464645,-11.317748748152011,-11.974499042318522,-10.773682214150714
window=h132-138,dipole_long_pos_ge,0.0,2946,24,0.008146639511201629,881,7,0.007945516458569807,0.2916666666666667,0.9753121452894439,-11.19096801153934,-11.03076658645489,-10.773682214150714
window=h132-138,dipole_long_pos_ge,0.1,2946,24,0.008146639511201629,583,7,0.012006861063464836,0.2916666666666667,1.4738421955403087,-11.013998027164817,-11.073304726191857,-10.773682214150714
window=h132-138,dipole_long_pos_ge,0.2,2946,24,0.008146639511201629,369,7,0.018970189701897018,0.2916666666666667,2.3285907859078594,-11.295825681749397,-11.411331477040044,-10.773682214150714
window=h132-138,dipole_short_neg_le,0.0,2946,24,0.008146639511201629,725,0,0.0,0.0,0.0,-11.885446244809254,-11.872172144397856,-10.773682214150714
window=h132-138,dipole_short_neg_le,-0.1,2946,24,0.008146639511201629,384,0,0.0,0.0,0.0,-12.164176080110384,-12.580326248147882,-10.773682214150714
window=h132-138,dipole_short_neg_le,-0.2,2946,24,0.008146639511201629,192,0,0.0,0.0,0.0,-12.90103014840041,-12.86124616045535,-10.773682214150714
window=h132-138,hold_min_le_avoid_chop,15,2946,24,0.008146639511201629,2838,3,0.0010570824524312897,0.125,0.12975687103594083,-11.194825108904995,-10.859576698212859,-10.773682214150714
window=h132-138,hold_min_le_avoid_chop,30,2946,24,0.008146639511201629,2863,7,0.0024449877750611247,0.2916666666666667,0.3001222493887531,-11.137993179818567,-10.81660838710255,-10.773682214150714
window=h132-138,hold_min_le_avoid_chop,60,2946,24,0.008146639511201629,2914,7,0.0024021962937542897,0.2916666666666667,0.2948695950583391,-11.139040103224591,-10.813753660633592,-10.773682214150714
window=h132-138,hold_min_ge_runners,60,2946,24,0.008146639511201629,35,17,0.4857142857142857,0.7083333333333334,59.621428571428574,0.2673625346715968,-0.1355525255588912,-10.773682214150714
window=h132-138,hold_min_ge_runners,120,2946,24,0.008146639511201629,12,12,1.0,0.5,122.75000000000001,10.063249137550407,7.8772825223499945,-10.773682214150714
window=h132-138,fast_winner_pattern,True,2946,24,0.008146639511201629,13,0,0.0,0.0,0.0,-3.4672473513779507,-3.8417595013575783,-10.773682214150714
window=h132-138,clean_no_underwater_30m_cover,True,2946,24,0.008146639511201629,13,0,0.0,0.0,0.0,-3.4672473513779507,-3.8417595013575783,-10.773682214150714
window=h132-138,net_bps_per_min_floor,0.05,2946,24,0.008146639511201629,16,16,1.0,0.6666666666666666,122.75000000000001,10.862598432192534,11.256890246753676,-10.773682214150714
window=h132-138,net_bps_per_min_floor,0.1,2946,24,0.008146639511201629,6,6,1.0,0.25,122.75000000000001,9.263566804682858,11.369922272945912,-10.773682214150714
window=h132-138,net_bps_per_min_floor,0.2,2946,24,0.008146639511201629,0,0,,0.0,,,,-10.773682214150714
window=h132-138,net_bps_per_min_floor,0.5,2946,24,0.008146639511201629,0,0,,0.0,,,,-10.773682214150714
window=h138-144,cover_by_15m_TRUE,True,3384,11,0.0032505910165484633,239,7,0.029288702928870293,0.6363636363636364,9.01027006466337,-4.5327815884997875,-3.412366247737668,-10.92682812096984
window=h138-144,cover_by_30m_TRUE,True,3384,11,0.0032505910165484633,243,11,0.04526748971193416,1.0,13.925925925925927,-4.45849400961653,-3.1506658815556507,-10.92682812096984
window=h138-144,cover_by_60m_TRUE,True,3384,11,0.0032505910165484633,243,11,0.04526748971193416,1.0,13.925925925925927,-4.45849400961653,-3.1506658815556507,-10.92682812096984
window=h138-144,ever_underwater_FALSE,True,3384,11,0.0032505910165484633,23,0,0.0,0.0,0.0,-4.580051267846624,-3.815533354817682,-10.92682812096984
window=h138-144,reached_12bps_within_15m,True,3384,11,0.0032505910165484633,167,7,0.041916167664670656,0.6363636363636364,12.89493739793141,-4.17441335345588,-3.412366247737668,-10.92682812096984
window=h138-144,reached_12bps_within_30m,True,3384,11,0.0032505910165484633,178,11,0.06179775280898876,1.0,19.01123595505618,-3.9640839123975176,-2.821624489339726,-10.92682812096984
window=h138-144,reached_20bps_within_30m,True,3384,11,0.0032505910165484633,29,5,0.1724137931034483,0.45454545454545453,53.04075235109718,-2.704989865630469,-2.0907580515585646,-10.92682812096984
window=h138-144,reached_20bps_within_60m,True,3384,11,0.0032505910165484633,29,5,0.1724137931034483,0.45454545454545453,53.04075235109718,-2.704989865630469,-2.0907580515585646,-10.92682812096984
window=h138-144,volume_zscore_le,-0.5,3384,11,0.0032505910165484633,1044,6,0.005747126436781609,0.5454545454545454,1.768025078369906,-10.773302443776416,-10.667816813203538,-10.92682812096984
window=h138-144,volume_zscore_le,-0.25,3384,11,0.0032505910165484633,1836,6,0.0032679738562091504,0.5454545454545454,1.0053475935828877,-10.798238480228045,-10.72987829997433,-10.92682812096984
window=h138-144,volume_zscore_le,0.0,3384,11,0.0032505910165484633,2142,6,0.0028011204481792717,0.5454545454545454,0.8617265087853323,-10.89214241247413,-10.858949428868677,-10.92682812096984
window=h138-144,volume_zscore_le,0.25,3384,11,0.0032505910165484633,2352,9,0.003826530612244898,0.8181818181818182,1.1771799628942485,-10.933000967009944,-10.948271073363014,-10.92682812096984
window=h138-144,volume_zscore_le,0.5,3384,11,0.0032505910165484633,2526,9,0.0035629453681710215,0.8181818181818182,1.0960915568991578,-10.943508107896193,-10.944126954140799,-10.92682812096984
window=h138-144,nt_ratio_entry_vs_pre30_ge,1.0,3384,11,0.0032505910165484633,816,4,0.004901960784313725,0.36363636363636365,1.5080213903743316,-10.878147140635454,-10.94843113091202,-10.92682812096984
window=h138-144,nt_ratio_entry_vs_pre30_ge,1.5,3384,11,0.0032505910165484633,606,4,0.006600660066006601,0.36363636363636365,2.0306030603060305,-10.99860181173422,-10.965166549098154,-10.92682812096984
window=h138-144,nt_ratio_entry_vs_pre30_ge,2.0,3384,11,0.0032505910165484633,432,0,0.0,0.0,0.0,-11.085540418442529,-10.969663502233358,-10.92682812096984
window=h138-144,nt_ratio_entry_vs_pre30_ge,3.0,3384,11,0.0032505910165484633,294,0,0.0,0.0,0.0,-11.151816521249728,-11.095532559649413,-10.92682812096984
window=h138-144,entry_imb_long_bid_ge,-0.2,3384,11,0.0032505910165484633,479,2,0.0041753653444676405,0.18181818181818182,1.2844942114253177,-10.884383862196056,-11.03163100741762,-10.92682812096984
window=h138-144,entry_imb_long_bid_ge,0.0,3384,11,0.0032505910165484633,409,0,0.0,0.0,0.0,-11.07281701165844,-11.138041737520092,-10.92682812096984
window=h138-144,entry_imb_long_bid_ge,0.2,3384,11,0.0032505910165484633,340,0,0.0,0.0,0.0,-10.855638257087312,-10.793310862903592,-10.92682812096984
window=h138-144,entry_imb_long_bid_ge,0.5,3384,11,0.0032505910165484633,288,0,0.0,0.0,0.0,-10.88949181357534,-10.61851778509369,-10.92682812096984
window=h138-144,entry_imb_short_ask_le,0.2,3384,11,0.0032505910165484633,533,0,0.0,0.0,0.0,-10.26756365024805,-9.67802903716834,-10.92682812096984
window=h138-144,entry_imb_short_ask_le,0.0,3384,11,0.0032505910165484633,452,0,0.0,0.0,0.0,-10.46519066411755,-10.042945996642288,-10.92682812096984
window=h138-144,entry_imb_short_ask_le,-0.2,3384,11,0.0032505910165484633,384,0,0.0,0.0,0.0,-10.367612685573741,-10.05304096005829,-10.92682812096984
window=h138-144,entry_imb_short_ask_le,-0.5,3384,11,0.0032505910165484633,292,0,0.0,0.0,0.0,-10.482862709771187,-10.089770340183268,-10.92682812096984
window=h138-144,pre5_buyvol_long_ge,0.5,3384,11,0.0032505910165484633,947,6,0.006335797254487857,0.5454545454545454,1.9491216281079007,-11.055772716288322,-11.290171291376836,-10.92682812096984
window=h138-144,pre5_buyvol_long_ge,0.7,3384,11,0.0032505910165484633,761,6,0.00788436268068331,0.5454545454545454,2.4255166646756656,-11.011248127212328,-11.198213151344165,-10.92682812096984
window=h138-144,pre5_buyvol_long_ge,0.9,3384,11,0.0032505910165484633,542,6,0.01107011070110701,0.5454545454545454,3.4055686011405566,-11.09062711227362,-11.198213151344165,-10.92682812096984
window=h138-144,pre5_buyvol_short_le,0.5,3384,11,0.0032505910165484633,737,0,0.0,0.0,0.0,-11.316715868727332,-10.94843113091202,-10.92682812096984
window=h138-144,pre5_buyvol_short_le,0.3,3384,11,0.0032505910165484633,588,0,0.0,0.0,0.0,-11.306079771703823,-11.00944519820018,-10.92682812096984
window=h138-144,pre5_buyvol_short_le,0.1,3384,11,0.0032505910165484633,442,0,0.0,0.0,0.0,-11.2752425243941,-10.995274877440558,-10.92682812096984
window=h138-144,trade_present_score_ge,25,3384,11,0.0032505910165484633,3348,11,0.0032855436081242534,1.0,1.010752688172043,-10.971422184813795,-10.936290269979368,-10.92682812096984
window=h138-144,trade_present_score_ge,40,3384,11,0.0032505910165484633,1158,4,0.0034542314335060447,0.36363636363636365,1.0626471973622234,-11.207494296866818,-10.961055194763512,-10.92682812096984
window=h138-144,trade_present_score_ge,55,3384,11,0.0032505910165484633,834,0,0.0,0.0,0.0,-11.314996106160738,-11.14154196443667,-10.92682812096984
window=h138-144,trade_present_score_ge,70,3384,11,0.0032505910165484633,192,0,0.0,0.0,0.0,-11.898230980747076,-11.875160582522948,-10.92682812096984
window=h138-144,dipole_long_pos_ge,0.0,3384,11,0.0032505910165484633,1136,4,0.0035211267605633804,0.36363636363636365,1.0832266325224071,-10.926368943169207,-11.376348528075242,-10.92682812096984
window=h138-144,dipole_long_pos_ge,0.1,3384,11,0.0032505910165484633,651,4,0.006144393241167435,0.36363636363636365,1.8902387934645999,-11.115553594750248,-11.372709754117867,-10.92682812096984
window=h138-144,dipole_long_pos_ge,0.2,3384,11,0.0032505910165484633,340,4,0.011764705882352941,0.36363636363636365,3.6192513368983956,-11.101895761125546,-11.398459166162926,-10.92682812096984
window=h138-144,dipole_short_neg_le,0.0,3384,11,0.0032505910165484633,710,3,0.004225352112676056,0.2727272727272727,1.2998719590268886,-11.694884579853762,-11.295292567065315,-10.92682812096984
window=h138-144,dipole_short_neg_le,-0.1,3384,11,0.0032505910165484633,353,0,0.0,0.0,0.0,-11.85836985926317,-11.50436908219358,-10.92682812096984
window=h138-144,dipole_short_neg_le,-0.2,3384,11,0.0032505910165484633,159,0,0.0,0.0,0.0,-11.899810274523265,-11.528347513726208,-10.92682812096984
window=h138-144,hold_min_le_avoid_chop,15,3384,11,0.0032505910165484633,3339,4,0.0011979634621144056,0.36363636363636365,0.3685371232541044,-11.063603658726267,-10.961055194763512,-10.92682812096984
window=h138-144,hold_min_le_avoid_chop,30,3384,11,0.0032505910165484633,3378,7,0.0020722320899940793,0.6363636363636364,0.6374939447763605,-10.974221685940012,-10.932771891794303,-10.92682812096984
window=h138-144,hold_min_le_avoid_chop,60,3384,11,0.0032505910165484633,3382,11,0.003252513305736251,1.0,1.0005913660555885,-10.961265552865385,-10.929253513609238,-10.92682812096984
window=h138-144,hold_min_ge_runners,60,3384,11,0.0032505910165484633,2,0,0.0,0.0,0.0,-10.72603899514806,-10.72603899514806,-10.92682812096984
window=h138-144,hold_min_ge_runners,120,3384,11,0.0032505910165484633,0,0,,0.0,,,,-10.92682812096984
window=h138-144,fast_winner_pattern,True,3384,11,0.0032505910165484633,7,0,0.0,0.0,0.0,-1.5109152868038365,-1.539705932903379,-10.92682812096984
window=h138-144,clean_no_underwater_30m_cover,True,3384,11,0.0032505910165484633,7,0,0.0,0.0,0.0,-1.5109152868038365,-1.539705932903379,-10.92682812096984
window=h138-144,net_bps_per_min_floor,0.05,3384,11,0.0032505910165484633,0,0,,0.0,,,,-10.92682812096984
window=h138-144,net_bps_per_min_floor,0.1,3384,11,0.0032505910165484633,0,0,,0.0,,,,-10.92682812096984
window=h138-144,net_bps_per_min_floor,0.2,3384,11,0.0032505910165484633,0,0,,0.0,,,,-10.92682812096984
window=h138-144,net_bps_per_min_floor,0.5,3384,11,0.0032505910165484633,0,0,,0.0,,,,-10.92682812096984
window=h144-150,cover_by_15m_TRUE,True,3383,305,0.09015666568134792,726,293,0.4035812672176309,0.9606557377049181,4.476444022941788,2.8323836512797675,-2.7188770847148476,-10.857777930349087
window=h144-150,cover_by_30m_TRUE,True,3383,305,0.09015666568134792,728,293,0.4024725274725275,0.9606557377049181,4.464146099801837,2.7648991880220843,-2.7188770847148476,-10.857777930349087
window=h144-150,cover_by_60m_TRUE,True,3383,305,0.09015666568134792,728,293,0.4024725274725275,0.9606557377049181,4.464146099801837,2.7648991880220843,-2.7188770847148476,-10.857777930349087
window=h144-150,ever_underwater_FALSE,True,3383,305,0.09015666568134792,13,0,0.0,0.0,0.0,-4.859062003737232,-5.3453432283602265,-10.857777930349087
window=h144-150,reached_12bps_within_15m,True,3383,305,0.09015666568134792,586,293,0.5,0.9606557377049181,5.545901639344262,5.280160408597262,-1.429820240420562,-10.857777930349087
window=h144-150,reached_12bps_within_30m,True,3383,305,0.09015666568134792,588,293,0.49829931972789115,0.9606557377049181,5.527038028326085,5.1882824447091185,-1.5413332312296273,-10.857777930349087
window=h144-150,reached_20bps_within_30m,True,3383,305,0.09015666568134792,348,286,0.8218390804597702,0.9377049180327869,9.11567740719804,13.9108940660879,7.004399896900638,-10.857777930349087
window=h144-150,reached_20bps_within_60m,True,3383,305,0.09015666568134792,351,289,0.8233618233618234,0.9475409836065574,9.132567371911634,13.824403570446789,6.943826414481116,-10.857777930349087
window=h144-150,volume_zscore_le,-0.5,3383,305,0.09015666568134792,1241,119,0.0958904109589041,0.3901639344262295,1.0635975746687625,-10.434183963444818,-11.277598293982463,-10.857777930349087
window=h144-150,volume_zscore_le,-0.25,3383,305,0.09015666568134792,1949,172,0.08825038481272447,0.5639344262295082,0.9788559076113013,-10.28089182426832,-10.772447608294618,-10.857777930349087
window=h144-150,volume_zscore_le,0.0,3383,305,0.09015666568134792,2267,195,0.08601676224084694,0.639344262295082,0.9540810054451972,-10.220731377392216,-10.853103282427703,-10.857777930349087
window=h144-150,volume_zscore_le,0.25,3383,305,0.09015666568134792,2435,217,0.0891170431211499,0.7114754098360656,0.9884687110781971,-10.283714131945077,-10.853103282427703,-10.857777930349087
window=h144-150,volume_zscore_le,0.5,3383,305,0.09015666568134792,2579,234,0.09073284218689415,0.7672131147540984,1.006390836453321,-10.289256128767045,-10.818933015412117,-10.857777930349087
window=h144-150,nt_ratio_entry_vs_pre30_ge,1.0,3383,305,0.09015666568134792,972,94,0.09670781893004116,0.3081967213114754,1.0726641030830466,-9.880845377777547,-11.056893547186412,-10.857777930349087
window=h144-150,nt_ratio_entry_vs_pre30_ge,1.5,3383,305,0.09015666568134792,660,55,0.08333333333333333,0.18032786885245902,0.9243169398907103,-10.270493538926539,-11.253807818419608,-10.857777930349087
window=h144-150,nt_ratio_entry_vs_pre30_ge,2.0,3383,305,0.09015666568134792,510,32,0.06274509803921569,0.10491803278688525,0.6959562841530055,-10.70567594280768,-11.247951586473885,-10.857777930349087
window=h144-150,nt_ratio_entry_vs_pre30_ge,3.0,3383,305,0.09015666568134792,360,22,0.06111111111111111,0.07213114754098361,0.6778324225865209,-11.367591922739752,-11.518764800780813,-10.857777930349087
window=h144-150,entry_imb_long_bid_ge,-0.2,3383,305,0.09015666568134792,605,91,0.15041322314049588,0.2983606557377049,1.6683538815878607,-6.607973300606459,-9.74454762310468,-10.857777930349087
window=h144-150,entry_imb_long_bid_ge,0.0,3383,305,0.09015666568134792,512,76,0.1484375,0.24918032786885247,1.6464395491803279,-6.457722882178029,-9.914043318039802,-10.857777930349087
window=h144-150,entry_imb_long_bid_ge,0.2,3383,305,0.09015666568134792,474,76,0.16033755274261605,0.24918032786885247,1.7784325932074427,-6.025062992653918,-9.872173019824066,-10.857777930349087
window=h144-150,entry_imb_long_bid_ge,0.5,3383,305,0.09015666568134792,380,52,0.1368421052631579,0.17049180327868851,1.517825711820535,-7.098094520899822,-9.646569649261819,-10.857777930349087
window=h144-150,entry_imb_short_ask_le,0.2,3383,305,0.09015666568134792,466,15,0.032188841201716736,0.04918032786885246,0.35703229437838596,-12.848989865952253,-11.247951586473885,-10.857777930349087
window=h144-150,entry_imb_short_ask_le,0.0,3383,305,0.09015666568134792,441,13,0.02947845804988662,0.04262295081967213,0.32696925764841456,-12.970002700091198,-11.247951586473885,-10.857777930349087
window=h144-150,entry_imb_short_ask_le,-0.2,3383,305,0.09015666568134792,357,13,0.036414565826330535,0.04262295081967213,0.4039032006245121,-12.558541308485067,-10.531720430107889,-10.857777930349087
window=h144-150,entry_imb_short_ask_le,-0.5,3383,305,0.09015666568134792,285,9,0.031578947368421054,0.029508196721311476,0.350267471958585,-12.437243670562964,-10.614945291074106,-10.857777930349087
window=h144-150,pre5_buyvol_long_ge,0.5,3383,305,0.09015666568134792,1027,162,0.15774099318403115,0.5311475409836065,1.7496320653822208,-6.837340681327096,-9.774683059414002,-10.857777930349087
window=h144-150,pre5_buyvol_long_ge,0.7,3383,305,0.09015666568134792,870,137,0.15747126436781608,0.4491803278688525,1.74664028641417,-6.365660642180571,-9.574593959617673,-10.857777930349087
window=h144-150,pre5_buyvol_long_ge,0.9,3383,305,0.09015666568134792,590,103,0.17457627118644067,0.3377049180327869,1.9363656571269796,-5.198607773909733,-9.443745996125553,-10.857777930349087
window=h144-150,pre5_buyvol_short_le,0.5,3383,305,0.09015666568134792,699,23,0.032904148783977114,0.07540983606557378,0.36496634536457234,-13.335894988081517,-11.916204324783276,-10.857777930349087
window=h144-150,pre5_buyvol_short_le,0.3,3383,305,0.09015666568134792,566,23,0.04063604240282685,0.07540983606557378,0.4507269883566008,-13.279383478014978,-11.958857408546125,-10.857777930349087
window=h144-150,pre5_buyvol_short_le,0.1,3383,305,0.09015666568134792,373,21,0.05630026809651475,0.06885245901639345,0.6244714982639652,-12.558577984135349,-11.976169006827416,-10.857777930349087
window=h144-150,trade_present_score_ge,25,3383,305,0.09015666568134792,3347,302,0.09023005676725426,0.9901639344262295,1.0008140394872824,-10.410476145956492,-10.857777930349087,-10.857777930349087
window=h144-150,trade_present_score_ge,40,3383,305,0.09015666568134792,1865,167,0.08954423592493298,0.5475409836065573,0.9932070496198303,-10.456325859685645,-10.853103282427703,-10.857777930349087
window=h144-150,trade_present_score_ge,55,3383,305,0.09015666568134792,1404,131,0.0933048433048433,0.42950819672131146,1.03491896688618,-10.624781344607733,-10.772447608294618,-10.857777930349087
window=h144-150,trade_present_score_ge,70,3383,305,0.09015666568134792,750,66,0.088,0.21639344262295082,0.9760786885245901,-10.432177750183296,-10.507910990777098,-10.857777930349087
window=h144-150,dipole_long_pos_ge,0.0,3383,305,0.09015666568134792,1369,208,0.15193571950328708,0.6819672131147541,1.6852411117364596,-6.582365548799138,-9.589282459228746,-10.857777930349087
window=h144-150,dipole_long_pos_ge,0.1,3383,305,0.09015666568134792,1096,159,0.14507299270072993,0.521311475409836,1.6091210960871125,-6.7532413294642035,-9.46288626986786,-10.857777930349087
window=h144-150,dipole_long_pos_ge,0.2,3383,305,0.09015666568134792,818,124,0.15158924205378974,0.4065573770491803,1.6813980520261333,-6.651000686026885,-9.914043318039802,-10.857777930349087
window=h144-150,dipole_short_neg_le,0.0,3383,305,0.09015666568134792,538,29,0.05390334572490706,0.09508196721311475,0.5978853068438053,-12.384674622034314,-10.626308098453212,-10.857777930349087
window=h144-150,dipole_short_neg_le,-0.1,3383,305,0.09015666568134792,314,17,0.054140127388535034,0.05573770491803279,0.6005116424767672,-12.625727271226987,-10.626308098453212,-10.857777930349087
window=h144-150,dipole_short_neg_le,-0.2,3383,305,0.09015666568134792,194,4,0.020618556701030927,0.013114754098360656,0.22869697481832008,-13.175750817111885,-10.16993702733426,-10.857777930349087
window=h144-150,hold_min_le_avoid_chop,15,3383,305,0.09015666568134792,3078,36,0.011695906432748537,0.1180327868852459,0.12972869331799441,-13.000980382181242,-11.682755125458248,-10.857777930349087
window=h144-150,hold_min_le_avoid_chop,30,3383,305,0.09015666568134792,3211,133,0.04142011834319527,0.4360655737704918,0.45942380444271996,-12.276267119236842,-11.345551282625442,-10.857777930349087
window=h144-150,hold_min_le_avoid_chop,60,3383,305,0.09015666568134792,3328,250,0.0751201923076923,0.819672131147541,0.833218395334174,-11.224990304422514,-11.09753413462209,-10.857777930349087
window=h144-150,hold_min_ge_runners,60,3383,305,0.09015666568134792,70,70,1.0,0.22950819672131148,11.091803278688523,40.11744904760984,40.91263366730327,-10.857777930349087
window=h144-150,hold_min_ge_runners,120,3383,305,0.09015666568134792,8,8,1.0,0.02622950819672131,11.091803278688523,99.84462985993872,91.83271901494449,-10.857777930349087
window=h144-150,fast_winner_pattern,True,3383,305,0.09015666568134792,7,0,0.0,0.0,0.0,-3.7222353929290954,-2.5049045163557473,-10.857777930349087
window=h144-150,clean_no_underwater_30m_cover,True,3383,305,0.09015666568134792,7,0,0.0,0.0,0.0,-3.7222353929290954,-2.5049045163557473,-10.857777930349087
window=h144-150,net_bps_per_min_floor,0.05,3383,305,0.09015666568134792,231,231,1.0,0.7573770491803279,11.091803278688523,23.396290244020985,15.346849337542958,-10.857777930349087
window=h144-150,net_bps_per_min_floor,0.1,3383,305,0.09015666568134792,214,214,1.0,0.7016393442622951,11.091803278688523,24.92096868730887,17.58457832029048,-10.857777930349087
window=h144-150,net_bps_per_min_floor,0.2,3383,305,0.09015666568134792,197,197,1.0,0.6459016393442623,11.091803278688523,26.72523727943896,18.994852827862896,-10.857777930349087
window=h144-150,net_bps_per_min_floor,0.5,3383,305,0.09015666568134792,116,116,1.0,0.380327868852459,11.091803278688523,34.12330564410299,33.40706846939795,-10.857777930349087
window=h150-156,cover_by_15m_TRUE,True,3384,690,0.20390070921985815,1742,690,0.3960964408725603,1.0,1.942594718714122,5.211634548904222,-4.013350951381289,-12.885004270727276
window=h150-156,cover_by_30m_TRUE,True,3384,690,0.20390070921985815,1742,690,0.3960964408725603,1.0,1.942594718714122,5.211634548904222,-4.013350951381289,-12.885004270727276
window=h150-156,cover_by_60m_TRUE,True,3384,690,0.20390070921985815,1742,690,0.3960964408725603,1.0,1.942594718714122,5.211634548904222,-4.013350951381289,-12.885004270727276
window=h150-156,ever_underwater_FALSE,True,3384,690,0.20390070921985815,13,10,0.7692307692307693,0.014492753623188406,3.772575250836121,20.52073147892146,2.8385720092132,-12.885004270727276
window=h150-156,reached_12bps_within_15m,True,3384,690,0.20390070921985815,1543,685,0.4439403758911212,0.9927536231884058,2.1772380174138464,8.576339491300855,-2.725433263967834,-12.885004270727276
window=h150-156,reached_12bps_within_30m,True,3384,690,0.20390070921985815,1552,690,0.44458762886597936,1.0,2.1804123711340204,8.395582606639344,-2.725433263967834,-12.885004270727276
window=h150-156,reached_20bps_within_30m,True,3384,690,0.20390070921985815,1053,683,0.6486229819563153,0.9898550724637681,3.181072711507494,20.57971537934853,6.4574378292679615,-12.885004270727276
window=h150-156,reached_20bps_within_60m,True,3384,690,0.20390070921985815,1053,683,0.6486229819563153,0.9898550724637681,3.181072711507494,20.57971537934853,6.4574378292679615,-12.885004270727276
window=h150-156,volume_zscore_le,-0.5,3384,690,0.20390070921985815,1548,287,0.18540051679586564,0.41594202898550725,0.909268621503202,-7.5783817766420185,-13.042374243308863,-12.885004270727276
window=h150-156,volume_zscore_le,-0.25,3384,690,0.20390070921985815,2118,395,0.18649669499527857,0.572463768115942,0.9146446606724967,-7.199191828295361,-12.909237951018941,-12.885004270727276
window=h150-156,volume_zscore_le,0.0,3384,690,0.20390070921985815,2352,428,0.18197278911564627,0.6202898550724638,0.8924578527063,-7.217715093849177,-12.878072586946491,-12.885004270727276
window=h150-156,volume_zscore_le,0.25,3384,690,0.20390070921985815,2544,481,0.18907232704402516,0.6971014492753623,0.927276456111567,-7.05213876857122,-12.888213069675814,-12.885004270727276
window=h150-156,volume_zscore_le,0.5,3384,690,0.20390070921985815,2712,503,0.18547197640117993,0.7289855072463768,0.9096190842631782,-7.326668934112055,-12.935687238668045,-12.885004270727276
window=h150-156,nt_ratio_entry_vs_pre30_ge,1.0,3384,690,0.20390070921985815,1050,219,0.20857142857142857,0.3173913043478261,1.0229068322981367,-9.624470710432995,-14.320010046627573,-12.885004270727276
window=h150-156,nt_ratio_entry_vs_pre30_ge,1.5,3384,690,0.20390070921985815,750,167,0.22266666666666668,0.24202898550724639,1.0920347826086958,-9.469001096482131,-14.375087355150043,-12.885004270727276
window=h150-156,nt_ratio_entry_vs_pre30_ge,2.0,3384,690,0.20390070921985815,522,127,0.24329501915708812,0.18405797101449275,1.1932033983008496,-9.795484582786626,-13.294340131621976,-12.885004270727276
window=h150-156,nt_ratio_entry_vs_pre30_ge,3.0,3384,690,0.20390070921985815,276,64,0.2318840579710145,0.0927536231884058,1.1372400756143668,-8.962702476785836,-12.577324976036344,-12.885004270727276
window=h150-156,entry_imb_long_bid_ge,-0.2,3384,690,0.20390070921985815,496,121,0.2439516129032258,0.1753623188405797,1.1964235624123423,-9.091513668596084,-10.564452170666616,-12.885004270727276
window=h150-156,entry_imb_long_bid_ge,0.0,3384,690,0.20390070921985815,445,108,0.24269662921348314,0.1565217391304348,1.1902686858817784,-9.231517401500769,-10.564452170666616,-12.885004270727276
window=h150-156,entry_imb_long_bid_ge,0.2,3384,690,0.20390070921985815,383,97,0.25326370757180156,0.14057971014492754,1.2420933136564878,-8.782925276510188,-7.9385872946575695,-12.885004270727276
window=h150-156,entry_imb_long_bid_ge,0.5,3384,690,0.20390070921985815,310,85,0.27419354838709675,0.12318840579710146,1.3447405329593267,-8.24435814964995,-6.508079595338939,-12.885004270727276
window=h150-156,entry_imb_short_ask_le,0.2,3384,690,0.20390070921985815,575,110,0.19130434782608696,0.15942028985507245,0.9382230623818526,-11.839826082622064,-13.299787976784451,-12.885004270727276
window=h150-156,entry_imb_short_ask_le,0.0,3384,690,0.20390070921985815,511,101,0.19765166340508805,0.1463768115942029,0.9693525057432145,-11.698687586113838,-13.299787976784451,-12.885004270727276
window=h150-156,entry_imb_short_ask_le,-0.2,3384,690,0.20390070921985815,460,95,0.20652173913043478,0.13768115942028986,1.0128544423440455,-10.453327080956837,-12.846868311079708,-12.885004270727276
window=h150-156,entry_imb_short_ask_le,-0.5,3384,690,0.20390070921985815,374,69,0.18449197860962566,0.1,0.9048128342245989,-12.899948050368103,-12.846868311079708,-12.885004270727276
window=h150-156,pre5_buyvol_long_ge,0.5,3384,690,0.20390070921985815,922,208,0.22559652928416485,0.30144927536231886,1.1064038479675564,-4.597472802611287,-9.286643833143602,-12.885004270727276
window=h150-156,pre5_buyvol_long_ge,0.7,3384,690,0.20390070921985815,707,157,0.22206506364922207,0.22753623188405797,1.089084312157924,-3.681434568236396,-8.48270757528656,-12.885004270727276
window=h150-156,pre5_buyvol_long_ge,0.9,3384,690,0.20390070921985815,469,105,0.22388059701492538,0.15217391304347827,1.0979883192731994,-1.9038401187341694,-7.196436843647351,-12.885004270727276
window=h150-156,pre5_buyvol_short_le,0.5,3384,690,0.20390070921985815,796,199,0.25,0.28840579710144926,1.2260869565217392,-6.094178818752826,-10.943827451654109,-12.885004270727276
window=h150-156,pre5_buyvol_short_le,0.3,3384,690,0.20390070921985815,647,179,0.27666151468315303,0.2594202898550725,1.3568442980982462,-4.339528098252797,-10.465764381753392,-12.885004270727276
window=h150-156,pre5_buyvol_short_le,0.1,3384,690,0.20390070921985815,392,114,0.29081632653061223,0.16521739130434782,1.4262644188110027,-4.398237196709273,-9.699544393725485,-12.885004270727276
window=h150-156,trade_present_score_ge,25,3384,690,0.20390070921985815,3294,681,0.20673952641165755,0.9869565217391304,1.0139225469232598,-7.728468699885358,-12.869082254351856,-12.885004270727276
window=h150-156,trade_present_score_ge,40,3384,690,0.20390070921985815,1470,303,0.20612244897959184,0.4391304347826087,1.010896184560781,-8.843129020605659,-13.085840076273517,-12.885004270727276
window=h150-156,trade_present_score_ge,55,3384,690,0.20390070921985815,1266,280,0.2211690363349131,0.4057971014492754,1.0846898825468783,-8.654253389470693,-12.577324976036344,-12.885004270727276
window=h150-156,trade_present_score_ge,70,3384,690,0.20390070921985815,768,182,0.23697916666666666,0.263768115942029,1.1622282608695653,-8.084625942797379,-13.083364623694369,-12.885004270727276
window=h150-156,dipole_long_pos_ge,0.0,3384,690,0.20390070921985815,928,210,0.22629310344827586,0.30434782608695654,1.1098200899550226,-5.868318976568968,-11.590687856156388,-12.885004270727276
window=h150-156,dipole_long_pos_ge,0.1,3384,690,0.20390070921985815,645,159,0.24651162790697675,0.23043478260869565,1.2089787664307383,-5.409760966677601,-9.142836315611964,-12.885004270727276
window=h150-156,dipole_long_pos_ge,0.2,3384,690,0.20390070921985815,428,99,0.23130841121495327,0.14347826086956522,1.1344169036976839,-9.534378144548954,-11.711897645819985,-12.885004270727276
window=h150-156,dipole_short_neg_le,0.0,3384,690,0.20390070921985815,910,201,0.22087912087912087,0.29130434782608694,1.0832680363115146,-8.04074775542285,-11.28566472057075,-12.885004270727276
window=h150-156,dipole_short_neg_le,-0.1,3384,690,0.20390070921985815,498,121,0.2429718875502008,0.1753623188405797,1.1916186485070719,-6.249319051033647,-11.92543225709063,-12.885004270727276
window=h150-156,dipole_short_neg_le,-0.2,3384,690,0.20390070921985815,254,70,0.2755905511811024,0.10144927536231885,1.3515919205751457,-8.788116909094738,-12.714314229491919,-12.885004270727276
window=h150-156,hold_min_le_avoid_chop,15,3384,690,0.20390070921985815,2812,213,0.07574679943100995,0.30869565217391304,0.3714886511225184,-17.27229517189117,-15.759410039464058,-12.885004270727276
window=h150-156,hold_min_le_avoid_chop,30,3384,690,0.20390070921985815,3105,421,0.1355877616747182,0.6101449275362318,0.6649695442134006,-14.394977330897213,-14.555994015820254,-12.885004270727276
window=h150-156,hold_min_le_avoid_chop,60,3384,690,0.20390070921985815,3303,610,0.18468059339993945,0.8840579710144928,0.9057378667614422,-10.892199544422555,-13.233059369274152,-12.885004270727276
window=h150-156,hold_min_ge_runners,60,3384,690,0.20390070921985815,123,120,0.975609756097561,0.17391304347826086,4.784729586426299,94.15415615269768,86.49444696599868,-12.885004270727276
window=h150-156,hold_min_ge_runners,120,3384,690,0.20390070921985815,0,0,,0.0,,,,-12.885004270727276
window=h150-156,fast_winner_pattern,True,3384,690,0.20390070921985815,13,10,0.7692307692307693,0.014492753623188406,3.772575250836121,20.52073147892146,2.8385720092132,-12.885004270727276
window=h150-156,clean_no_underwater_30m_cover,True,3384,690,0.20390070921985815,13,10,0.7692307692307693,0.014492753623188406,3.772575250836121,20.52073147892146,2.8385720092132,-12.885004270727276
window=h150-156,net_bps_per_min_floor,0.05,3384,690,0.20390070921985815,589,589,1.0,0.8536231884057971,4.904347826086957,48.49616947177998,32.44337164120712,-12.885004270727276
window=h150-156,net_bps_per_min_floor,0.1,3384,690,0.20390070921985815,580,580,1.0,0.8405797101449275,4.904347826086957,49.22161066375927,35.192865633503864,-12.885004270727276
window=h150-156,net_bps_per_min_floor,0.2,3384,690,0.20390070921985815,554,554,1.0,0.8028985507246377,4.904347826086957,51.361120575896805,38.200423141898064,-12.885004270727276
window=h150-156,net_bps_per_min_floor,0.5,3384,690,0.20390070921985815,475,475,1.0,0.6884057971014492,4.904347826086957,58.15017129481904,54.70616522519202,-12.885004270727276
window=h156-162,cover_by_15m_TRUE,True,2988,359,0.12014725568942436,881,343,0.38933030646992056,0.9554317548746518,3.2404427736270827,6.270043750491588,-2.9129873271482527,-11.322741055701984
window=h156-162,cover_by_30m_TRUE,True,2988,359,0.12014725568942436,881,343,0.38933030646992056,0.9554317548746518,3.2404427736270827,6.270043750491588,-2.9129873271482527,-11.322741055701984
window=h156-162,cover_by_60m_TRUE,True,2988,359,0.12014725568942436,921,359,0.38979370249728557,1.0,3.244299674267101,6.7051151493681305,-3.07267708439307,-11.322741055701984
window=h156-162,ever_underwater_FALSE,True,2988,359,0.12014725568942436,49,24,0.4897959183673469,0.06685236768802229,4.07663009493491,3.9363734937980652,-1.712916801200313,-11.322741055701984
window=h156-162,reached_12bps_within_15m,True,2988,359,0.12014725568942436,725,334,0.4606896551724138,0.9303621169916435,3.8343751800979735,9.606020770257372,-1.5545858051298787,-11.322741055701984
window=h156-162,reached_12bps_within_30m,True,2988,359,0.12014725568942436,735,337,0.45850340136054424,0.9387186629526463,3.8161787277585133,9.335686442613579,-1.6687259846291056,-11.322741055701984
window=h156-162,reached_20bps_within_30m,True,2988,359,0.12014725568942436,413,304,0.7360774818401937,0.8467966573816156,6.126461046625345,23.02792968525043,10.093636428073633,-11.322741055701984
window=h156-162,reached_20bps_within_60m,True,2988,359,0.12014725568942436,435,326,0.7494252873563219,0.9080779944289693,6.237556430698301,23.650289565755,10.551250571104193,-11.322741055701984
window=h156-162,volume_zscore_le,-0.5,2988,359,0.12014725568942436,1188,156,0.13131313131313133,0.43454038997214484,1.0929349202329706,-9.22283405729952,-11.786870716457841,-11.322741055701984
window=h156-162,volume_zscore_le,-0.25,2988,359,0.12014725568942436,1782,246,0.13804713804713806,0.6852367688022284,1.1489828648603022,-8.959038558698277,-11.726586889774921,-11.322741055701984
window=h156-162,volume_zscore_le,0.0,2988,359,0.12014725568942436,2094,284,0.1356255969436485,0.7910863509749304,1.1288280882106456,-8.7557124838145,-11.554807432022404,-11.322741055701984
window=h156-162,volume_zscore_le,0.25,2988,359,0.12014725568942436,2202,293,0.13306085376930063,0.8161559888579387,1.1074814235728978,-8.758689182713834,-11.477357880774075,-11.322741055701984
window=h156-162,volume_zscore_le,0.5,2988,359,0.12014725568942436,2304,301,0.1306423611111111,0.8384401114206128,1.0873520194986073,-8.788018642875983,-11.343720911899457,-11.322741055701984
window=h156-162,nt_ratio_entry_vs_pre30_ge,1.0,2988,359,0.12014725568942436,1338,134,0.10014947683109118,0.3732590529247911,0.8335560912849596,-9.993210241493463,-11.343720911899457,-11.322741055701984
window=h156-162,nt_ratio_entry_vs_pre30_ge,1.5,2988,359,0.12014725568942436,924,75,0.08116883116883117,0.20891364902506965,0.6755779039901603,-10.696208737310544,-11.635367253116382,-11.322741055701984
window=h156-162,nt_ratio_entry_vs_pre30_ge,2.0,2988,359,0.12014725568942436,690,59,0.08550724637681159,0.16434540389972144,0.7116870534092286,-10.028300926089177,-11.212602185131107,-11.322741055701984
window=h156-162,nt_ratio_entry_vs_pre30_ge,3.0,2988,359,0.12014725568942436,420,36,0.08571428571428572,0.10027855153203342,0.7134102666136093,-10.202533792383907,-10.850405678416065,-11.322741055701984
window=h156-162,entry_imb_long_bid_ge,-0.2,2988,359,0.12014725568942436,371,27,0.07277628032345014,0.07520891364902507,0.6057256980681589,-14.674561680416936,-12.227422140509141,-11.322741055701984
window=h156-162,entry_imb_long_bid_ge,0.0,2988,359,0.12014725568942436,330,27,0.08181818181818182,0.07520891364902507,0.6809825272220815,-14.402951467069109,-11.635367253116382,-11.322741055701984
window=h156-162,entry_imb_long_bid_ge,0.2,2988,359,0.12014725568942436,301,20,0.0664451827242525,0.055710306406685235,0.5530312144291545,-14.539252970396252,-11.635367253116382,-11.322741055701984
window=h156-162,entry_imb_long_bid_ge,0.5,2988,359,0.12014725568942436,233,20,0.08583690987124463,0.055710306406685235,0.7144308821595515,-14.750392456864844,-11.635367253116382,-11.322741055701984
window=h156-162,entry_imb_short_ask_le,0.2,2988,359,0.12014725568942436,483,68,0.14078674948240166,0.1894150417827298,1.1717849789788752,-5.242467572906541,-10.557496292359728,-11.322741055701984
window=h156-162,entry_imb_short_ask_le,0.0,2988,359,0.12014725568942436,452,64,0.1415929203539823,0.17827298050139276,1.1784948357038973,-5.132701360693804,-10.427827380951992,-11.322741055701984
window=h156-162,entry_imb_short_ask_le,-0.2,2988,359,0.12014725568942436,415,60,0.14457831325301204,0.1671309192200557,1.2033426183844012,-5.380103028446613,-10.717970820487155,-11.322741055701984
window=h156-162,entry_imb_short_ask_le,-0.5,2988,359,0.12014725568942436,331,45,0.13595166163141995,0.12534818941504178,1.1315419636620692,-6.786435290206407,-11.429583250700116,-11.322741055701984
window=h156-162,pre5_buyvol_long_ge,0.5,2988,359,0.12014725568942436,788,59,0.07487309644670051,0.16434540389972144,0.6231777498126494,-12.720687963744961,-11.701807568209198,-11.322741055701984
window=h156-162,pre5_buyvol_long_ge,0.7,2988,359,0.12014725568942436,659,46,0.06980273141122914,0.12813370473537605,0.5809764943085033,-13.358964435525051,-12.166633015442816,-11.322741055701984
window=h156-162,pre5_buyvol_long_ge,0.9,2988,359,0.12014725568942436,443,21,0.04740406320541761,0.0584958217270195,0.3945496959826959,-13.30553298954116,-11.701807568209198,-11.322741055701984
window=h156-162,pre5_buyvol_short_le,0.5,2988,359,0.12014725568942436,719,145,0.20166898470097358,0.403899721448468,1.6785151150042035,-1.6650306290872159,-9.782631918390695,-11.322741055701984
window=h156-162,pre5_buyvol_short_le,0.3,2988,359,0.12014725568942436,566,105,0.1855123674911661,0.2924791086350975,1.544041654773271,-2.736096754907836,-9.732271776332254,-11.322741055701984
window=h156-162,pre5_buyvol_short_le,0.1,2988,359,0.12014725568942436,331,58,0.17522658610271905,0.1615598885793872,1.4584318642755558,-3.653132498956102,-9.61375295974681,-11.322741055701984
window=h156-162,trade_present_score_ge,25,2988,359,0.12014725568942436,2916,355,0.12174211248285323,0.9888579387186629,1.013274184119124,-9.085899919203227,-11.303749960641674,-11.322741055701984
window=h156-162,trade_present_score_ge,40,2988,359,0.12014725568942436,1248,117,0.09375,0.32590529247910865,0.7802924791086351,-10.063322313186982,-11.322741055701984,-11.322741055701984
window=h156-162,trade_present_score_ge,55,2988,359,0.12014725568942436,942,81,0.08598726114649681,0.22562674094707522,0.7156822738321239,-9.795600656455958,-11.322741055701984,-11.322741055701984
window=h156-162,trade_present_score_ge,70,2988,359,0.12014725568942436,510,37,0.07254901960784314,0.10306406685236769,0.603834179911519,-9.905927450861578,-11.733146251753483,-11.322741055701984
window=h156-162,dipole_long_pos_ge,0.0,2988,359,0.12014725568942436,808,68,0.08415841584158416,0.1894150417827298,0.7004605753054415,-14.612356210478673,-12.776995800640313,-11.322741055701984
window=h156-162,dipole_long_pos_ge,0.1,2988,359,0.12014725568942436,501,40,0.07984031936127745,0.11142061281337047,0.6645205410905209,-14.992756947450326,-12.4185234407657,-11.322741055701984
window=h156-162,dipole_long_pos_ge,0.2,2988,359,0.12014725568942436,295,23,0.07796610169491526,0.06406685236768803,0.6489212029649215,-15.625354754165702,-11.987887584929688,-11.322741055701984
window=h156-162,dipole_short_neg_le,0.0,2988,359,0.12014725568942436,865,140,0.16184971098265896,0.38997214484679665,1.3470945304072006,-2.3143301026113163,-10.251407672084852,-11.322741055701984
window=h156-162,dipole_short_neg_le,-0.1,2988,359,0.12014725568942436,593,98,0.16526138279932545,0.27298050139275765,1.3754902835776726,-1.9568399053674486,-10.16094285176935,-11.322741055701984
window=h156-162,dipole_short_neg_le,-0.2,2988,359,0.12014725568942436,387,41,0.10594315245478036,0.11420612813370473,0.8817775474509296,-6.105421027858802,-10.593932198358482,-11.322741055701984
window=h156-162,hold_min_le_avoid_chop,15,2988,359,0.12014725568942436,2623,111,0.0423179565383149,0.30919220055710306,0.35221742099299425,-13.276142981655038,-12.312784215703505,-11.322741055701984
window=h156-162,hold_min_le_avoid_chop,30,2988,359,0.12014725568942436,2756,210,0.07619738751814223,0.584958217270195,0.6341999830200807,-12.099912306996968,-11.781391192055963,-11.322741055701984
window=h156-162,hold_min_le_avoid_chop,60,2988,359,0.12014725568942436,2888,269,0.09314404432132964,0.7493036211699164,0.7752490374154122,-11.546619279143203,-11.635367253116382,-11.322741055701984
window=h156-162,hold_min_ge_runners,60,2988,359,0.12014725568942436,110,91,0.8272727272727273,0.25348189415041783,6.8854899974677135,53.87424749251894,68.52067668901523,-11.322741055701984
window=h156-162,hold_min_ge_runners,120,2988,359,0.12014725568942436,31,31,1.0,0.08635097493036212,8.323119777158775,78.80579397282723,83.14036666012282,-11.322741055701984
window=h156-162,fast_winner_pattern,True,2988,359,0.12014725568942436,30,18,0.6,0.05013927576601671,4.993871866295264,2.9127009995741093,1.688479479186059,-11.322741055701984
window=h156-162,clean_no_underwater_30m_cover,True,2988,359,0.12014725568942436,30,18,0.6,0.05013927576601671,4.993871866295264,2.9127009995741093,1.688479479186059,-11.322741055701984
window=h156-162,net_bps_per_min_floor,0.05,2988,359,0.12014725568942436,305,305,1.0,0.8495821727019499,8.323119777158775,38.41838471190006,22.958247601284235,-11.322741055701984
window=h156-162,net_bps_per_min_floor,0.1,2988,359,0.12014725568942436,294,294,1.0,0.8189415041782729,8.323119777158775,39.66950448187949,23.544703990557743,-11.322741055701984
window=h156-162,net_bps_per_min_floor,0.2,2988,359,0.12014725568942436,279,279,1.0,0.7771587743732591,8.323119777158775,41.620876704698674,27.474702285507526,-11.322741055701984
window=h156-162,net_bps_per_min_floor,0.5,2988,359,0.12014725568942436,202,202,1.0,0.5626740947075209,8.323119777158775,52.98213501453014,47.19974666115055,-11.322741055701984
window=h162-168,cover_by_15m_TRUE,True,3366,189,0.05614973262032086,636,189,0.2971698113207547,1.0,5.292452830188679,-3.3841403301155752,-3.480196755229704,-11.063953563073321
window=h162-168,cover_by_30m_TRUE,True,3366,189,0.05614973262032086,649,189,0.29121725731895226,1.0,5.186440677966102,-3.653108914144978,-3.5612502576788296,-11.063953563073321
window=h162-168,cover_by_60m_TRUE,True,3366,189,0.05614973262032086,649,189,0.29121725731895226,1.0,5.186440677966102,-3.653108914144978,-3.5612502576788296,-11.063953563073321
window=h162-168,ever_underwater_FALSE,True,3366,189,0.05614973262032086,32,8,0.25,0.042328042328042326,4.4523809523809526,2.355279843255986,-1.6432930273884647,-11.063953563073321
window=h162-168,reached_12bps_within_15m,True,3366,189,0.05614973262032086,451,182,0.4035476718403548,0.9629629629629629,7.186991869918699,-2.488882283609325,-2.5056174223477576,-11.063953563073321
window=h162-168,reached_12bps_within_30m,True,3366,189,0.05614973262032086,480,189,0.39375,1.0,7.012499999999999,-2.875173003447733,-2.87248193817989,-11.063953563073321
window=h162-168,reached_20bps_within_30m,True,3366,189,0.05614973262032086,228,172,0.7543859649122807,0.91005291005291,13.435254803675855,1.6160733624568708,1.2920306638539891,-11.063953563073321
window=h162-168,reached_20bps_within_60m,True,3366,189,0.05614973262032086,237,177,0.7468354430379747,0.9365079365079365,13.300783604581072,1.5740439518732672,1.2920306638539891,-11.063953563073321
window=h162-168,volume_zscore_le,-0.5,3366,189,0.05614973262032086,1242,82,0.06602254428341385,0.43386243386243384,1.175830074380799,-11.475861349915037,-11.081930123556383,-11.063953563073321
window=h162-168,volume_zscore_le,-0.25,3366,189,0.05614973262032086,1902,130,0.0683491062039958,0.6878306878306878,1.2172650342997346,-11.5687274040024,-11.162790884957248,-11.063953563073321
window=h162-168,volume_zscore_le,0.0,3366,189,0.05614973262032086,2184,140,0.0641025641025641,0.7407407407407407,1.1416361416361416,-11.54697401926586,-11.123893597801366,-11.063953563073321
window=h162-168,volume_zscore_le,0.25,3366,189,0.05614973262032086,2376,146,0.061447811447811446,0.7724867724867724,1.0943562610229276,-11.517609842686364,-11.027363708341031,-11.063953563073321
window=h162-168,volume_zscore_le,0.5,3366,189,0.05614973262032086,2532,155,0.06121642969984202,0.8201058201058201,1.090235462273377,-11.568371623650288,-11.15175757686996,-11.063953563073321
window=h162-168,nt_ratio_entry_vs_pre30_ge,1.0,3366,189,0.05614973262032086,1062,68,0.064030131826742,0.35978835978835977,1.1403461572953097,-11.557903946835532,-11.107062926820062,-11.063953563073321
window=h162-168,nt_ratio_entry_vs_pre30_ge,1.5,3366,189,0.05614973262032086,780,43,0.05512820512820513,0.2275132275132275,0.9818070818070818,-11.644159610872459,-11.26273429555544,-11.063953563073321
window=h162-168,nt_ratio_entry_vs_pre30_ge,2.0,3366,189,0.05614973262032086,570,42,0.07368421052631578,0.2222222222222222,1.3122807017543858,-11.563731009536465,-11.26273429555544,-11.063953563073321
window=h162-168,nt_ratio_entry_vs_pre30_ge,3.0,3366,189,0.05614973262032086,240,11,0.04583333333333333,0.0582010582010582,0.8162698412698411,-11.753174491759928,-10.97630231548964,-11.063953563073321
window=h162-168,entry_imb_long_bid_ge,-0.2,3366,189,0.05614973262032086,521,40,0.07677543186180422,0.21164021164021163,1.367333881729275,-11.087181760222531,-10.716544045439123,-11.063953563073321
window=h162-168,entry_imb_long_bid_ge,0.0,3366,189,0.05614973262032086,477,38,0.07966457023060797,0.20105820105820105,1.4187880602974943,-10.951666346334735,-10.716544045439123,-11.063953563073321
window=h162-168,entry_imb_long_bid_ge,0.2,3366,189,0.05614973262032086,410,36,0.08780487804878048,0.19047619047619047,1.5637630662020905,-11.079509063193935,-11.162790884957248,-11.063953563073321
window=h162-168,entry_imb_long_bid_ge,0.5,3366,189,0.05614973262032086,346,29,0.0838150289017341,0.15343915343915343,1.4927057528213596,-11.35509633818773,-11.192581385193165,-11.063953563073321
window=h162-168,entry_imb_short_ask_le,0.2,3366,189,0.05614973262032086,469,5,0.010660980810234541,0.026455026455026454,0.1898669915727485,-12.554663647885938,-11.051598815692584,-11.063953563073321
window=h162-168,entry_imb_short_ask_le,0.0,3366,189,0.05614973262032086,410,5,0.012195121951219513,0.026455026455026454,0.21718931475029035,-12.313346083122083,-10.960757372512974,-11.063953563073321
window=h162-168,entry_imb_short_ask_le,-0.2,3366,189,0.05614973262032086,364,5,0.013736263736263736,0.026455026455026454,0.24463631606488748,-12.19480045120399,-10.896112443941737,-11.063953563073321
window=h162-168,entry_imb_short_ask_le,-0.5,3366,189,0.05614973262032086,318,5,0.015723270440251572,0.026455026455026454,0.2800239592692423,-12.169116583284353,-10.945581178525863,-11.063953563073321
window=h162-168,pre5_buyvol_long_ge,0.5,3366,189,0.05614973262032086,993,69,0.06948640483383686,0.36507936507936506,1.2375197813264278,-11.356026774778936,-11.00312860098948,-11.063953563073321
window=h162-168,pre5_buyvol_long_ge,0.7,3366,189,0.05614973262032086,831,66,0.07942238267148015,0.3492063492063492,1.414474815196837,-10.821164535879449,-10.691148868913096,-11.063953563073321
window=h162-168,pre5_buyvol_long_ge,0.9,3366,189,0.05614973262032086,615,48,0.07804878048780488,0.25396825396825395,1.3900116144018582,-10.643899773228473,-10.691148868913096,-11.063953563073321
window=h162-168,pre5_buyvol_short_le,0.5,3366,189,0.05614973262032086,735,16,0.021768707482993196,0.08465608465608465,0.3876903142209264,-12.33160702936408,-10.514226240699903,-11.063953563073321
window=h162-168,pre5_buyvol_short_le,0.3,3366,189,0.05614973262032086,585,9,0.015384615384615385,0.047619047619047616,0.273992673992674,-11.85439663805375,-10.085880934089202,-11.063953563073321
window=h162-168,pre5_buyvol_short_le,0.1,3366,189,0.05614973262032086,358,9,0.025139664804469275,0.047619047619047616,0.44772545889864324,-11.235302612703508,-9.513608941178427,-11.063953563073321
window=h162-168,trade_present_score_ge,25,3366,189,0.05614973262032086,3288,187,0.05687347931873479,0.9894179894179894,1.0128895840574672,-11.71825777216959,-11.00312860098948,-11.063953563073321
window=h162-168,trade_present_score_ge,40,3366,189,0.05614973262032086,1170,57,0.04871794871794872,0.30158730158730157,0.8676434676434676,-11.721648829644652,-11.22710052854547,-11.063953563073321
window=h162-168,trade_present_score_ge,55,3366,189,0.05614973262032086,828,43,0.051932367149758456,0.2275132275132275,0.9248907292385553,-11.794647966621557,-11.180943995363027,-11.063953563073321
window=h162-168,trade_present_score_ge,70,3366,189,0.05614973262032086,402,20,0.04975124378109453,0.10582010582010581,0.8860459606728264,-12.851620651710276,-12.318882430615046,-11.063953563073321
window=h162-168,dipole_long_pos_ge,0.0,3366,189,0.05614973262032086,1154,78,0.06759098786828423,0.4126984126984127,1.203763307749443,-11.58999572947648,-11.452343512764028,-11.063953563073321
window=h162-168,dipole_long_pos_ge,0.1,3366,189,0.05614973262032086,716,41,0.05726256983240224,0.21693121693121692,1.0198191008246875,-11.54925094244871,-12.015596507413186,-11.063953563073321
window=h162-168,dipole_long_pos_ge,0.2,3366,189,0.05614973262032086,459,38,0.08278867102396514,0.20105820105820105,1.474426807760141,-11.261703561460434,-11.884580278286295,-11.063953563073321
window=h162-168,dipole_short_neg_le,0.0,3366,189,0.05614973262032086,734,20,0.027247956403269755,0.10582010582010581,0.48527312832489944,-12.860091811147164,-11.058877738319715,-11.063953563073321
window=h162-168,dipole_short_neg_le,-0.1,3366,189,0.05614973262032086,365,11,0.030136986301369864,0.0582010582010582,0.5367253750815395,-13.117069692327911,-12.057319110654236,-11.063953563073321
window=h162-168,dipole_short_neg_le,-0.2,3366,189,0.05614973262032086,220,11,0.05,0.0582010582010582,0.8904761904761905,-12.29394821590952,-9.510147693470088,-11.063953563073321
window=h162-168,hold_min_le_avoid_chop,15,3366,189,0.05614973262032086,3106,24,0.0077269800386349004,0.12698412698412698,0.13761383497378346,-12.546454207605413,-11.412232279107274,-11.063953563073321
window=h162-168,hold_min_le_avoid_chop,30,3366,189,0.05614973262032086,3273,111,0.03391384051329056,0.5873015873015873,0.6039893500938414,-12.227655254550907,-11.250814675307694,-11.063953563073321
window=h162-168,hold_min_le_avoid_chop,60,3366,189,0.05614973262032086,3345,171,0.051121076233183856,0.9047619047619048,0.9104420243433696,-11.896247183682947,-11.11653360803401,-11.063953563073321
window=h162-168,hold_min_ge_runners,60,3366,189,0.05614973262032086,51,43,0.8431372549019608,0.2275132275132275,15.015873015873016,6.878714212364935,4.83713575797073,-11.063953563073321
window=h162-168,hold_min_ge_runners,120,3366,189,0.05614973262032086,2,2,1.0,0.010582010582010581,17.80952380952381,17.585772872578023,17.585772872578023,-11.063953563073321
window=h162-168,fast_winner_pattern,True,3366,189,0.05614973262032086,26,8,0.3076923076923077,0.042328042328042326,5.47985347985348,4.7045542742897455,-0.9518867229281618,-11.063953563073321
window=h162-168,clean_no_underwater_30m_cover,True,3366,189,0.05614973262032086,26,8,0.3076923076923077,0.042328042328042326,5.47985347985348,4.7045542742897455,-0.9518867229281618,-11.063953563073321
window=h162-168,net_bps_per_min_floor,0.05,3366,189,0.05614973262032086,120,120,1.0,0.6349206349206349,17.80952380952381,9.713825193425363,8.65282259354702,-11.063953563073321
window=h162-168,net_bps_per_min_floor,0.1,3366,189,0.05614973262032086,94,94,1.0,0.4973544973544973,17.80952380952381,11.427814798689548,9.16764697831551,-11.063953563073321
window=h162-168,net_bps_per_min_floor,0.2,3366,189,0.05614973262032086,68,68,1.0,0.35978835978835977,17.80952380952381,12.707289562538111,10.332077929295682,-11.063953563073321
window=h162-168,net_bps_per_min_floor,0.5,3366,189,0.05614973262032086,21,21,1.0,0.1111111111111111,17.80952380952381,9.335443732067848,8.986034950786546,-11.063953563073321
window=h18-24,cover_by_15m_TRUE,True,1128,77,0.06826241134751773,320,77,0.240625,1.0,3.525,-3.4675315318125604,-3.548798966689977,-12.336360935309022
window=h18-24,cover_by_30m_TRUE,True,1128,77,0.06826241134751773,320,77,0.240625,1.0,3.525,-3.4675315318125604,-3.548798966689977,-12.336360935309022
window=h18-24,cover_by_60m_TRUE,True,1128,77,0.06826241134751773,320,77,0.240625,1.0,3.525,-3.4675315318125604,-3.548798966689977,-12.336360935309022
window=h18-24,ever_underwater_FALSE,True,1128,77,0.06826241134751773,0,0,,0.0,,,,-12.336360935309022
window=h18-24,reached_12bps_within_15m,True,1128,77,0.06826241134751773,249,77,0.3092369477911647,1.0,4.530120481927711,-2.1276669675259243,-3.2289611461904,-12.336360935309022
window=h18-24,reached_12bps_within_30m,True,1128,77,0.06826241134751773,249,77,0.3092369477911647,1.0,4.530120481927711,-2.1276669675259243,-3.2289611461904,-12.336360935309022
window=h18-24,reached_20bps_within_30m,True,1128,77,0.06826241134751773,127,77,0.6062992125984252,1.0,8.881889763779528,3.7035863624475946,-1.4927695301173731,-12.336360935309022
window=h18-24,reached_20bps_within_60m,True,1128,77,0.06826241134751773,127,77,0.6062992125984252,1.0,8.881889763779528,3.7035863624475946,-1.4927695301173731,-12.336360935309022
window=h18-24,volume_zscore_le,-0.5,1128,77,0.06826241134751773,474,36,0.0759493670886076,0.4675324675324675,1.1126089100772645,-12.271680031935967,-12.761644253185146,-12.336360935309022
window=h18-24,volume_zscore_le,-0.25,1128,77,0.06826241134751773,696,53,0.07614942528735633,0.6883116883116883,1.115539632781012,-12.094074815574645,-12.40244738510853,-12.336360935309022
window=h18-24,volume_zscore_le,0.0,1128,77,0.06826241134751773,792,53,0.06691919191919192,0.6883116883116883,0.9803227075954348,-12.261043387982676,-12.44479253103019,-12.336360935309022
window=h18-24,volume_zscore_le,0.25,1128,77,0.06826241134751773,834,56,0.0671462829736211,0.7272727272727273,0.9836494440810987,-12.309827060655895,-12.44479253103019,-12.336360935309022
window=h18-24,volume_zscore_le,0.5,1128,77,0.06826241134751773,882,56,0.06349206349206349,0.7272727272727273,0.9301175015460729,-12.298472258984676,-12.40244738510853,-12.336360935309022
window=h18-24,nt_ratio_entry_vs_pre30_ge,1.0,1128,77,0.06826241134751773,288,8,0.027777777777777776,0.1038961038961039,0.4069264069264069,-12.382866484346328,-12.252577045941873,-12.336360935309022
window=h18-24,nt_ratio_entry_vs_pre30_ge,1.5,1128,77,0.06826241134751773,192,3,0.015625,0.03896103896103896,0.2288961038961039,-12.17020038086075,-12.252577045941873,-12.336360935309022
window=h18-24,nt_ratio_entry_vs_pre30_ge,2.0,1128,77,0.06826241134751773,90,3,0.03333333333333333,0.03896103896103896,0.4883116883116883,-12.772944919000569,-12.335571348549509,-12.336360935309022
window=h18-24,nt_ratio_entry_vs_pre30_ge,3.0,1128,77,0.06826241134751773,42,0,0.0,0.0,0.0,-14.220977301828293,-13.032107943134518,-12.336360935309022
window=h18-24,entry_imb_long_bid_ge,-0.2,1128,77,0.06826241134751773,0,0,,0.0,,,,-12.336360935309022
window=h18-24,entry_imb_long_bid_ge,0.0,1128,77,0.06826241134751773,0,0,,0.0,,,,-12.336360935309022
window=h18-24,entry_imb_long_bid_ge,0.2,1128,77,0.06826241134751773,0,0,,0.0,,,,-12.336360935309022
window=h18-24,entry_imb_long_bid_ge,0.5,1128,77,0.06826241134751773,0,0,,0.0,,,,-12.336360935309022
window=h18-24,entry_imb_short_ask_le,0.2,1128,77,0.06826241134751773,0,0,,0.0,,,,-12.336360935309022
window=h18-24,entry_imb_short_ask_le,0.0,1128,77,0.06826241134751773,0,0,,0.0,,,,-12.336360935309022
window=h18-24,entry_imb_short_ask_le,-0.2,1128,77,0.06826241134751773,0,0,,0.0,,,,-12.336360935309022
window=h18-24,entry_imb_short_ask_le,-0.5,1128,77,0.06826241134751773,0,0,,0.0,,,,-12.336360935309022
window=h18-24,pre5_buyvol_long_ge,0.5,1128,77,0.06826241134751773,245,19,0.07755102040816327,0.24675324675324675,1.136072091174132,-9.480025802320814,-9.140684720185645,-12.336360935309022
window=h18-24,pre5_buyvol_long_ge,0.7,1128,77,0.06826241134751773,219,16,0.0730593607305936,0.2077922077922078,1.0702721935598647,-9.347680048126776,-9.03913610029637,-12.336360935309022
window=h18-24,pre5_buyvol_long_ge,0.9,1128,77,0.06826241134751773,167,10,0.059880239520958084,0.12987012987012986,0.8772066257096197,-10.056090014754044,-9.688410731709459,-12.336360935309022
window=h18-24,pre5_buyvol_short_le,0.5,1128,77,0.06826241134751773,327,31,0.09480122324159021,0.4025974025974026,1.3887763612534254,-12.136277675555398,-12.336360935309022,-12.336360935309022
window=h18-24,pre5_buyvol_short_le,0.3,1128,77,0.06826241134751773,287,31,0.10801393728222997,0.4025974025974026,1.582334042264356,-11.63241796451502,-12.10679417964624,-12.336360935309022
window=h18-24,pre5_buyvol_short_le,0.1,1128,77,0.06826241134751773,208,25,0.1201923076923077,0.3246753246753247,1.7607392607392607,-10.778785251938618,-11.166790567911715,-12.336360935309022
window=h18-24,trade_present_score_ge,25,1128,77,0.06826241134751773,1122,77,0.06862745098039216,1.0,1.0053475935828877,-12.299658641887321,-12.357098353323302,-12.336360935309022
window=h18-24,trade_present_score_ge,40,1128,77,0.06826241134751773,534,38,0.07116104868913857,0.4935064935064935,1.0424631548227052,-12.10184750623286,-12.40244738510853,-12.336360935309022
window=h18-24,trade_present_score_ge,55,1128,77,0.06826241134751773,414,30,0.07246376811594203,0.38961038961038963,1.0615471485036703,-12.067892386669454,-12.40244738510853,-12.336360935309022
window=h18-24,trade_present_score_ge,70,1128,77,0.06826241134751773,174,11,0.06321839080459771,0.14285714285714285,0.9261083743842365,-12.141419413406329,-12.10679417964624,-12.336360935309022
window=h18-24,dipole_long_pos_ge,0.0,1128,77,0.06826241134751773,337,22,0.06528189910979229,0.2857142857142857,0.9563374311148792,-11.001525993963211,-10.221020965985897,-12.336360935309022
window=h18-24,dipole_long_pos_ge,0.1,1128,77,0.06826241134751773,268,19,0.0708955223880597,0.24675324675324675,1.0385733669315758,-11.285408303234632,-10.741404977366578,-12.336360935309022
window=h18-24,dipole_long_pos_ge,0.2,1128,77,0.06826241134751773,184,14,0.07608695652173914,0.18181818181818182,1.1146245059288538,-11.489422836420095,-10.741404977366578,-12.336360935309022
window=h18-24,dipole_short_neg_le,0.0,1128,77,0.06826241134751773,269,22,0.08178438661710037,0.2857142857142857,1.1980881571959638,-13.038575252747703,-12.781749462395782,-12.336360935309022
window=h18-24,dipole_short_neg_le,-0.1,1128,77,0.06826241134751773,169,6,0.03550295857988166,0.07792207792207792,0.5200952893260585,-12.750596561468758,-12.590613734783911,-12.336360935309022
window=h18-24,dipole_short_neg_le,-0.2,1128,77,0.06826241134751773,102,0,0.0,0.0,0.0,-13.369255427402148,-12.40244738510853,-12.336360935309022
window=h18-24,hold_min_le_avoid_chop,15,1128,77,0.06826241134751773,1037,11,0.010607521697203472,0.14285714285714285,0.1553933048629288,-13.86728311051073,-13.032107943134518,-12.336360935309022
window=h18-24,hold_min_le_avoid_chop,30,1128,77,0.06826241134751773,1099,48,0.04367606915377616,0.6233766233766234,0.6398260520189547,-13.194901203764225,-12.44479253103019,-12.336360935309022
window=h18-24,hold_min_le_avoid_chop,60,1128,77,0.06826241134751773,1121,70,0.06244424620874219,0.9090909090909091,0.9147676587462492,-12.587997667126498,-12.40244738510853,-12.336360935309022
window=h18-24,hold_min_ge_runners,60,1128,77,0.06826241134751773,7,7,1.0,0.09090909090909091,14.64935064935065,34.579384837869036,26.8361651398902,-12.336360935309022
window=h18-24,hold_min_ge_runners,120,1128,77,0.06826241134751773,3,3,1.0,0.03896103896103896,14.64935064935065,61.120396582988384,62.72439825414156,-12.336360935309022
window=h18-24,fast_winner_pattern,True,1128,77,0.06826241134751773,0,0,,0.0,,,,-12.336360935309022
window=h18-24,clean_no_underwater_30m_cover,True,1128,77,0.06826241134751773,0,0,,0.0,,,,-12.336360935309022
window=h18-24,net_bps_per_min_floor,0.05,1128,77,0.06826241134751773,53,53,1.0,0.6883116883116883,14.64935064935065,15.638568989930416,10.86337227410539,-12.336360935309022
window=h18-24,net_bps_per_min_floor,0.1,1128,77,0.06826241134751773,53,53,1.0,0.6883116883116883,14.64935064935065,15.638568989930416,10.86337227410539,-12.336360935309022
window=h18-24,net_bps_per_min_floor,0.2,1128,77,0.06826241134751773,46,46,1.0,0.5974025974025974,14.64935064935065,17.421340791317736,12.58035309123193,-12.336360935309022
window=h18-24,net_bps_per_min_floor,0.5,1128,77,0.06826241134751773,10,10,1.0,0.12987012987012986,14.64935064935065,19.86247272760907,21.015716613776398,-12.336360935309022
window=h24-30,cover_by_15m_TRUE,True,456,85,0.18640350877192982,301,85,0.2823920265780731,1.0,1.514950166112957,-8.470620440343463,-7.989063496637635,-12.962019950826893
window=h24-30,cover_by_30m_TRUE,True,456,85,0.18640350877192982,301,85,0.2823920265780731,1.0,1.514950166112957,-8.470620440343463,-7.989063496637635,-12.962019950826893
window=h24-30,cover_by_60m_TRUE,True,456,85,0.18640350877192982,301,85,0.2823920265780731,1.0,1.514950166112957,-8.470620440343463,-7.989063496637635,-12.962019950826893
window=h24-30,ever_underwater_FALSE,True,456,85,0.18640350877192982,0,0,,0.0,,,,-12.962019950826893
window=h24-30,reached_12bps_within_15m,True,456,85,0.18640350877192982,268,85,0.31716417910447764,1.0,1.701492537313433,-7.962914522280557,-8.666627543718164,-12.962019950826893
window=h24-30,reached_12bps_within_30m,True,456,85,0.18640350877192982,268,85,0.31716417910447764,1.0,1.701492537313433,-7.962914522280557,-8.666627543718164,-12.962019950826893
window=h24-30,reached_20bps_within_30m,True,456,85,0.18640350877192982,149,85,0.5704697986577181,1.0,3.0604026845637584,0.7277210887358707,-3.9741604874853174,-12.962019950826893
window=h24-30,reached_20bps_within_60m,True,456,85,0.18640350877192982,149,85,0.5704697986577181,1.0,3.0604026845637584,0.7277210887358707,-3.9741604874853174,-12.962019950826893
window=h24-30,volume_zscore_le,-0.5,456,85,0.18640350877192982,198,40,0.20202020202020202,0.47058823529411764,1.0837789661319073,-11.917967627533939,-12.431484191138711,-12.962019950826893
window=h24-30,volume_zscore_le,-0.25,456,85,0.18640350877192982,294,54,0.1836734693877551,0.6352941176470588,0.9853541416566627,-12.66583285892533,-12.861768262263686,-12.962019950826893
window=h24-30,volume_zscore_le,0.0,456,85,0.18640350877192982,330,63,0.19090909090909092,0.7411764705882353,1.0241711229946524,-12.88202690960283,-12.962019950826893,-12.962019950826893
window=h24-30,volume_zscore_le,0.25,456,85,0.18640350877192982,354,69,0.19491525423728814,0.8117647058823529,1.0456630109670988,-13.37864621639829,-12.972544597254224,-12.962019950826893
window=h24-30,volume_zscore_le,0.5,456,85,0.18640350877192982,366,72,0.19672131147540983,0.8470588235294118,1.0553519768563162,-13.051419843896417,-12.972544597254224,-12.962019950826893
window=h24-30,nt_ratio_entry_vs_pre30_ge,1.0,456,85,0.18640350877192982,150,35,0.23333333333333334,0.4117647058823529,1.251764705882353,-12.316487389119375,-12.574492508118865,-12.962019950826893
window=h24-30,nt_ratio_entry_vs_pre30_ge,1.5,456,85,0.18640350877192982,96,25,0.2604166666666667,0.29411764705882354,1.397058823529412,-13.586912583840629,-12.962019950826893,-12.962019950826893
window=h24-30,nt_ratio_entry_vs_pre30_ge,2.0,456,85,0.18640350877192982,48,10,0.20833333333333334,0.11764705882352941,1.1176470588235294,-14.437727626315363,-12.000672223340004,-12.962019950826893
window=h24-30,nt_ratio_entry_vs_pre30_ge,3.0,456,85,0.18640350877192982,42,10,0.23809523809523808,0.11764705882352941,1.2773109243697478,-14.457497761214197,-11.039324495853114,-12.962019950826893
window=h24-30,entry_imb_long_bid_ge,-0.2,456,85,0.18640350877192982,0,0,,0.0,,,,-12.962019950826893
window=h24-30,entry_imb_long_bid_ge,0.0,456,85,0.18640350877192982,0,0,,0.0,,,,-12.962019950826893
window=h24-30,entry_imb_long_bid_ge,0.2,456,85,0.18640350877192982,0,0,,0.0,,,,-12.962019950826893
window=h24-30,entry_imb_long_bid_ge,0.5,456,85,0.18640350877192982,0,0,,0.0,,,,-12.962019950826893
window=h24-30,entry_imb_short_ask_le,0.2,456,85,0.18640350877192982,0,0,,0.0,,,,-12.962019950826893
window=h24-30,entry_imb_short_ask_le,0.0,456,85,0.18640350877192982,0,0,,0.0,,,,-12.962019950826893
window=h24-30,entry_imb_short_ask_le,-0.2,456,85,0.18640350877192982,0,0,,0.0,,,,-12.962019950826893
window=h24-30,entry_imb_short_ask_le,-0.5,456,85,0.18640350877192982,0,0,,0.0,,,,-12.962019950826893
window=h24-30,pre5_buyvol_long_ge,0.5,456,85,0.18640350877192982,143,19,0.13286713286713286,0.2235294117647059,0.7127930892636775,-15.292170319387342,-13.918841451485818,-12.962019950826893
window=h24-30,pre5_buyvol_long_ge,0.7,456,85,0.18640350877192982,130,13,0.1,0.15294117647058825,0.5364705882352941,-15.885108651630828,-14.73661439374606,-12.962019950826893
window=h24-30,pre5_buyvol_long_ge,0.9,456,85,0.18640350877192982,103,11,0.10679611650485436,0.12941176470588237,0.5729297544260422,-14.851871796702035,-12.186965065410837,-12.962019950826893
window=h24-30,pre5_buyvol_short_le,0.5,456,85,0.18640350877192982,69,19,0.2753623188405797,0.2235294117647059,1.477237851662404,-9.819198886007495,-12.861768262263686,-12.962019950826893
window=h24-30,pre5_buyvol_short_le,0.3,456,85,0.18640350877192982,59,12,0.2033898305084746,0.1411764705882353,1.0911266201395813,-12.890226089983699,-12.861768262263686,-12.962019950826893
window=h24-30,pre5_buyvol_short_le,0.1,456,85,0.18640350877192982,43,8,0.18604651162790697,0.09411764705882353,0.9980848153214774,-13.816125988107121,-12.861768262263686,-12.962019950826893
window=h24-30,trade_present_score_ge,25,456,85,0.18640350877192982,432,82,0.18981481481481483,0.9647058823529412,1.0183006535947714,-12.432614610978096,-12.861768262263686,-12.962019950826893
window=h24-30,trade_present_score_ge,40,456,85,0.18640350877192982,234,46,0.19658119658119658,0.5411764705882353,1.0546003016591252,-14.178488884188647,-13.918841451485818,-12.962019950826893
window=h24-30,trade_present_score_ge,55,456,85,0.18640350877192982,216,41,0.18981481481481483,0.4823529411764706,1.0183006535947714,-14.554595596987328,-13.918841451485818,-12.962019950826893
window=h24-30,trade_present_score_ge,70,456,85,0.18640350877192982,156,30,0.19230769230769232,0.35294117647058826,1.0316742081447965,-14.640039149564625,-13.918841451485818,-12.962019950826893
window=h24-30,dipole_long_pos_ge,0.0,456,85,0.18640350877192982,138,20,0.14492753623188406,0.23529411764705882,0.7774936061381075,-15.075275667207082,-11.998800119989731,-12.962019950826893
window=h24-30,dipole_long_pos_ge,0.1,456,85,0.18640350877192982,108,17,0.1574074074074074,0.2,0.8444444444444444,-14.262578996620539,-11.139435930243058,-12.962019950826893
window=h24-30,dipole_long_pos_ge,0.2,456,85,0.18640350877192982,97,17,0.17525773195876287,0.2,0.9402061855670103,-15.21506592618478,-12.186965065410837,-12.962019950826893
window=h24-30,dipole_short_neg_le,0.0,456,85,0.18640350877192982,94,21,0.22340425531914893,0.24705882352941178,1.1984981226533167,-12.402396705638445,-14.33113845804898,-12.962019950826893
window=h24-30,dipole_short_neg_le,-0.1,456,85,0.18640350877192982,58,13,0.22413793103448276,0.15294117647058825,1.2024340770791075,-15.494682553866996,-19.941880764069737,-12.962019950826893
window=h24-30,dipole_short_neg_le,-0.2,456,85,0.18640350877192982,24,3,0.125,0.03529411764705882,0.6705882352941177,-20.752568333587305,-20.643215341000083,-12.962019950826893
window=h24-30,hold_min_le_avoid_chop,15,456,85,0.18640350877192982,391,24,0.061381074168797956,0.2823529411764706,0.3292914096584926,-16.919740807556366,-16.17447612679471,-12.962019950826893
window=h24-30,hold_min_le_avoid_chop,30,456,85,0.18640350877192982,441,72,0.16326530612244897,0.8470588235294118,0.8758703481392557,-14.196131883257317,-13.918841451485818,-12.962019950826893
window=h24-30,hold_min_le_avoid_chop,60,456,85,0.18640350877192982,450,79,0.17555555555555555,0.9294117647058824,0.9418039215686275,-13.2719500139743,-12.983069243681555,-12.962019950826893
window=h24-30,hold_min_ge_runners,60,456,85,0.18640350877192982,6,6,1.0,0.07058823529411765,5.364705882352942,35.2837355392283,35.2837355392283,-12.962019950826893
window=h24-30,hold_min_ge_runners,120,456,85,0.18640350877192982,0,0,,0.0,,,,-12.962019950826893
window=h24-30,fast_winner_pattern,True,456,85,0.18640350877192982,0,0,,0.0,,,,-12.962019950826893
window=h24-30,clean_no_underwater_30m_cover,True,456,85,0.18640350877192982,0,0,,0.0,,,,-12.962019950826893
window=h24-30,net_bps_per_min_floor,0.05,456,85,0.18640350877192982,61,61,1.0,0.7176470588235294,5.364705882352942,19.41909311244622,11.62553192056202,-12.962019950826893
window=h24-30,net_bps_per_min_floor,0.1,456,85,0.18640350877192982,57,57,1.0,0.6705882352941176,5.364705882352942,20.65019138283523,13.010984811952639,-12.962019950826893
window=h24-30,net_bps_per_min_floor,0.2,456,85,0.18640350877192982,53,53,1.0,0.6235294117647059,5.364705882352942,21.855756840607572,19.97599041419721,-12.962019950826893
window=h24-30,net_bps_per_min_floor,0.5,456,85,0.18640350877192982,35,35,1.0,0.4117647058823529,5.364705882352942,26.74209982599957,20.937658384848003,-12.962019950826893
window=h30-36,cover_by_15m_TRUE,True,948,160,0.16877637130801687,370,160,0.43243243243243246,1.0,2.562162162162162,-1.105931509582617,-2.877171486254185,-12.20907107974533
window=h30-36,cover_by_30m_TRUE,True,948,160,0.16877637130801687,370,160,0.43243243243243246,1.0,2.562162162162162,-1.105931509582617,-2.877171486254185,-12.20907107974533
window=h30-36,cover_by_60m_TRUE,True,948,160,0.16877637130801687,370,160,0.43243243243243246,1.0,2.562162162162162,-1.105931509582617,-2.877171486254185,-12.20907107974533
window=h30-36,ever_underwater_FALSE,True,948,160,0.16877637130801687,0,0,,0.0,,,,-12.20907107974533
window=h30-36,reached_12bps_within_15m,True,948,160,0.16877637130801687,339,160,0.471976401179941,1.0,2.7964601769911503,-0.28543434903572334,-2.861843220127394,-12.20907107974533
window=h30-36,reached_12bps_within_30m,True,948,160,0.16877637130801687,339,160,0.471976401179941,1.0,2.7964601769911503,-0.28543434903572334,-2.861843220127394,-12.20907107974533
window=h30-36,reached_20bps_within_30m,True,948,160,0.16877637130801687,206,144,0.6990291262135923,0.9,4.141747572815534,5.212219045265835,3.653029313918859,-12.20907107974533
window=h30-36,reached_20bps_within_60m,True,948,160,0.16877637130801687,206,144,0.6990291262135923,0.9,4.141747572815534,5.212219045265835,3.653029313918859,-12.20907107974533
window=h30-36,volume_zscore_le,-0.5,948,160,0.16877637130801687,318,49,0.1540880503144654,0.30625,0.9129716981132076,-13.364531262384716,-13.659994275089169,-12.20907107974533
window=h30-36,volume_zscore_le,-0.25,948,160,0.16877637130801687,600,98,0.16333333333333333,0.6125,0.96775,-12.271201636297363,-12.694009467659901,-12.20907107974533
window=h30-36,volume_zscore_le,0.0,948,160,0.16877637130801687,714,115,0.16106442577030813,0.71875,0.9543067226890757,-11.97759399258222,-12.337732009875417,-12.20907107974533
window=h30-36,volume_zscore_le,0.25,948,160,0.16877637130801687,762,129,0.16929133858267717,0.80625,1.0030511811023624,-11.776213267730068,-12.20907107974533,-12.20907107974533
window=h30-36,volume_zscore_le,0.5,948,160,0.16877637130801687,774,129,0.16666666666666666,0.80625,0.9874999999999999,-11.779735353244247,-12.20907107974533,-12.20907107974533
window=h30-36,nt_ratio_entry_vs_pre30_ge,1.0,948,160,0.16877637130801687,330,53,0.1606060606060606,0.33125,0.9515909090909092,-12.622387985949386,-12.20907107974533,-12.20907107974533
window=h30-36,nt_ratio_entry_vs_pre30_ge,1.5,948,160,0.16877637130801687,186,15,0.08064516129032258,0.09375,0.4778225806451613,-13.344898680087393,-12.20907107974533,-12.20907107974533
window=h30-36,nt_ratio_entry_vs_pre30_ge,2.0,948,160,0.16877637130801687,120,11,0.09166666666666666,0.06875,0.543125,-13.730137897335577,-12.694009467659901,-12.20907107974533
window=h30-36,nt_ratio_entry_vs_pre30_ge,3.0,948,160,0.16877637130801687,78,5,0.0641025641025641,0.03125,0.3798076923076923,-13.664363016322007,-12.765769391833306,-12.20907107974533
window=h30-36,entry_imb_long_bid_ge,-0.2,948,160,0.16877637130801687,0,0,,0.0,,,,-12.20907107974533
window=h30-36,entry_imb_long_bid_ge,0.0,948,160,0.16877637130801687,0,0,,0.0,,,,-12.20907107974533
window=h30-36,entry_imb_long_bid_ge,0.2,948,160,0.16877637130801687,0,0,,0.0,,,,-12.20907107974533
window=h30-36,entry_imb_long_bid_ge,0.5,948,160,0.16877637130801687,0,0,,0.0,,,,-12.20907107974533
window=h30-36,entry_imb_short_ask_le,0.2,948,160,0.16877637130801687,0,0,,0.0,,,,-12.20907107974533
window=h30-36,entry_imb_short_ask_le,0.0,948,160,0.16877637130801687,0,0,,0.0,,,,-12.20907107974533
window=h30-36,entry_imb_short_ask_le,-0.2,948,160,0.16877637130801687,0,0,,0.0,,,,-12.20907107974533
window=h30-36,entry_imb_short_ask_le,-0.5,948,160,0.16877637130801687,0,0,,0.0,,,,-12.20907107974533
window=h30-36,pre5_buyvol_long_ge,0.5,948,160,0.16877637130801687,212,33,0.15566037735849056,0.20625,0.9222877358490567,-12.300374063269492,-11.25074467321879,-12.20907107974533
window=h30-36,pre5_buyvol_long_ge,0.7,948,160,0.16877637130801687,193,21,0.10880829015544041,0.13125,0.6446891191709845,-13.2777772180072,-12.633737304009049,-12.20907107974533
window=h30-36,pre5_buyvol_long_ge,0.9,948,160,0.16877637130801687,158,19,0.12025316455696203,0.11875,0.7125,-13.759373772234337,-12.995310456551664,-12.20907107974533
window=h30-36,pre5_buyvol_short_le,0.5,948,160,0.16877637130801687,263,72,0.2737642585551331,0.45,1.6220532319391636,-8.01805127675476,-9.416205579817813,-12.20907107974533
window=h30-36,pre5_buyvol_short_le,0.3,948,160,0.16877637130801687,228,58,0.2543859649122807,0.3625,1.5072368421052633,-8.488623524499255,-9.438717853371841,-12.20907107974533
window=h30-36,pre5_buyvol_short_le,0.1,948,160,0.16877637130801687,139,29,0.20863309352517986,0.18125,1.2361510791366908,-11.191550902085014,-9.419186997428513,-12.20907107974533
window=h30-36,trade_present_score_ge,25,948,160,0.16877637130801687,936,160,0.17094017094017094,1.0,1.0128205128205128,-11.765238765578781,-11.810766908944506,-12.20907107974533
window=h30-36,trade_present_score_ge,40,948,160,0.16877637130801687,342,66,0.19298245614035087,0.4125,1.143421052631579,-11.712215159234967,-11.433779944481964,-12.20907107974533
window=h30-36,trade_present_score_ge,55,948,160,0.16877637130801687,240,46,0.19166666666666668,0.2875,1.135625,-12.434060900156318,-11.433779944481964,-12.20907107974533
window=h30-36,trade_present_score_ge,70,948,160,0.16877637130801687,102,22,0.21568627450980393,0.1375,1.2779411764705884,-14.56194020110763,-12.565426463038587,-12.20907107974533
window=h30-36,dipole_long_pos_ge,0.0,948,160,0.16877637130801687,286,33,0.11538461538461539,0.20625,0.6836538461538462,-13.988868776354368,-13.068474315008723,-12.20907107974533
window=h30-36,dipole_long_pos_ge,0.1,948,160,0.16877637130801687,187,18,0.0962566844919786,0.1125,0.5703208556149733,-15.055453244160365,-14.58017819972104,-12.20907107974533
window=h30-36,dipole_long_pos_ge,0.2,948,160,0.16877637130801687,113,6,0.05309734513274336,0.0375,0.31460176991150446,-16.813466231927094,-14.388582595618143,-12.20907107974533
window=h30-36,dipole_short_neg_le,0.0,948,160,0.16877637130801687,223,48,0.21524663677130046,0.3,1.2753363228699552,-10.821696016801065,-9.549503530736768,-12.20907107974533
window=h30-36,dipole_short_neg_le,-0.1,948,160,0.16877637130801687,131,24,0.183206106870229,0.15,1.085496183206107,-14.137142328662017,-14.91318100213848,-12.20907107974533
window=h30-36,dipole_short_neg_le,-0.2,948,160,0.16877637130801687,40,4,0.1,0.025,0.5925,-20.391021088860395,-20.358465513191533,-12.20907107974533
window=h30-36,hold_min_le_avoid_chop,15,948,160,0.16877637130801687,825,43,0.052121212121212124,0.26875,0.3088181818181818,-15.401196048669185,-13.853502636772363,-12.20907107974533
window=h30-36,hold_min_le_avoid_chop,30,948,160,0.16877637130801687,914,126,0.13785557986870897,0.7875,0.8167943107221007,-13.14954398598163,-12.765769391833306,-12.20907107974533
window=h30-36,hold_min_le_avoid_chop,60,948,160,0.16877637130801687,943,155,0.16436903499469777,0.96875,0.9738865323435844,-11.999460149474892,-12.338839030335881,-12.20907107974533
window=h30-36,hold_min_ge_runners,60,948,160,0.16877637130801687,7,7,1.0,0.04375,5.925,19.391601050966198,24.355467425947154,-12.20907107974533
window=h30-36,hold_min_ge_runners,120,948,160,0.16877637130801687,0,0,,0.0,,,,-12.20907107974533
window=h30-36,fast_winner_pattern,True,948,160,0.16877637130801687,0,0,,0.0,,,,-12.20907107974533
window=h30-36,clean_no_underwater_30m_cover,True,948,160,0.16877637130801687,0,0,,0.0,,,,-12.20907107974533
window=h30-36,net_bps_per_min_floor,0.05,948,160,0.16877637130801687,128,128,1.0,0.8,5.925,15.017686653521169,8.836862727033926,-12.20907107974533
window=h30-36,net_bps_per_min_floor,0.1,948,160,0.16877637130801687,116,116,1.0,0.725,5.925,16.266827561547565,9.906734862493995,-12.20907107974533
window=h30-36,net_bps_per_min_floor,0.2,948,160,0.16877637130801687,107,107,1.0,0.66875,5.925,17.277510421653357,13.65388687283343,-12.20907107974533
window=h30-36,net_bps_per_min_floor,0.5,948,160,0.16877637130801687,62,62,1.0,0.3875,5.925,21.34341504032377,15.515857301188387,-12.20907107974533
window=h36-42,cover_by_15m_TRUE,True,720,72,0.1,150,66,0.44,0.9166666666666666,4.3999999999999995,2.235202963604968,-3.4277031106972227,-12.505777411683177
window=h36-42,cover_by_30m_TRUE,True,720,72,0.1,156,72,0.46153846153846156,1.0,4.615384615384615,3.1952856880446667,-3.270541128035915,-12.505777411683177
window=h36-42,cover_by_60m_TRUE,True,720,72,0.1,156,72,0.46153846153846156,1.0,4.615384615384615,3.1952856880446667,-3.270541128035915,-12.505777411683177
window=h36-42,ever_underwater_FALSE,True,720,72,0.1,0,0,,0.0,,,,-12.505777411683177
window=h36-42,reached_12bps_within_15m,True,720,72,0.1,129,66,0.5116279069767442,0.9166666666666666,5.116279069767442,3.536095967555134,-3.270541128035915,-12.505777411683177
window=h36-42,reached_12bps_within_30m,True,720,72,0.1,135,72,0.5333333333333333,1.0,5.333333333333333,4.587707426732112,-1.386429282052191,-12.505777411683177
window=h36-42,reached_20bps_within_30m,True,720,72,0.1,75,56,0.7466666666666667,0.7777777777777778,7.466666666666667,10.41532504427406,14.628026807921257,-12.505777411683177
window=h36-42,reached_20bps_within_60m,True,720,72,0.1,75,56,0.7466666666666667,0.7777777777777778,7.466666666666667,10.41532504427406,14.628026807921257,-12.505777411683177
window=h36-42,volume_zscore_le,-0.5,720,72,0.1,330,26,0.07878787878787878,0.3611111111111111,0.7878787878787877,-12.174501761812989,-12.844893656634277,-12.505777411683177
window=h36-42,volume_zscore_le,-0.25,720,72,0.1,474,41,0.08649789029535865,0.5694444444444444,0.8649789029535865,-12.014169847087366,-12.410252059700277,-12.505777411683177
window=h36-42,volume_zscore_le,0.0,720,72,0.1,564,47,0.08333333333333333,0.6527777777777778,0.8333333333333333,-12.0690846807618,-12.347468746824193,-12.505777411683177
window=h36-42,volume_zscore_le,0.25,720,72,0.1,576,47,0.08159722222222222,0.6527777777777778,0.8159722222222222,-12.052028650681958,-12.33817660751378,-12.505777411683177
window=h36-42,volume_zscore_le,0.5,720,72,0.1,600,51,0.085,0.7083333333333334,0.85,-12.07631912740944,-12.33817660751378,-12.505777411683177
window=h36-42,nt_ratio_entry_vs_pre30_ge,1.0,720,72,0.1,192,12,0.0625,0.16666666666666666,0.625,-11.921024096196268,-13.035679147029303,-12.505777411683177
window=h36-42,nt_ratio_entry_vs_pre30_ge,1.5,720,72,0.1,108,7,0.06481481481481481,0.09722222222222222,0.648148148148148,-11.509218098112894,-11.53560563048034,-12.505777411683177
window=h36-42,nt_ratio_entry_vs_pre30_ge,2.0,720,72,0.1,78,7,0.08974358974358974,0.09722222222222222,0.8974358974358974,-10.839075461291486,-11.53560563048034,-12.505777411683177
window=h36-42,nt_ratio_entry_vs_pre30_ge,3.0,720,72,0.1,18,0,0.0,0.0,0.0,-12.509373532050535,-11.53560563048034,-12.505777411683177
window=h36-42,entry_imb_long_bid_ge,-0.2,720,72,0.1,0,0,,0.0,,,,-12.505777411683177
window=h36-42,entry_imb_long_bid_ge,0.0,720,72,0.1,0,0,,0.0,,,,-12.505777411683177
window=h36-42,entry_imb_long_bid_ge,0.2,720,72,0.1,0,0,,0.0,,,,-12.505777411683177
window=h36-42,entry_imb_long_bid_ge,0.5,720,72,0.1,0,0,,0.0,,,,-12.505777411683177
window=h36-42,entry_imb_short_ask_le,0.2,720,72,0.1,0,0,,0.0,,,,-12.505777411683177
window=h36-42,entry_imb_short_ask_le,0.0,720,72,0.1,0,0,,0.0,,,,-12.505777411683177
window=h36-42,entry_imb_short_ask_le,-0.2,720,72,0.1,0,0,,0.0,,,,-12.505777411683177
window=h36-42,entry_imb_short_ask_le,-0.5,720,72,0.1,0,0,,0.0,,,,-12.505777411683177
window=h36-42,pre5_buyvol_long_ge,0.5,720,72,0.1,143,20,0.13986013986013987,0.2777777777777778,1.3986013986013985,-10.817145667659114,-9.31338008700136,-12.505777411683177
window=h36-42,pre5_buyvol_long_ge,0.7,720,72,0.1,127,20,0.15748031496062992,0.2777777777777778,1.574803149606299,-11.057925141699938,-9.840854647566905,-12.505777411683177
window=h36-42,pre5_buyvol_long_ge,0.9,720,72,0.1,98,16,0.16326530612244897,0.2222222222222222,1.6326530612244896,-12.188297188668265,-12.125582945797724,-12.505777411683177
window=h36-42,pre5_buyvol_short_le,0.5,720,72,0.1,230,13,0.05652173913043478,0.18055555555555555,0.5652173913043478,-12.477242864199754,-13.439166908483571,-12.505777411683177
window=h36-42,pre5_buyvol_short_le,0.3,720,72,0.1,185,10,0.05405405405405406,0.1388888888888889,0.5405405405405406,-12.37959210239511,-13.335483889978294,-12.505777411683177
window=h36-42,pre5_buyvol_short_le,0.1,720,72,0.1,100,3,0.03,0.041666666666666664,0.3,-12.622065418217112,-13.334489969655635,-12.505777411683177
window=h36-42,trade_present_score_ge,25,720,72,0.1,654,67,0.10244648318042814,0.9305555555555556,1.0244648318042813,-12.138919331072524,-12.844893656634277,-12.505777411683177
window=h36-42,trade_present_score_ge,40,720,72,0.1,300,39,0.13,0.5416666666666666,1.3,-11.877397860991193,-11.999749371965489,-12.505777411683177
window=h36-42,trade_present_score_ge,55,720,72,0.1,216,29,0.13425925925925927,0.4027777777777778,1.3425925925925926,-11.838257821033222,-12.356760886134605,-12.505777411683177
window=h36-42,trade_present_score_ge,70,720,72,0.1,120,19,0.15833333333333333,0.2638888888888889,1.5833333333333333,-12.383117289556527,-12.356760886134605,-12.505777411683177
window=h36-42,dipole_long_pos_ge,0.0,720,72,0.1,200,26,0.13,0.3611111111111111,1.3,-11.878813510802958,-12.356760886134605,-12.505777411683177
window=h36-42,dipole_long_pos_ge,0.1,720,72,0.1,164,26,0.15853658536585366,0.3611111111111111,1.5853658536585364,-10.344497451053499,-9.672456070950041,-12.505777411683177
window=h36-42,dipole_long_pos_ge,0.2,720,72,0.1,142,26,0.18309859154929578,0.3611111111111111,1.8309859154929577,-9.369659335370189,-9.5320880321554,-12.505777411683177
window=h36-42,dipole_short_neg_le,0.0,720,72,0.1,185,4,0.021621621621621623,0.05555555555555555,0.21621621621621623,-16.699919932934066,-15.345651663873568,-12.505777411683177
window=h36-42,dipole_short_neg_le,-0.1,720,72,0.1,117,4,0.03418803418803419,0.05555555555555555,0.3418803418803419,-17.21246818727948,-15.69945852982039,-12.505777411683177
window=h36-42,dipole_short_neg_le,-0.2,720,72,0.1,64,4,0.0625,0.05555555555555555,0.625,-17.583871696505277,-16.275480909619056,-12.505777411683177
window=h36-42,hold_min_le_avoid_chop,15,720,72,0.1,635,21,0.03307086614173228,0.2916666666666667,0.3307086614173228,-14.458794827503837,-14.067755911931823,-12.505777411683177
window=h36-42,hold_min_le_avoid_chop,30,720,72,0.1,662,38,0.05740181268882175,0.5277777777777778,0.5740181268882175,-13.648819874719637,-13.335483889978294,-12.505777411683177
window=h36-42,hold_min_le_avoid_chop,60,720,72,0.1,668,44,0.0658682634730539,0.6111111111111112,0.6586826347305389,-13.245319070011075,-13.185581518503799,-12.505777411683177
window=h36-42,hold_min_ge_runners,60,720,72,0.1,52,28,0.5384615384615384,0.3888888888888889,5.384615384615384,3.156951489333585,-0.9865335512683338,-12.505777411683177
window=h36-42,hold_min_ge_runners,120,720,72,0.1,37,13,0.35135135135135137,0.18055555555555555,3.5135135135135136,-6.167013373052253,-5.95645863319044,-12.505777411683177
window=h36-42,fast_winner_pattern,True,720,72,0.1,0,0,,0.0,,,,-12.505777411683177
window=h36-42,clean_no_underwater_30m_cover,True,720,72,0.1,0,0,,0.0,,,,-12.505777411683177
window=h36-42,net_bps_per_min_floor,0.05,720,72,0.1,56,56,1.0,0.7777777777777778,10.0,18.737661524312195,19.543794089436368,-12.505777411683177
window=h36-42,net_bps_per_min_floor,0.1,720,72,0.1,49,49,1.0,0.6805555555555556,10.0,20.5167138292955,20.36033360833881,-12.505777411683177
window=h36-42,net_bps_per_min_floor,0.2,720,72,0.1,40,40,1.0,0.5555555555555556,10.0,20.69645293022823,20.36033360833881,-12.505777411683177
window=h36-42,net_bps_per_min_floor,0.5,720,72,0.1,20,20,1.0,0.2777777777777778,10.0,22.896120474597954,20.363085236695007,-12.505777411683177
window=h42-48,cover_by_15m_TRUE,True,1126,122,0.108348134991119,375,122,0.3253333333333333,1.0,3.0026666666666664,-0.7212271554899641,-5.199485974178906,-12.787467657289563
window=h42-48,cover_by_30m_TRUE,True,1126,122,0.108348134991119,375,122,0.3253333333333333,1.0,3.0026666666666664,-0.7212271554899641,-5.199485974178906,-12.787467657289563
window=h42-48,cover_by_60m_TRUE,True,1126,122,0.108348134991119,375,122,0.3253333333333333,1.0,3.0026666666666664,-0.7212271554899641,-5.199485974178906,-12.787467657289563
window=h42-48,ever_underwater_FALSE,True,1126,122,0.108348134991119,0,0,,0.0,,,,-12.787467657289563
window=h42-48,reached_12bps_within_15m,True,1126,122,0.108348134991119,320,122,0.38125,1.0,3.51875,1.1403170460680425,-4.662780156304851,-12.787467657289563
window=h42-48,reached_12bps_within_30m,True,1126,122,0.108348134991119,320,122,0.38125,1.0,3.51875,1.1403170460680425,-4.662780156304851,-12.787467657289563
window=h42-48,reached_20bps_within_30m,True,1126,122,0.108348134991119,192,122,0.6354166666666666,1.0,5.864583333333333,11.976975555257736,-1.2276954022740743,-12.787467657289563
window=h42-48,reached_20bps_within_60m,True,1126,122,0.108348134991119,192,122,0.6354166666666666,1.0,5.864583333333333,11.976975555257736,-1.2276954022740743,-12.787467657289563
window=h42-48,volume_zscore_le,-0.5,1126,122,0.108348134991119,462,40,0.08658008658008658,0.32786885245901637,0.7990916187637499,-12.280856820248,-12.540805428507017,-12.787467657289563
window=h42-48,volume_zscore_le,-0.25,1126,122,0.108348134991119,654,71,0.10856269113149847,0.5819672131147541,1.0019802476562891,-12.217524825349017,-12.787467657289563,-12.787467657289563
window=h42-48,volume_zscore_le,0.0,1126,122,0.108348134991119,738,92,0.12466124661246612,0.7540983606557377,1.1505619974232528,-12.29762880935478,-12.875712366402068,-12.787467657289563
window=h42-48,volume_zscore_le,0.25,1126,122,0.108348134991119,821,102,0.12423873325213154,0.8360655737704918,1.1466624069008207,-12.270705111400291,-12.875712366402068,-12.787467657289563
window=h42-48,volume_zscore_le,0.5,1126,122,0.108348134991119,875,108,0.12342857142857143,0.8852459016393442,1.1391850117096018,-12.393213457376776,-12.925831799860651,-12.787467657289563
window=h42-48,nt_ratio_entry_vs_pre30_ge,1.0,1126,122,0.108348134991119,335,23,0.06865671641791045,0.1885245901639344,0.6336677269390751,-13.552020828064432,-13.433054866569913,-12.787467657289563
window=h42-48,nt_ratio_entry_vs_pre30_ge,1.5,1126,122,0.108348134991119,275,23,0.08363636363636363,0.1885245901639344,0.7719225037257824,-13.406563324809937,-12.457825213923886,-12.787467657289563
window=h42-48,nt_ratio_entry_vs_pre30_ge,2.0,1126,122,0.108348134991119,221,20,0.09049773755656108,0.16393442622950818,0.8352496105630146,-13.59131140459706,-12.457825213923886,-12.787467657289563
window=h42-48,nt_ratio_entry_vs_pre30_ge,3.0,1126,122,0.108348134991119,113,3,0.02654867256637168,0.02459016393442623,0.24503119106339766,-13.124659059292249,-13.433054866569913,-12.787467657289563
window=h42-48,entry_imb_long_bid_ge,-0.2,1126,122,0.108348134991119,0,0,,0.0,,,,-12.787467657289563
window=h42-48,entry_imb_long_bid_ge,0.0,1126,122,0.108348134991119,0,0,,0.0,,,,-12.787467657289563
window=h42-48,entry_imb_long_bid_ge,0.2,1126,122,0.108348134991119,0,0,,0.0,,,,-12.787467657289563
window=h42-48,entry_imb_long_bid_ge,0.5,1126,122,0.108348134991119,0,0,,0.0,,,,-12.787467657289563
window=h42-48,entry_imb_short_ask_le,0.2,1126,122,0.108348134991119,0,0,,0.0,,,,-12.787467657289563
window=h42-48,entry_imb_short_ask_le,0.0,1126,122,0.108348134991119,0,0,,0.0,,,,-12.787467657289563
window=h42-48,entry_imb_short_ask_le,-0.2,1126,122,0.108348134991119,0,0,,0.0,,,,-12.787467657289563
window=h42-48,entry_imb_short_ask_le,-0.5,1126,122,0.108348134991119,0,0,,0.0,,,,-12.787467657289563
window=h42-48,pre5_buyvol_long_ge,0.5,1126,122,0.108348134991119,287,44,0.15331010452961671,0.36065573770491804,1.4149768663962985,-8.491936703966106,-10.693294752071147,-12.787467657289563
window=h42-48,pre5_buyvol_long_ge,0.7,1126,122,0.108348134991119,229,38,0.16593886462882096,0.3114754098360656,1.5315341112463312,-8.830358418487481,-11.45994973040367,-12.787467657289563
window=h42-48,pre5_buyvol_long_ge,0.9,1126,122,0.108348134991119,150,19,0.12666666666666668,0.1557377049180328,1.1690710382513663,-8.644481781502927,-10.631121659853216,-12.787467657289563
window=h42-48,pre5_buyvol_short_le,0.5,1126,122,0.108348134991119,289,29,0.10034602076124567,0.23770491803278687,0.9261444211242839,-18.211241832413496,-14.326719643642459,-12.787467657289563
window=h42-48,pre5_buyvol_short_le,0.3,1126,122,0.108348134991119,222,22,0.0990990990990991,0.18032786885245902,0.9146359474228327,-20.279204921173143,-15.815181070768398,-12.787467657289563
window=h42-48,pre5_buyvol_short_le,0.1,1126,122,0.108348134991119,161,9,0.055900621118012424,0.07377049180327869,0.5159352408105081,-23.967899475205535,-18.511652812062337,-12.787467657289563
window=h42-48,trade_present_score_ge,25,1126,122,0.108348134991119,1072,122,0.11380597014925373,1.0,1.0503731343283582,-12.714749129602835,-12.520160927548552,-12.787467657289563
window=h42-48,trade_present_score_ge,40,1126,122,0.108348134991119,437,60,0.13729977116704806,0.4918032786885246,1.2672093633942305,-13.270882604418079,-12.671626134501725,-12.787467657289563
window=h42-48,trade_present_score_ge,55,1126,122,0.108348134991119,318,38,0.11949685534591195,0.3114754098360656,1.1028972058975153,-13.74903208482728,-12.000248933955731,-12.787467657289563
window=h42-48,trade_present_score_ge,70,1126,122,0.108348134991119,180,18,0.1,0.14754098360655737,0.9229508196721312,-12.770984011386666,-12.000248933955731,-12.787467657289563
window=h42-48,dipole_long_pos_ge,0.0,1126,122,0.108348134991119,425,51,0.12,0.4180327868852459,1.1075409836065573,-9.979108811337445,-11.45994973040367,-12.787467657289563
window=h42-48,dipole_long_pos_ge,0.1,1126,122,0.108348134991119,296,39,0.13175675675675674,0.319672131147541,1.2160500664599023,-9.52009012193387,-12.671626134501725,-12.787467657289563
window=h42-48,dipole_long_pos_ge,0.2,1126,122,0.108348134991119,178,20,0.11235955056179775,0.16393442622950818,1.037023392890035,-10.947719359903662,-10.568948567635285,-12.787467657289563
window=h42-48,dipole_short_neg_le,0.0,1126,122,0.108348134991119,152,8,0.05263157894736842,0.06557377049180328,0.4857635893011216,-21.090550327940846,-16.121787273237793,-12.787467657289563
window=h42-48,dipole_short_neg_le,-0.1,1126,122,0.108348134991119,84,3,0.03571428571428571,0.02459016393442623,0.3296252927400468,-25.50741722492812,-13.812692741680502,-12.787467657289563
window=h42-48,dipole_short_neg_le,-0.2,1126,122,0.108348134991119,41,3,0.07317073170731707,0.02459016393442623,0.6753298680527788,-31.72254656236482,-13.812692741680502,-12.787467657289563
window=h42-48,hold_min_le_avoid_chop,15,1126,122,0.108348134991119,1034,40,0.03868471953578337,0.32786885245901637,0.35704093604337767,-16.207030607420194,-13.573800018518332,-12.787467657289563
window=h42-48,hold_min_le_avoid_chop,30,1126,122,0.108348134991119,1086,87,0.08011049723756906,0.7131147540983607,0.7393804908975636,-14.181433691187674,-13.27786092072017,-12.787467657289563
window=h42-48,hold_min_le_avoid_chop,60,1126,122,0.108348134991119,1115,111,0.09955156950672646,0.9098360655737705,0.9188120267588032,-13.322019940142535,-12.925831799860651,-12.787467657289563
window=h42-48,hold_min_ge_runners,60,1126,122,0.108348134991119,19,19,1.0,0.1557377049180328,9.229508196721312,28.703179221953224,10.743813755527468,-12.787467657289563
window=h42-48,hold_min_ge_runners,120,1126,122,0.108348134991119,0,0,,0.0,,,,-12.787467657289563
window=h42-48,fast_winner_pattern,True,1126,122,0.108348134991119,0,0,,0.0,,,,-12.787467657289563
window=h42-48,clean_no_underwater_30m_cover,True,1126,122,0.108348134991119,0,0,,0.0,,,,-12.787467657289563
window=h42-48,net_bps_per_min_floor,0.05,1126,122,0.108348134991119,87,87,1.0,0.7131147540983607,9.229508196721312,33.453622279235965,26.65548501632886,-12.787467657289563
window=h42-48,net_bps_per_min_floor,0.1,1126,122,0.108348134991119,87,87,1.0,0.7131147540983607,9.229508196721312,33.453622279235965,26.65548501632886,-12.787467657289563
window=h42-48,net_bps_per_min_floor,0.2,1126,122,0.108348134991119,79,79,1.0,0.6475409836065574,9.229508196721312,35.956777235130026,28.018371381279508,-12.787467657289563
window=h42-48,net_bps_per_min_floor,0.5,1126,122,0.108348134991119,57,57,1.0,0.4672131147540984,9.229508196721312,45.769849138895175,38.96593080272609,-12.787467657289563
window=h48-54,cover_by_15m_TRUE,True,1464,192,0.13114754098360656,605,188,0.31074380165289256,0.9791666666666666,2.3694214876033057,1.8333832182110519,-5.108466377827143,-11.415958233290846
window=h48-54,cover_by_30m_TRUE,True,1464,192,0.13114754098360656,609,192,0.31527093596059114,1.0,2.403940886699507,1.8565295533618422,-5.097850179811297,-11.415958233290846
window=h48-54,cover_by_60m_TRUE,True,1464,192,0.13114754098360656,609,192,0.31527093596059114,1.0,2.403940886699507,1.8565295533618422,-5.097850179811297,-11.415958233290846
window=h48-54,ever_underwater_FALSE,True,1464,192,0.13114754098360656,0,0,,0.0,,,,-11.415958233290846
window=h48-54,reached_12bps_within_15m,True,1464,192,0.13114754098360656,504,184,0.36507936507936506,0.9583333333333334,2.7837301587301586,4.915199544885706,-3.634004165367579,-11.415958233290846
window=h48-54,reached_12bps_within_30m,True,1464,192,0.13114754098360656,512,192,0.375,1.0,2.859375,4.912918314106805,-3.55837569407747,-11.415958233290846
window=h48-54,reached_20bps_within_30m,True,1464,192,0.13114754098360656,324,192,0.5925925925925926,1.0,4.518518518518518,16.299282743733585,4.361693461222838,-11.415958233290846
window=h48-54,reached_20bps_within_60m,True,1464,192,0.13114754098360656,324,192,0.5925925925925926,1.0,4.518518518518518,16.299282743733585,4.361693461222838,-11.415958233290846
window=h48-54,volume_zscore_le,-0.5,1464,192,0.13114754098360656,594,61,0.1026936026936027,0.3177083333333333,0.7830387205387205,-10.152857936478902,-11.341380066998685,-11.415958233290846
window=h48-54,volume_zscore_le,-0.25,1464,192,0.13114754098360656,894,89,0.09955257270693513,0.4635416666666667,0.7590883668903803,-10.587832350719848,-11.456854659451867,-11.415958233290846
window=h48-54,volume_zscore_le,0.0,1464,192,0.13114754098360656,1038,118,0.11368015414258188,0.6145833333333334,0.8668111753371868,-9.528169552330898,-11.415958233290846,-11.415958233290846
window=h48-54,volume_zscore_le,0.25,1464,192,0.13114754098360656,1176,150,0.12755102040816327,0.78125,0.9725765306122449,-9.241922312514726,-11.341380066998685,-11.415958233290846
window=h48-54,volume_zscore_le,0.5,1464,192,0.13114754098360656,1236,154,0.12459546925566344,0.8020833333333334,0.9500404530744336,-9.02133964570823,-11.192144289289097,-11.415958233290846
window=h48-54,nt_ratio_entry_vs_pre30_ge,1.0,1464,192,0.13114754098360656,516,64,0.12403100775193798,0.3333333333333333,0.945736434108527,-11.268551502263268,-11.977609696285212,-11.415958233290846
window=h48-54,nt_ratio_entry_vs_pre30_ge,1.5,1464,192,0.13114754098360656,312,38,0.12179487179487179,0.19791666666666666,0.9286858974358974,-9.523304930341864,-10.914497039753886,-11.415958233290846
window=h48-54,nt_ratio_entry_vs_pre30_ge,2.0,1464,192,0.13114754098360656,228,31,0.13596491228070176,0.16145833333333334,1.0367324561403508,-7.783949350795452,-9.749815580741085,-11.415958233290846
window=h48-54,nt_ratio_entry_vs_pre30_ge,3.0,1464,192,0.13114754098360656,174,31,0.1781609195402299,0.16145833333333334,1.3584770114942528,-6.603312881394474,-8.3428741913694,-11.415958233290846
window=h48-54,entry_imb_long_bid_ge,-0.2,1464,192,0.13114754098360656,0,0,,0.0,,,,-11.415958233290846
window=h48-54,entry_imb_long_bid_ge,0.0,1464,192,0.13114754098360656,0,0,,0.0,,,,-11.415958233290846
window=h48-54,entry_imb_long_bid_ge,0.2,1464,192,0.13114754098360656,0,0,,0.0,,,,-11.415958233290846
window=h48-54,entry_imb_long_bid_ge,0.5,1464,192,0.13114754098360656,0,0,,0.0,,,,-11.415958233290846
window=h48-54,entry_imb_short_ask_le,0.2,1464,192,0.13114754098360656,0,0,,0.0,,,,-11.415958233290846
window=h48-54,entry_imb_short_ask_le,0.0,1464,192,0.13114754098360656,0,0,,0.0,,,,-11.415958233290846
window=h48-54,entry_imb_short_ask_le,-0.2,1464,192,0.13114754098360656,0,0,,0.0,,,,-11.415958233290846
window=h48-54,entry_imb_short_ask_le,-0.5,1464,192,0.13114754098360656,0,0,,0.0,,,,-11.415958233290846
window=h48-54,pre5_buyvol_long_ge,0.5,1464,192,0.13114754098360656,366,16,0.04371584699453552,0.08333333333333333,0.3333333333333333,-17.3266520954207,-14.899706743280719,-11.415958233290846
window=h48-54,pre5_buyvol_long_ge,0.7,1464,192,0.13114754098360656,279,9,0.03225806451612903,0.046875,0.24596774193548385,-17.862639238613077,-14.983092475243161,-11.415958233290846
window=h48-54,pre5_buyvol_long_ge,0.9,1464,192,0.13114754098360656,194,9,0.04639175257731959,0.046875,0.3537371134020619,-17.997363801360244,-14.305479628654197,-11.415958233290846
window=h48-54,pre5_buyvol_short_le,0.5,1464,192,0.13114754098360656,372,74,0.1989247311827957,0.3854166666666667,1.516801075268817,-0.13590383558987543,-8.564402089023464,-11.415958233290846
window=h48-54,pre5_buyvol_short_le,0.3,1464,192,0.13114754098360656,281,62,0.2206405693950178,0.3229166666666667,1.6823843416370108,2.81088503566744,-6.129333404801737,-11.415958233290846
window=h48-54,pre5_buyvol_short_le,0.1,1464,192,0.13114754098360656,183,43,0.23497267759562843,0.22395833333333334,1.7916666666666667,2.0123710486616293,-5.957159629887191,-11.415958233290846
window=h48-54,trade_present_score_ge,25,1464,192,0.13114754098360656,1416,188,0.1327683615819209,0.9791666666666666,1.0123587570621468,-9.35755496354953,-11.385953886703318,-11.415958233290846
window=h48-54,trade_present_score_ge,40,1464,192,0.13114754098360656,696,104,0.14942528735632185,0.5416666666666666,1.139367816091954,-12.138772956101985,-11.555899783933274,-11.415958233290846
window=h48-54,trade_present_score_ge,55,1464,192,0.13114754098360656,462,92,0.19913419913419914,0.4791666666666667,1.5183982683982684,-11.545291094685128,-11.497751085612888,-11.415958233290846
window=h48-54,trade_present_score_ge,70,1464,192,0.13114754098360656,222,60,0.2702702702702703,0.3125,2.060810810810811,-8.433675445063763,-11.131650388783202,-11.415958233290846
window=h48-54,dipole_long_pos_ge,0.0,1464,192,0.13114754098360656,336,11,0.03273809523809524,0.057291666666666664,0.2496279761904762,-17.06362884549134,-14.144626971993173,-11.415958233290846
window=h48-54,dipole_long_pos_ge,0.1,1464,192,0.13114754098360656,265,11,0.04150943396226415,0.057291666666666664,0.3165094339622641,-17.397628920879335,-14.1370983867191,-11.415958233290846
window=h48-54,dipole_long_pos_ge,0.2,1464,192,0.13114754098360656,228,11,0.04824561403508772,0.057291666666666664,0.3678728070175438,-17.118858820207517,-13.983990874331264,-11.415958233290846
window=h48-54,dipole_short_neg_le,0.0,1464,192,0.13114754098360656,492,109,0.22154471544715448,0.5677083333333334,1.6892784552845528,-0.2610914448405657,-8.790591877016286,-11.415958233290846
window=h48-54,dipole_short_neg_le,-0.1,1464,192,0.13114754098360656,376,85,0.22606382978723405,0.4427083333333333,1.7237367021276595,-1.497509333625804,-8.571455003619624,-11.415958233290846
window=h48-54,dipole_short_neg_le,-0.2,1464,192,0.13114754098360656,206,36,0.17475728155339806,0.1875,1.3325242718446602,-7.562123713457858,-10.025695403807802,-11.415958233290846
window=h48-54,hold_min_le_avoid_chop,15,1464,192,0.13114754098360656,1258,19,0.015103338632750398,0.09895833333333333,0.11516295707472178,-15.577138498028374,-13.359704065738423,-11.415958233290846
window=h48-54,hold_min_le_avoid_chop,30,1464,192,0.13114754098360656,1362,96,0.07048458149779736,0.5,0.5374449339207049,-14.050920873246143,-12.6886538158147,-11.415958233290846
window=h48-54,hold_min_le_avoid_chop,60,1464,192,0.13114754098360656,1428,156,0.1092436974789916,0.8125,0.8329831932773109,-11.589198899526142,-11.843986375115248,-11.415958233290846
window=h48-54,hold_min_ge_runners,60,1464,192,0.13114754098360656,50,50,1.0,0.2604166666666667,7.625,72.56033037168817,61.832497767294555,-11.415958233290846
window=h48-54,hold_min_ge_runners,120,1464,192,0.13114754098360656,0,0,,0.0,,,,-11.415958233290846
window=h48-54,fast_winner_pattern,True,1464,192,0.13114754098360656,0,0,,0.0,,,,-11.415958233290846
window=h48-54,clean_no_underwater_30m_cover,True,1464,192,0.13114754098360656,0,0,,0.0,,,,-11.415958233290846
window=h48-54,net_bps_per_min_floor,0.05,1464,192,0.13114754098360656,176,176,1.0,0.9166666666666666,7.625,38.81317063609071,22.497099604521036,-11.415958233290846
window=h48-54,net_bps_per_min_floor,0.1,1464,192,0.13114754098360656,165,165,1.0,0.859375,7.625,41.23335539511578,29.10199043213919,-11.415958233290846
window=h48-54,net_bps_per_min_floor,0.2,1464,192,0.13114754098360656,152,152,1.0,0.7916666666666666,7.625,44.31313900180204,31.154850084115335,-11.415958233290846
window=h48-54,net_bps_per_min_floor,0.5,1464,192,0.13114754098360656,108,108,1.0,0.5625,7.625,56.328992771606686,47.44297769286183,-11.415958233290846
window=h54-60,cover_by_15m_TRUE,True,2255,231,0.1024390243902439,576,229,0.3975694444444444,0.9913419913419913,3.881035052910053,-1.1808997042963145,-2.787460394145047,-11.405736432539832
window=h54-60,cover_by_30m_TRUE,True,2255,231,0.1024390243902439,578,229,0.3961937716262976,0.9913419913419913,3.8676058658757624,-1.200879865789225,-2.8150263931400437,-11.405736432539832
window=h54-60,cover_by_60m_TRUE,True,2255,231,0.1024390243902439,578,229,0.3961937716262976,0.9913419913419913,3.8676058658757624,-1.200879865789225,-2.8150263931400437,-11.405736432539832
window=h54-60,ever_underwater_FALSE,True,2255,231,0.1024390243902439,14,12,0.8571428571428571,0.05194805194805195,8.36734693877551,21.43414593781593,25.63266109974214,-11.405736432539832
window=h54-60,reached_12bps_within_15m,True,2255,231,0.1024390243902439,417,218,0.5227817745803357,0.9437229437229437,5.103345894712801,1.3587024987780452,-1.4152054519976254,-11.405736432539832
window=h54-60,reached_12bps_within_30m,True,2255,231,0.1024390243902439,432,228,0.5277777777777778,0.987012987012987,5.152116402116403,1.242472592360967,-1.4463298384274186,-11.405736432539832
window=h54-60,reached_20bps_within_30m,True,2255,231,0.1024390243902439,241,193,0.8008298755186722,0.8354978354978355,7.8176249753013245,6.448848385013997,2.168991358549828,-11.405736432539832
window=h54-60,reached_20bps_within_60m,True,2255,231,0.1024390243902439,242,193,0.7975206611570248,0.8354978354978355,7.7853207398661946,6.379574396562903,2.168991358549828,-11.405736432539832
window=h54-60,volume_zscore_le,-0.5,2255,231,0.1024390243902439,851,88,0.10340775558166862,0.38095238095238093,1.0094566616305747,-11.684559555006386,-11.189886366713482,-11.405736432539832
window=h54-60,volume_zscore_le,-0.25,2255,231,0.1024390243902439,1463,147,0.10047846889952153,0.6363636363636364,0.9808612440191388,-11.675155058788183,-11.378111704213392,-11.405736432539832
window=h54-60,volume_zscore_le,0.0,2255,231,0.1024390243902439,1643,159,0.0967741935483871,0.6883116883116883,0.9447004608294931,-11.631553735869506,-11.400240282565196,-11.405736432539832
window=h54-60,volume_zscore_le,0.25,2255,231,0.1024390243902439,1751,177,0.1010850942318675,0.7662337662337663,0.986783062739659,-11.735314748780155,-11.531670416585738,-11.405736432539832
window=h54-60,volume_zscore_le,0.5,2255,231,0.1024390243902439,1805,177,0.09806094182825485,0.7662337662337663,0.957261574990107,-11.740909865616157,-11.531670416585738,-11.405736432539832
window=h54-60,nt_ratio_entry_vs_pre30_ge,1.0,2255,231,0.1024390243902439,726,86,0.1184573002754821,0.3722943722943723,1.156368883641611,-11.162242618411797,-10.809011286451383,-11.405736432539832
window=h54-60,nt_ratio_entry_vs_pre30_ge,1.5,2255,231,0.1024390243902439,438,50,0.1141552511415525,0.21645021645021645,1.1143726897151556,-11.319211944878107,-11.189886366713482,-11.405736432539832
window=h54-60,nt_ratio_entry_vs_pre30_ge,2.0,2255,231,0.1024390243902439,270,30,0.1111111111111111,0.12987012987012986,1.0846560846560847,-10.95659531422169,-10.165866625692171,-11.405736432539832
window=h54-60,nt_ratio_entry_vs_pre30_ge,3.0,2255,231,0.1024390243902439,150,19,0.12666666666666668,0.08225108225108226,1.2365079365079368,-10.882298236863608,-10.131333819847267,-11.405736432539832
window=h54-60,entry_imb_long_bid_ge,-0.2,2255,231,0.1024390243902439,0,0,,0.0,,,,-11.405736432539832
window=h54-60,entry_imb_long_bid_ge,0.0,2255,231,0.1024390243902439,0,0,,0.0,,,,-11.405736432539832
window=h54-60,entry_imb_long_bid_ge,0.2,2255,231,0.1024390243902439,0,0,,0.0,,,,-11.405736432539832
window=h54-60,entry_imb_long_bid_ge,0.5,2255,231,0.1024390243902439,0,0,,0.0,,,,-11.405736432539832
window=h54-60,entry_imb_short_ask_le,0.2,2255,231,0.1024390243902439,0,0,,0.0,,,,-11.405736432539832
window=h54-60,entry_imb_short_ask_le,0.0,2255,231,0.1024390243902439,0,0,,0.0,,,,-11.405736432539832
window=h54-60,entry_imb_short_ask_le,-0.2,2255,231,0.1024390243902439,0,0,,0.0,,,,-11.405736432539832
window=h54-60,entry_imb_short_ask_le,-0.5,2255,231,0.1024390243902439,0,0,,0.0,,,,-11.405736432539832
window=h54-60,pre5_buyvol_long_ge,0.5,2255,231,0.1024390243902439,744,87,0.11693548387096774,0.37662337662337664,1.1415130568356375,-11.96166522485041,-11.063623748552748,-11.405736432539832
window=h54-60,pre5_buyvol_long_ge,0.7,2255,231,0.1024390243902439,622,65,0.1045016077170418,0.2813852813852814,1.0201347419996938,-11.914958128699723,-11.047832121207673,-11.405736432539832
window=h54-60,pre5_buyvol_long_ge,0.9,2255,231,0.1024390243902439,500,52,0.104,0.22510822510822512,1.0152380952380953,-11.653690172315253,-10.972957461973376,-11.405736432539832
window=h54-60,pre5_buyvol_short_le,0.5,2255,231,0.1024390243902439,441,55,0.12471655328798185,0.23809523809523808,1.217471115430299,-9.903250120680381,-10.758958396232897,-11.405736432539832
window=h54-60,pre5_buyvol_short_le,0.3,2255,231,0.1024390243902439,321,41,0.1277258566978193,0.1774891774891775,1.2468476487168076,-9.286973812030439,-10.439139031718211,-11.405736432539832
window=h54-60,pre5_buyvol_short_le,0.1,2255,231,0.1024390243902439,192,17,0.08854166666666667,0.0735930735930736,0.8643353174603176,-10.665882480392794,-10.781525615702753,-11.405736432539832
window=h54-60,trade_present_score_ge,25,2255,231,0.1024390243902439,2159,224,0.10375173691523853,0.9696969696969697,1.0128145746487571,-11.59723504375528,-11.339702947096555,-11.405736432539832
window=h54-60,trade_present_score_ge,40,2255,231,0.1024390243902439,887,77,0.08680947012401354,0.3333333333333333,0.8474257797820369,-12.105831414530419,-11.82947570323421,-11.405736432539832
window=h54-60,trade_present_score_ge,55,2255,231,0.1024390243902439,587,53,0.09028960817717206,0.22943722943722944,0.8813985560152512,-12.217932726779084,-11.241060203826406,-11.405736432539832
window=h54-60,trade_present_score_ge,70,2255,231,0.1024390243902439,287,11,0.03832752613240418,0.047619047619047616,0.37414965986394555,-12.83468524998207,-11.378111704213392,-11.405736432539832
window=h54-60,dipole_long_pos_ge,0.0,2255,231,0.1024390243902439,1008,104,0.10317460317460317,0.45021645021645024,1.007180650037793,-12.723040597638393,-11.782517494395307,-11.405736432539832
window=h54-60,dipole_long_pos_ge,0.1,2255,231,0.1024390243902439,795,70,0.0880503144654088,0.30303030303030304,0.859538784067086,-13.273643148933049,-12.4010687649766,-11.405736432539832
window=h54-60,dipole_long_pos_ge,0.2,2255,231,0.1024390243902439,589,52,0.08828522920203735,0.22510822510822512,0.8618319993532219,-13.723536891630555,-13.140071307807357,-11.405736432539832
window=h54-60,dipole_short_neg_le,0.0,2255,231,0.1024390243902439,267,26,0.09737827715355805,0.11255411255411256,0.9505974674514001,-9.653149764170161,-11.531670416585738,-11.405736432539832
window=h54-60,dipole_short_neg_le,-0.1,2255,231,0.1024390243902439,112,15,0.13392857142857142,0.06493506493506493,1.3073979591836735,-7.632613439101069,-9.603761111604278,-11.405736432539832
window=h54-60,dipole_short_neg_le,-0.2,2255,231,0.1024390243902439,52,4,0.07692307692307693,0.017316017316017316,0.750915750915751,-10.45517931205322,-10.721082278043458,-11.405736432539832
window=h54-60,hold_min_le_avoid_chop,15,2255,231,0.1024390243902439,1995,36,0.01804511278195489,0.15584415584415584,0.1761546723952739,-13.81020465602852,-12.506698883590795,-11.405736432539832
window=h54-60,hold_min_le_avoid_chop,30,2255,231,0.1024390243902439,2163,157,0.07258437355524734,0.6796536796536796,0.7085617418488431,-12.526463082462412,-11.871377647750043,-11.405736432539832
window=h54-60,hold_min_le_avoid_chop,60,2255,231,0.1024390243902439,2241,219,0.09772423025435073,0.948051948051948,0.9539746286734239,-11.709236543406162,-11.485210517153888,-11.405736432539832
window=h54-60,hold_min_ge_runners,60,2255,231,0.1024390243902439,29,27,0.9310344827586207,0.11688311688311688,9.088669950738916,1.9518923258328553,-2.6290388806276255,-11.405736432539832
window=h54-60,hold_min_ge_runners,120,2255,231,0.1024390243902439,0,0,,0.0,,,,-11.405736432539832
window=h54-60,fast_winner_pattern,True,2255,231,0.1024390243902439,14,12,0.8571428571428571,0.05194805194805195,8.36734693877551,21.43414593781593,25.63266109974214,-11.405736432539832
window=h54-60,clean_no_underwater_30m_cover,True,2255,231,0.1024390243902439,14,12,0.8571428571428571,0.05194805194805195,8.36734693877551,21.43414593781593,25.63266109974214,-11.405736432539832
window=h54-60,net_bps_per_min_floor,0.05,2255,231,0.1024390243902439,142,142,1.0,0.6147186147186147,9.761904761904763,16.541010287921825,15.343626218807142,-11.405736432539832
window=h54-60,net_bps_per_min_floor,0.1,2255,231,0.1024390243902439,134,134,1.0,0.5800865800865801,9.761904761904763,17.39905013707357,16.41792679728448,-11.405736432539832
window=h54-60,net_bps_per_min_floor,0.2,2255,231,0.1024390243902439,124,124,1.0,0.5367965367965368,9.761904761904763,18.300188965567354,17.455276574272023,-11.405736432539832
window=h54-60,net_bps_per_min_floor,0.5,2255,231,0.1024390243902439,61,61,1.0,0.26406926406926406,9.761904761904763,23.708334398800243,20.88309140484006,-11.405736432539832
window=h6-12,cover_by_15m_TRUE,True,894,79,0.0883668903803132,199,79,0.3969849246231156,1.0,4.492462311557789,1.193388282909662,-2.3303154170891256,-12.211213340492781
window=h6-12,cover_by_30m_TRUE,True,894,79,0.0883668903803132,199,79,0.3969849246231156,1.0,4.492462311557789,1.193388282909662,-2.3303154170891256,-12.211213340492781
window=h6-12,cover_by_60m_TRUE,True,894,79,0.0883668903803132,199,79,0.3969849246231156,1.0,4.492462311557789,1.193388282909662,-2.3303154170891256,-12.211213340492781
window=h6-12,ever_underwater_FALSE,True,894,79,0.0883668903803132,0,0,,0.0,,,,-12.211213340492781
window=h6-12,reached_12bps_within_15m,True,894,79,0.0883668903803132,160,79,0.49375,1.0,5.5875,4.235921070053952,-1.3325093745012149,-12.211213340492781
window=h6-12,reached_12bps_within_30m,True,894,79,0.0883668903803132,160,79,0.49375,1.0,5.5875,4.235921070053952,-1.3325093745012149,-12.211213340492781
window=h6-12,reached_20bps_within_30m,True,894,79,0.0883668903803132,99,75,0.7575757575757576,0.9493670886075949,8.57307249712313,10.11946070426477,14.795950220231019,-12.211213340492781
window=h6-12,reached_20bps_within_60m,True,894,79,0.0883668903803132,99,75,0.7575757575757576,0.9493670886075949,8.57307249712313,10.11946070426477,14.795950220231019,-12.211213340492781
window=h6-12,volume_zscore_le,-0.5,894,79,0.0883668903803132,295,9,0.030508474576271188,0.11392405063291139,0.3452478009010942,-11.668241619512651,-12.25388793037143,-12.211213340492781
window=h6-12,volume_zscore_le,-0.25,894,79,0.0883668903803132,542,58,0.1070110701107011,0.7341772151898734,1.210986033910972,-11.509652897958999,-11.830811267563083,-12.211213340492781
window=h6-12,volume_zscore_le,0.0,894,79,0.0883668903803132,612,58,0.09477124183006536,0.7341772151898734,1.0724745594440308,-11.780637228517447,-12.25388793037143,-12.211213340492781
window=h6-12,volume_zscore_le,0.25,894,79,0.0883668903803132,658,63,0.09574468085106383,0.7974683544303798,1.0834904389981146,-12.04362268227078,-12.278031923186948,-12.211213340492781
window=h6-12,volume_zscore_le,0.5,894,79,0.0883668903803132,716,66,0.09217877094972067,0.8354430379746836,1.043136977582915,-11.997138017896383,-12.278031923186948,-12.211213340492781
window=h6-12,nt_ratio_entry_vs_pre30_ge,1.0,894,79,0.0883668903803132,240,24,0.1,0.3037974683544304,1.1316455696202532,-12.392059449347151,-12.80646806673276,-12.211213340492781
window=h6-12,nt_ratio_entry_vs_pre30_ge,1.5,894,79,0.0883668903803132,108,11,0.10185185185185185,0.13924050632911392,1.1526019690576652,-13.280658124354726,-13.630822495066997,-12.211213340492781
window=h6-12,nt_ratio_entry_vs_pre30_ge,2.0,894,79,0.0883668903803132,58,0,0.0,0.0,0.0,-13.170032415268047,-13.10893985218146,-12.211213340492781
window=h6-12,nt_ratio_entry_vs_pre30_ge,3.0,894,79,0.0883668903803132,46,0,0.0,0.0,0.0,-13.194125252077164,-12.000774995320164,-12.211213340492781
window=h6-12,entry_imb_long_bid_ge,-0.2,894,79,0.0883668903803132,0,0,,0.0,,,,-12.211213340492781
window=h6-12,entry_imb_long_bid_ge,0.0,894,79,0.0883668903803132,0,0,,0.0,,,,-12.211213340492781
window=h6-12,entry_imb_long_bid_ge,0.2,894,79,0.0883668903803132,0,0,,0.0,,,,-12.211213340492781
window=h6-12,entry_imb_long_bid_ge,0.5,894,79,0.0883668903803132,0,0,,0.0,,,,-12.211213340492781
window=h6-12,entry_imb_short_ask_le,0.2,894,79,0.0883668903803132,0,0,,0.0,,,,-12.211213340492781
window=h6-12,entry_imb_short_ask_le,0.0,894,79,0.0883668903803132,0,0,,0.0,,,,-12.211213340492781
window=h6-12,entry_imb_short_ask_le,-0.2,894,79,0.0883668903803132,0,0,,0.0,,,,-12.211213340492781
window=h6-12,entry_imb_short_ask_le,-0.5,894,79,0.0883668903803132,0,0,,0.0,,,,-12.211213340492781
window=h6-12,pre5_buyvol_long_ge,0.5,894,79,0.0883668903803132,233,11,0.04721030042918455,0.13924050632911392,0.5342532732112784,-12.180700568215835,-12.615140396888336,-12.211213340492781
window=h6-12,pre5_buyvol_long_ge,0.7,894,79,0.0883668903803132,197,5,0.025380710659898477,0.06329113924050633,0.2872196877208764,-13.248206597284163,-12.615140396888336,-12.211213340492781
window=h6-12,pre5_buyvol_long_ge,0.9,894,79,0.0883668903803132,150,3,0.02,0.0379746835443038,0.22632911392405064,-12.415472821003972,-12.25271906395906,-12.211213340492781
window=h6-12,pre5_buyvol_short_le,0.5,894,79,0.0883668903803132,197,15,0.07614213197969544,0.189873417721519,0.8616590631626294,-12.206696307841922,-11.61867517963061,-12.211213340492781
window=h6-12,pre5_buyvol_short_le,0.3,894,79,0.0883668903803132,148,10,0.06756756756756757,0.12658227848101267,0.7646253848785495,-12.538454657878232,-11.61867517963061,-12.211213340492781
window=h6-12,pre5_buyvol_short_le,0.1,894,79,0.0883668903803132,93,10,0.10752688172043011,0.12658227848101267,1.216823193140057,-12.131071245637838,-8.180761891409574,-12.211213340492781
window=h6-12,trade_present_score_ge,25,894,79,0.0883668903803132,858,79,0.09207459207459208,1.0,1.041958041958042,-11.855456609971498,-12.25271906395906,-12.211213340492781
window=h6-12,trade_present_score_ge,40,894,79,0.0883668903803132,353,39,0.11048158640226628,0.4936708860759494,1.2502599777674184,-11.205396345407873,-12.25271906395906,-12.211213340492781
window=h6-12,trade_present_score_ge,55,894,79,0.0883668903803132,213,10,0.046948356807511735,0.12658227848101267,0.5312889998217151,-13.047158495053933,-12.598374548996457,-12.211213340492781
window=h6-12,trade_present_score_ge,70,894,79,0.0883668903803132,105,0,0.0,0.0,0.0,-12.52332812792515,-12.805236689884438,-12.211213340492781
window=h6-12,dipole_long_pos_ge,0.0,894,79,0.0883668903803132,335,25,0.07462686567164178,0.31645569620253167,0.8445116191195918,-12.392204290182356,-13.652242204934275,-12.211213340492781
window=h6-12,dipole_long_pos_ge,0.1,894,79,0.0883668903803132,257,19,0.07392996108949416,0.24050632911392406,0.8366251292912378,-12.400466008921045,-12.805236689884438,-12.211213340492781
window=h6-12,dipole_long_pos_ge,0.2,894,79,0.0883668903803132,155,14,0.09032258064516129,0.17721518987341772,1.022131482237648,-11.148510813511773,-14.08359603430685,-12.211213340492781
window=h6-12,dipole_short_neg_le,0.0,894,79,0.0883668903803132,110,12,0.10909090909090909,0.1518987341772152,1.2345224395857306,-11.559718980228844,-12.512885067615873,-12.211213340492781
window=h6-12,dipole_short_neg_le,-0.1,894,79,0.0883668903803132,31,0,0.0,0.0,0.0,-14.55728755306876,-14.773594786280274,-12.211213340492781
window=h6-12,dipole_short_neg_le,-0.2,894,79,0.0883668903803132,27,0,0.0,0.0,0.0,-14.860161995358075,-18.851656252824867,-12.211213340492781
window=h6-12,hold_min_le_avoid_chop,15,894,79,0.0883668903803132,798,6,0.007518796992481203,0.0759493670886076,0.08508613305415437,-14.6087290799194,-12.8058523783086,-12.211213340492781
window=h6-12,hold_min_le_avoid_chop,30,894,79,0.0883668903803132,857,45,0.052508751458576426,0.569620253164557,0.5942129595438902,-13.208276812986298,-12.359487818288148,-12.211213340492781
window=h6-12,hold_min_le_avoid_chop,60,894,79,0.0883668903803132,884,69,0.07805429864253394,0.8734177215189873,0.8832980124863967,-12.43755265565431,-12.25388793037143,-12.211213340492781
window=h6-12,hold_min_ge_runners,60,894,79,0.0883668903803132,21,18,0.8571428571428571,0.22784810126582278,9.699819168173597,21.450677007447954,30.404946999526555,-12.211213340492781
window=h6-12,hold_min_ge_runners,120,894,79,0.0883668903803132,0,0,,0.0,,,,-12.211213340492781
window=h6-12,fast_winner_pattern,True,894,79,0.0883668903803132,0,0,,0.0,,,,-12.211213340492781
window=h6-12,clean_no_underwater_30m_cover,True,894,79,0.0883668903803132,0,0,,0.0,,,,-12.211213340492781
window=h6-12,net_bps_per_min_floor,0.05,894,79,0.0883668903803132,66,66,1.0,0.8354430379746836,11.316455696202532,18.558897723643717,16.36667910012935,-12.211213340492781
window=h6-12,net_bps_per_min_floor,0.1,894,79,0.0883668903803132,66,66,1.0,0.8354430379746836,11.316455696202532,18.558897723643717,16.36667910012935,-12.211213340492781
window=h6-12,net_bps_per_min_floor,0.2,894,79,0.0883668903803132,66,66,1.0,0.8354430379746836,11.316455696202532,18.558897723643717,16.36667910012935,-12.211213340492781
window=h6-12,net_bps_per_min_floor,0.5,894,79,0.0883668903803132,26,26,1.0,0.3291139240506329,11.316455696202532,18.194675224196416,17.26035255675228,-12.211213340492781
window=h60-66,cover_by_15m_TRUE,True,2790,270,0.0967741935483871,691,268,0.3878437047756874,0.9925925925925926,4.007718282682103,-0.3619296605810371,-2.8295790568532304,-11.515698311389524
window=h60-66,cover_by_30m_TRUE,True,2790,270,0.0967741935483871,696,270,0.3879310344827586,1.0,4.008620689655173,-0.48659036055380456,-2.8664794682125656,-11.515698311389524
window=h60-66,cover_by_60m_TRUE,True,2790,270,0.0967741935483871,696,270,0.3879310344827586,1.0,4.008620689655173,-0.48659036055380456,-2.8664794682125656,-11.515698311389524
window=h60-66,ever_underwater_FALSE,True,2790,270,0.0967741935483871,9,2,0.2222222222222222,0.007407407407407408,2.2962962962962963,-3.590671479683849,-2.412629613562614,-11.515698311389524
window=h60-66,reached_12bps_within_15m,True,2790,270,0.0967741935483871,573,260,0.4537521815008726,0.9629629629629629,4.688772542175684,0.9688559122840888,-2.35149804838624,-11.515698311389524
window=h60-66,reached_12bps_within_30m,True,2790,270,0.0967741935483871,586,270,0.46075085324232085,1.0,4.761092150170649,0.9900067638125014,-2.355377760207454,-11.515698311389524
window=h60-66,reached_20bps_within_30m,True,2790,270,0.0967741935483871,340,250,0.7352941176470589,0.9259259259259259,7.598039215686275,6.671347862356543,0.6417652926726145,-11.515698311389524
window=h60-66,reached_20bps_within_60m,True,2790,270,0.0967741935483871,343,253,0.7376093294460642,0.937037037037037,7.621963070942663,6.6685738325251975,1.2910426770594512,-11.515698311389524
window=h60-66,volume_zscore_le,-0.5,2790,270,0.0967741935483871,954,63,0.0660377358490566,0.23333333333333334,0.6823899371069182,-11.6848548445122,-11.801437094022411,-11.515698311389524
window=h60-66,volume_zscore_le,-0.25,2790,270,0.0967741935483871,1728,155,0.08969907407407407,0.5740740740740741,0.9268904320987654,-11.33844816934455,-11.718586786913683,-11.515698311389524
window=h60-66,volume_zscore_le,0.0,2790,270,0.0967741935483871,1986,183,0.09214501510574018,0.6777777777777778,0.9521651560926485,-11.41260028157075,-11.711001393606319,-11.515698311389524
window=h60-66,volume_zscore_le,0.25,2790,270,0.0967741935483871,2190,197,0.08995433789954338,0.7296296296296296,0.9295281582952816,-11.41255294712027,-11.657624629842633,-11.515698311389524
window=h60-66,volume_zscore_le,0.5,2790,270,0.0967741935483871,2304,205,0.08897569444444445,0.7592592592592593,0.9194155092592593,-11.440556770489941,-11.545100831791174,-11.515698311389524
window=h60-66,nt_ratio_entry_vs_pre30_ge,1.0,2790,270,0.0967741935483871,702,80,0.11396011396011396,0.2962962962962963,1.177587844254511,-12.354875533263515,-11.906550195593981,-11.515698311389524
window=h60-66,nt_ratio_entry_vs_pre30_ge,1.5,2790,270,0.0967741935483871,492,57,0.11585365853658537,0.2111111111111111,1.1971544715447155,-11.940825464732171,-12.258855199028659,-11.515698311389524
window=h60-66,nt_ratio_entry_vs_pre30_ge,2.0,2790,270,0.0967741935483871,324,50,0.15432098765432098,0.18518518518518517,1.5946502057613168,-11.352924779598347,-11.545100831791174,-11.515698311389524
window=h60-66,nt_ratio_entry_vs_pre30_ge,3.0,2790,270,0.0967741935483871,156,30,0.19230769230769232,0.1111111111111111,1.9871794871794874,-10.93345608602664,-11.741505505718099,-11.515698311389524
window=h60-66,entry_imb_long_bid_ge,-0.2,2790,270,0.0967741935483871,0,0,,0.0,,,,-11.515698311389524
window=h60-66,entry_imb_long_bid_ge,0.0,2790,270,0.0967741935483871,0,0,,0.0,,,,-11.515698311389524
window=h60-66,entry_imb_long_bid_ge,0.2,2790,270,0.0967741935483871,0,0,,0.0,,,,-11.515698311389524
window=h60-66,entry_imb_long_bid_ge,0.5,2790,270,0.0967741935483871,0,0,,0.0,,,,-11.515698311389524
window=h60-66,entry_imb_short_ask_le,0.2,2790,270,0.0967741935483871,0,0,,0.0,,,,-11.515698311389524
window=h60-66,entry_imb_short_ask_le,0.0,2790,270,0.0967741935483871,0,0,,0.0,,,,-11.515698311389524
window=h60-66,entry_imb_short_ask_le,-0.2,2790,270,0.0967741935483871,0,0,,0.0,,,,-11.515698311389524
window=h60-66,entry_imb_short_ask_le,-0.5,2790,270,0.0967741935483871,0,0,,0.0,,,,-11.515698311389524
window=h60-66,pre5_buyvol_long_ge,0.5,2790,270,0.0967741935483871,891,91,0.10213243546576879,0.337037037037037,1.0553684998129442,-10.31859266219298,-10.630094319351365,-11.515698311389524
window=h60-66,pre5_buyvol_long_ge,0.7,2790,270,0.0967741935483871,754,76,0.10079575596816977,0.2814814814814815,1.041556145004421,-10.063104031703125,-10.797435203035196,-11.515698311389524
window=h60-66,pre5_buyvol_long_ge,0.9,2790,270,0.0967741935483871,610,58,0.09508196721311475,0.21481481481481482,0.9825136612021858,-10.035938170426338,-11.397369790544008,-11.515698311389524
window=h60-66,pre5_buyvol_short_le,0.5,2790,270,0.0967741935483871,538,66,0.12267657992565056,0.24444444444444444,1.267657992565056,-9.950493586029308,-10.932135112036367,-11.515698311389524
window=h60-66,pre5_buyvol_short_le,0.3,2790,270,0.0967741935483871,415,52,0.12530120481927712,0.1925925925925926,1.2947791164658635,-10.199240353295531,-10.337065690410803,-11.515698311389524
window=h60-66,pre5_buyvol_short_le,0.1,2790,270,0.0967741935483871,243,34,0.13991769547325103,0.1259259259259259,1.4458161865569275,-9.142984285715361,-10.2750850298537,-11.515698311389524
window=h60-66,trade_present_score_ge,25,2790,270,0.0967741935483871,2736,265,0.09685672514619884,0.9814814814814815,1.0008528265107213,-11.429396263542843,-11.515698311389524,-11.515698311389524
window=h60-66,trade_present_score_ge,40,2790,270,0.0967741935483871,1140,108,0.09473684210526316,0.4,0.9789473684210527,-12.155197340905039,-11.734892020088768,-11.515698311389524
window=h60-66,trade_present_score_ge,55,2790,270,0.0967741935483871,798,73,0.09147869674185463,0.27037037037037037,0.9452798663324978,-12.057561769813393,-11.725200777677106,-11.515698311389524
window=h60-66,trade_present_score_ge,70,2790,270,0.0967741935483871,372,43,0.11559139784946236,0.15925925925925927,1.1944444444444444,-12.15783115951714,-11.545100831791174,-11.515698311389524
window=h60-66,dipole_long_pos_ge,0.0,2790,270,0.0967741935483871,1056,122,0.11553030303030302,0.45185185185185184,1.1938131313131313,-10.260876101258999,-11.486295790987876,-11.515698311389524
window=h60-66,dipole_long_pos_ge,0.1,2790,270,0.0967741935483871,755,94,0.12450331125827814,0.34814814814814815,1.2865342163355409,-9.732104358070151,-11.633969692082397,-11.515698311389524
window=h60-66,dipole_long_pos_ge,0.2,2790,270,0.0967741935483871,467,64,0.13704496788008566,0.23703703703703705,1.4161313347608853,-9.294282374530797,-12.02348997109512,-11.515698311389524
window=h60-66,dipole_short_neg_le,0.0,2790,270,0.0967741935483871,505,52,0.10297029702970296,0.1925925925925926,1.064026402640264,-11.076064890341724,-10.944104244112305,-11.515698311389524
window=h60-66,dipole_short_neg_le,-0.1,2790,270,0.0967741935483871,296,20,0.06756756756756757,0.07407407407407407,0.6981981981981983,-13.654309912746552,-11.978576986837158,-11.515698311389524
window=h60-66,dipole_short_neg_le,-0.2,2790,270,0.0967741935483871,147,12,0.08163265306122448,0.044444444444444446,0.8435374149659863,-13.989418853947383,-11.12259517870646,-11.515698311389524
window=h60-66,hold_min_le_avoid_chop,15,2790,270,0.0967741935483871,2506,37,0.014764565043894652,0.13703703703703704,0.15256717212024473,-13.95822933184358,-12.288592852413966,-11.515698311389524
window=h60-66,hold_min_le_avoid_chop,30,2790,270,0.0967741935483871,2690,194,0.07211895910780669,0.7185185185185186,0.7452292441140025,-12.174807276448133,-11.677961702244147,-11.515698311389524
window=h60-66,hold_min_le_avoid_chop,60,2790,270,0.0967741935483871,2761,256,0.09272002897500906,0.9481481481481482,0.9581069660750936,-11.387933043065141,-11.423339727975888,-11.515698311389524
window=h60-66,hold_min_ge_runners,60,2790,270,0.0967741935483871,44,29,0.6590909090909091,0.10740740740740741,6.8106060606060606,-6.541867493525673,-8.802673461882247,-11.515698311389524
window=h60-66,hold_min_ge_runners,120,2790,270,0.0967741935483871,4,3,0.75,0.011111111111111112,7.75,10.21704327498388,13.026219620127241,-11.515698311389524
window=h60-66,fast_winner_pattern,True,2790,270,0.0967741935483871,2,2,1.0,0.007407407407407408,10.333333333333334,-2.412629613562614,-2.412629613562614,-11.515698311389524
window=h60-66,clean_no_underwater_30m_cover,True,2790,270,0.0967741935483871,2,2,1.0,0.007407407407407408,10.333333333333334,-2.412629613562614,-2.412629613562614,-11.515698311389524
window=h60-66,net_bps_per_min_floor,0.05,2790,270,0.0967741935483871,176,176,1.0,0.6518518518518519,10.333333333333334,24.306880366174347,21.769974876876017,-11.515698311389524
window=h60-66,net_bps_per_min_floor,0.1,2790,270,0.0967741935483871,163,163,1.0,0.6037037037037037,10.333333333333334,26.10983817223679,23.056575881496467,-11.515698311389524
window=h60-66,net_bps_per_min_floor,0.2,2790,270,0.0967741935483871,141,141,1.0,0.5222222222222223,10.333333333333334,29.133132543249804,24.873917343535467,-11.515698311389524
window=h60-66,net_bps_per_min_floor,0.5,2790,270,0.0967741935483871,115,115,1.0,0.42592592592592593,10.333333333333334,32.50762033414918,30.80401229925518,-11.515698311389524
window=h66-72,cover_by_15m_TRUE,True,3383,343,0.10138929943836832,865,343,0.3965317919075145,1.0,3.910982658959538,-1.008490558700158,-3.4734529888856294,-11.529417565889108
window=h66-72,cover_by_30m_TRUE,True,3383,343,0.10138929943836832,865,343,0.3965317919075145,1.0,3.910982658959538,-1.008490558700158,-3.4734529888856294,-11.529417565889108
window=h66-72,cover_by_60m_TRUE,True,3383,343,0.10138929943836832,865,343,0.3965317919075145,1.0,3.910982658959538,-1.008490558700158,-3.4734529888856294,-11.529417565889108
window=h66-72,ever_underwater_FALSE,True,3383,343,0.10138929943836832,28,10,0.35714285714285715,0.029154518950437316,3.522490628904623,-2.4111121008902128,-2.1762663137164804,-11.529417565889108
window=h66-72,reached_12bps_within_15m,True,3383,343,0.10138929943836832,708,339,0.4788135593220339,0.9883381924198251,4.72252557197213,1.088943634512721,-2.1353694759802697,-11.529417565889108
window=h66-72,reached_12bps_within_30m,True,3383,343,0.10138929943836832,712,343,0.48174157303370785,1.0,4.751404494382022,1.0778845613787595,-2.097673634191363,-11.529417565889108
window=h66-72,reached_20bps_within_30m,True,3383,343,0.10138929943836832,412,319,0.7742718446601942,0.9300291545189504,7.636622887712644,7.495104546060893,2.994830732402452,-11.529417565889108
window=h66-72,reached_20bps_within_60m,True,3383,343,0.10138929943836832,418,325,0.777511961722488,0.9475218658892128,7.668580077280399,7.480328812640446,3.394374513370365,-11.529417565889108
window=h66-72,volume_zscore_le,-0.5,3383,343,0.10138929943836832,1307,97,0.07421576128538639,0.282798833819242,0.731988106205429,-11.09127923936792,-11.227432657193928,-11.529417565889108
window=h66-72,volume_zscore_le,-0.25,3383,343,0.10138929943836832,2081,178,0.08553580009610764,0.5189504373177842,0.8436373519683154,-11.113172988908508,-11.227432657193928,-11.529417565889108
window=h66-72,volume_zscore_le,0.0,3383,343,0.10138929943836832,2399,210,0.08753647353063776,0.6122448979591837,0.8633699415572814,-11.251487327475711,-11.299646425407888,-11.529417565889108
window=h66-72,volume_zscore_le,0.25,3383,343,0.10138929943836832,2603,234,0.08989627353054168,0.6822157434402333,0.8866445870373834,-11.202064942769672,-11.227432657193928,-11.529417565889108
window=h66-72,volume_zscore_le,0.5,3383,343,0.10138929943836832,2759,250,0.09061254077564335,0.7288629737609329,0.8937091120816368,-11.261363575813686,-11.319499281960383,-11.529417565889108
window=h66-72,nt_ratio_entry_vs_pre30_ge,1.0,3383,343,0.10138929943836832,1085,110,0.10138248847926268,0.3206997084548105,0.9999328236890543,-11.09741675024831,-11.406833302560377,-11.529417565889108
window=h66-72,nt_ratio_entry_vs_pre30_ge,1.5,3383,343,0.10138929943836832,720,80,0.1111111111111111,0.23323615160349853,1.0958859734369937,-11.623606717525707,-11.53518396792964,-11.529417565889108
window=h66-72,nt_ratio_entry_vs_pre30_ge,2.0,3383,343,0.10138929943836832,552,65,0.11775362318840579,0.18950437317784258,1.1614008957620314,-11.399348611646257,-11.113582214907886,-11.529417565889108
window=h66-72,nt_ratio_entry_vs_pre30_ge,3.0,3383,343,0.10138929943836832,288,25,0.08680555555555555,0.0728862973760933,0.8561609167476514,-12.548431524590887,-10.981300639658926,-11.529417565889108
window=h66-72,entry_imb_long_bid_ge,-0.2,3383,343,0.10138929943836832,304,9,0.029605263157894735,0.026239067055393587,0.2919959337118306,-11.831934397916928,-11.586732570462102,-11.529417565889108
window=h66-72,entry_imb_long_bid_ge,0.0,3383,343,0.10138929943836832,282,9,0.031914893617021274,0.026239067055393587,0.31477575832764715,-12.110352444882377,-11.836987560209224,-11.529417565889108
window=h66-72,entry_imb_long_bid_ge,0.2,3383,343,0.10138929943836832,258,9,0.03488372093023256,0.026239067055393587,0.3440572242185911,-11.78427198584357,-11.586957268039622,-11.529417565889108
window=h66-72,entry_imb_long_bid_ge,0.5,3383,343,0.10138929943836832,217,9,0.041474654377880185,0.026239067055393587,0.4090634278727949,-11.709993787981563,-11.836987560209224,-11.529417565889108
window=h66-72,entry_imb_short_ask_le,0.2,3383,343,0.10138929943836832,296,14,0.0472972972972973,0.04081632653061224,0.46649200220628795,-14.331437846008562,-11.299646425407888,-11.529417565889108
window=h66-72,entry_imb_short_ask_le,0.0,3383,343,0.10138929943836832,260,7,0.026923076923076925,0.02040816326530612,0.265541601255887,-14.963194493004382,-11.864739000262597,-11.529417565889108
window=h66-72,entry_imb_short_ask_le,-0.2,3383,343,0.10138929943836832,234,7,0.029914529914529916,0.02040816326530612,0.2950462236176522,-15.240129745275743,-12.246586463307901,-11.529417565889108
window=h66-72,entry_imb_short_ask_le,-0.5,3383,343,0.10138929943836832,189,3,0.015873015873015872,0.008746355685131196,0.15655513906242768,-14.69936282626168,-11.482891537217293,-11.529417565889108
window=h66-72,pre5_buyvol_long_ge,0.5,3383,343,0.10138929943836832,995,80,0.08040201005025126,0.23323615160349853,0.793002915451895,-13.683486008223522,-13.228531445693607,-11.529417565889108
window=h66-72,pre5_buyvol_long_ge,0.7,3383,343,0.10138929943836832,869,77,0.08860759493670886,0.22448979591836735,0.8739343838801343,-13.515091247618399,-13.325650336593014,-11.529417565889108
window=h66-72,pre5_buyvol_long_ge,0.9,3383,343,0.10138929943836832,636,61,0.0959119496855346,0.17784256559766765,0.9459770431083485,-13.350739243758724,-13.325650336593014,-11.529417565889108
window=h66-72,pre5_buyvol_short_le,0.5,3383,343,0.10138929943836832,714,58,0.08123249299719888,0.16909620991253643,0.8011939469665417,-11.811462414006373,-10.986252154774178,-11.529417565889108
window=h66-72,pre5_buyvol_short_le,0.3,3383,343,0.10138929943836832,553,42,0.0759493670886076,0.12244897959183673,0.7490866147544009,-11.086307513806732,-10.343810002448109,-11.529417565889108
window=h66-72,pre5_buyvol_short_le,0.1,3383,343,0.10138929943836832,360,25,0.06944444444444445,0.0728862973760933,0.6849287333981211,-10.283160698411972,-9.893349940062883,-11.529417565889108
window=h66-72,trade_present_score_ge,25,3383,343,0.10138929943836832,3257,336,0.10316241940435984,0.9795918367346939,1.0174882356995607,-11.274231691669339,-11.482891537217293,-11.529417565889108
window=h66-72,trade_present_score_ge,40,3383,343,0.10138929943836832,1302,138,0.10599078341013825,0.40233236151603496,1.0453843156749203,-10.915909701012705,-10.98718592856936,-11.529417565889108
window=h66-72,trade_present_score_ge,55,3383,343,0.10138929943836832,900,95,0.10555555555555556,0.27696793002915454,1.0410916747651442,-10.931243122959025,-10.86221718837206,-11.529417565889108
window=h66-72,trade_present_score_ge,70,3383,343,0.10138929943836832,372,45,0.12096774193548387,0.13119533527696792,1.1931016646289851,-11.430515817200956,-11.58516146730744,-11.529417565889108
window=h66-72,dipole_long_pos_ge,0.0,3383,343,0.10138929943836832,1053,91,0.08641975308641975,0.2653061224489796,0.8523557571176618,-12.762114256982068,-13.543071446162198,-11.529417565889108
window=h66-72,dipole_long_pos_ge,0.1,3383,343,0.10138929943836832,752,73,0.09707446808510638,0.21282798833819241,0.9574429315799267,-12.007257042993446,-12.748876264470503,-11.529417565889108
window=h66-72,dipole_long_pos_ge,0.2,3383,343,0.10138929943836832,521,64,0.12284069097888675,0.18658892128279883,1.2115745118996322,-11.93806892719076,-12.529334576245537,-11.529417565889108
window=h66-72,dipole_short_neg_le,0.0,3383,343,0.10138929943836832,766,84,0.10966057441253264,0.24489795918367346,1.0815793680396442,-11.879114192587886,-11.602643671378694,-11.529417565889108
window=h66-72,dipole_short_neg_le,-0.1,3383,343,0.10138929943836832,408,39,0.09558823529411764,0.11370262390670553,0.9427842565597666,-11.909427834455723,-12.294644712938442,-11.529417565889108
window=h66-72,dipole_short_neg_le,-0.2,3383,343,0.10138929943836832,200,13,0.065,0.037900874635568516,0.6410932944606414,-11.64338238979984,-11.620519822098329,-11.529417565889108
window=h66-72,hold_min_le_avoid_chop,15,3383,343,0.10138929943836832,3028,80,0.026420079260237782,0.23323615160349853,0.2605805485054939,-13.50472959629701,-12.431985208927124,-11.529417565889108
window=h66-72,hold_min_le_avoid_chop,30,3383,343,0.10138929943836832,3229,194,0.06008052028491793,0.565597667638484,0.592572595113345,-12.764773564613712,-12.083943510449505,-11.529417565889108
window=h66-72,hold_min_le_avoid_chop,60,3383,343,0.10138929943836832,3318,278,0.08378541289933696,0.8104956268221575,0.8263733289750931,-12.17184265252697,-11.78425352325608,-11.529417565889108
window=h66-72,hold_min_ge_runners,60,3383,343,0.10138929943836832,81,81,1.0,0.23615160349854228,9.862973760932944,32.40900708109388,26.166856679438993,-11.529417565889108
window=h66-72,hold_min_ge_runners,120,3383,343,0.10138929943836832,16,16,1.0,0.04664723032069971,9.862973760932944,57.730735040854825,55.82703211889418,-11.529417565889108
window=h66-72,fast_winner_pattern,True,3383,343,0.10138929943836832,19,10,0.5263157894736842,0.029154518950437316,5.191038821543654,0.1664689118591766,-0.5984221063005375,-11.529417565889108
window=h66-72,clean_no_underwater_30m_cover,True,3383,343,0.10138929943836832,19,10,0.5263157894736842,0.029154518950437316,5.191038821543654,0.1664689118591766,-0.5984221063005375,-11.529417565889108
window=h66-72,net_bps_per_min_floor,0.05,3383,343,0.10138929943836832,245,245,1.0,0.7142857142857143,9.862973760932944,17.628182819960816,14.178269406340329,-11.529417565889108
window=h66-72,net_bps_per_min_floor,0.1,3383,343,0.10138929943836832,222,222,1.0,0.6472303206997084,9.862973760932944,19.09361491160285,15.716184474617096,-11.529417565889108
window=h66-72,net_bps_per_min_floor,0.2,3383,343,0.10138929943836832,182,182,1.0,0.5306122448979592,9.862973760932944,22.311736876563696,18.507567087190743,-11.529417565889108
window=h66-72,net_bps_per_min_floor,0.5,3383,343,0.10138929943836832,67,67,1.0,0.19533527696793002,9.862973760932944,25.6654354033663,22.078868727115303,-11.529417565889108
window=h72-78,cover_by_15m_TRUE,True,3383,537,0.1587348507242093,1573,531,0.3375715193897012,0.9888268156424581,2.1266377096747844,-1.4260812037748398,-4.688768949312549,-12.245640016557058
window=h72-78,cover_by_30m_TRUE,True,3383,537,0.1587348507242093,1579,537,0.3400886637112096,1.0,2.1424952501583276,-1.3776482723691361,-4.635341967714716,-12.245640016557058
window=h72-78,cover_by_60m_TRUE,True,3383,537,0.1587348507242093,1579,537,0.3400886637112096,1.0,2.1424952501583276,-1.3776482723691361,-4.635341967714716,-12.245640016557058
window=h72-78,ever_underwater_FALSE,True,3383,537,0.1587348507242093,0,0,,0.0,,,,-12.245640016557058
window=h72-78,reached_12bps_within_15m,True,3383,537,0.1587348507242093,1305,531,0.4068965517241379,0.9888268156424581,2.5633725036922876,1.3955433657550906,-3.4450753439615625,-12.245640016557058
window=h72-78,reached_12bps_within_30m,True,3383,537,0.1587348507242093,1311,537,0.4096109839816934,1.0,2.5804729214340196,1.4409635421642641,-3.4385047040451164,-12.245640016557058
window=h72-78,reached_20bps_within_30m,True,3383,537,0.1587348507242093,825,535,0.6484848484848484,0.9962756052141527,4.085333784775125,8.641201128364411,1.1950468284510851,-12.245640016557058
window=h72-78,reached_20bps_within_60m,True,3383,537,0.1587348507242093,825,535,0.6484848484848484,0.9962756052141527,4.085333784775125,8.641201128364411,1.1950468284510851,-12.245640016557058
window=h72-78,volume_zscore_le,-0.5,3383,537,0.1587348507242093,1499,216,0.14409606404269512,0.4022346368715084,0.9077783699375002,-11.505833376064139,-12.218123883342471,-12.245640016557058
window=h72-78,volume_zscore_le,-0.25,3383,537,0.1587348507242093,2081,311,0.1494473810667948,0.5791433891992551,0.941490670668467,-11.717477292212115,-12.218123883342471,-12.245640016557058
window=h72-78,volume_zscore_le,0.0,3383,537,0.1587348507242093,2453,385,0.15695067264573992,0.7169459962756052,0.9887600103548196,-11.590151721077191,-12.151568376442656,-12.245640016557058
window=h72-78,volume_zscore_le,0.25,3383,537,0.1587348507242093,2651,421,0.15880799698227085,0.7839851024208566,1.0004608078045107,-11.471450942781363,-12.058898727862308,-12.245640016557058
window=h72-78,volume_zscore_le,0.5,3383,537,0.1587348507242093,2759,440,0.1594780717651323,0.819366852886406,1.0046821541553865,-11.542216422803437,-12.042358077170576,-12.245640016557058
window=h72-78,nt_ratio_entry_vs_pre30_ge,1.0,3383,537,0.1587348507242093,1104,193,0.17481884057971014,0.35940409683426444,1.1013261409332578,-11.252841408126534,-12.27854821052079,-12.245640016557058
window=h72-78,nt_ratio_entry_vs_pre30_ge,1.5,3383,537,0.1587348507242093,666,105,0.15765765765765766,0.19553072625698323,0.9932138842753367,-11.739270082726849,-13.033797406022668,-12.245640016557058
window=h72-78,nt_ratio_entry_vs_pre30_ge,2.0,3383,537,0.1587348507242093,414,60,0.14492753623188406,0.11173184357541899,0.9130164898928562,-12.072045677137236,-13.261986384316481,-12.245640016557058
window=h72-78,nt_ratio_entry_vs_pre30_ge,3.0,3383,537,0.1587348507242093,222,37,0.16666666666666666,0.06890130353817504,1.0499689633767846,-11.489447429949296,-13.700564569353865,-12.245640016557058
window=h72-78,entry_imb_long_bid_ge,-0.2,3383,537,0.1587348507242093,566,47,0.08303886925795052,0.08752327746741155,0.5231294128485039,-15.477674334408276,-14.872681054069814,-12.245640016557058
window=h72-78,entry_imb_long_bid_ge,0.0,3383,537,0.1587348507242093,503,47,0.09343936381709742,0.08752327746741155,0.588650591793744,-15.501499510419643,-14.90915689777373,-12.245640016557058
window=h72-78,entry_imb_long_bid_ge,0.2,3383,537,0.1587348507242093,468,45,0.09615384615384616,0.08379888268156424,0.605751325025068,-15.784701321757298,-15.39867840450334,-12.245640016557058
window=h72-78,entry_imb_long_bid_ge,0.5,3383,537,0.1587348507242093,393,36,0.0916030534351145,0.0670391061452514,0.5770821783444923,-16.274203685378698,-15.400149160569,-12.245640016557058
window=h72-78,entry_imb_short_ask_le,0.2,3383,537,0.1587348507242093,612,147,0.24019607843137256,0.2737430167597765,1.5131905648665425,-5.585680794787052,-10.347922474073634,-12.245640016557058
window=h72-78,entry_imb_short_ask_le,0.0,3383,537,0.1587348507242093,575,142,0.24695652173913044,0.2644320297951583,1.5557800987774268,-5.132578000743507,-10.52187520375515,-12.245640016557058
window=h72-78,entry_imb_short_ask_le,-0.2,3383,537,0.1587348507242093,512,129,0.251953125,0.24022346368715083,1.5872577688547485,-5.710930777732895,-10.972695031788756,-12.245640016557058
window=h72-78,entry_imb_short_ask_le,-0.5,3383,537,0.1587348507242093,406,103,0.2536945812807882,0.19180633147113593,1.5982286191301796,-6.368498721277481,-11.218710031062447,-12.245640016557058
window=h72-78,pre5_buyvol_long_ge,0.5,3383,537,0.1587348507242093,842,79,0.09382422802850356,0.14711359404096835,0.5910751646562896,-14.988408651117823,-12.827423457699233,-12.245640016557058
window=h72-78,pre5_buyvol_long_ge,0.7,3383,537,0.1587348507242093,642,55,0.08566978193146417,0.10242085661080075,0.5397036727637677,-14.787345820203136,-11.86792887354799,-12.245640016557058
window=h72-78,pre5_buyvol_long_ge,0.9,3383,537,0.1587348507242093,347,24,0.069164265129683,0.0446927374301676,0.4357219905655821,-16.31414289785796,-14.215328567716266,-12.245640016557058
window=h72-78,pre5_buyvol_short_le,0.5,3383,537,0.1587348507242093,867,209,0.24106113033448673,0.3891992551210428,1.518640230766422,-7.770165932267785,-9.694287784606074,-12.245640016557058
window=h72-78,pre5_buyvol_short_le,0.3,3383,537,0.1587348507242093,648,164,0.25308641975308643,0.3054003724394786,1.5943973147573396,-7.35687738724076,-9.342574568428178,-12.245640016557058
window=h72-78,pre5_buyvol_short_le,0.1,3383,537,0.1587348507242093,309,81,0.2621359223300971,0.15083798882681565,1.6514074957964961,-6.890452070355988,-8.913817586492904,-12.245640016557058
window=h72-78,trade_present_score_ge,25,3383,537,0.1587348507242093,3311,535,0.16158260344306857,0.9962756052141527,1.0179403118210446,-11.370988960523102,-12.171087951363042,-12.245640016557058
window=h72-78,trade_present_score_ge,40,3383,537,0.1587348507242093,1403,236,0.16821097647897362,0.43947858472998136,1.0596978276133477,-11.131131474407562,-11.608041485407806,-12.245640016557058
window=h72-78,trade_present_score_ge,55,3383,537,0.1587348507242093,1044,185,0.1772030651340996,0.34450651769087526,1.1163463116362364,-11.219131875362727,-11.316170279941066,-12.245640016557058
window=h72-78,trade_present_score_ge,70,3383,537,0.1587348507242093,558,100,0.17921146953405018,0.186219739292365,1.1289988853513813,-10.612201249981483,-10.972695031788756,-12.245640016557058
window=h72-78,dipole_long_pos_ge,0.0,3383,537,0.1587348507242093,1003,81,0.08075772681954138,0.15083798882681565,0.5087586402802765,-16.832055807660822,-15.988022081072057,-12.245640016557058
window=h72-78,dipole_long_pos_ge,0.1,3383,537,0.1587348507242093,724,56,0.07734806629834254,0.1042830540037244,0.4872784139428171,-17.273371813219192,-16.01326403820643,-12.245640016557058
window=h72-78,dipole_long_pos_ge,0.2,3383,537,0.1587348507242093,402,25,0.06218905472636816,0.04655493482309125,0.39177946394656143,-16.928469591374274,-15.988022081072057,-12.245640016557058
window=h72-78,dipole_short_neg_le,0.0,3383,537,0.1587348507242093,866,189,0.21824480369515012,0.35195530726256985,1.3749016217889998,-8.913554328459247,-11.550142279301253,-12.245640016557058
window=h72-78,dipole_short_neg_le,-0.1,3383,537,0.1587348507242093,616,147,0.23863636363636365,0.2737430167597765,1.503364652107669,-9.027090482677764,-11.3686108139125,-12.245640016557058
window=h72-78,dipole_short_neg_le,-0.2,3383,537,0.1587348507242093,362,81,0.22375690607734808,0.15083798882681565,1.4096268403345782,-10.587933717268186,-11.65952264552899,-12.245640016557058
window=h72-78,hold_min_le_avoid_chop,15,3383,537,0.1587348507242093,2923,160,0.05473828258638385,0.297951582867784,0.3448409869455057,-16.10890016873408,-14.340287924367075,-12.245640016557058
window=h72-78,hold_min_le_avoid_chop,30,3383,537,0.1587348507242093,3225,382,0.11844961240310077,0.7113594040968343,0.7462105004835938,-13.51187305760924,-13.033797406022668,-12.245640016557058
window=h72-78,hold_min_le_avoid_chop,60,3383,537,0.1587348507242093,3319,473,0.14251280506176559,0.8808193668528864,0.8978041331917187,-12.50018123401098,-12.431436612549497,-12.245640016557058
window=h72-78,hold_min_ge_runners,60,3383,537,0.1587348507242093,74,74,1.0,0.1378026070763501,6.299813780260707,39.052844175861274,38.0857680115426,-12.245640016557058
window=h72-78,hold_min_ge_runners,120,3383,537,0.1587348507242093,7,7,1.0,0.01303538175046555,6.299813780260707,60.59123498721948,56.45268754993086,-12.245640016557058
window=h72-78,fast_winner_pattern,True,3383,537,0.1587348507242093,0,0,,0.0,,,,-12.245640016557058
window=h72-78,clean_no_underwater_30m_cover,True,3383,537,0.1587348507242093,0,0,,0.0,,,,-12.245640016557058
window=h72-78,net_bps_per_min_floor,0.05,3383,537,0.1587348507242093,414,414,1.0,0.770949720670391,6.299813780260707,25.96920013650095,19.84901558220018,-12.245640016557058
window=h72-78,net_bps_per_min_floor,0.1,3383,537,0.1587348507242093,393,393,1.0,0.7318435754189944,6.299813780260707,27.26621645695586,21.029742978271837,-12.245640016557058
window=h72-78,net_bps_per_min_floor,0.2,3383,537,0.1587348507242093,362,362,1.0,0.6741154562383612,6.299813780260707,28.934231036378335,23.254332358456796,-12.245640016557058
window=h72-78,net_bps_per_min_floor,0.5,3383,537,0.1587348507242093,261,261,1.0,0.4860335195530726,6.299813780260707,33.62864758708646,27.393368606143806,-12.245640016557058
window=h78-84,cover_by_15m_TRUE,True,3384,261,0.07712765957446809,874,248,0.2837528604118993,0.9501915708812261,3.679002603961177,-3.7515094126586725,-4.138576600492293,-11.212849923464844
window=h78-84,cover_by_30m_TRUE,True,3384,261,0.07712765957446809,887,261,0.294250281848929,1.0,3.8151071025930103,-3.625369465665144,-4.019141846077645,-11.212849923464844
window=h78-84,cover_by_60m_TRUE,True,3384,261,0.07712765957446809,887,261,0.294250281848929,1.0,3.8151071025930103,-3.625369465665144,-4.019141846077645,-11.212849923464844
window=h78-84,ever_underwater_FALSE,True,3384,261,0.07712765957446809,21,3,0.14285714285714285,0.011494252873563218,1.8522167487684729,-2.648756614398336,-4.0764589264412585,-11.212849923464844
window=h78-84,reached_12bps_within_15m,True,3384,261,0.07712765957446809,681,244,0.35829662261380324,0.9348659003831418,4.645501038027242,-2.1860266157365067,-3.4995639471493636,-11.212849923464844
window=h78-84,reached_12bps_within_30m,True,3384,261,0.07712765957446809,698,261,0.37392550143266473,1.0,4.848137535816619,-2.0279080583193765,-3.053847364195107,-11.212849923464844
window=h78-84,reached_20bps_within_30m,True,3384,261,0.07712765957446809,433,232,0.535796766743649,0.8888888888888888,6.946882217090069,-0.1531850184746506,-1.4670832189575655,-11.212849923464844
window=h78-84,reached_20bps_within_60m,True,3384,261,0.07712765957446809,438,237,0.541095890410959,0.9080459770114943,7.015588096362778,-0.018549954312902073,-1.445271465770662,-11.212849923464844
window=h78-84,volume_zscore_le,-0.5,3384,261,0.07712765957446809,1440,112,0.07777777777777778,0.42911877394636017,1.0084291187739465,-11.678689418720781,-11.005510063184468,-11.212849923464844
window=h78-84,volume_zscore_le,-0.25,3384,261,0.07712765957446809,2268,191,0.08421516754850088,0.7318007662835249,1.0918932068357354,-11.661567734677993,-10.88636997538321,-11.212849923464844
window=h78-84,volume_zscore_le,0.0,3384,261,0.07712765957446809,2478,208,0.08393866020984665,0.7969348659003831,1.0883081461690463,-11.6394262067744,-11.004341869556065,-11.212849923464844
window=h78-84,volume_zscore_le,0.25,3384,261,0.07712765957446809,2646,216,0.08163265306122448,0.8275862068965517,1.0584095707248415,-11.707780718478507,-11.009955557315468,-11.212849923464844
window=h78-84,volume_zscore_le,0.5,3384,261,0.07712765957446809,2802,230,0.08208422555317631,0.8812260536398467,1.0642644416549756,-11.639342839028549,-11.009955557315468,-11.212849923464844
window=h78-84,nt_ratio_entry_vs_pre30_ge,1.0,3384,261,0.07712765957446809,1164,97,0.08333333333333333,0.3716475095785441,1.0804597701149425,-11.993872382980092,-11.91810976119703,-11.212849923464844
window=h78-84,nt_ratio_entry_vs_pre30_ge,1.5,3384,261,0.07712765957446809,798,65,0.08145363408521303,0.24904214559386972,1.056088497104831,-11.953715400095273,-11.064196912285096,-11.212849923464844
window=h78-84,nt_ratio_entry_vs_pre30_ge,2.0,3384,261,0.07712765957446809,558,43,0.07706093189964158,0.16475095785440613,0.9991348411815598,-11.776848942454915,-11.04592345737505,-11.212849923464844
window=h78-84,nt_ratio_entry_vs_pre30_ge,3.0,3384,261,0.07712765957446809,342,23,0.06725146198830409,0.08812260536398467,0.871949989917322,-12.470222710694298,-10.996604526209973,-11.212849923464844
window=h78-84,entry_imb_long_bid_ge,-0.2,3384,261,0.07712765957446809,572,39,0.06818181818181818,0.14942528735632185,0.8840125391849529,-12.184249702443871,-11.04592345737505,-11.212849923464844
window=h78-84,entry_imb_long_bid_ge,0.0,3384,261,0.07712765957446809,543,36,0.06629834254143646,0.13793103448275862,0.8595923032958659,-12.188144149832123,-11.064196912285096,-11.212849923464844
window=h78-84,entry_imb_long_bid_ge,0.2,3384,261,0.07712765957446809,486,33,0.06790123456790123,0.12643678160919541,0.8803746275010642,-12.503681594028635,-11.265339027989885,-11.212849923464844
window=h78-84,entry_imb_long_bid_ge,0.5,3384,261,0.07712765957446809,416,23,0.055288461538461536,0.08812260536398467,0.71684350132626,-13.257923960732745,-12.363153601798937,-11.212849923464844
window=h78-84,entry_imb_short_ask_le,0.2,3384,261,0.07712765957446809,582,45,0.07731958762886598,0.1724137931034483,1.0024884464984003,-10.841770199466023,-10.087364082177446,-11.212849923464844
window=h78-84,entry_imb_short_ask_le,0.0,3384,261,0.07712765957446809,528,42,0.07954545454545454,0.16091954022988506,1.031347962382445,-10.867874678607286,-10.087351304157947,-11.212849923464844
window=h78-84,entry_imb_short_ask_le,-0.2,3384,261,0.07712765957446809,500,39,0.078,0.14942528735632185,1.0113103448275862,-10.703720234402397,-9.869118166478092,-11.212849923464844
window=h78-84,entry_imb_short_ask_le,-0.5,3384,261,0.07712765957446809,417,33,0.07913669064748201,0.12643678160919541,1.0260481270156288,-10.464485465964064,-9.781576925091333,-11.212849923464844
window=h78-84,pre5_buyvol_long_ge,0.5,3384,261,0.07712765957446809,962,64,0.06652806652806653,0.24521072796934865,0.8625707936052764,-12.268607325013402,-11.335530776905625,-11.212849923464844
window=h78-84,pre5_buyvol_long_ge,0.7,3384,261,0.07712765957446809,765,54,0.07058823529411765,0.20689655172413793,0.9152129817444219,-12.264049617415445,-11.481944823803866,-11.212849923464844
window=h78-84,pre5_buyvol_long_ge,0.9,3384,261,0.07712765957446809,545,25,0.045871559633027525,0.09578544061302682,0.5947484973109776,-13.292581508386956,-12.207665554795796,-11.212849923464844
window=h78-84,pre5_buyvol_short_le,0.5,3384,261,0.07712765957446809,710,49,0.06901408450704226,0.18773946360153257,0.8948033025740652,-11.830702038559547,-10.828914664455585,-11.212849923464844
window=h78-84,pre5_buyvol_short_le,0.3,3384,261,0.07712765957446809,569,43,0.07557117750439367,0.16475095785440613,0.9798194048845524,-11.311737380753243,-10.559032969229355,-11.212849923464844
window=h78-84,pre5_buyvol_short_le,0.1,3384,261,0.07712765957446809,342,30,0.08771929824561403,0.11494252873563218,1.1373260738052027,-10.514473463598021,-9.440425527062223,-11.212849923464844
window=h78-84,trade_present_score_ge,25,3384,261,0.07712765957446809,3276,261,0.07967032967032966,1.0,1.0329670329670328,-11.689643096372908,-11.265140173454398,-11.212849923464844
window=h78-84,trade_present_score_ge,40,3384,261,0.07712765957446809,1248,94,0.07532051282051282,0.36015325670498083,0.9765694076038903,-11.469006122473894,-11.513444483238768,-11.212849923464844
window=h78-84,trade_present_score_ge,55,3384,261,0.07712765957446809,798,65,0.08145363408521303,0.24904214559386972,1.056088497104831,-11.621400279975171,-11.599765590473599,-11.212849923464844
window=h78-84,trade_present_score_ge,70,3384,261,0.07712765957446809,420,41,0.09761904761904762,0.15708812260536398,1.26568144499179,-12.33547273062202,-12.042386004844824,-11.212849923464844
window=h78-84,dipole_long_pos_ge,0.0,3384,261,0.07712765957446809,1283,64,0.04988308651597818,0.24521072796934865,0.6467600182761308,-12.4934420695124,-11.65775541113307,-11.212849923464844
window=h78-84,dipole_long_pos_ge,0.1,3384,261,0.07712765957446809,911,29,0.031833150384193196,0.1111111111111111,0.4127332601536773,-12.909021770073261,-12.226534347276214,-11.212849923464844
window=h78-84,dipole_long_pos_ge,0.2,3384,261,0.07712765957446809,618,23,0.0372168284789644,0.08812260536398467,0.4825354313134695,-13.130991139902655,-12.042386004844824,-11.212849923464844
window=h78-84,dipole_short_neg_le,0.0,3384,261,0.07712765957446809,599,33,0.05509181969949917,0.12643678160919541,0.7142939381728168,-13.124956019536839,-11.487244507597095,-11.212849923464844
window=h78-84,dipole_short_neg_le,-0.1,3384,261,0.07712765957446809,301,10,0.03322259136212625,0.038314176245210725,0.43074808110894724,-13.96393782028646,-11.78262217176359,-11.212849923464844
window=h78-84,dipole_short_neg_le,-0.2,3384,261,0.07712765957446809,104,6,0.057692307692307696,0.022988505747126436,0.7480106100795756,-11.43971027069053,-9.474468230660047,-11.212849923464844
window=h78-84,hold_min_le_avoid_chop,15,3384,261,0.07712765957446809,3095,61,0.019709208400646203,0.23371647509578544,0.25554008133251627,-13.106017433526647,-11.998067835451474,-11.212849923464844
window=h78-84,hold_min_le_avoid_chop,30,3384,261,0.07712765957446809,3255,156,0.047926267281105994,0.5977011494252874,0.6213888447481329,-12.50650853909805,-11.701177410687944,-11.212849923464844
window=h78-84,hold_min_le_avoid_chop,60,3384,261,0.07712765957446809,3335,224,0.06716641679160419,0.8582375478927203,0.870847334953213,-11.967632351586984,-11.335530776905625,-11.212849923464844
window=h78-84,hold_min_ge_runners,60,3384,261,0.07712765957446809,75,51,0.68,0.19540229885057472,8.816551724137932,6.739478180750574,5.681454024718468,-11.212849923464844
window=h78-84,hold_min_ge_runners,120,3384,261,0.07712765957446809,5,5,1.0,0.019157088122605363,12.96551724137931,11.955280046153321,12.369012920148684,-11.212849923464844
window=h78-84,fast_winner_pattern,True,3384,261,0.07712765957446809,12,3,0.25,0.011494252873563218,3.2413793103448274,-0.755063385111503,-1.3977517360931864,-11.212849923464844
window=h78-84,clean_no_underwater_30m_cover,True,3384,261,0.07712765957446809,12,3,0.25,0.011494252873563218,3.2413793103448274,-0.755063385111503,-1.3977517360931864,-11.212849923464844
window=h78-84,net_bps_per_min_floor,0.05,3384,261,0.07712765957446809,186,186,1.0,0.7126436781609196,12.96551724137931,12.24082538463,9.106371112374308,-11.212849923464844
window=h78-84,net_bps_per_min_floor,0.1,3384,261,0.07712765957446809,150,150,1.0,0.5747126436781609,12.96551724137931,14.17374501162856,14.54008582442816,-11.212849923464844
window=h78-84,net_bps_per_min_floor,0.2,3384,261,0.07712765957446809,116,116,1.0,0.4444444444444444,12.96551724137931,14.942693646779649,15.566417833967687,-11.212849923464844
window=h78-84,net_bps_per_min_floor,0.5,3384,261,0.07712765957446809,56,56,1.0,0.21455938697318008,12.96551724137931,19.731251270624114,19.1967596838181,-11.212849923464844
window=h84-90,cover_by_15m_TRUE,True,2177,142,0.06522737712448323,452,142,0.3141592920353982,1.0,4.816371681415929,-4.0452725543868535,-3.5763824206234514,-12.001200120013577
window=h84-90,cover_by_30m_TRUE,True,2177,142,0.06522737712448323,455,142,0.3120879120879121,1.0,4.7846153846153845,-4.028728453359976,-3.4422321561354545,-12.001200120013577
window=h84-90,cover_by_60m_TRUE,True,2177,142,0.06522737712448323,455,142,0.3120879120879121,1.0,4.7846153846153845,-4.028728453359976,-3.4422321561354545,-12.001200120013577
window=h84-90,ever_underwater_FALSE,True,2177,142,0.06522737712448323,17,2,0.11764705882352941,0.014084507042253521,1.8036454018227008,-8.63888403631669,-10.036430742728875,-12.001200120013577
window=h84-90,reached_12bps_within_15m,True,2177,142,0.06522737712448323,359,137,0.3816155988857939,0.9647887323943662,5.850543371650517,-2.924766298473088,-2.7830562527133527,-12.001200120013577
window=h84-90,reached_12bps_within_30m,True,2177,142,0.06522737712448323,369,142,0.38482384823848237,1.0,5.899728997289973,-2.7932876947811827,-2.664999653753016,-12.001200120013577
window=h84-90,reached_20bps_within_30m,True,2177,142,0.06522737712448323,225,135,0.6,0.9507042253521126,9.198591549295774,0.7273528038009807,-0.7590451975363823,-12.001200120013577
window=h84-90,reached_20bps_within_60m,True,2177,142,0.06522737712448323,225,135,0.6,0.9507042253521126,9.198591549295774,0.7273528038009807,-0.7590451975363823,-12.001200120013577
window=h84-90,volume_zscore_le,-0.5,2177,142,0.06522737712448323,672,60,0.08928571428571429,0.4225352112676056,1.3688380281690142,-12.411521754926264,-11.760277155433972,-12.001200120013577
window=h84-90,volume_zscore_le,-0.25,2177,142,0.06522737712448323,1319,104,0.07884761182714177,0.7323943661971831,1.2088116263921664,-11.986674299090577,-11.699131037599347,-12.001200120013577
window=h84-90,volume_zscore_le,0.0,2177,142,0.06522737712448323,1631,120,0.07357449417535254,0.8450704225352113,1.1279695339418485,-11.989403141152225,-11.760277155433972,-12.001200120013577
window=h84-90,volume_zscore_le,0.25,2177,142,0.06522737712448323,1739,123,0.07073030477285797,0.8661971830985915,1.0843653062712098,-12.116641171793502,-11.760277155433972,-12.001200120013577
window=h84-90,volume_zscore_le,0.5,2177,142,0.06522737712448323,1787,125,0.06994963626189143,0.8802816901408451,1.072396888324913,-12.162913479787099,-11.782033352230753,-12.001200120013577
window=h84-90,nt_ratio_entry_vs_pre30_ge,1.0,2177,142,0.06522737712448323,522,29,0.05555555555555555,0.20422535211267606,0.8517214397496088,-12.55166999468157,-12.54307926936125,-12.001200120013577
window=h84-90,nt_ratio_entry_vs_pre30_ge,1.5,2177,142,0.06522737712448323,372,25,0.06720430107526881,0.176056338028169,1.0303081932454945,-13.206986813843121,-12.908532053701006,-12.001200120013577
window=h84-90,nt_ratio_entry_vs_pre30_ge,2.0,2177,142,0.06522737712448323,210,5,0.023809523809523808,0.035211267605633804,0.36502347417840375,-12.670409036912778,-12.24005725059698,-12.001200120013577
window=h84-90,nt_ratio_entry_vs_pre30_ge,3.0,2177,142,0.06522737712448323,120,2,0.016666666666666666,0.014084507042253521,0.25551643192488266,-12.147590629797943,-11.760277155433972,-12.001200120013577
window=h84-90,entry_imb_long_bid_ge,-0.2,2177,142,0.06522737712448323,271,17,0.06273062730627306,0.11971830985915492,0.9617223637025102,-12.032073702214804,-12.459572523378359,-12.001200120013577
window=h84-90,entry_imb_long_bid_ge,0.0,2177,142,0.06522737712448323,241,13,0.05394190871369295,0.09154929577464789,0.8269826427444334,-11.992627496217105,-12.294637021351162,-12.001200120013577
window=h84-90,entry_imb_long_bid_ge,0.2,2177,142,0.06522737712448323,218,7,0.03211009174311927,0.04929577464788732,0.49227936425894825,-12.1662023478192,-12.294637021351162,-12.001200120013577
window=h84-90,entry_imb_long_bid_ge,0.5,2177,142,0.06522737712448323,194,5,0.02577319587628866,0.035211267605633804,0.3951285029766226,-11.723800106675377,-11.379923614397043,-12.001200120013577
window=h84-90,entry_imb_short_ask_le,0.2,2177,142,0.06522737712448323,264,20,0.07575757575757576,0.14084507042253522,1.1614383269312847,-10.377710810718604,-10.5921922313198,-12.001200120013577
window=h84-90,entry_imb_short_ask_le,0.0,2177,142,0.06522737712448323,233,16,0.06866952789699571,0.11267605633802817,1.0527715650123919,-10.17001662794011,-10.74451088193613,-12.001200120013577
window=h84-90,entry_imb_short_ask_le,-0.2,2177,142,0.06522737712448323,203,13,0.06403940886699508,0.09154929577464789,0.9817872753763964,-9.909858267465768,-10.439873580703471,-12.001200120013577
window=h84-90,entry_imb_short_ask_le,-0.5,2177,142,0.06522737712448323,181,13,0.0718232044198895,0.09154929577464789,1.1011205353668976,-9.914093425079711,-9.9245937635028,-12.001200120013577
window=h84-90,pre5_buyvol_long_ge,0.5,2177,142,0.06522737712448323,622,34,0.05466237942122187,0.23943661971830985,0.8380281690140846,-13.061752571652065,-13.32507381257125,-12.001200120013577
window=h84-90,pre5_buyvol_long_ge,0.7,2177,142,0.06522737712448323,505,31,0.061386138613861385,0.21830985915492956,0.9411100264956073,-12.569064893421412,-12.459572523378359,-12.001200120013577
window=h84-90,pre5_buyvol_long_ge,0.9,2177,142,0.06522737712448323,373,29,0.0777479892761394,0.20422535211267606,1.1919533285503907,-12.625148405307273,-13.402324535621167,-12.001200120013577
window=h84-90,pre5_buyvol_short_le,0.5,2177,142,0.06522737712448323,464,42,0.09051724137931035,0.29577464788732394,1.3877185526954834,-11.464675599441632,-10.72078198916529,-12.001200120013577
window=h84-90,pre5_buyvol_short_le,0.3,2177,142,0.06522737712448323,368,35,0.09510869565217392,0.24647887323943662,1.4581100734843846,-10.829111688535832,-10.325900165242851,-12.001200120013577
window=h84-90,pre5_buyvol_short_le,0.1,2177,142,0.06522737712448323,228,25,0.10964912280701754,0.176056338028169,1.6810291574005436,-10.860518963743862,-10.261213867520569,-12.001200120013577
window=h84-90,trade_present_score_ge,25,2177,142,0.06522737712448323,2117,138,0.06518658478979689,0.971830985915493,0.9993746132914636,-12.09411503751443,-11.998800119989575,-12.001200120013577
window=h84-90,trade_present_score_ge,40,2177,142,0.06522737712448323,798,33,0.041353383458646614,0.2323943661971831,0.6339881393624908,-12.00430999623792,-11.447666694435965,-12.001200120013577
window=h84-90,trade_present_score_ge,55,2177,142,0.06522737712448323,492,15,0.03048780487804878,0.1056338028169014,0.46740810717966336,-11.460482361162402,-11.104816646860671,-12.001200120013577
window=h84-90,trade_present_score_ge,70,2177,142,0.06522737712448323,180,9,0.05,0.06338028169014084,0.7665492957746479,-11.56723189646927,-11.151972241161527,-12.001200120013577
window=h84-90,dipole_long_pos_ge,0.0,2177,142,0.06522737712448323,843,33,0.03914590747330961,0.2323943661971831,0.6001453561225001,-13.971759385197615,-13.914061676561996,-12.001200120013577
window=h84-90,dipole_long_pos_ge,0.1,2177,142,0.06522737712448323,585,23,0.039316239316239315,0.1619718309859155,0.6027567112074155,-14.278285898874552,-13.942452675242254,-12.001200120013577
window=h84-90,dipole_long_pos_ge,0.2,2177,142,0.06522737712448323,428,13,0.030373831775700934,0.09154929577464789,0.4656607871528235,-13.639970272565451,-13.402324535621167,-12.001200120013577
window=h84-90,dipole_short_neg_le,0.0,2177,142,0.06522737712448323,338,23,0.06804733727810651,0.1619718309859155,1.04323276939745,-13.378383939826946,-13.408725721928825,-12.001200120013577
window=h84-90,dipole_short_neg_le,-0.1,2177,142,0.06522737712448323,170,3,0.01764705882352941,0.02112676056338028,0.27054681027340516,-12.4513943623826,-12.648736724449137,-12.001200120013577
window=h84-90,dipole_short_neg_le,-0.2,2177,142,0.06522737712448323,93,3,0.03225806451612903,0.02112676056338028,0.49454793275783737,-12.72697283175646,-12.302597490794579,-12.001200120013577
window=h84-90,hold_min_le_avoid_chop,15,2177,142,0.06522737712448323,1941,17,0.008758371973209686,0.11971830985915492,0.13427447736392595,-13.40947049374143,-12.59190584780237,-12.001200120013577
window=h84-90,hold_min_le_avoid_chop,30,2177,142,0.06522737712448323,2043,71,0.034752814488497305,0.5,0.5327949094468918,-12.873727678384837,-12.351618290495034,-12.001200120013577
window=h84-90,hold_min_le_avoid_chop,60,2177,142,0.06522737712448323,2095,108,0.051551312649164675,0.7605633802816901,0.7903324481495176,-12.47392217808557,-12.104220797714635,-12.001200120013577
window=h84-90,hold_min_ge_runners,60,2177,142,0.06522737712448323,85,37,0.43529411764705883,0.2605633802816901,6.673487986743994,-1.4978992171504601,-6.14058774021554,-12.001200120013577
window=h84-90,hold_min_ge_runners,120,2177,142,0.06522737712448323,35,11,0.3142857142857143,0.07746478873239436,4.81830985915493,-4.724194964886368,-12.014608838917335,-12.001200120013577
window=h84-90,fast_winner_pattern,True,2177,142,0.06522737712448323,2,2,1.0,0.014084507042253521,15.330985915492958,-5.186947207948776,-5.186947207948776,-12.001200120013577
window=h84-90,clean_no_underwater_30m_cover,True,2177,142,0.06522737712448323,2,2,1.0,0.014084507042253521,15.330985915492958,-5.186947207948776,-5.186947207948776,-12.001200120013577
window=h84-90,net_bps_per_min_floor,0.05,2177,142,0.06522737712448323,85,85,1.0,0.5985915492957746,15.330985915492958,13.298169933922646,8.385685190224923,-12.001200120013577
window=h84-90,net_bps_per_min_floor,0.1,2177,142,0.06522737712448323,72,72,1.0,0.5070422535211268,15.330985915492958,14.688223868399609,14.982229665156513,-12.001200120013577
window=h84-90,net_bps_per_min_floor,0.2,2177,142,0.06522737712448323,56,56,1.0,0.39436619718309857,15.330985915492958,16.754823144387686,17.68520658069115,-12.001200120013577
window=h84-90,net_bps_per_min_floor,0.5,2177,142,0.06522737712448323,19,19,1.0,0.13380281690140844,15.330985915492958,22.93126394999198,19.71293762238202,-12.001200120013577
window=h90-96,cover_by_15m_TRUE,True,3192,288,0.09022556390977443,818,266,0.3251833740831296,0.9236111111111112,3.6041157294213533,-1.2659127205129628,-3.638869974895421,-10.70132089110799
window=h90-96,cover_by_30m_TRUE,True,3192,288,0.09022556390977443,820,268,0.32682926829268294,0.9305555555555556,3.622357723577236,-1.258047691900127,-3.638869974895421,-10.70132089110799
window=h90-96,cover_by_60m_TRUE,True,3192,288,0.09022556390977443,820,268,0.32682926829268294,0.9305555555555556,3.622357723577236,-1.258047691900127,-3.638869974895421,-10.70132089110799
window=h90-96,ever_underwater_FALSE,True,3192,288,0.09022556390977443,14,9,0.6428571428571429,0.03125,7.125000000000001,7.301141360719611,10.224211563731455,-10.70132089110799
window=h90-96,reached_12bps_within_15m,True,3192,288,0.09022556390977443,631,248,0.393026941362916,0.8611111111111112,4.356048600105653,0.27351097901631055,-2.6033472809043303,-10.70132089110799
window=h90-96,reached_12bps_within_30m,True,3192,288,0.09022556390977443,633,250,0.3949447077409163,0.8680555555555556,4.377303844128489,0.2788355857516451,-2.6033472809043303,-10.70132089110799
window=h90-96,reached_20bps_within_30m,True,3192,288,0.09022556390977443,321,230,0.7165109034267912,0.7986111111111112,7.941329179646937,7.81060756865979,6.298835731834995,-10.70132089110799
window=h90-96,reached_20bps_within_60m,True,3192,288,0.09022556390977443,328,237,0.7225609756097561,0.8229166666666666,8.008384146341463,8.145407059826065,6.446066506205599,-10.70132089110799
window=h90-96,volume_zscore_le,-0.5,3192,288,0.09022556390977443,1302,146,0.11213517665130568,0.5069444444444444,1.242831541218638,-10.410243387735179,-10.560731468178144,-10.70132089110799
window=h90-96,volume_zscore_le,-0.25,3192,288,0.09022556390977443,2160,223,0.10324074074074074,0.7743055555555556,1.1442515432098765,-10.41570934687804,-10.560731468178144,-10.70132089110799
window=h90-96,volume_zscore_le,0.0,3192,288,0.09022556390977443,2424,243,0.10024752475247525,0.84375,1.1110767326732673,-10.19047915178082,-10.537670795875993,-10.70132089110799
window=h90-96,volume_zscore_le,0.25,3192,288,0.09022556390977443,2568,251,0.09774143302180685,0.8715277777777778,1.0833008826583592,-10.350073666131541,-10.655878249006408,-10.70132089110799
window=h90-96,volume_zscore_le,0.5,3192,288,0.09022556390977443,2622,257,0.09801678108314264,0.8923611111111112,1.086352657004831,-10.255460785223988,-10.703078824689054,-10.70132089110799
window=h90-96,nt_ratio_entry_vs_pre30_ge,1.0,3192,288,0.09022556390977443,1002,86,0.08582834331337326,0.2986111111111111,0.951264138389887,-10.750979400371497,-10.75729236561913,-10.70132089110799
window=h90-96,nt_ratio_entry_vs_pre30_ge,1.5,3192,288,0.09022556390977443,684,41,0.059941520467836254,0.1423611111111111,0.6643518518518519,-11.191273854358835,-11.474581076092884,-10.70132089110799
window=h90-96,nt_ratio_entry_vs_pre30_ge,2.0,3192,288,0.09022556390977443,420,20,0.047619047619047616,0.06944444444444445,0.5277777777777778,-11.103340121222214,-11.685314459772325,-10.70132089110799
window=h90-96,nt_ratio_entry_vs_pre30_ge,3.0,3192,288,0.09022556390977443,228,8,0.03508771929824561,0.027777777777777776,0.3888888888888889,-11.440822409202683,-10.603297497422892,-10.70132089110799
window=h90-96,entry_imb_long_bid_ge,-0.2,3192,288,0.09022556390977443,585,82,0.14017094017094017,0.2847222222222222,1.5535612535612537,-7.0617922479533775,-9.498277603830058,-10.70132089110799
window=h90-96,entry_imb_long_bid_ge,0.0,3192,288,0.09022556390977443,513,71,0.13840155945419103,0.2465277777777778,1.5339506172839505,-7.1407576746276,-9.632566354950114,-10.70132089110799
window=h90-96,entry_imb_long_bid_ge,0.2,3192,288,0.09022556390977443,468,64,0.13675213675213677,0.2222222222222222,1.515669515669516,-6.901823749478695,-9.498277603830058,-10.70132089110799
window=h90-96,entry_imb_long_bid_ge,0.5,3192,288,0.09022556390977443,392,64,0.16326530612244897,0.2222222222222222,1.8095238095238095,-6.127565117796055,-9.157438464938142,-10.70132089110799
window=h90-96,entry_imb_short_ask_le,0.2,3192,288,0.09022556390977443,461,29,0.06290672451193059,0.10069444444444445,0.6972161966738974,-11.262510438183897,-11.135452950264792,-10.70132089110799
window=h90-96,entry_imb_short_ask_le,0.0,3192,288,0.09022556390977443,416,23,0.055288461538461536,0.0798611111111111,0.6127804487179487,-11.771329926640961,-11.460480181890098,-10.70132089110799
window=h90-96,entry_imb_short_ask_le,-0.2,3192,288,0.09022556390977443,350,21,0.06,0.07291666666666667,0.665,-10.786985357750673,-10.923248674593115,-10.70132089110799
window=h90-96,entry_imb_short_ask_le,-0.5,3192,288,0.09022556390977443,283,13,0.045936395759717315,0.04513888888888889,0.509128386336867,-10.695242853777463,-10.185328956583794,-10.70132089110799
window=h90-96,pre5_buyvol_long_ge,0.5,3192,288,0.09022556390977443,1052,132,0.12547528517110265,0.4583333333333333,1.3906844106463878,-8.29282284276969,-10.042266604779499,-10.70132089110799
window=h90-96,pre5_buyvol_long_ge,0.7,3192,288,0.09022556390977443,877,119,0.13568985176738882,0.4131944444444444,1.5038958570885594,-7.5479263550543,-10.042266604779499,-10.70132089110799
window=h90-96,pre5_buyvol_long_ge,0.9,3192,288,0.09022556390977443,637,100,0.15698587127158556,0.3472222222222222,1.73992673992674,-6.586696107535683,-9.302305289425032,-10.70132089110799
window=h90-96,pre5_buyvol_short_le,0.5,3192,288,0.09022556390977443,564,47,0.08333333333333333,0.16319444444444445,0.9236111111111112,-12.381369294464225,-12.558177120557282,-10.70132089110799
window=h90-96,pre5_buyvol_short_le,0.3,3192,288,0.09022556390977443,454,39,0.08590308370044053,0.13541666666666666,0.9520925110132159,-12.26257663840162,-12.045795435417487,-10.70132089110799
window=h90-96,pre5_buyvol_short_le,0.1,3192,288,0.09022556390977443,287,23,0.08013937282229965,0.0798611111111111,0.8882113821138211,-12.391233953524225,-12.459765115267508,-10.70132089110799
window=h90-96,trade_present_score_ge,25,3192,288,0.09022556390977443,3150,283,0.08984126984126985,0.9826388888888888,0.9957407407407408,-10.4476963261525,-10.689010761978102,-10.70132089110799
window=h90-96,trade_present_score_ge,40,3192,288,0.09022556390977443,1614,168,0.10408921933085502,0.5833333333333334,1.1536555142503098,-9.777580277351985,-10.272827420199759,-10.70132089110799
window=h90-96,trade_present_score_ge,55,3192,288,0.09022556390977443,1176,127,0.10799319727891156,0.4409722222222222,1.1969246031746033,-9.648428011791164,-10.131435910474545,-10.70132089110799
window=h90-96,trade_present_score_ge,70,3192,288,0.09022556390977443,522,58,0.1111111111111111,0.2013888888888889,1.2314814814814814,-9.263947584000995,-10.285451714506666,-10.70132089110799
window=h90-96,dipole_long_pos_ge,0.0,3192,288,0.09022556390977443,1351,176,0.13027387120651368,0.6111111111111112,1.4438687392055267,-8.16763636144653,-9.498277603830058,-10.70132089110799
window=h90-96,dipole_long_pos_ge,0.1,3192,288,0.09022556390977443,1111,163,0.1467146714671467,0.5659722222222222,1.626087608760876,-7.724174392763736,-9.302305289425032,-10.70132089110799
window=h90-96,dipole_long_pos_ge,0.2,3192,288,0.09022556390977443,849,128,0.15076560659599528,0.4444444444444444,1.6709854731056144,-7.418740751889717,-9.150906592345894,-10.70132089110799
window=h90-96,dipole_short_neg_le,0.0,3192,288,0.09022556390977443,389,31,0.07969151670951156,0.1076388888888889,0.8832476435304198,-13.218752085722906,-11.801502800005984,-10.70132089110799
window=h90-96,dipole_short_neg_le,-0.1,3192,288,0.09022556390977443,174,16,0.09195402298850575,0.05555555555555555,1.0191570881226053,-12.336278093155451,-11.107295562553878,-10.70132089110799
window=h90-96,dipole_short_neg_le,-0.2,3192,288,0.09022556390977443,71,8,0.11267605633802817,0.027777777777777776,1.2488262910798122,-14.116609589991462,-12.160174890487248,-10.70132089110799
window=h90-96,hold_min_le_avoid_chop,15,3192,288,0.09022556390977443,2908,56,0.01925722145804677,0.19444444444444445,0.2134342044933517,-12.64465416965997,-11.445051115705127,-10.70132089110799
window=h90-96,hold_min_le_avoid_chop,30,3192,288,0.09022556390977443,3056,159,0.05202879581151833,0.5520833333333334,0.5766524869109948,-11.962756500503842,-11.092997696323291,-10.70132089110799
window=h90-96,hold_min_le_avoid_chop,60,3192,288,0.09022556390977443,3108,204,0.06563706563706563,0.7083333333333334,0.7274774774774775,-11.710847247062164,-10.90999326384836,-10.70132089110799
window=h90-96,hold_min_ge_runners,60,3192,288,0.09022556390977443,104,104,1.0,0.3611111111111111,11.083333333333334,29.354688215360728,30.98493027643938,-10.70132089110799
window=h90-96,hold_min_ge_runners,120,3192,288,0.09022556390977443,10,10,1.0,0.034722222222222224,11.083333333333334,49.498798775733604,58.049480734068666,-10.70132089110799
window=h90-96,fast_winner_pattern,True,3192,288,0.09022556390977443,11,9,0.8181818181818182,0.03125,9.06818181818182,11.945835847313832,10.227012155058656,-10.70132089110799
window=h90-96,clean_no_underwater_30m_cover,True,3192,288,0.09022556390977443,11,9,0.8181818181818182,0.03125,9.06818181818182,11.945835847313832,10.227012155058656,-10.70132089110799
window=h90-96,net_bps_per_min_floor,0.05,3192,288,0.09022556390977443,233,233,1.0,0.8090277777777778,11.083333333333334,18.583684913104822,11.525988478660608,-10.70132089110799
window=h90-96,net_bps_per_min_floor,0.1,3192,288,0.09022556390977443,231,231,1.0,0.8020833333333334,11.083333333333334,18.72172869342708,11.525988478660608,-10.70132089110799
window=h90-96,net_bps_per_min_floor,0.2,3192,288,0.09022556390977443,206,206,1.0,0.7152777777777778,11.083333333333334,20.019916335102806,14.08037622751921,-10.70132089110799
window=h90-96,net_bps_per_min_floor,0.5,3192,288,0.09022556390977443,85,85,1.0,0.2951388888888889,11.083333333333334,20.376120685502283,11.525988478660608,-10.70132089110799
window=h96-102,cover_by_15m_TRUE,True,3077,529,0.17192070198245044,1348,529,0.39243323442136496,1.0,2.2826409495548963,-1.7501603620136836,-4.148390002251382,-11.998800119987905
window=h96-102,cover_by_30m_TRUE,True,3077,529,0.17192070198245044,1348,529,0.39243323442136496,1.0,2.2826409495548963,-1.7501603620136836,-4.148390002251382,-11.998800119987905
window=h96-102,cover_by_60m_TRUE,True,3077,529,0.17192070198245044,1348,529,0.39243323442136496,1.0,2.2826409495548963,-1.7501603620136836,-4.148390002251382,-11.998800119987905
window=h96-102,ever_underwater_FALSE,True,3077,529,0.17192070198245044,3,0,0.0,0.0,0.0,-4.826262516907664,-4.826262516907664,-11.998800119987905
window=h96-102,reached_12bps_within_15m,True,3077,529,0.17192070198245044,1107,529,0.4778681120144535,1.0,2.779584462511292,1.0915433499896796,-2.347533041306338,-11.998800119987905
window=h96-102,reached_12bps_within_30m,True,3077,529,0.17192070198245044,1110,529,0.4765765765765766,1.0,2.7720720720720724,1.0840826170640752,-2.3449416867468535,-11.998800119987905
window=h96-102,reached_20bps_within_30m,True,3077,529,0.17192070198245044,703,504,0.716927453769559,0.9527410207939508,4.1701054352531814,8.283811413418626,3.6393713204636686,-11.998800119987905
window=h96-102,reached_20bps_within_60m,True,3077,529,0.17192070198245044,710,504,0.7098591549295775,0.9527410207939508,4.128991719694348,8.181531766185014,3.3461162615893034,-11.998800119987905
window=h96-102,volume_zscore_le,-0.5,3077,529,0.17192070198245044,1301,230,0.1767870868562644,0.43478260869565216,1.0283059853624301,-11.763429771076662,-11.869544931052072,-11.998800119987905
window=h96-102,volume_zscore_le,-0.25,3077,529,0.17192070198245044,1769,317,0.17919728660260034,0.5992438563327032,1.042325237951231,-11.271790156491134,-11.869544931052072,-11.998800119987905
window=h96-102,volume_zscore_le,0.0,3077,529,0.17192070198245044,2045,360,0.17603911980440098,0.6805293005671077,1.0239553339095309,-11.231670577494057,-11.779113366487142,-11.998800119987905
window=h96-102,volume_zscore_le,0.25,3077,529,0.17192070198245044,2255,403,0.1787139689578714,0.7618147448015122,1.0395139555451234,-11.280319931481692,-11.746638223828825,-11.998800119987905
window=h96-102,volume_zscore_le,0.5,3077,529,0.17192070198245044,2417,427,0.1766652875465453,0.8071833648393195,1.0275975232149714,-11.353994879536938,-11.746638223828825,-11.998800119987905
window=h96-102,nt_ratio_entry_vs_pre30_ge,1.0,3077,529,0.17192070198245044,1164,219,0.18814432989690721,0.41398865784499056,1.0943669245610275,-9.900578486063782,-12.06776437628282,-11.998800119987905
window=h96-102,nt_ratio_entry_vs_pre30_ge,1.5,3077,529,0.17192070198245044,708,125,0.1765536723163842,0.23629489603024575,1.026948298142749,-10.487378348514419,-12.13027112063415,-11.998800119987905
window=h96-102,nt_ratio_entry_vs_pre30_ge,2.0,3077,529,0.17192070198245044,360,71,0.19722222222222222,0.1342155009451796,1.1471697122453266,-10.1543736142798,-12.880375807619156,-11.998800119987905
window=h96-102,nt_ratio_entry_vs_pre30_ge,3.0,3077,529,0.17192070198245044,204,47,0.23039215686274508,0.0888468809073724,1.340107120352867,-8.077431181403433,-11.973848759405676,-11.998800119987905
window=h96-102,entry_imb_long_bid_ge,-0.2,3077,529,0.17192070198245044,432,99,0.22916666666666666,0.18714555765595464,1.332978890989288,-6.0992631915717075,-11.185752288520412,-11.998800119987905
window=h96-102,entry_imb_long_bid_ge,0.0,3077,529,0.17192070198245044,418,97,0.23205741626794257,0.1833648393194707,1.3497933267607927,-5.981922864640661,-11.96555069505971,-11.998800119987905
window=h96-102,entry_imb_long_bid_ge,0.2,3077,529,0.17192070198245044,378,85,0.22486772486772486,0.16068052930056712,1.3079735149678438,-6.362214829012962,-12.06776437628282,-11.998800119987905
window=h96-102,entry_imb_long_bid_ge,0.5,3077,529,0.17192070198245044,311,65,0.2090032154340836,0.12287334593572778,1.215695451589178,-8.053273230182871,-12.587700647123349,-11.998800119987905
window=h96-102,entry_imb_short_ask_le,0.2,3077,529,0.17192070198245044,530,79,0.1490566037735849,0.14933837429111532,0.86700788244106,-13.59422157058682,-12.189929607060307,-11.998800119987905
window=h96-102,entry_imb_short_ask_le,0.0,3077,529,0.17192070198245044,480,79,0.16458333333333333,0.14933837429111532,0.9573212035286705,-12.821895523951378,-11.337838012707186,-11.998800119987905
window=h96-102,entry_imb_short_ask_le,-0.2,3077,529,0.17192070198245044,458,79,0.17248908296943233,0.14933837429111532,1.0033060648335412,-12.612230476680418,-11.11348191483779,-11.998800119987905
window=h96-102,entry_imb_short_ask_le,-0.5,3077,529,0.17192070198245044,326,66,0.20245398773006135,0.12476370510396975,1.1776009834506593,-12.23489910772133,-10.344502906061567,-11.998800119987905
window=h96-102,pre5_buyvol_long_ge,0.5,3077,529,0.17192070198245044,824,157,0.19053398058252427,0.29678638941398866,1.108266650760732,-8.900313387444845,-12.304621611122439,-11.998800119987905
window=h96-102,pre5_buyvol_long_ge,0.7,3077,529,0.17192070198245044,667,144,0.2158920539730135,0.2722117202268431,1.2557653120509689,-8.01813618772073,-11.998800119987905,-11.998800119987905
window=h96-102,pre5_buyvol_long_ge,0.9,3077,529,0.17192070198245044,408,101,0.24754901960784315,0.19092627599243855,1.4399023314429742,-5.508678683832284,-11.414048477447409,-11.998800119987905
window=h96-102,pre5_buyvol_short_le,0.5,3077,529,0.17192070198245044,747,90,0.12048192771084337,0.17013232514177692,0.7007994169494614,-16.552319066170046,-13.92470287024722,-11.998800119987905
window=h96-102,pre5_buyvol_short_le,0.3,3077,529,0.17192070198245044,554,63,0.11371841155234658,0.11909262759924386,0.661458511052118,-16.575564714064406,-13.124886162403875,-11.998800119987905
window=h96-102,pre5_buyvol_short_le,0.1,3077,529,0.17192070198245044,308,35,0.11363636363636363,0.0661625708884688,0.660981268259151,-17.786774752456253,-15.085645926723782,-11.998800119987905
window=h96-102,trade_present_score_ge,25,3077,529,0.17192070198245044,2921,501,0.171516603902773,0.947069943289225,0.9976495089013848,-11.262558664210452,-11.998800119987905,-11.998800119987905
window=h96-102,trade_present_score_ge,40,3077,529,0.17192070198245044,881,149,0.16912599318955732,0.28166351606805295,0.9837441985713948,-10.303589319388697,-12.08303226571287,-11.998800119987905
window=h96-102,trade_present_score_ge,55,3077,529,0.17192070198245044,648,98,0.15123456790123457,0.18525519848771266,0.879676305164648,-10.347509618839268,-12.08303226571287,-11.998800119987905
window=h96-102,trade_present_score_ge,70,3077,529,0.17192070198245044,234,22,0.09401709401709402,0.04158790170132325,0.5468631347648361,-11.14233881251377,-12.08303226571287,-11.998800119987905
window=h96-102,dipole_long_pos_ge,0.0,3077,529,0.17192070198245044,1040,234,0.225,0.44234404536862004,1.3087429111531192,-7.274823334611047,-11.746638223828825,-11.998800119987905
window=h96-102,dipole_long_pos_ge,0.1,3077,529,0.17192070198245044,656,142,0.21646341463414634,0.2684310018903592,1.2590887085619438,-8.236244245906445,-12.487990532172988,-11.998800119987905
window=h96-102,dipole_long_pos_ge,0.2,3077,529,0.17192070198245044,385,66,0.17142857142857143,0.12476370510396975,0.9971374561166622,-10.100614741336967,-14.061123657486476,-11.998800119987905
window=h96-102,dipole_short_neg_le,0.0,3077,529,0.17192070198245044,639,95,0.1486697965571205,0.17958412098298676,0.8647579659853682,-15.095314143765549,-13.361654971155211,-11.998800119987905
window=h96-102,dipole_short_neg_le,-0.1,3077,529,0.17192070198245044,290,37,0.12758620689655173,0.06994328922495274,0.7421224170523434,-16.073474756180225,-15.82635538468984,-11.998800119987905
window=h96-102,dipole_short_neg_le,-0.2,3077,529,0.17192070198245044,120,22,0.18333333333333332,0.04158790170132325,1.0663831127914303,-13.721650706994616,-13.187936637088756,-11.998800119987905
window=h96-102,hold_min_le_avoid_chop,15,3077,529,0.17192070198245044,2664,176,0.06606606606606606,0.332703213610586,0.38428220280772263,-15.477971735882312,-13.227657845736328,-11.998800119987905
window=h96-102,hold_min_le_avoid_chop,30,3077,529,0.17192070198245044,2847,317,0.11134527572883737,0.5992438563327032,0.6476548457800239,-14.040303785916882,-12.788320383854341,-11.998800119987905
window=h96-102,hold_min_le_avoid_chop,60,3077,529,0.17192070198245044,3056,508,0.1662303664921466,0.9603024574669187,0.9669013945110304,-11.481779927085077,-12.06776437628282,-11.998800119987905
window=h96-102,hold_min_ge_runners,60,3077,529,0.17192070198245044,75,74,0.9866666666666667,0.13988657844990549,5.739080025204789,35.15593765756418,30.63420323114445,-11.998800119987905
window=h96-102,hold_min_ge_runners,120,3077,529,0.17192070198245044,3,3,1.0,0.005671077504725898,5.816635160680529,85.56637184279676,75.11696245394837,-11.998800119987905
window=h96-102,fast_winner_pattern,True,3077,529,0.17192070198245044,3,0,0.0,0.0,0.0,-4.826262516907664,-4.826262516907664,-11.998800119987905
window=h96-102,clean_no_underwater_30m_cover,True,3077,529,0.17192070198245044,3,0,0.0,0.0,0.0,-4.826262516907664,-4.826262516907664,-11.998800119987905
window=h96-102,net_bps_per_min_floor,0.05,3077,529,0.17192070198245044,397,397,1.0,0.7504725897920604,5.816635160680529,24.61030391378421,22.412798570018612,-11.998800119987905
window=h96-102,net_bps_per_min_floor,0.1,3077,529,0.17192070198245044,372,372,1.0,0.7032136105860114,5.816635160680529,26.066668926829163,24.331246412590403,-11.998800119987905
window=h96-102,net_bps_per_min_floor,0.2,3077,529,0.17192070198245044,355,355,1.0,0.6710775047258979,5.816635160680529,27.066477459250134,25.075337262683114,-11.998800119987905
window=h96-102,net_bps_per_min_floor,0.5,3077,529,0.17192070198245044,225,225,1.0,0.42533081285444235,5.816635160680529,35.277532434688815,31.32138112040528,-11.998800119987905
